"test","workload","population","seed","database_version","duration","required_evidence","prior_qualifying_evidence","state","execution_stage","source_revision","reason"
"test/rc1-native-world-workload.js (full qualification adapter pending)","low_mystery_participation","25","rc1-alpha","PostgreSQL 18.4 planned; not executed","At least 90 simulated days, 2 applicable season rollovers, 2 executions of every longest applicable lifecycle; continue until concentration/backlog/reachability stabilize; execute every due worker callback","Frozen source/config; native command identities and worker order; complete authoritative resource journals with zero unexplained entries; authorization/invariant/dead-world checks; all required time-series/per-player/final metrics; verified artifact manifest and hashes","None: retained scoped or fixture-only runs are ineligible under frozen specification","FAIL","A","28849070c4f1841b41cf0c4972f19b4cf4e8ba0c","Not executed. Full authority closure, integrated native workload/metrics/lifecycle support and final freeze required before matrix execution. Scoped script success cannot admit this cell."
"test/rc1-native-world-workload.js (full qualification adapter pending)","low_mystery_participation","25","rc1-beta","PostgreSQL 18.4 planned; not executed","At least 90 simulated days, 2 applicable season rollovers, 2 executions of every longest applicable lifecycle; continue until concentration/backlog/reachability stabilize; execute every due worker callback","Frozen source/config; native command identities and worker order; complete authoritative resource journals with zero unexplained entries; authorization/invariant/dead-world checks; all required time-series/per-player/final metrics; verified artifact manifest and hashes","None: retained scoped or fixture-only runs are ineligible under frozen specification","FAIL","A","28849070c4f1841b41cf0c4972f19b4cf4e8ba0c","Not executed. Full authority closure, integrated native workload/metrics/lifecycle support and final freeze required before matrix execution. Scoped script success cannot admit this cell."
"test/rc1-native-world-workload.js (full qualification adapter pending)","low_mystery_participation","25","rc1-gamma","PostgreSQL 18.4 planned; not executed","At least 90 simulated days, 2 applicable season rollovers, 2 executions of every longest applicable lifecycle; continue until concentration/backlog/reachability stabilize; execute every due worker callback","Frozen source/config; native command identities and worker order; complete authoritative resource journals with zero unexplained entries; authorization/invariant/dead-world checks; all required time-series/per-player/final metrics; verified artifact manifest and hashes","None: retained scoped or fixture-only runs are ineligible under frozen specification","FAIL","A","28849070c4f1841b41cf0c4972f19b4cf4e8ba0c","Not executed. Full authority closure, integrated native workload/metrics/lifecycle support and final freeze required before matrix execution. Scoped script success cannot admit this cell."
"test/rc1-native-world-workload.js (full qualification adapter pending)","quiet_world","25","rc1-alpha","PostgreSQL 18.4 planned; not executed","At least 90 simulated days, 2 applicable season rollovers, 2 executions of every longest applicable lifecycle; continue until concentration/backlog/reachability stabilize; execute every due worker callback","Frozen source/config; native command identities and worker order; complete authoritative resource journals with zero unexplained entries; authorization/invariant/dead-world checks; all required time-series/per-player/final metrics; verified artifact manifest and hashes","None: retained scoped or fixture-only runs are ineligible under frozen specification","FAIL","A","28849070c4f1841b41cf0c4972f19b4cf4e8ba0c","Not executed. Full authority closure, integrated native workload/metrics/lifecycle support and final freeze required before matrix execution. Scoped script success cannot admit this cell."
"test/rc1-native-world-workload.js (full qualification adapter pending)","quiet_world","25","rc1-beta","PostgreSQL 18.4 planned; not executed","At least 90 simulated days, 2 applicable season rollovers, 2 executions of every longest applicable lifecycle; continue until concentration/backlog/reachability stabilize; execute every due worker callback","Frozen source/config; native command identities and worker order; complete authoritative resource journals with zero unexplained entries; authorization/invariant/dead-world checks; all required time-series/per-player/final metrics; verified artifact manifest and hashes","None: retained scoped or fixture-only runs are ineligible under frozen specification","FAIL","A","28849070c4f1841b41cf0c4972f19b4cf4e8ba0c","Not executed. Full authority closure, integrated native workload/metrics/lifecycle support and final freeze required before matrix execution. Scoped script success cannot admit this cell."
"test/rc1-native-world-workload.js (full qualification adapter pending)","quiet_world","25","rc1-gamma","PostgreSQL 18.4 planned; not executed","At least 90 simulated days, 2 applicable season rollovers, 2 executions of every longest applicable lifecycle; continue until concentration/backlog/reachability stabilize; execute every due worker callback","Frozen source/config; native command identities and worker order; complete authoritative resource journals with zero unexplained entries; authorization/invariant/dead-world checks; all required time-series/per-player/final metrics; verified artifact manifest and hashes","None: retained scoped or fixture-only runs are ineligible under frozen specification","FAIL","A","28849070c4f1841b41cf0c4972f19b4cf4e8ba0c","Not executed. Full authority closure, integrated native workload/metrics/lifecycle support and final freeze required before matrix execution. Scoped script success cannot admit this cell."
"test/rc1-native-world-workload.js (full qualification adapter pending)","coordinated_alliance","25","rc1-alpha","PostgreSQL 18.4 planned; not executed","At least 90 simulated days, 2 applicable season rollovers, 2 executions of every longest applicable lifecycle; continue until concentration/backlog/reachability stabilize; execute every due worker callback","Frozen source/config; native command identities and worker order; complete authoritative resource journals with zero unexplained entries; authorization/invariant/dead-world checks; all required time-series/per-player/final metrics; verified artifact manifest and hashes","None: retained scoped or fixture-only runs are ineligible under frozen specification","FAIL","B","28849070c4f1841b41cf0c4972f19b4cf4e8ba0c","Not executed. Full authority closure, integrated native workload/metrics/lifecycle support and final freeze required before matrix execution. Scoped script success cannot admit this cell."
"test/rc1-native-world-workload.js (full qualification adapter pending)","coordinated_alliance","25","rc1-beta","PostgreSQL 18.4 planned; not executed","At least 90 simulated days, 2 applicable season rollovers, 2 executions of every longest applicable lifecycle; continue until concentration/backlog/reachability stabilize; execute every due worker callback","Frozen source/config; native command identities and worker order; complete authoritative resource journals with zero unexplained entries; authorization/invariant/dead-world checks; all required time-series/per-player/final metrics; verified artifact manifest and hashes","None: retained scoped or fixture-only runs are ineligible under frozen specification","FAIL","B","28849070c4f1841b41cf0c4972f19b4cf4e8ba0c","Not executed. Full authority closure, integrated native workload/metrics/lifecycle support and final freeze required before matrix execution. Scoped script success cannot admit this cell."
"test/rc1-native-world-workload.js (full qualification adapter pending)","coordinated_alliance","25","rc1-gamma","PostgreSQL 18.4 planned; not executed","At least 90 simulated days, 2 applicable season rollovers, 2 executions of every longest applicable lifecycle; continue until concentration/backlog/reachability stabilize; execute every due worker callback","Frozen source/config; native command identities and worker order; complete authoritative resource journals with zero unexplained entries; authorization/invariant/dead-world checks; all required time-series/per-player/final metrics; verified artifact manifest and hashes","None: retained scoped or fixture-only runs are ineligible under frozen specification","FAIL","B","28849070c4f1841b41cf0c4972f19b4cf4e8ba0c","Not executed. Full authority closure, integrated native workload/metrics/lifecycle support and final freeze required before matrix execution. Scoped script success cannot admit this cell."
"test/rc1-native-world-workload.js (full qualification adapter pending)","family_monopoly","25","rc1-alpha","PostgreSQL 18.4 planned; not executed","At least 90 simulated days, 2 applicable season rollovers, 2 executions of every longest applicable lifecycle; continue until concentration/backlog/reachability stabilize; execute every due worker callback","Frozen source/config; native command identities and worker order; complete authoritative resource journals with zero unexplained entries; authorization/invariant/dead-world checks; all required time-series/per-player/final metrics; verified artifact manifest and hashes","None: retained scoped or fixture-only runs are ineligible under frozen specification","FAIL","B","28849070c4f1841b41cf0c4972f19b4cf4e8ba0c","Not executed. Full authority closure, integrated native workload/metrics/lifecycle support and final freeze required before matrix execution. Scoped script success cannot admit this cell."
"test/rc1-native-world-workload.js (full qualification adapter pending)","family_monopoly","25","rc1-beta","PostgreSQL 18.4 planned; not executed","At least 90 simulated days, 2 applicable season rollovers, 2 executions of every longest applicable lifecycle; continue until concentration/backlog/reachability stabilize; execute every due worker callback","Frozen source/config; native command identities and worker order; complete authoritative resource journals with zero unexplained entries; authorization/invariant/dead-world checks; all required time-series/per-player/final metrics; verified artifact manifest and hashes","None: retained scoped or fixture-only runs are ineligible under frozen specification","FAIL","B","28849070c4f1841b41cf0c4972f19b4cf4e8ba0c","Not executed. Full authority closure, integrated native workload/metrics/lifecycle support and final freeze required before matrix execution. Scoped script success cannot admit this cell."
"test/rc1-native-world-workload.js (full qualification adapter pending)","family_monopoly","25","rc1-gamma","PostgreSQL 18.4 planned; not executed","At least 90 simulated days, 2 applicable season rollovers, 2 executions of every longest applicable lifecycle; continue until concentration/backlog/reachability stabilize; execute every due worker callback","Frozen source/config; native command identities and worker order; complete authoritative resource journals with zero unexplained entries; authorization/invariant/dead-world checks; all required time-series/per-player/final metrics; verified artifact manifest and hashes","None: retained scoped or fixture-only runs are ineligible under frozen specification","FAIL","B","28849070c4f1841b41cf0c4972f19b4cf4e8ba0c","Not executed. Full authority closure, integrated native workload/metrics/lifecycle support and final freeze required before matrix execution. Scoped script success cannot admit this cell."
"test/rc1-native-world-workload.js (full qualification adapter pending)","fragmented_families","25","rc1-alpha","PostgreSQL 18.4 planned; not executed","At least 90 simulated days, 2 applicable season rollovers, 2 executions of every longest applicable lifecycle; continue until concentration/backlog/reachability stabilize; execute every due worker callback","Frozen source/config; native command identities and worker order; complete authoritative resource journals with zero unexplained entries; authorization/invariant/dead-world checks; all required time-series/per-player/final metrics; verified artifact manifest and hashes","None: retained scoped or fixture-only runs are ineligible under frozen specification","FAIL","B","28849070c4f1841b41cf0c4972f19b4cf4e8ba0c","Not executed. Full authority closure, integrated native workload/metrics/lifecycle support and final freeze required before matrix execution. Scoped script success cannot admit this cell."
"test/rc1-native-world-workload.js (full qualification adapter pending)","fragmented_families","25","rc1-beta","PostgreSQL 18.4 planned; not executed","At least 90 simulated days, 2 applicable season rollovers, 2 executions of every longest applicable lifecycle; continue until concentration/backlog/reachability stabilize; execute every due worker callback","Frozen source/config; native command identities and worker order; complete authoritative resource journals with zero unexplained entries; authorization/invariant/dead-world checks; all required time-series/per-player/final metrics; verified artifact manifest and hashes","None: retained scoped or fixture-only runs are ineligible under frozen specification","FAIL","B","28849070c4f1841b41cf0c4972f19b4cf4e8ba0c","Not executed. Full authority closure, integrated native workload/metrics/lifecycle support and final freeze required before matrix execution. Scoped script success cannot admit this cell."
"test/rc1-native-world-workload.js (full qualification adapter pending)","fragmented_families","25","rc1-gamma","PostgreSQL 18.4 planned; not executed","At least 90 simulated days, 2 applicable season rollovers, 2 executions of every longest applicable lifecycle; continue until concentration/backlog/reachability stabilize; execute every due worker callback","Frozen source/config; native command identities and worker order; complete authoritative resource journals with zero unexplained entries; authorization/invariant/dead-world checks; all required time-series/per-player/final metrics; verified artifact manifest and hashes","None: retained scoped or fixture-only runs are ineligible under frozen specification","FAIL","B","28849070c4f1841b41cf0c4972f19b4cf4e8ba0c","Not executed. Full authority closure, integrated native workload/metrics/lifecycle support and final freeze required before matrix execution. Scoped script success cannot admit this cell."
"test/rc1-native-world-workload.js (full qualification adapter pending)","high_aggression","25","rc1-alpha","PostgreSQL 18.4 planned; not executed","At least 90 simulated days, 2 applicable season rollovers, 2 executions of every longest applicable lifecycle; continue until concentration/backlog/reachability stabilize; execute every due worker callback","Frozen source/config; native command identities and worker order; complete authoritative resource journals with zero unexplained entries; authorization/invariant/dead-world checks; all required time-series/per-player/final metrics; verified artifact manifest and hashes","None: retained scoped or fixture-only runs are ineligible under frozen specification","FAIL","B","28849070c4f1841b41cf0c4972f19b4cf4e8ba0c","Not executed. Full authority closure, integrated native workload/metrics/lifecycle support and final freeze required before matrix execution. Scoped script success cannot admit this cell."
"test/rc1-native-world-workload.js (full qualification adapter pending)","high_aggression","25","rc1-beta","PostgreSQL 18.4 planned; not executed","At least 90 simulated days, 2 applicable season rollovers, 2 executions of every longest applicable lifecycle; continue until concentration/backlog/reachability stabilize; execute every due worker callback","Frozen source/config; native command identities and worker order; complete authoritative resource journals with zero unexplained entries; authorization/invariant/dead-world checks; all required time-series/per-player/final metrics; verified artifact manifest and hashes","None: retained scoped or fixture-only runs are ineligible under frozen specification","FAIL","B","28849070c4f1841b41cf0c4972f19b4cf4e8ba0c","Not executed. Full authority closure, integrated native workload/metrics/lifecycle support and final freeze required before matrix execution. Scoped script success cannot admit this cell."
"test/rc1-native-world-workload.js (full qualification adapter pending)","high_aggression","25","rc1-gamma","PostgreSQL 18.4 planned; not executed","At least 90 simulated days, 2 applicable season rollovers, 2 executions of every longest applicable lifecycle; continue until concentration/backlog/reachability stabilize; execute every due worker callback","Frozen source/config; native command identities and worker order; complete authoritative resource journals with zero unexplained entries; authorization/invariant/dead-world checks; all required time-series/per-player/final metrics; verified artifact manifest and hashes","None: retained scoped or fixture-only runs are ineligible under frozen specification","FAIL","B","28849070c4f1841b41cf0c4972f19b4cf4e8ba0c","Not executed. Full authority closure, integrated native workload/metrics/lifecycle support and final freeze required before matrix execution. Scoped script success cannot admit this cell."
"test/rc1-native-world-workload.js (full qualification adapter pending)","high_mystery_participation","25","rc1-alpha","PostgreSQL 18.4 planned; not executed","At least 90 simulated days, 2 applicable season rollovers, 2 executions of every longest applicable lifecycle; continue until concentration/backlog/reachability stabilize; execute every due worker callback","Frozen source/config; native command identities and worker order; complete authoritative resource journals with zero unexplained entries; authorization/invariant/dead-world checks; all required time-series/per-player/final metrics; verified artifact manifest and hashes","None: retained scoped or fixture-only runs are ineligible under frozen specification","FAIL","B","28849070c4f1841b41cf0c4972f19b4cf4e8ba0c","Not executed. Full authority closure, integrated native workload/metrics/lifecycle support and final freeze required before matrix execution. Scoped script success cannot admit this cell."
"test/rc1-native-world-workload.js (full qualification adapter pending)","high_mystery_participation","25","rc1-beta","PostgreSQL 18.4 planned; not executed","At least 90 simulated days, 2 applicable season rollovers, 2 executions of every longest applicable lifecycle; continue until concentration/backlog/reachability stabilize; execute every due worker callback","Frozen source/config; native command identities and worker order; complete authoritative resource journals with zero unexplained entries; authorization/invariant/dead-world checks; all required time-series/per-player/final metrics; verified artifact manifest and hashes","None: retained scoped or fixture-only runs are ineligible under frozen specification","FAIL","B","28849070c4f1841b41cf0c4972f19b4cf4e8ba0c","Not executed. Full authority closure, integrated native workload/metrics/lifecycle support and final freeze required before matrix execution. Scoped script success cannot admit this cell."
"test/rc1-native-world-workload.js (full qualification adapter pending)","high_mystery_participation","25","rc1-gamma","PostgreSQL 18.4 planned; not executed","At least 90 simulated days, 2 applicable season rollovers, 2 executions of every longest applicable lifecycle; continue until concentration/backlog/reachability stabilize; execute every due worker callback","Frozen source/config; native command identities and worker order; complete authoritative resource journals with zero unexplained entries; authorization/invariant/dead-world checks; all required time-series/per-player/final metrics; verified artifact manifest and hashes","None: retained scoped or fixture-only runs are ineligible under frozen specification","FAIL","B","28849070c4f1841b41cf0c4972f19b4cf4e8ba0c","Not executed. Full authority closure, integrated native workload/metrics/lifecycle support and final freeze required before matrix execution. Scoped script success cannot admit this cell."
"test/rc1-native-world-workload.js (full qualification adapter pending)","law_pressure","25","rc1-alpha","PostgreSQL 18.4 planned; not executed","At least 90 simulated days, 2 applicable season rollovers, 2 executions of every longest applicable lifecycle; continue until concentration/backlog/reachability stabilize; execute every due worker callback","Frozen source/config; native command identities and worker order; complete authoritative resource journals with zero unexplained entries; authorization/invariant/dead-world checks; all required time-series/per-player/final metrics; verified artifact manifest and hashes","None: retained scoped or fixture-only runs are ineligible under frozen specification","FAIL","B","28849070c4f1841b41cf0c4972f19b4cf4e8ba0c","Not executed. Full authority closure, integrated native workload/metrics/lifecycle support and final freeze required before matrix execution. Scoped script success cannot admit this cell."
"test/rc1-native-world-workload.js (full qualification adapter pending)","law_pressure","25","rc1-beta","PostgreSQL 18.4 planned; not executed","At least 90 simulated days, 2 applicable season rollovers, 2 executions of every longest applicable lifecycle; continue until concentration/backlog/reachability stabilize; execute every due worker callback","Frozen source/config; native command identities and worker order; complete authoritative resource journals with zero unexplained entries; authorization/invariant/dead-world checks; all required time-series/per-player/final metrics; verified artifact manifest and hashes","None: retained scoped or fixture-only runs are ineligible under frozen specification","FAIL","B","28849070c4f1841b41cf0c4972f19b4cf4e8ba0c","Not executed. Full authority closure, integrated native workload/metrics/lifecycle support and final freeze required before matrix execution. Scoped script success cannot admit this cell."
"test/rc1-native-world-workload.js (full qualification adapter pending)","law_pressure","25","rc1-gamma","PostgreSQL 18.4 planned; not executed","At least 90 simulated days, 2 applicable season rollovers, 2 executions of every longest applicable lifecycle; continue until concentration/backlog/reachability stabilize; execute every due worker callback","Frozen source/config; native command identities and worker order; complete authoritative resource journals with zero unexplained entries; authorization/invariant/dead-world checks; all required time-series/per-player/final metrics; verified artifact manifest and hashes","None: retained scoped or fixture-only runs are ineligible under frozen specification","FAIL","B","28849070c4f1841b41cf0c4972f19b4cf4e8ba0c","Not executed. Full authority closure, integrated native workload/metrics/lifecycle support and final freeze required before matrix execution. Scoped script success cannot admit this cell."
"test/rc1-native-world-workload.js (full qualification adapter pending)","market_stress","25","rc1-alpha","PostgreSQL 18.4 planned; not executed","At least 90 simulated days, 2 applicable season rollovers, 2 executions of every longest applicable lifecycle; continue until concentration/backlog/reachability stabilize; execute every due worker callback","Frozen source/config; native command identities and worker order; complete authoritative resource journals with zero unexplained entries; authorization/invariant/dead-world checks; all required time-series/per-player/final metrics; verified artifact manifest and hashes","None: retained scoped or fixture-only runs are ineligible under frozen specification","FAIL","B","28849070c4f1841b41cf0c4972f19b4cf4e8ba0c","Not executed. Full authority closure, integrated native workload/metrics/lifecycle support and final freeze required before matrix execution. Scoped script success cannot admit this cell."
"test/rc1-native-world-workload.js (full qualification adapter pending)","market_stress","25","rc1-beta","PostgreSQL 18.4 planned; not executed","At least 90 simulated days, 2 applicable season rollovers, 2 executions of every longest applicable lifecycle; continue until concentration/backlog/reachability stabilize; execute every due worker callback","Frozen source/config; native command identities and worker order; complete authoritative resource journals with zero unexplained entries; authorization/invariant/dead-world checks; all required time-series/per-player/final metrics; verified artifact manifest and hashes","None: retained scoped or fixture-only runs are ineligible under frozen specification","FAIL","B","28849070c4f1841b41cf0c4972f19b4cf4e8ba0c","Not executed. Full authority closure, integrated native workload/metrics/lifecycle support and final freeze required before matrix execution. Scoped script success cannot admit this cell."
"test/rc1-native-world-workload.js (full qualification adapter pending)","market_stress","25","rc1-gamma","PostgreSQL 18.4 planned; not executed","At least 90 simulated days, 2 applicable season rollovers, 2 executions of every longest applicable lifecycle; continue until concentration/backlog/reachability stabilize; execute every due worker callback","Frozen source/config; native command identities and worker order; complete authoritative resource journals with zero unexplained entries; authorization/invariant/dead-world checks; all required time-series/per-player/final metrics; verified artifact manifest and hashes","None: retained scoped or fixture-only runs are ineligible under frozen specification","FAIL","B","28849070c4f1841b41cf0c4972f19b4cf4e8ba0c","Not executed. Full authority closure, integrated native workload/metrics/lifecycle support and final freeze required before matrix execution. Scoped script success cannot admit this cell."
"test/rc1-native-world-workload.js (full qualification adapter pending)","mostly_new_players","25","rc1-alpha","PostgreSQL 18.4 planned; not executed","At least 90 simulated days, 2 applicable season rollovers, 2 executions of every longest applicable lifecycle; continue until concentration/backlog/reachability stabilize; execute every due worker callback","Frozen source/config; native command identities and worker order; complete authoritative resource journals with zero unexplained entries; authorization/invariant/dead-world checks; all required time-series/per-player/final metrics; verified artifact manifest and hashes","None: retained scoped or fixture-only runs are ineligible under frozen specification","FAIL","B","28849070c4f1841b41cf0c4972f19b4cf4e8ba0c","Not executed. Full authority closure, integrated native workload/metrics/lifecycle support and final freeze required before matrix execution. Scoped script success cannot admit this cell."
"test/rc1-native-world-workload.js (full qualification adapter pending)","mostly_new_players","25","rc1-beta","PostgreSQL 18.4 planned; not executed","At least 90 simulated days, 2 applicable season rollovers, 2 executions of every longest applicable lifecycle; continue until concentration/backlog/reachability stabilize; execute every due worker callback","Frozen source/config; native command identities and worker order; complete authoritative resource journals with zero unexplained entries; authorization/invariant/dead-world checks; all required time-series/per-player/final metrics; verified artifact manifest and hashes","None: retained scoped or fixture-only runs are ineligible under frozen specification","FAIL","B","28849070c4f1841b41cf0c4972f19b4cf4e8ba0c","Not executed. Full authority closure, integrated native workload/metrics/lifecycle support and final freeze required before matrix execution. Scoped script success cannot admit this cell."
"test/rc1-native-world-workload.js (full qualification adapter pending)","mostly_new_players","25","rc1-gamma","PostgreSQL 18.4 planned; not executed","At least 90 simulated days, 2 applicable season rollovers, 2 executions of every longest applicable lifecycle; continue until concentration/backlog/reachability stabilize; execute every due worker callback","Frozen source/config; native command identities and worker order; complete authoritative resource journals with zero unexplained entries; authorization/invariant/dead-world checks; all required time-series/per-player/final metrics; verified artifact manifest and hashes","None: retained scoped or fixture-only runs are ineligible under frozen specification","FAIL","B","28849070c4f1841b41cf0c4972f19b4cf4e8ba0c","Not executed. Full authority closure, integrated native workload/metrics/lifecycle support and final freeze required before matrix execution. Scoped script success cannot admit this cell."
"test/rc1-native-world-workload.js (full qualification adapter pending)","mostly_veteran_players","25","rc1-alpha","PostgreSQL 18.4 planned; not executed","At least 90 simulated days, 2 applicable season rollovers, 2 executions of every longest applicable lifecycle; continue until concentration/backlog/reachability stabilize; execute every due worker callback","Frozen source/config; native command identities and worker order; complete authoritative resource journals with zero unexplained entries; authorization/invariant/dead-world checks; all required time-series/per-player/final metrics; verified artifact manifest and hashes","None: retained scoped or fixture-only runs are ineligible under frozen specification","FAIL","B","28849070c4f1841b41cf0c4972f19b4cf4e8ba0c","Not executed. Full authority closure, integrated native workload/metrics/lifecycle support and final freeze required before matrix execution. Scoped script success cannot admit this cell."
"test/rc1-native-world-workload.js (full qualification adapter pending)","mostly_veteran_players","25","rc1-beta","PostgreSQL 18.4 planned; not executed","At least 90 simulated days, 2 applicable season rollovers, 2 executions of every longest applicable lifecycle; continue until concentration/backlog/reachability stabilize; execute every due worker callback","Frozen source/config; native command identities and worker order; complete authoritative resource journals with zero unexplained entries; authorization/invariant/dead-world checks; all required time-series/per-player/final metrics; verified artifact manifest and hashes","None: retained scoped or fixture-only runs are ineligible under frozen specification","FAIL","B","28849070c4f1841b41cf0c4972f19b4cf4e8ba0c","Not executed. Full authority closure, integrated native workload/metrics/lifecycle support and final freeze required before matrix execution. Scoped script success cannot admit this cell."
"test/rc1-native-world-workload.js (full qualification adapter pending)","mostly_veteran_players","25","rc1-gamma","PostgreSQL 18.4 planned; not executed","At least 90 simulated days, 2 applicable season rollovers, 2 executions of every longest applicable lifecycle; continue until concentration/backlog/reachability stabilize; execute every due worker callback","Frozen source/config; native command identities and worker order; complete authoritative resource journals with zero unexplained entries; authorization/invariant/dead-world checks; all required time-series/per-player/final metrics; verified artifact manifest and hashes","None: retained scoped or fixture-only runs are ineligible under frozen specification","FAIL","B","28849070c4f1841b41cf0c4972f19b4cf4e8ba0c","Not executed. Full authority closure, integrated native workload/metrics/lifecycle support and final freeze required before matrix execution. Scoped script success cannot admit this cell."
"test/rc1-native-world-workload.js (full qualification adapter pending)","multi_family_war","25","rc1-alpha","PostgreSQL 18.4 planned; not executed","At least 90 simulated days, 2 applicable season rollovers, 2 executions of every longest applicable lifecycle; continue until concentration/backlog/reachability stabilize; execute every due worker callback","Frozen source/config; native command identities and worker order; complete authoritative resource journals with zero unexplained entries; authorization/invariant/dead-world checks; all required time-series/per-player/final metrics; verified artifact manifest and hashes","None: retained scoped or fixture-only runs are ineligible under frozen specification","FAIL","B","28849070c4f1841b41cf0c4972f19b4cf4e8ba0c","Not executed. Full authority closure, integrated native workload/metrics/lifecycle support and final freeze required before matrix execution. Scoped script success cannot admit this cell."
"test/rc1-native-world-workload.js (full qualification adapter pending)","multi_family_war","25","rc1-beta","PostgreSQL 18.4 planned; not executed","At least 90 simulated days, 2 applicable season rollovers, 2 executions of every longest applicable lifecycle; continue until concentration/backlog/reachability stabilize; execute every due worker callback","Frozen source/config; native command identities and worker order; complete authoritative resource journals with zero unexplained entries; authorization/invariant/dead-world checks; all required time-series/per-player/final metrics; verified artifact manifest and hashes","None: retained scoped or fixture-only runs are ineligible under frozen specification","FAIL","B","28849070c4f1841b41cf0c4972f19b4cf4e8ba0c","Not executed. Full authority closure, integrated native workload/metrics/lifecycle support and final freeze required before matrix execution. Scoped script success cannot admit this cell."
"test/rc1-native-world-workload.js (full qualification adapter pending)","multi_family_war","25","rc1-gamma","PostgreSQL 18.4 planned; not executed","At least 90 simulated days, 2 applicable season rollovers, 2 executions of every longest applicable lifecycle; continue until concentration/backlog/reachability stabilize; execute every due worker callback","Frozen source/config; native command identities and worker order; complete authoritative resource journals with zero unexplained entries; authorization/invariant/dead-world checks; all required time-series/per-player/final metrics; verified artifact manifest and hashes","None: retained scoped or fixture-only runs are ineligible under frozen specification","FAIL","B","28849070c4f1841b41cf0c4972f19b4cf4e8ba0c","Not executed. Full authority closure, integrated native workload/metrics/lifecycle support and final freeze required before matrix execution. Scoped script success cannot admit this cell."
"test/rc1-native-world-workload.js (full qualification adapter pending)","resource_abundance","25","rc1-alpha","PostgreSQL 18.4 planned; not executed","At least 90 simulated days, 2 applicable season rollovers, 2 executions of every longest applicable lifecycle; continue until concentration/backlog/reachability stabilize; execute every due worker callback","Frozen source/config; native command identities and worker order; complete authoritative resource journals with zero unexplained entries; authorization/invariant/dead-world checks; all required time-series/per-player/final metrics; verified artifact manifest and hashes","None: retained scoped or fixture-only runs are ineligible under frozen specification","FAIL","B","28849070c4f1841b41cf0c4972f19b4cf4e8ba0c","Not executed. Full authority closure, integrated native workload/metrics/lifecycle support and final freeze required before matrix execution. Scoped script success cannot admit this cell."
"test/rc1-native-world-workload.js (full qualification adapter pending)","resource_abundance","25","rc1-beta","PostgreSQL 18.4 planned; not executed","At least 90 simulated days, 2 applicable season rollovers, 2 executions of every longest applicable lifecycle; continue until concentration/backlog/reachability stabilize; execute every due worker callback","Frozen source/config; native command identities and worker order; complete authoritative resource journals with zero unexplained entries; authorization/invariant/dead-world checks; all required time-series/per-player/final metrics; verified artifact manifest and hashes","None: retained scoped or fixture-only runs are ineligible under frozen specification","FAIL","B","28849070c4f1841b41cf0c4972f19b4cf4e8ba0c","Not executed. Full authority closure, integrated native workload/metrics/lifecycle support and final freeze required before matrix execution. Scoped script success cannot admit this cell."
"test/rc1-native-world-workload.js (full qualification adapter pending)","resource_abundance","25","rc1-gamma","PostgreSQL 18.4 planned; not executed","At least 90 simulated days, 2 applicable season rollovers, 2 executions of every longest applicable lifecycle; continue until concentration/backlog/reachability stabilize; execute every due worker callback","Frozen source/config; native command identities and worker order; complete authoritative resource journals with zero unexplained entries; authorization/invariant/dead-world checks; all required time-series/per-player/final metrics; verified artifact manifest and hashes","None: retained scoped or fixture-only runs are ineligible under frozen specification","FAIL","B","28849070c4f1841b41cf0c4972f19b4cf4e8ba0c","Not executed. Full authority closure, integrated native workload/metrics/lifecycle support and final freeze required before matrix execution. Scoped script success cannot admit this cell."
"test/rc1-native-world-workload.js (full qualification adapter pending)","resource_scarcity","25","rc1-alpha","PostgreSQL 18.4 planned; not executed","At least 90 simulated days, 2 applicable season rollovers, 2 executions of every longest applicable lifecycle; continue until concentration/backlog/reachability stabilize; execute every due worker callback","Frozen source/config; native command identities and worker order; complete authoritative resource journals with zero unexplained entries; authorization/invariant/dead-world checks; all required time-series/per-player/final metrics; verified artifact manifest and hashes","None: retained scoped or fixture-only runs are ineligible under frozen specification","FAIL","B","28849070c4f1841b41cf0c4972f19b4cf4e8ba0c","Not executed. Full authority closure, integrated native workload/metrics/lifecycle support and final freeze required before matrix execution. Scoped script success cannot admit this cell."
"test/rc1-native-world-workload.js (full qualification adapter pending)","resource_scarcity","25","rc1-beta","PostgreSQL 18.4 planned; not executed","At least 90 simulated days, 2 applicable season rollovers, 2 executions of every longest applicable lifecycle; continue until concentration/backlog/reachability stabilize; execute every due worker callback","Frozen source/config; native command identities and worker order; complete authoritative resource journals with zero unexplained entries; authorization/invariant/dead-world checks; all required time-series/per-player/final metrics; verified artifact manifest and hashes","None: retained scoped or fixture-only runs are ineligible under frozen specification","FAIL","B","28849070c4f1841b41cf0c4972f19b4cf4e8ba0c","Not executed. Full authority closure, integrated native workload/metrics/lifecycle support and final freeze required before matrix execution. Scoped script success cannot admit this cell."
"test/rc1-native-world-workload.js (full qualification adapter pending)","resource_scarcity","25","rc1-gamma","PostgreSQL 18.4 planned; not executed","At least 90 simulated days, 2 applicable season rollovers, 2 executions of every longest applicable lifecycle; continue until concentration/backlog/reachability stabilize; execute every due worker callback","Frozen source/config; native command identities and worker order; complete authoritative resource journals with zero unexplained entries; authorization/invariant/dead-world checks; all required time-series/per-player/final metrics; verified artifact manifest and hashes","None: retained scoped or fixture-only runs are ineligible under frozen specification","FAIL","B","28849070c4f1841b41cf0c4972f19b4cf4e8ba0c","Not executed. Full authority closure, integrated native workload/metrics/lifecycle support and final freeze required before matrix execution. Scoped script success cannot admit this cell."
"test/rc1-native-world-workload.js (full qualification adapter pending)","coordinated_alliance","100","rc1-alpha","PostgreSQL 18.4 planned; not executed","At least 90 simulated days, 2 applicable season rollovers, 2 executions of every longest applicable lifecycle; continue until concentration/backlog/reachability stabilize; execute every due worker callback","Frozen source/config; native command identities and worker order; complete authoritative resource journals with zero unexplained entries; authorization/invariant/dead-world checks; all required time-series/per-player/final metrics; verified artifact manifest and hashes","None: retained scoped or fixture-only runs are ineligible under frozen specification","FAIL","B","28849070c4f1841b41cf0c4972f19b4cf4e8ba0c","Not executed. Full authority closure, integrated native workload/metrics/lifecycle support and final freeze required before matrix execution. Scoped script success cannot admit this cell."
"test/rc1-native-world-workload.js (full qualification adapter pending)","coordinated_alliance","100","rc1-beta","PostgreSQL 18.4 planned; not executed","At least 90 simulated days, 2 applicable season rollovers, 2 executions of every longest applicable lifecycle; continue until concentration/backlog/reachability stabilize; execute every due worker callback","Frozen source/config; native command identities and worker order; complete authoritative resource journals with zero unexplained entries; authorization/invariant/dead-world checks; all required time-series/per-player/final metrics; verified artifact manifest and hashes","None: retained scoped or fixture-only runs are ineligible under frozen specification","FAIL","B","28849070c4f1841b41cf0c4972f19b4cf4e8ba0c","Not executed. Full authority closure, integrated native workload/metrics/lifecycle support and final freeze required before matrix execution. Scoped script success cannot admit this cell."
"test/rc1-native-world-workload.js (full qualification adapter pending)","coordinated_alliance","100","rc1-gamma","PostgreSQL 18.4 planned; not executed","At least 90 simulated days, 2 applicable season rollovers, 2 executions of every longest applicable lifecycle; continue until concentration/backlog/reachability stabilize; execute every due worker callback","Frozen source/config; native command identities and worker order; complete authoritative resource journals with zero unexplained entries; authorization/invariant/dead-world checks; all required time-series/per-player/final metrics; verified artifact manifest and hashes","None: retained scoped or fixture-only runs are ineligible under frozen specification","FAIL","B","28849070c4f1841b41cf0c4972f19b4cf4e8ba0c","Not executed. Full authority closure, integrated native workload/metrics/lifecycle support and final freeze required before matrix execution. Scoped script success cannot admit this cell."
"test/rc1-native-world-workload.js (full qualification adapter pending)","family_monopoly","100","rc1-alpha","PostgreSQL 18.4 planned; not executed","At least 90 simulated days, 2 applicable season rollovers, 2 executions of every longest applicable lifecycle; continue until concentration/backlog/reachability stabilize; execute every due worker callback","Frozen source/config; native command identities and worker order; complete authoritative resource journals with zero unexplained entries; authorization/invariant/dead-world checks; all required time-series/per-player/final metrics; verified artifact manifest and hashes","None: retained scoped or fixture-only runs are ineligible under frozen specification","FAIL","B","28849070c4f1841b41cf0c4972f19b4cf4e8ba0c","Not executed. Full authority closure, integrated native workload/metrics/lifecycle support and final freeze required before matrix execution. Scoped script success cannot admit this cell."
"test/rc1-native-world-workload.js (full qualification adapter pending)","family_monopoly","100","rc1-beta","PostgreSQL 18.4 planned; not executed","At least 90 simulated days, 2 applicable season rollovers, 2 executions of every longest applicable lifecycle; continue until concentration/backlog/reachability stabilize; execute every due worker callback","Frozen source/config; native command identities and worker order; complete authoritative resource journals with zero unexplained entries; authorization/invariant/dead-world checks; all required time-series/per-player/final metrics; verified artifact manifest and hashes","None: retained scoped or fixture-only runs are ineligible under frozen specification","FAIL","B","28849070c4f1841b41cf0c4972f19b4cf4e8ba0c","Not executed. Full authority closure, integrated native workload/metrics/lifecycle support and final freeze required before matrix execution. Scoped script success cannot admit this cell."
"test/rc1-native-world-workload.js (full qualification adapter pending)","family_monopoly","100","rc1-gamma","PostgreSQL 18.4 planned; not executed","At least 90 simulated days, 2 applicable season rollovers, 2 executions of every longest applicable lifecycle; continue until concentration/backlog/reachability stabilize; execute every due worker callback","Frozen source/config; native command identities and worker order; complete authoritative resource journals with zero unexplained entries; authorization/invariant/dead-world checks; all required time-series/per-player/final metrics; verified artifact manifest and hashes","None: retained scoped or fixture-only runs are ineligible under frozen specification","FAIL","B","28849070c4f1841b41cf0c4972f19b4cf4e8ba0c","Not executed. Full authority closure, integrated native workload/metrics/lifecycle support and final freeze required before matrix execution. Scoped script success cannot admit this cell."
"test/rc1-native-world-workload.js (full qualification adapter pending)","fragmented_families","100","rc1-alpha","PostgreSQL 18.4 planned; not executed","At least 90 simulated days, 2 applicable season rollovers, 2 executions of every longest applicable lifecycle; continue until concentration/backlog/reachability stabilize; execute every due worker callback","Frozen source/config; native command identities and worker order; complete authoritative resource journals with zero unexplained entries; authorization/invariant/dead-world checks; all required time-series/per-player/final metrics; verified artifact manifest and hashes","None: retained scoped or fixture-only runs are ineligible under frozen specification","FAIL","B","28849070c4f1841b41cf0c4972f19b4cf4e8ba0c","Not executed. Full authority closure, integrated native workload/metrics/lifecycle support and final freeze required before matrix execution. Scoped script success cannot admit this cell."
"test/rc1-native-world-workload.js (full qualification adapter pending)","fragmented_families","100","rc1-beta","PostgreSQL 18.4 planned; not executed","At least 90 simulated days, 2 applicable season rollovers, 2 executions of every longest applicable lifecycle; continue until concentration/backlog/reachability stabilize; execute every due worker callback","Frozen source/config; native command identities and worker order; complete authoritative resource journals with zero unexplained entries; authorization/invariant/dead-world checks; all required time-series/per-player/final metrics; verified artifact manifest and hashes","None: retained scoped or fixture-only runs are ineligible under frozen specification","FAIL","B","28849070c4f1841b41cf0c4972f19b4cf4e8ba0c","Not executed. Full authority closure, integrated native workload/metrics/lifecycle support and final freeze required before matrix execution. Scoped script success cannot admit this cell."
"test/rc1-native-world-workload.js (full qualification adapter pending)","fragmented_families","100","rc1-gamma","PostgreSQL 18.4 planned; not executed","At least 90 simulated days, 2 applicable season rollovers, 2 executions of every longest applicable lifecycle; continue until concentration/backlog/reachability stabilize; execute every due worker callback","Frozen source/config; native command identities and worker order; complete authoritative resource journals with zero unexplained entries; authorization/invariant/dead-world checks; all required time-series/per-player/final metrics; verified artifact manifest and hashes","None: retained scoped or fixture-only runs are ineligible under frozen specification","FAIL","B","28849070c4f1841b41cf0c4972f19b4cf4e8ba0c","Not executed. Full authority closure, integrated native workload/metrics/lifecycle support and final freeze required before matrix execution. Scoped script success cannot admit this cell."
"test/rc1-native-world-workload.js (full qualification adapter pending)","high_aggression","100","rc1-alpha","PostgreSQL 18.4 planned; not executed","At least 90 simulated days, 2 applicable season rollovers, 2 executions of every longest applicable lifecycle; continue until concentration/backlog/reachability stabilize; execute every due worker callback","Frozen source/config; native command identities and worker order; complete authoritative resource journals with zero unexplained entries; authorization/invariant/dead-world checks; all required time-series/per-player/final metrics; verified artifact manifest and hashes","None: retained scoped or fixture-only runs are ineligible under frozen specification","FAIL","B","28849070c4f1841b41cf0c4972f19b4cf4e8ba0c","Not executed. Full authority closure, integrated native workload/metrics/lifecycle support and final freeze required before matrix execution. Scoped script success cannot admit this cell."
"test/rc1-native-world-workload.js (full qualification adapter pending)","high_aggression","100","rc1-beta","PostgreSQL 18.4 planned; not executed","At least 90 simulated days, 2 applicable season rollovers, 2 executions of every longest applicable lifecycle; continue until concentration/backlog/reachability stabilize; execute every due worker callback","Frozen source/config; native command identities and worker order; complete authoritative resource journals with zero unexplained entries; authorization/invariant/dead-world checks; all required time-series/per-player/final metrics; verified artifact manifest and hashes","None: retained scoped or fixture-only runs are ineligible under frozen specification","FAIL","B","28849070c4f1841b41cf0c4972f19b4cf4e8ba0c","Not executed. Full authority closure, integrated native workload/metrics/lifecycle support and final freeze required before matrix execution. Scoped script success cannot admit this cell."
"test/rc1-native-world-workload.js (full qualification adapter pending)","high_aggression","100","rc1-gamma","PostgreSQL 18.4 planned; not executed","At least 90 simulated days, 2 applicable season rollovers, 2 executions of every longest applicable lifecycle; continue until concentration/backlog/reachability stabilize; execute every due worker callback","Frozen source/config; native command identities and worker order; complete authoritative resource journals with zero unexplained entries; authorization/invariant/dead-world checks; all required time-series/per-player/final metrics; verified artifact manifest and hashes","None: retained scoped or fixture-only runs are ineligible under frozen specification","FAIL","B","28849070c4f1841b41cf0c4972f19b4cf4e8ba0c","Not executed. Full authority closure, integrated native workload/metrics/lifecycle support and final freeze required before matrix execution. Scoped script success cannot admit this cell."
"test/rc1-native-world-workload.js (full qualification adapter pending)","high_mystery_participation","100","rc1-alpha","PostgreSQL 18.4 planned; not executed","At least 90 simulated days, 2 applicable season rollovers, 2 executions of every longest applicable lifecycle; continue until concentration/backlog/reachability stabilize; execute every due worker callback","Frozen source/config; native command identities and worker order; complete authoritative resource journals with zero unexplained entries; authorization/invariant/dead-world checks; all required time-series/per-player/final metrics; verified artifact manifest and hashes","None: retained scoped or fixture-only runs are ineligible under frozen specification","FAIL","B","28849070c4f1841b41cf0c4972f19b4cf4e8ba0c","Not executed. Full authority closure, integrated native workload/metrics/lifecycle support and final freeze required before matrix execution. Scoped script success cannot admit this cell."
"test/rc1-native-world-workload.js (full qualification adapter pending)","high_mystery_participation","100","rc1-beta","PostgreSQL 18.4 planned; not executed","At least 90 simulated days, 2 applicable season rollovers, 2 executions of every longest applicable lifecycle; continue until concentration/backlog/reachability stabilize; execute every due worker callback","Frozen source/config; native command identities and worker order; complete authoritative resource journals with zero unexplained entries; authorization/invariant/dead-world checks; all required time-series/per-player/final metrics; verified artifact manifest and hashes","None: retained scoped or fixture-only runs are ineligible under frozen specification","FAIL","B","28849070c4f1841b41cf0c4972f19b4cf4e8ba0c","Not executed. Full authority closure, integrated native workload/metrics/lifecycle support and final freeze required before matrix execution. Scoped script success cannot admit this cell."
"test/rc1-native-world-workload.js (full qualification adapter pending)","high_mystery_participation","100","rc1-gamma","PostgreSQL 18.4 planned; not executed","At least 90 simulated days, 2 applicable season rollovers, 2 executions of every longest applicable lifecycle; continue until concentration/backlog/reachability stabilize; execute every due worker callback","Frozen source/config; native command identities and worker order; complete authoritative resource journals with zero unexplained entries; authorization/invariant/dead-world checks; all required time-series/per-player/final metrics; verified artifact manifest and hashes","None: retained scoped or fixture-only runs are ineligible under frozen specification","FAIL","B","28849070c4f1841b41cf0c4972f19b4cf4e8ba0c","Not executed. Full authority closure, integrated native workload/metrics/lifecycle support and final freeze required before matrix execution. Scoped script success cannot admit this cell."
"test/rc1-native-world-workload.js (full qualification adapter pending)","law_pressure","100","rc1-alpha","PostgreSQL 18.4 planned; not executed","At least 90 simulated days, 2 applicable season rollovers, 2 executions of every longest applicable lifecycle; continue until concentration/backlog/reachability stabilize; execute every due worker callback","Frozen source/config; native command identities and worker order; complete authoritative resource journals with zero unexplained entries; authorization/invariant/dead-world checks; all required time-series/per-player/final metrics; verified artifact manifest and hashes","None: retained scoped or fixture-only runs are ineligible under frozen specification","FAIL","B","28849070c4f1841b41cf0c4972f19b4cf4e8ba0c","Not executed. Full authority closure, integrated native workload/metrics/lifecycle support and final freeze required before matrix execution. Scoped script success cannot admit this cell."
"test/rc1-native-world-workload.js (full qualification adapter pending)","law_pressure","100","rc1-beta","PostgreSQL 18.4 planned; not executed","At least 90 simulated days, 2 applicable season rollovers, 2 executions of every longest applicable lifecycle; continue until concentration/backlog/reachability stabilize; execute every due worker callback","Frozen source/config; native command identities and worker order; complete authoritative resource journals with zero unexplained entries; authorization/invariant/dead-world checks; all required time-series/per-player/final metrics; verified artifact manifest and hashes","None: retained scoped or fixture-only runs are ineligible under frozen specification","FAIL","B","28849070c4f1841b41cf0c4972f19b4cf4e8ba0c","Not executed. Full authority closure, integrated native workload/metrics/lifecycle support and final freeze required before matrix execution. Scoped script success cannot admit this cell."
"test/rc1-native-world-workload.js (full qualification adapter pending)","law_pressure","100","rc1-gamma","PostgreSQL 18.4 planned; not executed","At least 90 simulated days, 2 applicable season rollovers, 2 executions of every longest applicable lifecycle; continue until concentration/backlog/reachability stabilize; execute every due worker callback","Frozen source/config; native command identities and worker order; complete authoritative resource journals with zero unexplained entries; authorization/invariant/dead-world checks; all required time-series/per-player/final metrics; verified artifact manifest and hashes","None: retained scoped or fixture-only runs are ineligible under frozen specification","FAIL","B","28849070c4f1841b41cf0c4972f19b4cf4e8ba0c","Not executed. Full authority closure, integrated native workload/metrics/lifecycle support and final freeze required before matrix execution. Scoped script success cannot admit this cell."
"test/rc1-native-world-workload.js (full qualification adapter pending)","low_mystery_participation","100","rc1-alpha","PostgreSQL 18.4 planned; not executed","At least 90 simulated days, 2 applicable season rollovers, 2 executions of every longest applicable lifecycle; continue until concentration/backlog/reachability stabilize; execute every due worker callback","Frozen source/config; native command identities and worker order; complete authoritative resource journals with zero unexplained entries; authorization/invariant/dead-world checks; all required time-series/per-player/final metrics; verified artifact manifest and hashes","None: retained scoped or fixture-only runs are ineligible under frozen specification","FAIL","B","28849070c4f1841b41cf0c4972f19b4cf4e8ba0c","Not executed. Full authority closure, integrated native workload/metrics/lifecycle support and final freeze required before matrix execution. Scoped script success cannot admit this cell."
"test/rc1-native-world-workload.js (full qualification adapter pending)","low_mystery_participation","100","rc1-beta","PostgreSQL 18.4 planned; not executed","At least 90 simulated days, 2 applicable season rollovers, 2 executions of every longest applicable lifecycle; continue until concentration/backlog/reachability stabilize; execute every due worker callback","Frozen source/config; native command identities and worker order; complete authoritative resource journals with zero unexplained entries; authorization/invariant/dead-world checks; all required time-series/per-player/final metrics; verified artifact manifest and hashes","None: retained scoped or fixture-only runs are ineligible under frozen specification","FAIL","B","28849070c4f1841b41cf0c4972f19b4cf4e8ba0c","Not executed. Full authority closure, integrated native workload/metrics/lifecycle support and final freeze required before matrix execution. Scoped script success cannot admit this cell."
"test/rc1-native-world-workload.js (full qualification adapter pending)","low_mystery_participation","100","rc1-gamma","PostgreSQL 18.4 planned; not executed","At least 90 simulated days, 2 applicable season rollovers, 2 executions of every longest applicable lifecycle; continue until concentration/backlog/reachability stabilize; execute every due worker callback","Frozen source/config; native command identities and worker order; complete authoritative resource journals with zero unexplained entries; authorization/invariant/dead-world checks; all required time-series/per-player/final metrics; verified artifact manifest and hashes","None: retained scoped or fixture-only runs are ineligible under frozen specification","FAIL","B","28849070c4f1841b41cf0c4972f19b4cf4e8ba0c","Not executed. Full authority closure, integrated native workload/metrics/lifecycle support and final freeze required before matrix execution. Scoped script success cannot admit this cell."
"test/rc1-native-world-workload.js (full qualification adapter pending)","market_stress","100","rc1-alpha","PostgreSQL 18.4 planned; not executed","At least 90 simulated days, 2 applicable season rollovers, 2 executions of every longest applicable lifecycle; continue until concentration/backlog/reachability stabilize; execute every due worker callback","Frozen source/config; native command identities and worker order; complete authoritative resource journals with zero unexplained entries; authorization/invariant/dead-world checks; all required time-series/per-player/final metrics; verified artifact manifest and hashes","None: retained scoped or fixture-only runs are ineligible under frozen specification","FAIL","B","28849070c4f1841b41cf0c4972f19b4cf4e8ba0c","Not executed. Full authority closure, integrated native workload/metrics/lifecycle support and final freeze required before matrix execution. Scoped script success cannot admit this cell."
"test/rc1-native-world-workload.js (full qualification adapter pending)","market_stress","100","rc1-beta","PostgreSQL 18.4 planned; not executed","At least 90 simulated days, 2 applicable season rollovers, 2 executions of every longest applicable lifecycle; continue until concentration/backlog/reachability stabilize; execute every due worker callback","Frozen source/config; native command identities and worker order; complete authoritative resource journals with zero unexplained entries; authorization/invariant/dead-world checks; all required time-series/per-player/final metrics; verified artifact manifest and hashes","None: retained scoped or fixture-only runs are ineligible under frozen specification","FAIL","B","28849070c4f1841b41cf0c4972f19b4cf4e8ba0c","Not executed. Full authority closure, integrated native workload/metrics/lifecycle support and final freeze required before matrix execution. Scoped script success cannot admit this cell."
"test/rc1-native-world-workload.js (full qualification adapter pending)","market_stress","100","rc1-gamma","PostgreSQL 18.4 planned; not executed","At least 90 simulated days, 2 applicable season rollovers, 2 executions of every longest applicable lifecycle; continue until concentration/backlog/reachability stabilize; execute every due worker callback","Frozen source/config; native command identities and worker order; complete authoritative resource journals with zero unexplained entries; authorization/invariant/dead-world checks; all required time-series/per-player/final metrics; verified artifact manifest and hashes","None: retained scoped or fixture-only runs are ineligible under frozen specification","FAIL","B","28849070c4f1841b41cf0c4972f19b4cf4e8ba0c","Not executed. Full authority closure, integrated native workload/metrics/lifecycle support and final freeze required before matrix execution. Scoped script success cannot admit this cell."
"test/rc1-native-world-workload.js (full qualification adapter pending)","mostly_new_players","100","rc1-alpha","PostgreSQL 18.4 planned; not executed","At least 90 simulated days, 2 applicable season rollovers, 2 executions of every longest applicable lifecycle; continue until concentration/backlog/reachability stabilize; execute every due worker callback","Frozen source/config; native command identities and worker order; complete authoritative resource journals with zero unexplained entries; authorization/invariant/dead-world checks; all required time-series/per-player/final metrics; verified artifact manifest and hashes","None: retained scoped or fixture-only runs are ineligible under frozen specification","FAIL","B","28849070c4f1841b41cf0c4972f19b4cf4e8ba0c","Not executed. Full authority closure, integrated native workload/metrics/lifecycle support and final freeze required before matrix execution. Scoped script success cannot admit this cell."
"test/rc1-native-world-workload.js (full qualification adapter pending)","mostly_new_players","100","rc1-beta","PostgreSQL 18.4 planned; not executed","At least 90 simulated days, 2 applicable season rollovers, 2 executions of every longest applicable lifecycle; continue until concentration/backlog/reachability stabilize; execute every due worker callback","Frozen source/config; native command identities and worker order; complete authoritative resource journals with zero unexplained entries; authorization/invariant/dead-world checks; all required time-series/per-player/final metrics; verified artifact manifest and hashes","None: retained scoped or fixture-only runs are ineligible under frozen specification","FAIL","B","28849070c4f1841b41cf0c4972f19b4cf4e8ba0c","Not executed. Full authority closure, integrated native workload/metrics/lifecycle support and final freeze required before matrix execution. Scoped script success cannot admit this cell."
"test/rc1-native-world-workload.js (full qualification adapter pending)","mostly_new_players","100","rc1-gamma","PostgreSQL 18.4 planned; not executed","At least 90 simulated days, 2 applicable season rollovers, 2 executions of every longest applicable lifecycle; continue until concentration/backlog/reachability stabilize; execute every due worker callback","Frozen source/config; native command identities and worker order; complete authoritative resource journals with zero unexplained entries; authorization/invariant/dead-world checks; all required time-series/per-player/final metrics; verified artifact manifest and hashes","None: retained scoped or fixture-only runs are ineligible under frozen specification","FAIL","B","28849070c4f1841b41cf0c4972f19b4cf4e8ba0c","Not executed. Full authority closure, integrated native workload/metrics/lifecycle support and final freeze required before matrix execution. Scoped script success cannot admit this cell."
"test/rc1-native-world-workload.js (full qualification adapter pending)","mostly_veteran_players","100","rc1-alpha","PostgreSQL 18.4 planned; not executed","At least 90 simulated days, 2 applicable season rollovers, 2 executions of every longest applicable lifecycle; continue until concentration/backlog/reachability stabilize; execute every due worker callback","Frozen source/config; native command identities and worker order; complete authoritative resource journals with zero unexplained entries; authorization/invariant/dead-world checks; all required time-series/per-player/final metrics; verified artifact manifest and hashes","None: retained scoped or fixture-only runs are ineligible under frozen specification","FAIL","B","28849070c4f1841b41cf0c4972f19b4cf4e8ba0c","Not executed. Full authority closure, integrated native workload/metrics/lifecycle support and final freeze required before matrix execution. Scoped script success cannot admit this cell."
"test/rc1-native-world-workload.js (full qualification adapter pending)","mostly_veteran_players","100","rc1-beta","PostgreSQL 18.4 planned; not executed","At least 90 simulated days, 2 applicable season rollovers, 2 executions of every longest applicable lifecycle; continue until concentration/backlog/reachability stabilize; execute every due worker callback","Frozen source/config; native command identities and worker order; complete authoritative resource journals with zero unexplained entries; authorization/invariant/dead-world checks; all required time-series/per-player/final metrics; verified artifact manifest and hashes","None: retained scoped or fixture-only runs are ineligible under frozen specification","FAIL","B","28849070c4f1841b41cf0c4972f19b4cf4e8ba0c","Not executed. Full authority closure, integrated native workload/metrics/lifecycle support and final freeze required before matrix execution. Scoped script success cannot admit this cell."
"test/rc1-native-world-workload.js (full qualification adapter pending)","mostly_veteran_players","100","rc1-gamma","PostgreSQL 18.4 planned; not executed","At least 90 simulated days, 2 applicable season rollovers, 2 executions of every longest applicable lifecycle; continue until concentration/backlog/reachability stabilize; execute every due worker callback","Frozen source/config; native command identities and worker order; complete authoritative resource journals with zero unexplained entries; authorization/invariant/dead-world checks; all required time-series/per-player/final metrics; verified artifact manifest and hashes","None: retained scoped or fixture-only runs are ineligible under frozen specification","FAIL","B","28849070c4f1841b41cf0c4972f19b4cf4e8ba0c","Not executed. Full authority closure, integrated native workload/metrics/lifecycle support and final freeze required before matrix execution. Scoped script success cannot admit this cell."
"test/rc1-native-world-workload.js (full qualification adapter pending)","multi_family_war","100","rc1-alpha","PostgreSQL 18.4 planned; not executed","At least 90 simulated days, 2 applicable season rollovers, 2 executions of every longest applicable lifecycle; continue until concentration/backlog/reachability stabilize; execute every due worker callback","Frozen source/config; native command identities and worker order; complete authoritative resource journals with zero unexplained entries; authorization/invariant/dead-world checks; all required time-series/per-player/final metrics; verified artifact manifest and hashes","None: retained scoped or fixture-only runs are ineligible under frozen specification","FAIL","B","28849070c4f1841b41cf0c4972f19b4cf4e8ba0c","Not executed. Full authority closure, integrated native workload/metrics/lifecycle support and final freeze required before matrix execution. Scoped script success cannot admit this cell."
"test/rc1-native-world-workload.js (full qualification adapter pending)","multi_family_war","100","rc1-beta","PostgreSQL 18.4 planned; not executed","At least 90 simulated days, 2 applicable season rollovers, 2 executions of every longest applicable lifecycle; continue until concentration/backlog/reachability stabilize; execute every due worker callback","Frozen source/config; native command identities and worker order; complete authoritative resource journals with zero unexplained entries; authorization/invariant/dead-world checks; all required time-series/per-player/final metrics; verified artifact manifest and hashes","None: retained scoped or fixture-only runs are ineligible under frozen specification","FAIL","B","28849070c4f1841b41cf0c4972f19b4cf4e8ba0c","Not executed. Full authority closure, integrated native workload/metrics/lifecycle support and final freeze required before matrix execution. Scoped script success cannot admit this cell."
"test/rc1-native-world-workload.js (full qualification adapter pending)","multi_family_war","100","rc1-gamma","PostgreSQL 18.4 planned; not executed","At least 90 simulated days, 2 applicable season rollovers, 2 executions of every longest applicable lifecycle; continue until concentration/backlog/reachability stabilize; execute every due worker callback","Frozen source/config; native command identities and worker order; complete authoritative resource journals with zero unexplained entries; authorization/invariant/dead-world checks; all required time-series/per-player/final metrics; verified artifact manifest and hashes","None: retained scoped or fixture-only runs are ineligible under frozen specification","FAIL","B","28849070c4f1841b41cf0c4972f19b4cf4e8ba0c","Not executed. Full authority closure, integrated native workload/metrics/lifecycle support and final freeze required before matrix execution. Scoped script success cannot admit this cell."
"test/rc1-native-world-workload.js (full qualification adapter pending)","quiet_world","100","rc1-alpha","PostgreSQL 18.4 planned; not executed","At least 90 simulated days, 2 applicable season rollovers, 2 executions of every longest applicable lifecycle; continue until concentration/backlog/reachability stabilize; execute every due worker callback","Frozen source/config; native command identities and worker order; complete authoritative resource journals with zero unexplained entries; authorization/invariant/dead-world checks; all required time-series/per-player/final metrics; verified artifact manifest and hashes","None: retained scoped or fixture-only runs are ineligible under frozen specification","FAIL","B","28849070c4f1841b41cf0c4972f19b4cf4e8ba0c","Not executed. Full authority closure, integrated native workload/metrics/lifecycle support and final freeze required before matrix execution. Scoped script success cannot admit this cell."
"test/rc1-native-world-workload.js (full qualification adapter pending)","quiet_world","100","rc1-beta","PostgreSQL 18.4 planned; not executed","At least 90 simulated days, 2 applicable season rollovers, 2 executions of every longest applicable lifecycle; continue until concentration/backlog/reachability stabilize; execute every due worker callback","Frozen source/config; native command identities and worker order; complete authoritative resource journals with zero unexplained entries; authorization/invariant/dead-world checks; all required time-series/per-player/final metrics; verified artifact manifest and hashes","None: retained scoped or fixture-only runs are ineligible under frozen specification","FAIL","B","28849070c4f1841b41cf0c4972f19b4cf4e8ba0c","Not executed. Full authority closure, integrated native workload/metrics/lifecycle support and final freeze required before matrix execution. Scoped script success cannot admit this cell."
"test/rc1-native-world-workload.js (full qualification adapter pending)","quiet_world","100","rc1-gamma","PostgreSQL 18.4 planned; not executed","At least 90 simulated days, 2 applicable season rollovers, 2 executions of every longest applicable lifecycle; continue until concentration/backlog/reachability stabilize; execute every due worker callback","Frozen source/config; native command identities and worker order; complete authoritative resource journals with zero unexplained entries; authorization/invariant/dead-world checks; all required time-series/per-player/final metrics; verified artifact manifest and hashes","None: retained scoped or fixture-only runs are ineligible under frozen specification","FAIL","B","28849070c4f1841b41cf0c4972f19b4cf4e8ba0c","Not executed. Full authority closure, integrated native workload/metrics/lifecycle support and final freeze required before matrix execution. Scoped script success cannot admit this cell."
"test/rc1-native-world-workload.js (full qualification adapter pending)","resource_abundance","100","rc1-alpha","PostgreSQL 18.4 planned; not executed","At least 90 simulated days, 2 applicable season rollovers, 2 executions of every longest applicable lifecycle; continue until concentration/backlog/reachability stabilize; execute every due worker callback","Frozen source/config; native command identities and worker order; complete authoritative resource journals with zero unexplained entries; authorization/invariant/dead-world checks; all required time-series/per-player/final metrics; verified artifact manifest and hashes","None: retained scoped or fixture-only runs are ineligible under frozen specification","FAIL","B","28849070c4f1841b41cf0c4972f19b4cf4e8ba0c","Not executed. Full authority closure, integrated native workload/metrics/lifecycle support and final freeze required before matrix execution. Scoped script success cannot admit this cell."
"test/rc1-native-world-workload.js (full qualification adapter pending)","resource_abundance","100","rc1-beta","PostgreSQL 18.4 planned; not executed","At least 90 simulated days, 2 applicable season rollovers, 2 executions of every longest applicable lifecycle; continue until concentration/backlog/reachability stabilize; execute every due worker callback","Frozen source/config; native command identities and worker order; complete authoritative resource journals with zero unexplained entries; authorization/invariant/dead-world checks; all required time-series/per-player/final metrics; verified artifact manifest and hashes","None: retained scoped or fixture-only runs are ineligible under frozen specification","FAIL","B","28849070c4f1841b41cf0c4972f19b4cf4e8ba0c","Not executed. Full authority closure, integrated native workload/metrics/lifecycle support and final freeze required before matrix execution. Scoped script success cannot admit this cell."
"test/rc1-native-world-workload.js (full qualification adapter pending)","resource_abundance","100","rc1-gamma","PostgreSQL 18.4 planned; not executed","At least 90 simulated days, 2 applicable season rollovers, 2 executions of every longest applicable lifecycle; continue until concentration/backlog/reachability stabilize; execute every due worker callback","Frozen source/config; native command identities and worker order; complete authoritative resource journals with zero unexplained entries; authorization/invariant/dead-world checks; all required time-series/per-player/final metrics; verified artifact manifest and hashes","None: retained scoped or fixture-only runs are ineligible under frozen specification","FAIL","B","28849070c4f1841b41cf0c4972f19b4cf4e8ba0c","Not executed. Full authority closure, integrated native workload/metrics/lifecycle support and final freeze required before matrix execution. Scoped script success cannot admit this cell."
"test/rc1-native-world-workload.js (full qualification adapter pending)","resource_scarcity","100","rc1-alpha","PostgreSQL 18.4 planned; not executed","At least 90 simulated days, 2 applicable season rollovers, 2 executions of every longest applicable lifecycle; continue until concentration/backlog/reachability stabilize; execute every due worker callback","Frozen source/config; native command identities and worker order; complete authoritative resource journals with zero unexplained entries; authorization/invariant/dead-world checks; all required time-series/per-player/final metrics; verified artifact manifest and hashes","None: retained scoped or fixture-only runs are ineligible under frozen specification","FAIL","B","28849070c4f1841b41cf0c4972f19b4cf4e8ba0c","Not executed. Full authority closure, integrated native workload/metrics/lifecycle support and final freeze required before matrix execution. Scoped script success cannot admit this cell."
"test/rc1-native-world-workload.js (full qualification adapter pending)","resource_scarcity","100","rc1-beta","PostgreSQL 18.4 planned; not executed","At least 90 simulated days, 2 applicable season rollovers, 2 executions of every longest applicable lifecycle; continue until concentration/backlog/reachability stabilize; execute every due worker callback","Frozen source/config; native command identities and worker order; complete authoritative resource journals with zero unexplained entries; authorization/invariant/dead-world checks; all required time-series/per-player/final metrics; verified artifact manifest and hashes","None: retained scoped or fixture-only runs are ineligible under frozen specification","FAIL","B","28849070c4f1841b41cf0c4972f19b4cf4e8ba0c","Not executed. Full authority closure, integrated native workload/metrics/lifecycle support and final freeze required before matrix execution. Scoped script success cannot admit this cell."
"test/rc1-native-world-workload.js (full qualification adapter pending)","resource_scarcity","100","rc1-gamma","PostgreSQL 18.4 planned; not executed","At least 90 simulated days, 2 applicable season rollovers, 2 executions of every longest applicable lifecycle; continue until concentration/backlog/reachability stabilize; execute every due worker callback","Frozen source/config; native command identities and worker order; complete authoritative resource journals with zero unexplained entries; authorization/invariant/dead-world checks; all required time-series/per-player/final metrics; verified artifact manifest and hashes","None: retained scoped or fixture-only runs are ineligible under frozen specification","FAIL","B","28849070c4f1841b41cf0c4972f19b4cf4e8ba0c","Not executed. Full authority closure, integrated native workload/metrics/lifecycle support and final freeze required before matrix execution. Scoped script success cannot admit this cell."
"test/rc1-native-world-workload.js (full qualification adapter pending)","coordinated_alliance","250","rc1-alpha","PostgreSQL 18.4 planned; not executed","At least 90 simulated days, 2 applicable season rollovers, 2 executions of every longest applicable lifecycle; continue until concentration/backlog/reachability stabilize; execute every due worker callback","Frozen source/config; native command identities and worker order; complete authoritative resource journals with zero unexplained entries; authorization/invariant/dead-world checks; all required time-series/per-player/final metrics; verified artifact manifest and hashes","None: retained scoped or fixture-only runs are ineligible under frozen specification","FAIL","C","28849070c4f1841b41cf0c4972f19b4cf4e8ba0c","Not executed. Full authority closure, integrated native workload/metrics/lifecycle support and final freeze required before matrix execution. Scoped script success cannot admit this cell."
"test/rc1-native-world-workload.js (full qualification adapter pending)","coordinated_alliance","250","rc1-beta","PostgreSQL 18.4 planned; not executed","At least 90 simulated days, 2 applicable season rollovers, 2 executions of every longest applicable lifecycle; continue until concentration/backlog/reachability stabilize; execute every due worker callback","Frozen source/config; native command identities and worker order; complete authoritative resource journals with zero unexplained entries; authorization/invariant/dead-world checks; all required time-series/per-player/final metrics; verified artifact manifest and hashes","None: retained scoped or fixture-only runs are ineligible under frozen specification","FAIL","C","28849070c4f1841b41cf0c4972f19b4cf4e8ba0c","Not executed. Full authority closure, integrated native workload/metrics/lifecycle support and final freeze required before matrix execution. Scoped script success cannot admit this cell."
"test/rc1-native-world-workload.js (full qualification adapter pending)","coordinated_alliance","250","rc1-gamma","PostgreSQL 18.4 planned; not executed","At least 90 simulated days, 2 applicable season rollovers, 2 executions of every longest applicable lifecycle; continue until concentration/backlog/reachability stabilize; execute every due worker callback","Frozen source/config; native command identities and worker order; complete authoritative resource journals with zero unexplained entries; authorization/invariant/dead-world checks; all required time-series/per-player/final metrics; verified artifact manifest and hashes","None: retained scoped or fixture-only runs are ineligible under frozen specification","FAIL","C","28849070c4f1841b41cf0c4972f19b4cf4e8ba0c","Not executed. Full authority closure, integrated native workload/metrics/lifecycle support and final freeze required before matrix execution. Scoped script success cannot admit this cell."
"test/rc1-native-world-workload.js (full qualification adapter pending)","family_monopoly","250","rc1-alpha","PostgreSQL 18.4 planned; not executed","At least 90 simulated days, 2 applicable season rollovers, 2 executions of every longest applicable lifecycle; continue until concentration/backlog/reachability stabilize; execute every due worker callback","Frozen source/config; native command identities and worker order; complete authoritative resource journals with zero unexplained entries; authorization/invariant/dead-world checks; all required time-series/per-player/final metrics; verified artifact manifest and hashes","None: retained scoped or fixture-only runs are ineligible under frozen specification","FAIL","C","28849070c4f1841b41cf0c4972f19b4cf4e8ba0c","Not executed. Full authority closure, integrated native workload/metrics/lifecycle support and final freeze required before matrix execution. Scoped script success cannot admit this cell."
"test/rc1-native-world-workload.js (full qualification adapter pending)","family_monopoly","250","rc1-beta","PostgreSQL 18.4 planned; not executed","At least 90 simulated days, 2 applicable season rollovers, 2 executions of every longest applicable lifecycle; continue until concentration/backlog/reachability stabilize; execute every due worker callback","Frozen source/config; native command identities and worker order; complete authoritative resource journals with zero unexplained entries; authorization/invariant/dead-world checks; all required time-series/per-player/final metrics; verified artifact manifest and hashes","None: retained scoped or fixture-only runs are ineligible under frozen specification","FAIL","C","28849070c4f1841b41cf0c4972f19b4cf4e8ba0c","Not executed. Full authority closure, integrated native workload/metrics/lifecycle support and final freeze required before matrix execution. Scoped script success cannot admit this cell."
"test/rc1-native-world-workload.js (full qualification adapter pending)","family_monopoly","250","rc1-gamma","PostgreSQL 18.4 planned; not executed","At least 90 simulated days, 2 applicable season rollovers, 2 executions of every longest applicable lifecycle; continue until concentration/backlog/reachability stabilize; execute every due worker callback","Frozen source/config; native command identities and worker order; complete authoritative resource journals with zero unexplained entries; authorization/invariant/dead-world checks; all required time-series/per-player/final metrics; verified artifact manifest and hashes","None: retained scoped or fixture-only runs are ineligible under frozen specification","FAIL","C","28849070c4f1841b41cf0c4972f19b4cf4e8ba0c","Not executed. Full authority closure, integrated native workload/metrics/lifecycle support and final freeze required before matrix execution. Scoped script success cannot admit this cell."
"test/rc1-native-world-workload.js (full qualification adapter pending)","fragmented_families","250","rc1-alpha","PostgreSQL 18.4 planned; not executed","At least 90 simulated days, 2 applicable season rollovers, 2 executions of every longest applicable lifecycle; continue until concentration/backlog/reachability stabilize; execute every due worker callback","Frozen source/config; native command identities and worker order; complete authoritative resource journals with zero unexplained entries; authorization/invariant/dead-world checks; all required time-series/per-player/final metrics; verified artifact manifest and hashes","None: retained scoped or fixture-only runs are ineligible under frozen specification","FAIL","C","28849070c4f1841b41cf0c4972f19b4cf4e8ba0c","Not executed. Full authority closure, integrated native workload/metrics/lifecycle support and final freeze required before matrix execution. Scoped script success cannot admit this cell."
"test/rc1-native-world-workload.js (full qualification adapter pending)","fragmented_families","250","rc1-beta","PostgreSQL 18.4 planned; not executed","At least 90 simulated days, 2 applicable season rollovers, 2 executions of every longest applicable lifecycle; continue until concentration/backlog/reachability stabilize; execute every due worker callback","Frozen source/config; native command identities and worker order; complete authoritative resource journals with zero unexplained entries; authorization/invariant/dead-world checks; all required time-series/per-player/final metrics; verified artifact manifest and hashes","None: retained scoped or fixture-only runs are ineligible under frozen specification","FAIL","C","28849070c4f1841b41cf0c4972f19b4cf4e8ba0c","Not executed. Full authority closure, integrated native workload/metrics/lifecycle support and final freeze required before matrix execution. Scoped script success cannot admit this cell."
"test/rc1-native-world-workload.js (full qualification adapter pending)","fragmented_families","250","rc1-gamma","PostgreSQL 18.4 planned; not executed","At least 90 simulated days, 2 applicable season rollovers, 2 executions of every longest applicable lifecycle; continue until concentration/backlog/reachability stabilize; execute every due worker callback","Frozen source/config; native command identities and worker order; complete authoritative resource journals with zero unexplained entries; authorization/invariant/dead-world checks; all required time-series/per-player/final metrics; verified artifact manifest and hashes","None: retained scoped or fixture-only runs are ineligible under frozen specification","FAIL","C","28849070c4f1841b41cf0c4972f19b4cf4e8ba0c","Not executed. Full authority closure, integrated native workload/metrics/lifecycle support and final freeze required before matrix execution. Scoped script success cannot admit this cell."
"test/rc1-native-world-workload.js (full qualification adapter pending)","high_aggression","250","rc1-alpha","PostgreSQL 18.4 planned; not executed","At least 90 simulated days, 2 applicable season rollovers, 2 executions of every longest applicable lifecycle; continue until concentration/backlog/reachability stabilize; execute every due worker callback","Frozen source/config; native command identities and worker order; complete authoritative resource journals with zero unexplained entries; authorization/invariant/dead-world checks; all required time-series/per-player/final metrics; verified artifact manifest and hashes","None: retained scoped or fixture-only runs are ineligible under frozen specification","FAIL","C","28849070c4f1841b41cf0c4972f19b4cf4e8ba0c","Not executed. Full authority closure, integrated native workload/metrics/lifecycle support and final freeze required before matrix execution. Scoped script success cannot admit this cell."
"test/rc1-native-world-workload.js (full qualification adapter pending)","high_aggression","250","rc1-beta","PostgreSQL 18.4 planned; not executed","At least 90 simulated days, 2 applicable season rollovers, 2 executions of every longest applicable lifecycle; continue until concentration/backlog/reachability stabilize; execute every due worker callback","Frozen source/config; native command identities and worker order; complete authoritative resource journals with zero unexplained entries; authorization/invariant/dead-world checks; all required time-series/per-player/final metrics; verified artifact manifest and hashes","None: retained scoped or fixture-only runs are ineligible under frozen specification","FAIL","C","28849070c4f1841b41cf0c4972f19b4cf4e8ba0c","Not executed. Full authority closure, integrated native workload/metrics/lifecycle support and final freeze required before matrix execution. Scoped script success cannot admit this cell."
"test/rc1-native-world-workload.js (full qualification adapter pending)","high_aggression","250","rc1-gamma","PostgreSQL 18.4 planned; not executed","At least 90 simulated days, 2 applicable season rollovers, 2 executions of every longest applicable lifecycle; continue until concentration/backlog/reachability stabilize; execute every due worker callback","Frozen source/config; native command identities and worker order; complete authoritative resource journals with zero unexplained entries; authorization/invariant/dead-world checks; all required time-series/per-player/final metrics; verified artifact manifest and hashes","None: retained scoped or fixture-only runs are ineligible under frozen specification","FAIL","C","28849070c4f1841b41cf0c4972f19b4cf4e8ba0c","Not executed. Full authority closure, integrated native workload/metrics/lifecycle support and final freeze required before matrix execution. Scoped script success cannot admit this cell."
"test/rc1-native-world-workload.js (full qualification adapter pending)","high_mystery_participation","250","rc1-alpha","PostgreSQL 18.4 planned; not executed","At least 90 simulated days, 2 applicable season rollovers, 2 executions of every longest applicable lifecycle; continue until concentration/backlog/reachability stabilize; execute every due worker callback","Frozen source/config; native command identities and worker order; complete authoritative resource journals with zero unexplained entries; authorization/invariant/dead-world checks; all required time-series/per-player/final metrics; verified artifact manifest and hashes","None: retained scoped or fixture-only runs are ineligible under frozen specification","FAIL","C","28849070c4f1841b41cf0c4972f19b4cf4e8ba0c","Not executed. Full authority closure, integrated native workload/metrics/lifecycle support and final freeze required before matrix execution. Scoped script success cannot admit this cell."
"test/rc1-native-world-workload.js (full qualification adapter pending)","high_mystery_participation","250","rc1-beta","PostgreSQL 18.4 planned; not executed","At least 90 simulated days, 2 applicable season rollovers, 2 executions of every longest applicable lifecycle; continue until concentration/backlog/reachability stabilize; execute every due worker callback","Frozen source/config; native command identities and worker order; complete authoritative resource journals with zero unexplained entries; authorization/invariant/dead-world checks; all required time-series/per-player/final metrics; verified artifact manifest and hashes","None: retained scoped or fixture-only runs are ineligible under frozen specification","FAIL","C","28849070c4f1841b41cf0c4972f19b4cf4e8ba0c","Not executed. Full authority closure, integrated native workload/metrics/lifecycle support and final freeze required before matrix execution. Scoped script success cannot admit this cell."
"test/rc1-native-world-workload.js (full qualification adapter pending)","high_mystery_participation","250","rc1-gamma","PostgreSQL 18.4 planned; not executed","At least 90 simulated days, 2 applicable season rollovers, 2 executions of every longest applicable lifecycle; continue until concentration/backlog/reachability stabilize; execute every due worker callback","Frozen source/config; native command identities and worker order; complete authoritative resource journals with zero unexplained entries; authorization/invariant/dead-world checks; all required time-series/per-player/final metrics; verified artifact manifest and hashes","None: retained scoped or fixture-only runs are ineligible under frozen specification","FAIL","C","28849070c4f1841b41cf0c4972f19b4cf4e8ba0c","Not executed. Full authority closure, integrated native workload/metrics/lifecycle support and final freeze required before matrix execution. Scoped script success cannot admit this cell."
"test/rc1-native-world-workload.js (full qualification adapter pending)","law_pressure","250","rc1-alpha","PostgreSQL 18.4 planned; not executed","At least 90 simulated days, 2 applicable season rollovers, 2 executions of every longest applicable lifecycle; continue until concentration/backlog/reachability stabilize; execute every due worker callback","Frozen source/config; native command identities and worker order; complete authoritative resource journals with zero unexplained entries; authorization/invariant/dead-world checks; all required time-series/per-player/final metrics; verified artifact manifest and hashes","None: retained scoped or fixture-only runs are ineligible under frozen specification","FAIL","C","28849070c4f1841b41cf0c4972f19b4cf4e8ba0c","Not executed. Full authority closure, integrated native workload/metrics/lifecycle support and final freeze required before matrix execution. Scoped script success cannot admit this cell."
"test/rc1-native-world-workload.js (full qualification adapter pending)","law_pressure","250","rc1-beta","PostgreSQL 18.4 planned; not executed","At least 90 simulated days, 2 applicable season rollovers, 2 executions of every longest applicable lifecycle; continue until concentration/backlog/reachability stabilize; execute every due worker callback","Frozen source/config; native command identities and worker order; complete authoritative resource journals with zero unexplained entries; authorization/invariant/dead-world checks; all required time-series/per-player/final metrics; verified artifact manifest and hashes","None: retained scoped or fixture-only runs are ineligible under frozen specification","FAIL","C","28849070c4f1841b41cf0c4972f19b4cf4e8ba0c","Not executed. Full authority closure, integrated native workload/metrics/lifecycle support and final freeze required before matrix execution. Scoped script success cannot admit this cell."
"test/rc1-native-world-workload.js (full qualification adapter pending)","law_pressure","250","rc1-gamma","PostgreSQL 18.4 planned; not executed","At least 90 simulated days, 2 applicable season rollovers, 2 executions of every longest applicable lifecycle; continue until concentration/backlog/reachability stabilize; execute every due worker callback","Frozen source/config; native command identities and worker order; complete authoritative resource journals with zero unexplained entries; authorization/invariant/dead-world checks; all required time-series/per-player/final metrics; verified artifact manifest and hashes","None: retained scoped or fixture-only runs are ineligible under frozen specification","FAIL","C","28849070c4f1841b41cf0c4972f19b4cf4e8ba0c","Not executed. Full authority closure, integrated native workload/metrics/lifecycle support and final freeze required before matrix execution. Scoped script success cannot admit this cell."
"test/rc1-native-world-workload.js (full qualification adapter pending)","low_mystery_participation","250","rc1-alpha","PostgreSQL 18.4 planned; not executed","At least 90 simulated days, 2 applicable season rollovers, 2 executions of every longest applicable lifecycle; continue until concentration/backlog/reachability stabilize; execute every due worker callback","Frozen source/config; native command identities and worker order; complete authoritative resource journals with zero unexplained entries; authorization/invariant/dead-world checks; all required time-series/per-player/final metrics; verified artifact manifest and hashes","None: retained scoped or fixture-only runs are ineligible under frozen specification","FAIL","C","28849070c4f1841b41cf0c4972f19b4cf4e8ba0c","Not executed. Full authority closure, integrated native workload/metrics/lifecycle support and final freeze required before matrix execution. Scoped script success cannot admit this cell."
"test/rc1-native-world-workload.js (full qualification adapter pending)","low_mystery_participation","250","rc1-beta","PostgreSQL 18.4 planned; not executed","At least 90 simulated days, 2 applicable season rollovers, 2 executions of every longest applicable lifecycle; continue until concentration/backlog/reachability stabilize; execute every due worker callback","Frozen source/config; native command identities and worker order; complete authoritative resource journals with zero unexplained entries; authorization/invariant/dead-world checks; all required time-series/per-player/final metrics; verified artifact manifest and hashes","None: retained scoped or fixture-only runs are ineligible under frozen specification","FAIL","C","28849070c4f1841b41cf0c4972f19b4cf4e8ba0c","Not executed. Full authority closure, integrated native workload/metrics/lifecycle support and final freeze required before matrix execution. Scoped script success cannot admit this cell."
"test/rc1-native-world-workload.js (full qualification adapter pending)","low_mystery_participation","250","rc1-gamma","PostgreSQL 18.4 planned; not executed","At least 90 simulated days, 2 applicable season rollovers, 2 executions of every longest applicable lifecycle; continue until concentration/backlog/reachability stabilize; execute every due worker callback","Frozen source/config; native command identities and worker order; complete authoritative resource journals with zero unexplained entries; authorization/invariant/dead-world checks; all required time-series/per-player/final metrics; verified artifact manifest and hashes","None: retained scoped or fixture-only runs are ineligible under frozen specification","FAIL","C","28849070c4f1841b41cf0c4972f19b4cf4e8ba0c","Not executed. Full authority closure, integrated native workload/metrics/lifecycle support and final freeze required before matrix execution. Scoped script success cannot admit this cell."
"test/rc1-native-world-workload.js (full qualification adapter pending)","market_stress","250","rc1-alpha","PostgreSQL 18.4 planned; not executed","At least 90 simulated days, 2 applicable season rollovers, 2 executions of every longest applicable lifecycle; continue until concentration/backlog/reachability stabilize; execute every due worker callback","Frozen source/config; native command identities and worker order; complete authoritative resource journals with zero unexplained entries; authorization/invariant/dead-world checks; all required time-series/per-player/final metrics; verified artifact manifest and hashes","None: retained scoped or fixture-only runs are ineligible under frozen specification","FAIL","C","28849070c4f1841b41cf0c4972f19b4cf4e8ba0c","Not executed. Full authority closure, integrated native workload/metrics/lifecycle support and final freeze required before matrix execution. Scoped script success cannot admit this cell."
"test/rc1-native-world-workload.js (full qualification adapter pending)","market_stress","250","rc1-beta","PostgreSQL 18.4 planned; not executed","At least 90 simulated days, 2 applicable season rollovers, 2 executions of every longest applicable lifecycle; continue until concentration/backlog/reachability stabilize; execute every due worker callback","Frozen source/config; native command identities and worker order; complete authoritative resource journals with zero unexplained entries; authorization/invariant/dead-world checks; all required time-series/per-player/final metrics; verified artifact manifest and hashes","None: retained scoped or fixture-only runs are ineligible under frozen specification","FAIL","C","28849070c4f1841b41cf0c4972f19b4cf4e8ba0c","Not executed. Full authority closure, integrated native workload/metrics/lifecycle support and final freeze required before matrix execution. Scoped script success cannot admit this cell."
"test/rc1-native-world-workload.js (full qualification adapter pending)","market_stress","250","rc1-gamma","PostgreSQL 18.4 planned; not executed","At least 90 simulated days, 2 applicable season rollovers, 2 executions of every longest applicable lifecycle; continue until concentration/backlog/reachability stabilize; execute every due worker callback","Frozen source/config; native command identities and worker order; complete authoritative resource journals with zero unexplained entries; authorization/invariant/dead-world checks; all required time-series/per-player/final metrics; verified artifact manifest and hashes","None: retained scoped or fixture-only runs are ineligible under frozen specification","FAIL","C","28849070c4f1841b41cf0c4972f19b4cf4e8ba0c","Not executed. Full authority closure, integrated native workload/metrics/lifecycle support and final freeze required before matrix execution. Scoped script success cannot admit this cell."
"test/rc1-native-world-workload.js (full qualification adapter pending)","mostly_new_players","250","rc1-alpha","PostgreSQL 18.4 planned; not executed","At least 90 simulated days, 2 applicable season rollovers, 2 executions of every longest applicable lifecycle; continue until concentration/backlog/reachability stabilize; execute every due worker callback","Frozen source/config; native command identities and worker order; complete authoritative resource journals with zero unexplained entries; authorization/invariant/dead-world checks; all required time-series/per-player/final metrics; verified artifact manifest and hashes","None: retained scoped or fixture-only runs are ineligible under frozen specification","FAIL","C","28849070c4f1841b41cf0c4972f19b4cf4e8ba0c","Not executed. Full authority closure, integrated native workload/metrics/lifecycle support and final freeze required before matrix execution. Scoped script success cannot admit this cell."
"test/rc1-native-world-workload.js (full qualification adapter pending)","mostly_new_players","250","rc1-beta","PostgreSQL 18.4 planned; not executed","At least 90 simulated days, 2 applicable season rollovers, 2 executions of every longest applicable lifecycle; continue until concentration/backlog/reachability stabilize; execute every due worker callback","Frozen source/config; native command identities and worker order; complete authoritative resource journals with zero unexplained entries; authorization/invariant/dead-world checks; all required time-series/per-player/final metrics; verified artifact manifest and hashes","None: retained scoped or fixture-only runs are ineligible under frozen specification","FAIL","C","28849070c4f1841b41cf0c4972f19b4cf4e8ba0c","Not executed. Full authority closure, integrated native workload/metrics/lifecycle support and final freeze required before matrix execution. Scoped script success cannot admit this cell."
"test/rc1-native-world-workload.js (full qualification adapter pending)","mostly_new_players","250","rc1-gamma","PostgreSQL 18.4 planned; not executed","At least 90 simulated days, 2 applicable season rollovers, 2 executions of every longest applicable lifecycle; continue until concentration/backlog/reachability stabilize; execute every due worker callback","Frozen source/config; native command identities and worker order; complete authoritative resource journals with zero unexplained entries; authorization/invariant/dead-world checks; all required time-series/per-player/final metrics; verified artifact manifest and hashes","None: retained scoped or fixture-only runs are ineligible under frozen specification","FAIL","C","28849070c4f1841b41cf0c4972f19b4cf4e8ba0c","Not executed. Full authority closure, integrated native workload/metrics/lifecycle support and final freeze required before matrix execution. Scoped script success cannot admit this cell."
"test/rc1-native-world-workload.js (full qualification adapter pending)","mostly_veteran_players","250","rc1-alpha","PostgreSQL 18.4 planned; not executed","At least 90 simulated days, 2 applicable season rollovers, 2 executions of every longest applicable lifecycle; continue until concentration/backlog/reachability stabilize; execute every due worker callback","Frozen source/config; native command identities and worker order; complete authoritative resource journals with zero unexplained entries; authorization/invariant/dead-world checks; all required time-series/per-player/final metrics; verified artifact manifest and hashes","None: retained scoped or fixture-only runs are ineligible under frozen specification","FAIL","C","28849070c4f1841b41cf0c4972f19b4cf4e8ba0c","Not executed. Full authority closure, integrated native workload/metrics/lifecycle support and final freeze required before matrix execution. Scoped script success cannot admit this cell."
"test/rc1-native-world-workload.js (full qualification adapter pending)","mostly_veteran_players","250","rc1-beta","PostgreSQL 18.4 planned; not executed","At least 90 simulated days, 2 applicable season rollovers, 2 executions of every longest applicable lifecycle; continue until concentration/backlog/reachability stabilize; execute every due worker callback","Frozen source/config; native command identities and worker order; complete authoritative resource journals with zero unexplained entries; authorization/invariant/dead-world checks; all required time-series/per-player/final metrics; verified artifact manifest and hashes","None: retained scoped or fixture-only runs are ineligible under frozen specification","FAIL","C","28849070c4f1841b41cf0c4972f19b4cf4e8ba0c","Not executed. Full authority closure, integrated native workload/metrics/lifecycle support and final freeze required before matrix execution. Scoped script success cannot admit this cell."
"test/rc1-native-world-workload.js (full qualification adapter pending)","mostly_veteran_players","250","rc1-gamma","PostgreSQL 18.4 planned; not executed","At least 90 simulated days, 2 applicable season rollovers, 2 executions of every longest applicable lifecycle; continue until concentration/backlog/reachability stabilize; execute every due worker callback","Frozen source/config; native command identities and worker order; complete authoritative resource journals with zero unexplained entries; authorization/invariant/dead-world checks; all required time-series/per-player/final metrics; verified artifact manifest and hashes","None: retained scoped or fixture-only runs are ineligible under frozen specification","FAIL","C","28849070c4f1841b41cf0c4972f19b4cf4e8ba0c","Not executed. Full authority closure, integrated native workload/metrics/lifecycle support and final freeze required before matrix execution. Scoped script success cannot admit this cell."
"test/rc1-native-world-workload.js (full qualification adapter pending)","multi_family_war","250","rc1-alpha","PostgreSQL 18.4 planned; not executed","At least 90 simulated days, 2 applicable season rollovers, 2 executions of every longest applicable lifecycle; continue until concentration/backlog/reachability stabilize; execute every due worker callback","Frozen source/config; native command identities and worker order; complete authoritative resource journals with zero unexplained entries; authorization/invariant/dead-world checks; all required time-series/per-player/final metrics; verified artifact manifest and hashes","None: retained scoped or fixture-only runs are ineligible under frozen specification","FAIL","C","28849070c4f1841b41cf0c4972f19b4cf4e8ba0c","Not executed. Full authority closure, integrated native workload/metrics/lifecycle support and final freeze required before matrix execution. Scoped script success cannot admit this cell."
"test/rc1-native-world-workload.js (full qualification adapter pending)","multi_family_war","250","rc1-beta","PostgreSQL 18.4 planned; not executed","At least 90 simulated days, 2 applicable season rollovers, 2 executions of every longest applicable lifecycle; continue until concentration/backlog/reachability stabilize; execute every due worker callback","Frozen source/config; native command identities and worker order; complete authoritative resource journals with zero unexplained entries; authorization/invariant/dead-world checks; all required time-series/per-player/final metrics; verified artifact manifest and hashes","None: retained scoped or fixture-only runs are ineligible under frozen specification","FAIL","C","28849070c4f1841b41cf0c4972f19b4cf4e8ba0c","Not executed. Full authority closure, integrated native workload/metrics/lifecycle support and final freeze required before matrix execution. Scoped script success cannot admit this cell."
"test/rc1-native-world-workload.js (full qualification adapter pending)","multi_family_war","250","rc1-gamma","PostgreSQL 18.4 planned; not executed","At least 90 simulated days, 2 applicable season rollovers, 2 executions of every longest applicable lifecycle; continue until concentration/backlog/reachability stabilize; execute every due worker callback","Frozen source/config; native command identities and worker order; complete authoritative resource journals with zero unexplained entries; authorization/invariant/dead-world checks; all required time-series/per-player/final metrics; verified artifact manifest and hashes","None: retained scoped or fixture-only runs are ineligible under frozen specification","FAIL","C","28849070c4f1841b41cf0c4972f19b4cf4e8ba0c","Not executed. Full authority closure, integrated native workload/metrics/lifecycle support and final freeze required before matrix execution. Scoped script success cannot admit this cell."
"test/rc1-native-world-workload.js (full qualification adapter pending)","quiet_world","250","rc1-alpha","PostgreSQL 18.4 planned; not executed","At least 90 simulated days, 2 applicable season rollovers, 2 executions of every longest applicable lifecycle; continue until concentration/backlog/reachability stabilize; execute every due worker callback","Frozen source/config; native command identities and worker order; complete authoritative resource journals with zero unexplained entries; authorization/invariant/dead-world checks; all required time-series/per-player/final metrics; verified artifact manifest and hashes","None: retained scoped or fixture-only runs are ineligible under frozen specification","FAIL","C","28849070c4f1841b41cf0c4972f19b4cf4e8ba0c","Not executed. Full authority closure, integrated native workload/metrics/lifecycle support and final freeze required before matrix execution. Scoped script success cannot admit this cell."
"test/rc1-native-world-workload.js (full qualification adapter pending)","quiet_world","250","rc1-beta","PostgreSQL 18.4 planned; not executed","At least 90 simulated days, 2 applicable season rollovers, 2 executions of every longest applicable lifecycle; continue until concentration/backlog/reachability stabilize; execute every due worker callback","Frozen source/config; native command identities and worker order; complete authoritative resource journals with zero unexplained entries; authorization/invariant/dead-world checks; all required time-series/per-player/final metrics; verified artifact manifest and hashes","None: retained scoped or fixture-only runs are ineligible under frozen specification","FAIL","C","28849070c4f1841b41cf0c4972f19b4cf4e8ba0c","Not executed. Full authority closure, integrated native workload/metrics/lifecycle support and final freeze required before matrix execution. Scoped script success cannot admit this cell."
"test/rc1-native-world-workload.js (full qualification adapter pending)","quiet_world","250","rc1-gamma","PostgreSQL 18.4 planned; not executed","At least 90 simulated days, 2 applicable season rollovers, 2 executions of every longest applicable lifecycle; continue until concentration/backlog/reachability stabilize; execute every due worker callback","Frozen source/config; native command identities and worker order; complete authoritative resource journals with zero unexplained entries; authorization/invariant/dead-world checks; all required time-series/per-player/final metrics; verified artifact manifest and hashes","None: retained scoped or fixture-only runs are ineligible under frozen specification","FAIL","C","28849070c4f1841b41cf0c4972f19b4cf4e8ba0c","Not executed. Full authority closure, integrated native workload/metrics/lifecycle support and final freeze required before matrix execution. Scoped script success cannot admit this cell."
"test/rc1-native-world-workload.js (full qualification adapter pending)","resource_abundance","250","rc1-alpha","PostgreSQL 18.4 planned; not executed","At least 90 simulated days, 2 applicable season rollovers, 2 executions of every longest applicable lifecycle; continue until concentration/backlog/reachability stabilize; execute every due worker callback","Frozen source/config; native command identities and worker order; complete authoritative resource journals with zero unexplained entries; authorization/invariant/dead-world checks; all required time-series/per-player/final metrics; verified artifact manifest and hashes","None: retained scoped or fixture-only runs are ineligible under frozen specification","FAIL","C","28849070c4f1841b41cf0c4972f19b4cf4e8ba0c","Not executed. Full authority closure, integrated native workload/metrics/lifecycle support and final freeze required before matrix execution. Scoped script success cannot admit this cell."
"test/rc1-native-world-workload.js (full qualification adapter pending)","resource_abundance","250","rc1-beta","PostgreSQL 18.4 planned; not executed","At least 90 simulated days, 2 applicable season rollovers, 2 executions of every longest applicable lifecycle; continue until concentration/backlog/reachability stabilize; execute every due worker callback","Frozen source/config; native command identities and worker order; complete authoritative resource journals with zero unexplained entries; authorization/invariant/dead-world checks; all required time-series/per-player/final metrics; verified artifact manifest and hashes","None: retained scoped or fixture-only runs are ineligible under frozen specification","FAIL","C","28849070c4f1841b41cf0c4972f19b4cf4e8ba0c","Not executed. Full authority closure, integrated native workload/metrics/lifecycle support and final freeze required before matrix execution. Scoped script success cannot admit this cell."
"test/rc1-native-world-workload.js (full qualification adapter pending)","resource_abundance","250","rc1-gamma","PostgreSQL 18.4 planned; not executed","At least 90 simulated days, 2 applicable season rollovers, 2 executions of every longest applicable lifecycle; continue until concentration/backlog/reachability stabilize; execute every due worker callback","Frozen source/config; native command identities and worker order; complete authoritative resource journals with zero unexplained entries; authorization/invariant/dead-world checks; all required time-series/per-player/final metrics; verified artifact manifest and hashes","None: retained scoped or fixture-only runs are ineligible under frozen specification","FAIL","C","28849070c4f1841b41cf0c4972f19b4cf4e8ba0c","Not executed. Full authority closure, integrated native workload/metrics/lifecycle support and final freeze required before matrix execution. Scoped script success cannot admit this cell."
"test/rc1-native-world-workload.js (full qualification adapter pending)","resource_scarcity","250","rc1-alpha","PostgreSQL 18.4 planned; not executed","At least 90 simulated days, 2 applicable season rollovers, 2 executions of every longest applicable lifecycle; continue until concentration/backlog/reachability stabilize; execute every due worker callback","Frozen source/config; native command identities and worker order; complete authoritative resource journals with zero unexplained entries; authorization/invariant/dead-world checks; all required time-series/per-player/final metrics; verified artifact manifest and hashes","None: retained scoped or fixture-only runs are ineligible under frozen specification","FAIL","C","28849070c4f1841b41cf0c4972f19b4cf4e8ba0c","Not executed. Full authority closure, integrated native workload/metrics/lifecycle support and final freeze required before matrix execution. Scoped script success cannot admit this cell."
"test/rc1-native-world-workload.js (full qualification adapter pending)","resource_scarcity","250","rc1-beta","PostgreSQL 18.4 planned; not executed","At least 90 simulated days, 2 applicable season rollovers, 2 executions of every longest applicable lifecycle; continue until concentration/backlog/reachability stabilize; execute every due worker callback","Frozen source/config; native command identities and worker order; complete authoritative resource journals with zero unexplained entries; authorization/invariant/dead-world checks; all required time-series/per-player/final metrics; verified artifact manifest and hashes","None: retained scoped or fixture-only runs are ineligible under frozen specification","FAIL","C","28849070c4f1841b41cf0c4972f19b4cf4e8ba0c","Not executed. Full authority closure, integrated native workload/metrics/lifecycle support and final freeze required before matrix execution. Scoped script success cannot admit this cell."
"test/rc1-native-world-workload.js (full qualification adapter pending)","resource_scarcity","250","rc1-gamma","PostgreSQL 18.4 planned; not executed","At least 90 simulated days, 2 applicable season rollovers, 2 executions of every longest applicable lifecycle; continue until concentration/backlog/reachability stabilize; execute every due worker callback","Frozen source/config; native command identities and worker order; complete authoritative resource journals with zero unexplained entries; authorization/invariant/dead-world checks; all required time-series/per-player/final metrics; verified artifact manifest and hashes","None: retained scoped or fixture-only runs are ineligible under frozen specification","FAIL","C","28849070c4f1841b41cf0c4972f19b4cf4e8ba0c","Not executed. Full authority closure, integrated native workload/metrics/lifecycle support and final freeze required before matrix execution. Scoped script success cannot admit this cell."
"test/rc1-native-world-workload.js (full qualification adapter pending)","coordinated_alliance","500","rc1-alpha","PostgreSQL 18.4 planned; not executed","At least 90 simulated days, 2 applicable season rollovers, 2 executions of every longest applicable lifecycle; continue until concentration/backlog/reachability stabilize; execute every due worker callback","Frozen source/config; native command identities and worker order; complete authoritative resource journals with zero unexplained entries; authorization/invariant/dead-world checks; all required time-series/per-player/final metrics; verified artifact manifest and hashes","None: retained scoped or fixture-only runs are ineligible under frozen specification","FAIL","C","28849070c4f1841b41cf0c4972f19b4cf4e8ba0c","Not executed. Full authority closure, integrated native workload/metrics/lifecycle support and final freeze required before matrix execution. Scoped script success cannot admit this cell."
"test/rc1-native-world-workload.js (full qualification adapter pending)","coordinated_alliance","500","rc1-beta","PostgreSQL 18.4 planned; not executed","At least 90 simulated days, 2 applicable season rollovers, 2 executions of every longest applicable lifecycle; continue until concentration/backlog/reachability stabilize; execute every due worker callback","Frozen source/config; native command identities and worker order; complete authoritative resource journals with zero unexplained entries; authorization/invariant/dead-world checks; all required time-series/per-player/final metrics; verified artifact manifest and hashes","None: retained scoped or fixture-only runs are ineligible under frozen specification","FAIL","C","28849070c4f1841b41cf0c4972f19b4cf4e8ba0c","Not executed. Full authority closure, integrated native workload/metrics/lifecycle support and final freeze required before matrix execution. Scoped script success cannot admit this cell."
"test/rc1-native-world-workload.js (full qualification adapter pending)","coordinated_alliance","500","rc1-gamma","PostgreSQL 18.4 planned; not executed","At least 90 simulated days, 2 applicable season rollovers, 2 executions of every longest applicable lifecycle; continue until concentration/backlog/reachability stabilize; execute every due worker callback","Frozen source/config; native command identities and worker order; complete authoritative resource journals with zero unexplained entries; authorization/invariant/dead-world checks; all required time-series/per-player/final metrics; verified artifact manifest and hashes","None: retained scoped or fixture-only runs are ineligible under frozen specification","FAIL","C","28849070c4f1841b41cf0c4972f19b4cf4e8ba0c","Not executed. Full authority closure, integrated native workload/metrics/lifecycle support and final freeze required before matrix execution. Scoped script success cannot admit this cell."
"test/rc1-native-world-workload.js (full qualification adapter pending)","family_monopoly","500","rc1-alpha","PostgreSQL 18.4 planned; not executed","At least 90 simulated days, 2 applicable season rollovers, 2 executions of every longest applicable lifecycle; continue until concentration/backlog/reachability stabilize; execute every due worker callback","Frozen source/config; native command identities and worker order; complete authoritative resource journals with zero unexplained entries; authorization/invariant/dead-world checks; all required time-series/per-player/final metrics; verified artifact manifest and hashes","None: retained scoped or fixture-only runs are ineligible under frozen specification","FAIL","C","28849070c4f1841b41cf0c4972f19b4cf4e8ba0c","Not executed. Full authority closure, integrated native workload/metrics/lifecycle support and final freeze required before matrix execution. Scoped script success cannot admit this cell."
"test/rc1-native-world-workload.js (full qualification adapter pending)","family_monopoly","500","rc1-beta","PostgreSQL 18.4 planned; not executed","At least 90 simulated days, 2 applicable season rollovers, 2 executions of every longest applicable lifecycle; continue until concentration/backlog/reachability stabilize; execute every due worker callback","Frozen source/config; native command identities and worker order; complete authoritative resource journals with zero unexplained entries; authorization/invariant/dead-world checks; all required time-series/per-player/final metrics; verified artifact manifest and hashes","None: retained scoped or fixture-only runs are ineligible under frozen specification","FAIL","C","28849070c4f1841b41cf0c4972f19b4cf4e8ba0c","Not executed. Full authority closure, integrated native workload/metrics/lifecycle support and final freeze required before matrix execution. Scoped script success cannot admit this cell."
"test/rc1-native-world-workload.js (full qualification adapter pending)","family_monopoly","500","rc1-gamma","PostgreSQL 18.4 planned; not executed","At least 90 simulated days, 2 applicable season rollovers, 2 executions of every longest applicable lifecycle; continue until concentration/backlog/reachability stabilize; execute every due worker callback","Frozen source/config; native command identities and worker order; complete authoritative resource journals with zero unexplained entries; authorization/invariant/dead-world checks; all required time-series/per-player/final metrics; verified artifact manifest and hashes","None: retained scoped or fixture-only runs are ineligible under frozen specification","FAIL","C","28849070c4f1841b41cf0c4972f19b4cf4e8ba0c","Not executed. Full authority closure, integrated native workload/metrics/lifecycle support and final freeze required before matrix execution. Scoped script success cannot admit this cell."
"test/rc1-native-world-workload.js (full qualification adapter pending)","fragmented_families","500","rc1-alpha","PostgreSQL 18.4 planned; not executed","At least 90 simulated days, 2 applicable season rollovers, 2 executions of every longest applicable lifecycle; continue until concentration/backlog/reachability stabilize; execute every due worker callback","Frozen source/config; native command identities and worker order; complete authoritative resource journals with zero unexplained entries; authorization/invariant/dead-world checks; all required time-series/per-player/final metrics; verified artifact manifest and hashes","None: retained scoped or fixture-only runs are ineligible under frozen specification","FAIL","C","28849070c4f1841b41cf0c4972f19b4cf4e8ba0c","Not executed. Full authority closure, integrated native workload/metrics/lifecycle support and final freeze required before matrix execution. Scoped script success cannot admit this cell."
"test/rc1-native-world-workload.js (full qualification adapter pending)","fragmented_families","500","rc1-beta","PostgreSQL 18.4 planned; not executed","At least 90 simulated days, 2 applicable season rollovers, 2 executions of every longest applicable lifecycle; continue until concentration/backlog/reachability stabilize; execute every due worker callback","Frozen source/config; native command identities and worker order; complete authoritative resource journals with zero unexplained entries; authorization/invariant/dead-world checks; all required time-series/per-player/final metrics; verified artifact manifest and hashes","None: retained scoped or fixture-only runs are ineligible under frozen specification","FAIL","C","28849070c4f1841b41cf0c4972f19b4cf4e8ba0c","Not executed. Full authority closure, integrated native workload/metrics/lifecycle support and final freeze required before matrix execution. Scoped script success cannot admit this cell."
"test/rc1-native-world-workload.js (full qualification adapter pending)","fragmented_families","500","rc1-gamma","PostgreSQL 18.4 planned; not executed","At least 90 simulated days, 2 applicable season rollovers, 2 executions of every longest applicable lifecycle; continue until concentration/backlog/reachability stabilize; execute every due worker callback","Frozen source/config; native command identities and worker order; complete authoritative resource journals with zero unexplained entries; authorization/invariant/dead-world checks; all required time-series/per-player/final metrics; verified artifact manifest and hashes","None: retained scoped or fixture-only runs are ineligible under frozen specification","FAIL","C","28849070c4f1841b41cf0c4972f19b4cf4e8ba0c","Not executed. Full authority closure, integrated native workload/metrics/lifecycle support and final freeze required before matrix execution. Scoped script success cannot admit this cell."
"test/rc1-native-world-workload.js (full qualification adapter pending)","high_aggression","500","rc1-alpha","PostgreSQL 18.4 planned; not executed","At least 90 simulated days, 2 applicable season rollovers, 2 executions of every longest applicable lifecycle; continue until concentration/backlog/reachability stabilize; execute every due worker callback","Frozen source/config; native command identities and worker order; complete authoritative resource journals with zero unexplained entries; authorization/invariant/dead-world checks; all required time-series/per-player/final metrics; verified artifact manifest and hashes","None: retained scoped or fixture-only runs are ineligible under frozen specification","FAIL","C","28849070c4f1841b41cf0c4972f19b4cf4e8ba0c","Not executed. Full authority closure, integrated native workload/metrics/lifecycle support and final freeze required before matrix execution. Scoped script success cannot admit this cell."
"test/rc1-native-world-workload.js (full qualification adapter pending)","high_aggression","500","rc1-beta","PostgreSQL 18.4 planned; not executed","At least 90 simulated days, 2 applicable season rollovers, 2 executions of every longest applicable lifecycle; continue until concentration/backlog/reachability stabilize; execute every due worker callback","Frozen source/config; native command identities and worker order; complete authoritative resource journals with zero unexplained entries; authorization/invariant/dead-world checks; all required time-series/per-player/final metrics; verified artifact manifest and hashes","None: retained scoped or fixture-only runs are ineligible under frozen specification","FAIL","C","28849070c4f1841b41cf0c4972f19b4cf4e8ba0c","Not executed. Full authority closure, integrated native workload/metrics/lifecycle support and final freeze required before matrix execution. Scoped script success cannot admit this cell."
"test/rc1-native-world-workload.js (full qualification adapter pending)","high_aggression","500","rc1-gamma","PostgreSQL 18.4 planned; not executed","At least 90 simulated days, 2 applicable season rollovers, 2 executions of every longest applicable lifecycle; continue until concentration/backlog/reachability stabilize; execute every due worker callback","Frozen source/config; native command identities and worker order; complete authoritative resource journals with zero unexplained entries; authorization/invariant/dead-world checks; all required time-series/per-player/final metrics; verified artifact manifest and hashes","None: retained scoped or fixture-only runs are ineligible under frozen specification","FAIL","C","28849070c4f1841b41cf0c4972f19b4cf4e8ba0c","Not executed. Full authority closure, integrated native workload/metrics/lifecycle support and final freeze required before matrix execution. Scoped script success cannot admit this cell."
"test/rc1-native-world-workload.js (full qualification adapter pending)","high_mystery_participation","500","rc1-alpha","PostgreSQL 18.4 planned; not executed","At least 90 simulated days, 2 applicable season rollovers, 2 executions of every longest applicable lifecycle; continue until concentration/backlog/reachability stabilize; execute every due worker callback","Frozen source/config; native command identities and worker order; complete authoritative resource journals with zero unexplained entries; authorization/invariant/dead-world checks; all required time-series/per-player/final metrics; verified artifact manifest and hashes","None: retained scoped or fixture-only runs are ineligible under frozen specification","FAIL","C","28849070c4f1841b41cf0c4972f19b4cf4e8ba0c","Not executed. Full authority closure, integrated native workload/metrics/lifecycle support and final freeze required before matrix execution. Scoped script success cannot admit this cell."
"test/rc1-native-world-workload.js (full qualification adapter pending)","high_mystery_participation","500","rc1-beta","PostgreSQL 18.4 planned; not executed","At least 90 simulated days, 2 applicable season rollovers, 2 executions of every longest applicable lifecycle; continue until concentration/backlog/reachability stabilize; execute every due worker callback","Frozen source/config; native command identities and worker order; complete authoritative resource journals with zero unexplained entries; authorization/invariant/dead-world checks; all required time-series/per-player/final metrics; verified artifact manifest and hashes","None: retained scoped or fixture-only runs are ineligible under frozen specification","FAIL","C","28849070c4f1841b41cf0c4972f19b4cf4e8ba0c","Not executed. Full authority closure, integrated native workload/metrics/lifecycle support and final freeze required before matrix execution. Scoped script success cannot admit this cell."
"test/rc1-native-world-workload.js (full qualification adapter pending)","high_mystery_participation","500","rc1-gamma","PostgreSQL 18.4 planned; not executed","At least 90 simulated days, 2 applicable season rollovers, 2 executions of every longest applicable lifecycle; continue until concentration/backlog/reachability stabilize; execute every due worker callback","Frozen source/config; native command identities and worker order; complete authoritative resource journals with zero unexplained entries; authorization/invariant/dead-world checks; all required time-series/per-player/final metrics; verified artifact manifest and hashes","None: retained scoped or fixture-only runs are ineligible under frozen specification","FAIL","C","28849070c4f1841b41cf0c4972f19b4cf4e8ba0c","Not executed. Full authority closure, integrated native workload/metrics/lifecycle support and final freeze required before matrix execution. Scoped script success cannot admit this cell."
"test/rc1-native-world-workload.js (full qualification adapter pending)","law_pressure","500","rc1-alpha","PostgreSQL 18.4 planned; not executed","At least 90 simulated days, 2 applicable season rollovers, 2 executions of every longest applicable lifecycle; continue until concentration/backlog/reachability stabilize; execute every due worker callback","Frozen source/config; native command identities and worker order; complete authoritative resource journals with zero unexplained entries; authorization/invariant/dead-world checks; all required time-series/per-player/final metrics; verified artifact manifest and hashes","None: retained scoped or fixture-only runs are ineligible under frozen specification","FAIL","C","28849070c4f1841b41cf0c4972f19b4cf4e8ba0c","Not executed. Full authority closure, integrated native workload/metrics/lifecycle support and final freeze required before matrix execution. Scoped script success cannot admit this cell."
"test/rc1-native-world-workload.js (full qualification adapter pending)","law_pressure","500","rc1-beta","PostgreSQL 18.4 planned; not executed","At least 90 simulated days, 2 applicable season rollovers, 2 executions of every longest applicable lifecycle; continue until concentration/backlog/reachability stabilize; execute every due worker callback","Frozen source/config; native command identities and worker order; complete authoritative resource journals with zero unexplained entries; authorization/invariant/dead-world checks; all required time-series/per-player/final metrics; verified artifact manifest and hashes","None: retained scoped or fixture-only runs are ineligible under frozen specification","FAIL","C","28849070c4f1841b41cf0c4972f19b4cf4e8ba0c","Not executed. Full authority closure, integrated native workload/metrics/lifecycle support and final freeze required before matrix execution. Scoped script success cannot admit this cell."
"test/rc1-native-world-workload.js (full qualification adapter pending)","law_pressure","500","rc1-gamma","PostgreSQL 18.4 planned; not executed","At least 90 simulated days, 2 applicable season rollovers, 2 executions of every longest applicable lifecycle; continue until concentration/backlog/reachability stabilize; execute every due worker callback","Frozen source/config; native command identities and worker order; complete authoritative resource journals with zero unexplained entries; authorization/invariant/dead-world checks; all required time-series/per-player/final metrics; verified artifact manifest and hashes","None: retained scoped or fixture-only runs are ineligible under frozen specification","FAIL","C","28849070c4f1841b41cf0c4972f19b4cf4e8ba0c","Not executed. Full authority closure, integrated native workload/metrics/lifecycle support and final freeze required before matrix execution. Scoped script success cannot admit this cell."
"test/rc1-native-world-workload.js (full qualification adapter pending)","low_mystery_participation","500","rc1-alpha","PostgreSQL 18.4 planned; not executed","At least 90 simulated days, 2 applicable season rollovers, 2 executions of every longest applicable lifecycle; continue until concentration/backlog/reachability stabilize; execute every due worker callback","Frozen source/config; native command identities and worker order; complete authoritative resource journals with zero unexplained entries; authorization/invariant/dead-world checks; all required time-series/per-player/final metrics; verified artifact manifest and hashes","None: retained scoped or fixture-only runs are ineligible under frozen specification","FAIL","C","28849070c4f1841b41cf0c4972f19b4cf4e8ba0c","Not executed. Full authority closure, integrated native workload/metrics/lifecycle support and final freeze required before matrix execution. Scoped script success cannot admit this cell."
"test/rc1-native-world-workload.js (full qualification adapter pending)","low_mystery_participation","500","rc1-beta","PostgreSQL 18.4 planned; not executed","At least 90 simulated days, 2 applicable season rollovers, 2 executions of every longest applicable lifecycle; continue until concentration/backlog/reachability stabilize; execute every due worker callback","Frozen source/config; native command identities and worker order; complete authoritative resource journals with zero unexplained entries; authorization/invariant/dead-world checks; all required time-series/per-player/final metrics; verified artifact manifest and hashes","None: retained scoped or fixture-only runs are ineligible under frozen specification","FAIL","C","28849070c4f1841b41cf0c4972f19b4cf4e8ba0c","Not executed. Full authority closure, integrated native workload/metrics/lifecycle support and final freeze required before matrix execution. Scoped script success cannot admit this cell."
"test/rc1-native-world-workload.js (full qualification adapter pending)","low_mystery_participation","500","rc1-gamma","PostgreSQL 18.4 planned; not executed","At least 90 simulated days, 2 applicable season rollovers, 2 executions of every longest applicable lifecycle; continue until concentration/backlog/reachability stabilize; execute every due worker callback","Frozen source/config; native command identities and worker order; complete authoritative resource journals with zero unexplained entries; authorization/invariant/dead-world checks; all required time-series/per-player/final metrics; verified artifact manifest and hashes","None: retained scoped or fixture-only runs are ineligible under frozen specification","FAIL","C","28849070c4f1841b41cf0c4972f19b4cf4e8ba0c","Not executed. Full authority closure, integrated native workload/metrics/lifecycle support and final freeze required before matrix execution. Scoped script success cannot admit this cell."
"test/rc1-native-world-workload.js (full qualification adapter pending)","market_stress","500","rc1-alpha","PostgreSQL 18.4 planned; not executed","At least 90 simulated days, 2 applicable season rollovers, 2 executions of every longest applicable lifecycle; continue until concentration/backlog/reachability stabilize; execute every due worker callback","Frozen source/config; native command identities and worker order; complete authoritative resource journals with zero unexplained entries; authorization/invariant/dead-world checks; all required time-series/per-player/final metrics; verified artifact manifest and hashes","None: retained scoped or fixture-only runs are ineligible under frozen specification","FAIL","C","28849070c4f1841b41cf0c4972f19b4cf4e8ba0c","Not executed. Full authority closure, integrated native workload/metrics/lifecycle support and final freeze required before matrix execution. Scoped script success cannot admit this cell."
"test/rc1-native-world-workload.js (full qualification adapter pending)","market_stress","500","rc1-beta","PostgreSQL 18.4 planned; not executed","At least 90 simulated days, 2 applicable season rollovers, 2 executions of every longest applicable lifecycle; continue until concentration/backlog/reachability stabilize; execute every due worker callback","Frozen source/config; native command identities and worker order; complete authoritative resource journals with zero unexplained entries; authorization/invariant/dead-world checks; all required time-series/per-player/final metrics; verified artifact manifest and hashes","None: retained scoped or fixture-only runs are ineligible under frozen specification","FAIL","C","28849070c4f1841b41cf0c4972f19b4cf4e8ba0c","Not executed. Full authority closure, integrated native workload/metrics/lifecycle support and final freeze required before matrix execution. Scoped script success cannot admit this cell."
"test/rc1-native-world-workload.js (full qualification adapter pending)","market_stress","500","rc1-gamma","PostgreSQL 18.4 planned; not executed","At least 90 simulated days, 2 applicable season rollovers, 2 executions of every longest applicable lifecycle; continue until concentration/backlog/reachability stabilize; execute every due worker callback","Frozen source/config; native command identities and worker order; complete authoritative resource journals with zero unexplained entries; authorization/invariant/dead-world checks; all required time-series/per-player/final metrics; verified artifact manifest and hashes","None: retained scoped or fixture-only runs are ineligible under frozen specification","FAIL","C","28849070c4f1841b41cf0c4972f19b4cf4e8ba0c","Not executed. Full authority closure, integrated native workload/metrics/lifecycle support and final freeze required before matrix execution. Scoped script success cannot admit this cell."
"test/rc1-native-world-workload.js (full qualification adapter pending)","mostly_new_players","500","rc1-alpha","PostgreSQL 18.4 planned; not executed","At least 90 simulated days, 2 applicable season rollovers, 2 executions of every longest applicable lifecycle; continue until concentration/backlog/reachability stabilize; execute every due worker callback","Frozen source/config; native command identities and worker order; complete authoritative resource journals with zero unexplained entries; authorization/invariant/dead-world checks; all required time-series/per-player/final metrics; verified artifact manifest and hashes","None: retained scoped or fixture-only runs are ineligible under frozen specification","FAIL","C","28849070c4f1841b41cf0c4972f19b4cf4e8ba0c","Not executed. Full authority closure, integrated native workload/metrics/lifecycle support and final freeze required before matrix execution. Scoped script success cannot admit this cell."
"test/rc1-native-world-workload.js (full qualification adapter pending)","mostly_new_players","500","rc1-beta","PostgreSQL 18.4 planned; not executed","At least 90 simulated days, 2 applicable season rollovers, 2 executions of every longest applicable lifecycle; continue until concentration/backlog/reachability stabilize; execute every due worker callback","Frozen source/config; native command identities and worker order; complete authoritative resource journals with zero unexplained entries; authorization/invariant/dead-world checks; all required time-series/per-player/final metrics; verified artifact manifest and hashes","None: retained scoped or fixture-only runs are ineligible under frozen specification","FAIL","C","28849070c4f1841b41cf0c4972f19b4cf4e8ba0c","Not executed. Full authority closure, integrated native workload/metrics/lifecycle support and final freeze required before matrix execution. Scoped script success cannot admit this cell."
"test/rc1-native-world-workload.js (full qualification adapter pending)","mostly_new_players","500","rc1-gamma","PostgreSQL 18.4 planned; not executed","At least 90 simulated days, 2 applicable season rollovers, 2 executions of every longest applicable lifecycle; continue until concentration/backlog/reachability stabilize; execute every due worker callback","Frozen source/config; native command identities and worker order; complete authoritative resource journals with zero unexplained entries; authorization/invariant/dead-world checks; all required time-series/per-player/final metrics; verified artifact manifest and hashes","None: retained scoped or fixture-only runs are ineligible under frozen specification","FAIL","C","28849070c4f1841b41cf0c4972f19b4cf4e8ba0c","Not executed. Full authority closure, integrated native workload/metrics/lifecycle support and final freeze required before matrix execution. Scoped script success cannot admit this cell."
"test/rc1-native-world-workload.js (full qualification adapter pending)","mostly_veteran_players","500","rc1-alpha","PostgreSQL 18.4 planned; not executed","At least 90 simulated days, 2 applicable season rollovers, 2 executions of every longest applicable lifecycle; continue until concentration/backlog/reachability stabilize; execute every due worker callback","Frozen source/config; native command identities and worker order; complete authoritative resource journals with zero unexplained entries; authorization/invariant/dead-world checks; all required time-series/per-player/final metrics; verified artifact manifest and hashes","None: retained scoped or fixture-only runs are ineligible under frozen specification","FAIL","C","28849070c4f1841b41cf0c4972f19b4cf4e8ba0c","Not executed. Full authority closure, integrated native workload/metrics/lifecycle support and final freeze required before matrix execution. Scoped script success cannot admit this cell."
"test/rc1-native-world-workload.js (full qualification adapter pending)","mostly_veteran_players","500","rc1-beta","PostgreSQL 18.4 planned; not executed","At least 90 simulated days, 2 applicable season rollovers, 2 executions of every longest applicable lifecycle; continue until concentration/backlog/reachability stabilize; execute every due worker callback","Frozen source/config; native command identities and worker order; complete authoritative resource journals with zero unexplained entries; authorization/invariant/dead-world checks; all required time-series/per-player/final metrics; verified artifact manifest and hashes","None: retained scoped or fixture-only runs are ineligible under frozen specification","FAIL","C","28849070c4f1841b41cf0c4972f19b4cf4e8ba0c","Not executed. Full authority closure, integrated native workload/metrics/lifecycle support and final freeze required before matrix execution. Scoped script success cannot admit this cell."
"test/rc1-native-world-workload.js (full qualification adapter pending)","mostly_veteran_players","500","rc1-gamma","PostgreSQL 18.4 planned; not executed","At least 90 simulated days, 2 applicable season rollovers, 2 executions of every longest applicable lifecycle; continue until concentration/backlog/reachability stabilize; execute every due worker callback","Frozen source/config; native command identities and worker order; complete authoritative resource journals with zero unexplained entries; authorization/invariant/dead-world checks; all required time-series/per-player/final metrics; verified artifact manifest and hashes","None: retained scoped or fixture-only runs are ineligible under frozen specification","FAIL","C","28849070c4f1841b41cf0c4972f19b4cf4e8ba0c","Not executed. Full authority closure, integrated native workload/metrics/lifecycle support and final freeze required before matrix execution. Scoped script success cannot admit this cell."
"test/rc1-native-world-workload.js (full qualification adapter pending)","multi_family_war","500","rc1-alpha","PostgreSQL 18.4 planned; not executed","At least 90 simulated days, 2 applicable season rollovers, 2 executions of every longest applicable lifecycle; continue until concentration/backlog/reachability stabilize; execute every due worker callback","Frozen source/config; native command identities and worker order; complete authoritative resource journals with zero unexplained entries; authorization/invariant/dead-world checks; all required time-series/per-player/final metrics; verified artifact manifest and hashes","None: retained scoped or fixture-only runs are ineligible under frozen specification","FAIL","C","28849070c4f1841b41cf0c4972f19b4cf4e8ba0c","Not executed. Full authority closure, integrated native workload/metrics/lifecycle support and final freeze required before matrix execution. Scoped script success cannot admit this cell."
"test/rc1-native-world-workload.js (full qualification adapter pending)","multi_family_war","500","rc1-beta","PostgreSQL 18.4 planned; not executed","At least 90 simulated days, 2 applicable season rollovers, 2 executions of every longest applicable lifecycle; continue until concentration/backlog/reachability stabilize; execute every due worker callback","Frozen source/config; native command identities and worker order; complete authoritative resource journals with zero unexplained entries; authorization/invariant/dead-world checks; all required time-series/per-player/final metrics; verified artifact manifest and hashes","None: retained scoped or fixture-only runs are ineligible under frozen specification","FAIL","C","28849070c4f1841b41cf0c4972f19b4cf4e8ba0c","Not executed. Full authority closure, integrated native workload/metrics/lifecycle support and final freeze required before matrix execution. Scoped script success cannot admit this cell."
"test/rc1-native-world-workload.js (full qualification adapter pending)","multi_family_war","500","rc1-gamma","PostgreSQL 18.4 planned; not executed","At least 90 simulated days, 2 applicable season rollovers, 2 executions of every longest applicable lifecycle; continue until concentration/backlog/reachability stabilize; execute every due worker callback","Frozen source/config; native command identities and worker order; complete authoritative resource journals with zero unexplained entries; authorization/invariant/dead-world checks; all required time-series/per-player/final metrics; verified artifact manifest and hashes","None: retained scoped or fixture-only runs are ineligible under frozen specification","FAIL","C","28849070c4f1841b41cf0c4972f19b4cf4e8ba0c","Not executed. Full authority closure, integrated native workload/metrics/lifecycle support and final freeze required before matrix execution. Scoped script success cannot admit this cell."
"test/rc1-native-world-workload.js (full qualification adapter pending)","quiet_world","500","rc1-alpha","PostgreSQL 18.4 planned; not executed","At least 90 simulated days, 2 applicable season rollovers, 2 executions of every longest applicable lifecycle; continue until concentration/backlog/reachability stabilize; execute every due worker callback","Frozen source/config; native command identities and worker order; complete authoritative resource journals with zero unexplained entries; authorization/invariant/dead-world checks; all required time-series/per-player/final metrics; verified artifact manifest and hashes","None: retained scoped or fixture-only runs are ineligible under frozen specification","FAIL","C","28849070c4f1841b41cf0c4972f19b4cf4e8ba0c","Not executed. Full authority closure, integrated native workload/metrics/lifecycle support and final freeze required before matrix execution. Scoped script success cannot admit this cell."
"test/rc1-native-world-workload.js (full qualification adapter pending)","quiet_world","500","rc1-beta","PostgreSQL 18.4 planned; not executed","At least 90 simulated days, 2 applicable season rollovers, 2 executions of every longest applicable lifecycle; continue until concentration/backlog/reachability stabilize; execute every due worker callback","Frozen source/config; native command identities and worker order; complete authoritative resource journals with zero unexplained entries; authorization/invariant/dead-world checks; all required time-series/per-player/final metrics; verified artifact manifest and hashes","None: retained scoped or fixture-only runs are ineligible under frozen specification","FAIL","C","28849070c4f1841b41cf0c4972f19b4cf4e8ba0c","Not executed. Full authority closure, integrated native workload/metrics/lifecycle support and final freeze required before matrix execution. Scoped script success cannot admit this cell."
"test/rc1-native-world-workload.js (full qualification adapter pending)","quiet_world","500","rc1-gamma","PostgreSQL 18.4 planned; not executed","At least 90 simulated days, 2 applicable season rollovers, 2 executions of every longest applicable lifecycle; continue until concentration/backlog/reachability stabilize; execute every due worker callback","Frozen source/config; native command identities and worker order; complete authoritative resource journals with zero unexplained entries; authorization/invariant/dead-world checks; all required time-series/per-player/final metrics; verified artifact manifest and hashes","None: retained scoped or fixture-only runs are ineligible under frozen specification","FAIL","C","28849070c4f1841b41cf0c4972f19b4cf4e8ba0c","Not executed. Full authority closure, integrated native workload/metrics/lifecycle support and final freeze required before matrix execution. Scoped script success cannot admit this cell."
"test/rc1-native-world-workload.js (full qualification adapter pending)","resource_abundance","500","rc1-alpha","PostgreSQL 18.4 planned; not executed","At least 90 simulated days, 2 applicable season rollovers, 2 executions of every longest applicable lifecycle; continue until concentration/backlog/reachability stabilize; execute every due worker callback","Frozen source/config; native command identities and worker order; complete authoritative resource journals with zero unexplained entries; authorization/invariant/dead-world checks; all required time-series/per-player/final metrics; verified artifact manifest and hashes","None: retained scoped or fixture-only runs are ineligible under frozen specification","FAIL","C","28849070c4f1841b41cf0c4972f19b4cf4e8ba0c","Not executed. Full authority closure, integrated native workload/metrics/lifecycle support and final freeze required before matrix execution. Scoped script success cannot admit this cell."
"test/rc1-native-world-workload.js (full qualification adapter pending)","resource_abundance","500","rc1-beta","PostgreSQL 18.4 planned; not executed","At least 90 simulated days, 2 applicable season rollovers, 2 executions of every longest applicable lifecycle; continue until concentration/backlog/reachability stabilize; execute every due worker callback","Frozen source/config; native command identities and worker order; complete authoritative resource journals with zero unexplained entries; authorization/invariant/dead-world checks; all required time-series/per-player/final metrics; verified artifact manifest and hashes","None: retained scoped or fixture-only runs are ineligible under frozen specification","FAIL","C","28849070c4f1841b41cf0c4972f19b4cf4e8ba0c","Not executed. Full authority closure, integrated native workload/metrics/lifecycle support and final freeze required before matrix execution. Scoped script success cannot admit this cell."
"test/rc1-native-world-workload.js (full qualification adapter pending)","resource_abundance","500","rc1-gamma","PostgreSQL 18.4 planned; not executed","At least 90 simulated days, 2 applicable season rollovers, 2 executions of every longest applicable lifecycle; continue until concentration/backlog/reachability stabilize; execute every due worker callback","Frozen source/config; native command identities and worker order; complete authoritative resource journals with zero unexplained entries; authorization/invariant/dead-world checks; all required time-series/per-player/final metrics; verified artifact manifest and hashes","None: retained scoped or fixture-only runs are ineligible under frozen specification","FAIL","C","28849070c4f1841b41cf0c4972f19b4cf4e8ba0c","Not executed. Full authority closure, integrated native workload/metrics/lifecycle support and final freeze required before matrix execution. Scoped script success cannot admit this cell."
"test/rc1-native-world-workload.js (full qualification adapter pending)","resource_scarcity","500","rc1-alpha","PostgreSQL 18.4 planned; not executed","At least 90 simulated days, 2 applicable season rollovers, 2 executions of every longest applicable lifecycle; continue until concentration/backlog/reachability stabilize; execute every due worker callback","Frozen source/config; native command identities and worker order; complete authoritative resource journals with zero unexplained entries; authorization/invariant/dead-world checks; all required time-series/per-player/final metrics; verified artifact manifest and hashes","None: retained scoped or fixture-only runs are ineligible under frozen specification","FAIL","C","28849070c4f1841b41cf0c4972f19b4cf4e8ba0c","Not executed. Full authority closure, integrated native workload/metrics/lifecycle support and final freeze required before matrix execution. Scoped script success cannot admit this cell."
"test/rc1-native-world-workload.js (full qualification adapter pending)","resource_scarcity","500","rc1-beta","PostgreSQL 18.4 planned; not executed","At least 90 simulated days, 2 applicable season rollovers, 2 executions of every longest applicable lifecycle; continue until concentration/backlog/reachability stabilize; execute every due worker callback","Frozen source/config; native command identities and worker order; complete authoritative resource journals with zero unexplained entries; authorization/invariant/dead-world checks; all required time-series/per-player/final metrics; verified artifact manifest and hashes","None: retained scoped or fixture-only runs are ineligible under frozen specification","FAIL","C","28849070c4f1841b41cf0c4972f19b4cf4e8ba0c","Not executed. Full authority closure, integrated native workload/metrics/lifecycle support and final freeze required before matrix execution. Scoped script success cannot admit this cell."
"test/rc1-native-world-workload.js (full qualification adapter pending)","resource_scarcity","500","rc1-gamma","PostgreSQL 18.4 planned; not executed","At least 90 simulated days, 2 applicable season rollovers, 2 executions of every longest applicable lifecycle; continue until concentration/backlog/reachability stabilize; execute every due worker callback","Frozen source/config; native command identities and worker order; complete authoritative resource journals with zero unexplained entries; authorization/invariant/dead-world checks; all required time-series/per-player/final metrics; verified artifact manifest and hashes","None: retained scoped or fixture-only runs are ineligible under frozen specification","FAIL","C","28849070c4f1841b41cf0c4972f19b4cf4e8ba0c","Not executed. Full authority closure, integrated native workload/metrics/lifecycle support and final freeze required before matrix execution. Scoped script success cannot admit this cell."
"test/rc1-native-world-workload.js (full qualification adapter pending)","coordinated_alliance","1000","rc1-alpha","PostgreSQL 18.4 planned; not executed","At least 90 simulated days, 2 applicable season rollovers, 2 executions of every longest applicable lifecycle; continue until concentration/backlog/reachability stabilize; execute every due worker callback","Frozen source/config; native command identities and worker order; complete authoritative resource journals with zero unexplained entries; authorization/invariant/dead-world checks; all required time-series/per-player/final metrics; verified artifact manifest and hashes","None: retained scoped or fixture-only runs are ineligible under frozen specification","FAIL","C","28849070c4f1841b41cf0c4972f19b4cf4e8ba0c","Not executed. Full authority closure, integrated native workload/metrics/lifecycle support and final freeze required before matrix execution. Scoped script success cannot admit this cell."
"test/rc1-native-world-workload.js (full qualification adapter pending)","coordinated_alliance","1000","rc1-beta","PostgreSQL 18.4 planned; not executed","At least 90 simulated days, 2 applicable season rollovers, 2 executions of every longest applicable lifecycle; continue until concentration/backlog/reachability stabilize; execute every due worker callback","Frozen source/config; native command identities and worker order; complete authoritative resource journals with zero unexplained entries; authorization/invariant/dead-world checks; all required time-series/per-player/final metrics; verified artifact manifest and hashes","None: retained scoped or fixture-only runs are ineligible under frozen specification","FAIL","C","28849070c4f1841b41cf0c4972f19b4cf4e8ba0c","Not executed. Full authority closure, integrated native workload/metrics/lifecycle support and final freeze required before matrix execution. Scoped script success cannot admit this cell."
"test/rc1-native-world-workload.js (full qualification adapter pending)","coordinated_alliance","1000","rc1-gamma","PostgreSQL 18.4 planned; not executed","At least 90 simulated days, 2 applicable season rollovers, 2 executions of every longest applicable lifecycle; continue until concentration/backlog/reachability stabilize; execute every due worker callback","Frozen source/config; native command identities and worker order; complete authoritative resource journals with zero unexplained entries; authorization/invariant/dead-world checks; all required time-series/per-player/final metrics; verified artifact manifest and hashes","None: retained scoped or fixture-only runs are ineligible under frozen specification","FAIL","C","28849070c4f1841b41cf0c4972f19b4cf4e8ba0c","Not executed. Full authority closure, integrated native workload/metrics/lifecycle support and final freeze required before matrix execution. Scoped script success cannot admit this cell."
"test/rc1-native-world-workload.js (full qualification adapter pending)","family_monopoly","1000","rc1-alpha","PostgreSQL 18.4 planned; not executed","At least 90 simulated days, 2 applicable season rollovers, 2 executions of every longest applicable lifecycle; continue until concentration/backlog/reachability stabilize; execute every due worker callback","Frozen source/config; native command identities and worker order; complete authoritative resource journals with zero unexplained entries; authorization/invariant/dead-world checks; all required time-series/per-player/final metrics; verified artifact manifest and hashes","None: retained scoped or fixture-only runs are ineligible under frozen specification","FAIL","C","28849070c4f1841b41cf0c4972f19b4cf4e8ba0c","Not executed. Full authority closure, integrated native workload/metrics/lifecycle support and final freeze required before matrix execution. Scoped script success cannot admit this cell."
"test/rc1-native-world-workload.js (full qualification adapter pending)","family_monopoly","1000","rc1-beta","PostgreSQL 18.4 planned; not executed","At least 90 simulated days, 2 applicable season rollovers, 2 executions of every longest applicable lifecycle; continue until concentration/backlog/reachability stabilize; execute every due worker callback","Frozen source/config; native command identities and worker order; complete authoritative resource journals with zero unexplained entries; authorization/invariant/dead-world checks; all required time-series/per-player/final metrics; verified artifact manifest and hashes","None: retained scoped or fixture-only runs are ineligible under frozen specification","FAIL","C","28849070c4f1841b41cf0c4972f19b4cf4e8ba0c","Not executed. Full authority closure, integrated native workload/metrics/lifecycle support and final freeze required before matrix execution. Scoped script success cannot admit this cell."
"test/rc1-native-world-workload.js (full qualification adapter pending)","family_monopoly","1000","rc1-gamma","PostgreSQL 18.4 planned; not executed","At least 90 simulated days, 2 applicable season rollovers, 2 executions of every longest applicable lifecycle; continue until concentration/backlog/reachability stabilize; execute every due worker callback","Frozen source/config; native command identities and worker order; complete authoritative resource journals with zero unexplained entries; authorization/invariant/dead-world checks; all required time-series/per-player/final metrics; verified artifact manifest and hashes","None: retained scoped or fixture-only runs are ineligible under frozen specification","FAIL","C","28849070c4f1841b41cf0c4972f19b4cf4e8ba0c","Not executed. Full authority closure, integrated native workload/metrics/lifecycle support and final freeze required before matrix execution. Scoped script success cannot admit this cell."
"test/rc1-native-world-workload.js (full qualification adapter pending)","fragmented_families","1000","rc1-alpha","PostgreSQL 18.4 planned; not executed","At least 90 simulated days, 2 applicable season rollovers, 2 executions of every longest applicable lifecycle; continue until concentration/backlog/reachability stabilize; execute every due worker callback","Frozen source/config; native command identities and worker order; complete authoritative resource journals with zero unexplained entries; authorization/invariant/dead-world checks; all required time-series/per-player/final metrics; verified artifact manifest and hashes","None: retained scoped or fixture-only runs are ineligible under frozen specification","FAIL","C","28849070c4f1841b41cf0c4972f19b4cf4e8ba0c","Not executed. Full authority closure, integrated native workload/metrics/lifecycle support and final freeze required before matrix execution. Scoped script success cannot admit this cell."
"test/rc1-native-world-workload.js (full qualification adapter pending)","fragmented_families","1000","rc1-beta","PostgreSQL 18.4 planned; not executed","At least 90 simulated days, 2 applicable season rollovers, 2 executions of every longest applicable lifecycle; continue until concentration/backlog/reachability stabilize; execute every due worker callback","Frozen source/config; native command identities and worker order; complete authoritative resource journals with zero unexplained entries; authorization/invariant/dead-world checks; all required time-series/per-player/final metrics; verified artifact manifest and hashes","None: retained scoped or fixture-only runs are ineligible under frozen specification","FAIL","C","28849070c4f1841b41cf0c4972f19b4cf4e8ba0c","Not executed. Full authority closure, integrated native workload/metrics/lifecycle support and final freeze required before matrix execution. Scoped script success cannot admit this cell."
"test/rc1-native-world-workload.js (full qualification adapter pending)","fragmented_families","1000","rc1-gamma","PostgreSQL 18.4 planned; not executed","At least 90 simulated days, 2 applicable season rollovers, 2 executions of every longest applicable lifecycle; continue until concentration/backlog/reachability stabilize; execute every due worker callback","Frozen source/config; native command identities and worker order; complete authoritative resource journals with zero unexplained entries; authorization/invariant/dead-world checks; all required time-series/per-player/final metrics; verified artifact manifest and hashes","None: retained scoped or fixture-only runs are ineligible under frozen specification","FAIL","C","28849070c4f1841b41cf0c4972f19b4cf4e8ba0c","Not executed. Full authority closure, integrated native workload/metrics/lifecycle support and final freeze required before matrix execution. Scoped script success cannot admit this cell."
"test/rc1-native-world-workload.js (full qualification adapter pending)","high_aggression","1000","rc1-alpha","PostgreSQL 18.4 planned; not executed","At least 90 simulated days, 2 applicable season rollovers, 2 executions of every longest applicable lifecycle; continue until concentration/backlog/reachability stabilize; execute every due worker callback","Frozen source/config; native command identities and worker order; complete authoritative resource journals with zero unexplained entries; authorization/invariant/dead-world checks; all required time-series/per-player/final metrics; verified artifact manifest and hashes","None: retained scoped or fixture-only runs are ineligible under frozen specification","FAIL","C","28849070c4f1841b41cf0c4972f19b4cf4e8ba0c","Not executed. Full authority closure, integrated native workload/metrics/lifecycle support and final freeze required before matrix execution. Scoped script success cannot admit this cell."
"test/rc1-native-world-workload.js (full qualification adapter pending)","high_aggression","1000","rc1-beta","PostgreSQL 18.4 planned; not executed","At least 90 simulated days, 2 applicable season rollovers, 2 executions of every longest applicable lifecycle; continue until concentration/backlog/reachability stabilize; execute every due worker callback","Frozen source/config; native command identities and worker order; complete authoritative resource journals with zero unexplained entries; authorization/invariant/dead-world checks; all required time-series/per-player/final metrics; verified artifact manifest and hashes","None: retained scoped or fixture-only runs are ineligible under frozen specification","FAIL","C","28849070c4f1841b41cf0c4972f19b4cf4e8ba0c","Not executed. Full authority closure, integrated native workload/metrics/lifecycle support and final freeze required before matrix execution. Scoped script success cannot admit this cell."
"test/rc1-native-world-workload.js (full qualification adapter pending)","high_aggression","1000","rc1-gamma","PostgreSQL 18.4 planned; not executed","At least 90 simulated days, 2 applicable season rollovers, 2 executions of every longest applicable lifecycle; continue until concentration/backlog/reachability stabilize; execute every due worker callback","Frozen source/config; native command identities and worker order; complete authoritative resource journals with zero unexplained entries; authorization/invariant/dead-world checks; all required time-series/per-player/final metrics; verified artifact manifest and hashes","None: retained scoped or fixture-only runs are ineligible under frozen specification","FAIL","C","28849070c4f1841b41cf0c4972f19b4cf4e8ba0c","Not executed. Full authority closure, integrated native workload/metrics/lifecycle support and final freeze required before matrix execution. Scoped script success cannot admit this cell."
"test/rc1-native-world-workload.js (full qualification adapter pending)","high_mystery_participation","1000","rc1-alpha","PostgreSQL 18.4 planned; not executed","At least 90 simulated days, 2 applicable season rollovers, 2 executions of every longest applicable lifecycle; continue until concentration/backlog/reachability stabilize; execute every due worker callback","Frozen source/config; native command identities and worker order; complete authoritative resource journals with zero unexplained entries; authorization/invariant/dead-world checks; all required time-series/per-player/final metrics; verified artifact manifest and hashes","None: retained scoped or fixture-only runs are ineligible under frozen specification","FAIL","C","28849070c4f1841b41cf0c4972f19b4cf4e8ba0c","Not executed. Full authority closure, integrated native workload/metrics/lifecycle support and final freeze required before matrix execution. Scoped script success cannot admit this cell."
"test/rc1-native-world-workload.js (full qualification adapter pending)","high_mystery_participation","1000","rc1-beta","PostgreSQL 18.4 planned; not executed","At least 90 simulated days, 2 applicable season rollovers, 2 executions of every longest applicable lifecycle; continue until concentration/backlog/reachability stabilize; execute every due worker callback","Frozen source/config; native command identities and worker order; complete authoritative resource journals with zero unexplained entries; authorization/invariant/dead-world checks; all required time-series/per-player/final metrics; verified artifact manifest and hashes","None: retained scoped or fixture-only runs are ineligible under frozen specification","FAIL","C","28849070c4f1841b41cf0c4972f19b4cf4e8ba0c","Not executed. Full authority closure, integrated native workload/metrics/lifecycle support and final freeze required before matrix execution. Scoped script success cannot admit this cell."
"test/rc1-native-world-workload.js (full qualification adapter pending)","high_mystery_participation","1000","rc1-gamma","PostgreSQL 18.4 planned; not executed","At least 90 simulated days, 2 applicable season rollovers, 2 executions of every longest applicable lifecycle; continue until concentration/backlog/reachability stabilize; execute every due worker callback","Frozen source/config; native command identities and worker order; complete authoritative resource journals with zero unexplained entries; authorization/invariant/dead-world checks; all required time-series/per-player/final metrics; verified artifact manifest and hashes","None: retained scoped or fixture-only runs are ineligible under frozen specification","FAIL","C","28849070c4f1841b41cf0c4972f19b4cf4e8ba0c","Not executed. Full authority closure, integrated native workload/metrics/lifecycle support and final freeze required before matrix execution. Scoped script success cannot admit this cell."
"test/rc1-native-world-workload.js (full qualification adapter pending)","law_pressure","1000","rc1-alpha","PostgreSQL 18.4 planned; not executed","At least 90 simulated days, 2 applicable season rollovers, 2 executions of every longest applicable lifecycle; continue until concentration/backlog/reachability stabilize; execute every due worker callback","Frozen source/config; native command identities and worker order; complete authoritative resource journals with zero unexplained entries; authorization/invariant/dead-world checks; all required time-series/per-player/final metrics; verified artifact manifest and hashes","None: retained scoped or fixture-only runs are ineligible under frozen specification","FAIL","C","28849070c4f1841b41cf0c4972f19b4cf4e8ba0c","Not executed. Full authority closure, integrated native workload/metrics/lifecycle support and final freeze required before matrix execution. Scoped script success cannot admit this cell."
"test/rc1-native-world-workload.js (full qualification adapter pending)","law_pressure","1000","rc1-beta","PostgreSQL 18.4 planned; not executed","At least 90 simulated days, 2 applicable season rollovers, 2 executions of every longest applicable lifecycle; continue until concentration/backlog/reachability stabilize; execute every due worker callback","Frozen source/config; native command identities and worker order; complete authoritative resource journals with zero unexplained entries; authorization/invariant/dead-world checks; all required time-series/per-player/final metrics; verified artifact manifest and hashes","None: retained scoped or fixture-only runs are ineligible under frozen specification","FAIL","C","28849070c4f1841b41cf0c4972f19b4cf4e8ba0c","Not executed. Full authority closure, integrated native workload/metrics/lifecycle support and final freeze required before matrix execution. Scoped script success cannot admit this cell."
"test/rc1-native-world-workload.js (full qualification adapter pending)","law_pressure","1000","rc1-gamma","PostgreSQL 18.4 planned; not executed","At least 90 simulated days, 2 applicable season rollovers, 2 executions of every longest applicable lifecycle; continue until concentration/backlog/reachability stabilize; execute every due worker callback","Frozen source/config; native command identities and worker order; complete authoritative resource journals with zero unexplained entries; authorization/invariant/dead-world checks; all required time-series/per-player/final metrics; verified artifact manifest and hashes","None: retained scoped or fixture-only runs are ineligible under frozen specification","FAIL","C","28849070c4f1841b41cf0c4972f19b4cf4e8ba0c","Not executed. Full authority closure, integrated native workload/metrics/lifecycle support and final freeze required before matrix execution. Scoped script success cannot admit this cell."
"test/rc1-native-world-workload.js (full qualification adapter pending)","low_mystery_participation","1000","rc1-alpha","PostgreSQL 18.4 planned; not executed","At least 90 simulated days, 2 applicable season rollovers, 2 executions of every longest applicable lifecycle; continue until concentration/backlog/reachability stabilize; execute every due worker callback","Frozen source/config; native command identities and worker order; complete authoritative resource journals with zero unexplained entries; authorization/invariant/dead-world checks; all required time-series/per-player/final metrics; verified artifact manifest and hashes","None: retained scoped or fixture-only runs are ineligible under frozen specification","FAIL","C","28849070c4f1841b41cf0c4972f19b4cf4e8ba0c","Not executed. Full authority closure, integrated native workload/metrics/lifecycle support and final freeze required before matrix execution. Scoped script success cannot admit this cell."
"test/rc1-native-world-workload.js (full qualification adapter pending)","low_mystery_participation","1000","rc1-beta","PostgreSQL 18.4 planned; not executed","At least 90 simulated days, 2 applicable season rollovers, 2 executions of every longest applicable lifecycle; continue until concentration/backlog/reachability stabilize; execute every due worker callback","Frozen source/config; native command identities and worker order; complete authoritative resource journals with zero unexplained entries; authorization/invariant/dead-world checks; all required time-series/per-player/final metrics; verified artifact manifest and hashes","None: retained scoped or fixture-only runs are ineligible under frozen specification","FAIL","C","28849070c4f1841b41cf0c4972f19b4cf4e8ba0c","Not executed. Full authority closure, integrated native workload/metrics/lifecycle support and final freeze required before matrix execution. Scoped script success cannot admit this cell."
"test/rc1-native-world-workload.js (full qualification adapter pending)","low_mystery_participation","1000","rc1-gamma","PostgreSQL 18.4 planned; not executed","At least 90 simulated days, 2 applicable season rollovers, 2 executions of every longest applicable lifecycle; continue until concentration/backlog/reachability stabilize; execute every due worker callback","Frozen source/config; native command identities and worker order; complete authoritative resource journals with zero unexplained entries; authorization/invariant/dead-world checks; all required time-series/per-player/final metrics; verified artifact manifest and hashes","None: retained scoped or fixture-only runs are ineligible under frozen specification","FAIL","C","28849070c4f1841b41cf0c4972f19b4cf4e8ba0c","Not executed. Full authority closure, integrated native workload/metrics/lifecycle support and final freeze required before matrix execution. Scoped script success cannot admit this cell."
"test/rc1-native-world-workload.js (full qualification adapter pending)","market_stress","1000","rc1-alpha","PostgreSQL 18.4 planned; not executed","At least 90 simulated days, 2 applicable season rollovers, 2 executions of every longest applicable lifecycle; continue until concentration/backlog/reachability stabilize; execute every due worker callback","Frozen source/config; native command identities and worker order; complete authoritative resource journals with zero unexplained entries; authorization/invariant/dead-world checks; all required time-series/per-player/final metrics; verified artifact manifest and hashes","None: retained scoped or fixture-only runs are ineligible under frozen specification","FAIL","C","28849070c4f1841b41cf0c4972f19b4cf4e8ba0c","Not executed. Full authority closure, integrated native workload/metrics/lifecycle support and final freeze required before matrix execution. Scoped script success cannot admit this cell."
"test/rc1-native-world-workload.js (full qualification adapter pending)","market_stress","1000","rc1-beta","PostgreSQL 18.4 planned; not executed","At least 90 simulated days, 2 applicable season rollovers, 2 executions of every longest applicable lifecycle; continue until concentration/backlog/reachability stabilize; execute every due worker callback","Frozen source/config; native command identities and worker order; complete authoritative resource journals with zero unexplained entries; authorization/invariant/dead-world checks; all required time-series/per-player/final metrics; verified artifact manifest and hashes","None: retained scoped or fixture-only runs are ineligible under frozen specification","FAIL","C","28849070c4f1841b41cf0c4972f19b4cf4e8ba0c","Not executed. Full authority closure, integrated native workload/metrics/lifecycle support and final freeze required before matrix execution. Scoped script success cannot admit this cell."
"test/rc1-native-world-workload.js (full qualification adapter pending)","market_stress","1000","rc1-gamma","PostgreSQL 18.4 planned; not executed","At least 90 simulated days, 2 applicable season rollovers, 2 executions of every longest applicable lifecycle; continue until concentration/backlog/reachability stabilize; execute every due worker callback","Frozen source/config; native command identities and worker order; complete authoritative resource journals with zero unexplained entries; authorization/invariant/dead-world checks; all required time-series/per-player/final metrics; verified artifact manifest and hashes","None: retained scoped or fixture-only runs are ineligible under frozen specification","FAIL","C","28849070c4f1841b41cf0c4972f19b4cf4e8ba0c","Not executed. Full authority closure, integrated native workload/metrics/lifecycle support and final freeze required before matrix execution. Scoped script success cannot admit this cell."
"test/rc1-native-world-workload.js (full qualification adapter pending)","mostly_new_players","1000","rc1-alpha","PostgreSQL 18.4 planned; not executed","At least 90 simulated days, 2 applicable season rollovers, 2 executions of every longest applicable lifecycle; continue until concentration/backlog/reachability stabilize; execute every due worker callback","Frozen source/config; native command identities and worker order; complete authoritative resource journals with zero unexplained entries; authorization/invariant/dead-world checks; all required time-series/per-player/final metrics; verified artifact manifest and hashes","None: retained scoped or fixture-only runs are ineligible under frozen specification","FAIL","C","28849070c4f1841b41cf0c4972f19b4cf4e8ba0c","Not executed. Full authority closure, integrated native workload/metrics/lifecycle support and final freeze required before matrix execution. Scoped script success cannot admit this cell."
"test/rc1-native-world-workload.js (full qualification adapter pending)","mostly_new_players","1000","rc1-beta","PostgreSQL 18.4 planned; not executed","At least 90 simulated days, 2 applicable season rollovers, 2 executions of every longest applicable lifecycle; continue until concentration/backlog/reachability stabilize; execute every due worker callback","Frozen source/config; native command identities and worker order; complete authoritative resource journals with zero unexplained entries; authorization/invariant/dead-world checks; all required time-series/per-player/final metrics; verified artifact manifest and hashes","None: retained scoped or fixture-only runs are ineligible under frozen specification","FAIL","C","28849070c4f1841b41cf0c4972f19b4cf4e8ba0c","Not executed. Full authority closure, integrated native workload/metrics/lifecycle support and final freeze required before matrix execution. Scoped script success cannot admit this cell."
"test/rc1-native-world-workload.js (full qualification adapter pending)","mostly_new_players","1000","rc1-gamma","PostgreSQL 18.4 planned; not executed","At least 90 simulated days, 2 applicable season rollovers, 2 executions of every longest applicable lifecycle; continue until concentration/backlog/reachability stabilize; execute every due worker callback","Frozen source/config; native command identities and worker order; complete authoritative resource journals with zero unexplained entries; authorization/invariant/dead-world checks; all required time-series/per-player/final metrics; verified artifact manifest and hashes","None: retained scoped or fixture-only runs are ineligible under frozen specification","FAIL","C","28849070c4f1841b41cf0c4972f19b4cf4e8ba0c","Not executed. Full authority closure, integrated native workload/metrics/lifecycle support and final freeze required before matrix execution. Scoped script success cannot admit this cell."
"test/rc1-native-world-workload.js (full qualification adapter pending)","mostly_veteran_players","1000","rc1-alpha","PostgreSQL 18.4 planned; not executed","At least 90 simulated days, 2 applicable season rollovers, 2 executions of every longest applicable lifecycle; continue until concentration/backlog/reachability stabilize; execute every due worker callback","Frozen source/config; native command identities and worker order; complete authoritative resource journals with zero unexplained entries; authorization/invariant/dead-world checks; all required time-series/per-player/final metrics; verified artifact manifest and hashes","None: retained scoped or fixture-only runs are ineligible under frozen specification","FAIL","C","28849070c4f1841b41cf0c4972f19b4cf4e8ba0c","Not executed. Full authority closure, integrated native workload/metrics/lifecycle support and final freeze required before matrix execution. Scoped script success cannot admit this cell."
"test/rc1-native-world-workload.js (full qualification adapter pending)","mostly_veteran_players","1000","rc1-beta","PostgreSQL 18.4 planned; not executed","At least 90 simulated days, 2 applicable season rollovers, 2 executions of every longest applicable lifecycle; continue until concentration/backlog/reachability stabilize; execute every due worker callback","Frozen source/config; native command identities and worker order; complete authoritative resource journals with zero unexplained entries; authorization/invariant/dead-world checks; all required time-series/per-player/final metrics; verified artifact manifest and hashes","None: retained scoped or fixture-only runs are ineligible under frozen specification","FAIL","C","28849070c4f1841b41cf0c4972f19b4cf4e8ba0c","Not executed. Full authority closure, integrated native workload/metrics/lifecycle support and final freeze required before matrix execution. Scoped script success cannot admit this cell."
"test/rc1-native-world-workload.js (full qualification adapter pending)","mostly_veteran_players","1000","rc1-gamma","PostgreSQL 18.4 planned; not executed","At least 90 simulated days, 2 applicable season rollovers, 2 executions of every longest applicable lifecycle; continue until concentration/backlog/reachability stabilize; execute every due worker callback","Frozen source/config; native command identities and worker order; complete authoritative resource journals with zero unexplained entries; authorization/invariant/dead-world checks; all required time-series/per-player/final metrics; verified artifact manifest and hashes","None: retained scoped or fixture-only runs are ineligible under frozen specification","FAIL","C","28849070c4f1841b41cf0c4972f19b4cf4e8ba0c","Not executed. Full authority closure, integrated native workload/metrics/lifecycle support and final freeze required before matrix execution. Scoped script success cannot admit this cell."
"test/rc1-native-world-workload.js (full qualification adapter pending)","multi_family_war","1000","rc1-alpha","PostgreSQL 18.4 planned; not executed","At least 90 simulated days, 2 applicable season rollovers, 2 executions of every longest applicable lifecycle; continue until concentration/backlog/reachability stabilize; execute every due worker callback","Frozen source/config; native command identities and worker order; complete authoritative resource journals with zero unexplained entries; authorization/invariant/dead-world checks; all required time-series/per-player/final metrics; verified artifact manifest and hashes","None: retained scoped or fixture-only runs are ineligible under frozen specification","FAIL","C","28849070c4f1841b41cf0c4972f19b4cf4e8ba0c","Not executed. Full authority closure, integrated native workload/metrics/lifecycle support and final freeze required before matrix execution. Scoped script success cannot admit this cell."
"test/rc1-native-world-workload.js (full qualification adapter pending)","multi_family_war","1000","rc1-beta","PostgreSQL 18.4 planned; not executed","At least 90 simulated days, 2 applicable season rollovers, 2 executions of every longest applicable lifecycle; continue until concentration/backlog/reachability stabilize; execute every due worker callback","Frozen source/config; native command identities and worker order; complete authoritative resource journals with zero unexplained entries; authorization/invariant/dead-world checks; all required time-series/per-player/final metrics; verified artifact manifest and hashes","None: retained scoped or fixture-only runs are ineligible under frozen specification","FAIL","C","28849070c4f1841b41cf0c4972f19b4cf4e8ba0c","Not executed. Full authority closure, integrated native workload/metrics/lifecycle support and final freeze required before matrix execution. Scoped script success cannot admit this cell."
"test/rc1-native-world-workload.js (full qualification adapter pending)","multi_family_war","1000","rc1-gamma","PostgreSQL 18.4 planned; not executed","At least 90 simulated days, 2 applicable season rollovers, 2 executions of every longest applicable lifecycle; continue until concentration/backlog/reachability stabilize; execute every due worker callback","Frozen source/config; native command identities and worker order; complete authoritative resource journals with zero unexplained entries; authorization/invariant/dead-world checks; all required time-series/per-player/final metrics; verified artifact manifest and hashes","None: retained scoped or fixture-only runs are ineligible under frozen specification","FAIL","C","28849070c4f1841b41cf0c4972f19b4cf4e8ba0c","Not executed. Full authority closure, integrated native workload/metrics/lifecycle support and final freeze required before matrix execution. Scoped script success cannot admit this cell."
"test/rc1-native-world-workload.js (full qualification adapter pending)","quiet_world","1000","rc1-alpha","PostgreSQL 18.4 planned; not executed","At least 90 simulated days, 2 applicable season rollovers, 2 executions of every longest applicable lifecycle; continue until concentration/backlog/reachability stabilize; execute every due worker callback","Frozen source/config; native command identities and worker order; complete authoritative resource journals with zero unexplained entries; authorization/invariant/dead-world checks; all required time-series/per-player/final metrics; verified artifact manifest and hashes","None: retained scoped or fixture-only runs are ineligible under frozen specification","FAIL","C","28849070c4f1841b41cf0c4972f19b4cf4e8ba0c","Not executed. Full authority closure, integrated native workload/metrics/lifecycle support and final freeze required before matrix execution. Scoped script success cannot admit this cell."
"test/rc1-native-world-workload.js (full qualification adapter pending)","quiet_world","1000","rc1-beta","PostgreSQL 18.4 planned; not executed","At least 90 simulated days, 2 applicable season rollovers, 2 executions of every longest applicable lifecycle; continue until concentration/backlog/reachability stabilize; execute every due worker callback","Frozen source/config; native command identities and worker order; complete authoritative resource journals with zero unexplained entries; authorization/invariant/dead-world checks; all required time-series/per-player/final metrics; verified artifact manifest and hashes","None: retained scoped or fixture-only runs are ineligible under frozen specification","FAIL","C","28849070c4f1841b41cf0c4972f19b4cf4e8ba0c","Not executed. Full authority closure, integrated native workload/metrics/lifecycle support and final freeze required before matrix execution. Scoped script success cannot admit this cell."
"test/rc1-native-world-workload.js (full qualification adapter pending)","quiet_world","1000","rc1-gamma","PostgreSQL 18.4 planned; not executed","At least 90 simulated days, 2 applicable season rollovers, 2 executions of every longest applicable lifecycle; continue until concentration/backlog/reachability stabilize; execute every due worker callback","Frozen source/config; native command identities and worker order; complete authoritative resource journals with zero unexplained entries; authorization/invariant/dead-world checks; all required time-series/per-player/final metrics; verified artifact manifest and hashes","None: retained scoped or fixture-only runs are ineligible under frozen specification","FAIL","C","28849070c4f1841b41cf0c4972f19b4cf4e8ba0c","Not executed. Full authority closure, integrated native workload/metrics/lifecycle support and final freeze required before matrix execution. Scoped script success cannot admit this cell."
"test/rc1-native-world-workload.js (full qualification adapter pending)","resource_abundance","1000","rc1-alpha","PostgreSQL 18.4 planned; not executed","At least 90 simulated days, 2 applicable season rollovers, 2 executions of every longest applicable lifecycle; continue until concentration/backlog/reachability stabilize; execute every due worker callback","Frozen source/config; native command identities and worker order; complete authoritative resource journals with zero unexplained entries; authorization/invariant/dead-world checks; all required time-series/per-player/final metrics; verified artifact manifest and hashes","None: retained scoped or fixture-only runs are ineligible under frozen specification","FAIL","C","28849070c4f1841b41cf0c4972f19b4cf4e8ba0c","Not executed. Full authority closure, integrated native workload/metrics/lifecycle support and final freeze required before matrix execution. Scoped script success cannot admit this cell."
"test/rc1-native-world-workload.js (full qualification adapter pending)","resource_abundance","1000","rc1-beta","PostgreSQL 18.4 planned; not executed","At least 90 simulated days, 2 applicable season rollovers, 2 executions of every longest applicable lifecycle; continue until concentration/backlog/reachability stabilize; execute every due worker callback","Frozen source/config; native command identities and worker order; complete authoritative resource journals with zero unexplained entries; authorization/invariant/dead-world checks; all required time-series/per-player/final metrics; verified artifact manifest and hashes","None: retained scoped or fixture-only runs are ineligible under frozen specification","FAIL","C","28849070c4f1841b41cf0c4972f19b4cf4e8ba0c","Not executed. Full authority closure, integrated native workload/metrics/lifecycle support and final freeze required before matrix execution. Scoped script success cannot admit this cell."
"test/rc1-native-world-workload.js (full qualification adapter pending)","resource_abundance","1000","rc1-gamma","PostgreSQL 18.4 planned; not executed","At least 90 simulated days, 2 applicable season rollovers, 2 executions of every longest applicable lifecycle; continue until concentration/backlog/reachability stabilize; execute every due worker callback","Frozen source/config; native command identities and worker order; complete authoritative resource journals with zero unexplained entries; authorization/invariant/dead-world checks; all required time-series/per-player/final metrics; verified artifact manifest and hashes","None: retained scoped or fixture-only runs are ineligible under frozen specification","FAIL","C","28849070c4f1841b41cf0c4972f19b4cf4e8ba0c","Not executed. Full authority closure, integrated native workload/metrics/lifecycle support and final freeze required before matrix execution. Scoped script success cannot admit this cell."
"test/rc1-native-world-workload.js (full qualification adapter pending)","resource_scarcity","1000","rc1-alpha","PostgreSQL 18.4 planned; not executed","At least 90 simulated days, 2 applicable season rollovers, 2 executions of every longest applicable lifecycle; continue until concentration/backlog/reachability stabilize; execute every due worker callback","Frozen source/config; native command identities and worker order; complete authoritative resource journals with zero unexplained entries; authorization/invariant/dead-world checks; all required time-series/per-player/final metrics; verified artifact manifest and hashes","None: retained scoped or fixture-only runs are ineligible under frozen specification","FAIL","C","28849070c4f1841b41cf0c4972f19b4cf4e8ba0c","Not executed. Full authority closure, integrated native workload/metrics/lifecycle support and final freeze required before matrix execution. Scoped script success cannot admit this cell."
"test/rc1-native-world-workload.js (full qualification adapter pending)","resource_scarcity","1000","rc1-beta","PostgreSQL 18.4 planned; not executed","At least 90 simulated days, 2 applicable season rollovers, 2 executions of every longest applicable lifecycle; continue until concentration/backlog/reachability stabilize; execute every due worker callback","Frozen source/config; native command identities and worker order; complete authoritative resource journals with zero unexplained entries; authorization/invariant/dead-world checks; all required time-series/per-player/final metrics; verified artifact manifest and hashes","None: retained scoped or fixture-only runs are ineligible under frozen specification","FAIL","C","28849070c4f1841b41cf0c4972f19b4cf4e8ba0c","Not executed. Full authority closure, integrated native workload/metrics/lifecycle support and final freeze required before matrix execution. Scoped script success cannot admit this cell."
"test/rc1-native-world-workload.js (full qualification adapter pending)","resource_scarcity","1000","rc1-gamma","PostgreSQL 18.4 planned; not executed","At least 90 simulated days, 2 applicable season rollovers, 2 executions of every longest applicable lifecycle; continue until concentration/backlog/reachability stabilize; execute every due worker callback","Frozen source/config; native command identities and worker order; complete authoritative resource journals with zero unexplained entries; authorization/invariant/dead-world checks; all required time-series/per-player/final metrics; verified artifact manifest and hashes","None: retained scoped or fixture-only runs are ineligible under frozen specification","FAIL","C","28849070c4f1841b41cf0c4972f19b4cf4e8ba0c","Not executed. Full authority closure, integrated native workload/metrics/lifecycle support and final freeze required before matrix execution. Scoped script success cannot admit this cell."
"test/rc1-native-world-workload.js (full qualification adapter pending)","high_player_churn","25","rc1-alpha","PostgreSQL 18.4 planned; not executed","At least 90 simulated days, 2 applicable season rollovers, 2 executions of every longest applicable lifecycle; continue until concentration/backlog/reachability stabilize; execute every due worker callback","Frozen source/config; native command identities and worker order; complete authoritative resource journals with zero unexplained entries; authorization/invariant/dead-world checks; all required time-series/per-player/final metrics; verified artifact manifest and hashes","None: retained scoped or fixture-only runs are ineligible under frozen specification","FAIL","D","28849070c4f1841b41cf0c4972f19b4cf4e8ba0c","Not executed. Full authority closure, integrated native workload/metrics/lifecycle support and final freeze required before matrix execution. Scoped script success cannot admit this cell."
"test/rc1-native-world-workload.js (full qualification adapter pending)","high_player_churn","25","rc1-beta","PostgreSQL 18.4 planned; not executed","At least 90 simulated days, 2 applicable season rollovers, 2 executions of every longest applicable lifecycle; continue until concentration/backlog/reachability stabilize; execute every due worker callback","Frozen source/config; native command identities and worker order; complete authoritative resource journals with zero unexplained entries; authorization/invariant/dead-world checks; all required time-series/per-player/final metrics; verified artifact manifest and hashes","None: retained scoped or fixture-only runs are ineligible under frozen specification","FAIL","D","28849070c4f1841b41cf0c4972f19b4cf4e8ba0c","Not executed. Full authority closure, integrated native workload/metrics/lifecycle support and final freeze required before matrix execution. Scoped script success cannot admit this cell."
"test/rc1-native-world-workload.js (full qualification adapter pending)","high_player_churn","25","rc1-gamma","PostgreSQL 18.4 planned; not executed","At least 90 simulated days, 2 applicable season rollovers, 2 executions of every longest applicable lifecycle; continue until concentration/backlog/reachability stabilize; execute every due worker callback","Frozen source/config; native command identities and worker order; complete authoritative resource journals with zero unexplained entries; authorization/invariant/dead-world checks; all required time-series/per-player/final metrics; verified artifact manifest and hashes","None: retained scoped or fixture-only runs are ineligible under frozen specification","FAIL","D","28849070c4f1841b41cf0c4972f19b4cf4e8ba0c","Not executed. Full authority closure, integrated native workload/metrics/lifecycle support and final freeze required before matrix execution. Scoped script success cannot admit this cell."
"test/rc1-native-world-workload.js (full qualification adapter pending)","high_player_churn","100","rc1-alpha","PostgreSQL 18.4 planned; not executed","At least 90 simulated days, 2 applicable season rollovers, 2 executions of every longest applicable lifecycle; continue until concentration/backlog/reachability stabilize; execute every due worker callback","Frozen source/config; native command identities and worker order; complete authoritative resource journals with zero unexplained entries; authorization/invariant/dead-world checks; all required time-series/per-player/final metrics; verified artifact manifest and hashes","None: retained scoped or fixture-only runs are ineligible under frozen specification","FAIL","D","28849070c4f1841b41cf0c4972f19b4cf4e8ba0c","Not executed. Full authority closure, integrated native workload/metrics/lifecycle support and final freeze required before matrix execution. Scoped script success cannot admit this cell."
"test/rc1-native-world-workload.js (full qualification adapter pending)","high_player_churn","100","rc1-beta","PostgreSQL 18.4 planned; not executed","At least 90 simulated days, 2 applicable season rollovers, 2 executions of every longest applicable lifecycle; continue until concentration/backlog/reachability stabilize; execute every due worker callback","Frozen source/config; native command identities and worker order; complete authoritative resource journals with zero unexplained entries; authorization/invariant/dead-world checks; all required time-series/per-player/final metrics; verified artifact manifest and hashes","None: retained scoped or fixture-only runs are ineligible under frozen specification","FAIL","D","28849070c4f1841b41cf0c4972f19b4cf4e8ba0c","Not executed. Full authority closure, integrated native workload/metrics/lifecycle support and final freeze required before matrix execution. Scoped script success cannot admit this cell."
"test/rc1-native-world-workload.js (full qualification adapter pending)","high_player_churn","100","rc1-gamma","PostgreSQL 18.4 planned; not executed","At least 90 simulated days, 2 applicable season rollovers, 2 executions of every longest applicable lifecycle; continue until concentration/backlog/reachability stabilize; execute every due worker callback","Frozen source/config; native command identities and worker order; complete authoritative resource journals with zero unexplained entries; authorization/invariant/dead-world checks; all required time-series/per-player/final metrics; verified artifact manifest and hashes","None: retained scoped or fixture-only runs are ineligible under frozen specification","FAIL","D","28849070c4f1841b41cf0c4972f19b4cf4e8ba0c","Not executed. Full authority closure, integrated native workload/metrics/lifecycle support and final freeze required before matrix execution. Scoped script success cannot admit this cell."
"test/rc1-native-world-workload.js (full qualification adapter pending)","high_player_churn","250","rc1-alpha","PostgreSQL 18.4 planned; not executed","At least 90 simulated days, 2 applicable season rollovers, 2 executions of every longest applicable lifecycle; continue until concentration/backlog/reachability stabilize; execute every due worker callback","Frozen source/config; native command identities and worker order; complete authoritative resource journals with zero unexplained entries; authorization/invariant/dead-world checks; all required time-series/per-player/final metrics; verified artifact manifest and hashes","None: retained scoped or fixture-only runs are ineligible under frozen specification","FAIL","D","28849070c4f1841b41cf0c4972f19b4cf4e8ba0c","Not executed. Full authority closure, integrated native workload/metrics/lifecycle support and final freeze required before matrix execution. Scoped script success cannot admit this cell."
"test/rc1-native-world-workload.js (full qualification adapter pending)","high_player_churn","250","rc1-beta","PostgreSQL 18.4 planned; not executed","At least 90 simulated days, 2 applicable season rollovers, 2 executions of every longest applicable lifecycle; continue until concentration/backlog/reachability stabilize; execute every due worker callback","Frozen source/config; native command identities and worker order; complete authoritative resource journals with zero unexplained entries; authorization/invariant/dead-world checks; all required time-series/per-player/final metrics; verified artifact manifest and hashes","None: retained scoped or fixture-only runs are ineligible under frozen specification","FAIL","D","28849070c4f1841b41cf0c4972f19b4cf4e8ba0c","Not executed. Full authority closure, integrated native workload/metrics/lifecycle support and final freeze required before matrix execution. Scoped script success cannot admit this cell."
"test/rc1-native-world-workload.js (full qualification adapter pending)","high_player_churn","250","rc1-gamma","PostgreSQL 18.4 planned; not executed","At least 90 simulated days, 2 applicable season rollovers, 2 executions of every longest applicable lifecycle; continue until concentration/backlog/reachability stabilize; execute every due worker callback","Frozen source/config; native command identities and worker order; complete authoritative resource journals with zero unexplained entries; authorization/invariant/dead-world checks; all required time-series/per-player/final metrics; verified artifact manifest and hashes","None: retained scoped or fixture-only runs are ineligible under frozen specification","FAIL","D","28849070c4f1841b41cf0c4972f19b4cf4e8ba0c","Not executed. Full authority closure, integrated native workload/metrics/lifecycle support and final freeze required before matrix execution. Scoped script success cannot admit this cell."
"test/rc1-native-world-workload.js (full qualification adapter pending)","high_player_churn","500","rc1-alpha","PostgreSQL 18.4 planned; not executed","At least 90 simulated days, 2 applicable season rollovers, 2 executions of every longest applicable lifecycle; continue until concentration/backlog/reachability stabilize; execute every due worker callback","Frozen source/config; native command identities and worker order; complete authoritative resource journals with zero unexplained entries; authorization/invariant/dead-world checks; all required time-series/per-player/final metrics; verified artifact manifest and hashes","None: retained scoped or fixture-only runs are ineligible under frozen specification","FAIL","D","28849070c4f1841b41cf0c4972f19b4cf4e8ba0c","Not executed. Full authority closure, integrated native workload/metrics/lifecycle support and final freeze required before matrix execution. Scoped script success cannot admit this cell."
"test/rc1-native-world-workload.js (full qualification adapter pending)","high_player_churn","500","rc1-beta","PostgreSQL 18.4 planned; not executed","At least 90 simulated days, 2 applicable season rollovers, 2 executions of every longest applicable lifecycle; continue until concentration/backlog/reachability stabilize; execute every due worker callback","Frozen source/config; native command identities and worker order; complete authoritative resource journals with zero unexplained entries; authorization/invariant/dead-world checks; all required time-series/per-player/final metrics; verified artifact manifest and hashes","None: retained scoped or fixture-only runs are ineligible under frozen specification","FAIL","D","28849070c4f1841b41cf0c4972f19b4cf4e8ba0c","Not executed. Full authority closure, integrated native workload/metrics/lifecycle support and final freeze required before matrix execution. Scoped script success cannot admit this cell."
"test/rc1-native-world-workload.js (full qualification adapter pending)","high_player_churn","500","rc1-gamma","PostgreSQL 18.4 planned; not executed","At least 90 simulated days, 2 applicable season rollovers, 2 executions of every longest applicable lifecycle; continue until concentration/backlog/reachability stabilize; execute every due worker callback","Frozen source/config; native command identities and worker order; complete authoritative resource journals with zero unexplained entries; authorization/invariant/dead-world checks; all required time-series/per-player/final metrics; verified artifact manifest and hashes","None: retained scoped or fixture-only runs are ineligible under frozen specification","FAIL","D","28849070c4f1841b41cf0c4972f19b4cf4e8ba0c","Not executed. Full authority closure, integrated native workload/metrics/lifecycle support and final freeze required before matrix execution. Scoped script success cannot admit this cell."
"test/rc1-native-world-workload.js (full qualification adapter pending)","high_player_churn","1000","rc1-alpha","PostgreSQL 18.4 planned; not executed","At least 90 simulated days, 2 applicable season rollovers, 2 executions of every longest applicable lifecycle; continue until concentration/backlog/reachability stabilize; execute every due worker callback","Frozen source/config; native command identities and worker order; complete authoritative resource journals with zero unexplained entries; authorization/invariant/dead-world checks; all required time-series/per-player/final metrics; verified artifact manifest and hashes","None: retained scoped or fixture-only runs are ineligible under frozen specification","FAIL","D","28849070c4f1841b41cf0c4972f19b4cf4e8ba0c","Not executed. Full authority closure, integrated native workload/metrics/lifecycle support and final freeze required before matrix execution. Scoped script success cannot admit this cell."
"test/rc1-native-world-workload.js (full qualification adapter pending)","high_player_churn","1000","rc1-beta","PostgreSQL 18.4 planned; not executed","At least 90 simulated days, 2 applicable season rollovers, 2 executions of every longest applicable lifecycle; continue until concentration/backlog/reachability stabilize; execute every due worker callback","Frozen source/config; native command identities and worker order; complete authoritative resource journals with zero unexplained entries; authorization/invariant/dead-world checks; all required time-series/per-player/final metrics; verified artifact manifest and hashes","None: retained scoped or fixture-only runs are ineligible under frozen specification","FAIL","D","28849070c4f1841b41cf0c4972f19b4cf4e8ba0c","Not executed. Full authority closure, integrated native workload/metrics/lifecycle support and final freeze required before matrix execution. Scoped script success cannot admit this cell."
"test/rc1-native-world-workload.js (full qualification adapter pending)","high_player_churn","1000","rc1-gamma","PostgreSQL 18.4 planned; not executed","At least 90 simulated days, 2 applicable season rollovers, 2 executions of every longest applicable lifecycle; continue until concentration/backlog/reachability stabilize; execute every due worker callback","Frozen source/config; native command identities and worker order; complete authoritative resource journals with zero unexplained entries; authorization/invariant/dead-world checks; all required time-series/per-player/final metrics; verified artifact manifest and hashes","None: retained scoped or fixture-only runs are ineligible under frozen specification","FAIL","D","28849070c4f1841b41cf0c4972f19b4cf4e8ba0c","Not executed. Full authority closure, integrated native workload/metrics/lifecycle support and final freeze required before matrix execution. Scoped script success cannot admit this cell."
