⚠️  preflight: Neither PUBLIC_URL nor SOCIAL_GAME_URL is set — every referral link, share prompt and social card will point at the built-in default domain, not yours. Set PUBLIC_URL to this server's own origin (it is also what one-click X sign-in derives its callback from).
⚠️  preflight: INVARIANT_WEBHOOK_URL is not set — the §10.4 economy-drift, backup-failure, oracle-halt and real-value-invariant alarms have nowhere to shout and reach only a log line. Set it (a Slack/Discord webhook) on BOTH processes: the worker fires most alarms, and the API is the only one that can page when the WORKER is dead.
[db] Postgres ready — column migration ran 2956 ADD COLUMN IF NOT EXISTS statements.
{"component":"player-command","phase":"request","correlationId":"5f7d080d-9d76-489a-bf8e-62fffafd95f8"}
{"component":"player-command","phase":"authorization","correlationId":"5f7d080d-9d76-489a-bf8e-62fffafd95f8","outcome":"allowed"}
{"component":"player-command","phase":"response","correlationId":"5f7d080d-9d76-489a-bf8e-62fffafd95f8","statusCode":200,"elapsedMs":139}
{"component":"player-command","phase":"request","correlationId":"b3853cfc-844c-4a71-a316-c0e5a959c83e"}
{"component":"player-command","phase":"authorization","correlationId":"b3853cfc-844c-4a71-a316-c0e5a959c83e","outcome":"allowed"}
{"component":"player-command","phase":"response","correlationId":"b3853cfc-844c-4a71-a316-c0e5a959c83e","statusCode":200,"elapsedMs":45}
{"component":"player-command","phase":"request","correlationId":"ff19cc47-cff5-40a4-9da4-e7748123777a"}
{"component":"player-command","phase":"authorization","correlationId":"ff19cc47-cff5-40a4-9da4-e7748123777a","outcome":"allowed"}
{"component":"player-command","phase":"response","correlationId":"ff19cc47-cff5-40a4-9da4-e7748123777a","statusCode":200,"elapsedMs":46}
{"component":"player-command","phase":"request","correlationId":"70e9f03c-37e9-47d4-af34-a3d37515a917"}
{"component":"player-command","phase":"authorization","correlationId":"70e9f03c-37e9-47d4-af34-a3d37515a917","outcome":"allowed"}
{"component":"player-command","phase":"response","correlationId":"70e9f03c-37e9-47d4-af34-a3d37515a917","statusCode":200,"elapsedMs":40}
{"component":"player-command","phase":"request","correlationId":"d22f013d-8ebc-44e9-9c5e-393e7f117e2c"}
{"component":"player-command","phase":"authorization","correlationId":"d22f013d-8ebc-44e9-9c5e-393e7f117e2c","outcome":"allowed"}
{"component":"player-command","phase":"command","correlationId":"d22f013d-8ebc-44e9-9c5e-393e7f117e2c"}
{"component":"player-command","phase":"mutation","correlationId":"d22f013d-8ebc-44e9-9c5e-393e7f117e2c","outcome":"completed","replayed":false}
{"component":"player-command","phase":"consequence","correlationId":"d22f013d-8ebc-44e9-9c5e-393e7f117e2c","replayed":false,"changes":2}
{"component":"player-command","phase":"opportunity","correlationId":"d22f013d-8ebc-44e9-9c5e-393e7f117e2c","replayed":false,"changes":2}
{"component":"player-command","phase":"response","correlationId":"d22f013d-8ebc-44e9-9c5e-393e7f117e2c","statusCode":200,"elapsedMs":170}
{"component":"player-command","phase":"request","correlationId":"1d414b9c-8046-439f-b2ea-7903bc467974"}
{"component":"player-command","phase":"authorization","correlationId":"1d414b9c-8046-439f-b2ea-7903bc467974","outcome":"allowed"}
{"component":"player-command","phase":"response","correlationId":"1d414b9c-8046-439f-b2ea-7903bc467974","statusCode":200,"elapsedMs":46}
{"component":"player-command","phase":"request","correlationId":"136b3210-2351-45e5-bd1a-d64ed1361cc5"}
{"component":"player-command","phase":"authorization","correlationId":"136b3210-2351-45e5-bd1a-d64ed1361cc5","outcome":"allowed"}
{"component":"player-command","phase":"response","correlationId":"136b3210-2351-45e5-bd1a-d64ed1361cc5","statusCode":200,"elapsedMs":43}
{"component":"player-command","phase":"request","correlationId":"99185980-a76a-447f-9146-670052a4f566"}
{"component":"player-command","phase":"authorization","correlationId":"99185980-a76a-447f-9146-670052a4f566","outcome":"allowed"}
{"component":"player-command","phase":"response","correlationId":"99185980-a76a-447f-9146-670052a4f566","statusCode":200,"elapsedMs":40}
{"component":"player-command","phase":"request","correlationId":"7858f2a3-fadb-49b1-8513-0f1076adc77e"}
{"component":"player-command","phase":"authorization","correlationId":"7858f2a3-fadb-49b1-8513-0f1076adc77e","outcome":"allowed"}
{"component":"player-command","phase":"response","correlationId":"7858f2a3-fadb-49b1-8513-0f1076adc77e","statusCode":200,"elapsedMs":45}
{"component":"player-command","phase":"request","correlationId":"e04b34b9-f57d-451c-9ae0-a3da2a552300"}
{"component":"player-command","phase":"authorization","correlationId":"e04b34b9-f57d-451c-9ae0-a3da2a552300","outcome":"allowed"}
{"component":"player-command","phase":"command","correlationId":"e04b34b9-f57d-451c-9ae0-a3da2a552300"}
{"component":"player-command","phase":"mutation","correlationId":"e04b34b9-f57d-451c-9ae0-a3da2a552300","outcome":"completed","replayed":false}
{"component":"player-command","phase":"consequence","correlationId":"e04b34b9-f57d-451c-9ae0-a3da2a552300","replayed":false,"changes":2}
{"component":"player-command","phase":"opportunity","correlationId":"e04b34b9-f57d-451c-9ae0-a3da2a552300","replayed":false,"changes":2}
{"component":"player-command","phase":"response","correlationId":"e04b34b9-f57d-451c-9ae0-a3da2a552300","statusCode":200,"elapsedMs":89}
{"component":"player-command","phase":"request","correlationId":"f482abff-22b0-49a2-aea5-4d1454a77d7b"}
{"component":"player-command","phase":"authorization","correlationId":"f482abff-22b0-49a2-aea5-4d1454a77d7b","outcome":"allowed"}
{"component":"player-command","phase":"response","correlationId":"f482abff-22b0-49a2-aea5-4d1454a77d7b","statusCode":200,"elapsedMs":41}
{"component":"player-command","phase":"request","correlationId":"7a800365-e3ed-4140-9c2b-109bcf29c0a9"}
{"component":"player-command","phase":"authorization","correlationId":"7a800365-e3ed-4140-9c2b-109bcf29c0a9","outcome":"allowed"}
{"component":"player-command","phase":"response","correlationId":"7a800365-e3ed-4140-9c2b-109bcf29c0a9","statusCode":200,"elapsedMs":49}
{"component":"player-command","phase":"request","correlationId":"f373f124-142c-4f96-aec8-5014e304cfb5"}
{"component":"player-command","phase":"authorization","correlationId":"f373f124-142c-4f96-aec8-5014e304cfb5","outcome":"allowed"}
{"component":"player-command","phase":"response","correlationId":"f373f124-142c-4f96-aec8-5014e304cfb5","statusCode":200,"elapsedMs":48}
{"component":"player-command","phase":"request","correlationId":"b4f92003-134a-461e-bbd9-148f5269bdcc"}
{"component":"player-command","phase":"authorization","correlationId":"b4f92003-134a-461e-bbd9-148f5269bdcc","outcome":"allowed"}
{"component":"player-command","phase":"response","correlationId":"b4f92003-134a-461e-bbd9-148f5269bdcc","statusCode":200,"elapsedMs":37}
{"component":"player-command","phase":"request","correlationId":"79ba5620-1673-4691-ba82-4bf36fb315e2"}
{"component":"player-command","phase":"authorization","correlationId":"79ba5620-1673-4691-ba82-4bf36fb315e2","outcome":"allowed"}
{"component":"player-command","phase":"command","correlationId":"79ba5620-1673-4691-ba82-4bf36fb315e2"}
{"component":"player-command","phase":"mutation","correlationId":"79ba5620-1673-4691-ba82-4bf36fb315e2","outcome":"completed","replayed":false}
{"component":"player-command","phase":"consequence","correlationId":"79ba5620-1673-4691-ba82-4bf36fb315e2","replayed":false,"changes":16}
{"component":"player-command","phase":"opportunity","correlationId":"79ba5620-1673-4691-ba82-4bf36fb315e2","replayed":false,"changes":13}
{"component":"player-command","phase":"response","correlationId":"79ba5620-1673-4691-ba82-4bf36fb315e2","statusCode":200,"elapsedMs":115}
{"component":"player-command","phase":"request","correlationId":"3b90034e-ee4c-45c1-bdd2-ddf9c4e66df6"}
{"component":"player-command","phase":"authorization","correlationId":"3b90034e-ee4c-45c1-bdd2-ddf9c4e66df6","outcome":"allowed"}
{"component":"player-command","phase":"response","correlationId":"3b90034e-ee4c-45c1-bdd2-ddf9c4e66df6","statusCode":200,"elapsedMs":53}
{"component":"player-command","phase":"request","correlationId":"ab16aa3d-5951-4b3a-952c-8c914492f21d"}
{"component":"player-command","phase":"authorization","correlationId":"ab16aa3d-5951-4b3a-952c-8c914492f21d","outcome":"allowed"}
{"component":"player-command","phase":"response","correlationId":"ab16aa3d-5951-4b3a-952c-8c914492f21d","statusCode":200,"elapsedMs":46}
{"component":"player-command","phase":"request","correlationId":"07a4a9e5-3368-409d-896b-29b811e2ad90"}
{"component":"player-command","phase":"authorization","correlationId":"07a4a9e5-3368-409d-896b-29b811e2ad90","outcome":"allowed"}
{"component":"player-command","phase":"response","correlationId":"07a4a9e5-3368-409d-896b-29b811e2ad90","statusCode":200,"elapsedMs":46}
{"component":"player-command","phase":"request","correlationId":"43a5dec0-b429-4503-bbff-15df072be8f3"}
{"component":"player-command","phase":"authorization","correlationId":"43a5dec0-b429-4503-bbff-15df072be8f3","outcome":"allowed"}
{"component":"player-command","phase":"response","correlationId":"43a5dec0-b429-4503-bbff-15df072be8f3","statusCode":200,"elapsedMs":46}
{"component":"player-command","phase":"request","correlationId":"e2a0d67c-ad16-4dd2-84a1-dc5f0b99616f"}
{"component":"player-command","phase":"authorization","correlationId":"e2a0d67c-ad16-4dd2-84a1-dc5f0b99616f","outcome":"allowed"}
{"component":"player-command","phase":"command","correlationId":"e2a0d67c-ad16-4dd2-84a1-dc5f0b99616f"}
{"component":"player-command","phase":"mutation","correlationId":"e2a0d67c-ad16-4dd2-84a1-dc5f0b99616f","outcome":"completed","replayed":false}
{"component":"player-command","phase":"consequence","correlationId":"e2a0d67c-ad16-4dd2-84a1-dc5f0b99616f","replayed":false,"changes":2}
{"component":"player-command","phase":"opportunity","correlationId":"e2a0d67c-ad16-4dd2-84a1-dc5f0b99616f","replayed":false,"changes":2}
{"component":"player-command","phase":"response","correlationId":"e2a0d67c-ad16-4dd2-84a1-dc5f0b99616f","statusCode":200,"elapsedMs":104}
{"component":"player-command","phase":"request","correlationId":"62b63e11-9186-4547-a42e-b55fd7562187"}
{"component":"player-command","phase":"authorization","correlationId":"62b63e11-9186-4547-a42e-b55fd7562187","outcome":"allowed"}
{"component":"player-command","phase":"response","correlationId":"62b63e11-9186-4547-a42e-b55fd7562187","statusCode":200,"elapsedMs":50}
{"component":"player-command","phase":"request","correlationId":"0b10600a-c8c0-4612-8381-99dde2ca028a"}
{"component":"player-command","phase":"authorization","correlationId":"0b10600a-c8c0-4612-8381-99dde2ca028a","outcome":"allowed"}
{"component":"player-command","phase":"response","correlationId":"0b10600a-c8c0-4612-8381-99dde2ca028a","statusCode":200,"elapsedMs":50}
{"component":"player-command","phase":"request","correlationId":"8daaca75-4250-4e68-a045-f44cb62664dd"}
{"component":"player-command","phase":"authorization","correlationId":"8daaca75-4250-4e68-a045-f44cb62664dd","outcome":"allowed"}
{"component":"player-command","phase":"response","correlationId":"8daaca75-4250-4e68-a045-f44cb62664dd","statusCode":200,"elapsedMs":43}
{"component":"player-command","phase":"request","correlationId":"fcb3b33e-ec0d-493f-b22e-55be48942fe2"}
{"component":"player-command","phase":"authorization","correlationId":"fcb3b33e-ec0d-493f-b22e-55be48942fe2","outcome":"allowed"}
{"component":"player-command","phase":"response","correlationId":"fcb3b33e-ec0d-493f-b22e-55be48942fe2","statusCode":200,"elapsedMs":44}
{"component":"player-command","phase":"request","correlationId":"380d7c12-b607-4b0a-b9e0-aaf25e853996"}
{"component":"player-command","phase":"authorization","correlationId":"380d7c12-b607-4b0a-b9e0-aaf25e853996","outcome":"allowed"}
{"component":"player-command","phase":"command","correlationId":"380d7c12-b607-4b0a-b9e0-aaf25e853996"}
{"component":"player-command","phase":"mutation","correlationId":"380d7c12-b607-4b0a-b9e0-aaf25e853996","outcome":"completed","replayed":false}
{"component":"player-command","phase":"consequence","correlationId":"380d7c12-b607-4b0a-b9e0-aaf25e853996","replayed":false,"changes":2}
{"component":"player-command","phase":"opportunity","correlationId":"380d7c12-b607-4b0a-b9e0-aaf25e853996","replayed":false,"changes":2}
{"component":"player-command","phase":"response","correlationId":"380d7c12-b607-4b0a-b9e0-aaf25e853996","statusCode":200,"elapsedMs":97}
{"component":"player-command","phase":"request","correlationId":"95fef9d4-02c0-4fd3-a8b7-d0a5152dd039"}
{"component":"player-command","phase":"authorization","correlationId":"95fef9d4-02c0-4fd3-a8b7-d0a5152dd039","outcome":"allowed"}
{"component":"player-command","phase":"response","correlationId":"95fef9d4-02c0-4fd3-a8b7-d0a5152dd039","statusCode":200,"elapsedMs":48}
{"component":"player-command","phase":"request","correlationId":"47af489e-4c8c-49be-9917-3170e631d9cd"}
{"component":"player-command","phase":"authorization","correlationId":"47af489e-4c8c-49be-9917-3170e631d9cd","outcome":"allowed"}
{"component":"player-command","phase":"response","correlationId":"47af489e-4c8c-49be-9917-3170e631d9cd","statusCode":200,"elapsedMs":46}
{"component":"player-command","phase":"request","correlationId":"a24731e3-43d3-4ddd-9a5c-3265d63d079b"}
{"component":"player-command","phase":"authorization","correlationId":"a24731e3-43d3-4ddd-9a5c-3265d63d079b","outcome":"allowed"}
{"component":"player-command","phase":"response","correlationId":"a24731e3-43d3-4ddd-9a5c-3265d63d079b","statusCode":200,"elapsedMs":47}
{"component":"player-command","phase":"request","correlationId":"d507be16-cd2e-4d95-95ef-10b02cc79a3f"}
{"component":"player-command","phase":"authorization","correlationId":"d507be16-cd2e-4d95-95ef-10b02cc79a3f","outcome":"allowed"}
{"component":"player-command","phase":"response","correlationId":"d507be16-cd2e-4d95-95ef-10b02cc79a3f","statusCode":200,"elapsedMs":44}
{"component":"player-command","phase":"request","correlationId":"1d87e701-b366-4cdd-8b46-29746875b951"}
{"component":"player-command","phase":"authorization","correlationId":"1d87e701-b366-4cdd-8b46-29746875b951","outcome":"allowed"}
{"component":"player-command","phase":"command","correlationId":"1d87e701-b366-4cdd-8b46-29746875b951"}
{"component":"player-command","phase":"mutation","correlationId":"1d87e701-b366-4cdd-8b46-29746875b951","outcome":"completed","replayed":false}
{"component":"player-command","phase":"consequence","correlationId":"1d87e701-b366-4cdd-8b46-29746875b951","replayed":false,"changes":1}
{"component":"player-command","phase":"opportunity","correlationId":"1d87e701-b366-4cdd-8b46-29746875b951","replayed":false,"changes":1}
{"component":"player-command","phase":"response","correlationId":"1d87e701-b366-4cdd-8b46-29746875b951","statusCode":200,"elapsedMs":100}
{"component":"player-command","phase":"request","correlationId":"a126e88a-0590-499f-9a6b-4c58941dd215"}
{"component":"player-command","phase":"authorization","correlationId":"a126e88a-0590-499f-9a6b-4c58941dd215","outcome":"allowed"}
{"component":"player-command","phase":"response","correlationId":"a126e88a-0590-499f-9a6b-4c58941dd215","statusCode":200,"elapsedMs":54}
{"component":"player-command","phase":"request","correlationId":"97edfc59-ee60-44dd-befb-f823243fd91f"}
{"component":"player-command","phase":"authorization","correlationId":"97edfc59-ee60-44dd-befb-f823243fd91f","outcome":"allowed"}
{"component":"player-command","phase":"response","correlationId":"97edfc59-ee60-44dd-befb-f823243fd91f","statusCode":200,"elapsedMs":43}
{"component":"player-command","phase":"request","correlationId":"f8f14495-45df-42ca-8b55-baf6da8e321c"}
{"component":"player-command","phase":"authorization","correlationId":"f8f14495-45df-42ca-8b55-baf6da8e321c","outcome":"allowed"}
{"component":"player-command","phase":"response","correlationId":"f8f14495-45df-42ca-8b55-baf6da8e321c","statusCode":200,"elapsedMs":46}
{"component":"player-command","phase":"request","correlationId":"9a0221e8-7717-4d5b-8afe-15c04efc7e1c"}
{"component":"player-command","phase":"authorization","correlationId":"9a0221e8-7717-4d5b-8afe-15c04efc7e1c","outcome":"allowed"}
{"component":"player-command","phase":"response","correlationId":"9a0221e8-7717-4d5b-8afe-15c04efc7e1c","statusCode":200,"elapsedMs":50}
{"component":"player-command","phase":"request","correlationId":"e8ff6058-7aa1-4af8-b255-d3a531b72f9e"}
{"component":"player-command","phase":"authorization","correlationId":"e8ff6058-7aa1-4af8-b255-d3a531b72f9e","outcome":"allowed"}
{"component":"player-command","phase":"response","correlationId":"e8ff6058-7aa1-4af8-b255-d3a531b72f9e","statusCode":200,"elapsedMs":46}
{"component":"player-command","phase":"request","correlationId":"dddac358-934e-4bc4-b236-9314e9804048"}
{"component":"player-command","phase":"authorization","correlationId":"dddac358-934e-4bc4-b236-9314e9804048","outcome":"allowed"}
{"component":"player-command","phase":"response","correlationId":"dddac358-934e-4bc4-b236-9314e9804048","statusCode":200,"elapsedMs":47}
{"component":"player-command","phase":"request","correlationId":"93c61e60-f4cf-45c3-928b-18f84e59eff1"}
{"component":"player-command","phase":"authorization","correlationId":"93c61e60-f4cf-45c3-928b-18f84e59eff1","outcome":"allowed"}
{"component":"player-command","phase":"response","correlationId":"93c61e60-f4cf-45c3-928b-18f84e59eff1","statusCode":200,"elapsedMs":40}
{"component":"player-command","phase":"request","correlationId":"21f0964b-ff13-4b97-89de-5d3f1c0409c6"}
{"component":"player-command","phase":"authorization","correlationId":"21f0964b-ff13-4b97-89de-5d3f1c0409c6","outcome":"allowed"}
{"component":"player-command","phase":"command","correlationId":"21f0964b-ff13-4b97-89de-5d3f1c0409c6"}
{"component":"player-command","phase":"mutation","correlationId":"21f0964b-ff13-4b97-89de-5d3f1c0409c6","outcome":"completed","replayed":false}
{"component":"player-command","phase":"consequence","correlationId":"21f0964b-ff13-4b97-89de-5d3f1c0409c6","replayed":false,"changes":2}
{"component":"player-command","phase":"opportunity","correlationId":"21f0964b-ff13-4b97-89de-5d3f1c0409c6","replayed":false,"changes":2}
{"component":"player-command","phase":"response","correlationId":"21f0964b-ff13-4b97-89de-5d3f1c0409c6","statusCode":200,"elapsedMs":126}
{"component":"player-command","phase":"request","correlationId":"3828a150-cb3b-4fc8-8174-7511ad823d1e"}
{"component":"player-command","phase":"authorization","correlationId":"3828a150-cb3b-4fc8-8174-7511ad823d1e","outcome":"allowed"}
{"component":"player-command","phase":"response","correlationId":"3828a150-cb3b-4fc8-8174-7511ad823d1e","statusCode":200,"elapsedMs":53}
{"component":"player-command","phase":"request","correlationId":"ab3c3894-b9dd-40ad-a8d2-d661e29bdea7"}
{"component":"player-command","phase":"authorization","correlationId":"ab3c3894-b9dd-40ad-a8d2-d661e29bdea7","outcome":"allowed"}
{"component":"player-command","phase":"response","correlationId":"ab3c3894-b9dd-40ad-a8d2-d661e29bdea7","statusCode":200,"elapsedMs":48}
{"component":"player-command","phase":"request","correlationId":"c8b28caf-20e0-4ab5-8c8b-390fbb411649"}
{"component":"player-command","phase":"authorization","correlationId":"c8b28caf-20e0-4ab5-8c8b-390fbb411649","outcome":"allowed"}
{"component":"player-command","phase":"response","correlationId":"c8b28caf-20e0-4ab5-8c8b-390fbb411649","statusCode":200,"elapsedMs":44}
{"component":"player-command","phase":"request","correlationId":"03ae2a10-6600-4801-8c0e-d6d681f6b570"}
{"component":"player-command","phase":"authorization","correlationId":"03ae2a10-6600-4801-8c0e-d6d681f6b570","outcome":"allowed"}
{"component":"player-command","phase":"response","correlationId":"03ae2a10-6600-4801-8c0e-d6d681f6b570","statusCode":200,"elapsedMs":40}
{"component":"player-command","phase":"request","correlationId":"51a851da-b932-474b-a16c-7ed25cc00fe5"}
{"component":"player-command","phase":"authorization","correlationId":"51a851da-b932-474b-a16c-7ed25cc00fe5","outcome":"allowed"}
{"component":"player-command","phase":"command","correlationId":"51a851da-b932-474b-a16c-7ed25cc00fe5"}
{"component":"player-command","phase":"mutation","correlationId":"51a851da-b932-474b-a16c-7ed25cc00fe5","outcome":"completed","replayed":false}
{"component":"player-command","phase":"consequence","correlationId":"51a851da-b932-474b-a16c-7ed25cc00fe5","replayed":false,"changes":2}
{"component":"player-command","phase":"opportunity","correlationId":"51a851da-b932-474b-a16c-7ed25cc00fe5","replayed":false,"changes":2}
{"component":"player-command","phase":"response","correlationId":"51a851da-b932-474b-a16c-7ed25cc00fe5","statusCode":200,"elapsedMs":103}
{"component":"player-command","phase":"request","correlationId":"c50c53d9-d72c-4dcf-9e31-faaa3333c754"}
{"component":"player-command","phase":"authorization","correlationId":"c50c53d9-d72c-4dcf-9e31-faaa3333c754","outcome":"allowed"}
{"component":"player-command","phase":"response","correlationId":"c50c53d9-d72c-4dcf-9e31-faaa3333c754","statusCode":200,"elapsedMs":53}
{"component":"player-command","phase":"request","correlationId":"8ab518f4-295c-4d80-b17b-9ceec5e099fe"}
{"component":"player-command","phase":"authorization","correlationId":"8ab518f4-295c-4d80-b17b-9ceec5e099fe","outcome":"allowed"}
{"component":"player-command","phase":"response","correlationId":"8ab518f4-295c-4d80-b17b-9ceec5e099fe","statusCode":200,"elapsedMs":54}
{"component":"player-command","phase":"request","correlationId":"9465f512-e19d-4a8a-9f88-b9fe36e3efc5"}
{"component":"player-command","phase":"authorization","correlationId":"9465f512-e19d-4a8a-9f88-b9fe36e3efc5","outcome":"allowed"}
{"component":"player-command","phase":"response","correlationId":"9465f512-e19d-4a8a-9f88-b9fe36e3efc5","statusCode":200,"elapsedMs":44}
{"component":"player-command","phase":"request","correlationId":"5e32f006-3b42-4eb6-b6d3-3ef43352ee56"}
{"component":"player-command","phase":"authorization","correlationId":"5e32f006-3b42-4eb6-b6d3-3ef43352ee56","outcome":"allowed"}
{"component":"player-command","phase":"response","correlationId":"5e32f006-3b42-4eb6-b6d3-3ef43352ee56","statusCode":200,"elapsedMs":41}
{"component":"player-command","phase":"request","correlationId":"a12ae798-30ee-4e05-bf4b-016128a110b7"}
{"component":"player-command","phase":"authorization","correlationId":"a12ae798-30ee-4e05-bf4b-016128a110b7","outcome":"allowed"}
{"component":"player-command","phase":"command","correlationId":"a12ae798-30ee-4e05-bf4b-016128a110b7"}
{"component":"player-command","phase":"mutation","correlationId":"a12ae798-30ee-4e05-bf4b-016128a110b7","outcome":"completed","replayed":false}
{"component":"player-command","phase":"consequence","correlationId":"a12ae798-30ee-4e05-bf4b-016128a110b7","replayed":false,"changes":16}
{"component":"player-command","phase":"opportunity","correlationId":"a12ae798-30ee-4e05-bf4b-016128a110b7","replayed":false,"changes":13}
{"component":"player-command","phase":"response","correlationId":"a12ae798-30ee-4e05-bf4b-016128a110b7","statusCode":200,"elapsedMs":113}
{"component":"player-command","phase":"request","correlationId":"6b929a2a-9ed0-42f4-92a2-5a4b52c1301e"}
{"component":"player-command","phase":"authorization","correlationId":"6b929a2a-9ed0-42f4-92a2-5a4b52c1301e","outcome":"allowed"}
{"component":"player-command","phase":"response","correlationId":"6b929a2a-9ed0-42f4-92a2-5a4b52c1301e","statusCode":200,"elapsedMs":56}
{"component":"player-command","phase":"request","correlationId":"15088160-4107-4bfc-bb77-32876403f3a0"}
{"component":"player-command","phase":"authorization","correlationId":"15088160-4107-4bfc-bb77-32876403f3a0","outcome":"allowed"}
{"component":"player-command","phase":"response","correlationId":"15088160-4107-4bfc-bb77-32876403f3a0","statusCode":200,"elapsedMs":50}
{"component":"player-command","phase":"request","correlationId":"7121abe0-600c-40ee-8e64-d5ea11156dc5"}
{"component":"player-command","phase":"authorization","correlationId":"7121abe0-600c-40ee-8e64-d5ea11156dc5","outcome":"allowed"}
{"component":"player-command","phase":"response","correlationId":"7121abe0-600c-40ee-8e64-d5ea11156dc5","statusCode":200,"elapsedMs":51}
{"component":"player-command","phase":"request","correlationId":"34e645b4-1408-4e70-9512-6f99e2793a72"}
{"component":"player-command","phase":"authorization","correlationId":"34e645b4-1408-4e70-9512-6f99e2793a72","outcome":"allowed"}
{"component":"player-command","phase":"response","correlationId":"34e645b4-1408-4e70-9512-6f99e2793a72","statusCode":200,"elapsedMs":51}
{"component":"player-command","phase":"request","correlationId":"eedef19e-0ec1-419d-9bad-86c0fc61ad69"}
{"component":"player-command","phase":"authorization","correlationId":"eedef19e-0ec1-419d-9bad-86c0fc61ad69","outcome":"allowed"}
{"component":"player-command","phase":"command","correlationId":"eedef19e-0ec1-419d-9bad-86c0fc61ad69"}
{"component":"player-command","phase":"mutation","correlationId":"eedef19e-0ec1-419d-9bad-86c0fc61ad69","outcome":"completed","replayed":false}
{"component":"player-command","phase":"consequence","correlationId":"eedef19e-0ec1-419d-9bad-86c0fc61ad69","replayed":false,"changes":2}
{"component":"player-command","phase":"opportunity","correlationId":"eedef19e-0ec1-419d-9bad-86c0fc61ad69","replayed":false,"changes":2}
{"component":"player-command","phase":"response","correlationId":"eedef19e-0ec1-419d-9bad-86c0fc61ad69","statusCode":200,"elapsedMs":105}
{"component":"player-command","phase":"request","correlationId":"d3386e60-707e-4397-98c6-bb11fc3873e2"}
{"component":"player-command","phase":"authorization","correlationId":"d3386e60-707e-4397-98c6-bb11fc3873e2","outcome":"allowed"}
{"component":"player-command","phase":"response","correlationId":"d3386e60-707e-4397-98c6-bb11fc3873e2","statusCode":200,"elapsedMs":53}
{"component":"player-command","phase":"request","correlationId":"6aac7e74-fe00-4aed-a8b0-2ea932362784"}
{"component":"player-command","phase":"authorization","correlationId":"6aac7e74-fe00-4aed-a8b0-2ea932362784","outcome":"allowed"}
{"component":"player-command","phase":"response","correlationId":"6aac7e74-fe00-4aed-a8b0-2ea932362784","statusCode":200,"elapsedMs":54}
{"component":"player-command","phase":"request","correlationId":"75691752-dabe-4577-9b54-befb5d4f2517"}
{"component":"player-command","phase":"authorization","correlationId":"75691752-dabe-4577-9b54-befb5d4f2517","outcome":"allowed"}
{"component":"player-command","phase":"response","correlationId":"75691752-dabe-4577-9b54-befb5d4f2517","statusCode":200,"elapsedMs":48}
{"component":"player-command","phase":"request","correlationId":"0d95a1b4-4ec6-4ba1-a084-6ac6e397ada6"}
{"component":"player-command","phase":"authorization","correlationId":"0d95a1b4-4ec6-4ba1-a084-6ac6e397ada6","outcome":"allowed"}
{"component":"player-command","phase":"response","correlationId":"0d95a1b4-4ec6-4ba1-a084-6ac6e397ada6","statusCode":200,"elapsedMs":54}
{"component":"player-command","phase":"request","correlationId":"47a7a9da-2616-4226-9448-1b937d2e15ef"}
{"component":"player-command","phase":"authorization","correlationId":"47a7a9da-2616-4226-9448-1b937d2e15ef","outcome":"allowed"}
{"component":"player-command","phase":"command","correlationId":"47a7a9da-2616-4226-9448-1b937d2e15ef"}
{"component":"player-command","phase":"mutation","correlationId":"47a7a9da-2616-4226-9448-1b937d2e15ef","outcome":"completed","replayed":false}
{"component":"player-command","phase":"consequence","correlationId":"47a7a9da-2616-4226-9448-1b937d2e15ef","replayed":false,"changes":2}
{"component":"player-command","phase":"opportunity","correlationId":"47a7a9da-2616-4226-9448-1b937d2e15ef","replayed":false,"changes":2}
{"component":"player-command","phase":"response","correlationId":"47a7a9da-2616-4226-9448-1b937d2e15ef","statusCode":200,"elapsedMs":111}
{"component":"player-command","phase":"request","correlationId":"3557ae7a-1cca-4ee5-82a6-aeeca4fe9576"}
{"component":"player-command","phase":"authorization","correlationId":"3557ae7a-1cca-4ee5-82a6-aeeca4fe9576","outcome":"allowed"}
{"component":"player-command","phase":"response","correlationId":"3557ae7a-1cca-4ee5-82a6-aeeca4fe9576","statusCode":200,"elapsedMs":50}
{"component":"player-command","phase":"request","correlationId":"c85a0fca-ce30-4be6-90b0-00bf4109f2dd"}
{"component":"player-command","phase":"authorization","correlationId":"c85a0fca-ce30-4be6-90b0-00bf4109f2dd","outcome":"allowed"}
{"component":"player-command","phase":"response","correlationId":"c85a0fca-ce30-4be6-90b0-00bf4109f2dd","statusCode":200,"elapsedMs":59}
{"component":"player-command","phase":"request","correlationId":"1fcde5ae-986e-443a-bc49-bd26c0540ce9"}
{"component":"player-command","phase":"authorization","correlationId":"1fcde5ae-986e-443a-bc49-bd26c0540ce9","outcome":"allowed"}
{"component":"player-command","phase":"response","correlationId":"1fcde5ae-986e-443a-bc49-bd26c0540ce9","statusCode":200,"elapsedMs":48}
{"component":"player-command","phase":"request","correlationId":"e77c17f0-2ac4-4b07-9032-6764b4cbe5d6"}
{"component":"player-command","phase":"authorization","correlationId":"e77c17f0-2ac4-4b07-9032-6764b4cbe5d6","outcome":"allowed"}
{"component":"player-command","phase":"response","correlationId":"e77c17f0-2ac4-4b07-9032-6764b4cbe5d6","statusCode":200,"elapsedMs":48}
{"component":"player-command","phase":"request","correlationId":"8227d9c4-3886-4608-b62d-3a7a2cbe34c8"}
{"component":"player-command","phase":"authorization","correlationId":"8227d9c4-3886-4608-b62d-3a7a2cbe34c8","outcome":"allowed"}
{"component":"player-command","phase":"command","correlationId":"8227d9c4-3886-4608-b62d-3a7a2cbe34c8"}
{"component":"player-command","phase":"mutation","correlationId":"8227d9c4-3886-4608-b62d-3a7a2cbe34c8","outcome":"completed","replayed":false}
{"component":"player-command","phase":"consequence","correlationId":"8227d9c4-3886-4608-b62d-3a7a2cbe34c8","replayed":false,"changes":1}
{"component":"player-command","phase":"opportunity","correlationId":"8227d9c4-3886-4608-b62d-3a7a2cbe34c8","replayed":false,"changes":1}
{"component":"player-command","phase":"response","correlationId":"8227d9c4-3886-4608-b62d-3a7a2cbe34c8","statusCode":200,"elapsedMs":199}
{"component":"player-command","phase":"request","correlationId":"c8b26b12-7a15-4ea4-8b96-5d6ffef45efb"}
{"component":"player-command","phase":"authorization","correlationId":"c8b26b12-7a15-4ea4-8b96-5d6ffef45efb","outcome":"allowed"}
{"component":"player-command","phase":"response","correlationId":"c8b26b12-7a15-4ea4-8b96-5d6ffef45efb","statusCode":200,"elapsedMs":51}
{"component":"player-command","phase":"request","correlationId":"d433dd8f-ddf3-43df-aeb1-2b7cda9d35bf"}
{"component":"player-command","phase":"authorization","correlationId":"d433dd8f-ddf3-43df-aeb1-2b7cda9d35bf","outcome":"allowed"}
{"component":"player-command","phase":"response","correlationId":"d433dd8f-ddf3-43df-aeb1-2b7cda9d35bf","statusCode":200,"elapsedMs":46}
{"component":"player-command","phase":"request","correlationId":"dc09cabf-6233-4d3e-b79b-a2926e8b5578"}
{"component":"player-command","phase":"authorization","correlationId":"dc09cabf-6233-4d3e-b79b-a2926e8b5578","outcome":"allowed"}
{"component":"player-command","phase":"response","correlationId":"dc09cabf-6233-4d3e-b79b-a2926e8b5578","statusCode":200,"elapsedMs":59}
{"component":"player-command","phase":"request","correlationId":"382cf9a0-899c-449c-b0e7-61b674178f8f"}
{"component":"player-command","phase":"authorization","correlationId":"382cf9a0-899c-449c-b0e7-61b674178f8f","outcome":"allowed"}
{"component":"player-command","phase":"response","correlationId":"382cf9a0-899c-449c-b0e7-61b674178f8f","statusCode":200,"elapsedMs":50}
{"component":"player-command","phase":"request","correlationId":"0f59d2fd-4bd3-433f-bd6f-e7379d6f48f0"}
{"component":"player-command","phase":"authorization","correlationId":"0f59d2fd-4bd3-433f-bd6f-e7379d6f48f0","outcome":"allowed"}
{"component":"player-command","phase":"response","correlationId":"0f59d2fd-4bd3-433f-bd6f-e7379d6f48f0","statusCode":200,"elapsedMs":67}
{"component":"player-command","phase":"request","correlationId":"3a303c88-56a9-432c-abb0-f573d8d72be4"}
{"component":"player-command","phase":"authorization","correlationId":"3a303c88-56a9-432c-abb0-f573d8d72be4","outcome":"allowed"}
{"component":"player-command","phase":"command","correlationId":"3a303c88-56a9-432c-abb0-f573d8d72be4"}
{"component":"player-command","phase":"mutation","correlationId":"3a303c88-56a9-432c-abb0-f573d8d72be4","outcome":"completed","replayed":false}
{"component":"player-command","phase":"consequence","correlationId":"3a303c88-56a9-432c-abb0-f573d8d72be4","replayed":false,"changes":4}
{"component":"player-command","phase":"opportunity","correlationId":"3a303c88-56a9-432c-abb0-f573d8d72be4","replayed":false,"changes":0}
{"component":"player-command","phase":"response","correlationId":"3a303c88-56a9-432c-abb0-f573d8d72be4","statusCode":200,"elapsedMs":120}
{"component":"player-command","phase":"request","correlationId":"4d2de2dd-f8f2-4148-90f1-d88cb5ae1691"}
{"component":"player-command","phase":"authorization","correlationId":"4d2de2dd-f8f2-4148-90f1-d88cb5ae1691","outcome":"allowed"}
{"component":"player-command","phase":"response","correlationId":"4d2de2dd-f8f2-4148-90f1-d88cb5ae1691","statusCode":200,"elapsedMs":55}
{"component":"player-command","phase":"request","correlationId":"2d4f575d-162e-4531-9720-8a846ef12c69"}
{"component":"player-command","phase":"authorization","correlationId":"2d4f575d-162e-4531-9720-8a846ef12c69","outcome":"allowed"}
{"component":"player-command","phase":"response","correlationId":"2d4f575d-162e-4531-9720-8a846ef12c69","statusCode":200,"elapsedMs":46}
{"component":"player-command","phase":"request","correlationId":"be4d1069-8bbf-4941-bb14-8827a1b067a0"}
{"component":"player-command","phase":"authorization","correlationId":"be4d1069-8bbf-4941-bb14-8827a1b067a0","outcome":"allowed"}
{"component":"player-command","phase":"response","correlationId":"be4d1069-8bbf-4941-bb14-8827a1b067a0","statusCode":200,"elapsedMs":56}
{"component":"player-command","phase":"request","correlationId":"e3aa97c1-bdf9-4ba7-af9c-d8f7f6a32094"}
{"component":"player-command","phase":"authorization","correlationId":"e3aa97c1-bdf9-4ba7-af9c-d8f7f6a32094","outcome":"allowed"}
{"component":"player-command","phase":"response","correlationId":"e3aa97c1-bdf9-4ba7-af9c-d8f7f6a32094","statusCode":200,"elapsedMs":65}
{"component":"player-command","phase":"request","correlationId":"a0031f17-327f-4e2d-89fa-ba7e5c14ab8e"}
{"component":"player-command","phase":"authorization","correlationId":"a0031f17-327f-4e2d-89fa-ba7e5c14ab8e","outcome":"allowed"}
{"component":"player-command","phase":"command","correlationId":"a0031f17-327f-4e2d-89fa-ba7e5c14ab8e"}
{"component":"player-command","phase":"request","correlationId":"bdf106fe-9fe9-4d64-9efe-99a2667a325c"}
{"component":"player-command","phase":"authorization","correlationId":"bdf106fe-9fe9-4d64-9efe-99a2667a325c","outcome":"allowed"}
{"component":"player-command","phase":"mutation","correlationId":"a0031f17-327f-4e2d-89fa-ba7e5c14ab8e","outcome":"completed","replayed":false}
{"component":"player-command","phase":"response","correlationId":"bdf106fe-9fe9-4d64-9efe-99a2667a325c","statusCode":200,"elapsedMs":73}
{"component":"player-command","phase":"request","correlationId":"eed1ef48-3dcf-43da-8737-078c1632f992"}
{"component":"player-command","phase":"authorization","correlationId":"eed1ef48-3dcf-43da-8737-078c1632f992","outcome":"allowed"}
{"component":"player-command","phase":"consequence","correlationId":"a0031f17-327f-4e2d-89fa-ba7e5c14ab8e","replayed":false,"changes":9}
{"component":"player-command","phase":"opportunity","correlationId":"a0031f17-327f-4e2d-89fa-ba7e5c14ab8e","replayed":false,"changes":8}
{"component":"player-command","phase":"response","correlationId":"a0031f17-327f-4e2d-89fa-ba7e5c14ab8e","statusCode":200,"elapsedMs":172}
{"component":"player-command","phase":"response","correlationId":"eed1ef48-3dcf-43da-8737-078c1632f992","statusCode":200,"elapsedMs":69}
{"component":"player-command","phase":"request","correlationId":"4d82206c-cad0-40cb-8009-75e4171aa1d1"}
{"component":"player-command","phase":"authorization","correlationId":"4d82206c-cad0-40cb-8009-75e4171aa1d1","outcome":"allowed"}
{"component":"player-command","phase":"response","correlationId":"4d82206c-cad0-40cb-8009-75e4171aa1d1","statusCode":200,"elapsedMs":60}
{"component":"player-command","phase":"request","correlationId":"e9d3eb4f-1572-422f-b6d9-5f8b49a2253a"}
{"component":"player-command","phase":"authorization","correlationId":"e9d3eb4f-1572-422f-b6d9-5f8b49a2253a","outcome":"allowed"}
{"component":"player-command","phase":"response","correlationId":"e9d3eb4f-1572-422f-b6d9-5f8b49a2253a","statusCode":200,"elapsedMs":64}
{"component":"player-command","phase":"request","correlationId":"ba0a069f-700c-47e0-a3e0-e9abec607435"}
{"component":"player-command","phase":"authorization","correlationId":"ba0a069f-700c-47e0-a3e0-e9abec607435","outcome":"allowed"}
{"component":"player-command","phase":"response","correlationId":"ba0a069f-700c-47e0-a3e0-e9abec607435","statusCode":200,"elapsedMs":60}
{"component":"player-command","phase":"request","correlationId":"b3bd19c5-d75c-4fa3-8539-37fafca74e1a"}
{"component":"player-command","phase":"authorization","correlationId":"b3bd19c5-d75c-4fa3-8539-37fafca74e1a","outcome":"allowed"}
{"component":"player-command","phase":"response","correlationId":"b3bd19c5-d75c-4fa3-8539-37fafca74e1a","statusCode":200,"elapsedMs":67}
{"component":"player-command","phase":"request","correlationId":"8d9144eb-0733-41a9-a352-f1c307a4da58"}
{"component":"player-command","phase":"authorization","correlationId":"8d9144eb-0733-41a9-a352-f1c307a4da58","outcome":"allowed"}
{"component":"player-command","phase":"command","correlationId":"8d9144eb-0733-41a9-a352-f1c307a4da58"}
{"component":"player-command","phase":"mutation","correlationId":"8d9144eb-0733-41a9-a352-f1c307a4da58","outcome":"completed","replayed":false}
{"component":"player-command","phase":"request","correlationId":"49a49266-b890-47a1-a8e5-7b12d31dc001"}
{"component":"player-command","phase":"authorization","correlationId":"49a49266-b890-47a1-a8e5-7b12d31dc001","outcome":"allowed"}
{"component":"player-command","phase":"response","correlationId":"49a49266-b890-47a1-a8e5-7b12d31dc001","statusCode":200,"elapsedMs":49}
{"component":"player-command","phase":"consequence","correlationId":"8d9144eb-0733-41a9-a352-f1c307a4da58","replayed":false,"changes":1}
{"component":"player-command","phase":"opportunity","correlationId":"8d9144eb-0733-41a9-a352-f1c307a4da58","replayed":false,"changes":0}
{"component":"player-command","phase":"response","correlationId":"8d9144eb-0733-41a9-a352-f1c307a4da58","statusCode":200,"elapsedMs":161}
{"component":"player-command","phase":"request","correlationId":"4e601be5-47a9-4a97-98c9-791d22c0b2c7"}
{"component":"player-command","phase":"authorization","correlationId":"4e601be5-47a9-4a97-98c9-791d22c0b2c7","outcome":"allowed"}
{"component":"player-command","phase":"response","correlationId":"4e601be5-47a9-4a97-98c9-791d22c0b2c7","statusCode":200,"elapsedMs":65}
{"component":"player-command","phase":"request","correlationId":"c8d5c1d2-488e-4a1c-8b1c-57bfe4737db0"}
{"component":"player-command","phase":"authorization","correlationId":"c8d5c1d2-488e-4a1c-8b1c-57bfe4737db0","outcome":"allowed"}
{"component":"player-command","phase":"response","correlationId":"c8d5c1d2-488e-4a1c-8b1c-57bfe4737db0","statusCode":200,"elapsedMs":60}
{"component":"player-command","phase":"request","correlationId":"cdc925b7-4ef0-43e1-b483-989c3af72e49"}
{"component":"player-command","phase":"authorization","correlationId":"cdc925b7-4ef0-43e1-b483-989c3af72e49","outcome":"allowed"}
{"component":"player-command","phase":"response","correlationId":"cdc925b7-4ef0-43e1-b483-989c3af72e49","statusCode":200,"elapsedMs":59}
{"component":"player-command","phase":"request","correlationId":"4576a1b8-bb32-41fd-9759-b17c4f112a02"}
{"component":"player-command","phase":"authorization","correlationId":"4576a1b8-bb32-41fd-9759-b17c4f112a02","outcome":"allowed"}
{"component":"player-command","phase":"command","correlationId":"4576a1b8-bb32-41fd-9759-b17c4f112a02"}
{"component":"player-command","phase":"mutation","correlationId":"4576a1b8-bb32-41fd-9759-b17c4f112a02","outcome":"completed","replayed":false}
{"component":"player-command","phase":"request","correlationId":"98f9b419-b771-4bbe-8587-4abcd75a9410"}
{"component":"player-command","phase":"authorization","correlationId":"98f9b419-b771-4bbe-8587-4abcd75a9410","outcome":"allowed"}
{"component":"player-command","phase":"response","correlationId":"98f9b419-b771-4bbe-8587-4abcd75a9410","statusCode":200,"elapsedMs":53}
{"component":"player-command","phase":"consequence","correlationId":"4576a1b8-bb32-41fd-9759-b17c4f112a02","replayed":false,"changes":10}
{"component":"player-command","phase":"opportunity","correlationId":"4576a1b8-bb32-41fd-9759-b17c4f112a02","replayed":false,"changes":9}
{"component":"player-command","phase":"response","correlationId":"4576a1b8-bb32-41fd-9759-b17c4f112a02","statusCode":200,"elapsedMs":162}
{"component":"player-command","phase":"request","correlationId":"366ab6ca-601f-442e-9a3a-ca023ac0fda1"}
{"component":"player-command","phase":"authorization","correlationId":"366ab6ca-601f-442e-9a3a-ca023ac0fda1","outcome":"allowed"}
{"component":"player-command","phase":"response","correlationId":"366ab6ca-601f-442e-9a3a-ca023ac0fda1","statusCode":200,"elapsedMs":61}
{"component":"player-command","phase":"request","correlationId":"9824bcb0-4ca9-4989-8f38-7918c263ce8c"}
{"component":"player-command","phase":"authorization","correlationId":"9824bcb0-4ca9-4989-8f38-7918c263ce8c","outcome":"allowed"}
{"component":"player-command","phase":"response","correlationId":"9824bcb0-4ca9-4989-8f38-7918c263ce8c","statusCode":200,"elapsedMs":59}
{"component":"player-command","phase":"request","correlationId":"a0bcdf99-69e1-4aa1-9e2d-f0dad735b592"}
{"component":"player-command","phase":"authorization","correlationId":"a0bcdf99-69e1-4aa1-9e2d-f0dad735b592","outcome":"allowed"}
{"component":"player-command","phase":"response","correlationId":"a0bcdf99-69e1-4aa1-9e2d-f0dad735b592","statusCode":200,"elapsedMs":45}
{"component":"player-command","phase":"request","correlationId":"e23dba76-5150-4390-89df-efbd27a26b8c"}
{"component":"player-command","phase":"authorization","correlationId":"e23dba76-5150-4390-89df-efbd27a26b8c","outcome":"allowed"}
{"component":"player-command","phase":"response","correlationId":"e23dba76-5150-4390-89df-efbd27a26b8c","statusCode":200,"elapsedMs":58}
{"component":"player-command","phase":"request","correlationId":"42b81b98-2e8b-4ac8-adbb-cd88638359e6"}
{"component":"player-command","phase":"authorization","correlationId":"42b81b98-2e8b-4ac8-adbb-cd88638359e6","outcome":"allowed"}
{"component":"player-command","phase":"command","correlationId":"42b81b98-2e8b-4ac8-adbb-cd88638359e6"}
{"component":"player-command","phase":"mutation","correlationId":"42b81b98-2e8b-4ac8-adbb-cd88638359e6","outcome":"completed","replayed":false}
{"component":"player-command","phase":"request","correlationId":"6b7edcef-520c-4e8b-a529-45559bd07167"}
{"component":"player-command","phase":"authorization","correlationId":"6b7edcef-520c-4e8b-a529-45559bd07167","outcome":"allowed"}
{"component":"player-command","phase":"consequence","correlationId":"42b81b98-2e8b-4ac8-adbb-cd88638359e6","replayed":false,"changes":7}
{"component":"player-command","phase":"opportunity","correlationId":"42b81b98-2e8b-4ac8-adbb-cd88638359e6","replayed":false,"changes":6}
{"component":"player-command","phase":"response","correlationId":"42b81b98-2e8b-4ac8-adbb-cd88638359e6","statusCode":200,"elapsedMs":145}
{"component":"player-command","phase":"response","correlationId":"6b7edcef-520c-4e8b-a529-45559bd07167","statusCode":200,"elapsedMs":86}
{"component":"player-command","phase":"request","correlationId":"88c2c96e-720f-42b8-b833-d8516dd6dd52"}
{"component":"player-command","phase":"authorization","correlationId":"88c2c96e-720f-42b8-b833-d8516dd6dd52","outcome":"allowed"}
{"component":"player-command","phase":"response","correlationId":"88c2c96e-720f-42b8-b833-d8516dd6dd52","statusCode":200,"elapsedMs":62}
{"component":"player-command","phase":"request","correlationId":"7aeaccbe-6230-44b8-ac62-4a4c8d0cbc04"}
{"component":"player-command","phase":"authorization","correlationId":"7aeaccbe-6230-44b8-ac62-4a4c8d0cbc04","outcome":"allowed"}
{"component":"player-command","phase":"response","correlationId":"7aeaccbe-6230-44b8-ac62-4a4c8d0cbc04","statusCode":200,"elapsedMs":60}
{"component":"player-command","phase":"request","correlationId":"bf3c8fd3-b03d-4af7-8330-1cff1d9765e4"}
{"component":"player-command","phase":"authorization","correlationId":"bf3c8fd3-b03d-4af7-8330-1cff1d9765e4","outcome":"allowed"}
{"component":"player-command","phase":"response","correlationId":"bf3c8fd3-b03d-4af7-8330-1cff1d9765e4","statusCode":200,"elapsedMs":64}
{"component":"player-command","phase":"request","correlationId":"54dc9b72-373d-4791-a6d1-33c5b0254e97"}
{"component":"player-command","phase":"authorization","correlationId":"54dc9b72-373d-4791-a6d1-33c5b0254e97","outcome":"allowed"}
{"component":"player-command","phase":"command","correlationId":"54dc9b72-373d-4791-a6d1-33c5b0254e97"}
{"component":"player-command","phase":"mutation","correlationId":"54dc9b72-373d-4791-a6d1-33c5b0254e97","outcome":"completed","replayed":false}
{"component":"player-command","phase":"request","correlationId":"23f93fcf-9295-4714-86c0-26e5a26f9b0c"}
{"component":"player-command","phase":"authorization","correlationId":"23f93fcf-9295-4714-86c0-26e5a26f9b0c","outcome":"allowed"}
{"component":"player-command","phase":"consequence","correlationId":"54dc9b72-373d-4791-a6d1-33c5b0254e97","replayed":false,"changes":1}
{"component":"player-command","phase":"opportunity","correlationId":"54dc9b72-373d-4791-a6d1-33c5b0254e97","replayed":false,"changes":0}
{"component":"player-command","phase":"response","correlationId":"23f93fcf-9295-4714-86c0-26e5a26f9b0c","statusCode":200,"elapsedMs":82}
{"component":"player-command","phase":"response","correlationId":"54dc9b72-373d-4791-a6d1-33c5b0254e97","statusCode":200,"elapsedMs":162}
{"component":"player-command","phase":"request","correlationId":"03e3ce26-40fd-4ce1-8d8b-7325127fd6ef"}
{"component":"player-command","phase":"authorization","correlationId":"03e3ce26-40fd-4ce1-8d8b-7325127fd6ef","outcome":"allowed"}
{"component":"player-command","phase":"response","correlationId":"03e3ce26-40fd-4ce1-8d8b-7325127fd6ef","statusCode":200,"elapsedMs":72}
{"component":"player-command","phase":"request","correlationId":"b4859a27-4ad2-43b9-9a9a-50d2d4314e85"}
{"component":"player-command","phase":"authorization","correlationId":"b4859a27-4ad2-43b9-9a9a-50d2d4314e85","outcome":"allowed"}
{"component":"player-command","phase":"response","correlationId":"b4859a27-4ad2-43b9-9a9a-50d2d4314e85","statusCode":200,"elapsedMs":103}
{"component":"player-command","phase":"request","correlationId":"83aa4dc4-c7ff-47ba-b5fb-d2952d6ea809"}
{"component":"player-command","phase":"authorization","correlationId":"83aa4dc4-c7ff-47ba-b5fb-d2952d6ea809","outcome":"allowed"}
{"component":"player-command","phase":"response","correlationId":"83aa4dc4-c7ff-47ba-b5fb-d2952d6ea809","statusCode":200,"elapsedMs":63}
{"component":"player-command","phase":"request","correlationId":"666a581f-8b10-42c9-b2bc-128bc1def96f"}
{"component":"player-command","phase":"authorization","correlationId":"666a581f-8b10-42c9-b2bc-128bc1def96f","outcome":"allowed"}
{"component":"player-command","phase":"response","correlationId":"666a581f-8b10-42c9-b2bc-128bc1def96f","statusCode":200,"elapsedMs":63}
{"component":"player-command","phase":"request","correlationId":"c8057291-729f-4fa2-a249-3d13203716e3"}
{"component":"player-command","phase":"authorization","correlationId":"c8057291-729f-4fa2-a249-3d13203716e3","outcome":"allowed"}
{"component":"player-command","phase":"command","correlationId":"c8057291-729f-4fa2-a249-3d13203716e3"}
{"component":"player-command","phase":"mutation","correlationId":"c8057291-729f-4fa2-a249-3d13203716e3","outcome":"completed","replayed":false}
{"component":"player-command","phase":"request","correlationId":"8aecf2b8-ff63-4093-a149-35d825d9442e"}
{"component":"player-command","phase":"authorization","correlationId":"8aecf2b8-ff63-4093-a149-35d825d9442e","outcome":"allowed"}
{"component":"player-command","phase":"consequence","correlationId":"c8057291-729f-4fa2-a249-3d13203716e3","replayed":false,"changes":1}
{"component":"player-command","phase":"opportunity","correlationId":"c8057291-729f-4fa2-a249-3d13203716e3","replayed":false,"changes":0}
{"component":"player-command","phase":"response","correlationId":"8aecf2b8-ff63-4093-a149-35d825d9442e","statusCode":200,"elapsedMs":80}
{"component":"player-command","phase":"response","correlationId":"c8057291-729f-4fa2-a249-3d13203716e3","statusCode":200,"elapsedMs":177}
{"component":"player-command","phase":"request","correlationId":"5381728b-fd77-44ae-a157-fbe14c81ab4e"}
{"component":"player-command","phase":"authorization","correlationId":"5381728b-fd77-44ae-a157-fbe14c81ab4e","outcome":"allowed"}
{"component":"player-command","phase":"response","correlationId":"5381728b-fd77-44ae-a157-fbe14c81ab4e","statusCode":200,"elapsedMs":60}
{"component":"player-command","phase":"request","correlationId":"e444a51f-d379-4377-b27e-721dad96f5f0"}
{"component":"player-command","phase":"authorization","correlationId":"e444a51f-d379-4377-b27e-721dad96f5f0","outcome":"allowed"}
{"component":"player-command","phase":"response","correlationId":"e444a51f-d379-4377-b27e-721dad96f5f0","statusCode":200,"elapsedMs":69}
{"component":"player-command","phase":"request","correlationId":"6eeb5c87-c433-415e-b3a2-3139c55aafce"}
{"component":"player-command","phase":"authorization","correlationId":"6eeb5c87-c433-415e-b3a2-3139c55aafce","outcome":"allowed"}
{"component":"player-command","phase":"response","correlationId":"6eeb5c87-c433-415e-b3a2-3139c55aafce","statusCode":200,"elapsedMs":64}
{"component":"player-command","phase":"request","correlationId":"a0392e5b-ef65-4439-a7ee-4847978edaf6"}
{"component":"player-command","phase":"authorization","correlationId":"a0392e5b-ef65-4439-a7ee-4847978edaf6","outcome":"allowed"}
{"component":"player-command","phase":"command","correlationId":"a0392e5b-ef65-4439-a7ee-4847978edaf6"}
{"component":"player-command","phase":"mutation","correlationId":"a0392e5b-ef65-4439-a7ee-4847978edaf6","outcome":"completed","replayed":false}
{"component":"player-command","phase":"request","correlationId":"a332f08f-1801-4931-8cf5-c02fd76f5d88"}
{"component":"player-command","phase":"authorization","correlationId":"a332f08f-1801-4931-8cf5-c02fd76f5d88","outcome":"allowed"}
{"component":"player-command","phase":"response","correlationId":"a332f08f-1801-4931-8cf5-c02fd76f5d88","statusCode":200,"elapsedMs":75}
{"component":"player-command","phase":"consequence","correlationId":"a0392e5b-ef65-4439-a7ee-4847978edaf6","replayed":false,"changes":1}
{"component":"player-command","phase":"opportunity","correlationId":"a0392e5b-ef65-4439-a7ee-4847978edaf6","replayed":false,"changes":0}
{"component":"player-command","phase":"response","correlationId":"a0392e5b-ef65-4439-a7ee-4847978edaf6","statusCode":200,"elapsedMs":174}
{"component":"player-command","phase":"request","correlationId":"48ba4eda-3c2e-4e8d-97b1-9474b2028d9e"}
{"component":"player-command","phase":"authorization","correlationId":"48ba4eda-3c2e-4e8d-97b1-9474b2028d9e","outcome":"allowed"}
{"component":"player-command","phase":"response","correlationId":"48ba4eda-3c2e-4e8d-97b1-9474b2028d9e","statusCode":200,"elapsedMs":65}
{"component":"player-command","phase":"request","correlationId":"8d97edb3-1cbf-4c21-9f5e-fdf1f1075eb9"}
{"component":"player-command","phase":"authorization","correlationId":"8d97edb3-1cbf-4c21-9f5e-fdf1f1075eb9","outcome":"allowed"}
{"component":"player-command","phase":"response","correlationId":"8d97edb3-1cbf-4c21-9f5e-fdf1f1075eb9","statusCode":200,"elapsedMs":60}
{"component":"player-command","phase":"request","correlationId":"148b75d5-e02e-45cb-a5cc-1495c1557f43"}
{"component":"player-command","phase":"authorization","correlationId":"148b75d5-e02e-45cb-a5cc-1495c1557f43","outcome":"allowed"}
{"component":"player-command","phase":"response","correlationId":"148b75d5-e02e-45cb-a5cc-1495c1557f43","statusCode":200,"elapsedMs":62}
{"component":"player-command","phase":"request","correlationId":"3b696133-0481-498e-82f5-7725212a58f0"}
{"component":"player-command","phase":"authorization","correlationId":"3b696133-0481-498e-82f5-7725212a58f0","outcome":"allowed"}
{"component":"player-command","phase":"command","correlationId":"3b696133-0481-498e-82f5-7725212a58f0"}
{"component":"player-command","phase":"mutation","correlationId":"3b696133-0481-498e-82f5-7725212a58f0","outcome":"completed","replayed":false}
{"component":"player-command","phase":"request","correlationId":"09fe122a-e3c8-4075-aa5a-930ffdbde3ec"}
{"component":"player-command","phase":"authorization","correlationId":"09fe122a-e3c8-4075-aa5a-930ffdbde3ec","outcome":"allowed"}
{"component":"player-command","phase":"consequence","correlationId":"3b696133-0481-498e-82f5-7725212a58f0","replayed":false,"changes":1}
{"component":"player-command","phase":"opportunity","correlationId":"3b696133-0481-498e-82f5-7725212a58f0","replayed":false,"changes":0}
{"component":"player-command","phase":"response","correlationId":"09fe122a-e3c8-4075-aa5a-930ffdbde3ec","statusCode":200,"elapsedMs":79}
{"component":"player-command","phase":"response","correlationId":"3b696133-0481-498e-82f5-7725212a58f0","statusCode":200,"elapsedMs":158}
{"component":"player-command","phase":"request","correlationId":"dccd6a79-c43b-4e48-b999-04692e7f8471"}
{"component":"player-command","phase":"authorization","correlationId":"dccd6a79-c43b-4e48-b999-04692e7f8471","outcome":"allowed"}
{"component":"player-command","phase":"response","correlationId":"dccd6a79-c43b-4e48-b999-04692e7f8471","statusCode":200,"elapsedMs":74}
{"component":"player-command","phase":"request","correlationId":"cd55699d-8f2c-46c9-a926-6b12fecb8b0c"}
{"component":"player-command","phase":"authorization","correlationId":"cd55699d-8f2c-46c9-a926-6b12fecb8b0c","outcome":"allowed"}
{"component":"player-command","phase":"response","correlationId":"cd55699d-8f2c-46c9-a926-6b12fecb8b0c","statusCode":200,"elapsedMs":63}
{"component":"player-command","phase":"request","correlationId":"243c476d-9775-4c45-ad66-eb7d8abfc3bd"}
{"component":"player-command","phase":"authorization","correlationId":"243c476d-9775-4c45-ad66-eb7d8abfc3bd","outcome":"allowed"}
{"component":"player-command","phase":"response","correlationId":"243c476d-9775-4c45-ad66-eb7d8abfc3bd","statusCode":200,"elapsedMs":71}
{"component":"player-command","phase":"request","correlationId":"d8c205ac-0617-4b62-ac59-7454816dcdeb"}
{"component":"player-command","phase":"authorization","correlationId":"d8c205ac-0617-4b62-ac59-7454816dcdeb","outcome":"allowed"}
{"component":"player-command","phase":"response","correlationId":"d8c205ac-0617-4b62-ac59-7454816dcdeb","statusCode":200,"elapsedMs":61}
{"component":"player-command","phase":"request","correlationId":"5fd8f11e-2a63-464b-b018-6bd6ea56d9f9"}
{"component":"player-command","phase":"authorization","correlationId":"5fd8f11e-2a63-464b-b018-6bd6ea56d9f9","outcome":"allowed"}
{"component":"player-command","phase":"command","correlationId":"5fd8f11e-2a63-464b-b018-6bd6ea56d9f9"}
{"component":"player-command","phase":"mutation","correlationId":"5fd8f11e-2a63-464b-b018-6bd6ea56d9f9","outcome":"completed","replayed":false}
{"component":"player-command","phase":"request","correlationId":"35768f35-e2e4-4e4a-81eb-5835fb95b213"}
{"component":"player-command","phase":"authorization","correlationId":"35768f35-e2e4-4e4a-81eb-5835fb95b213","outcome":"allowed"}
{"component":"player-command","phase":"response","correlationId":"35768f35-e2e4-4e4a-81eb-5835fb95b213","statusCode":200,"elapsedMs":68}
{"component":"player-command","phase":"consequence","correlationId":"5fd8f11e-2a63-464b-b018-6bd6ea56d9f9","replayed":false,"changes":1}
{"component":"player-command","phase":"opportunity","correlationId":"5fd8f11e-2a63-464b-b018-6bd6ea56d9f9","replayed":false,"changes":0}
{"component":"player-command","phase":"response","correlationId":"5fd8f11e-2a63-464b-b018-6bd6ea56d9f9","statusCode":200,"elapsedMs":163}
{"component":"player-command","phase":"request","correlationId":"1b5c9fb0-1c1d-4038-8f65-9b74b68b6b42"}
{"component":"player-command","phase":"authorization","correlationId":"1b5c9fb0-1c1d-4038-8f65-9b74b68b6b42","outcome":"allowed"}
{"component":"player-command","phase":"response","correlationId":"1b5c9fb0-1c1d-4038-8f65-9b74b68b6b42","statusCode":200,"elapsedMs":63}
{"component":"player-command","phase":"request","correlationId":"674591ef-4d29-4ef0-816d-71cbc17bc022"}
{"component":"player-command","phase":"authorization","correlationId":"674591ef-4d29-4ef0-816d-71cbc17bc022","outcome":"allowed"}
{"component":"player-command","phase":"response","correlationId":"674591ef-4d29-4ef0-816d-71cbc17bc022","statusCode":200,"elapsedMs":61}
{"component":"player-command","phase":"request","correlationId":"3e4b28a7-0ee0-4ef8-8f21-88752342a9a6"}
{"component":"player-command","phase":"authorization","correlationId":"3e4b28a7-0ee0-4ef8-8f21-88752342a9a6","outcome":"allowed"}
{"component":"player-command","phase":"response","correlationId":"3e4b28a7-0ee0-4ef8-8f21-88752342a9a6","statusCode":200,"elapsedMs":68}
{"component":"player-command","phase":"request","correlationId":"9f2f4f7d-326b-4d67-ae4d-39eb960cccc5"}
{"component":"player-command","phase":"authorization","correlationId":"9f2f4f7d-326b-4d67-ae4d-39eb960cccc5","outcome":"allowed"}
{"component":"player-command","phase":"command","correlationId":"9f2f4f7d-326b-4d67-ae4d-39eb960cccc5"}
{"component":"player-command","phase":"mutation","correlationId":"9f2f4f7d-326b-4d67-ae4d-39eb960cccc5","outcome":"completed","replayed":false}
{"component":"player-command","phase":"request","correlationId":"fa6a5c15-a136-4ece-8947-64a2fa469827"}
{"component":"player-command","phase":"authorization","correlationId":"fa6a5c15-a136-4ece-8947-64a2fa469827","outcome":"allowed"}
{"component":"player-command","phase":"consequence","correlationId":"9f2f4f7d-326b-4d67-ae4d-39eb960cccc5","replayed":false,"changes":1}
{"component":"player-command","phase":"opportunity","correlationId":"9f2f4f7d-326b-4d67-ae4d-39eb960cccc5","replayed":false,"changes":0}
{"component":"player-command","phase":"response","correlationId":"9f2f4f7d-326b-4d67-ae4d-39eb960cccc5","statusCode":200,"elapsedMs":154}
{"component":"player-command","phase":"response","correlationId":"fa6a5c15-a136-4ece-8947-64a2fa469827","statusCode":200,"elapsedMs":73}
{"component":"player-command","phase":"request","correlationId":"de98440f-215f-4938-8d05-1512dab0e660"}
{"component":"player-command","phase":"authorization","correlationId":"de98440f-215f-4938-8d05-1512dab0e660","outcome":"allowed"}
{"component":"player-command","phase":"response","correlationId":"de98440f-215f-4938-8d05-1512dab0e660","statusCode":200,"elapsedMs":64}
{"component":"player-command","phase":"request","correlationId":"012c5c8f-5826-46da-8056-4a277fc18f83"}
{"component":"player-command","phase":"authorization","correlationId":"012c5c8f-5826-46da-8056-4a277fc18f83","outcome":"allowed"}
{"component":"player-command","phase":"response","correlationId":"012c5c8f-5826-46da-8056-4a277fc18f83","statusCode":200,"elapsedMs":75}
{"component":"player-command","phase":"request","correlationId":"b3b3d893-0234-4ad4-a178-12a673168255"}
{"component":"player-command","phase":"authorization","correlationId":"b3b3d893-0234-4ad4-a178-12a673168255","outcome":"allowed"}
{"component":"player-command","phase":"response","correlationId":"b3b3d893-0234-4ad4-a178-12a673168255","statusCode":200,"elapsedMs":58}
{"component":"player-command","phase":"request","correlationId":"070167e3-acc4-470e-8084-72e344225901"}
{"component":"player-command","phase":"authorization","correlationId":"070167e3-acc4-470e-8084-72e344225901","outcome":"allowed"}
{"component":"player-command","phase":"command","correlationId":"070167e3-acc4-470e-8084-72e344225901"}
{"component":"player-command","phase":"mutation","correlationId":"070167e3-acc4-470e-8084-72e344225901","outcome":"completed","replayed":false}
{"component":"player-command","phase":"request","correlationId":"f0ec1881-fa33-4d99-a20e-602de3524048"}
{"component":"player-command","phase":"authorization","correlationId":"f0ec1881-fa33-4d99-a20e-602de3524048","outcome":"allowed"}
{"component":"player-command","phase":"consequence","correlationId":"070167e3-acc4-470e-8084-72e344225901","replayed":false,"changes":3}
{"component":"player-command","phase":"opportunity","correlationId":"070167e3-acc4-470e-8084-72e344225901","replayed":false,"changes":2}
{"component":"player-command","phase":"response","correlationId":"070167e3-acc4-470e-8084-72e344225901","statusCode":200,"elapsedMs":147}
{"component":"player-command","phase":"response","correlationId":"f0ec1881-fa33-4d99-a20e-602de3524048","statusCode":200,"elapsedMs":85}
{"component":"player-command","phase":"request","correlationId":"4f835950-1069-4f07-b004-a025cb70e35c"}
{"component":"player-command","phase":"authorization","correlationId":"4f835950-1069-4f07-b004-a025cb70e35c","outcome":"allowed"}
{"component":"player-command","phase":"response","correlationId":"4f835950-1069-4f07-b004-a025cb70e35c","statusCode":200,"elapsedMs":59}
{"component":"player-command","phase":"request","correlationId":"31c1b836-101d-4de2-800c-d019cd284e2c"}
{"component":"player-command","phase":"authorization","correlationId":"31c1b836-101d-4de2-800c-d019cd284e2c","outcome":"allowed"}
{"component":"player-command","phase":"response","correlationId":"31c1b836-101d-4de2-800c-d019cd284e2c","statusCode":200,"elapsedMs":59}
{"component":"player-command","phase":"request","correlationId":"d82ae68c-489c-48e6-853d-2d786feeeb16"}
{"component":"player-command","phase":"authorization","correlationId":"d82ae68c-489c-48e6-853d-2d786feeeb16","outcome":"allowed"}
{"component":"player-command","phase":"response","correlationId":"d82ae68c-489c-48e6-853d-2d786feeeb16","statusCode":200,"elapsedMs":58}
{"component":"player-command","phase":"request","correlationId":"4d0ea675-aeaa-4c46-9d96-761ac57eb898"}
{"component":"player-command","phase":"authorization","correlationId":"4d0ea675-aeaa-4c46-9d96-761ac57eb898","outcome":"allowed"}
{"component":"player-command","phase":"command","correlationId":"4d0ea675-aeaa-4c46-9d96-761ac57eb898"}
{"component":"player-command","phase":"mutation","correlationId":"4d0ea675-aeaa-4c46-9d96-761ac57eb898","outcome":"completed","replayed":false}
{"component":"player-command","phase":"request","correlationId":"31a15af3-55e7-482a-9c77-affc056f40df"}
{"component":"player-command","phase":"authorization","correlationId":"31a15af3-55e7-482a-9c77-affc056f40df","outcome":"allowed"}
{"component":"player-command","phase":"consequence","correlationId":"4d0ea675-aeaa-4c46-9d96-761ac57eb898","replayed":false,"changes":5}
{"component":"player-command","phase":"opportunity","correlationId":"4d0ea675-aeaa-4c46-9d96-761ac57eb898","replayed":false,"changes":2}
{"component":"player-command","phase":"response","correlationId":"4d0ea675-aeaa-4c46-9d96-761ac57eb898","statusCode":200,"elapsedMs":157}
{"component":"player-command","phase":"response","correlationId":"31a15af3-55e7-482a-9c77-affc056f40df","statusCode":200,"elapsedMs":85}
{"component":"player-command","phase":"request","correlationId":"cbf49112-74c7-42b2-b671-1a16a6a679d0"}
{"component":"player-command","phase":"authorization","correlationId":"cbf49112-74c7-42b2-b671-1a16a6a679d0","outcome":"allowed"}
{"component":"player-command","phase":"response","correlationId":"cbf49112-74c7-42b2-b671-1a16a6a679d0","statusCode":200,"elapsedMs":59}
{"component":"player-command","phase":"request","correlationId":"78cd763f-0737-4e50-b528-1684276effb2"}
{"component":"player-command","phase":"authorization","correlationId":"78cd763f-0737-4e50-b528-1684276effb2","outcome":"allowed"}
{"component":"player-command","phase":"response","correlationId":"78cd763f-0737-4e50-b528-1684276effb2","statusCode":200,"elapsedMs":57}
{"component":"player-command","phase":"request","correlationId":"8385e9e8-7007-4b97-aff9-b6a2a52cf5d5"}
{"component":"player-command","phase":"authorization","correlationId":"8385e9e8-7007-4b97-aff9-b6a2a52cf5d5","outcome":"allowed"}
{"component":"player-command","phase":"response","correlationId":"8385e9e8-7007-4b97-aff9-b6a2a52cf5d5","statusCode":200,"elapsedMs":56}
{"component":"player-command","phase":"request","correlationId":"65d9e205-dd02-415c-9f9d-ed2e8430fd70"}
{"component":"player-command","phase":"authorization","correlationId":"65d9e205-dd02-415c-9f9d-ed2e8430fd70","outcome":"allowed"}
{"component":"player-command","phase":"command","correlationId":"65d9e205-dd02-415c-9f9d-ed2e8430fd70"}
{"component":"player-command","phase":"mutation","correlationId":"65d9e205-dd02-415c-9f9d-ed2e8430fd70","outcome":"completed","replayed":false}
{"component":"player-command","phase":"request","correlationId":"2c331d25-07e5-40d9-9fd2-5fa8fbd0c8b4"}
{"component":"player-command","phase":"authorization","correlationId":"2c331d25-07e5-40d9-9fd2-5fa8fbd0c8b4","outcome":"allowed"}
{"component":"player-command","phase":"consequence","correlationId":"65d9e205-dd02-415c-9f9d-ed2e8430fd70","replayed":false,"changes":1}
{"component":"player-command","phase":"opportunity","correlationId":"65d9e205-dd02-415c-9f9d-ed2e8430fd70","replayed":false,"changes":0}
{"component":"player-command","phase":"response","correlationId":"65d9e205-dd02-415c-9f9d-ed2e8430fd70","statusCode":200,"elapsedMs":150}
{"component":"player-command","phase":"response","correlationId":"2c331d25-07e5-40d9-9fd2-5fa8fbd0c8b4","statusCode":200,"elapsedMs":89}
{"component":"player-command","phase":"request","correlationId":"feff693b-eb77-4adf-98e3-3c134278f62f"}
{"component":"player-command","phase":"authorization","correlationId":"feff693b-eb77-4adf-98e3-3c134278f62f","outcome":"allowed"}
{"component":"player-command","phase":"response","correlationId":"feff693b-eb77-4adf-98e3-3c134278f62f","statusCode":200,"elapsedMs":63}
{"component":"player-command","phase":"request","correlationId":"c8b48354-864a-45e4-a6b6-8408360a1798"}
{"component":"player-command","phase":"authorization","correlationId":"c8b48354-864a-45e4-a6b6-8408360a1798","outcome":"allowed"}
{"component":"player-command","phase":"response","correlationId":"c8b48354-864a-45e4-a6b6-8408360a1798","statusCode":200,"elapsedMs":55}
{"component":"player-command","phase":"request","correlationId":"b2800230-f471-4de8-b34a-73ed9f593b12"}
{"component":"player-command","phase":"authorization","correlationId":"b2800230-f471-4de8-b34a-73ed9f593b12","outcome":"allowed"}
{"component":"player-command","phase":"response","correlationId":"b2800230-f471-4de8-b34a-73ed9f593b12","statusCode":200,"elapsedMs":56}
{"component":"player-command","phase":"request","correlationId":"82ec73a9-95ea-42a8-8215-c123c8fe0c79"}
{"component":"player-command","phase":"authorization","correlationId":"82ec73a9-95ea-42a8-8215-c123c8fe0c79","outcome":"allowed"}
{"component":"player-command","phase":"command","correlationId":"82ec73a9-95ea-42a8-8215-c123c8fe0c79"}
{"component":"player-command","phase":"mutation","correlationId":"82ec73a9-95ea-42a8-8215-c123c8fe0c79","outcome":"completed","replayed":false}
{"component":"player-command","phase":"request","correlationId":"5f3f207f-309b-4604-97c5-9aaa29283df1"}
{"component":"player-command","phase":"authorization","correlationId":"5f3f207f-309b-4604-97c5-9aaa29283df1","outcome":"allowed"}
{"component":"player-command","phase":"consequence","correlationId":"82ec73a9-95ea-42a8-8215-c123c8fe0c79","replayed":false,"changes":2}
{"component":"player-command","phase":"opportunity","correlationId":"82ec73a9-95ea-42a8-8215-c123c8fe0c79","replayed":false,"changes":0}
{"component":"player-command","phase":"response","correlationId":"82ec73a9-95ea-42a8-8215-c123c8fe0c79","statusCode":200,"elapsedMs":147}
{"component":"player-command","phase":"response","correlationId":"5f3f207f-309b-4604-97c5-9aaa29283df1","statusCode":200,"elapsedMs":80}
{"component":"player-command","phase":"request","correlationId":"79427d53-4bc4-4902-8f6e-301621e1a7ba"}
{"component":"player-command","phase":"authorization","correlationId":"79427d53-4bc4-4902-8f6e-301621e1a7ba","outcome":"allowed"}
{"component":"player-command","phase":"response","correlationId":"79427d53-4bc4-4902-8f6e-301621e1a7ba","statusCode":200,"elapsedMs":66}
{"component":"player-command","phase":"request","correlationId":"c77c70b5-c989-4a28-a8ef-e3f532bc024a"}
{"component":"player-command","phase":"authorization","correlationId":"c77c70b5-c989-4a28-a8ef-e3f532bc024a","outcome":"allowed"}
{"component":"player-command","phase":"response","correlationId":"c77c70b5-c989-4a28-a8ef-e3f532bc024a","statusCode":200,"elapsedMs":57}
{"component":"player-command","phase":"request","correlationId":"c136e44b-5eec-4190-990a-cc68445c40ed"}
{"component":"player-command","phase":"authorization","correlationId":"c136e44b-5eec-4190-990a-cc68445c40ed","outcome":"allowed"}
{"component":"player-command","phase":"response","correlationId":"c136e44b-5eec-4190-990a-cc68445c40ed","statusCode":200,"elapsedMs":64}
{"component":"player-command","phase":"request","correlationId":"1677585e-8768-4748-a4c1-9d01875c76a4"}
{"component":"player-command","phase":"authorization","correlationId":"1677585e-8768-4748-a4c1-9d01875c76a4","outcome":"allowed"}
{"component":"player-command","phase":"command","correlationId":"1677585e-8768-4748-a4c1-9d01875c76a4"}
{"component":"player-command","phase":"mutation","correlationId":"1677585e-8768-4748-a4c1-9d01875c76a4","outcome":"completed","replayed":false}
{"component":"player-command","phase":"request","correlationId":"2dd9e0bf-a88f-4e52-985c-f48ff71c76ac"}
{"component":"player-command","phase":"authorization","correlationId":"2dd9e0bf-a88f-4e52-985c-f48ff71c76ac","outcome":"allowed"}
{"component":"player-command","phase":"consequence","correlationId":"1677585e-8768-4748-a4c1-9d01875c76a4","replayed":false,"changes":1}
{"component":"player-command","phase":"opportunity","correlationId":"1677585e-8768-4748-a4c1-9d01875c76a4","replayed":false,"changes":0}
{"component":"player-command","phase":"response","correlationId":"2dd9e0bf-a88f-4e52-985c-f48ff71c76ac","statusCode":200,"elapsedMs":79}
{"component":"player-command","phase":"response","correlationId":"1677585e-8768-4748-a4c1-9d01875c76a4","statusCode":200,"elapsedMs":159}
{"component":"player-command","phase":"request","correlationId":"b8386e5c-e97d-4413-81b5-42447b82889a"}
{"component":"player-command","phase":"authorization","correlationId":"b8386e5c-e97d-4413-81b5-42447b82889a","outcome":"allowed"}
{"component":"player-command","phase":"response","correlationId":"b8386e5c-e97d-4413-81b5-42447b82889a","statusCode":200,"elapsedMs":74}
{"component":"player-command","phase":"request","correlationId":"ff7d0260-63d5-4844-a3b9-efc8859ef24a"}
{"component":"player-command","phase":"authorization","correlationId":"ff7d0260-63d5-4844-a3b9-efc8859ef24a","outcome":"allowed"}
{"component":"player-command","phase":"response","correlationId":"ff7d0260-63d5-4844-a3b9-efc8859ef24a","statusCode":200,"elapsedMs":61}
{"component":"player-command","phase":"request","correlationId":"1e2869eb-74bf-4353-bb72-e1349fec7655"}
{"component":"player-command","phase":"authorization","correlationId":"1e2869eb-74bf-4353-bb72-e1349fec7655","outcome":"allowed"}
{"component":"player-command","phase":"response","correlationId":"1e2869eb-74bf-4353-bb72-e1349fec7655","statusCode":200,"elapsedMs":60}
{"component":"player-command","phase":"request","correlationId":"ec3a87ec-2190-45cc-a5b1-307725394348"}
{"component":"player-command","phase":"authorization","correlationId":"ec3a87ec-2190-45cc-a5b1-307725394348","outcome":"allowed"}
{"component":"player-command","phase":"response","correlationId":"ec3a87ec-2190-45cc-a5b1-307725394348","statusCode":200,"elapsedMs":62}
{"component":"player-command","phase":"request","correlationId":"db865e14-98e2-417c-85c3-a6011b53a725"}
{"component":"player-command","phase":"authorization","correlationId":"db865e14-98e2-417c-85c3-a6011b53a725","outcome":"allowed"}
{"component":"player-command","phase":"command","correlationId":"db865e14-98e2-417c-85c3-a6011b53a725"}
{"component":"player-command","phase":"mutation","correlationId":"db865e14-98e2-417c-85c3-a6011b53a725","outcome":"completed","replayed":false}
{"component":"player-command","phase":"request","correlationId":"390a1c71-e2dc-4d58-9801-291a642e9001"}
{"component":"player-command","phase":"authorization","correlationId":"390a1c71-e2dc-4d58-9801-291a642e9001","outcome":"allowed"}
{"component":"player-command","phase":"consequence","correlationId":"db865e14-98e2-417c-85c3-a6011b53a725","replayed":false,"changes":26}
{"component":"player-command","phase":"opportunity","correlationId":"db865e14-98e2-417c-85c3-a6011b53a725","replayed":false,"changes":24}
{"component":"player-command","phase":"response","correlationId":"db865e14-98e2-417c-85c3-a6011b53a725","statusCode":200,"elapsedMs":167}
{"component":"player-command","phase":"response","correlationId":"390a1c71-e2dc-4d58-9801-291a642e9001","statusCode":200,"elapsedMs":84}
{"component":"player-command","phase":"request","correlationId":"85ab5401-2d17-4a03-9951-96970210f4ed"}
{"component":"player-command","phase":"authorization","correlationId":"85ab5401-2d17-4a03-9951-96970210f4ed","outcome":"allowed"}
{"component":"player-command","phase":"response","correlationId":"85ab5401-2d17-4a03-9951-96970210f4ed","statusCode":200,"elapsedMs":65}
{"component":"player-command","phase":"request","correlationId":"0201b6a0-25df-4e46-af8b-1a1a89747d25"}
{"component":"player-command","phase":"authorization","correlationId":"0201b6a0-25df-4e46-af8b-1a1a89747d25","outcome":"allowed"}
{"component":"player-command","phase":"response","correlationId":"0201b6a0-25df-4e46-af8b-1a1a89747d25","statusCode":200,"elapsedMs":56}
{"component":"player-command","phase":"request","correlationId":"5e9c119c-4561-4641-8bed-6c91c332f4e2"}
{"component":"player-command","phase":"authorization","correlationId":"5e9c119c-4561-4641-8bed-6c91c332f4e2","outcome":"allowed"}
{"component":"player-command","phase":"response","correlationId":"5e9c119c-4561-4641-8bed-6c91c332f4e2","statusCode":200,"elapsedMs":61}
{"component":"player-command","phase":"request","correlationId":"09262101-81c2-4ba2-a64a-62a687425db3"}
{"component":"player-command","phase":"authorization","correlationId":"09262101-81c2-4ba2-a64a-62a687425db3","outcome":"allowed"}
{"component":"player-command","phase":"response","correlationId":"09262101-81c2-4ba2-a64a-62a687425db3","statusCode":200,"elapsedMs":74}
{"component":"player-command","phase":"request","correlationId":"66a8ab36-8439-4596-88b2-7c139cce43ac"}
{"component":"player-command","phase":"authorization","correlationId":"66a8ab36-8439-4596-88b2-7c139cce43ac","outcome":"allowed"}
{"component":"player-command","phase":"response","correlationId":"66a8ab36-8439-4596-88b2-7c139cce43ac","statusCode":200,"elapsedMs":56}
{"component":"player-command","phase":"request","correlationId":"6f174d04-b347-40c5-b21f-5f1c0f57c098"}
{"component":"player-command","phase":"authorization","correlationId":"6f174d04-b347-40c5-b21f-5f1c0f57c098","outcome":"allowed"}
{"component":"player-command","phase":"response","correlationId":"6f174d04-b347-40c5-b21f-5f1c0f57c098","statusCode":200,"elapsedMs":52}
{"component":"player-command","phase":"request","correlationId":"136c0b08-32bc-4985-8486-1387cd4faec6"}
{"component":"player-command","phase":"authorization","correlationId":"136c0b08-32bc-4985-8486-1387cd4faec6","outcome":"allowed"}
{"component":"player-command","phase":"command","correlationId":"136c0b08-32bc-4985-8486-1387cd4faec6"}
{"component":"player-command","phase":"request","correlationId":"10753a01-c4bb-434c-91ef-76eabe752eb3"}
{"component":"player-command","phase":"authorization","correlationId":"10753a01-c4bb-434c-91ef-76eabe752eb3","outcome":"allowed"}
{"component":"player-command","phase":"mutation","correlationId":"136c0b08-32bc-4985-8486-1387cd4faec6","outcome":"completed","replayed":false}
{"component":"player-command","phase":"response","correlationId":"10753a01-c4bb-434c-91ef-76eabe752eb3","statusCode":200,"elapsedMs":69}
{"component":"player-command","phase":"consequence","correlationId":"136c0b08-32bc-4985-8486-1387cd4faec6","replayed":false,"changes":4}
{"component":"player-command","phase":"opportunity","correlationId":"136c0b08-32bc-4985-8486-1387cd4faec6","replayed":false,"changes":0}
{"component":"player-command","phase":"response","correlationId":"136c0b08-32bc-4985-8486-1387cd4faec6","statusCode":200,"elapsedMs":138}
{"component":"player-command","phase":"request","correlationId":"5ca505ce-7144-4f38-b9f2-3cacc88812bd"}
{"component":"player-command","phase":"authorization","correlationId":"5ca505ce-7144-4f38-b9f2-3cacc88812bd","outcome":"allowed"}
{"component":"player-command","phase":"response","correlationId":"5ca505ce-7144-4f38-b9f2-3cacc88812bd","statusCode":200,"elapsedMs":55}
{"component":"player-command","phase":"request","correlationId":"630effa7-4a0a-4b21-b008-a21ee597435c"}
{"component":"player-command","phase":"authorization","correlationId":"630effa7-4a0a-4b21-b008-a21ee597435c","outcome":"allowed"}
{"component":"player-command","phase":"response","correlationId":"630effa7-4a0a-4b21-b008-a21ee597435c","statusCode":200,"elapsedMs":54}
{"component":"player-command","phase":"request","correlationId":"5d9936de-b41b-46c3-ab3f-c3e984ae3cc3"}
{"component":"player-command","phase":"authorization","correlationId":"5d9936de-b41b-46c3-ab3f-c3e984ae3cc3","outcome":"allowed"}
{"component":"player-command","phase":"response","correlationId":"5d9936de-b41b-46c3-ab3f-c3e984ae3cc3","statusCode":200,"elapsedMs":50}
{"component":"player-command","phase":"request","correlationId":"755e19b4-3ef4-4618-bd64-532559d17a3b"}
{"component":"player-command","phase":"authorization","correlationId":"755e19b4-3ef4-4618-bd64-532559d17a3b","outcome":"allowed"}
{"component":"player-command","phase":"response","correlationId":"755e19b4-3ef4-4618-bd64-532559d17a3b","statusCode":200,"elapsedMs":57}
{"component":"player-command","phase":"request","correlationId":"10db7edc-b43f-4b24-8487-2f3dd1270e8d"}
{"component":"player-command","phase":"authorization","correlationId":"10db7edc-b43f-4b24-8487-2f3dd1270e8d","outcome":"allowed"}
{"component":"player-command","phase":"command","correlationId":"10db7edc-b43f-4b24-8487-2f3dd1270e8d"}
{"component":"player-command","phase":"mutation","correlationId":"10db7edc-b43f-4b24-8487-2f3dd1270e8d","outcome":"completed","replayed":false}
{"component":"player-command","phase":"request","correlationId":"945834e5-d02c-4bd4-abed-21e9716ecc24"}
{"component":"player-command","phase":"authorization","correlationId":"945834e5-d02c-4bd4-abed-21e9716ecc24","outcome":"allowed"}
{"component":"player-command","phase":"response","correlationId":"945834e5-d02c-4bd4-abed-21e9716ecc24","statusCode":200,"elapsedMs":55}
{"component":"player-command","phase":"request","correlationId":"46b54527-6ad3-4111-b0bb-943b41e881af"}
{"component":"player-command","phase":"authorization","correlationId":"46b54527-6ad3-4111-b0bb-943b41e881af","outcome":"allowed"}
{"component":"player-command","phase":"consequence","correlationId":"10db7edc-b43f-4b24-8487-2f3dd1270e8d","replayed":false,"changes":9}
{"component":"player-command","phase":"opportunity","correlationId":"10db7edc-b43f-4b24-8487-2f3dd1270e8d","replayed":false,"changes":8}
{"component":"player-command","phase":"response","correlationId":"10db7edc-b43f-4b24-8487-2f3dd1270e8d","statusCode":200,"elapsedMs":141}
{"component":"player-command","phase":"request","correlationId":"3f558efe-3bbb-4b85-b5c4-a12d33d9d54d"}
{"component":"player-command","phase":"authorization","correlationId":"3f558efe-3bbb-4b85-b5c4-a12d33d9d54d","outcome":"allowed"}
{"component":"player-command","phase":"response","correlationId":"46b54527-6ad3-4111-b0bb-943b41e881af","statusCode":200,"elapsedMs":74}
{"component":"player-command","phase":"response","correlationId":"3f558efe-3bbb-4b85-b5c4-a12d33d9d54d","statusCode":200,"elapsedMs":79}
{"component":"player-command","phase":"request","correlationId":"52a1e67f-184d-4b0a-8e43-0be5575faa36"}
{"component":"player-command","phase":"authorization","correlationId":"52a1e67f-184d-4b0a-8e43-0be5575faa36","outcome":"allowed"}
{"component":"player-command","phase":"response","correlationId":"52a1e67f-184d-4b0a-8e43-0be5575faa36","statusCode":200,"elapsedMs":56}
{"component":"player-command","phase":"request","correlationId":"01eb2037-a80b-4704-b1f0-1dc418fb5668"}
{"component":"player-command","phase":"authorization","correlationId":"01eb2037-a80b-4704-b1f0-1dc418fb5668","outcome":"allowed"}
{"component":"player-command","phase":"response","correlationId":"01eb2037-a80b-4704-b1f0-1dc418fb5668","statusCode":200,"elapsedMs":55}
{"component":"player-command","phase":"request","correlationId":"961fe0e7-437c-42cf-b048-e4e943469b75"}
{"component":"player-command","phase":"authorization","correlationId":"961fe0e7-437c-42cf-b048-e4e943469b75","outcome":"allowed"}
{"component":"player-command","phase":"response","correlationId":"961fe0e7-437c-42cf-b048-e4e943469b75","statusCode":200,"elapsedMs":58}
{"component":"player-command","phase":"request","correlationId":"24bf48c3-791a-4607-8313-aa97ef05fafd"}
{"component":"player-command","phase":"authorization","correlationId":"24bf48c3-791a-4607-8313-aa97ef05fafd","outcome":"allowed"}
{"component":"player-command","phase":"response","correlationId":"24bf48c3-791a-4607-8313-aa97ef05fafd","statusCode":200,"elapsedMs":59}
{"component":"player-command","phase":"request","correlationId":"552150a0-c3cb-4fe7-8501-48b104fcddec"}
{"component":"player-command","phase":"authorization","correlationId":"552150a0-c3cb-4fe7-8501-48b104fcddec","outcome":"allowed"}
{"component":"player-command","phase":"command","correlationId":"552150a0-c3cb-4fe7-8501-48b104fcddec"}
{"component":"player-command","phase":"mutation","correlationId":"552150a0-c3cb-4fe7-8501-48b104fcddec","outcome":"completed","replayed":false}
{"component":"player-command","phase":"request","correlationId":"62167f73-9746-40c1-b887-3c4e53dd1d6e"}
{"component":"player-command","phase":"authorization","correlationId":"62167f73-9746-40c1-b887-3c4e53dd1d6e","outcome":"allowed"}
{"component":"player-command","phase":"response","correlationId":"62167f73-9746-40c1-b887-3c4e53dd1d6e","statusCode":200,"elapsedMs":59}
{"component":"player-command","phase":"consequence","correlationId":"552150a0-c3cb-4fe7-8501-48b104fcddec","replayed":false,"changes":1}
{"component":"player-command","phase":"opportunity","correlationId":"552150a0-c3cb-4fe7-8501-48b104fcddec","replayed":false,"changes":0}
{"component":"player-command","phase":"response","correlationId":"552150a0-c3cb-4fe7-8501-48b104fcddec","statusCode":200,"elapsedMs":151}
{"component":"player-command","phase":"request","correlationId":"19ead441-f62f-4997-bc70-e6b4f5b0c944"}
{"component":"player-command","phase":"authorization","correlationId":"19ead441-f62f-4997-bc70-e6b4f5b0c944","outcome":"allowed"}
{"component":"player-command","phase":"response","correlationId":"19ead441-f62f-4997-bc70-e6b4f5b0c944","statusCode":200,"elapsedMs":60}
{"component":"player-command","phase":"request","correlationId":"99b1884a-6b43-4c47-b246-94c0be7b0a65"}
{"component":"player-command","phase":"authorization","correlationId":"99b1884a-6b43-4c47-b246-94c0be7b0a65","outcome":"allowed"}
{"component":"player-command","phase":"response","correlationId":"99b1884a-6b43-4c47-b246-94c0be7b0a65","statusCode":200,"elapsedMs":58}
{"component":"player-command","phase":"request","correlationId":"6c17c78b-a3b5-4777-8c6a-e0baf1d8aa88"}
{"component":"player-command","phase":"authorization","correlationId":"6c17c78b-a3b5-4777-8c6a-e0baf1d8aa88","outcome":"allowed"}
{"component":"player-command","phase":"response","correlationId":"6c17c78b-a3b5-4777-8c6a-e0baf1d8aa88","statusCode":200,"elapsedMs":57}
{"component":"player-command","phase":"request","correlationId":"9d03bf98-00b1-45a9-a6e8-43e82b977b6f"}
{"component":"player-command","phase":"authorization","correlationId":"9d03bf98-00b1-45a9-a6e8-43e82b977b6f","outcome":"allowed"}
{"component":"player-command","phase":"command","correlationId":"9d03bf98-00b1-45a9-a6e8-43e82b977b6f"}
{"component":"player-command","phase":"mutation","correlationId":"9d03bf98-00b1-45a9-a6e8-43e82b977b6f","outcome":"completed","replayed":false}
{"component":"player-command","phase":"request","correlationId":"ab16f0e5-4469-4e1c-99c5-45e1d9f89c75"}
{"component":"player-command","phase":"authorization","correlationId":"ab16f0e5-4469-4e1c-99c5-45e1d9f89c75","outcome":"allowed"}
{"component":"player-command","phase":"response","correlationId":"ab16f0e5-4469-4e1c-99c5-45e1d9f89c75","statusCode":200,"elapsedMs":57}
{"component":"player-command","phase":"consequence","correlationId":"9d03bf98-00b1-45a9-a6e8-43e82b977b6f","replayed":false,"changes":7}
{"component":"player-command","phase":"opportunity","correlationId":"9d03bf98-00b1-45a9-a6e8-43e82b977b6f","replayed":false,"changes":6}
{"component":"player-command","phase":"response","correlationId":"9d03bf98-00b1-45a9-a6e8-43e82b977b6f","statusCode":200,"elapsedMs":162}
{"component":"player-command","phase":"request","correlationId":"134af0d5-beaa-4b0a-a418-11863d8de544"}
{"component":"player-command","phase":"authorization","correlationId":"134af0d5-beaa-4b0a-a418-11863d8de544","outcome":"allowed"}
{"component":"player-command","phase":"response","correlationId":"134af0d5-beaa-4b0a-a418-11863d8de544","statusCode":200,"elapsedMs":60}
{"component":"player-command","phase":"request","correlationId":"d591b8a0-d57d-4349-afc8-c6d6c2c496c6"}
{"component":"player-command","phase":"authorization","correlationId":"d591b8a0-d57d-4349-afc8-c6d6c2c496c6","outcome":"allowed"}
{"component":"player-command","phase":"response","correlationId":"d591b8a0-d57d-4349-afc8-c6d6c2c496c6","statusCode":200,"elapsedMs":57}
{"component":"player-command","phase":"request","correlationId":"2cc1fdd4-4aca-4b9a-aa51-f8401b8f0280"}
{"component":"player-command","phase":"authorization","correlationId":"2cc1fdd4-4aca-4b9a-aa51-f8401b8f0280","outcome":"allowed"}
{"component":"player-command","phase":"response","correlationId":"2cc1fdd4-4aca-4b9a-aa51-f8401b8f0280","statusCode":200,"elapsedMs":51}
{"component":"player-command","phase":"request","correlationId":"be283f6c-8a20-4e66-9f69-c821d8e56f1b"}
{"component":"player-command","phase":"authorization","correlationId":"be283f6c-8a20-4e66-9f69-c821d8e56f1b","outcome":"allowed"}
{"component":"player-command","phase":"response","correlationId":"be283f6c-8a20-4e66-9f69-c821d8e56f1b","statusCode":200,"elapsedMs":53}
{"component":"player-command","phase":"request","correlationId":"3937d98d-4ecc-4f60-91ef-937c07975aa5"}
{"component":"player-command","phase":"authorization","correlationId":"3937d98d-4ecc-4f60-91ef-937c07975aa5","outcome":"allowed"}
{"component":"player-command","phase":"command","correlationId":"3937d98d-4ecc-4f60-91ef-937c07975aa5"}
{"component":"player-command","phase":"mutation","correlationId":"3937d98d-4ecc-4f60-91ef-937c07975aa5","outcome":"completed","replayed":false}
{"component":"player-command","phase":"request","correlationId":"072c06a0-f303-4962-a94a-c7bafe1aea02"}
{"component":"player-command","phase":"authorization","correlationId":"072c06a0-f303-4962-a94a-c7bafe1aea02","outcome":"allowed"}
{"component":"player-command","phase":"consequence","correlationId":"3937d98d-4ecc-4f60-91ef-937c07975aa5","replayed":false,"changes":7}
{"component":"player-command","phase":"opportunity","correlationId":"3937d98d-4ecc-4f60-91ef-937c07975aa5","replayed":false,"changes":6}
{"component":"player-command","phase":"response","correlationId":"3937d98d-4ecc-4f60-91ef-937c07975aa5","statusCode":200,"elapsedMs":132}
{"component":"player-command","phase":"response","correlationId":"072c06a0-f303-4962-a94a-c7bafe1aea02","statusCode":200,"elapsedMs":79}
{"component":"player-command","phase":"request","correlationId":"14bd7606-391a-4b2f-9130-753cd4559154"}
{"component":"player-command","phase":"authorization","correlationId":"14bd7606-391a-4b2f-9130-753cd4559154","outcome":"allowed"}
{"component":"player-command","phase":"response","correlationId":"14bd7606-391a-4b2f-9130-753cd4559154","statusCode":200,"elapsedMs":60}
{"component":"player-command","phase":"request","correlationId":"17e4362d-dc95-498a-979e-edd6ba8bd794"}
{"component":"player-command","phase":"authorization","correlationId":"17e4362d-dc95-498a-979e-edd6ba8bd794","outcome":"allowed"}
{"component":"player-command","phase":"response","correlationId":"17e4362d-dc95-498a-979e-edd6ba8bd794","statusCode":200,"elapsedMs":59}
{"component":"player-command","phase":"request","correlationId":"5ee45aeb-76d3-4ac7-a64c-3569004639a8"}
{"component":"player-command","phase":"authorization","correlationId":"5ee45aeb-76d3-4ac7-a64c-3569004639a8","outcome":"allowed"}
{"component":"player-command","phase":"response","correlationId":"5ee45aeb-76d3-4ac7-a64c-3569004639a8","statusCode":200,"elapsedMs":62}
{"component":"player-command","phase":"request","correlationId":"20254e91-58f8-4240-85e6-5b6d2d939475"}
{"component":"player-command","phase":"authorization","correlationId":"20254e91-58f8-4240-85e6-5b6d2d939475","outcome":"allowed"}
{"component":"player-command","phase":"command","correlationId":"20254e91-58f8-4240-85e6-5b6d2d939475"}
{"component":"player-command","phase":"mutation","correlationId":"20254e91-58f8-4240-85e6-5b6d2d939475","outcome":"completed","replayed":false}
{"component":"player-command","phase":"request","correlationId":"9e75a4de-2d22-4733-964f-6d5553f12b58"}
{"component":"player-command","phase":"authorization","correlationId":"9e75a4de-2d22-4733-964f-6d5553f12b58","outcome":"allowed"}
{"component":"player-command","phase":"consequence","correlationId":"20254e91-58f8-4240-85e6-5b6d2d939475","replayed":false,"changes":1}
{"component":"player-command","phase":"opportunity","correlationId":"20254e91-58f8-4240-85e6-5b6d2d939475","replayed":false,"changes":0}
{"component":"player-command","phase":"response","correlationId":"9e75a4de-2d22-4733-964f-6d5553f12b58","statusCode":200,"elapsedMs":76}
{"component":"player-command","phase":"response","correlationId":"20254e91-58f8-4240-85e6-5b6d2d939475","statusCode":200,"elapsedMs":156}
{"component":"player-command","phase":"request","correlationId":"beb8f43d-a9f7-4abb-a7d0-5760986a7d1b"}
{"component":"player-command","phase":"authorization","correlationId":"beb8f43d-a9f7-4abb-a7d0-5760986a7d1b","outcome":"allowed"}
{"component":"player-command","phase":"response","correlationId":"beb8f43d-a9f7-4abb-a7d0-5760986a7d1b","statusCode":200,"elapsedMs":72}
{"component":"player-command","phase":"request","correlationId":"ca09943f-56f2-4ec1-a1f7-7b9c46516d0d"}
{"component":"player-command","phase":"authorization","correlationId":"ca09943f-56f2-4ec1-a1f7-7b9c46516d0d","outcome":"allowed"}
{"component":"player-command","phase":"response","correlationId":"ca09943f-56f2-4ec1-a1f7-7b9c46516d0d","statusCode":200,"elapsedMs":62}
{"component":"player-command","phase":"request","correlationId":"1f58ddbd-0df5-4c2c-a478-119afc811e6a"}
{"component":"player-command","phase":"authorization","correlationId":"1f58ddbd-0df5-4c2c-a478-119afc811e6a","outcome":"allowed"}
{"component":"player-command","phase":"response","correlationId":"1f58ddbd-0df5-4c2c-a478-119afc811e6a","statusCode":200,"elapsedMs":73}
{"component":"player-command","phase":"request","correlationId":"dc70bc25-5c3f-4905-9ad2-9571e8fb3830"}
{"component":"player-command","phase":"authorization","correlationId":"dc70bc25-5c3f-4905-9ad2-9571e8fb3830","outcome":"allowed"}
{"component":"player-command","phase":"command","correlationId":"dc70bc25-5c3f-4905-9ad2-9571e8fb3830"}
{"component":"player-command","phase":"mutation","correlationId":"dc70bc25-5c3f-4905-9ad2-9571e8fb3830","outcome":"completed","replayed":false}
{"component":"player-command","phase":"request","correlationId":"da114ca5-b90a-4ec0-8c02-0314a3942cda"}
{"component":"player-command","phase":"authorization","correlationId":"da114ca5-b90a-4ec0-8c02-0314a3942cda","outcome":"allowed"}
{"component":"player-command","phase":"response","correlationId":"da114ca5-b90a-4ec0-8c02-0314a3942cda","statusCode":200,"elapsedMs":67}
{"component":"player-command","phase":"consequence","correlationId":"dc70bc25-5c3f-4905-9ad2-9571e8fb3830","replayed":false,"changes":1}
{"component":"player-command","phase":"opportunity","correlationId":"dc70bc25-5c3f-4905-9ad2-9571e8fb3830","replayed":false,"changes":0}
{"component":"player-command","phase":"response","correlationId":"dc70bc25-5c3f-4905-9ad2-9571e8fb3830","statusCode":200,"elapsedMs":191}
{"component":"player-command","phase":"request","correlationId":"d6b69f06-0416-4dcd-8568-b2460270f58d"}
{"component":"player-command","phase":"authorization","correlationId":"d6b69f06-0416-4dcd-8568-b2460270f58d","outcome":"allowed"}
{"component":"player-command","phase":"response","correlationId":"d6b69f06-0416-4dcd-8568-b2460270f58d","statusCode":200,"elapsedMs":66}
{"component":"player-command","phase":"request","correlationId":"5c48cd28-5fd0-4235-a508-cb2b3b3341bc"}
{"component":"player-command","phase":"authorization","correlationId":"5c48cd28-5fd0-4235-a508-cb2b3b3341bc","outcome":"allowed"}
{"component":"player-command","phase":"response","correlationId":"5c48cd28-5fd0-4235-a508-cb2b3b3341bc","statusCode":200,"elapsedMs":62}
{"component":"player-command","phase":"request","correlationId":"f7dd1bba-b49a-4c0b-9bf0-52921e064927"}
{"component":"player-command","phase":"authorization","correlationId":"f7dd1bba-b49a-4c0b-9bf0-52921e064927","outcome":"allowed"}
{"component":"player-command","phase":"response","correlationId":"f7dd1bba-b49a-4c0b-9bf0-52921e064927","statusCode":200,"elapsedMs":57}
{"component":"player-command","phase":"request","correlationId":"e61b6a95-b96d-498b-a07c-f7e14216fe7d"}
{"component":"player-command","phase":"authorization","correlationId":"e61b6a95-b96d-498b-a07c-f7e14216fe7d","outcome":"allowed"}
{"component":"player-command","phase":"response","correlationId":"e61b6a95-b96d-498b-a07c-f7e14216fe7d","statusCode":200,"elapsedMs":69}
{"component":"player-command","phase":"request","correlationId":"e2346033-29ae-4f9e-ab05-654c7e3dd1c0"}
{"component":"player-command","phase":"authorization","correlationId":"e2346033-29ae-4f9e-ab05-654c7e3dd1c0","outcome":"allowed"}
{"component":"player-command","phase":"command","correlationId":"e2346033-29ae-4f9e-ab05-654c7e3dd1c0"}
{"component":"player-command","phase":"mutation","correlationId":"e2346033-29ae-4f9e-ab05-654c7e3dd1c0","outcome":"completed","replayed":false}
{"component":"player-command","phase":"request","correlationId":"a26f0836-a6d1-4913-a5d4-e9def6f293f7"}
{"component":"player-command","phase":"authorization","correlationId":"a26f0836-a6d1-4913-a5d4-e9def6f293f7","outcome":"allowed"}
{"component":"player-command","phase":"consequence","correlationId":"e2346033-29ae-4f9e-ab05-654c7e3dd1c0","replayed":false,"changes":1}
{"component":"player-command","phase":"opportunity","correlationId":"e2346033-29ae-4f9e-ab05-654c7e3dd1c0","replayed":false,"changes":0}
{"component":"player-command","phase":"response","correlationId":"a26f0836-a6d1-4913-a5d4-e9def6f293f7","statusCode":200,"elapsedMs":79}
{"component":"player-command","phase":"response","correlationId":"e2346033-29ae-4f9e-ab05-654c7e3dd1c0","statusCode":200,"elapsedMs":175}
{"component":"player-command","phase":"request","correlationId":"20039174-b600-46bc-a098-6e45578bb5b2"}
{"component":"player-command","phase":"authorization","correlationId":"20039174-b600-46bc-a098-6e45578bb5b2","outcome":"allowed"}
{"component":"player-command","phase":"response","correlationId":"20039174-b600-46bc-a098-6e45578bb5b2","statusCode":200,"elapsedMs":86}
{"component":"player-command","phase":"request","correlationId":"604284a1-7b37-4123-8532-7004b3d4b454"}
{"component":"player-command","phase":"authorization","correlationId":"604284a1-7b37-4123-8532-7004b3d4b454","outcome":"allowed"}
{"component":"player-command","phase":"response","correlationId":"604284a1-7b37-4123-8532-7004b3d4b454","statusCode":200,"elapsedMs":69}
{"component":"player-command","phase":"request","correlationId":"61a5c734-5608-4b63-b6ca-dd8ff6a07dcd"}
{"component":"player-command","phase":"authorization","correlationId":"61a5c734-5608-4b63-b6ca-dd8ff6a07dcd","outcome":"allowed"}
{"component":"player-command","phase":"response","correlationId":"61a5c734-5608-4b63-b6ca-dd8ff6a07dcd","statusCode":200,"elapsedMs":65}
{"component":"player-command","phase":"request","correlationId":"1cb72cea-cc3d-4812-af02-2cd36b23f2c4"}
{"component":"player-command","phase":"authorization","correlationId":"1cb72cea-cc3d-4812-af02-2cd36b23f2c4","outcome":"allowed"}
{"component":"player-command","phase":"command","correlationId":"1cb72cea-cc3d-4812-af02-2cd36b23f2c4"}
{"component":"player-command","phase":"mutation","correlationId":"1cb72cea-cc3d-4812-af02-2cd36b23f2c4","outcome":"completed","replayed":false}
{"component":"player-command","phase":"request","correlationId":"40cfdd17-8ac2-48e3-9b80-4fa2d7a2fd61"}
{"component":"player-command","phase":"authorization","correlationId":"40cfdd17-8ac2-48e3-9b80-4fa2d7a2fd61","outcome":"allowed"}
{"component":"player-command","phase":"consequence","correlationId":"1cb72cea-cc3d-4812-af02-2cd36b23f2c4","replayed":false,"changes":1}
{"component":"player-command","phase":"opportunity","correlationId":"1cb72cea-cc3d-4812-af02-2cd36b23f2c4","replayed":false,"changes":0}
{"component":"player-command","phase":"response","correlationId":"40cfdd17-8ac2-48e3-9b80-4fa2d7a2fd61","statusCode":200,"elapsedMs":69}
{"component":"player-command","phase":"response","correlationId":"1cb72cea-cc3d-4812-af02-2cd36b23f2c4","statusCode":200,"elapsedMs":166}
{"component":"player-command","phase":"request","correlationId":"2cfef487-ed76-482b-a61d-861fcbaf8518"}
{"component":"player-command","phase":"authorization","correlationId":"2cfef487-ed76-482b-a61d-861fcbaf8518","outcome":"allowed"}
{"component":"player-command","phase":"response","correlationId":"2cfef487-ed76-482b-a61d-861fcbaf8518","statusCode":200,"elapsedMs":75}
{"component":"player-command","phase":"request","correlationId":"f97653da-d7b6-4734-ae1f-583ba79ae6d9"}
{"component":"player-command","phase":"authorization","correlationId":"f97653da-d7b6-4734-ae1f-583ba79ae6d9","outcome":"allowed"}
{"component":"player-command","phase":"response","correlationId":"f97653da-d7b6-4734-ae1f-583ba79ae6d9","statusCode":200,"elapsedMs":68}
{"component":"player-command","phase":"request","correlationId":"6f1603b1-1304-4744-b954-fc9a8dd7932f"}
{"component":"player-command","phase":"authorization","correlationId":"6f1603b1-1304-4744-b954-fc9a8dd7932f","outcome":"allowed"}
{"component":"player-command","phase":"response","correlationId":"6f1603b1-1304-4744-b954-fc9a8dd7932f","statusCode":200,"elapsedMs":60}
{"component":"player-command","phase":"request","correlationId":"6d1f3d0f-bc8f-40da-bc62-3b268e926cc4"}
{"component":"player-command","phase":"authorization","correlationId":"6d1f3d0f-bc8f-40da-bc62-3b268e926cc4","outcome":"allowed"}
{"component":"player-command","phase":"command","correlationId":"6d1f3d0f-bc8f-40da-bc62-3b268e926cc4"}
{"component":"player-command","phase":"mutation","correlationId":"6d1f3d0f-bc8f-40da-bc62-3b268e926cc4","outcome":"completed","replayed":false}
{"component":"player-command","phase":"request","correlationId":"8e83d4d0-1226-4e84-b0a5-b272a0bea282"}
{"component":"player-command","phase":"authorization","correlationId":"8e83d4d0-1226-4e84-b0a5-b272a0bea282","outcome":"allowed"}
{"component":"player-command","phase":"consequence","correlationId":"6d1f3d0f-bc8f-40da-bc62-3b268e926cc4","replayed":false,"changes":3}
{"component":"player-command","phase":"opportunity","correlationId":"6d1f3d0f-bc8f-40da-bc62-3b268e926cc4","replayed":false,"changes":2}
{"component":"player-command","phase":"response","correlationId":"6d1f3d0f-bc8f-40da-bc62-3b268e926cc4","statusCode":200,"elapsedMs":155}
{"component":"player-command","phase":"response","correlationId":"8e83d4d0-1226-4e84-b0a5-b272a0bea282","statusCode":200,"elapsedMs":96}
{"component":"player-command","phase":"request","correlationId":"e033272b-44a6-4b51-9245-b29abb38c581"}
{"component":"player-command","phase":"authorization","correlationId":"e033272b-44a6-4b51-9245-b29abb38c581","outcome":"allowed"}
{"component":"player-command","phase":"response","correlationId":"e033272b-44a6-4b51-9245-b29abb38c581","statusCode":200,"elapsedMs":64}
{"component":"player-command","phase":"request","correlationId":"4eec9502-46c0-4c3a-aae2-53963351afde"}
{"component":"player-command","phase":"authorization","correlationId":"4eec9502-46c0-4c3a-aae2-53963351afde","outcome":"allowed"}
{"component":"player-command","phase":"response","correlationId":"4eec9502-46c0-4c3a-aae2-53963351afde","statusCode":200,"elapsedMs":62}
{"component":"player-command","phase":"request","correlationId":"6ae0bf82-e979-444a-9a24-26f6be790e03"}
{"component":"player-command","phase":"authorization","correlationId":"6ae0bf82-e979-444a-9a24-26f6be790e03","outcome":"allowed"}
{"component":"player-command","phase":"response","correlationId":"6ae0bf82-e979-444a-9a24-26f6be790e03","statusCode":200,"elapsedMs":60}
{"component":"player-command","phase":"request","correlationId":"7cddebec-0e86-4c38-a3c2-626b96c31dbc"}
{"component":"player-command","phase":"authorization","correlationId":"7cddebec-0e86-4c38-a3c2-626b96c31dbc","outcome":"allowed"}
{"component":"player-command","phase":"command","correlationId":"7cddebec-0e86-4c38-a3c2-626b96c31dbc"}
{"component":"player-command","phase":"mutation","correlationId":"7cddebec-0e86-4c38-a3c2-626b96c31dbc","outcome":"completed","replayed":false}
{"component":"player-command","phase":"request","correlationId":"05ef3b29-7002-4e43-b49b-a74b3497743a"}
{"component":"player-command","phase":"authorization","correlationId":"05ef3b29-7002-4e43-b49b-a74b3497743a","outcome":"allowed"}
{"component":"player-command","phase":"consequence","correlationId":"7cddebec-0e86-4c38-a3c2-626b96c31dbc","replayed":false,"changes":5}
{"component":"player-command","phase":"opportunity","correlationId":"7cddebec-0e86-4c38-a3c2-626b96c31dbc","replayed":false,"changes":2}
{"component":"player-command","phase":"response","correlationId":"7cddebec-0e86-4c38-a3c2-626b96c31dbc","statusCode":200,"elapsedMs":169}
{"component":"player-command","phase":"request","correlationId":"06fcd58d-1d5f-40dc-8574-caec4fd9d949"}
{"component":"player-command","phase":"authorization","correlationId":"06fcd58d-1d5f-40dc-8574-caec4fd9d949","outcome":"allowed"}
{"component":"player-command","phase":"response","correlationId":"05ef3b29-7002-4e43-b49b-a74b3497743a","statusCode":200,"elapsedMs":100}
{"component":"player-command","phase":"response","correlationId":"06fcd58d-1d5f-40dc-8574-caec4fd9d949","statusCode":200,"elapsedMs":78}
{"component":"player-command","phase":"request","correlationId":"f7a6d72a-0fbb-45af-9b8b-a6127ab7cfa8"}
{"component":"player-command","phase":"authorization","correlationId":"f7a6d72a-0fbb-45af-9b8b-a6127ab7cfa8","outcome":"allowed"}
{"component":"player-command","phase":"response","correlationId":"f7a6d72a-0fbb-45af-9b8b-a6127ab7cfa8","statusCode":200,"elapsedMs":58}
{"component":"player-command","phase":"request","correlationId":"61166e7e-386c-4a9a-b5c9-fafe4ca829c2"}
{"component":"player-command","phase":"authorization","correlationId":"61166e7e-386c-4a9a-b5c9-fafe4ca829c2","outcome":"allowed"}
{"component":"player-command","phase":"response","correlationId":"61166e7e-386c-4a9a-b5c9-fafe4ca829c2","statusCode":200,"elapsedMs":59}
{"component":"player-command","phase":"request","correlationId":"598c002c-5daa-4a62-9d22-5cd4591eaff9"}
{"component":"player-command","phase":"authorization","correlationId":"598c002c-5daa-4a62-9d22-5cd4591eaff9","outcome":"allowed"}
{"component":"player-command","phase":"response","correlationId":"598c002c-5daa-4a62-9d22-5cd4591eaff9","statusCode":200,"elapsedMs":64}
{"component":"player-command","phase":"request","correlationId":"e6a06b79-e70b-431f-923f-a739f0f15669"}
{"component":"player-command","phase":"authorization","correlationId":"e6a06b79-e70b-431f-923f-a739f0f15669","outcome":"allowed"}
{"component":"player-command","phase":"command","correlationId":"e6a06b79-e70b-431f-923f-a739f0f15669"}
{"component":"player-command","phase":"mutation","correlationId":"e6a06b79-e70b-431f-923f-a739f0f15669","outcome":"completed","replayed":false}
{"component":"player-command","phase":"request","correlationId":"db317305-3ab4-4377-8ce5-08ff05c67323"}
{"component":"player-command","phase":"authorization","correlationId":"db317305-3ab4-4377-8ce5-08ff05c67323","outcome":"allowed"}
{"component":"player-command","phase":"consequence","correlationId":"e6a06b79-e70b-431f-923f-a739f0f15669","replayed":false,"changes":1}
{"component":"player-command","phase":"opportunity","correlationId":"e6a06b79-e70b-431f-923f-a739f0f15669","replayed":false,"changes":0}
{"component":"player-command","phase":"response","correlationId":"e6a06b79-e70b-431f-923f-a739f0f15669","statusCode":200,"elapsedMs":152}
{"component":"player-command","phase":"request","correlationId":"d7b19ca3-61eb-41fc-993d-e9c3f1e04933"}
{"component":"player-command","phase":"authorization","correlationId":"d7b19ca3-61eb-41fc-993d-e9c3f1e04933","outcome":"allowed"}
{"component":"player-command","phase":"response","correlationId":"db317305-3ab4-4377-8ce5-08ff05c67323","statusCode":200,"elapsedMs":90}
{"component":"player-command","phase":"response","correlationId":"d7b19ca3-61eb-41fc-993d-e9c3f1e04933","statusCode":200,"elapsedMs":77}
{"component":"player-command","phase":"request","correlationId":"01172afa-5b9e-4e55-a952-6a0c58eb2704"}
{"component":"player-command","phase":"authorization","correlationId":"01172afa-5b9e-4e55-a952-6a0c58eb2704","outcome":"allowed"}
{"component":"player-command","phase":"response","correlationId":"01172afa-5b9e-4e55-a952-6a0c58eb2704","statusCode":200,"elapsedMs":62}
{"component":"player-command","phase":"request","correlationId":"72ec76fb-d0cf-4969-8a18-bb277c7ca2cb"}
{"component":"player-command","phase":"authorization","correlationId":"72ec76fb-d0cf-4969-8a18-bb277c7ca2cb","outcome":"allowed"}
{"component":"player-command","phase":"response","correlationId":"72ec76fb-d0cf-4969-8a18-bb277c7ca2cb","statusCode":200,"elapsedMs":60}
{"component":"player-command","phase":"request","correlationId":"d9a99499-f83a-4776-b9ba-432e5fa346a8"}
{"component":"player-command","phase":"authorization","correlationId":"d9a99499-f83a-4776-b9ba-432e5fa346a8","outcome":"allowed"}
{"component":"player-command","phase":"response","correlationId":"d9a99499-f83a-4776-b9ba-432e5fa346a8","statusCode":200,"elapsedMs":62}
{"component":"player-command","phase":"request","correlationId":"56b21f09-ad25-4fe4-b9e9-8dd1d422f36c"}
{"component":"player-command","phase":"authorization","correlationId":"56b21f09-ad25-4fe4-b9e9-8dd1d422f36c","outcome":"allowed"}
{"component":"player-command","phase":"command","correlationId":"56b21f09-ad25-4fe4-b9e9-8dd1d422f36c"}
{"component":"player-command","phase":"mutation","correlationId":"56b21f09-ad25-4fe4-b9e9-8dd1d422f36c","outcome":"completed","replayed":false}
{"component":"player-command","phase":"request","correlationId":"ba1999d5-ca3d-4847-a481-c6774f2cc31a"}
{"component":"player-command","phase":"authorization","correlationId":"ba1999d5-ca3d-4847-a481-c6774f2cc31a","outcome":"allowed"}
{"component":"player-command","phase":"consequence","correlationId":"56b21f09-ad25-4fe4-b9e9-8dd1d422f36c","replayed":false,"changes":2}
{"component":"player-command","phase":"opportunity","correlationId":"56b21f09-ad25-4fe4-b9e9-8dd1d422f36c","replayed":false,"changes":0}
{"component":"player-command","phase":"response","correlationId":"56b21f09-ad25-4fe4-b9e9-8dd1d422f36c","statusCode":200,"elapsedMs":155}
{"component":"player-command","phase":"request","correlationId":"3dd044bd-5797-42ab-8b19-98c9d0104ddc"}
{"component":"player-command","phase":"authorization","correlationId":"3dd044bd-5797-42ab-8b19-98c9d0104ddc","outcome":"allowed"}
{"component":"player-command","phase":"response","correlationId":"ba1999d5-ca3d-4847-a481-c6774f2cc31a","statusCode":200,"elapsedMs":90}
{"component":"player-command","phase":"response","correlationId":"3dd044bd-5797-42ab-8b19-98c9d0104ddc","statusCode":200,"elapsedMs":71}
{"component":"player-command","phase":"request","correlationId":"95dcec20-14e3-4cda-8e60-e6e8aee7bc69"}
{"component":"player-command","phase":"authorization","correlationId":"95dcec20-14e3-4cda-8e60-e6e8aee7bc69","outcome":"allowed"}
{"component":"player-command","phase":"response","correlationId":"95dcec20-14e3-4cda-8e60-e6e8aee7bc69","statusCode":200,"elapsedMs":68}
{"component":"player-command","phase":"request","correlationId":"ec596ea4-2090-45c9-b8dc-4ded4154fa84"}
{"component":"player-command","phase":"authorization","correlationId":"ec596ea4-2090-45c9-b8dc-4ded4154fa84","outcome":"allowed"}
{"component":"player-command","phase":"response","correlationId":"ec596ea4-2090-45c9-b8dc-4ded4154fa84","statusCode":200,"elapsedMs":89}
{"component":"player-command","phase":"request","correlationId":"097cfbb0-f2db-4c04-8c50-0d356a1f5779"}
{"component":"player-command","phase":"authorization","correlationId":"097cfbb0-f2db-4c04-8c50-0d356a1f5779","outcome":"allowed"}
{"component":"player-command","phase":"command","correlationId":"097cfbb0-f2db-4c04-8c50-0d356a1f5779"}
{"component":"player-command","phase":"mutation","correlationId":"097cfbb0-f2db-4c04-8c50-0d356a1f5779","outcome":"completed","replayed":false}
{"component":"player-command","phase":"request","correlationId":"9e4dccc1-de76-40e6-94b4-be36b38d1fd6"}
{"component":"player-command","phase":"authorization","correlationId":"9e4dccc1-de76-40e6-94b4-be36b38d1fd6","outcome":"allowed"}
{"component":"player-command","phase":"consequence","correlationId":"097cfbb0-f2db-4c04-8c50-0d356a1f5779","replayed":false,"changes":1}
{"component":"player-command","phase":"opportunity","correlationId":"097cfbb0-f2db-4c04-8c50-0d356a1f5779","replayed":false,"changes":0}
{"component":"player-command","phase":"response","correlationId":"097cfbb0-f2db-4c04-8c50-0d356a1f5779","statusCode":200,"elapsedMs":288}
{"component":"player-command","phase":"response","correlationId":"9e4dccc1-de76-40e6-94b4-be36b38d1fd6","statusCode":200,"elapsedMs":85}
{"component":"player-command","phase":"request","correlationId":"ff4f8aa7-e5a3-467a-b7ff-909ef11249a6"}
{"component":"player-command","phase":"authorization","correlationId":"ff4f8aa7-e5a3-467a-b7ff-909ef11249a6","outcome":"allowed"}
{"component":"player-command","phase":"response","correlationId":"ff4f8aa7-e5a3-467a-b7ff-909ef11249a6","statusCode":200,"elapsedMs":71}
{"component":"player-command","phase":"request","correlationId":"5729466a-9cfd-4d9a-abea-32a92cb14e5a"}
{"component":"player-command","phase":"authorization","correlationId":"5729466a-9cfd-4d9a-abea-32a92cb14e5a","outcome":"allowed"}
{"component":"player-command","phase":"response","correlationId":"5729466a-9cfd-4d9a-abea-32a92cb14e5a","statusCode":200,"elapsedMs":67}
{"component":"player-command","phase":"request","correlationId":"48431bba-4235-42c1-9bae-6f3ce81ccefe"}
{"component":"player-command","phase":"authorization","correlationId":"48431bba-4235-42c1-9bae-6f3ce81ccefe","outcome":"allowed"}
{"component":"player-command","phase":"response","correlationId":"48431bba-4235-42c1-9bae-6f3ce81ccefe","statusCode":200,"elapsedMs":85}
{"component":"player-command","phase":"request","correlationId":"f476a038-4bb2-469b-aaf8-127eee37b190"}
{"component":"player-command","phase":"authorization","correlationId":"f476a038-4bb2-469b-aaf8-127eee37b190","outcome":"allowed"}
{"component":"player-command","phase":"command","correlationId":"f476a038-4bb2-469b-aaf8-127eee37b190"}
{"component":"player-command","phase":"mutation","correlationId":"f476a038-4bb2-469b-aaf8-127eee37b190","outcome":"completed","replayed":false}
{"component":"player-command","phase":"request","correlationId":"dc9814ac-ff85-4c44-8ca9-5e642fd89802"}
{"component":"player-command","phase":"authorization","correlationId":"dc9814ac-ff85-4c44-8ca9-5e642fd89802","outcome":"allowed"}
{"component":"player-command","phase":"response","correlationId":"dc9814ac-ff85-4c44-8ca9-5e642fd89802","statusCode":200,"elapsedMs":59}
{"component":"player-command","phase":"request","correlationId":"abd3384a-3fe1-46b5-8e9d-5cbf2311d052"}
{"component":"player-command","phase":"authorization","correlationId":"abd3384a-3fe1-46b5-8e9d-5cbf2311d052","outcome":"allowed"}
{"component":"player-command","phase":"consequence","correlationId":"f476a038-4bb2-469b-aaf8-127eee37b190","replayed":false,"changes":21}
{"component":"player-command","phase":"opportunity","correlationId":"f476a038-4bb2-469b-aaf8-127eee37b190","replayed":false,"changes":19}
{"component":"player-command","phase":"response","correlationId":"f476a038-4bb2-469b-aaf8-127eee37b190","statusCode":200,"elapsedMs":192}
{"component":"player-command","phase":"request","correlationId":"09c4b0d9-63fe-43fc-8c8f-2fca9c5bb44b"}
{"component":"player-command","phase":"authorization","correlationId":"09c4b0d9-63fe-43fc-8c8f-2fca9c5bb44b","outcome":"allowed"}
{"component":"player-command","phase":"response","correlationId":"abd3384a-3fe1-46b5-8e9d-5cbf2311d052","statusCode":200,"elapsedMs":80}
{"component":"player-command","phase":"response","correlationId":"09c4b0d9-63fe-43fc-8c8f-2fca9c5bb44b","statusCode":200,"elapsedMs":78}
{"component":"player-command","phase":"request","correlationId":"03a2fbe7-1aa2-49fc-b482-1b899bb2e8f7"}
{"component":"player-command","phase":"authorization","correlationId":"03a2fbe7-1aa2-49fc-b482-1b899bb2e8f7","outcome":"allowed"}
{"component":"player-command","phase":"response","correlationId":"03a2fbe7-1aa2-49fc-b482-1b899bb2e8f7","statusCode":200,"elapsedMs":63}
{"component":"player-command","phase":"request","correlationId":"746d0518-6d3f-4b4e-9e0f-a16355b0dfb4"}
{"component":"player-command","phase":"authorization","correlationId":"746d0518-6d3f-4b4e-9e0f-a16355b0dfb4","outcome":"allowed"}
{"component":"player-command","phase":"response","correlationId":"746d0518-6d3f-4b4e-9e0f-a16355b0dfb4","statusCode":200,"elapsedMs":66}
{"component":"player-command","phase":"request","correlationId":"dbe646da-1ce4-403c-abdf-3a9d57907156"}
{"component":"player-command","phase":"authorization","correlationId":"dbe646da-1ce4-403c-abdf-3a9d57907156","outcome":"allowed"}
{"component":"player-command","phase":"response","correlationId":"dbe646da-1ce4-403c-abdf-3a9d57907156","statusCode":200,"elapsedMs":78}
{"component":"player-command","phase":"request","correlationId":"4f50f9a7-6272-456e-b463-afb6614f843d"}
{"component":"player-command","phase":"authorization","correlationId":"4f50f9a7-6272-456e-b463-afb6614f843d","outcome":"allowed"}
{"component":"player-command","phase":"response","correlationId":"4f50f9a7-6272-456e-b463-afb6614f843d","statusCode":200,"elapsedMs":68}
{"component":"player-command","phase":"request","correlationId":"ec9e3271-e79b-443e-8d4c-8bd6c27dd0b6"}
{"component":"player-command","phase":"authorization","correlationId":"ec9e3271-e79b-443e-8d4c-8bd6c27dd0b6","outcome":"allowed"}
{"component":"player-command","phase":"response","correlationId":"ec9e3271-e79b-443e-8d4c-8bd6c27dd0b6","statusCode":200,"elapsedMs":55}
{"component":"player-command","phase":"request","correlationId":"d8b22491-b925-40a0-99d6-fba5445b3816"}
{"component":"player-command","phase":"authorization","correlationId":"d8b22491-b925-40a0-99d6-fba5445b3816","outcome":"allowed"}
{"component":"player-command","phase":"response","correlationId":"d8b22491-b925-40a0-99d6-fba5445b3816","statusCode":200,"elapsedMs":50}
{"component":"player-command","phase":"request","correlationId":"54692289-73f8-4eda-89fc-891554195254"}
{"component":"player-command","phase":"authorization","correlationId":"54692289-73f8-4eda-89fc-891554195254","outcome":"allowed"}
{"component":"player-command","phase":"response","correlationId":"54692289-73f8-4eda-89fc-891554195254","statusCode":200,"elapsedMs":54}
{"component":"player-command","phase":"request","correlationId":"52acd77c-3a16-4f70-a791-0b63a2d0487f"}
{"component":"player-command","phase":"authorization","correlationId":"52acd77c-3a16-4f70-a791-0b63a2d0487f","outcome":"allowed"}
{"component":"player-command","phase":"response","correlationId":"52acd77c-3a16-4f70-a791-0b63a2d0487f","statusCode":200,"elapsedMs":48}
{"component":"player-command","phase":"request","correlationId":"f1867867-c516-4b28-bdf3-807419569b78"}
{"component":"player-command","phase":"authorization","correlationId":"f1867867-c516-4b28-bdf3-807419569b78","outcome":"allowed"}
{"component":"player-command","phase":"request","correlationId":"cce42883-d5c4-43d6-9c57-64a1fded58be"}
{"component":"player-command","phase":"authorization","correlationId":"cce42883-d5c4-43d6-9c57-64a1fded58be","outcome":"allowed"}
{"component":"player-command","phase":"request","correlationId":"4a4bdc51-e80f-4694-bff9-13fd5823eaf4"}
{"component":"player-command","phase":"authorization","correlationId":"4a4bdc51-e80f-4694-bff9-13fd5823eaf4","outcome":"allowed"}
{"component":"player-command","phase":"request","correlationId":"f6e5a0eb-2958-4a13-8693-416798da3950"}
{"component":"player-command","phase":"response","correlationId":"f1867867-c516-4b28-bdf3-807419569b78","statusCode":200,"elapsedMs":88}
{"component":"player-command","phase":"authorization","correlationId":"f6e5a0eb-2958-4a13-8693-416798da3950","outcome":"allowed"}
{"component":"player-command","phase":"response","correlationId":"4a4bdc51-e80f-4694-bff9-13fd5823eaf4","statusCode":200,"elapsedMs":98}
{"component":"player-command","phase":"response","correlationId":"cce42883-d5c4-43d6-9c57-64a1fded58be","statusCode":200,"elapsedMs":116}
{"component":"player-command","phase":"response","correlationId":"f6e5a0eb-2958-4a13-8693-416798da3950","statusCode":200,"elapsedMs":243}
{"component":"player-command","phase":"request","correlationId":"171e5b3e-5ee5-44d9-9e97-f359c7dbef09"}
{"component":"player-command","phase":"authorization","correlationId":"171e5b3e-5ee5-44d9-9e97-f359c7dbef09","outcome":"allowed"}
{"component":"player-command","phase":"response","correlationId":"171e5b3e-5ee5-44d9-9e97-f359c7dbef09","statusCode":200,"elapsedMs":52}
{"component":"player-command","phase":"request","correlationId":"ecc0f4e9-9eb4-4b2a-b786-e7716ae82770"}
{"component":"player-command","phase":"authorization","correlationId":"ecc0f4e9-9eb4-4b2a-b786-e7716ae82770","outcome":"allowed"}
{"component":"player-command","phase":"command","correlationId":"ecc0f4e9-9eb4-4b2a-b786-e7716ae82770"}
{"component":"player-command","phase":"mutation","correlationId":"ecc0f4e9-9eb4-4b2a-b786-e7716ae82770","outcome":"completed","replayed":false}
{"component":"player-command","phase":"consequence","correlationId":"ecc0f4e9-9eb4-4b2a-b786-e7716ae82770","replayed":false,"changes":4}
{"component":"player-command","phase":"opportunity","correlationId":"ecc0f4e9-9eb4-4b2a-b786-e7716ae82770","replayed":false,"changes":0}
{"component":"player-command","phase":"response","correlationId":"ecc0f4e9-9eb4-4b2a-b786-e7716ae82770","statusCode":200,"elapsedMs":136}
{"component":"player-command","phase":"request","correlationId":"3ce8f148-0379-4ccd-a4d2-511c31f49d51"}
{"component":"player-command","phase":"authorization","correlationId":"3ce8f148-0379-4ccd-a4d2-511c31f49d51","outcome":"allowed"}
{"component":"player-command","phase":"response","correlationId":"3ce8f148-0379-4ccd-a4d2-511c31f49d51","statusCode":200,"elapsedMs":53}
{"component":"player-command","phase":"request","correlationId":"1f05be02-8eca-4805-98a2-42922b66c492"}
{"component":"player-command","phase":"authorization","correlationId":"1f05be02-8eca-4805-98a2-42922b66c492","outcome":"allowed"}
{"component":"player-command","phase":"response","correlationId":"1f05be02-8eca-4805-98a2-42922b66c492","statusCode":200,"elapsedMs":62}
{"component":"player-command","phase":"request","correlationId":"db02681a-9633-4522-ac6e-6cc9fe1aa3a5"}
{"component":"player-command","phase":"authorization","correlationId":"db02681a-9633-4522-ac6e-6cc9fe1aa3a5","outcome":"allowed"}
{"component":"player-command","phase":"response","correlationId":"db02681a-9633-4522-ac6e-6cc9fe1aa3a5","statusCode":200,"elapsedMs":63}
{"component":"player-command","phase":"request","correlationId":"ffeadcaf-4aff-43c2-aaaf-069571a41393"}
{"component":"player-command","phase":"authorization","correlationId":"ffeadcaf-4aff-43c2-aaaf-069571a41393","outcome":"allowed"}
{"component":"player-command","phase":"command","correlationId":"ffeadcaf-4aff-43c2-aaaf-069571a41393"}
{"component":"player-command","phase":"request","correlationId":"0677c1e1-ca79-4f07-966c-fb85743b710a"}
{"component":"player-command","phase":"authorization","correlationId":"0677c1e1-ca79-4f07-966c-fb85743b710a","outcome":"allowed"}
{"component":"player-command","phase":"request","correlationId":"d1da8dd6-ebd2-4123-9590-fc22a3df54d7"}
{"component":"player-command","phase":"request","correlationId":"0e5374fa-3f3d-4849-a67a-813688062ab9"}
{"component":"player-command","phase":"authorization","correlationId":"d1da8dd6-ebd2-4123-9590-fc22a3df54d7","outcome":"allowed"}
{"component":"player-command","phase":"mutation","correlationId":"ffeadcaf-4aff-43c2-aaaf-069571a41393","outcome":"completed","replayed":false}
{"component":"player-command","phase":"response","correlationId":"0677c1e1-ca79-4f07-966c-fb85743b710a","statusCode":200,"elapsedMs":81}
{"component":"player-command","phase":"request","correlationId":"6f806d93-0140-4417-8ef7-8ed6b9b8ebf0"}
{"component":"player-command","phase":"authorization","correlationId":"6f806d93-0140-4417-8ef7-8ed6b9b8ebf0","outcome":"allowed"}
{"component":"player-command","phase":"response","correlationId":"d1da8dd6-ebd2-4123-9590-fc22a3df54d7","statusCode":200,"elapsedMs":90}
{"component":"player-command","phase":"consequence","correlationId":"ffeadcaf-4aff-43c2-aaaf-069571a41393","replayed":false,"changes":9}
{"component":"player-command","phase":"opportunity","correlationId":"ffeadcaf-4aff-43c2-aaaf-069571a41393","replayed":false,"changes":8}
{"component":"player-command","phase":"response","correlationId":"ffeadcaf-4aff-43c2-aaaf-069571a41393","statusCode":200,"elapsedMs":189}
{"component":"player-command","phase":"authorization","correlationId":"0e5374fa-3f3d-4849-a67a-813688062ab9","outcome":"allowed"}
{"component":"player-command","phase":"response","correlationId":"6f806d93-0140-4417-8ef7-8ed6b9b8ebf0","statusCode":200,"elapsedMs":88}
{"component":"player-command","phase":"request","correlationId":"7a944867-68e0-4a8a-9852-d5d30002db55"}
{"component":"player-command","phase":"authorization","correlationId":"7a944867-68e0-4a8a-9852-d5d30002db55","outcome":"allowed"}
{"component":"player-command","phase":"response","correlationId":"7a944867-68e0-4a8a-9852-d5d30002db55","statusCode":200,"elapsedMs":67}
{"component":"player-command","phase":"request","correlationId":"60709479-9714-4fbc-9985-ee27c7a3c48b"}
{"component":"player-command","phase":"authorization","correlationId":"60709479-9714-4fbc-9985-ee27c7a3c48b","outcome":"allowed"}
{"component":"player-command","phase":"response","correlationId":"60709479-9714-4fbc-9985-ee27c7a3c48b","statusCode":200,"elapsedMs":67}
{"component":"player-command","phase":"request","correlationId":"552ebc3e-ff24-4dd0-a973-453aa775e2c9"}
{"component":"player-command","phase":"authorization","correlationId":"552ebc3e-ff24-4dd0-a973-453aa775e2c9","outcome":"allowed"}
{"component":"player-command","phase":"response","correlationId":"0e5374fa-3f3d-4849-a67a-813688062ab9","statusCode":200,"elapsedMs":368}
{"component":"player-command","phase":"response","correlationId":"552ebc3e-ff24-4dd0-a973-453aa775e2c9","statusCode":200,"elapsedMs":75}
{"component":"player-command","phase":"request","correlationId":"ac284ba4-7aea-4483-bddd-004fe739e69c"}
{"component":"player-command","phase":"authorization","correlationId":"ac284ba4-7aea-4483-bddd-004fe739e69c","outcome":"allowed"}
{"component":"player-command","phase":"response","correlationId":"ac284ba4-7aea-4483-bddd-004fe739e69c","statusCode":200,"elapsedMs":64}
{"component":"player-command","phase":"request","correlationId":"da440ecf-0522-47f8-bac9-23652cde417a"}
{"component":"player-command","phase":"authorization","correlationId":"da440ecf-0522-47f8-bac9-23652cde417a","outcome":"allowed"}
{"component":"player-command","phase":"command","correlationId":"da440ecf-0522-47f8-bac9-23652cde417a"}
{"component":"player-command","phase":"mutation","correlationId":"da440ecf-0522-47f8-bac9-23652cde417a","outcome":"completed","replayed":false}
{"component":"player-command","phase":"request","correlationId":"56f87bc0-436b-48d5-ae05-6f202ba2ae2c"}
{"component":"player-command","phase":"authorization","correlationId":"56f87bc0-436b-48d5-ae05-6f202ba2ae2c","outcome":"allowed"}
{"component":"player-command","phase":"response","correlationId":"56f87bc0-436b-48d5-ae05-6f202ba2ae2c","statusCode":200,"elapsedMs":53}
{"component":"player-command","phase":"consequence","correlationId":"da440ecf-0522-47f8-bac9-23652cde417a","replayed":false,"changes":1}
{"component":"player-command","phase":"opportunity","correlationId":"da440ecf-0522-47f8-bac9-23652cde417a","replayed":false,"changes":0}
{"component":"player-command","phase":"response","correlationId":"da440ecf-0522-47f8-bac9-23652cde417a","statusCode":200,"elapsedMs":180}
{"component":"player-command","phase":"request","correlationId":"302e4153-38ab-425b-a871-ab033497e071"}
{"component":"player-command","phase":"authorization","correlationId":"302e4153-38ab-425b-a871-ab033497e071","outcome":"allowed"}
{"component":"player-command","phase":"response","correlationId":"302e4153-38ab-425b-a871-ab033497e071","statusCode":200,"elapsedMs":73}
{"component":"player-command","phase":"request","correlationId":"4a24a13b-2604-493e-994e-4daa60d1243b"}
{"component":"player-command","phase":"authorization","correlationId":"4a24a13b-2604-493e-994e-4daa60d1243b","outcome":"allowed"}
{"component":"player-command","phase":"response","correlationId":"4a24a13b-2604-493e-994e-4daa60d1243b","statusCode":200,"elapsedMs":71}
{"component":"player-command","phase":"request","correlationId":"764b64fc-b1e7-457f-aaaa-069d65dc4661"}
{"component":"player-command","phase":"authorization","correlationId":"764b64fc-b1e7-457f-aaaa-069d65dc4661","outcome":"allowed"}
{"component":"player-command","phase":"response","correlationId":"764b64fc-b1e7-457f-aaaa-069d65dc4661","statusCode":200,"elapsedMs":67}
{"component":"player-command","phase":"request","correlationId":"09f8408a-f247-4c70-84a2-83335cb16b88"}
{"component":"player-command","phase":"authorization","correlationId":"09f8408a-f247-4c70-84a2-83335cb16b88","outcome":"allowed"}
{"component":"player-command","phase":"command","correlationId":"09f8408a-f247-4c70-84a2-83335cb16b88"}
{"component":"player-command","phase":"mutation","correlationId":"09f8408a-f247-4c70-84a2-83335cb16b88","outcome":"completed","replayed":false}
{"component":"player-command","phase":"request","correlationId":"9b5a2ab9-4b47-4435-8a60-c3b05221ec47"}
{"component":"player-command","phase":"authorization","correlationId":"9b5a2ab9-4b47-4435-8a60-c3b05221ec47","outcome":"allowed"}
{"component":"player-command","phase":"response","correlationId":"9b5a2ab9-4b47-4435-8a60-c3b05221ec47","statusCode":200,"elapsedMs":52}
{"component":"player-command","phase":"consequence","correlationId":"09f8408a-f247-4c70-84a2-83335cb16b88","replayed":false,"changes":7}
{"component":"player-command","phase":"opportunity","correlationId":"09f8408a-f247-4c70-84a2-83335cb16b88","replayed":false,"changes":6}
{"component":"player-command","phase":"response","correlationId":"09f8408a-f247-4c70-84a2-83335cb16b88","statusCode":200,"elapsedMs":174}
{"component":"player-command","phase":"request","correlationId":"7b63afb8-4127-4d64-afb6-d7148aa50b7b"}
{"component":"player-command","phase":"authorization","correlationId":"7b63afb8-4127-4d64-afb6-d7148aa50b7b","outcome":"allowed"}
{"component":"player-command","phase":"response","correlationId":"7b63afb8-4127-4d64-afb6-d7148aa50b7b","statusCode":200,"elapsedMs":67}
{"component":"player-command","phase":"request","correlationId":"e964e3f8-437e-4fb5-904b-bdebf03c1ceb"}
{"component":"player-command","phase":"authorization","correlationId":"e964e3f8-437e-4fb5-904b-bdebf03c1ceb","outcome":"allowed"}
{"component":"player-command","phase":"response","correlationId":"e964e3f8-437e-4fb5-904b-bdebf03c1ceb","statusCode":200,"elapsedMs":72}
{"component":"player-command","phase":"request","correlationId":"32a1e905-a006-41d0-8d95-c8d90a36c95d"}
{"component":"player-command","phase":"authorization","correlationId":"32a1e905-a006-41d0-8d95-c8d90a36c95d","outcome":"allowed"}
{"component":"player-command","phase":"response","correlationId":"32a1e905-a006-41d0-8d95-c8d90a36c95d","statusCode":200,"elapsedMs":48}
{"component":"player-command","phase":"request","correlationId":"5bbcd6a0-52d9-418b-a629-5f94f4f63844"}
{"component":"player-command","phase":"authorization","correlationId":"5bbcd6a0-52d9-418b-a629-5f94f4f63844","outcome":"allowed"}
{"component":"player-command","phase":"response","correlationId":"5bbcd6a0-52d9-418b-a629-5f94f4f63844","statusCode":200,"elapsedMs":56}
{"component":"player-command","phase":"request","correlationId":"15047b28-0ed6-463e-84dc-1bf5ac175e05"}
{"component":"player-command","phase":"authorization","correlationId":"15047b28-0ed6-463e-84dc-1bf5ac175e05","outcome":"allowed"}
{"component":"player-command","phase":"command","correlationId":"15047b28-0ed6-463e-84dc-1bf5ac175e05"}
{"component":"player-command","phase":"mutation","correlationId":"15047b28-0ed6-463e-84dc-1bf5ac175e05","outcome":"completed","replayed":false}
{"component":"player-command","phase":"request","correlationId":"2ed307e6-d646-4791-82f1-de91636bad0f"}
{"component":"player-command","phase":"authorization","correlationId":"2ed307e6-d646-4791-82f1-de91636bad0f","outcome":"allowed"}
{"component":"player-command","phase":"consequence","correlationId":"15047b28-0ed6-463e-84dc-1bf5ac175e05","replayed":false,"changes":7}
{"component":"player-command","phase":"opportunity","correlationId":"15047b28-0ed6-463e-84dc-1bf5ac175e05","replayed":false,"changes":6}
{"component":"player-command","phase":"response","correlationId":"15047b28-0ed6-463e-84dc-1bf5ac175e05","statusCode":200,"elapsedMs":145}
{"component":"player-command","phase":"response","correlationId":"2ed307e6-d646-4791-82f1-de91636bad0f","statusCode":200,"elapsedMs":89}
{"component":"player-command","phase":"request","correlationId":"aa50b293-2651-44b3-be5f-d43574155801"}
{"component":"player-command","phase":"authorization","correlationId":"aa50b293-2651-44b3-be5f-d43574155801","outcome":"allowed"}
{"component":"player-command","phase":"response","correlationId":"aa50b293-2651-44b3-be5f-d43574155801","statusCode":200,"elapsedMs":69}
{"component":"player-command","phase":"request","correlationId":"db93c8a5-5099-4f09-aa77-e8d7c93072b2"}
{"component":"player-command","phase":"authorization","correlationId":"db93c8a5-5099-4f09-aa77-e8d7c93072b2","outcome":"allowed"}
{"component":"player-command","phase":"response","correlationId":"db93c8a5-5099-4f09-aa77-e8d7c93072b2","statusCode":200,"elapsedMs":57}
{"component":"player-command","phase":"request","correlationId":"41ebf9e7-dbea-4658-b104-248dc686c1d6"}
{"component":"player-command","phase":"authorization","correlationId":"41ebf9e7-dbea-4658-b104-248dc686c1d6","outcome":"allowed"}
{"component":"player-command","phase":"response","correlationId":"41ebf9e7-dbea-4658-b104-248dc686c1d6","statusCode":200,"elapsedMs":78}
{"component":"player-command","phase":"request","correlationId":"dbe3f44b-c0ab-4c6e-9588-b16548d43ecf"}
{"component":"player-command","phase":"authorization","correlationId":"dbe3f44b-c0ab-4c6e-9588-b16548d43ecf","outcome":"allowed"}
{"component":"player-command","phase":"command","correlationId":"dbe3f44b-c0ab-4c6e-9588-b16548d43ecf"}
{"component":"player-command","phase":"mutation","correlationId":"dbe3f44b-c0ab-4c6e-9588-b16548d43ecf","outcome":"completed","replayed":false}
{"component":"player-command","phase":"request","correlationId":"59bbc0c7-94c8-4ed1-8c2a-a2a78cd15552"}
{"component":"player-command","phase":"authorization","correlationId":"59bbc0c7-94c8-4ed1-8c2a-a2a78cd15552","outcome":"allowed"}
{"component":"player-command","phase":"response","correlationId":"59bbc0c7-94c8-4ed1-8c2a-a2a78cd15552","statusCode":200,"elapsedMs":67}
{"component":"player-command","phase":"consequence","correlationId":"dbe3f44b-c0ab-4c6e-9588-b16548d43ecf","replayed":false,"changes":1}
{"component":"player-command","phase":"opportunity","correlationId":"dbe3f44b-c0ab-4c6e-9588-b16548d43ecf","replayed":false,"changes":0}
{"component":"player-command","phase":"response","correlationId":"dbe3f44b-c0ab-4c6e-9588-b16548d43ecf","statusCode":200,"elapsedMs":174}
{"component":"player-command","phase":"request","correlationId":"c7604d25-d192-40bf-ae67-c55f10b17a3c"}
{"component":"player-command","phase":"authorization","correlationId":"c7604d25-d192-40bf-ae67-c55f10b17a3c","outcome":"allowed"}
{"component":"player-command","phase":"response","correlationId":"c7604d25-d192-40bf-ae67-c55f10b17a3c","statusCode":200,"elapsedMs":74}
{"component":"player-command","phase":"request","correlationId":"e277e742-467b-4251-8861-7e697dc07f3c"}
{"component":"player-command","phase":"authorization","correlationId":"e277e742-467b-4251-8861-7e697dc07f3c","outcome":"allowed"}
{"component":"player-command","phase":"response","correlationId":"e277e742-467b-4251-8861-7e697dc07f3c","statusCode":200,"elapsedMs":66}
{"component":"player-command","phase":"request","correlationId":"304108a0-e2d4-4284-afba-9a204dcb5198"}
{"component":"player-command","phase":"authorization","correlationId":"304108a0-e2d4-4284-afba-9a204dcb5198","outcome":"allowed"}
{"component":"player-command","phase":"response","correlationId":"304108a0-e2d4-4284-afba-9a204dcb5198","statusCode":200,"elapsedMs":67}
{"component":"player-command","phase":"request","correlationId":"9c645b47-707e-43ea-b355-ee42e2302521"}
{"component":"player-command","phase":"authorization","correlationId":"9c645b47-707e-43ea-b355-ee42e2302521","outcome":"allowed"}
{"component":"player-command","phase":"response","correlationId":"9c645b47-707e-43ea-b355-ee42e2302521","statusCode":200,"elapsedMs":73}
{"component":"player-command","phase":"request","correlationId":"7511d5d1-c0e4-44a1-9b39-78813eb2b570"}
{"component":"player-command","phase":"authorization","correlationId":"7511d5d1-c0e4-44a1-9b39-78813eb2b570","outcome":"allowed"}
{"component":"player-command","phase":"command","correlationId":"7511d5d1-c0e4-44a1-9b39-78813eb2b570"}
{"component":"player-command","phase":"mutation","correlationId":"7511d5d1-c0e4-44a1-9b39-78813eb2b570","outcome":"completed","replayed":false}
{"component":"player-command","phase":"request","correlationId":"d3543a4e-6da1-4370-a133-bb7bb14b5ccb"}
{"component":"player-command","phase":"authorization","correlationId":"d3543a4e-6da1-4370-a133-bb7bb14b5ccb","outcome":"allowed"}
{"component":"player-command","phase":"consequence","correlationId":"7511d5d1-c0e4-44a1-9b39-78813eb2b570","replayed":false,"changes":1}
{"component":"player-command","phase":"opportunity","correlationId":"7511d5d1-c0e4-44a1-9b39-78813eb2b570","replayed":false,"changes":0}
{"component":"player-command","phase":"response","correlationId":"d3543a4e-6da1-4370-a133-bb7bb14b5ccb","statusCode":200,"elapsedMs":73}
{"component":"player-command","phase":"response","correlationId":"7511d5d1-c0e4-44a1-9b39-78813eb2b570","statusCode":200,"elapsedMs":163}
{"component":"player-command","phase":"request","correlationId":"db4cd6d6-d765-4a8c-9596-4be7fb2ffe9f"}
{"component":"player-command","phase":"authorization","correlationId":"db4cd6d6-d765-4a8c-9596-4be7fb2ffe9f","outcome":"allowed"}
{"component":"player-command","phase":"response","correlationId":"db4cd6d6-d765-4a8c-9596-4be7fb2ffe9f","statusCode":200,"elapsedMs":74}
{"component":"player-command","phase":"request","correlationId":"26123703-422f-4333-9155-4c7b180d1802"}
{"component":"player-command","phase":"authorization","correlationId":"26123703-422f-4333-9155-4c7b180d1802","outcome":"allowed"}
{"component":"player-command","phase":"response","correlationId":"26123703-422f-4333-9155-4c7b180d1802","statusCode":200,"elapsedMs":64}
{"component":"player-command","phase":"request","correlationId":"086aa01b-e09e-45ae-857e-51af0ebaca0c"}
{"component":"player-command","phase":"authorization","correlationId":"086aa01b-e09e-45ae-857e-51af0ebaca0c","outcome":"allowed"}
{"component":"player-command","phase":"response","correlationId":"086aa01b-e09e-45ae-857e-51af0ebaca0c","statusCode":200,"elapsedMs":64}
{"component":"player-command","phase":"request","correlationId":"3ba41e42-772c-4cdc-805c-5c27786837af"}
{"component":"player-command","phase":"authorization","correlationId":"3ba41e42-772c-4cdc-805c-5c27786837af","outcome":"allowed"}
{"component":"player-command","phase":"command","correlationId":"3ba41e42-772c-4cdc-805c-5c27786837af"}
{"component":"player-command","phase":"mutation","correlationId":"3ba41e42-772c-4cdc-805c-5c27786837af","outcome":"completed","replayed":false}
{"component":"player-command","phase":"request","correlationId":"974eddf9-c2f5-47b3-be0e-e0bf66df9eb9"}
{"component":"player-command","phase":"authorization","correlationId":"974eddf9-c2f5-47b3-be0e-e0bf66df9eb9","outcome":"allowed"}
{"component":"player-command","phase":"response","correlationId":"974eddf9-c2f5-47b3-be0e-e0bf66df9eb9","statusCode":200,"elapsedMs":63}
{"component":"player-command","phase":"consequence","correlationId":"3ba41e42-772c-4cdc-805c-5c27786837af","replayed":false,"changes":1}
{"component":"player-command","phase":"opportunity","correlationId":"3ba41e42-772c-4cdc-805c-5c27786837af","replayed":false,"changes":0}
{"component":"player-command","phase":"response","correlationId":"3ba41e42-772c-4cdc-805c-5c27786837af","statusCode":200,"elapsedMs":168}
{"component":"player-command","phase":"request","correlationId":"35b6ac9e-6f62-4982-8b5d-3b4a5c00b54b"}
{"component":"player-command","phase":"authorization","correlationId":"35b6ac9e-6f62-4982-8b5d-3b4a5c00b54b","outcome":"allowed"}
{"component":"player-command","phase":"response","correlationId":"35b6ac9e-6f62-4982-8b5d-3b4a5c00b54b","statusCode":200,"elapsedMs":84}
{"component":"player-command","phase":"request","correlationId":"042564e7-dfef-42f5-b669-a935819d6b5e"}
{"component":"player-command","phase":"authorization","correlationId":"042564e7-dfef-42f5-b669-a935819d6b5e","outcome":"allowed"}
{"component":"player-command","phase":"response","correlationId":"042564e7-dfef-42f5-b669-a935819d6b5e","statusCode":200,"elapsedMs":69}
{"component":"player-command","phase":"request","correlationId":"1a047644-d490-4e9c-9f4a-b10c3eb77c3f"}
{"component":"player-command","phase":"authorization","correlationId":"1a047644-d490-4e9c-9f4a-b10c3eb77c3f","outcome":"allowed"}
{"component":"player-command","phase":"response","correlationId":"1a047644-d490-4e9c-9f4a-b10c3eb77c3f","statusCode":200,"elapsedMs":76}
{"component":"player-command","phase":"request","correlationId":"dc5fc427-4ec6-4791-8f05-ea7ca3b8b831"}
{"component":"player-command","phase":"authorization","correlationId":"dc5fc427-4ec6-4791-8f05-ea7ca3b8b831","outcome":"allowed"}
{"component":"player-command","phase":"response","correlationId":"dc5fc427-4ec6-4791-8f05-ea7ca3b8b831","statusCode":200,"elapsedMs":67}
{"component":"player-command","phase":"request","correlationId":"b740c8c0-0ae8-4112-a702-3cf146014a54"}
{"component":"player-command","phase":"authorization","correlationId":"b740c8c0-0ae8-4112-a702-3cf146014a54","outcome":"allowed"}
{"component":"player-command","phase":"command","correlationId":"b740c8c0-0ae8-4112-a702-3cf146014a54"}
{"component":"player-command","phase":"mutation","correlationId":"b740c8c0-0ae8-4112-a702-3cf146014a54","outcome":"completed","replayed":false}
{"component":"player-command","phase":"request","correlationId":"14fc7151-9b0c-4c9c-bd36-4f7039da0181"}
{"component":"player-command","phase":"authorization","correlationId":"14fc7151-9b0c-4c9c-bd36-4f7039da0181","outcome":"allowed"}
{"component":"player-command","phase":"response","correlationId":"14fc7151-9b0c-4c9c-bd36-4f7039da0181","statusCode":200,"elapsedMs":59}
{"component":"player-command","phase":"consequence","correlationId":"b740c8c0-0ae8-4112-a702-3cf146014a54","replayed":false,"changes":1}
{"component":"player-command","phase":"opportunity","correlationId":"b740c8c0-0ae8-4112-a702-3cf146014a54","replayed":false,"changes":0}
{"component":"player-command","phase":"response","correlationId":"b740c8c0-0ae8-4112-a702-3cf146014a54","statusCode":200,"elapsedMs":169}
{"component":"player-command","phase":"request","correlationId":"8b911432-5c67-4c32-8eb3-2e1f1ce13847"}
{"component":"player-command","phase":"authorization","correlationId":"8b911432-5c67-4c32-8eb3-2e1f1ce13847","outcome":"allowed"}
{"component":"player-command","phase":"response","correlationId":"8b911432-5c67-4c32-8eb3-2e1f1ce13847","statusCode":200,"elapsedMs":74}
{"component":"player-command","phase":"request","correlationId":"55bf101d-21ff-4e39-bca7-26fe946f99d1"}
{"component":"player-command","phase":"authorization","correlationId":"55bf101d-21ff-4e39-bca7-26fe946f99d1","outcome":"allowed"}
{"component":"player-command","phase":"response","correlationId":"55bf101d-21ff-4e39-bca7-26fe946f99d1","statusCode":200,"elapsedMs":69}
{"component":"player-command","phase":"request","correlationId":"f3811f0f-ef8a-4055-8f11-8845f7fa2986"}
{"component":"player-command","phase":"authorization","correlationId":"f3811f0f-ef8a-4055-8f11-8845f7fa2986","outcome":"allowed"}
{"component":"player-command","phase":"response","correlationId":"f3811f0f-ef8a-4055-8f11-8845f7fa2986","statusCode":200,"elapsedMs":66}
{"component":"player-command","phase":"request","correlationId":"160abe57-a30f-4af9-8401-547280beb65b"}
{"component":"player-command","phase":"authorization","correlationId":"160abe57-a30f-4af9-8401-547280beb65b","outcome":"allowed"}
{"component":"player-command","phase":"response","correlationId":"160abe57-a30f-4af9-8401-547280beb65b","statusCode":200,"elapsedMs":62}
{"component":"player-command","phase":"request","correlationId":"4616bae3-ab09-45a3-81ff-2cffb23c189b"}
{"component":"player-command","phase":"authorization","correlationId":"4616bae3-ab09-45a3-81ff-2cffb23c189b","outcome":"allowed"}
{"component":"player-command","phase":"command","correlationId":"4616bae3-ab09-45a3-81ff-2cffb23c189b"}
{"component":"player-command","phase":"mutation","correlationId":"4616bae3-ab09-45a3-81ff-2cffb23c189b","outcome":"completed","replayed":false}
{"component":"player-command","phase":"request","correlationId":"8c3c4e8f-7637-45e9-8a76-a01f6950ee5b"}
{"component":"player-command","phase":"authorization","correlationId":"8c3c4e8f-7637-45e9-8a76-a01f6950ee5b","outcome":"allowed"}
{"component":"player-command","phase":"consequence","correlationId":"4616bae3-ab09-45a3-81ff-2cffb23c189b","replayed":false,"changes":3}
{"component":"player-command","phase":"opportunity","correlationId":"4616bae3-ab09-45a3-81ff-2cffb23c189b","replayed":false,"changes":2}
{"component":"player-command","phase":"response","correlationId":"4616bae3-ab09-45a3-81ff-2cffb23c189b","statusCode":200,"elapsedMs":144}
{"component":"player-command","phase":"response","correlationId":"8c3c4e8f-7637-45e9-8a76-a01f6950ee5b","statusCode":200,"elapsedMs":94}
{"component":"player-command","phase":"request","correlationId":"fb17b873-0157-4859-b729-7da0a36cb6b0"}
{"component":"player-command","phase":"authorization","correlationId":"fb17b873-0157-4859-b729-7da0a36cb6b0","outcome":"allowed"}
{"component":"player-command","phase":"response","correlationId":"fb17b873-0157-4859-b729-7da0a36cb6b0","statusCode":200,"elapsedMs":57}
{"component":"player-command","phase":"request","correlationId":"2dcef6a1-a497-4c7a-8cfc-69de6ca2db52"}
{"component":"player-command","phase":"authorization","correlationId":"2dcef6a1-a497-4c7a-8cfc-69de6ca2db52","outcome":"allowed"}
{"component":"player-command","phase":"response","correlationId":"2dcef6a1-a497-4c7a-8cfc-69de6ca2db52","statusCode":200,"elapsedMs":58}
{"component":"player-command","phase":"request","correlationId":"bbff9635-d18c-4c77-8ad8-bb61c3904487"}
{"component":"player-command","phase":"authorization","correlationId":"bbff9635-d18c-4c77-8ad8-bb61c3904487","outcome":"allowed"}
{"component":"player-command","phase":"response","correlationId":"bbff9635-d18c-4c77-8ad8-bb61c3904487","statusCode":200,"elapsedMs":61}
{"component":"player-command","phase":"request","correlationId":"03c81c91-6474-45c4-92f3-390be130d39d"}
{"component":"player-command","phase":"authorization","correlationId":"03c81c91-6474-45c4-92f3-390be130d39d","outcome":"allowed"}
{"component":"player-command","phase":"command","correlationId":"03c81c91-6474-45c4-92f3-390be130d39d"}
{"component":"player-command","phase":"mutation","correlationId":"03c81c91-6474-45c4-92f3-390be130d39d","outcome":"completed","replayed":false}
{"component":"player-command","phase":"request","correlationId":"91936311-444d-49e5-9a6c-e40659e689e9"}
{"component":"player-command","phase":"authorization","correlationId":"91936311-444d-49e5-9a6c-e40659e689e9","outcome":"allowed"}
{"component":"player-command","phase":"consequence","correlationId":"03c81c91-6474-45c4-92f3-390be130d39d","replayed":false,"changes":5}
{"component":"player-command","phase":"opportunity","correlationId":"03c81c91-6474-45c4-92f3-390be130d39d","replayed":false,"changes":2}
{"component":"player-command","phase":"response","correlationId":"03c81c91-6474-45c4-92f3-390be130d39d","statusCode":200,"elapsedMs":153}
{"component":"player-command","phase":"request","correlationId":"93dd4418-fbc2-4302-833c-a2ff88f349c3"}
{"component":"player-command","phase":"authorization","correlationId":"93dd4418-fbc2-4302-833c-a2ff88f349c3","outcome":"allowed"}
{"component":"player-command","phase":"response","correlationId":"91936311-444d-49e5-9a6c-e40659e689e9","statusCode":200,"elapsedMs":90}
{"component":"player-command","phase":"response","correlationId":"93dd4418-fbc2-4302-833c-a2ff88f349c3","statusCode":200,"elapsedMs":69}
{"component":"player-command","phase":"request","correlationId":"8fbc8334-7dbf-459b-94b0-53d706269d1a"}
{"component":"player-command","phase":"authorization","correlationId":"8fbc8334-7dbf-459b-94b0-53d706269d1a","outcome":"allowed"}
{"component":"player-command","phase":"response","correlationId":"8fbc8334-7dbf-459b-94b0-53d706269d1a","statusCode":200,"elapsedMs":58}
{"component":"player-command","phase":"request","correlationId":"b6af55b7-3213-42eb-9846-8eba6b8c75bd"}
{"component":"player-command","phase":"authorization","correlationId":"b6af55b7-3213-42eb-9846-8eba6b8c75bd","outcome":"allowed"}
{"component":"player-command","phase":"response","correlationId":"b6af55b7-3213-42eb-9846-8eba6b8c75bd","statusCode":200,"elapsedMs":60}
{"component":"player-command","phase":"request","correlationId":"a540b3ac-03eb-4221-a8d0-b35b7fad0dc1"}
{"component":"player-command","phase":"authorization","correlationId":"a540b3ac-03eb-4221-a8d0-b35b7fad0dc1","outcome":"allowed"}
{"component":"player-command","phase":"command","correlationId":"a540b3ac-03eb-4221-a8d0-b35b7fad0dc1"}
{"component":"player-command","phase":"mutation","correlationId":"a540b3ac-03eb-4221-a8d0-b35b7fad0dc1","outcome":"completed","replayed":false}
{"component":"player-command","phase":"request","correlationId":"f603b7eb-437c-40ee-8977-8095d7ff0478"}
{"component":"player-command","phase":"authorization","correlationId":"f603b7eb-437c-40ee-8977-8095d7ff0478","outcome":"allowed"}
{"component":"player-command","phase":"consequence","correlationId":"a540b3ac-03eb-4221-a8d0-b35b7fad0dc1","replayed":false,"changes":1}
{"component":"player-command","phase":"opportunity","correlationId":"a540b3ac-03eb-4221-a8d0-b35b7fad0dc1","replayed":false,"changes":0}
{"component":"player-command","phase":"response","correlationId":"a540b3ac-03eb-4221-a8d0-b35b7fad0dc1","statusCode":200,"elapsedMs":149}
{"component":"player-command","phase":"request","correlationId":"d6b0bc58-956c-42af-a182-2755cbf7c836"}
{"component":"player-command","phase":"authorization","correlationId":"d6b0bc58-956c-42af-a182-2755cbf7c836","outcome":"allowed"}
{"component":"player-command","phase":"response","correlationId":"f603b7eb-437c-40ee-8977-8095d7ff0478","statusCode":200,"elapsedMs":90}
{"component":"player-command","phase":"response","correlationId":"d6b0bc58-956c-42af-a182-2755cbf7c836","statusCode":200,"elapsedMs":76}
{"component":"player-command","phase":"request","correlationId":"1dfd94f7-9c4e-41b9-a8ca-4ad21446179a"}
{"component":"player-command","phase":"authorization","correlationId":"1dfd94f7-9c4e-41b9-a8ca-4ad21446179a","outcome":"allowed"}
{"component":"player-command","phase":"response","correlationId":"1dfd94f7-9c4e-41b9-a8ca-4ad21446179a","statusCode":200,"elapsedMs":60}
{"component":"player-command","phase":"request","correlationId":"26643d51-afe2-42cd-aa75-51285327bd06"}
{"component":"player-command","phase":"authorization","correlationId":"26643d51-afe2-42cd-aa75-51285327bd06","outcome":"allowed"}
{"component":"player-command","phase":"response","correlationId":"26643d51-afe2-42cd-aa75-51285327bd06","statusCode":200,"elapsedMs":57}
{"component":"player-command","phase":"request","correlationId":"2234224a-08e9-4f6d-9f52-a8f54030bd07"}
{"component":"player-command","phase":"authorization","correlationId":"2234224a-08e9-4f6d-9f52-a8f54030bd07","outcome":"allowed"}
{"component":"player-command","phase":"response","correlationId":"2234224a-08e9-4f6d-9f52-a8f54030bd07","statusCode":200,"elapsedMs":58}
{"component":"player-command","phase":"request","correlationId":"a278d542-68eb-4883-88bd-9e3d652ed729"}
{"component":"player-command","phase":"authorization","correlationId":"a278d542-68eb-4883-88bd-9e3d652ed729","outcome":"allowed"}
{"component":"player-command","phase":"command","correlationId":"a278d542-68eb-4883-88bd-9e3d652ed729"}
{"component":"player-command","phase":"mutation","correlationId":"a278d542-68eb-4883-88bd-9e3d652ed729","outcome":"completed","replayed":false}
{"component":"player-command","phase":"request","correlationId":"0d2fd17f-9b21-4a2a-8193-4c10a25167a2"}
{"component":"player-command","phase":"authorization","correlationId":"0d2fd17f-9b21-4a2a-8193-4c10a25167a2","outcome":"allowed"}
{"component":"player-command","phase":"consequence","correlationId":"a278d542-68eb-4883-88bd-9e3d652ed729","replayed":false,"changes":2}
{"component":"player-command","phase":"opportunity","correlationId":"a278d542-68eb-4883-88bd-9e3d652ed729","replayed":false,"changes":0}
{"component":"player-command","phase":"response","correlationId":"a278d542-68eb-4883-88bd-9e3d652ed729","statusCode":200,"elapsedMs":146}
{"component":"player-command","phase":"response","correlationId":"0d2fd17f-9b21-4a2a-8193-4c10a25167a2","statusCode":200,"elapsedMs":86}
{"component":"player-command","phase":"request","correlationId":"e155554b-8006-4f16-96ec-896e592f53d2"}
{"component":"player-command","phase":"authorization","correlationId":"e155554b-8006-4f16-96ec-896e592f53d2","outcome":"allowed"}
{"component":"player-command","phase":"response","correlationId":"e155554b-8006-4f16-96ec-896e592f53d2","statusCode":200,"elapsedMs":64}
{"component":"player-command","phase":"request","correlationId":"9757d576-a229-434e-9910-4e6c6c76eaa6"}
{"component":"player-command","phase":"authorization","correlationId":"9757d576-a229-434e-9910-4e6c6c76eaa6","outcome":"allowed"}
{"component":"player-command","phase":"response","correlationId":"9757d576-a229-434e-9910-4e6c6c76eaa6","statusCode":200,"elapsedMs":62}
{"component":"player-command","phase":"request","correlationId":"301296a9-95bf-45b3-8b94-82244e92791e"}
{"component":"player-command","phase":"authorization","correlationId":"301296a9-95bf-45b3-8b94-82244e92791e","outcome":"allowed"}
{"component":"player-command","phase":"response","correlationId":"301296a9-95bf-45b3-8b94-82244e92791e","statusCode":200,"elapsedMs":66}
{"component":"player-command","phase":"request","correlationId":"8fb3c13e-a246-4519-9b6e-f2f7290d00bf"}
{"component":"player-command","phase":"authorization","correlationId":"8fb3c13e-a246-4519-9b6e-f2f7290d00bf","outcome":"allowed"}
{"component":"player-command","phase":"command","correlationId":"8fb3c13e-a246-4519-9b6e-f2f7290d00bf"}
{"component":"player-command","phase":"mutation","correlationId":"8fb3c13e-a246-4519-9b6e-f2f7290d00bf","outcome":"completed","replayed":false}
{"component":"player-command","phase":"request","correlationId":"5352eba8-f8e1-42be-b965-b1de1aee4544"}
{"component":"player-command","phase":"authorization","correlationId":"5352eba8-f8e1-42be-b965-b1de1aee4544","outcome":"allowed"}
{"component":"player-command","phase":"response","correlationId":"5352eba8-f8e1-42be-b965-b1de1aee4544","statusCode":200,"elapsedMs":62}
{"component":"player-command","phase":"consequence","correlationId":"8fb3c13e-a246-4519-9b6e-f2f7290d00bf","replayed":false,"changes":1}
{"component":"player-command","phase":"opportunity","correlationId":"8fb3c13e-a246-4519-9b6e-f2f7290d00bf","replayed":false,"changes":0}
{"component":"player-command","phase":"response","correlationId":"8fb3c13e-a246-4519-9b6e-f2f7290d00bf","statusCode":200,"elapsedMs":164}
{"component":"player-command","phase":"request","correlationId":"68e8cc80-ebc0-452d-87e9-c98b92a920b8"}
{"component":"player-command","phase":"authorization","correlationId":"68e8cc80-ebc0-452d-87e9-c98b92a920b8","outcome":"allowed"}
{"component":"player-command","phase":"response","correlationId":"68e8cc80-ebc0-452d-87e9-c98b92a920b8","statusCode":200,"elapsedMs":67}
{"component":"player-command","phase":"request","correlationId":"4bc1e59e-3041-4568-b5e7-9c766269affb"}
{"component":"player-command","phase":"authorization","correlationId":"4bc1e59e-3041-4568-b5e7-9c766269affb","outcome":"allowed"}
{"component":"player-command","phase":"response","correlationId":"4bc1e59e-3041-4568-b5e7-9c766269affb","statusCode":200,"elapsedMs":81}
{"component":"player-command","phase":"request","correlationId":"90ae7649-92f1-48e9-b73b-5ffbce547e0a"}
{"component":"player-command","phase":"authorization","correlationId":"90ae7649-92f1-48e9-b73b-5ffbce547e0a","outcome":"allowed"}
{"component":"player-command","phase":"response","correlationId":"90ae7649-92f1-48e9-b73b-5ffbce547e0a","statusCode":200,"elapsedMs":67}
{"component":"player-command","phase":"request","correlationId":"0864fe65-a41f-46a3-b39a-8fb5bca54e00"}
{"component":"player-command","phase":"authorization","correlationId":"0864fe65-a41f-46a3-b39a-8fb5bca54e00","outcome":"allowed"}
{"component":"player-command","phase":"command","correlationId":"0864fe65-a41f-46a3-b39a-8fb5bca54e00"}
{"component":"player-command","phase":"mutation","correlationId":"0864fe65-a41f-46a3-b39a-8fb5bca54e00","outcome":"completed","replayed":false}
{"component":"player-command","phase":"request","correlationId":"6655184b-8442-491e-a0fc-802db6dde990"}
{"component":"player-command","phase":"request","correlationId":"3dc59a48-5779-4541-be9c-52b35023e6a1"}
{"component":"player-command","phase":"request","correlationId":"836c775c-fa3e-418d-a5a1-e1ea8d9e6bba"}
{"component":"player-command","phase":"authorization","correlationId":"6655184b-8442-491e-a0fc-802db6dde990","outcome":"allowed"}
{"component":"player-command","phase":"authorization","correlationId":"3dc59a48-5779-4541-be9c-52b35023e6a1","outcome":"allowed"}
{"component":"player-command","phase":"authorization","correlationId":"836c775c-fa3e-418d-a5a1-e1ea8d9e6bba","outcome":"allowed"}
{"component":"player-command","phase":"response","correlationId":"3dc59a48-5779-4541-be9c-52b35023e6a1","statusCode":200,"elapsedMs":78}
{"component":"player-command","phase":"response","correlationId":"6655184b-8442-491e-a0fc-802db6dde990","statusCode":200,"elapsedMs":82}
{"component":"player-command","phase":"request","correlationId":"ed7bb3a2-d679-4237-8b1d-c2b968dd89c0"}
{"component":"player-command","phase":"authorization","correlationId":"ed7bb3a2-d679-4237-8b1d-c2b968dd89c0","outcome":"allowed"}
{"component":"player-command","phase":"consequence","correlationId":"0864fe65-a41f-46a3-b39a-8fb5bca54e00","replayed":false,"changes":20}
{"component":"player-command","phase":"opportunity","correlationId":"0864fe65-a41f-46a3-b39a-8fb5bca54e00","replayed":false,"changes":18}
{"component":"player-command","phase":"response","correlationId":"0864fe65-a41f-46a3-b39a-8fb5bca54e00","statusCode":200,"elapsedMs":229}
{"component":"player-command","phase":"response","correlationId":"836c775c-fa3e-418d-a5a1-e1ea8d9e6bba","statusCode":200,"elapsedMs":122}
{"component":"player-command","phase":"request","correlationId":"2a81fd99-f9cb-4440-a0a3-ff8fc6ba974e"}
{"component":"player-command","phase":"authorization","correlationId":"2a81fd99-f9cb-4440-a0a3-ff8fc6ba974e","outcome":"allowed"}
{"component":"player-command","phase":"response","correlationId":"ed7bb3a2-d679-4237-8b1d-c2b968dd89c0","statusCode":200,"elapsedMs":99}
{"component":"player-command","phase":"response","correlationId":"2a81fd99-f9cb-4440-a0a3-ff8fc6ba974e","statusCode":200,"elapsedMs":77}
{"component":"player-command","phase":"request","correlationId":"577e724a-3257-429f-8d55-8ca22152eea0"}
{"component":"player-command","phase":"authorization","correlationId":"577e724a-3257-429f-8d55-8ca22152eea0","outcome":"allowed"}
{"component":"player-command","phase":"response","correlationId":"577e724a-3257-429f-8d55-8ca22152eea0","statusCode":200,"elapsedMs":61}
{"component":"player-command","phase":"request","correlationId":"e6ebfb2c-20b2-472e-8a4d-dca52d2d56bf"}
{"component":"player-command","phase":"authorization","correlationId":"e6ebfb2c-20b2-472e-8a4d-dca52d2d56bf","outcome":"allowed"}
{"component":"player-command","phase":"response","correlationId":"e6ebfb2c-20b2-472e-8a4d-dca52d2d56bf","statusCode":200,"elapsedMs":65}
PASS 320px black-market-seizure: 59 rendered commands
⚠️  preflight: Neither PUBLIC_URL nor SOCIAL_GAME_URL is set — every referral link, share prompt and social card will point at the built-in default domain, not yours. Set PUBLIC_URL to this server's own origin (it is also what one-click X sign-in derives its callback from).
⚠️  preflight: INVARIANT_WEBHOOK_URL is not set — the §10.4 economy-drift, backup-failure, oracle-halt and real-value-invariant alarms have nowhere to shout and reach only a log line. Set it (a Slack/Discord webhook) on BOTH processes: the worker fires most alarms, and the API is the only one that can page when the WORKER is dead.
[db] Postgres ready — column migration ran 2956 ADD COLUMN IF NOT EXISTS statements.
{"component":"player-command","phase":"request","correlationId":"1ab91e80-2e73-440c-8ff2-60cd678be82d"}
{"component":"player-command","phase":"authorization","correlationId":"1ab91e80-2e73-440c-8ff2-60cd678be82d","outcome":"allowed"}
{"component":"player-command","phase":"response","correlationId":"1ab91e80-2e73-440c-8ff2-60cd678be82d","statusCode":200,"elapsedMs":99}
{"component":"player-command","phase":"request","correlationId":"1bfb30a6-c928-45af-9218-14c35ef51906"}
{"component":"player-command","phase":"authorization","correlationId":"1bfb30a6-c928-45af-9218-14c35ef51906","outcome":"allowed"}
{"component":"player-command","phase":"response","correlationId":"1bfb30a6-c928-45af-9218-14c35ef51906","statusCode":200,"elapsedMs":44}
{"component":"player-command","phase":"request","correlationId":"9c87b1c3-c365-4843-ae62-4b9481cd3ef3"}
{"component":"player-command","phase":"authorization","correlationId":"9c87b1c3-c365-4843-ae62-4b9481cd3ef3","outcome":"allowed"}
{"component":"player-command","phase":"response","correlationId":"9c87b1c3-c365-4843-ae62-4b9481cd3ef3","statusCode":200,"elapsedMs":41}
{"component":"player-command","phase":"request","correlationId":"ce599910-e04c-4fe2-9874-6702c0101f5a"}
{"component":"player-command","phase":"authorization","correlationId":"ce599910-e04c-4fe2-9874-6702c0101f5a","outcome":"allowed"}
{"component":"player-command","phase":"response","correlationId":"ce599910-e04c-4fe2-9874-6702c0101f5a","statusCode":200,"elapsedMs":150}
{"component":"player-command","phase":"request","correlationId":"f2c4d59e-e6ce-4bdb-8efe-41470835ea42"}
{"component":"player-command","phase":"authorization","correlationId":"f2c4d59e-e6ce-4bdb-8efe-41470835ea42","outcome":"allowed"}
{"component":"player-command","phase":"command","correlationId":"f2c4d59e-e6ce-4bdb-8efe-41470835ea42"}
{"component":"player-command","phase":"mutation","correlationId":"f2c4d59e-e6ce-4bdb-8efe-41470835ea42","outcome":"completed","replayed":false}
{"component":"player-command","phase":"consequence","correlationId":"f2c4d59e-e6ce-4bdb-8efe-41470835ea42","replayed":false,"changes":2}
{"component":"player-command","phase":"opportunity","correlationId":"f2c4d59e-e6ce-4bdb-8efe-41470835ea42","replayed":false,"changes":2}
{"component":"player-command","phase":"response","correlationId":"f2c4d59e-e6ce-4bdb-8efe-41470835ea42","statusCode":200,"elapsedMs":212}
{"component":"player-command","phase":"request","correlationId":"21082a60-48ae-4c7b-8a4b-aa77c0e57042"}
{"component":"player-command","phase":"authorization","correlationId":"21082a60-48ae-4c7b-8a4b-aa77c0e57042","outcome":"allowed"}
{"component":"player-command","phase":"response","correlationId":"21082a60-48ae-4c7b-8a4b-aa77c0e57042","statusCode":200,"elapsedMs":37}
{"component":"player-command","phase":"request","correlationId":"d061ab23-1bd8-4e73-af78-37db607fa4bd"}
{"component":"player-command","phase":"authorization","correlationId":"d061ab23-1bd8-4e73-af78-37db607fa4bd","outcome":"allowed"}
{"component":"player-command","phase":"response","correlationId":"d061ab23-1bd8-4e73-af78-37db607fa4bd","statusCode":200,"elapsedMs":41}
{"component":"player-command","phase":"request","correlationId":"acb6a36c-5f56-4287-9c67-969bebec7cc8"}
{"component":"player-command","phase":"authorization","correlationId":"acb6a36c-5f56-4287-9c67-969bebec7cc8","outcome":"allowed"}
{"component":"player-command","phase":"response","correlationId":"acb6a36c-5f56-4287-9c67-969bebec7cc8","statusCode":200,"elapsedMs":46}
{"component":"player-command","phase":"request","correlationId":"110f2513-ca5d-4e7f-8903-d360b3306893"}
{"component":"player-command","phase":"authorization","correlationId":"110f2513-ca5d-4e7f-8903-d360b3306893","outcome":"allowed"}
{"component":"player-command","phase":"response","correlationId":"110f2513-ca5d-4e7f-8903-d360b3306893","statusCode":200,"elapsedMs":35}
{"component":"player-command","phase":"request","correlationId":"729164ff-9a96-4433-a07e-348a74ee3308"}
{"component":"player-command","phase":"authorization","correlationId":"729164ff-9a96-4433-a07e-348a74ee3308","outcome":"allowed"}
{"component":"player-command","phase":"command","correlationId":"729164ff-9a96-4433-a07e-348a74ee3308"}
{"component":"player-command","phase":"mutation","correlationId":"729164ff-9a96-4433-a07e-348a74ee3308","outcome":"completed","replayed":false}
{"component":"player-command","phase":"consequence","correlationId":"729164ff-9a96-4433-a07e-348a74ee3308","replayed":false,"changes":2}
{"component":"player-command","phase":"opportunity","correlationId":"729164ff-9a96-4433-a07e-348a74ee3308","replayed":false,"changes":2}
{"component":"player-command","phase":"response","correlationId":"729164ff-9a96-4433-a07e-348a74ee3308","statusCode":200,"elapsedMs":83}
{"component":"player-command","phase":"request","correlationId":"06f34b04-4f8e-4b82-b962-0ea85ca3ea2d"}
{"component":"player-command","phase":"authorization","correlationId":"06f34b04-4f8e-4b82-b962-0ea85ca3ea2d","outcome":"allowed"}
{"component":"player-command","phase":"response","correlationId":"06f34b04-4f8e-4b82-b962-0ea85ca3ea2d","statusCode":200,"elapsedMs":39}
{"component":"player-command","phase":"request","correlationId":"f1d93588-c43e-4105-a225-d46c6b32087d"}
{"component":"player-command","phase":"authorization","correlationId":"f1d93588-c43e-4105-a225-d46c6b32087d","outcome":"allowed"}
{"component":"player-command","phase":"response","correlationId":"f1d93588-c43e-4105-a225-d46c6b32087d","statusCode":200,"elapsedMs":44}
{"component":"player-command","phase":"request","correlationId":"f2d8cba9-0aeb-48e8-9d6a-7e9f56c9bfea"}
{"component":"player-command","phase":"authorization","correlationId":"f2d8cba9-0aeb-48e8-9d6a-7e9f56c9bfea","outcome":"allowed"}
{"component":"player-command","phase":"response","correlationId":"f2d8cba9-0aeb-48e8-9d6a-7e9f56c9bfea","statusCode":200,"elapsedMs":40}
{"component":"player-command","phase":"request","correlationId":"3703b350-b29f-4d64-aad6-146361d665ef"}
{"component":"player-command","phase":"authorization","correlationId":"3703b350-b29f-4d64-aad6-146361d665ef","outcome":"allowed"}
{"component":"player-command","phase":"response","correlationId":"3703b350-b29f-4d64-aad6-146361d665ef","statusCode":200,"elapsedMs":37}
{"component":"player-command","phase":"request","correlationId":"4bc5de55-ded1-4745-9edc-d0d7f8e9c5d5"}
{"component":"player-command","phase":"authorization","correlationId":"4bc5de55-ded1-4745-9edc-d0d7f8e9c5d5","outcome":"allowed"}
{"component":"player-command","phase":"command","correlationId":"4bc5de55-ded1-4745-9edc-d0d7f8e9c5d5"}
{"component":"player-command","phase":"mutation","correlationId":"4bc5de55-ded1-4745-9edc-d0d7f8e9c5d5","outcome":"completed","replayed":false}
{"component":"player-command","phase":"consequence","correlationId":"4bc5de55-ded1-4745-9edc-d0d7f8e9c5d5","replayed":false,"changes":16}
{"component":"player-command","phase":"opportunity","correlationId":"4bc5de55-ded1-4745-9edc-d0d7f8e9c5d5","replayed":false,"changes":13}
{"component":"player-command","phase":"response","correlationId":"4bc5de55-ded1-4745-9edc-d0d7f8e9c5d5","statusCode":200,"elapsedMs":109}
{"component":"player-command","phase":"request","correlationId":"bc77c40e-bbbc-4e42-b069-5703fbafda83"}
{"component":"player-command","phase":"authorization","correlationId":"bc77c40e-bbbc-4e42-b069-5703fbafda83","outcome":"allowed"}
{"component":"player-command","phase":"response","correlationId":"bc77c40e-bbbc-4e42-b069-5703fbafda83","statusCode":200,"elapsedMs":52}
{"component":"player-command","phase":"request","correlationId":"230e477a-1de2-44bb-bf9c-5e9d07cfebf3"}
{"component":"player-command","phase":"authorization","correlationId":"230e477a-1de2-44bb-bf9c-5e9d07cfebf3","outcome":"allowed"}
{"component":"player-command","phase":"response","correlationId":"230e477a-1de2-44bb-bf9c-5e9d07cfebf3","statusCode":200,"elapsedMs":50}
{"component":"player-command","phase":"request","correlationId":"04293670-ae8c-4f0b-8a2d-ab24eff7ab32"}
{"component":"player-command","phase":"authorization","correlationId":"04293670-ae8c-4f0b-8a2d-ab24eff7ab32","outcome":"allowed"}
{"component":"player-command","phase":"response","correlationId":"04293670-ae8c-4f0b-8a2d-ab24eff7ab32","statusCode":200,"elapsedMs":43}
{"component":"player-command","phase":"request","correlationId":"a407920a-2bb9-4365-aec2-2858b8fded0d"}
{"component":"player-command","phase":"authorization","correlationId":"a407920a-2bb9-4365-aec2-2858b8fded0d","outcome":"allowed"}
{"component":"player-command","phase":"response","correlationId":"a407920a-2bb9-4365-aec2-2858b8fded0d","statusCode":200,"elapsedMs":43}
{"component":"player-command","phase":"request","correlationId":"cc395ee2-7e38-4d4e-9e76-a66d4f34fff8"}
{"component":"player-command","phase":"authorization","correlationId":"cc395ee2-7e38-4d4e-9e76-a66d4f34fff8","outcome":"allowed"}
{"component":"player-command","phase":"command","correlationId":"cc395ee2-7e38-4d4e-9e76-a66d4f34fff8"}
{"component":"player-command","phase":"mutation","correlationId":"cc395ee2-7e38-4d4e-9e76-a66d4f34fff8","outcome":"completed","replayed":false}
{"component":"player-command","phase":"consequence","correlationId":"cc395ee2-7e38-4d4e-9e76-a66d4f34fff8","replayed":false,"changes":2}
{"component":"player-command","phase":"opportunity","correlationId":"cc395ee2-7e38-4d4e-9e76-a66d4f34fff8","replayed":false,"changes":2}
{"component":"player-command","phase":"response","correlationId":"cc395ee2-7e38-4d4e-9e76-a66d4f34fff8","statusCode":200,"elapsedMs":96}
{"component":"player-command","phase":"request","correlationId":"c68ad0dd-b26a-4266-9f9e-d4fde022ac62"}
{"component":"player-command","phase":"authorization","correlationId":"c68ad0dd-b26a-4266-9f9e-d4fde022ac62","outcome":"allowed"}
{"component":"player-command","phase":"response","correlationId":"c68ad0dd-b26a-4266-9f9e-d4fde022ac62","statusCode":200,"elapsedMs":48}
{"component":"player-command","phase":"request","correlationId":"b7a19d24-e494-433b-9189-9d1593f08151"}
{"component":"player-command","phase":"authorization","correlationId":"b7a19d24-e494-433b-9189-9d1593f08151","outcome":"allowed"}
{"component":"player-command","phase":"response","correlationId":"b7a19d24-e494-433b-9189-9d1593f08151","statusCode":200,"elapsedMs":43}
{"component":"player-command","phase":"request","correlationId":"c09a5b3e-9bfc-49a1-9a04-ce66a3aa5916"}
{"component":"player-command","phase":"authorization","correlationId":"c09a5b3e-9bfc-49a1-9a04-ce66a3aa5916","outcome":"allowed"}
{"component":"player-command","phase":"response","correlationId":"c09a5b3e-9bfc-49a1-9a04-ce66a3aa5916","statusCode":200,"elapsedMs":43}
{"component":"player-command","phase":"request","correlationId":"8a33ca43-248f-40b4-805e-9755196cb068"}
{"component":"player-command","phase":"authorization","correlationId":"8a33ca43-248f-40b4-805e-9755196cb068","outcome":"allowed"}
{"component":"player-command","phase":"response","correlationId":"8a33ca43-248f-40b4-805e-9755196cb068","statusCode":200,"elapsedMs":58}
{"component":"player-command","phase":"request","correlationId":"080ed5c4-ee1e-42c4-ae84-a0642b9ee7e8"}
{"component":"player-command","phase":"authorization","correlationId":"080ed5c4-ee1e-42c4-ae84-a0642b9ee7e8","outcome":"allowed"}
{"component":"player-command","phase":"command","correlationId":"080ed5c4-ee1e-42c4-ae84-a0642b9ee7e8"}
{"component":"player-command","phase":"mutation","correlationId":"080ed5c4-ee1e-42c4-ae84-a0642b9ee7e8","outcome":"completed","replayed":false}
{"component":"player-command","phase":"consequence","correlationId":"080ed5c4-ee1e-42c4-ae84-a0642b9ee7e8","replayed":false,"changes":2}
{"component":"player-command","phase":"opportunity","correlationId":"080ed5c4-ee1e-42c4-ae84-a0642b9ee7e8","replayed":false,"changes":2}
{"component":"player-command","phase":"response","correlationId":"080ed5c4-ee1e-42c4-ae84-a0642b9ee7e8","statusCode":200,"elapsedMs":94}
{"component":"player-command","phase":"request","correlationId":"693c8b9e-5b39-48af-b6d7-ac610331adc9"}
{"component":"player-command","phase":"authorization","correlationId":"693c8b9e-5b39-48af-b6d7-ac610331adc9","outcome":"allowed"}
{"component":"player-command","phase":"response","correlationId":"693c8b9e-5b39-48af-b6d7-ac610331adc9","statusCode":200,"elapsedMs":48}
{"component":"player-command","phase":"request","correlationId":"6a598ba0-b1dc-40c0-8d90-3346faa97c44"}
{"component":"player-command","phase":"authorization","correlationId":"6a598ba0-b1dc-40c0-8d90-3346faa97c44","outcome":"allowed"}
{"component":"player-command","phase":"response","correlationId":"6a598ba0-b1dc-40c0-8d90-3346faa97c44","statusCode":200,"elapsedMs":47}
{"component":"player-command","phase":"request","correlationId":"7fa5bee9-021b-4db8-8870-b75504987898"}
{"component":"player-command","phase":"authorization","correlationId":"7fa5bee9-021b-4db8-8870-b75504987898","outcome":"allowed"}
{"component":"player-command","phase":"response","correlationId":"7fa5bee9-021b-4db8-8870-b75504987898","statusCode":200,"elapsedMs":45}
{"component":"player-command","phase":"request","correlationId":"32460d92-d2fc-4ad0-8d07-1e3d04adc639"}
{"component":"player-command","phase":"authorization","correlationId":"32460d92-d2fc-4ad0-8d07-1e3d04adc639","outcome":"allowed"}
{"component":"player-command","phase":"response","correlationId":"32460d92-d2fc-4ad0-8d07-1e3d04adc639","statusCode":200,"elapsedMs":43}
{"component":"player-command","phase":"request","correlationId":"bfa384c5-c942-4ce5-8959-2a6d9510b861"}
{"component":"player-command","phase":"authorization","correlationId":"bfa384c5-c942-4ce5-8959-2a6d9510b861","outcome":"allowed"}
{"component":"player-command","phase":"command","correlationId":"bfa384c5-c942-4ce5-8959-2a6d9510b861"}
{"component":"player-command","phase":"mutation","correlationId":"bfa384c5-c942-4ce5-8959-2a6d9510b861","outcome":"completed","replayed":false}
{"component":"player-command","phase":"consequence","correlationId":"bfa384c5-c942-4ce5-8959-2a6d9510b861","replayed":false,"changes":1}
{"component":"player-command","phase":"opportunity","correlationId":"bfa384c5-c942-4ce5-8959-2a6d9510b861","replayed":false,"changes":1}
{"component":"player-command","phase":"response","correlationId":"bfa384c5-c942-4ce5-8959-2a6d9510b861","statusCode":200,"elapsedMs":104}
{"component":"player-command","phase":"request","correlationId":"8bbd1804-2884-4777-8d1a-a7566283d57a"}
{"component":"player-command","phase":"authorization","correlationId":"8bbd1804-2884-4777-8d1a-a7566283d57a","outcome":"allowed"}
{"component":"player-command","phase":"response","correlationId":"8bbd1804-2884-4777-8d1a-a7566283d57a","statusCode":200,"elapsedMs":48}
{"component":"player-command","phase":"request","correlationId":"cbafe06d-ce78-46d0-919e-0668abe1b577"}
{"component":"player-command","phase":"authorization","correlationId":"cbafe06d-ce78-46d0-919e-0668abe1b577","outcome":"allowed"}
{"component":"player-command","phase":"response","correlationId":"cbafe06d-ce78-46d0-919e-0668abe1b577","statusCode":200,"elapsedMs":49}
{"component":"player-command","phase":"request","correlationId":"1c2c3f2e-2279-40cd-8c5e-8d31f8b98773"}
{"component":"player-command","phase":"authorization","correlationId":"1c2c3f2e-2279-40cd-8c5e-8d31f8b98773","outcome":"allowed"}
{"component":"player-command","phase":"response","correlationId":"1c2c3f2e-2279-40cd-8c5e-8d31f8b98773","statusCode":200,"elapsedMs":43}
{"component":"player-command","phase":"request","correlationId":"21b2e9d0-713a-454b-a507-35505d0aab1f"}
{"component":"player-command","phase":"authorization","correlationId":"21b2e9d0-713a-454b-a507-35505d0aab1f","outcome":"allowed"}
{"component":"player-command","phase":"response","correlationId":"21b2e9d0-713a-454b-a507-35505d0aab1f","statusCode":200,"elapsedMs":47}
{"component":"player-command","phase":"request","correlationId":"c06e3733-8501-4e01-9602-b1bec337ee82"}
{"component":"player-command","phase":"authorization","correlationId":"c06e3733-8501-4e01-9602-b1bec337ee82","outcome":"allowed"}
{"component":"player-command","phase":"response","correlationId":"c06e3733-8501-4e01-9602-b1bec337ee82","statusCode":200,"elapsedMs":44}
{"component":"player-command","phase":"request","correlationId":"1ef02b10-1d99-46dd-b558-f361b8f531ff"}
{"component":"player-command","phase":"authorization","correlationId":"1ef02b10-1d99-46dd-b558-f361b8f531ff","outcome":"allowed"}
{"component":"player-command","phase":"response","correlationId":"1ef02b10-1d99-46dd-b558-f361b8f531ff","statusCode":200,"elapsedMs":36}
{"component":"player-command","phase":"request","correlationId":"d21e7677-c381-4f9d-bbd3-41a90b39cc8b"}
{"component":"player-command","phase":"authorization","correlationId":"d21e7677-c381-4f9d-bbd3-41a90b39cc8b","outcome":"allowed"}
{"component":"player-command","phase":"response","correlationId":"d21e7677-c381-4f9d-bbd3-41a90b39cc8b","statusCode":200,"elapsedMs":36}
{"component":"player-command","phase":"request","correlationId":"e1ae016b-6ef6-4fc2-aac8-85c041f8dfc3"}
{"component":"player-command","phase":"authorization","correlationId":"e1ae016b-6ef6-4fc2-aac8-85c041f8dfc3","outcome":"allowed"}
{"component":"player-command","phase":"command","correlationId":"e1ae016b-6ef6-4fc2-aac8-85c041f8dfc3"}
{"component":"player-command","phase":"mutation","correlationId":"e1ae016b-6ef6-4fc2-aac8-85c041f8dfc3","outcome":"completed","replayed":false}
{"component":"player-command","phase":"consequence","correlationId":"e1ae016b-6ef6-4fc2-aac8-85c041f8dfc3","replayed":false,"changes":2}
{"component":"player-command","phase":"opportunity","correlationId":"e1ae016b-6ef6-4fc2-aac8-85c041f8dfc3","replayed":false,"changes":2}
{"component":"player-command","phase":"response","correlationId":"e1ae016b-6ef6-4fc2-aac8-85c041f8dfc3","statusCode":200,"elapsedMs":82}
{"component":"player-command","phase":"request","correlationId":"68e78cc5-0dee-42eb-973d-a97d93cf8773"}
{"component":"player-command","phase":"authorization","correlationId":"68e78cc5-0dee-42eb-973d-a97d93cf8773","outcome":"allowed"}
{"component":"player-command","phase":"response","correlationId":"68e78cc5-0dee-42eb-973d-a97d93cf8773","statusCode":200,"elapsedMs":43}
{"component":"player-command","phase":"request","correlationId":"94aba4ca-1c65-4e43-a5c2-4613b4f6e10f"}
{"component":"player-command","phase":"authorization","correlationId":"94aba4ca-1c65-4e43-a5c2-4613b4f6e10f","outcome":"allowed"}
{"component":"player-command","phase":"response","correlationId":"94aba4ca-1c65-4e43-a5c2-4613b4f6e10f","statusCode":200,"elapsedMs":45}
{"component":"player-command","phase":"request","correlationId":"e1192c32-6ca9-409e-bafc-0571755857a0"}
{"component":"player-command","phase":"authorization","correlationId":"e1192c32-6ca9-409e-bafc-0571755857a0","outcome":"allowed"}
{"component":"player-command","phase":"response","correlationId":"e1192c32-6ca9-409e-bafc-0571755857a0","statusCode":200,"elapsedMs":40}
{"component":"player-command","phase":"request","correlationId":"2782a6fe-269c-409a-878e-e3573bcc0ed0"}
{"component":"player-command","phase":"authorization","correlationId":"2782a6fe-269c-409a-878e-e3573bcc0ed0","outcome":"allowed"}
{"component":"player-command","phase":"response","correlationId":"2782a6fe-269c-409a-878e-e3573bcc0ed0","statusCode":200,"elapsedMs":40}
{"component":"player-command","phase":"request","correlationId":"3d16081c-a994-46ab-a2b2-4b383a674bf8"}
{"component":"player-command","phase":"authorization","correlationId":"3d16081c-a994-46ab-a2b2-4b383a674bf8","outcome":"allowed"}
{"component":"player-command","phase":"command","correlationId":"3d16081c-a994-46ab-a2b2-4b383a674bf8"}
{"component":"player-command","phase":"mutation","correlationId":"3d16081c-a994-46ab-a2b2-4b383a674bf8","outcome":"completed","replayed":false}
{"component":"player-command","phase":"consequence","correlationId":"3d16081c-a994-46ab-a2b2-4b383a674bf8","replayed":false,"changes":2}
{"component":"player-command","phase":"opportunity","correlationId":"3d16081c-a994-46ab-a2b2-4b383a674bf8","replayed":false,"changes":2}
{"component":"player-command","phase":"response","correlationId":"3d16081c-a994-46ab-a2b2-4b383a674bf8","statusCode":200,"elapsedMs":110}
{"component":"player-command","phase":"request","correlationId":"d3fd5a1c-7928-49b4-b0ef-51d0baf242f3"}
{"component":"player-command","phase":"authorization","correlationId":"d3fd5a1c-7928-49b4-b0ef-51d0baf242f3","outcome":"allowed"}
{"component":"player-command","phase":"response","correlationId":"d3fd5a1c-7928-49b4-b0ef-51d0baf242f3","statusCode":200,"elapsedMs":53}
{"component":"player-command","phase":"request","correlationId":"76bc0213-a3bd-48cc-898d-b44c198b9fa0"}
{"component":"player-command","phase":"authorization","correlationId":"76bc0213-a3bd-48cc-898d-b44c198b9fa0","outcome":"allowed"}
{"component":"player-command","phase":"response","correlationId":"76bc0213-a3bd-48cc-898d-b44c198b9fa0","statusCode":200,"elapsedMs":44}
{"component":"player-command","phase":"request","correlationId":"a6a0867b-e930-473e-8df4-67a1c25698e4"}
{"component":"player-command","phase":"authorization","correlationId":"a6a0867b-e930-473e-8df4-67a1c25698e4","outcome":"allowed"}
{"component":"player-command","phase":"response","correlationId":"a6a0867b-e930-473e-8df4-67a1c25698e4","statusCode":200,"elapsedMs":45}
{"component":"player-command","phase":"request","correlationId":"6db337cc-16f8-4437-aa78-1083f38365b9"}
{"component":"player-command","phase":"authorization","correlationId":"6db337cc-16f8-4437-aa78-1083f38365b9","outcome":"allowed"}
{"component":"player-command","phase":"response","correlationId":"6db337cc-16f8-4437-aa78-1083f38365b9","statusCode":200,"elapsedMs":44}
{"component":"player-command","phase":"request","correlationId":"419e2bea-56d8-4680-9e70-6141d6ba13f3"}
{"component":"player-command","phase":"authorization","correlationId":"419e2bea-56d8-4680-9e70-6141d6ba13f3","outcome":"allowed"}
{"component":"player-command","phase":"command","correlationId":"419e2bea-56d8-4680-9e70-6141d6ba13f3"}
{"component":"player-command","phase":"mutation","correlationId":"419e2bea-56d8-4680-9e70-6141d6ba13f3","outcome":"completed","replayed":false}
{"component":"player-command","phase":"consequence","correlationId":"419e2bea-56d8-4680-9e70-6141d6ba13f3","replayed":false,"changes":16}
{"component":"player-command","phase":"opportunity","correlationId":"419e2bea-56d8-4680-9e70-6141d6ba13f3","replayed":false,"changes":13}
{"component":"player-command","phase":"response","correlationId":"419e2bea-56d8-4680-9e70-6141d6ba13f3","statusCode":200,"elapsedMs":98}
{"component":"player-command","phase":"request","correlationId":"57bebd63-98bc-4514-98a8-37f8aa6e242f"}
{"component":"player-command","phase":"authorization","correlationId":"57bebd63-98bc-4514-98a8-37f8aa6e242f","outcome":"allowed"}
{"component":"player-command","phase":"response","correlationId":"57bebd63-98bc-4514-98a8-37f8aa6e242f","statusCode":200,"elapsedMs":74}
{"component":"player-command","phase":"request","correlationId":"7c707f05-2f6f-4529-84ed-9472a95fb8ac"}
{"component":"player-command","phase":"authorization","correlationId":"7c707f05-2f6f-4529-84ed-9472a95fb8ac","outcome":"allowed"}
{"component":"player-command","phase":"response","correlationId":"7c707f05-2f6f-4529-84ed-9472a95fb8ac","statusCode":200,"elapsedMs":45}
{"component":"player-command","phase":"request","correlationId":"af48d216-6be3-4f31-98e8-d0ce62e6419b"}
{"component":"player-command","phase":"authorization","correlationId":"af48d216-6be3-4f31-98e8-d0ce62e6419b","outcome":"allowed"}
{"component":"player-command","phase":"response","correlationId":"af48d216-6be3-4f31-98e8-d0ce62e6419b","statusCode":200,"elapsedMs":45}
{"component":"player-command","phase":"request","correlationId":"b15fdcd3-fdff-41a0-8b27-23eb83764108"}
{"component":"player-command","phase":"authorization","correlationId":"b15fdcd3-fdff-41a0-8b27-23eb83764108","outcome":"allowed"}
{"component":"player-command","phase":"response","correlationId":"b15fdcd3-fdff-41a0-8b27-23eb83764108","statusCode":200,"elapsedMs":47}
{"component":"player-command","phase":"request","correlationId":"01da65bb-3cab-4064-a5bf-ba2e384524f8"}
{"component":"player-command","phase":"authorization","correlationId":"01da65bb-3cab-4064-a5bf-ba2e384524f8","outcome":"allowed"}
{"component":"player-command","phase":"command","correlationId":"01da65bb-3cab-4064-a5bf-ba2e384524f8"}
{"component":"player-command","phase":"mutation","correlationId":"01da65bb-3cab-4064-a5bf-ba2e384524f8","outcome":"completed","replayed":false}
{"component":"player-command","phase":"consequence","correlationId":"01da65bb-3cab-4064-a5bf-ba2e384524f8","replayed":false,"changes":2}
{"component":"player-command","phase":"opportunity","correlationId":"01da65bb-3cab-4064-a5bf-ba2e384524f8","replayed":false,"changes":2}
{"component":"player-command","phase":"response","correlationId":"01da65bb-3cab-4064-a5bf-ba2e384524f8","statusCode":200,"elapsedMs":100}
{"component":"player-command","phase":"request","correlationId":"a1872f54-9bf3-4a18-b2ea-12d94e2bb073"}
{"component":"player-command","phase":"authorization","correlationId":"a1872f54-9bf3-4a18-b2ea-12d94e2bb073","outcome":"allowed"}
{"component":"player-command","phase":"response","correlationId":"a1872f54-9bf3-4a18-b2ea-12d94e2bb073","statusCode":200,"elapsedMs":52}
{"component":"player-command","phase":"request","correlationId":"a7800263-9613-40fe-be21-c6c8bad403e1"}
{"component":"player-command","phase":"authorization","correlationId":"a7800263-9613-40fe-be21-c6c8bad403e1","outcome":"allowed"}
{"component":"player-command","phase":"response","correlationId":"a7800263-9613-40fe-be21-c6c8bad403e1","statusCode":200,"elapsedMs":48}
{"component":"player-command","phase":"request","correlationId":"b9761827-a378-4637-ac21-71166902ec70"}
{"component":"player-command","phase":"authorization","correlationId":"b9761827-a378-4637-ac21-71166902ec70","outcome":"allowed"}
{"component":"player-command","phase":"response","correlationId":"b9761827-a378-4637-ac21-71166902ec70","statusCode":200,"elapsedMs":51}
{"component":"player-command","phase":"request","correlationId":"7f7be8fb-3168-405d-bebb-0645d95fe809"}
{"component":"player-command","phase":"authorization","correlationId":"7f7be8fb-3168-405d-bebb-0645d95fe809","outcome":"allowed"}
{"component":"player-command","phase":"response","correlationId":"7f7be8fb-3168-405d-bebb-0645d95fe809","statusCode":200,"elapsedMs":48}
{"component":"player-command","phase":"request","correlationId":"1a8b60ec-aca8-4b70-95b8-6c33f0a9690d"}
{"component":"player-command","phase":"authorization","correlationId":"1a8b60ec-aca8-4b70-95b8-6c33f0a9690d","outcome":"allowed"}
{"component":"player-command","phase":"command","correlationId":"1a8b60ec-aca8-4b70-95b8-6c33f0a9690d"}
{"component":"player-command","phase":"mutation","correlationId":"1a8b60ec-aca8-4b70-95b8-6c33f0a9690d","outcome":"completed","replayed":false}
{"component":"player-command","phase":"consequence","correlationId":"1a8b60ec-aca8-4b70-95b8-6c33f0a9690d","replayed":false,"changes":2}
{"component":"player-command","phase":"opportunity","correlationId":"1a8b60ec-aca8-4b70-95b8-6c33f0a9690d","replayed":false,"changes":2}
{"component":"player-command","phase":"response","correlationId":"1a8b60ec-aca8-4b70-95b8-6c33f0a9690d","statusCode":200,"elapsedMs":99}
{"component":"player-command","phase":"request","correlationId":"a89d6994-9450-4b14-b601-1c3e11bf93ba"}
{"component":"player-command","phase":"authorization","correlationId":"a89d6994-9450-4b14-b601-1c3e11bf93ba","outcome":"allowed"}
{"component":"player-command","phase":"response","correlationId":"a89d6994-9450-4b14-b601-1c3e11bf93ba","statusCode":200,"elapsedMs":50}
{"component":"player-command","phase":"request","correlationId":"45a11303-4b49-4d5d-8c7f-98ef709fa47a"}
{"component":"player-command","phase":"authorization","correlationId":"45a11303-4b49-4d5d-8c7f-98ef709fa47a","outcome":"allowed"}
{"component":"player-command","phase":"response","correlationId":"45a11303-4b49-4d5d-8c7f-98ef709fa47a","statusCode":200,"elapsedMs":51}
{"component":"player-command","phase":"request","correlationId":"ee05a526-5de8-4b3f-92dd-974072f4d864"}
{"component":"player-command","phase":"authorization","correlationId":"ee05a526-5de8-4b3f-92dd-974072f4d864","outcome":"allowed"}
{"component":"player-command","phase":"response","correlationId":"ee05a526-5de8-4b3f-92dd-974072f4d864","statusCode":200,"elapsedMs":49}
{"component":"player-command","phase":"request","correlationId":"35e1175a-605e-488c-b4c4-e03c0ad534c0"}
{"component":"player-command","phase":"authorization","correlationId":"35e1175a-605e-488c-b4c4-e03c0ad534c0","outcome":"allowed"}
{"component":"player-command","phase":"response","correlationId":"35e1175a-605e-488c-b4c4-e03c0ad534c0","statusCode":200,"elapsedMs":47}
{"component":"player-command","phase":"request","correlationId":"42243f22-38d9-449e-b0f7-ffbf09bfbc34"}
{"component":"player-command","phase":"authorization","correlationId":"42243f22-38d9-449e-b0f7-ffbf09bfbc34","outcome":"allowed"}
{"component":"player-command","phase":"command","correlationId":"42243f22-38d9-449e-b0f7-ffbf09bfbc34"}
{"component":"player-command","phase":"mutation","correlationId":"42243f22-38d9-449e-b0f7-ffbf09bfbc34","outcome":"completed","replayed":false}
{"component":"player-command","phase":"consequence","correlationId":"42243f22-38d9-449e-b0f7-ffbf09bfbc34","replayed":false,"changes":1}
{"component":"player-command","phase":"opportunity","correlationId":"42243f22-38d9-449e-b0f7-ffbf09bfbc34","replayed":false,"changes":1}
{"component":"player-command","phase":"response","correlationId":"42243f22-38d9-449e-b0f7-ffbf09bfbc34","statusCode":200,"elapsedMs":107}
{"component":"player-command","phase":"request","correlationId":"233ef3a5-441c-43b3-aec0-2cee928825ba"}
{"component":"player-command","phase":"authorization","correlationId":"233ef3a5-441c-43b3-aec0-2cee928825ba","outcome":"allowed"}
{"component":"player-command","phase":"response","correlationId":"233ef3a5-441c-43b3-aec0-2cee928825ba","statusCode":200,"elapsedMs":51}
{"component":"player-command","phase":"request","correlationId":"388d0a4b-e6f2-45cc-b429-6e777ae213a4"}
{"component":"player-command","phase":"authorization","correlationId":"388d0a4b-e6f2-45cc-b429-6e777ae213a4","outcome":"allowed"}
{"component":"player-command","phase":"response","correlationId":"388d0a4b-e6f2-45cc-b429-6e777ae213a4","statusCode":200,"elapsedMs":53}
{"component":"player-command","phase":"request","correlationId":"4dd2e6c7-0d19-4c20-89e2-4b7e4d87db71"}
{"component":"player-command","phase":"authorization","correlationId":"4dd2e6c7-0d19-4c20-89e2-4b7e4d87db71","outcome":"allowed"}
{"component":"player-command","phase":"response","correlationId":"4dd2e6c7-0d19-4c20-89e2-4b7e4d87db71","statusCode":200,"elapsedMs":45}
{"component":"player-command","phase":"request","correlationId":"46561ecb-235a-4ada-a927-63526948d385"}
{"component":"player-command","phase":"authorization","correlationId":"46561ecb-235a-4ada-a927-63526948d385","outcome":"allowed"}
{"component":"player-command","phase":"response","correlationId":"46561ecb-235a-4ada-a927-63526948d385","statusCode":200,"elapsedMs":44}
{"component":"player-command","phase":"request","correlationId":"13c213c8-f7d5-4aca-9a71-ca67f1806219"}
{"component":"player-command","phase":"authorization","correlationId":"13c213c8-f7d5-4aca-9a71-ca67f1806219","outcome":"allowed"}
{"component":"player-command","phase":"command","correlationId":"13c213c8-f7d5-4aca-9a71-ca67f1806219"}
{"component":"player-command","phase":"request","correlationId":"e9582b76-9b1a-46ef-b0a9-dfbb45d826ac"}
{"component":"player-command","phase":"authorization","correlationId":"e9582b76-9b1a-46ef-b0a9-dfbb45d826ac","outcome":"allowed"}
{"component":"player-command","phase":"mutation","correlationId":"13c213c8-f7d5-4aca-9a71-ca67f1806219","outcome":"completed","replayed":false}
{"component":"player-command","phase":"consequence","correlationId":"13c213c8-f7d5-4aca-9a71-ca67f1806219","replayed":false,"changes":4}
{"component":"player-command","phase":"opportunity","correlationId":"13c213c8-f7d5-4aca-9a71-ca67f1806219","replayed":false,"changes":0}
{"component":"player-command","phase":"response","correlationId":"13c213c8-f7d5-4aca-9a71-ca67f1806219","statusCode":200,"elapsedMs":135}
{"component":"player-command","phase":"request","correlationId":"5b0756bf-7fff-4988-a8d1-84acd0fa1d7a"}
{"component":"player-command","phase":"authorization","correlationId":"5b0756bf-7fff-4988-a8d1-84acd0fa1d7a","outcome":"allowed"}
{"component":"player-command","phase":"response","correlationId":"5b0756bf-7fff-4988-a8d1-84acd0fa1d7a","statusCode":200,"elapsedMs":55}
{"component":"player-command","phase":"request","correlationId":"5a5495fd-395b-48f7-b547-810e39662141"}
{"component":"player-command","phase":"authorization","correlationId":"5a5495fd-395b-48f7-b547-810e39662141","outcome":"allowed"}
{"component":"player-command","phase":"response","correlationId":"e9582b76-9b1a-46ef-b0a9-dfbb45d826ac","statusCode":200,"elapsedMs":220}
{"component":"player-command","phase":"response","correlationId":"5a5495fd-395b-48f7-b547-810e39662141","statusCode":200,"elapsedMs":57}
{"component":"player-command","phase":"request","correlationId":"f857e5d7-94d0-4169-ad2d-fe55583ca518"}
{"component":"player-command","phase":"authorization","correlationId":"f857e5d7-94d0-4169-ad2d-fe55583ca518","outcome":"allowed"}
{"component":"player-command","phase":"response","correlationId":"f857e5d7-94d0-4169-ad2d-fe55583ca518","statusCode":200,"elapsedMs":47}
{"component":"player-command","phase":"request","correlationId":"52daca59-aacf-46da-8a47-c97da51af677"}
{"component":"player-command","phase":"authorization","correlationId":"52daca59-aacf-46da-8a47-c97da51af677","outcome":"allowed"}
{"component":"player-command","phase":"response","correlationId":"52daca59-aacf-46da-8a47-c97da51af677","statusCode":200,"elapsedMs":59}
{"component":"player-command","phase":"request","correlationId":"b46e1997-3e15-4a9b-b95b-1452e45aa7d0"}
{"component":"player-command","phase":"authorization","correlationId":"b46e1997-3e15-4a9b-b95b-1452e45aa7d0","outcome":"allowed"}
{"component":"player-command","phase":"command","correlationId":"b46e1997-3e15-4a9b-b95b-1452e45aa7d0"}
{"component":"player-command","phase":"request","correlationId":"c063a462-1f33-4f84-a4e9-7961b5ce8162"}
{"component":"player-command","phase":"authorization","correlationId":"c063a462-1f33-4f84-a4e9-7961b5ce8162","outcome":"allowed"}
{"component":"player-command","phase":"mutation","correlationId":"b46e1997-3e15-4a9b-b95b-1452e45aa7d0","outcome":"completed","replayed":false}
{"component":"player-command","phase":"response","correlationId":"c063a462-1f33-4f84-a4e9-7961b5ce8162","statusCode":200,"elapsedMs":65}
{"component":"player-command","phase":"request","correlationId":"687a776a-75e2-440b-89b5-4dad9b02a76d"}
{"component":"player-command","phase":"authorization","correlationId":"687a776a-75e2-440b-89b5-4dad9b02a76d","outcome":"allowed"}
{"component":"player-command","phase":"consequence","correlationId":"b46e1997-3e15-4a9b-b95b-1452e45aa7d0","replayed":false,"changes":9}
{"component":"player-command","phase":"opportunity","correlationId":"b46e1997-3e15-4a9b-b95b-1452e45aa7d0","replayed":false,"changes":8}
{"component":"player-command","phase":"response","correlationId":"b46e1997-3e15-4a9b-b95b-1452e45aa7d0","statusCode":200,"elapsedMs":155}
{"component":"player-command","phase":"response","correlationId":"687a776a-75e2-440b-89b5-4dad9b02a76d","statusCode":200,"elapsedMs":65}
{"component":"player-command","phase":"request","correlationId":"b9f6b82c-2a72-45c9-a32c-1873855a4fc2"}
{"component":"player-command","phase":"authorization","correlationId":"b9f6b82c-2a72-45c9-a32c-1873855a4fc2","outcome":"allowed"}
{"component":"player-command","phase":"response","correlationId":"b9f6b82c-2a72-45c9-a32c-1873855a4fc2","statusCode":200,"elapsedMs":58}
{"component":"player-command","phase":"request","correlationId":"1e7c006a-8b2a-45d3-ab16-972e33306edb"}
{"component":"player-command","phase":"authorization","correlationId":"1e7c006a-8b2a-45d3-ab16-972e33306edb","outcome":"allowed"}
{"component":"player-command","phase":"response","correlationId":"1e7c006a-8b2a-45d3-ab16-972e33306edb","statusCode":200,"elapsedMs":58}
{"component":"player-command","phase":"request","correlationId":"1fb88f4f-7802-47c2-96bb-51f1e3e55368"}
{"component":"player-command","phase":"authorization","correlationId":"1fb88f4f-7802-47c2-96bb-51f1e3e55368","outcome":"allowed"}
{"component":"player-command","phase":"response","correlationId":"1fb88f4f-7802-47c2-96bb-51f1e3e55368","statusCode":200,"elapsedMs":59}
{"component":"player-command","phase":"request","correlationId":"15251bbe-972c-40b1-b654-0609df9d036c"}
{"component":"player-command","phase":"authorization","correlationId":"15251bbe-972c-40b1-b654-0609df9d036c","outcome":"allowed"}
{"component":"player-command","phase":"response","correlationId":"15251bbe-972c-40b1-b654-0609df9d036c","statusCode":200,"elapsedMs":61}
{"component":"player-command","phase":"request","correlationId":"c3300f72-ff4f-46eb-8770-24ffb066655f"}
{"component":"player-command","phase":"authorization","correlationId":"c3300f72-ff4f-46eb-8770-24ffb066655f","outcome":"allowed"}
{"component":"player-command","phase":"command","correlationId":"c3300f72-ff4f-46eb-8770-24ffb066655f"}
{"component":"player-command","phase":"mutation","correlationId":"c3300f72-ff4f-46eb-8770-24ffb066655f","outcome":"completed","replayed":false}
{"component":"player-command","phase":"request","correlationId":"bd9affb0-7169-4e4d-b7d3-290c0ba9f5e9"}
{"component":"player-command","phase":"authorization","correlationId":"bd9affb0-7169-4e4d-b7d3-290c0ba9f5e9","outcome":"allowed"}
{"component":"player-command","phase":"response","correlationId":"bd9affb0-7169-4e4d-b7d3-290c0ba9f5e9","statusCode":200,"elapsedMs":49}
{"component":"player-command","phase":"consequence","correlationId":"c3300f72-ff4f-46eb-8770-24ffb066655f","replayed":false,"changes":1}
{"component":"player-command","phase":"opportunity","correlationId":"c3300f72-ff4f-46eb-8770-24ffb066655f","replayed":false,"changes":0}
{"component":"player-command","phase":"response","correlationId":"c3300f72-ff4f-46eb-8770-24ffb066655f","statusCode":200,"elapsedMs":149}
{"component":"player-command","phase":"request","correlationId":"fb2095df-177d-4a5e-a51e-92619d349978"}
{"component":"player-command","phase":"authorization","correlationId":"fb2095df-177d-4a5e-a51e-92619d349978","outcome":"allowed"}
{"component":"player-command","phase":"response","correlationId":"fb2095df-177d-4a5e-a51e-92619d349978","statusCode":200,"elapsedMs":64}
{"component":"player-command","phase":"request","correlationId":"a7cf9abb-645e-488f-9370-718086033b6d"}
{"component":"player-command","phase":"authorization","correlationId":"a7cf9abb-645e-488f-9370-718086033b6d","outcome":"allowed"}
{"component":"player-command","phase":"response","correlationId":"a7cf9abb-645e-488f-9370-718086033b6d","statusCode":200,"elapsedMs":63}
{"component":"player-command","phase":"request","correlationId":"96483de9-5583-45c9-ab5e-dc4b1b272a8d"}
{"component":"player-command","phase":"authorization","correlationId":"96483de9-5583-45c9-ab5e-dc4b1b272a8d","outcome":"allowed"}
{"component":"player-command","phase":"response","correlationId":"96483de9-5583-45c9-ab5e-dc4b1b272a8d","statusCode":200,"elapsedMs":59}
{"component":"player-command","phase":"request","correlationId":"31d4c43b-630b-4503-a22d-3291dcef2b68"}
{"component":"player-command","phase":"authorization","correlationId":"31d4c43b-630b-4503-a22d-3291dcef2b68","outcome":"allowed"}
{"component":"player-command","phase":"response","correlationId":"31d4c43b-630b-4503-a22d-3291dcef2b68","statusCode":200,"elapsedMs":62}
{"component":"player-command","phase":"request","correlationId":"585aa7b6-bde3-4288-81d2-e894229f1593"}
{"component":"player-command","phase":"authorization","correlationId":"585aa7b6-bde3-4288-81d2-e894229f1593","outcome":"allowed"}
{"component":"player-command","phase":"command","correlationId":"585aa7b6-bde3-4288-81d2-e894229f1593"}
{"component":"player-command","phase":"mutation","correlationId":"585aa7b6-bde3-4288-81d2-e894229f1593","outcome":"completed","replayed":false}
{"component":"player-command","phase":"request","correlationId":"c5090140-fbbf-4c30-bb99-34d4d80cc530"}
{"component":"player-command","phase":"authorization","correlationId":"c5090140-fbbf-4c30-bb99-34d4d80cc530","outcome":"allowed"}
{"component":"player-command","phase":"response","correlationId":"c5090140-fbbf-4c30-bb99-34d4d80cc530","statusCode":200,"elapsedMs":56}
{"component":"player-command","phase":"consequence","correlationId":"585aa7b6-bde3-4288-81d2-e894229f1593","replayed":false,"changes":10}
{"component":"player-command","phase":"opportunity","correlationId":"585aa7b6-bde3-4288-81d2-e894229f1593","replayed":false,"changes":9}
{"component":"player-command","phase":"response","correlationId":"585aa7b6-bde3-4288-81d2-e894229f1593","statusCode":200,"elapsedMs":163}
{"component":"player-command","phase":"request","correlationId":"7ff610a1-5de3-4025-a355-5272c387df11"}
{"component":"player-command","phase":"authorization","correlationId":"7ff610a1-5de3-4025-a355-5272c387df11","outcome":"allowed"}
{"component":"player-command","phase":"response","correlationId":"7ff610a1-5de3-4025-a355-5272c387df11","statusCode":200,"elapsedMs":60}
{"component":"player-command","phase":"request","correlationId":"6010885b-5caf-46cf-8ebf-53c33e2c6c1e"}
{"component":"player-command","phase":"authorization","correlationId":"6010885b-5caf-46cf-8ebf-53c33e2c6c1e","outcome":"allowed"}
{"component":"player-command","phase":"response","correlationId":"6010885b-5caf-46cf-8ebf-53c33e2c6c1e","statusCode":200,"elapsedMs":63}
{"component":"player-command","phase":"request","correlationId":"9f0e5d13-2088-4914-9801-49957bddca8d"}
{"component":"player-command","phase":"authorization","correlationId":"9f0e5d13-2088-4914-9801-49957bddca8d","outcome":"allowed"}
{"component":"player-command","phase":"response","correlationId":"9f0e5d13-2088-4914-9801-49957bddca8d","statusCode":200,"elapsedMs":49}
{"component":"player-command","phase":"request","correlationId":"a022c5eb-4fad-43e2-a25b-ec5d94feaab2"}
{"component":"player-command","phase":"authorization","correlationId":"a022c5eb-4fad-43e2-a25b-ec5d94feaab2","outcome":"allowed"}
{"component":"player-command","phase":"response","correlationId":"a022c5eb-4fad-43e2-a25b-ec5d94feaab2","statusCode":200,"elapsedMs":59}
{"component":"player-command","phase":"request","correlationId":"cd1bc391-05bf-4091-a5f0-b9200015f624"}
{"component":"player-command","phase":"authorization","correlationId":"cd1bc391-05bf-4091-a5f0-b9200015f624","outcome":"allowed"}
{"component":"player-command","phase":"command","correlationId":"cd1bc391-05bf-4091-a5f0-b9200015f624"}
{"component":"player-command","phase":"mutation","correlationId":"cd1bc391-05bf-4091-a5f0-b9200015f624","outcome":"completed","replayed":false}
{"component":"player-command","phase":"request","correlationId":"97570f5f-56f9-40c5-8480-70dbca9a94a2"}
{"component":"player-command","phase":"authorization","correlationId":"97570f5f-56f9-40c5-8480-70dbca9a94a2","outcome":"allowed"}
{"component":"player-command","phase":"consequence","correlationId":"cd1bc391-05bf-4091-a5f0-b9200015f624","replayed":false,"changes":7}
{"component":"player-command","phase":"opportunity","correlationId":"cd1bc391-05bf-4091-a5f0-b9200015f624","replayed":false,"changes":6}
{"component":"player-command","phase":"response","correlationId":"cd1bc391-05bf-4091-a5f0-b9200015f624","statusCode":200,"elapsedMs":143}
{"component":"player-command","phase":"response","correlationId":"97570f5f-56f9-40c5-8480-70dbca9a94a2","statusCode":200,"elapsedMs":83}
{"component":"player-command","phase":"request","correlationId":"2fef07dc-1784-4059-a470-0c259d1b4bfd"}
{"component":"player-command","phase":"authorization","correlationId":"2fef07dc-1784-4059-a470-0c259d1b4bfd","outcome":"allowed"}
{"component":"player-command","phase":"response","correlationId":"2fef07dc-1784-4059-a470-0c259d1b4bfd","statusCode":200,"elapsedMs":56}
{"component":"player-command","phase":"request","correlationId":"e8d7b1f6-e2c3-4c40-a905-5df196119ec8"}
{"component":"player-command","phase":"authorization","correlationId":"e8d7b1f6-e2c3-4c40-a905-5df196119ec8","outcome":"allowed"}
{"component":"player-command","phase":"response","correlationId":"e8d7b1f6-e2c3-4c40-a905-5df196119ec8","statusCode":200,"elapsedMs":63}
{"component":"player-command","phase":"request","correlationId":"79a60611-5f04-40b8-8284-218c6a192155"}
{"component":"player-command","phase":"authorization","correlationId":"79a60611-5f04-40b8-8284-218c6a192155","outcome":"allowed"}
{"component":"player-command","phase":"response","correlationId":"79a60611-5f04-40b8-8284-218c6a192155","statusCode":200,"elapsedMs":64}
{"component":"player-command","phase":"request","correlationId":"e0bc0a0f-0fea-4a8e-b57f-4043be836a71"}
{"component":"player-command","phase":"authorization","correlationId":"e0bc0a0f-0fea-4a8e-b57f-4043be836a71","outcome":"allowed"}
{"component":"player-command","phase":"command","correlationId":"e0bc0a0f-0fea-4a8e-b57f-4043be836a71"}
{"component":"player-command","phase":"mutation","correlationId":"e0bc0a0f-0fea-4a8e-b57f-4043be836a71","outcome":"completed","replayed":false}
{"component":"player-command","phase":"request","correlationId":"2d137694-4a6d-41d3-97f4-6b22f955e349"}
{"component":"player-command","phase":"authorization","correlationId":"2d137694-4a6d-41d3-97f4-6b22f955e349","outcome":"allowed"}
{"component":"player-command","phase":"consequence","correlationId":"e0bc0a0f-0fea-4a8e-b57f-4043be836a71","replayed":false,"changes":1}
{"component":"player-command","phase":"opportunity","correlationId":"e0bc0a0f-0fea-4a8e-b57f-4043be836a71","replayed":false,"changes":0}
{"component":"player-command","phase":"response","correlationId":"2d137694-4a6d-41d3-97f4-6b22f955e349","statusCode":200,"elapsedMs":73}
{"component":"player-command","phase":"response","correlationId":"e0bc0a0f-0fea-4a8e-b57f-4043be836a71","statusCode":200,"elapsedMs":155}
{"component":"player-command","phase":"request","correlationId":"02c4f910-3003-46a8-9c88-7f27c3cc40cd"}
{"component":"player-command","phase":"authorization","correlationId":"02c4f910-3003-46a8-9c88-7f27c3cc40cd","outcome":"allowed"}
{"component":"player-command","phase":"response","correlationId":"02c4f910-3003-46a8-9c88-7f27c3cc40cd","statusCode":200,"elapsedMs":77}
{"component":"player-command","phase":"request","correlationId":"c4f9f52d-aad4-4c08-a1b0-8b675d1451cb"}
{"component":"player-command","phase":"authorization","correlationId":"c4f9f52d-aad4-4c08-a1b0-8b675d1451cb","outcome":"allowed"}
{"component":"player-command","phase":"response","correlationId":"c4f9f52d-aad4-4c08-a1b0-8b675d1451cb","statusCode":200,"elapsedMs":59}
{"component":"player-command","phase":"request","correlationId":"e27a0958-bf28-48a5-999a-7bd2f1956a81"}
{"component":"player-command","phase":"authorization","correlationId":"e27a0958-bf28-48a5-999a-7bd2f1956a81","outcome":"allowed"}
{"component":"player-command","phase":"response","correlationId":"e27a0958-bf28-48a5-999a-7bd2f1956a81","statusCode":200,"elapsedMs":60}
{"component":"player-command","phase":"request","correlationId":"bd6093f5-a1a3-4737-b5d1-59cc7f0727ec"}
{"component":"player-command","phase":"authorization","correlationId":"bd6093f5-a1a3-4737-b5d1-59cc7f0727ec","outcome":"allowed"}
{"component":"player-command","phase":"response","correlationId":"bd6093f5-a1a3-4737-b5d1-59cc7f0727ec","statusCode":200,"elapsedMs":63}
{"component":"player-command","phase":"request","correlationId":"3a441d9a-7c10-4e19-b4ba-1f40c5689fe3"}
{"component":"player-command","phase":"authorization","correlationId":"3a441d9a-7c10-4e19-b4ba-1f40c5689fe3","outcome":"allowed"}
{"component":"player-command","phase":"command","correlationId":"3a441d9a-7c10-4e19-b4ba-1f40c5689fe3"}
{"component":"player-command","phase":"mutation","correlationId":"3a441d9a-7c10-4e19-b4ba-1f40c5689fe3","outcome":"completed","replayed":false}
{"component":"player-command","phase":"request","correlationId":"5266f00e-6e3c-4866-87f1-5d7d0df77df5"}
{"component":"player-command","phase":"authorization","correlationId":"5266f00e-6e3c-4866-87f1-5d7d0df77df5","outcome":"allowed"}
{"component":"player-command","phase":"consequence","correlationId":"3a441d9a-7c10-4e19-b4ba-1f40c5689fe3","replayed":false,"changes":1}
{"component":"player-command","phase":"opportunity","correlationId":"3a441d9a-7c10-4e19-b4ba-1f40c5689fe3","replayed":false,"changes":0}
{"component":"player-command","phase":"response","correlationId":"5266f00e-6e3c-4866-87f1-5d7d0df77df5","statusCode":200,"elapsedMs":74}
{"component":"player-command","phase":"response","correlationId":"3a441d9a-7c10-4e19-b4ba-1f40c5689fe3","statusCode":200,"elapsedMs":161}
{"component":"player-command","phase":"request","correlationId":"d0435a6f-4e85-45f8-ac20-7e50ca01c102"}
{"component":"player-command","phase":"authorization","correlationId":"d0435a6f-4e85-45f8-ac20-7e50ca01c102","outcome":"allowed"}
{"component":"player-command","phase":"response","correlationId":"d0435a6f-4e85-45f8-ac20-7e50ca01c102","statusCode":200,"elapsedMs":72}
{"component":"player-command","phase":"request","correlationId":"db6387d3-f13e-45ed-802f-5671562883a4"}
{"component":"player-command","phase":"authorization","correlationId":"db6387d3-f13e-45ed-802f-5671562883a4","outcome":"allowed"}
{"component":"player-command","phase":"response","correlationId":"db6387d3-f13e-45ed-802f-5671562883a4","statusCode":200,"elapsedMs":62}
{"component":"player-command","phase":"request","correlationId":"f21c32d7-be0e-422d-8346-49a42bad0bb8"}
{"component":"player-command","phase":"authorization","correlationId":"f21c32d7-be0e-422d-8346-49a42bad0bb8","outcome":"allowed"}
{"component":"player-command","phase":"response","correlationId":"f21c32d7-be0e-422d-8346-49a42bad0bb8","statusCode":200,"elapsedMs":66}
{"component":"player-command","phase":"request","correlationId":"1f87eed2-f754-407d-87a2-cd75cdbf0834"}
{"component":"player-command","phase":"authorization","correlationId":"1f87eed2-f754-407d-87a2-cd75cdbf0834","outcome":"allowed"}
{"component":"player-command","phase":"command","correlationId":"1f87eed2-f754-407d-87a2-cd75cdbf0834"}
{"component":"player-command","phase":"mutation","correlationId":"1f87eed2-f754-407d-87a2-cd75cdbf0834","outcome":"completed","replayed":false}
{"component":"player-command","phase":"request","correlationId":"5946ecba-1815-4e7f-876b-519ddcce49eb"}
{"component":"player-command","phase":"authorization","correlationId":"5946ecba-1815-4e7f-876b-519ddcce49eb","outcome":"allowed"}
{"component":"player-command","phase":"response","correlationId":"5946ecba-1815-4e7f-876b-519ddcce49eb","statusCode":200,"elapsedMs":71}
{"component":"player-command","phase":"consequence","correlationId":"1f87eed2-f754-407d-87a2-cd75cdbf0834","replayed":false,"changes":1}
{"component":"player-command","phase":"opportunity","correlationId":"1f87eed2-f754-407d-87a2-cd75cdbf0834","replayed":false,"changes":0}
{"component":"player-command","phase":"response","correlationId":"1f87eed2-f754-407d-87a2-cd75cdbf0834","statusCode":200,"elapsedMs":166}
{"component":"player-command","phase":"request","correlationId":"b851c15e-072a-43e5-8718-2d55c89db182"}
{"component":"player-command","phase":"authorization","correlationId":"b851c15e-072a-43e5-8718-2d55c89db182","outcome":"allowed"}
{"component":"player-command","phase":"response","correlationId":"b851c15e-072a-43e5-8718-2d55c89db182","statusCode":200,"elapsedMs":68}
{"component":"player-command","phase":"request","correlationId":"53d9b8b4-c2b5-4512-86de-8d7dab1d6edf"}
{"component":"player-command","phase":"authorization","correlationId":"53d9b8b4-c2b5-4512-86de-8d7dab1d6edf","outcome":"allowed"}
{"component":"player-command","phase":"response","correlationId":"53d9b8b4-c2b5-4512-86de-8d7dab1d6edf","statusCode":200,"elapsedMs":63}
{"component":"player-command","phase":"request","correlationId":"bc582305-8a07-4b18-9d16-f55bdaf5e6d5"}
{"component":"player-command","phase":"authorization","correlationId":"bc582305-8a07-4b18-9d16-f55bdaf5e6d5","outcome":"allowed"}
{"component":"player-command","phase":"response","correlationId":"bc582305-8a07-4b18-9d16-f55bdaf5e6d5","statusCode":200,"elapsedMs":62}
{"component":"player-command","phase":"request","correlationId":"d0fdee54-f82f-4803-8d78-92892fcad988"}
{"component":"player-command","phase":"authorization","correlationId":"d0fdee54-f82f-4803-8d78-92892fcad988","outcome":"allowed"}
{"component":"player-command","phase":"command","correlationId":"d0fdee54-f82f-4803-8d78-92892fcad988"}
{"component":"player-command","phase":"mutation","correlationId":"d0fdee54-f82f-4803-8d78-92892fcad988","outcome":"completed","replayed":false}
{"component":"player-command","phase":"request","correlationId":"116b1297-6516-439a-81a2-60fb9837fbb3"}
{"component":"player-command","phase":"authorization","correlationId":"116b1297-6516-439a-81a2-60fb9837fbb3","outcome":"allowed"}
{"component":"player-command","phase":"consequence","correlationId":"d0fdee54-f82f-4803-8d78-92892fcad988","replayed":false,"changes":1}
{"component":"player-command","phase":"opportunity","correlationId":"d0fdee54-f82f-4803-8d78-92892fcad988","replayed":false,"changes":0}
{"component":"player-command","phase":"response","correlationId":"116b1297-6516-439a-81a2-60fb9837fbb3","statusCode":200,"elapsedMs":76}
{"component":"player-command","phase":"response","correlationId":"d0fdee54-f82f-4803-8d78-92892fcad988","statusCode":200,"elapsedMs":157}
{"component":"player-command","phase":"request","correlationId":"a3c271a0-f549-4ca2-8f4c-01e406c05f7d"}
{"component":"player-command","phase":"authorization","correlationId":"a3c271a0-f549-4ca2-8f4c-01e406c05f7d","outcome":"allowed"}
{"component":"player-command","phase":"response","correlationId":"a3c271a0-f549-4ca2-8f4c-01e406c05f7d","statusCode":200,"elapsedMs":73}
{"component":"player-command","phase":"request","correlationId":"23c6e0f1-be5f-4aa6-a7aa-7275e5e3c27a"}
{"component":"player-command","phase":"authorization","correlationId":"23c6e0f1-be5f-4aa6-a7aa-7275e5e3c27a","outcome":"allowed"}
{"component":"player-command","phase":"response","correlationId":"23c6e0f1-be5f-4aa6-a7aa-7275e5e3c27a","statusCode":200,"elapsedMs":60}
{"component":"player-command","phase":"request","correlationId":"705c23bf-2de9-4ed1-a653-6b89f167533b"}
{"component":"player-command","phase":"authorization","correlationId":"705c23bf-2de9-4ed1-a653-6b89f167533b","outcome":"allowed"}
{"component":"player-command","phase":"response","correlationId":"705c23bf-2de9-4ed1-a653-6b89f167533b","statusCode":200,"elapsedMs":60}
{"component":"player-command","phase":"request","correlationId":"6e66a3fa-7e6a-467a-9abe-f989951dbe86"}
{"component":"player-command","phase":"authorization","correlationId":"6e66a3fa-7e6a-467a-9abe-f989951dbe86","outcome":"allowed"}
{"component":"player-command","phase":"response","correlationId":"6e66a3fa-7e6a-467a-9abe-f989951dbe86","statusCode":200,"elapsedMs":62}
{"component":"player-command","phase":"request","correlationId":"1e80b94e-07ba-4455-a1ce-c8a3e325bf3d"}
{"component":"player-command","phase":"authorization","correlationId":"1e80b94e-07ba-4455-a1ce-c8a3e325bf3d","outcome":"allowed"}
{"component":"player-command","phase":"command","correlationId":"1e80b94e-07ba-4455-a1ce-c8a3e325bf3d"}
{"component":"player-command","phase":"mutation","correlationId":"1e80b94e-07ba-4455-a1ce-c8a3e325bf3d","outcome":"completed","replayed":false}
{"component":"player-command","phase":"request","correlationId":"c96190b2-3642-4c9b-b8c3-3a8b7b6641f8"}
{"component":"player-command","phase":"authorization","correlationId":"c96190b2-3642-4c9b-b8c3-3a8b7b6641f8","outcome":"allowed"}
{"component":"player-command","phase":"response","correlationId":"c96190b2-3642-4c9b-b8c3-3a8b7b6641f8","statusCode":200,"elapsedMs":65}
{"component":"player-command","phase":"consequence","correlationId":"1e80b94e-07ba-4455-a1ce-c8a3e325bf3d","replayed":false,"changes":1}
{"component":"player-command","phase":"opportunity","correlationId":"1e80b94e-07ba-4455-a1ce-c8a3e325bf3d","replayed":false,"changes":0}
{"component":"player-command","phase":"response","correlationId":"1e80b94e-07ba-4455-a1ce-c8a3e325bf3d","statusCode":200,"elapsedMs":162}
{"component":"player-command","phase":"request","correlationId":"6e34c860-6e77-4775-9e6d-0f68d56c04de"}
{"component":"player-command","phase":"authorization","correlationId":"6e34c860-6e77-4775-9e6d-0f68d56c04de","outcome":"allowed"}
{"component":"player-command","phase":"response","correlationId":"6e34c860-6e77-4775-9e6d-0f68d56c04de","statusCode":200,"elapsedMs":61}
{"component":"player-command","phase":"request","correlationId":"f9755165-bdc8-46a7-8944-754b5242a2b3"}
{"component":"player-command","phase":"authorization","correlationId":"f9755165-bdc8-46a7-8944-754b5242a2b3","outcome":"allowed"}
{"component":"player-command","phase":"response","correlationId":"f9755165-bdc8-46a7-8944-754b5242a2b3","statusCode":200,"elapsedMs":60}
{"component":"player-command","phase":"request","correlationId":"967f5f70-891c-4e4b-8c56-a2a2d6472726"}
{"component":"player-command","phase":"authorization","correlationId":"967f5f70-891c-4e4b-8c56-a2a2d6472726","outcome":"allowed"}
{"component":"player-command","phase":"response","correlationId":"967f5f70-891c-4e4b-8c56-a2a2d6472726","statusCode":200,"elapsedMs":64}
{"component":"player-command","phase":"request","correlationId":"181a1770-b1ff-4592-9cce-c6e029f8307a"}
{"component":"player-command","phase":"authorization","correlationId":"181a1770-b1ff-4592-9cce-c6e029f8307a","outcome":"allowed"}
{"component":"player-command","phase":"command","correlationId":"181a1770-b1ff-4592-9cce-c6e029f8307a"}
{"component":"player-command","phase":"mutation","correlationId":"181a1770-b1ff-4592-9cce-c6e029f8307a","outcome":"completed","replayed":false}
{"component":"player-command","phase":"request","correlationId":"d401c91b-7aab-4f50-8ee4-4ef278fa98fb"}
{"component":"player-command","phase":"authorization","correlationId":"d401c91b-7aab-4f50-8ee4-4ef278fa98fb","outcome":"allowed"}
{"component":"player-command","phase":"consequence","correlationId":"181a1770-b1ff-4592-9cce-c6e029f8307a","replayed":false,"changes":1}
{"component":"player-command","phase":"opportunity","correlationId":"181a1770-b1ff-4592-9cce-c6e029f8307a","replayed":false,"changes":0}
{"component":"player-command","phase":"response","correlationId":"d401c91b-7aab-4f50-8ee4-4ef278fa98fb","statusCode":200,"elapsedMs":79}
{"component":"player-command","phase":"response","correlationId":"181a1770-b1ff-4592-9cce-c6e029f8307a","statusCode":200,"elapsedMs":163}
{"component":"player-command","phase":"request","correlationId":"7d751cb1-4b57-4a75-a5f5-5dc9410efc45"}
{"component":"player-command","phase":"authorization","correlationId":"7d751cb1-4b57-4a75-a5f5-5dc9410efc45","outcome":"allowed"}
{"component":"player-command","phase":"response","correlationId":"7d751cb1-4b57-4a75-a5f5-5dc9410efc45","statusCode":200,"elapsedMs":74}
{"component":"player-command","phase":"request","correlationId":"e2e957c6-642f-4c9d-aa60-1d5e53074f6d"}
{"component":"player-command","phase":"authorization","correlationId":"e2e957c6-642f-4c9d-aa60-1d5e53074f6d","outcome":"allowed"}
{"component":"player-command","phase":"response","correlationId":"e2e957c6-642f-4c9d-aa60-1d5e53074f6d","statusCode":200,"elapsedMs":64}
{"component":"player-command","phase":"request","correlationId":"f06a32f3-c86e-46bb-8db9-bb66c5034f89"}
{"component":"player-command","phase":"authorization","correlationId":"f06a32f3-c86e-46bb-8db9-bb66c5034f89","outcome":"allowed"}
{"component":"player-command","phase":"response","correlationId":"f06a32f3-c86e-46bb-8db9-bb66c5034f89","statusCode":200,"elapsedMs":62}
{"component":"player-command","phase":"request","correlationId":"27300403-b7ae-48d8-98fb-911a30341717"}
{"component":"player-command","phase":"authorization","correlationId":"27300403-b7ae-48d8-98fb-911a30341717","outcome":"allowed"}
{"component":"player-command","phase":"response","correlationId":"27300403-b7ae-48d8-98fb-911a30341717","statusCode":200,"elapsedMs":59}
{"component":"player-command","phase":"request","correlationId":"da578673-8b16-42f4-8fab-d6a94662cb28"}
{"component":"player-command","phase":"authorization","correlationId":"da578673-8b16-42f4-8fab-d6a94662cb28","outcome":"allowed"}
{"component":"player-command","phase":"command","correlationId":"da578673-8b16-42f4-8fab-d6a94662cb28"}
{"component":"player-command","phase":"mutation","correlationId":"da578673-8b16-42f4-8fab-d6a94662cb28","outcome":"completed","replayed":false}
{"component":"player-command","phase":"request","correlationId":"91afb82a-d69a-4ba1-aede-936c02ea1e18"}
{"component":"player-command","phase":"authorization","correlationId":"91afb82a-d69a-4ba1-aede-936c02ea1e18","outcome":"allowed"}
{"component":"player-command","phase":"consequence","correlationId":"da578673-8b16-42f4-8fab-d6a94662cb28","replayed":false,"changes":3}
{"component":"player-command","phase":"opportunity","correlationId":"da578673-8b16-42f4-8fab-d6a94662cb28","replayed":false,"changes":2}
{"component":"player-command","phase":"response","correlationId":"da578673-8b16-42f4-8fab-d6a94662cb28","statusCode":200,"elapsedMs":151}
{"component":"player-command","phase":"response","correlationId":"91afb82a-d69a-4ba1-aede-936c02ea1e18","statusCode":200,"elapsedMs":82}
{"component":"player-command","phase":"request","correlationId":"a72e4c94-f7a7-47ff-a465-f6f9821d1bbb"}
{"component":"player-command","phase":"authorization","correlationId":"a72e4c94-f7a7-47ff-a465-f6f9821d1bbb","outcome":"allowed"}
{"component":"player-command","phase":"response","correlationId":"a72e4c94-f7a7-47ff-a465-f6f9821d1bbb","statusCode":200,"elapsedMs":83}
{"component":"player-command","phase":"request","correlationId":"4fd8cd54-3822-4852-876b-7fb1a4e6e538"}
{"component":"player-command","phase":"authorization","correlationId":"4fd8cd54-3822-4852-876b-7fb1a4e6e538","outcome":"allowed"}
{"component":"player-command","phase":"response","correlationId":"4fd8cd54-3822-4852-876b-7fb1a4e6e538","statusCode":200,"elapsedMs":55}
{"component":"player-command","phase":"request","correlationId":"1ed7870b-0bb2-45f2-9dc8-21cb53918ac0"}
{"component":"player-command","phase":"authorization","correlationId":"1ed7870b-0bb2-45f2-9dc8-21cb53918ac0","outcome":"allowed"}
{"component":"player-command","phase":"response","correlationId":"1ed7870b-0bb2-45f2-9dc8-21cb53918ac0","statusCode":200,"elapsedMs":62}
{"component":"player-command","phase":"request","correlationId":"6adda52d-9131-444b-b96f-d78de8eeed45"}
{"component":"player-command","phase":"authorization","correlationId":"6adda52d-9131-444b-b96f-d78de8eeed45","outcome":"allowed"}
{"component":"player-command","phase":"command","correlationId":"6adda52d-9131-444b-b96f-d78de8eeed45"}
{"component":"player-command","phase":"mutation","correlationId":"6adda52d-9131-444b-b96f-d78de8eeed45","outcome":"completed","replayed":false}
{"component":"player-command","phase":"request","correlationId":"f8fd26d8-5876-4c94-93da-070e2d5f8a13"}
{"component":"player-command","phase":"authorization","correlationId":"f8fd26d8-5876-4c94-93da-070e2d5f8a13","outcome":"allowed"}
{"component":"player-command","phase":"consequence","correlationId":"6adda52d-9131-444b-b96f-d78de8eeed45","replayed":false,"changes":5}
{"component":"player-command","phase":"opportunity","correlationId":"6adda52d-9131-444b-b96f-d78de8eeed45","replayed":false,"changes":2}
{"component":"player-command","phase":"response","correlationId":"6adda52d-9131-444b-b96f-d78de8eeed45","statusCode":200,"elapsedMs":166}
{"component":"player-command","phase":"response","correlationId":"f8fd26d8-5876-4c94-93da-070e2d5f8a13","statusCode":200,"elapsedMs":96}
{"component":"player-command","phase":"request","correlationId":"2f574d25-de55-4184-8ab9-836a24a6bd3a"}
{"component":"player-command","phase":"authorization","correlationId":"2f574d25-de55-4184-8ab9-836a24a6bd3a","outcome":"allowed"}
{"component":"player-command","phase":"response","correlationId":"2f574d25-de55-4184-8ab9-836a24a6bd3a","statusCode":200,"elapsedMs":69}
{"component":"player-command","phase":"request","correlationId":"f4fd57c4-f4f2-4715-ac00-f2d2171915b3"}
{"component":"player-command","phase":"authorization","correlationId":"f4fd57c4-f4f2-4715-ac00-f2d2171915b3","outcome":"allowed"}
{"component":"player-command","phase":"response","correlationId":"f4fd57c4-f4f2-4715-ac00-f2d2171915b3","statusCode":200,"elapsedMs":61}
{"component":"player-command","phase":"request","correlationId":"92bd748e-33b2-42a0-b224-500b6f7b3f16"}
{"component":"player-command","phase":"authorization","correlationId":"92bd748e-33b2-42a0-b224-500b6f7b3f16","outcome":"allowed"}
{"component":"player-command","phase":"response","correlationId":"92bd748e-33b2-42a0-b224-500b6f7b3f16","statusCode":200,"elapsedMs":77}
{"component":"player-command","phase":"request","correlationId":"85a10d4f-9c40-49c5-a891-6e55dbcfd7da"}
{"component":"player-command","phase":"authorization","correlationId":"85a10d4f-9c40-49c5-a891-6e55dbcfd7da","outcome":"allowed"}
{"component":"player-command","phase":"command","correlationId":"85a10d4f-9c40-49c5-a891-6e55dbcfd7da"}
{"component":"player-command","phase":"mutation","correlationId":"85a10d4f-9c40-49c5-a891-6e55dbcfd7da","outcome":"completed","replayed":false}
{"component":"player-command","phase":"request","correlationId":"e59a82fa-1789-4183-8cbd-f236a542359f"}
{"component":"player-command","phase":"authorization","correlationId":"e59a82fa-1789-4183-8cbd-f236a542359f","outcome":"allowed"}
{"component":"player-command","phase":"consequence","correlationId":"85a10d4f-9c40-49c5-a891-6e55dbcfd7da","replayed":false,"changes":1}
{"component":"player-command","phase":"opportunity","correlationId":"85a10d4f-9c40-49c5-a891-6e55dbcfd7da","replayed":false,"changes":0}
{"component":"player-command","phase":"response","correlationId":"85a10d4f-9c40-49c5-a891-6e55dbcfd7da","statusCode":200,"elapsedMs":170}
{"component":"player-command","phase":"request","correlationId":"f68b50a5-7995-4459-b1b7-92ab5365a62b"}
{"component":"player-command","phase":"authorization","correlationId":"f68b50a5-7995-4459-b1b7-92ab5365a62b","outcome":"allowed"}
{"component":"player-command","phase":"response","correlationId":"e59a82fa-1789-4183-8cbd-f236a542359f","statusCode":200,"elapsedMs":106}
{"component":"player-command","phase":"response","correlationId":"f68b50a5-7995-4459-b1b7-92ab5365a62b","statusCode":200,"elapsedMs":93}
{"component":"player-command","phase":"request","correlationId":"8c36aa94-f0e5-4e7d-b27b-1fc5e635e484"}
{"component":"player-command","phase":"authorization","correlationId":"8c36aa94-f0e5-4e7d-b27b-1fc5e635e484","outcome":"allowed"}
{"component":"player-command","phase":"response","correlationId":"8c36aa94-f0e5-4e7d-b27b-1fc5e635e484","statusCode":200,"elapsedMs":67}
{"component":"player-command","phase":"request","correlationId":"d3591b2b-2999-4a51-a963-4e047a1a13a9"}
{"component":"player-command","phase":"authorization","correlationId":"d3591b2b-2999-4a51-a963-4e047a1a13a9","outcome":"allowed"}
{"component":"player-command","phase":"response","correlationId":"d3591b2b-2999-4a51-a963-4e047a1a13a9","statusCode":200,"elapsedMs":65}
{"component":"player-command","phase":"request","correlationId":"2b05752e-8cc5-40ef-bcce-503484123174"}
{"component":"player-command","phase":"authorization","correlationId":"2b05752e-8cc5-40ef-bcce-503484123174","outcome":"allowed"}
{"component":"player-command","phase":"response","correlationId":"2b05752e-8cc5-40ef-bcce-503484123174","statusCode":200,"elapsedMs":66}
{"component":"player-command","phase":"request","correlationId":"09f7a53e-709c-43d9-96c8-2ef8bb2a8524"}
{"component":"player-command","phase":"authorization","correlationId":"09f7a53e-709c-43d9-96c8-2ef8bb2a8524","outcome":"allowed"}
{"component":"player-command","phase":"command","correlationId":"09f7a53e-709c-43d9-96c8-2ef8bb2a8524"}
{"component":"player-command","phase":"mutation","correlationId":"09f7a53e-709c-43d9-96c8-2ef8bb2a8524","outcome":"completed","replayed":false}
{"component":"player-command","phase":"request","correlationId":"21f5023d-cf88-49f8-a7b4-1bee31e668fc"}
{"component":"player-command","phase":"authorization","correlationId":"21f5023d-cf88-49f8-a7b4-1bee31e668fc","outcome":"allowed"}
{"component":"player-command","phase":"consequence","correlationId":"09f7a53e-709c-43d9-96c8-2ef8bb2a8524","replayed":false,"changes":2}
{"component":"player-command","phase":"opportunity","correlationId":"09f7a53e-709c-43d9-96c8-2ef8bb2a8524","replayed":false,"changes":0}
{"component":"player-command","phase":"response","correlationId":"09f7a53e-709c-43d9-96c8-2ef8bb2a8524","statusCode":200,"elapsedMs":169}
{"component":"player-command","phase":"response","correlationId":"21f5023d-cf88-49f8-a7b4-1bee31e668fc","statusCode":200,"elapsedMs":100}
{"component":"player-command","phase":"request","correlationId":"03e0fecc-4f5d-4285-bb41-84a7293fbd45"}
{"component":"player-command","phase":"authorization","correlationId":"03e0fecc-4f5d-4285-bb41-84a7293fbd45","outcome":"allowed"}
{"component":"player-command","phase":"response","correlationId":"03e0fecc-4f5d-4285-bb41-84a7293fbd45","statusCode":200,"elapsedMs":70}
{"component":"player-command","phase":"request","correlationId":"2ebb4ef6-61df-4aab-9ae8-58f4ac535890"}
{"component":"player-command","phase":"authorization","correlationId":"2ebb4ef6-61df-4aab-9ae8-58f4ac535890","outcome":"allowed"}
{"component":"player-command","phase":"response","correlationId":"2ebb4ef6-61df-4aab-9ae8-58f4ac535890","statusCode":200,"elapsedMs":73}
{"component":"player-command","phase":"request","correlationId":"d97c0247-2788-4674-837d-1bd0a6811b0f"}
{"component":"player-command","phase":"authorization","correlationId":"d97c0247-2788-4674-837d-1bd0a6811b0f","outcome":"allowed"}
{"component":"player-command","phase":"response","correlationId":"d97c0247-2788-4674-837d-1bd0a6811b0f","statusCode":200,"elapsedMs":73}
{"component":"player-command","phase":"request","correlationId":"61a1901f-9869-4843-858f-46540f76be97"}
{"component":"player-command","phase":"authorization","correlationId":"61a1901f-9869-4843-858f-46540f76be97","outcome":"allowed"}
{"component":"player-command","phase":"command","correlationId":"61a1901f-9869-4843-858f-46540f76be97"}
{"component":"player-command","phase":"mutation","correlationId":"61a1901f-9869-4843-858f-46540f76be97","outcome":"completed","replayed":false}
{"component":"player-command","phase":"request","correlationId":"89467f1a-5ab9-436c-b7da-507919da8979"}
{"component":"player-command","phase":"authorization","correlationId":"89467f1a-5ab9-436c-b7da-507919da8979","outcome":"allowed"}
{"component":"player-command","phase":"consequence","correlationId":"61a1901f-9869-4843-858f-46540f76be97","replayed":false,"changes":1}
{"component":"player-command","phase":"opportunity","correlationId":"61a1901f-9869-4843-858f-46540f76be97","replayed":false,"changes":0}
{"component":"player-command","phase":"response","correlationId":"89467f1a-5ab9-436c-b7da-507919da8979","statusCode":200,"elapsedMs":78}
{"component":"player-command","phase":"response","correlationId":"61a1901f-9869-4843-858f-46540f76be97","statusCode":200,"elapsedMs":181}
{"component":"player-command","phase":"request","correlationId":"951491aa-e88b-4d9d-b369-57d9f6394cdd"}
{"component":"player-command","phase":"authorization","correlationId":"951491aa-e88b-4d9d-b369-57d9f6394cdd","outcome":"allowed"}
{"component":"player-command","phase":"response","correlationId":"951491aa-e88b-4d9d-b369-57d9f6394cdd","statusCode":200,"elapsedMs":65}
{"component":"player-command","phase":"request","correlationId":"7d9e377f-de73-475a-81f6-f31b38a01455"}
{"component":"player-command","phase":"authorization","correlationId":"7d9e377f-de73-475a-81f6-f31b38a01455","outcome":"allowed"}
{"component":"player-command","phase":"response","correlationId":"7d9e377f-de73-475a-81f6-f31b38a01455","statusCode":200,"elapsedMs":62}
{"component":"player-command","phase":"request","correlationId":"88426110-c10d-458f-a638-f0974e63c45e"}
{"component":"player-command","phase":"authorization","correlationId":"88426110-c10d-458f-a638-f0974e63c45e","outcome":"allowed"}
{"component":"player-command","phase":"response","correlationId":"88426110-c10d-458f-a638-f0974e63c45e","statusCode":200,"elapsedMs":69}
{"component":"player-command","phase":"request","correlationId":"9f351ebd-b87d-466f-94fc-d4bf7b56cc05"}
{"component":"player-command","phase":"authorization","correlationId":"9f351ebd-b87d-466f-94fc-d4bf7b56cc05","outcome":"allowed"}
{"component":"player-command","phase":"command","correlationId":"9f351ebd-b87d-466f-94fc-d4bf7b56cc05"}
{"component":"player-command","phase":"mutation","correlationId":"9f351ebd-b87d-466f-94fc-d4bf7b56cc05","outcome":"completed","replayed":false}
{"component":"player-command","phase":"request","correlationId":"f949804d-aee9-4356-a956-351863091769"}
{"component":"player-command","phase":"authorization","correlationId":"f949804d-aee9-4356-a956-351863091769","outcome":"allowed"}
{"component":"player-command","phase":"consequence","correlationId":"9f351ebd-b87d-466f-94fc-d4bf7b56cc05","replayed":false,"changes":26}
{"component":"player-command","phase":"opportunity","correlationId":"9f351ebd-b87d-466f-94fc-d4bf7b56cc05","replayed":false,"changes":24}
{"component":"player-command","phase":"response","correlationId":"9f351ebd-b87d-466f-94fc-d4bf7b56cc05","statusCode":200,"elapsedMs":184}
{"component":"player-command","phase":"response","correlationId":"f949804d-aee9-4356-a956-351863091769","statusCode":200,"elapsedMs":69}
{"component":"player-command","phase":"request","correlationId":"0bbe6bc3-1f0a-4286-bb1c-bb694355a514"}
{"component":"player-command","phase":"authorization","correlationId":"0bbe6bc3-1f0a-4286-bb1c-bb694355a514","outcome":"allowed"}
{"component":"player-command","phase":"response","correlationId":"0bbe6bc3-1f0a-4286-bb1c-bb694355a514","statusCode":200,"elapsedMs":61}
{"component":"player-command","phase":"request","correlationId":"ca11eed3-465d-417a-8a62-6f58fdd439ac"}
{"component":"player-command","phase":"authorization","correlationId":"ca11eed3-465d-417a-8a62-6f58fdd439ac","outcome":"allowed"}
{"component":"player-command","phase":"response","correlationId":"ca11eed3-465d-417a-8a62-6f58fdd439ac","statusCode":200,"elapsedMs":56}
{"component":"player-command","phase":"request","correlationId":"274430f6-67cb-4127-941f-16235a222ad6"}
{"component":"player-command","phase":"authorization","correlationId":"274430f6-67cb-4127-941f-16235a222ad6","outcome":"allowed"}
{"component":"player-command","phase":"response","correlationId":"274430f6-67cb-4127-941f-16235a222ad6","statusCode":200,"elapsedMs":62}
{"component":"player-command","phase":"request","correlationId":"66dde87e-5196-46f7-97e6-9f222f944461"}
{"component":"player-command","phase":"authorization","correlationId":"66dde87e-5196-46f7-97e6-9f222f944461","outcome":"allowed"}
{"component":"player-command","phase":"response","correlationId":"66dde87e-5196-46f7-97e6-9f222f944461","statusCode":200,"elapsedMs":56}
{"component":"player-command","phase":"request","correlationId":"4737d3df-f97f-4ffe-bfb7-27e2628558ea"}
{"component":"player-command","phase":"authorization","correlationId":"4737d3df-f97f-4ffe-bfb7-27e2628558ea","outcome":"allowed"}
{"component":"player-command","phase":"response","correlationId":"4737d3df-f97f-4ffe-bfb7-27e2628558ea","statusCode":200,"elapsedMs":50}
{"component":"player-command","phase":"request","correlationId":"5f0a91e7-7b2a-45be-9186-01a769cbccab"}
{"component":"player-command","phase":"authorization","correlationId":"5f0a91e7-7b2a-45be-9186-01a769cbccab","outcome":"allowed"}
{"component":"player-command","phase":"response","correlationId":"5f0a91e7-7b2a-45be-9186-01a769cbccab","statusCode":200,"elapsedMs":46}
{"component":"player-command","phase":"request","correlationId":"0350192a-8338-4acd-b6a2-892cbeceb2f2"}
{"component":"player-command","phase":"authorization","correlationId":"0350192a-8338-4acd-b6a2-892cbeceb2f2","outcome":"allowed"}
{"component":"player-command","phase":"command","correlationId":"0350192a-8338-4acd-b6a2-892cbeceb2f2"}
{"component":"player-command","phase":"request","correlationId":"13b52cbd-f125-4254-9e57-b902e5503dfa"}
{"component":"player-command","phase":"authorization","correlationId":"13b52cbd-f125-4254-9e57-b902e5503dfa","outcome":"allowed"}
{"component":"player-command","phase":"mutation","correlationId":"0350192a-8338-4acd-b6a2-892cbeceb2f2","outcome":"completed","replayed":false}
{"component":"player-command","phase":"response","correlationId":"13b52cbd-f125-4254-9e57-b902e5503dfa","statusCode":200,"elapsedMs":61}
{"component":"player-command","phase":"consequence","correlationId":"0350192a-8338-4acd-b6a2-892cbeceb2f2","replayed":false,"changes":4}
{"component":"player-command","phase":"opportunity","correlationId":"0350192a-8338-4acd-b6a2-892cbeceb2f2","replayed":false,"changes":0}
{"component":"player-command","phase":"response","correlationId":"0350192a-8338-4acd-b6a2-892cbeceb2f2","statusCode":200,"elapsedMs":134}
{"component":"player-command","phase":"request","correlationId":"d087702f-381a-4943-a5f0-e269736b7612"}
{"component":"player-command","phase":"authorization","correlationId":"d087702f-381a-4943-a5f0-e269736b7612","outcome":"allowed"}
{"component":"player-command","phase":"response","correlationId":"d087702f-381a-4943-a5f0-e269736b7612","statusCode":200,"elapsedMs":55}
{"component":"player-command","phase":"request","correlationId":"3134e0fa-2f2d-453c-8c63-1ba1a745d261"}
{"component":"player-command","phase":"authorization","correlationId":"3134e0fa-2f2d-453c-8c63-1ba1a745d261","outcome":"allowed"}
{"component":"player-command","phase":"response","correlationId":"3134e0fa-2f2d-453c-8c63-1ba1a745d261","statusCode":200,"elapsedMs":47}
{"component":"player-command","phase":"request","correlationId":"7b3131e5-c965-405d-99d2-0976db11f1b1"}
{"component":"player-command","phase":"authorization","correlationId":"7b3131e5-c965-405d-99d2-0976db11f1b1","outcome":"allowed"}
{"component":"player-command","phase":"response","correlationId":"7b3131e5-c965-405d-99d2-0976db11f1b1","statusCode":200,"elapsedMs":58}
{"component":"player-command","phase":"request","correlationId":"af8774b2-402b-49aa-b608-97b6b5c1713a"}
{"component":"player-command","phase":"authorization","correlationId":"af8774b2-402b-49aa-b608-97b6b5c1713a","outcome":"allowed"}
{"component":"player-command","phase":"response","correlationId":"af8774b2-402b-49aa-b608-97b6b5c1713a","statusCode":200,"elapsedMs":56}
{"component":"player-command","phase":"request","correlationId":"5067818c-80cc-4f83-8a84-e4f19778d676"}
{"component":"player-command","phase":"authorization","correlationId":"5067818c-80cc-4f83-8a84-e4f19778d676","outcome":"allowed"}
{"component":"player-command","phase":"command","correlationId":"5067818c-80cc-4f83-8a84-e4f19778d676"}
{"component":"player-command","phase":"mutation","correlationId":"5067818c-80cc-4f83-8a84-e4f19778d676","outcome":"completed","replayed":false}
{"component":"player-command","phase":"request","correlationId":"ba857acb-8bd3-4cf5-8bbf-7e91d124e638"}
{"component":"player-command","phase":"authorization","correlationId":"ba857acb-8bd3-4cf5-8bbf-7e91d124e638","outcome":"allowed"}
{"component":"player-command","phase":"response","correlationId":"ba857acb-8bd3-4cf5-8bbf-7e91d124e638","statusCode":200,"elapsedMs":52}
{"component":"player-command","phase":"request","correlationId":"5a45bae6-1a82-480a-9296-5411fbc54db2"}
{"component":"player-command","phase":"authorization","correlationId":"5a45bae6-1a82-480a-9296-5411fbc54db2","outcome":"allowed"}
{"component":"player-command","phase":"consequence","correlationId":"5067818c-80cc-4f83-8a84-e4f19778d676","replayed":false,"changes":9}
{"component":"player-command","phase":"opportunity","correlationId":"5067818c-80cc-4f83-8a84-e4f19778d676","replayed":false,"changes":8}
{"component":"player-command","phase":"response","correlationId":"5067818c-80cc-4f83-8a84-e4f19778d676","statusCode":200,"elapsedMs":138}
{"component":"player-command","phase":"request","correlationId":"dffcda52-8807-432a-9d9c-3be05aa9f898"}
{"component":"player-command","phase":"authorization","correlationId":"dffcda52-8807-432a-9d9c-3be05aa9f898","outcome":"allowed"}
{"component":"player-command","phase":"response","correlationId":"5a45bae6-1a82-480a-9296-5411fbc54db2","statusCode":200,"elapsedMs":68}
{"component":"player-command","phase":"response","correlationId":"dffcda52-8807-432a-9d9c-3be05aa9f898","statusCode":200,"elapsedMs":65}
{"component":"player-command","phase":"request","correlationId":"06c1dae6-43e0-4d1f-807c-4dea73c1d711"}
{"component":"player-command","phase":"authorization","correlationId":"06c1dae6-43e0-4d1f-807c-4dea73c1d711","outcome":"allowed"}
{"component":"player-command","phase":"response","correlationId":"06c1dae6-43e0-4d1f-807c-4dea73c1d711","statusCode":200,"elapsedMs":55}
{"component":"player-command","phase":"request","correlationId":"ab1f4dae-e258-49db-8a43-cac3dae4a0ba"}
{"component":"player-command","phase":"authorization","correlationId":"ab1f4dae-e258-49db-8a43-cac3dae4a0ba","outcome":"allowed"}
{"component":"player-command","phase":"response","correlationId":"ab1f4dae-e258-49db-8a43-cac3dae4a0ba","statusCode":200,"elapsedMs":57}
{"component":"player-command","phase":"request","correlationId":"422f603f-1ace-42db-9c9c-7dea8b6d96eb"}
{"component":"player-command","phase":"authorization","correlationId":"422f603f-1ace-42db-9c9c-7dea8b6d96eb","outcome":"allowed"}
{"component":"player-command","phase":"response","correlationId":"422f603f-1ace-42db-9c9c-7dea8b6d96eb","statusCode":200,"elapsedMs":62}
{"component":"player-command","phase":"request","correlationId":"f59ebda6-f148-4ecb-9979-e068283c7bb2"}
{"component":"player-command","phase":"authorization","correlationId":"f59ebda6-f148-4ecb-9979-e068283c7bb2","outcome":"allowed"}
{"component":"player-command","phase":"command","correlationId":"f59ebda6-f148-4ecb-9979-e068283c7bb2"}
{"component":"player-command","phase":"mutation","correlationId":"f59ebda6-f148-4ecb-9979-e068283c7bb2","outcome":"completed","replayed":false}
{"component":"player-command","phase":"request","correlationId":"11c497fe-43ad-4db8-bdd1-1841cbc907c8"}
{"component":"player-command","phase":"authorization","correlationId":"11c497fe-43ad-4db8-bdd1-1841cbc907c8","outcome":"allowed"}
{"component":"player-command","phase":"response","correlationId":"11c497fe-43ad-4db8-bdd1-1841cbc907c8","statusCode":200,"elapsedMs":55}
{"component":"player-command","phase":"consequence","correlationId":"f59ebda6-f148-4ecb-9979-e068283c7bb2","replayed":false,"changes":1}
{"component":"player-command","phase":"opportunity","correlationId":"f59ebda6-f148-4ecb-9979-e068283c7bb2","replayed":false,"changes":0}
{"component":"player-command","phase":"response","correlationId":"f59ebda6-f148-4ecb-9979-e068283c7bb2","statusCode":200,"elapsedMs":142}
{"component":"player-command","phase":"request","correlationId":"2c56a84e-5c35-4c8b-a92c-307c5ddb0a9e"}
{"component":"player-command","phase":"authorization","correlationId":"2c56a84e-5c35-4c8b-a92c-307c5ddb0a9e","outcome":"allowed"}
{"component":"player-command","phase":"response","correlationId":"2c56a84e-5c35-4c8b-a92c-307c5ddb0a9e","statusCode":200,"elapsedMs":58}
{"component":"player-command","phase":"request","correlationId":"f12d6365-4bf7-45cc-bf01-18f4abd0b025"}
{"component":"player-command","phase":"authorization","correlationId":"f12d6365-4bf7-45cc-bf01-18f4abd0b025","outcome":"allowed"}
{"component":"player-command","phase":"response","correlationId":"f12d6365-4bf7-45cc-bf01-18f4abd0b025","statusCode":200,"elapsedMs":55}
{"component":"player-command","phase":"request","correlationId":"8ccd671c-771f-4f62-b002-9c1497c2b25e"}
{"component":"player-command","phase":"authorization","correlationId":"8ccd671c-771f-4f62-b002-9c1497c2b25e","outcome":"allowed"}
{"component":"player-command","phase":"response","correlationId":"8ccd671c-771f-4f62-b002-9c1497c2b25e","statusCode":200,"elapsedMs":55}
{"component":"player-command","phase":"request","correlationId":"0108cb60-05b5-4e33-bf76-318d1b13ad74"}
{"component":"player-command","phase":"authorization","correlationId":"0108cb60-05b5-4e33-bf76-318d1b13ad74","outcome":"allowed"}
{"component":"player-command","phase":"command","correlationId":"0108cb60-05b5-4e33-bf76-318d1b13ad74"}
{"component":"player-command","phase":"mutation","correlationId":"0108cb60-05b5-4e33-bf76-318d1b13ad74","outcome":"completed","replayed":false}
{"component":"player-command","phase":"request","correlationId":"c72042c1-b4cc-409e-911f-e2022f17e18c"}
{"component":"player-command","phase":"authorization","correlationId":"c72042c1-b4cc-409e-911f-e2022f17e18c","outcome":"allowed"}
{"component":"player-command","phase":"response","correlationId":"c72042c1-b4cc-409e-911f-e2022f17e18c","statusCode":200,"elapsedMs":54}
{"component":"player-command","phase":"consequence","correlationId":"0108cb60-05b5-4e33-bf76-318d1b13ad74","replayed":false,"changes":7}
{"component":"player-command","phase":"opportunity","correlationId":"0108cb60-05b5-4e33-bf76-318d1b13ad74","replayed":false,"changes":6}
{"component":"player-command","phase":"response","correlationId":"0108cb60-05b5-4e33-bf76-318d1b13ad74","statusCode":200,"elapsedMs":180}
{"component":"player-command","phase":"request","correlationId":"351f1332-c558-4592-abf2-2181f4b3a0cd"}
{"component":"player-command","phase":"authorization","correlationId":"351f1332-c558-4592-abf2-2181f4b3a0cd","outcome":"allowed"}
{"component":"player-command","phase":"response","correlationId":"351f1332-c558-4592-abf2-2181f4b3a0cd","statusCode":200,"elapsedMs":61}
{"component":"player-command","phase":"request","correlationId":"158a64cc-086d-4c5a-803b-545b4653bb6c"}
{"component":"player-command","phase":"authorization","correlationId":"158a64cc-086d-4c5a-803b-545b4653bb6c","outcome":"allowed"}
{"component":"player-command","phase":"response","correlationId":"158a64cc-086d-4c5a-803b-545b4653bb6c","statusCode":200,"elapsedMs":58}
{"component":"player-command","phase":"request","correlationId":"8f89a114-26cc-4f67-bcbf-f7fb728e251f"}
{"component":"player-command","phase":"authorization","correlationId":"8f89a114-26cc-4f67-bcbf-f7fb728e251f","outcome":"allowed"}
{"component":"player-command","phase":"response","correlationId":"8f89a114-26cc-4f67-bcbf-f7fb728e251f","statusCode":200,"elapsedMs":49}
{"component":"player-command","phase":"request","correlationId":"bbda874d-a1e8-4c6b-a915-44f896f058ec"}
{"component":"player-command","phase":"authorization","correlationId":"bbda874d-a1e8-4c6b-a915-44f896f058ec","outcome":"allowed"}
{"component":"player-command","phase":"response","correlationId":"bbda874d-a1e8-4c6b-a915-44f896f058ec","statusCode":200,"elapsedMs":52}
{"component":"player-command","phase":"request","correlationId":"ce47c0c4-7139-40c8-997e-10855a539a5d"}
{"component":"player-command","phase":"authorization","correlationId":"ce47c0c4-7139-40c8-997e-10855a539a5d","outcome":"allowed"}
{"component":"player-command","phase":"command","correlationId":"ce47c0c4-7139-40c8-997e-10855a539a5d"}
{"component":"player-command","phase":"mutation","correlationId":"ce47c0c4-7139-40c8-997e-10855a539a5d","outcome":"completed","replayed":false}
{"component":"player-command","phase":"request","correlationId":"807d7b9d-21b1-4f46-a869-5fbb148a7938"}
{"component":"player-command","phase":"authorization","correlationId":"807d7b9d-21b1-4f46-a869-5fbb148a7938","outcome":"allowed"}
{"component":"player-command","phase":"consequence","correlationId":"ce47c0c4-7139-40c8-997e-10855a539a5d","replayed":false,"changes":7}
{"component":"player-command","phase":"opportunity","correlationId":"ce47c0c4-7139-40c8-997e-10855a539a5d","replayed":false,"changes":6}
{"component":"player-command","phase":"response","correlationId":"ce47c0c4-7139-40c8-997e-10855a539a5d","statusCode":200,"elapsedMs":131}
{"component":"player-command","phase":"response","correlationId":"807d7b9d-21b1-4f46-a869-5fbb148a7938","statusCode":200,"elapsedMs":74}
{"component":"player-command","phase":"request","correlationId":"d57d9421-2b18-46d3-be0c-cc8b29012f21"}
{"component":"player-command","phase":"authorization","correlationId":"d57d9421-2b18-46d3-be0c-cc8b29012f21","outcome":"allowed"}
{"component":"player-command","phase":"response","correlationId":"d57d9421-2b18-46d3-be0c-cc8b29012f21","statusCode":200,"elapsedMs":55}
{"component":"player-command","phase":"request","correlationId":"b6d29c57-1876-4b7c-a45d-94edd2b4e68b"}
{"component":"player-command","phase":"authorization","correlationId":"b6d29c57-1876-4b7c-a45d-94edd2b4e68b","outcome":"allowed"}
{"component":"player-command","phase":"response","correlationId":"b6d29c57-1876-4b7c-a45d-94edd2b4e68b","statusCode":200,"elapsedMs":55}
{"component":"player-command","phase":"request","correlationId":"3c35ffa3-e8ed-4a22-b326-504cb9594c2e"}
{"component":"player-command","phase":"authorization","correlationId":"3c35ffa3-e8ed-4a22-b326-504cb9594c2e","outcome":"allowed"}
{"component":"player-command","phase":"response","correlationId":"3c35ffa3-e8ed-4a22-b326-504cb9594c2e","statusCode":200,"elapsedMs":61}
{"component":"player-command","phase":"request","correlationId":"08b5c0a4-0090-48e9-a7b8-3ba7a6812684"}
{"component":"player-command","phase":"authorization","correlationId":"08b5c0a4-0090-48e9-a7b8-3ba7a6812684","outcome":"allowed"}
{"component":"player-command","phase":"command","correlationId":"08b5c0a4-0090-48e9-a7b8-3ba7a6812684"}
{"component":"player-command","phase":"mutation","correlationId":"08b5c0a4-0090-48e9-a7b8-3ba7a6812684","outcome":"completed","replayed":false}
{"component":"player-command","phase":"request","correlationId":"954e8bd7-5183-452c-bea4-fb7318489fa0"}
{"component":"player-command","phase":"authorization","correlationId":"954e8bd7-5183-452c-bea4-fb7318489fa0","outcome":"allowed"}
{"component":"player-command","phase":"consequence","correlationId":"08b5c0a4-0090-48e9-a7b8-3ba7a6812684","replayed":false,"changes":1}
{"component":"player-command","phase":"opportunity","correlationId":"08b5c0a4-0090-48e9-a7b8-3ba7a6812684","replayed":false,"changes":0}
{"component":"player-command","phase":"response","correlationId":"954e8bd7-5183-452c-bea4-fb7318489fa0","statusCode":200,"elapsedMs":72}
{"component":"player-command","phase":"response","correlationId":"08b5c0a4-0090-48e9-a7b8-3ba7a6812684","statusCode":200,"elapsedMs":153}
{"component":"player-command","phase":"request","correlationId":"853a3677-3db2-4d7a-b69b-47d5f514ea77"}
{"component":"player-command","phase":"authorization","correlationId":"853a3677-3db2-4d7a-b69b-47d5f514ea77","outcome":"allowed"}
{"component":"player-command","phase":"response","correlationId":"853a3677-3db2-4d7a-b69b-47d5f514ea77","statusCode":200,"elapsedMs":59}
{"component":"player-command","phase":"request","correlationId":"4eac9867-5504-4b8b-817c-96cb0e6e963b"}
{"component":"player-command","phase":"authorization","correlationId":"4eac9867-5504-4b8b-817c-96cb0e6e963b","outcome":"allowed"}
{"component":"player-command","phase":"response","correlationId":"4eac9867-5504-4b8b-817c-96cb0e6e963b","statusCode":200,"elapsedMs":64}
{"component":"player-command","phase":"request","correlationId":"00335c74-6062-4eb0-a365-62e0b06bbb10"}
{"component":"player-command","phase":"authorization","correlationId":"00335c74-6062-4eb0-a365-62e0b06bbb10","outcome":"allowed"}
{"component":"player-command","phase":"response","correlationId":"00335c74-6062-4eb0-a365-62e0b06bbb10","statusCode":200,"elapsedMs":59}
{"component":"player-command","phase":"request","correlationId":"175025c9-9953-48d7-8c1d-68189bd88a85"}
{"component":"player-command","phase":"authorization","correlationId":"175025c9-9953-48d7-8c1d-68189bd88a85","outcome":"allowed"}
{"component":"player-command","phase":"command","correlationId":"175025c9-9953-48d7-8c1d-68189bd88a85"}
{"component":"player-command","phase":"mutation","correlationId":"175025c9-9953-48d7-8c1d-68189bd88a85","outcome":"completed","replayed":false}
{"component":"player-command","phase":"request","correlationId":"20019bdf-b40e-4c06-8c0f-b04498573f70"}
{"component":"player-command","phase":"authorization","correlationId":"20019bdf-b40e-4c06-8c0f-b04498573f70","outcome":"allowed"}
{"component":"player-command","phase":"consequence","correlationId":"175025c9-9953-48d7-8c1d-68189bd88a85","replayed":false,"changes":1}
{"component":"player-command","phase":"opportunity","correlationId":"175025c9-9953-48d7-8c1d-68189bd88a85","replayed":false,"changes":0}
{"component":"player-command","phase":"response","correlationId":"20019bdf-b40e-4c06-8c0f-b04498573f70","statusCode":200,"elapsedMs":78}
{"component":"player-command","phase":"response","correlationId":"175025c9-9953-48d7-8c1d-68189bd88a85","statusCode":200,"elapsedMs":168}
{"component":"player-command","phase":"request","correlationId":"430d4890-7546-45e6-a6da-f6567ab0ac43"}
{"component":"player-command","phase":"authorization","correlationId":"430d4890-7546-45e6-a6da-f6567ab0ac43","outcome":"allowed"}
{"component":"player-command","phase":"response","correlationId":"430d4890-7546-45e6-a6da-f6567ab0ac43","statusCode":200,"elapsedMs":63}
{"component":"player-command","phase":"request","correlationId":"d69c7eb6-21f4-4a8a-87ae-47019a276226"}
{"component":"player-command","phase":"authorization","correlationId":"d69c7eb6-21f4-4a8a-87ae-47019a276226","outcome":"allowed"}
{"component":"player-command","phase":"response","correlationId":"d69c7eb6-21f4-4a8a-87ae-47019a276226","statusCode":200,"elapsedMs":61}
{"component":"player-command","phase":"request","correlationId":"b2f8529f-22bc-4701-adfb-bc8517cf418b"}
{"component":"player-command","phase":"authorization","correlationId":"b2f8529f-22bc-4701-adfb-bc8517cf418b","outcome":"allowed"}
{"component":"player-command","phase":"response","correlationId":"b2f8529f-22bc-4701-adfb-bc8517cf418b","statusCode":200,"elapsedMs":58}
{"component":"player-command","phase":"request","correlationId":"5f276deb-3bf7-436f-b8fe-611845f90918"}
{"component":"player-command","phase":"authorization","correlationId":"5f276deb-3bf7-436f-b8fe-611845f90918","outcome":"allowed"}
{"component":"player-command","phase":"command","correlationId":"5f276deb-3bf7-436f-b8fe-611845f90918"}
{"component":"player-command","phase":"mutation","correlationId":"5f276deb-3bf7-436f-b8fe-611845f90918","outcome":"completed","replayed":false}
{"component":"player-command","phase":"request","correlationId":"f62a1dd1-9d02-4156-89d8-a9c5ea6e30d4"}
{"component":"player-command","phase":"authorization","correlationId":"f62a1dd1-9d02-4156-89d8-a9c5ea6e30d4","outcome":"allowed"}
{"component":"player-command","phase":"response","correlationId":"f62a1dd1-9d02-4156-89d8-a9c5ea6e30d4","statusCode":200,"elapsedMs":74}
{"component":"player-command","phase":"consequence","correlationId":"5f276deb-3bf7-436f-b8fe-611845f90918","replayed":false,"changes":1}
{"component":"player-command","phase":"opportunity","correlationId":"5f276deb-3bf7-436f-b8fe-611845f90918","replayed":false,"changes":0}
{"component":"player-command","phase":"response","correlationId":"5f276deb-3bf7-436f-b8fe-611845f90918","statusCode":200,"elapsedMs":161}
{"component":"player-command","phase":"request","correlationId":"b17727bf-fe43-4580-9655-e552d77b8cf7"}
{"component":"player-command","phase":"authorization","correlationId":"b17727bf-fe43-4580-9655-e552d77b8cf7","outcome":"allowed"}
{"component":"player-command","phase":"response","correlationId":"b17727bf-fe43-4580-9655-e552d77b8cf7","statusCode":200,"elapsedMs":64}
{"component":"player-command","phase":"request","correlationId":"d7b676b0-5382-4bc2-ae56-e9d266bb0db5"}
{"component":"player-command","phase":"authorization","correlationId":"d7b676b0-5382-4bc2-ae56-e9d266bb0db5","outcome":"allowed"}
{"component":"player-command","phase":"response","correlationId":"d7b676b0-5382-4bc2-ae56-e9d266bb0db5","statusCode":200,"elapsedMs":62}
{"component":"player-command","phase":"request","correlationId":"2de29a0a-266d-496b-a68a-7b03f7f28e74"}
{"component":"player-command","phase":"authorization","correlationId":"2de29a0a-266d-496b-a68a-7b03f7f28e74","outcome":"allowed"}
{"component":"player-command","phase":"response","correlationId":"2de29a0a-266d-496b-a68a-7b03f7f28e74","statusCode":200,"elapsedMs":66}
{"component":"player-command","phase":"request","correlationId":"88519375-8d84-485d-a1b4-4e9bf8091f74"}
{"component":"player-command","phase":"authorization","correlationId":"88519375-8d84-485d-a1b4-4e9bf8091f74","outcome":"allowed"}
{"component":"player-command","phase":"command","correlationId":"88519375-8d84-485d-a1b4-4e9bf8091f74"}
{"component":"player-command","phase":"mutation","correlationId":"88519375-8d84-485d-a1b4-4e9bf8091f74","outcome":"completed","replayed":false}
{"component":"player-command","phase":"request","correlationId":"2d87028a-0751-47f0-af46-b0b3b479f0aa"}
{"component":"player-command","phase":"authorization","correlationId":"2d87028a-0751-47f0-af46-b0b3b479f0aa","outcome":"allowed"}
{"component":"player-command","phase":"consequence","correlationId":"88519375-8d84-485d-a1b4-4e9bf8091f74","replayed":false,"changes":1}
{"component":"player-command","phase":"opportunity","correlationId":"88519375-8d84-485d-a1b4-4e9bf8091f74","replayed":false,"changes":0}
{"component":"player-command","phase":"response","correlationId":"2d87028a-0751-47f0-af46-b0b3b479f0aa","statusCode":200,"elapsedMs":75}
{"component":"player-command","phase":"response","correlationId":"88519375-8d84-485d-a1b4-4e9bf8091f74","statusCode":200,"elapsedMs":149}
{"component":"player-command","phase":"request","correlationId":"3ea2438f-808b-43ce-b8ae-39a282552e39"}
{"component":"player-command","phase":"authorization","correlationId":"3ea2438f-808b-43ce-b8ae-39a282552e39","outcome":"allowed"}
{"component":"player-command","phase":"response","correlationId":"3ea2438f-808b-43ce-b8ae-39a282552e39","statusCode":200,"elapsedMs":69}
{"component":"player-command","phase":"request","correlationId":"421a26c8-e663-4215-a27b-4b38d155ed98"}
{"component":"player-command","phase":"authorization","correlationId":"421a26c8-e663-4215-a27b-4b38d155ed98","outcome":"allowed"}
{"component":"player-command","phase":"response","correlationId":"421a26c8-e663-4215-a27b-4b38d155ed98","statusCode":200,"elapsedMs":60}
{"component":"player-command","phase":"request","correlationId":"875984db-b80c-4473-a26d-02e9bb263c8b"}
{"component":"player-command","phase":"authorization","correlationId":"875984db-b80c-4473-a26d-02e9bb263c8b","outcome":"allowed"}
{"component":"player-command","phase":"response","correlationId":"875984db-b80c-4473-a26d-02e9bb263c8b","statusCode":200,"elapsedMs":56}
{"component":"player-command","phase":"request","correlationId":"30dfdf5c-21bc-45a2-b4b0-00804976726c"}
{"component":"player-command","phase":"authorization","correlationId":"30dfdf5c-21bc-45a2-b4b0-00804976726c","outcome":"allowed"}
{"component":"player-command","phase":"response","correlationId":"30dfdf5c-21bc-45a2-b4b0-00804976726c","statusCode":200,"elapsedMs":52}
{"component":"player-command","phase":"request","correlationId":"fecb8053-499c-4f09-9826-c8d68cc8d2f7"}
{"component":"player-command","phase":"authorization","correlationId":"fecb8053-499c-4f09-9826-c8d68cc8d2f7","outcome":"allowed"}
{"component":"player-command","phase":"command","correlationId":"fecb8053-499c-4f09-9826-c8d68cc8d2f7"}
{"component":"player-command","phase":"mutation","correlationId":"fecb8053-499c-4f09-9826-c8d68cc8d2f7","outcome":"completed","replayed":false}
{"component":"player-command","phase":"request","correlationId":"dae17c9f-de26-4499-99bb-896ae9c45e77"}
{"component":"player-command","phase":"authorization","correlationId":"dae17c9f-de26-4499-99bb-896ae9c45e77","outcome":"allowed"}
{"component":"player-command","phase":"consequence","correlationId":"fecb8053-499c-4f09-9826-c8d68cc8d2f7","replayed":false,"changes":3}
{"component":"player-command","phase":"opportunity","correlationId":"fecb8053-499c-4f09-9826-c8d68cc8d2f7","replayed":false,"changes":2}
{"component":"player-command","phase":"response","correlationId":"fecb8053-499c-4f09-9826-c8d68cc8d2f7","statusCode":200,"elapsedMs":134}
{"component":"player-command","phase":"response","correlationId":"dae17c9f-de26-4499-99bb-896ae9c45e77","statusCode":200,"elapsedMs":81}
{"component":"player-command","phase":"request","correlationId":"7a10e7c6-a231-44b3-9535-6e2ac2064a6a"}
{"component":"player-command","phase":"authorization","correlationId":"7a10e7c6-a231-44b3-9535-6e2ac2064a6a","outcome":"allowed"}
{"component":"player-command","phase":"response","correlationId":"7a10e7c6-a231-44b3-9535-6e2ac2064a6a","statusCode":200,"elapsedMs":55}
{"component":"player-command","phase":"request","correlationId":"931e174f-5230-4777-a256-d52891750e95"}
{"component":"player-command","phase":"authorization","correlationId":"931e174f-5230-4777-a256-d52891750e95","outcome":"allowed"}
{"component":"player-command","phase":"response","correlationId":"931e174f-5230-4777-a256-d52891750e95","statusCode":200,"elapsedMs":53}
{"component":"player-command","phase":"request","correlationId":"56f4e5c7-eb31-4e68-8308-9dcc0f370830"}
{"component":"player-command","phase":"authorization","correlationId":"56f4e5c7-eb31-4e68-8308-9dcc0f370830","outcome":"allowed"}
{"component":"player-command","phase":"response","correlationId":"56f4e5c7-eb31-4e68-8308-9dcc0f370830","statusCode":200,"elapsedMs":54}
{"component":"player-command","phase":"request","correlationId":"7e1bdfc7-0eba-4010-b8d6-904bf0940fc8"}
{"component":"player-command","phase":"authorization","correlationId":"7e1bdfc7-0eba-4010-b8d6-904bf0940fc8","outcome":"allowed"}
{"component":"player-command","phase":"command","correlationId":"7e1bdfc7-0eba-4010-b8d6-904bf0940fc8"}
{"component":"player-command","phase":"mutation","correlationId":"7e1bdfc7-0eba-4010-b8d6-904bf0940fc8","outcome":"completed","replayed":false}
{"component":"player-command","phase":"request","correlationId":"76294a4a-e2bd-4bc8-8ce0-c96523b977c2"}
{"component":"player-command","phase":"authorization","correlationId":"76294a4a-e2bd-4bc8-8ce0-c96523b977c2","outcome":"allowed"}
{"component":"player-command","phase":"consequence","correlationId":"7e1bdfc7-0eba-4010-b8d6-904bf0940fc8","replayed":false,"changes":5}
{"component":"player-command","phase":"opportunity","correlationId":"7e1bdfc7-0eba-4010-b8d6-904bf0940fc8","replayed":false,"changes":2}
{"component":"player-command","phase":"response","correlationId":"7e1bdfc7-0eba-4010-b8d6-904bf0940fc8","statusCode":200,"elapsedMs":141}
{"component":"player-command","phase":"request","correlationId":"074dcab2-a59b-4c0b-9d47-b6cb0b8bf8c3"}
{"component":"player-command","phase":"authorization","correlationId":"074dcab2-a59b-4c0b-9d47-b6cb0b8bf8c3","outcome":"allowed"}
{"component":"player-command","phase":"response","correlationId":"76294a4a-e2bd-4bc8-8ce0-c96523b977c2","statusCode":200,"elapsedMs":90}
{"component":"player-command","phase":"response","correlationId":"074dcab2-a59b-4c0b-9d47-b6cb0b8bf8c3","statusCode":200,"elapsedMs":61}
{"component":"player-command","phase":"request","correlationId":"c9af8701-41e4-4e12-a32f-8cc9907ebcc9"}
{"component":"player-command","phase":"authorization","correlationId":"c9af8701-41e4-4e12-a32f-8cc9907ebcc9","outcome":"allowed"}
{"component":"player-command","phase":"response","correlationId":"c9af8701-41e4-4e12-a32f-8cc9907ebcc9","statusCode":200,"elapsedMs":74}
{"component":"player-command","phase":"request","correlationId":"5246ab40-d2f5-4477-9224-b4a993bee0b8"}
{"component":"player-command","phase":"authorization","correlationId":"5246ab40-d2f5-4477-9224-b4a993bee0b8","outcome":"allowed"}
{"component":"player-command","phase":"response","correlationId":"5246ab40-d2f5-4477-9224-b4a993bee0b8","statusCode":200,"elapsedMs":53}
{"component":"player-command","phase":"request","correlationId":"dbbc289f-fe62-4e31-8944-0ec30dfb14fd"}
{"component":"player-command","phase":"authorization","correlationId":"dbbc289f-fe62-4e31-8944-0ec30dfb14fd","outcome":"allowed"}
{"component":"player-command","phase":"command","correlationId":"dbbc289f-fe62-4e31-8944-0ec30dfb14fd"}
{"component":"player-command","phase":"mutation","correlationId":"dbbc289f-fe62-4e31-8944-0ec30dfb14fd","outcome":"completed","replayed":false}
{"component":"player-command","phase":"request","correlationId":"8a5bee86-3966-4114-a68d-6ebe7a351535"}
{"component":"player-command","phase":"authorization","correlationId":"8a5bee86-3966-4114-a68d-6ebe7a351535","outcome":"allowed"}
{"component":"player-command","phase":"consequence","correlationId":"dbbc289f-fe62-4e31-8944-0ec30dfb14fd","replayed":false,"changes":1}
{"component":"player-command","phase":"opportunity","correlationId":"dbbc289f-fe62-4e31-8944-0ec30dfb14fd","replayed":false,"changes":0}
{"component":"player-command","phase":"response","correlationId":"dbbc289f-fe62-4e31-8944-0ec30dfb14fd","statusCode":200,"elapsedMs":139}
{"component":"player-command","phase":"response","correlationId":"8a5bee86-3966-4114-a68d-6ebe7a351535","statusCode":200,"elapsedMs":108}
{"component":"player-command","phase":"request","correlationId":"c4204685-09a8-44b1-835e-b6b1cc10b70d"}
{"component":"player-command","phase":"authorization","correlationId":"c4204685-09a8-44b1-835e-b6b1cc10b70d","outcome":"allowed"}
{"component":"player-command","phase":"response","correlationId":"c4204685-09a8-44b1-835e-b6b1cc10b70d","statusCode":200,"elapsedMs":56}
{"component":"player-command","phase":"request","correlationId":"e4125190-aa9a-4fa5-87a4-676c5a9eeffb"}
{"component":"player-command","phase":"authorization","correlationId":"e4125190-aa9a-4fa5-87a4-676c5a9eeffb","outcome":"allowed"}
{"component":"player-command","phase":"response","correlationId":"e4125190-aa9a-4fa5-87a4-676c5a9eeffb","statusCode":200,"elapsedMs":51}
{"component":"player-command","phase":"request","correlationId":"2d840d27-6152-4110-b543-c5011beb4b61"}
{"component":"player-command","phase":"authorization","correlationId":"2d840d27-6152-4110-b543-c5011beb4b61","outcome":"allowed"}
{"component":"player-command","phase":"response","correlationId":"2d840d27-6152-4110-b543-c5011beb4b61","statusCode":200,"elapsedMs":64}
{"component":"player-command","phase":"request","correlationId":"e07d1fc1-87e2-4738-aac8-b07da940bf7a"}
{"component":"player-command","phase":"authorization","correlationId":"e07d1fc1-87e2-4738-aac8-b07da940bf7a","outcome":"allowed"}
{"component":"player-command","phase":"command","correlationId":"e07d1fc1-87e2-4738-aac8-b07da940bf7a"}
{"component":"player-command","phase":"mutation","correlationId":"e07d1fc1-87e2-4738-aac8-b07da940bf7a","outcome":"completed","replayed":false}
{"component":"player-command","phase":"request","correlationId":"bddbf382-80d9-4c3a-9c53-80a10d5d8d84"}
{"component":"player-command","phase":"authorization","correlationId":"bddbf382-80d9-4c3a-9c53-80a10d5d8d84","outcome":"allowed"}
{"component":"player-command","phase":"consequence","correlationId":"e07d1fc1-87e2-4738-aac8-b07da940bf7a","replayed":false,"changes":2}
{"component":"player-command","phase":"opportunity","correlationId":"e07d1fc1-87e2-4738-aac8-b07da940bf7a","replayed":false,"changes":0}
{"component":"player-command","phase":"response","correlationId":"e07d1fc1-87e2-4738-aac8-b07da940bf7a","statusCode":200,"elapsedMs":137}
{"component":"player-command","phase":"request","correlationId":"e33bb1c1-a0c5-4960-8f10-393ca278c459"}
{"component":"player-command","phase":"response","correlationId":"bddbf382-80d9-4c3a-9c53-80a10d5d8d84","statusCode":200,"elapsedMs":83}
{"component":"player-command","phase":"authorization","correlationId":"e33bb1c1-a0c5-4960-8f10-393ca278c459","outcome":"allowed"}
{"component":"player-command","phase":"response","correlationId":"e33bb1c1-a0c5-4960-8f10-393ca278c459","statusCode":200,"elapsedMs":61}
{"component":"player-command","phase":"request","correlationId":"b83b0d43-59d8-4546-8b53-8a3afa3b55b2"}
{"component":"player-command","phase":"authorization","correlationId":"b83b0d43-59d8-4546-8b53-8a3afa3b55b2","outcome":"allowed"}
{"component":"player-command","phase":"response","correlationId":"b83b0d43-59d8-4546-8b53-8a3afa3b55b2","statusCode":200,"elapsedMs":52}
{"component":"player-command","phase":"request","correlationId":"38a1f1b7-8151-46b5-a326-9dd9927d9aee"}
{"component":"player-command","phase":"authorization","correlationId":"38a1f1b7-8151-46b5-a326-9dd9927d9aee","outcome":"allowed"}
{"component":"player-command","phase":"response","correlationId":"38a1f1b7-8151-46b5-a326-9dd9927d9aee","statusCode":200,"elapsedMs":77}
{"component":"player-command","phase":"request","correlationId":"304c6b81-e0ec-476e-b088-7fac8fa0a9d9"}
{"component":"player-command","phase":"authorization","correlationId":"304c6b81-e0ec-476e-b088-7fac8fa0a9d9","outcome":"allowed"}
{"component":"player-command","phase":"command","correlationId":"304c6b81-e0ec-476e-b088-7fac8fa0a9d9"}
{"component":"player-command","phase":"mutation","correlationId":"304c6b81-e0ec-476e-b088-7fac8fa0a9d9","outcome":"completed","replayed":false}
{"component":"player-command","phase":"request","correlationId":"8236d62d-7c53-45ed-8a69-66b6290e2d51"}
{"component":"player-command","phase":"authorization","correlationId":"8236d62d-7c53-45ed-8a69-66b6290e2d51","outcome":"allowed"}
{"component":"player-command","phase":"consequence","correlationId":"304c6b81-e0ec-476e-b088-7fac8fa0a9d9","replayed":false,"changes":1}
{"component":"player-command","phase":"opportunity","correlationId":"304c6b81-e0ec-476e-b088-7fac8fa0a9d9","replayed":false,"changes":0}
{"component":"player-command","phase":"response","correlationId":"8236d62d-7c53-45ed-8a69-66b6290e2d51","statusCode":200,"elapsedMs":64}
{"component":"player-command","phase":"response","correlationId":"304c6b81-e0ec-476e-b088-7fac8fa0a9d9","statusCode":200,"elapsedMs":155}
{"component":"player-command","phase":"request","correlationId":"7ce74262-2a2a-4c8e-ae9c-1db43299471b"}
{"component":"player-command","phase":"authorization","correlationId":"7ce74262-2a2a-4c8e-ae9c-1db43299471b","outcome":"allowed"}
{"component":"player-command","phase":"response","correlationId":"7ce74262-2a2a-4c8e-ae9c-1db43299471b","statusCode":200,"elapsedMs":61}
{"component":"player-command","phase":"request","correlationId":"703d4750-ee2f-45bd-a379-f954a2a7fc1d"}
{"component":"player-command","phase":"authorization","correlationId":"703d4750-ee2f-45bd-a379-f954a2a7fc1d","outcome":"allowed"}
{"component":"player-command","phase":"response","correlationId":"703d4750-ee2f-45bd-a379-f954a2a7fc1d","statusCode":200,"elapsedMs":64}
{"component":"player-command","phase":"request","correlationId":"9f0fdf00-54fa-4127-8d1e-c2317945db47"}
{"component":"player-command","phase":"authorization","correlationId":"9f0fdf00-54fa-4127-8d1e-c2317945db47","outcome":"allowed"}
{"component":"player-command","phase":"response","correlationId":"9f0fdf00-54fa-4127-8d1e-c2317945db47","statusCode":200,"elapsedMs":63}
{"component":"player-command","phase":"request","correlationId":"da3a4308-1b7f-4dd4-a99c-597cb4482a74"}
{"component":"player-command","phase":"authorization","correlationId":"da3a4308-1b7f-4dd4-a99c-597cb4482a74","outcome":"allowed"}
{"component":"player-command","phase":"command","correlationId":"da3a4308-1b7f-4dd4-a99c-597cb4482a74"}
{"component":"player-command","phase":"mutation","correlationId":"da3a4308-1b7f-4dd4-a99c-597cb4482a74","outcome":"completed","replayed":false}
{"component":"player-command","phase":"request","correlationId":"02cd4f04-17e9-46b2-a033-e1c2884368fb"}
{"component":"player-command","phase":"authorization","correlationId":"02cd4f04-17e9-46b2-a033-e1c2884368fb","outcome":"allowed"}
{"component":"player-command","phase":"response","correlationId":"02cd4f04-17e9-46b2-a033-e1c2884368fb","statusCode":200,"elapsedMs":52}
{"component":"player-command","phase":"request","correlationId":"000628dc-a319-4ad4-88d3-b17791bb9386"}
{"component":"player-command","phase":"authorization","correlationId":"000628dc-a319-4ad4-88d3-b17791bb9386","outcome":"allowed"}
{"component":"player-command","phase":"consequence","correlationId":"da3a4308-1b7f-4dd4-a99c-597cb4482a74","replayed":false,"changes":21}
{"component":"player-command","phase":"opportunity","correlationId":"da3a4308-1b7f-4dd4-a99c-597cb4482a74","replayed":false,"changes":19}
{"component":"player-command","phase":"response","correlationId":"da3a4308-1b7f-4dd4-a99c-597cb4482a74","statusCode":200,"elapsedMs":157}
{"component":"player-command","phase":"request","correlationId":"92161275-1db8-4d40-9eb9-7b9b7c5b7dfc"}
{"component":"player-command","phase":"authorization","correlationId":"92161275-1db8-4d40-9eb9-7b9b7c5b7dfc","outcome":"allowed"}
{"component":"player-command","phase":"response","correlationId":"000628dc-a319-4ad4-88d3-b17791bb9386","statusCode":200,"elapsedMs":71}
{"component":"player-command","phase":"response","correlationId":"92161275-1db8-4d40-9eb9-7b9b7c5b7dfc","statusCode":200,"elapsedMs":71}
{"component":"player-command","phase":"request","correlationId":"be172c0e-c3ab-4ee2-9443-ed8cc498a54a"}
{"component":"player-command","phase":"authorization","correlationId":"be172c0e-c3ab-4ee2-9443-ed8cc498a54a","outcome":"allowed"}
{"component":"player-command","phase":"response","correlationId":"be172c0e-c3ab-4ee2-9443-ed8cc498a54a","statusCode":200,"elapsedMs":60}
{"component":"player-command","phase":"request","correlationId":"a4152b90-0bb1-45ba-9069-c38908f1e32f"}
{"component":"player-command","phase":"authorization","correlationId":"a4152b90-0bb1-45ba-9069-c38908f1e32f","outcome":"allowed"}
{"component":"player-command","phase":"response","correlationId":"a4152b90-0bb1-45ba-9069-c38908f1e32f","statusCode":200,"elapsedMs":61}
{"component":"player-command","phase":"request","correlationId":"03619c51-afc7-4657-abd1-fd08f3a731bc"}
{"component":"player-command","phase":"authorization","correlationId":"03619c51-afc7-4657-abd1-fd08f3a731bc","outcome":"allowed"}
{"component":"player-command","phase":"response","correlationId":"03619c51-afc7-4657-abd1-fd08f3a731bc","statusCode":200,"elapsedMs":68}
{"component":"player-command","phase":"request","correlationId":"04471fa3-4e94-444b-bedf-a6b856d3b0b1"}
{"component":"player-command","phase":"authorization","correlationId":"04471fa3-4e94-444b-bedf-a6b856d3b0b1","outcome":"allowed"}
{"component":"player-command","phase":"response","correlationId":"04471fa3-4e94-444b-bedf-a6b856d3b0b1","statusCode":200,"elapsedMs":56}
{"component":"player-command","phase":"request","correlationId":"c651def1-6ef1-4c1b-a687-3a2f501e1fba"}
{"component":"player-command","phase":"authorization","correlationId":"c651def1-6ef1-4c1b-a687-3a2f501e1fba","outcome":"allowed"}
{"component":"player-command","phase":"response","correlationId":"c651def1-6ef1-4c1b-a687-3a2f501e1fba","statusCode":200,"elapsedMs":62}
{"component":"player-command","phase":"request","correlationId":"f29c5900-6575-4241-b485-97bd161c46bb"}
{"component":"player-command","phase":"authorization","correlationId":"f29c5900-6575-4241-b485-97bd161c46bb","outcome":"allowed"}
{"component":"player-command","phase":"request","correlationId":"cb55c0c0-093b-4125-8248-a6e78a906808"}
{"component":"player-command","phase":"authorization","correlationId":"cb55c0c0-093b-4125-8248-a6e78a906808","outcome":"allowed"}
{"component":"player-command","phase":"command","correlationId":"cb55c0c0-093b-4125-8248-a6e78a906808"}
{"component":"player-command","phase":"response","correlationId":"f29c5900-6575-4241-b485-97bd161c46bb","statusCode":200,"elapsedMs":73}
{"component":"player-command","phase":"mutation","correlationId":"cb55c0c0-093b-4125-8248-a6e78a906808","outcome":"completed","replayed":false}
{"component":"player-command","phase":"consequence","correlationId":"cb55c0c0-093b-4125-8248-a6e78a906808","replayed":false,"changes":4}
{"component":"player-command","phase":"opportunity","correlationId":"cb55c0c0-093b-4125-8248-a6e78a906808","replayed":false,"changes":0}
{"component":"player-command","phase":"response","correlationId":"cb55c0c0-093b-4125-8248-a6e78a906808","statusCode":200,"elapsedMs":133}
{"component":"player-command","phase":"request","correlationId":"903126bc-8496-4336-b6a8-7dc66faf54ce"}
{"component":"player-command","phase":"authorization","correlationId":"903126bc-8496-4336-b6a8-7dc66faf54ce","outcome":"allowed"}
{"component":"player-command","phase":"response","correlationId":"903126bc-8496-4336-b6a8-7dc66faf54ce","statusCode":200,"elapsedMs":55}
{"component":"player-command","phase":"request","correlationId":"c5f24ccf-0816-41f7-b400-7acb49524282"}
{"component":"player-command","phase":"authorization","correlationId":"c5f24ccf-0816-41f7-b400-7acb49524282","outcome":"allowed"}
{"component":"player-command","phase":"response","correlationId":"c5f24ccf-0816-41f7-b400-7acb49524282","statusCode":200,"elapsedMs":57}
{"component":"player-command","phase":"request","correlationId":"713397f4-6f65-4084-aaee-8234744f9068"}
{"component":"player-command","phase":"authorization","correlationId":"713397f4-6f65-4084-aaee-8234744f9068","outcome":"allowed"}
{"component":"player-command","phase":"response","correlationId":"713397f4-6f65-4084-aaee-8234744f9068","statusCode":200,"elapsedMs":53}
{"component":"player-command","phase":"request","correlationId":"28b56c0f-79bf-4a0c-bc60-6a25e18e54a7"}
{"component":"player-command","phase":"authorization","correlationId":"28b56c0f-79bf-4a0c-bc60-6a25e18e54a7","outcome":"allowed"}
{"component":"player-command","phase":"response","correlationId":"28b56c0f-79bf-4a0c-bc60-6a25e18e54a7","statusCode":200,"elapsedMs":63}
{"component":"player-command","phase":"request","correlationId":"e83c8b8d-6669-4da1-adbb-45e707d96a51"}
{"component":"player-command","phase":"authorization","correlationId":"e83c8b8d-6669-4da1-adbb-45e707d96a51","outcome":"allowed"}
{"component":"player-command","phase":"command","correlationId":"e83c8b8d-6669-4da1-adbb-45e707d96a51"}
{"component":"player-command","phase":"request","correlationId":"e1475dce-5944-4d02-ab29-129553a3355e"}
{"component":"player-command","phase":"authorization","correlationId":"e1475dce-5944-4d02-ab29-129553a3355e","outcome":"allowed"}
{"component":"player-command","phase":"response","correlationId":"e1475dce-5944-4d02-ab29-129553a3355e","statusCode":200,"elapsedMs":63}
{"component":"player-command","phase":"mutation","correlationId":"e83c8b8d-6669-4da1-adbb-45e707d96a51","outcome":"completed","replayed":false}
{"component":"player-command","phase":"request","correlationId":"a84b5f98-19e1-4a99-bce6-fb718a78c786"}
{"component":"player-command","phase":"authorization","correlationId":"a84b5f98-19e1-4a99-bce6-fb718a78c786","outcome":"allowed"}
{"component":"player-command","phase":"consequence","correlationId":"e83c8b8d-6669-4da1-adbb-45e707d96a51","replayed":false,"changes":9}
{"component":"player-command","phase":"opportunity","correlationId":"e83c8b8d-6669-4da1-adbb-45e707d96a51","replayed":false,"changes":8}
{"component":"player-command","phase":"response","correlationId":"e83c8b8d-6669-4da1-adbb-45e707d96a51","statusCode":200,"elapsedMs":166}
{"component":"player-command","phase":"request","correlationId":"d537c802-f37c-4ecb-a5ef-b3cf185e0fc7"}
{"component":"player-command","phase":"response","correlationId":"a84b5f98-19e1-4a99-bce6-fb718a78c786","statusCode":200,"elapsedMs":75}
{"component":"player-command","phase":"authorization","correlationId":"d537c802-f37c-4ecb-a5ef-b3cf185e0fc7","outcome":"allowed"}
{"component":"player-command","phase":"response","correlationId":"d537c802-f37c-4ecb-a5ef-b3cf185e0fc7","statusCode":200,"elapsedMs":86}
{"component":"player-command","phase":"request","correlationId":"b779ede7-0708-4b66-956f-3eb86d48a469"}
{"component":"player-command","phase":"authorization","correlationId":"b779ede7-0708-4b66-956f-3eb86d48a469","outcome":"allowed"}
{"component":"player-command","phase":"response","correlationId":"b779ede7-0708-4b66-956f-3eb86d48a469","statusCode":200,"elapsedMs":73}
{"component":"player-command","phase":"request","correlationId":"320dfe41-fe58-44af-b8ab-27ac5e5ae84e"}
{"component":"player-command","phase":"authorization","correlationId":"320dfe41-fe58-44af-b8ab-27ac5e5ae84e","outcome":"allowed"}
{"component":"player-command","phase":"response","correlationId":"320dfe41-fe58-44af-b8ab-27ac5e5ae84e","statusCode":200,"elapsedMs":68}
{"component":"player-command","phase":"request","correlationId":"7687e7ce-ae1f-4699-98ce-c767ed992228"}
{"component":"player-command","phase":"authorization","correlationId":"7687e7ce-ae1f-4699-98ce-c767ed992228","outcome":"allowed"}
{"component":"player-command","phase":"response","correlationId":"7687e7ce-ae1f-4699-98ce-c767ed992228","statusCode":200,"elapsedMs":96}
{"component":"player-command","phase":"request","correlationId":"58c2ffb9-0c2e-4b55-ab4b-6178574fc7c9"}
{"component":"player-command","phase":"authorization","correlationId":"58c2ffb9-0c2e-4b55-ab4b-6178574fc7c9","outcome":"allowed"}
{"component":"player-command","phase":"command","correlationId":"58c2ffb9-0c2e-4b55-ab4b-6178574fc7c9"}
{"component":"player-command","phase":"mutation","correlationId":"58c2ffb9-0c2e-4b55-ab4b-6178574fc7c9","outcome":"completed","replayed":false}
{"component":"player-command","phase":"request","correlationId":"ad5397ea-5844-4cc4-98a1-bccb4ed0870e"}
{"component":"player-command","phase":"authorization","correlationId":"ad5397ea-5844-4cc4-98a1-bccb4ed0870e","outcome":"allowed"}
{"component":"player-command","phase":"response","correlationId":"ad5397ea-5844-4cc4-98a1-bccb4ed0870e","statusCode":200,"elapsedMs":63}
{"component":"player-command","phase":"consequence","correlationId":"58c2ffb9-0c2e-4b55-ab4b-6178574fc7c9","replayed":false,"changes":1}
{"component":"player-command","phase":"opportunity","correlationId":"58c2ffb9-0c2e-4b55-ab4b-6178574fc7c9","replayed":false,"changes":0}
{"component":"player-command","phase":"response","correlationId":"58c2ffb9-0c2e-4b55-ab4b-6178574fc7c9","statusCode":200,"elapsedMs":176}
{"component":"player-command","phase":"request","correlationId":"f8cca5c9-01a9-406d-8da8-e4bf4dd8cd81"}
{"component":"player-command","phase":"authorization","correlationId":"f8cca5c9-01a9-406d-8da8-e4bf4dd8cd81","outcome":"allowed"}
{"component":"player-command","phase":"response","correlationId":"f8cca5c9-01a9-406d-8da8-e4bf4dd8cd81","statusCode":200,"elapsedMs":66}
{"component":"player-command","phase":"request","correlationId":"8097b4f9-f74c-41d9-9a7a-fde5b8e36f05"}
{"component":"player-command","phase":"authorization","correlationId":"8097b4f9-f74c-41d9-9a7a-fde5b8e36f05","outcome":"allowed"}
{"component":"player-command","phase":"response","correlationId":"8097b4f9-f74c-41d9-9a7a-fde5b8e36f05","statusCode":200,"elapsedMs":63}
{"component":"player-command","phase":"request","correlationId":"e0df32d4-4bd6-4170-a6c9-ede57451005e"}
{"component":"player-command","phase":"authorization","correlationId":"e0df32d4-4bd6-4170-a6c9-ede57451005e","outcome":"allowed"}
{"component":"player-command","phase":"response","correlationId":"e0df32d4-4bd6-4170-a6c9-ede57451005e","statusCode":200,"elapsedMs":64}
{"component":"player-command","phase":"request","correlationId":"4c6f54df-fdd1-4564-b8aa-230f0a827d49"}
{"component":"player-command","phase":"authorization","correlationId":"4c6f54df-fdd1-4564-b8aa-230f0a827d49","outcome":"allowed"}
{"component":"player-command","phase":"command","correlationId":"4c6f54df-fdd1-4564-b8aa-230f0a827d49"}
{"component":"player-command","phase":"mutation","correlationId":"4c6f54df-fdd1-4564-b8aa-230f0a827d49","outcome":"completed","replayed":false}
{"component":"player-command","phase":"request","correlationId":"0ecde9f7-55b5-4865-a9f0-fda50d127086"}
{"component":"player-command","phase":"authorization","correlationId":"0ecde9f7-55b5-4865-a9f0-fda50d127086","outcome":"allowed"}
{"component":"player-command","phase":"response","correlationId":"0ecde9f7-55b5-4865-a9f0-fda50d127086","statusCode":200,"elapsedMs":68}
{"component":"player-command","phase":"consequence","correlationId":"4c6f54df-fdd1-4564-b8aa-230f0a827d49","replayed":false,"changes":7}
{"component":"player-command","phase":"opportunity","correlationId":"4c6f54df-fdd1-4564-b8aa-230f0a827d49","replayed":false,"changes":6}
{"component":"player-command","phase":"response","correlationId":"4c6f54df-fdd1-4564-b8aa-230f0a827d49","statusCode":200,"elapsedMs":172}
{"component":"player-command","phase":"request","correlationId":"adf8a9b8-c88b-47ec-94c2-88dd31fc3d9c"}
{"component":"player-command","phase":"authorization","correlationId":"adf8a9b8-c88b-47ec-94c2-88dd31fc3d9c","outcome":"allowed"}
{"component":"player-command","phase":"response","correlationId":"adf8a9b8-c88b-47ec-94c2-88dd31fc3d9c","statusCode":200,"elapsedMs":63}
{"component":"player-command","phase":"request","correlationId":"9f6474bc-782a-4674-8b58-dddaa5e888aa"}
{"component":"player-command","phase":"authorization","correlationId":"9f6474bc-782a-4674-8b58-dddaa5e888aa","outcome":"allowed"}
{"component":"player-command","phase":"response","correlationId":"9f6474bc-782a-4674-8b58-dddaa5e888aa","statusCode":200,"elapsedMs":58}
{"component":"player-command","phase":"request","correlationId":"a8ecb110-21b8-4777-afbd-4cd8848b3927"}
{"component":"player-command","phase":"authorization","correlationId":"a8ecb110-21b8-4777-afbd-4cd8848b3927","outcome":"allowed"}
{"component":"player-command","phase":"response","correlationId":"a8ecb110-21b8-4777-afbd-4cd8848b3927","statusCode":200,"elapsedMs":49}
{"component":"player-command","phase":"request","correlationId":"2c2d810b-7acb-4c43-b08a-9d86d326797b"}
{"component":"player-command","phase":"authorization","correlationId":"2c2d810b-7acb-4c43-b08a-9d86d326797b","outcome":"allowed"}
{"component":"player-command","phase":"response","correlationId":"2c2d810b-7acb-4c43-b08a-9d86d326797b","statusCode":200,"elapsedMs":69}
{"component":"player-command","phase":"request","correlationId":"21aef43c-3b79-4281-9915-ebb6360a1f5b"}
{"component":"player-command","phase":"authorization","correlationId":"21aef43c-3b79-4281-9915-ebb6360a1f5b","outcome":"allowed"}
{"component":"player-command","phase":"command","correlationId":"21aef43c-3b79-4281-9915-ebb6360a1f5b"}
{"component":"player-command","phase":"mutation","correlationId":"21aef43c-3b79-4281-9915-ebb6360a1f5b","outcome":"completed","replayed":false}
{"component":"player-command","phase":"request","correlationId":"a34061f3-662d-48ad-bfa6-a527bbc6836f"}
{"component":"player-command","phase":"authorization","correlationId":"a34061f3-662d-48ad-bfa6-a527bbc6836f","outcome":"allowed"}
{"component":"player-command","phase":"consequence","correlationId":"21aef43c-3b79-4281-9915-ebb6360a1f5b","replayed":false,"changes":7}
{"component":"player-command","phase":"opportunity","correlationId":"21aef43c-3b79-4281-9915-ebb6360a1f5b","replayed":false,"changes":6}
{"component":"player-command","phase":"response","correlationId":"21aef43c-3b79-4281-9915-ebb6360a1f5b","statusCode":200,"elapsedMs":131}
{"component":"player-command","phase":"response","correlationId":"a34061f3-662d-48ad-bfa6-a527bbc6836f","statusCode":200,"elapsedMs":73}
{"component":"player-command","phase":"request","correlationId":"daba46ca-4a9f-44e0-8bfe-45515d07173e"}
{"component":"player-command","phase":"authorization","correlationId":"daba46ca-4a9f-44e0-8bfe-45515d07173e","outcome":"allowed"}
{"component":"player-command","phase":"response","correlationId":"daba46ca-4a9f-44e0-8bfe-45515d07173e","statusCode":200,"elapsedMs":57}
{"component":"player-command","phase":"request","correlationId":"32824788-f320-4eae-82df-939387e084c3"}
{"component":"player-command","phase":"authorization","correlationId":"32824788-f320-4eae-82df-939387e084c3","outcome":"allowed"}
{"component":"player-command","phase":"response","correlationId":"32824788-f320-4eae-82df-939387e084c3","statusCode":200,"elapsedMs":54}
{"component":"player-command","phase":"request","correlationId":"f403cbd3-fb68-475c-9fd9-5a3eb152e7b9"}
{"component":"player-command","phase":"authorization","correlationId":"f403cbd3-fb68-475c-9fd9-5a3eb152e7b9","outcome":"allowed"}
{"component":"player-command","phase":"response","correlationId":"f403cbd3-fb68-475c-9fd9-5a3eb152e7b9","statusCode":200,"elapsedMs":60}
{"component":"player-command","phase":"request","correlationId":"e6b8aef1-e9b8-4d58-9895-cb9dada17d7b"}
{"component":"player-command","phase":"authorization","correlationId":"e6b8aef1-e9b8-4d58-9895-cb9dada17d7b","outcome":"allowed"}
{"component":"player-command","phase":"command","correlationId":"e6b8aef1-e9b8-4d58-9895-cb9dada17d7b"}
{"component":"player-command","phase":"mutation","correlationId":"e6b8aef1-e9b8-4d58-9895-cb9dada17d7b","outcome":"completed","replayed":false}
{"component":"player-command","phase":"request","correlationId":"c4735dac-8c97-494b-895b-e177a9a12377"}
{"component":"player-command","phase":"authorization","correlationId":"c4735dac-8c97-494b-895b-e177a9a12377","outcome":"allowed"}
{"component":"player-command","phase":"response","correlationId":"c4735dac-8c97-494b-895b-e177a9a12377","statusCode":200,"elapsedMs":60}
{"component":"player-command","phase":"consequence","correlationId":"e6b8aef1-e9b8-4d58-9895-cb9dada17d7b","replayed":false,"changes":1}
{"component":"player-command","phase":"opportunity","correlationId":"e6b8aef1-e9b8-4d58-9895-cb9dada17d7b","replayed":false,"changes":0}
{"component":"player-command","phase":"response","correlationId":"e6b8aef1-e9b8-4d58-9895-cb9dada17d7b","statusCode":200,"elapsedMs":163}
{"component":"player-command","phase":"request","correlationId":"568fad29-f546-4707-91ed-abe071dcd11b"}
{"component":"player-command","phase":"authorization","correlationId":"568fad29-f546-4707-91ed-abe071dcd11b","outcome":"allowed"}
{"component":"player-command","phase":"response","correlationId":"568fad29-f546-4707-91ed-abe071dcd11b","statusCode":200,"elapsedMs":62}
{"component":"player-command","phase":"request","correlationId":"02c89076-0e19-40b5-a366-f797a995e772"}
{"component":"player-command","phase":"authorization","correlationId":"02c89076-0e19-40b5-a366-f797a995e772","outcome":"allowed"}
{"component":"player-command","phase":"response","correlationId":"02c89076-0e19-40b5-a366-f797a995e772","statusCode":200,"elapsedMs":58}
{"component":"player-command","phase":"request","correlationId":"9b4ac73c-0297-42a2-ba07-456f870eda7d"}
{"component":"player-command","phase":"authorization","correlationId":"9b4ac73c-0297-42a2-ba07-456f870eda7d","outcome":"allowed"}
{"component":"player-command","phase":"response","correlationId":"9b4ac73c-0297-42a2-ba07-456f870eda7d","statusCode":200,"elapsedMs":64}
{"component":"player-command","phase":"request","correlationId":"f77e239a-0d57-47e1-b619-660adee3930e"}
{"component":"player-command","phase":"authorization","correlationId":"f77e239a-0d57-47e1-b619-660adee3930e","outcome":"allowed"}
{"component":"player-command","phase":"command","correlationId":"f77e239a-0d57-47e1-b619-660adee3930e"}
{"component":"player-command","phase":"mutation","correlationId":"f77e239a-0d57-47e1-b619-660adee3930e","outcome":"completed","replayed":false}
{"component":"player-command","phase":"request","correlationId":"cec39e6c-8fb1-43ee-8b06-4038155e960c"}
{"component":"player-command","phase":"authorization","correlationId":"cec39e6c-8fb1-43ee-8b06-4038155e960c","outcome":"allowed"}
{"component":"player-command","phase":"response","correlationId":"cec39e6c-8fb1-43ee-8b06-4038155e960c","statusCode":200,"elapsedMs":62}
{"component":"player-command","phase":"consequence","correlationId":"f77e239a-0d57-47e1-b619-660adee3930e","replayed":false,"changes":1}
{"component":"player-command","phase":"opportunity","correlationId":"f77e239a-0d57-47e1-b619-660adee3930e","replayed":false,"changes":0}
{"component":"player-command","phase":"response","correlationId":"f77e239a-0d57-47e1-b619-660adee3930e","statusCode":200,"elapsedMs":165}
{"component":"player-command","phase":"request","correlationId":"a490a7bc-f50f-44d0-adda-8310b227fe52"}
{"component":"player-command","phase":"authorization","correlationId":"a490a7bc-f50f-44d0-adda-8310b227fe52","outcome":"allowed"}
{"component":"player-command","phase":"response","correlationId":"a490a7bc-f50f-44d0-adda-8310b227fe52","statusCode":200,"elapsedMs":72}
{"component":"player-command","phase":"request","correlationId":"18f59a4b-7311-47b5-842e-ffe0dfa676b2"}
{"component":"player-command","phase":"authorization","correlationId":"18f59a4b-7311-47b5-842e-ffe0dfa676b2","outcome":"allowed"}
{"component":"player-command","phase":"response","correlationId":"18f59a4b-7311-47b5-842e-ffe0dfa676b2","statusCode":200,"elapsedMs":73}
{"component":"player-command","phase":"request","correlationId":"20438b4c-8206-4592-a3a0-c831f22ad447"}
{"component":"player-command","phase":"authorization","correlationId":"20438b4c-8206-4592-a3a0-c831f22ad447","outcome":"allowed"}
{"component":"player-command","phase":"response","correlationId":"20438b4c-8206-4592-a3a0-c831f22ad447","statusCode":200,"elapsedMs":72}
{"component":"player-command","phase":"request","correlationId":"69452e5a-2007-4b69-b7d6-b9c8bf0b60a7"}
{"component":"player-command","phase":"authorization","correlationId":"69452e5a-2007-4b69-b7d6-b9c8bf0b60a7","outcome":"allowed"}
{"component":"player-command","phase":"command","correlationId":"69452e5a-2007-4b69-b7d6-b9c8bf0b60a7"}
{"component":"player-command","phase":"mutation","correlationId":"69452e5a-2007-4b69-b7d6-b9c8bf0b60a7","outcome":"completed","replayed":false}
{"component":"player-command","phase":"request","correlationId":"e723632a-3818-4791-aa12-115e2d4103c0"}
{"component":"player-command","phase":"authorization","correlationId":"e723632a-3818-4791-aa12-115e2d4103c0","outcome":"allowed"}
{"component":"player-command","phase":"response","correlationId":"e723632a-3818-4791-aa12-115e2d4103c0","statusCode":200,"elapsedMs":66}
{"component":"player-command","phase":"consequence","correlationId":"69452e5a-2007-4b69-b7d6-b9c8bf0b60a7","replayed":false,"changes":1}
{"component":"player-command","phase":"opportunity","correlationId":"69452e5a-2007-4b69-b7d6-b9c8bf0b60a7","replayed":false,"changes":0}
{"component":"player-command","phase":"response","correlationId":"69452e5a-2007-4b69-b7d6-b9c8bf0b60a7","statusCode":200,"elapsedMs":160}
{"component":"player-command","phase":"request","correlationId":"bdbdf0e5-f06d-41f7-9930-dbed64e91e7e"}
{"component":"player-command","phase":"authorization","correlationId":"bdbdf0e5-f06d-41f7-9930-dbed64e91e7e","outcome":"allowed"}
{"component":"player-command","phase":"response","correlationId":"bdbdf0e5-f06d-41f7-9930-dbed64e91e7e","statusCode":200,"elapsedMs":69}
{"component":"player-command","phase":"request","correlationId":"c24297e4-2896-4738-a540-4ff129cb43fa"}
{"component":"player-command","phase":"authorization","correlationId":"c24297e4-2896-4738-a540-4ff129cb43fa","outcome":"allowed"}
{"component":"player-command","phase":"response","correlationId":"c24297e4-2896-4738-a540-4ff129cb43fa","statusCode":200,"elapsedMs":61}
{"component":"player-command","phase":"request","correlationId":"e092fbc1-5a83-4a08-b4a3-7b862d6e8e7d"}
{"component":"player-command","phase":"authorization","correlationId":"e092fbc1-5a83-4a08-b4a3-7b862d6e8e7d","outcome":"allowed"}
{"component":"player-command","phase":"response","correlationId":"e092fbc1-5a83-4a08-b4a3-7b862d6e8e7d","statusCode":200,"elapsedMs":66}
{"component":"player-command","phase":"request","correlationId":"54d6b6c9-b3b0-4c56-9b85-c0c43733e3d3"}
{"component":"player-command","phase":"authorization","correlationId":"54d6b6c9-b3b0-4c56-9b85-c0c43733e3d3","outcome":"allowed"}
{"component":"player-command","phase":"command","correlationId":"54d6b6c9-b3b0-4c56-9b85-c0c43733e3d3"}
{"component":"player-command","phase":"mutation","correlationId":"54d6b6c9-b3b0-4c56-9b85-c0c43733e3d3","outcome":"completed","replayed":false}
{"component":"player-command","phase":"request","correlationId":"3d54b3cc-d7b5-4229-a81c-554d33c706ee"}
{"component":"player-command","phase":"authorization","correlationId":"3d54b3cc-d7b5-4229-a81c-554d33c706ee","outcome":"allowed"}
{"component":"player-command","phase":"response","correlationId":"3d54b3cc-d7b5-4229-a81c-554d33c706ee","statusCode":200,"elapsedMs":67}
{"component":"player-command","phase":"consequence","correlationId":"54d6b6c9-b3b0-4c56-9b85-c0c43733e3d3","replayed":false,"changes":1}
{"component":"player-command","phase":"opportunity","correlationId":"54d6b6c9-b3b0-4c56-9b85-c0c43733e3d3","replayed":false,"changes":0}
{"component":"player-command","phase":"response","correlationId":"54d6b6c9-b3b0-4c56-9b85-c0c43733e3d3","statusCode":200,"elapsedMs":167}
{"component":"player-command","phase":"request","correlationId":"9b064005-b552-488b-baa9-db3e88f1e320"}
{"component":"player-command","phase":"authorization","correlationId":"9b064005-b552-488b-baa9-db3e88f1e320","outcome":"allowed"}
{"component":"player-command","phase":"response","correlationId":"9b064005-b552-488b-baa9-db3e88f1e320","statusCode":200,"elapsedMs":70}
{"component":"player-command","phase":"request","correlationId":"f719b657-3d08-4e6b-93b6-dde75854ac0a"}
{"component":"player-command","phase":"authorization","correlationId":"f719b657-3d08-4e6b-93b6-dde75854ac0a","outcome":"allowed"}
{"component":"player-command","phase":"response","correlationId":"f719b657-3d08-4e6b-93b6-dde75854ac0a","statusCode":200,"elapsedMs":62}
{"component":"player-command","phase":"request","correlationId":"705c4452-86ea-4b26-a9d3-dc456e94f4a8"}
{"component":"player-command","phase":"authorization","correlationId":"705c4452-86ea-4b26-a9d3-dc456e94f4a8","outcome":"allowed"}
{"component":"player-command","phase":"response","correlationId":"705c4452-86ea-4b26-a9d3-dc456e94f4a8","statusCode":200,"elapsedMs":53}
{"component":"player-command","phase":"request","correlationId":"bce40e76-833a-4b18-b8c0-09a4a0d55c20"}
{"component":"player-command","phase":"authorization","correlationId":"bce40e76-833a-4b18-b8c0-09a4a0d55c20","outcome":"allowed"}
{"component":"player-command","phase":"command","correlationId":"bce40e76-833a-4b18-b8c0-09a4a0d55c20"}
{"component":"player-command","phase":"mutation","correlationId":"bce40e76-833a-4b18-b8c0-09a4a0d55c20","outcome":"completed","replayed":false}
{"component":"player-command","phase":"request","correlationId":"aa6b85a9-aac1-4137-84d9-6f138b0588a2"}
{"component":"player-command","phase":"authorization","correlationId":"aa6b85a9-aac1-4137-84d9-6f138b0588a2","outcome":"allowed"}
{"component":"player-command","phase":"consequence","correlationId":"bce40e76-833a-4b18-b8c0-09a4a0d55c20","replayed":false,"changes":3}
{"component":"player-command","phase":"opportunity","correlationId":"bce40e76-833a-4b18-b8c0-09a4a0d55c20","replayed":false,"changes":2}
{"component":"player-command","phase":"response","correlationId":"bce40e76-833a-4b18-b8c0-09a4a0d55c20","statusCode":200,"elapsedMs":131}
{"component":"player-command","phase":"response","correlationId":"aa6b85a9-aac1-4137-84d9-6f138b0588a2","statusCode":200,"elapsedMs":86}
{"component":"player-command","phase":"request","correlationId":"5be2ca1a-be27-4475-8eb2-4a39814a2ad5"}
{"component":"player-command","phase":"authorization","correlationId":"5be2ca1a-be27-4475-8eb2-4a39814a2ad5","outcome":"allowed"}
{"component":"player-command","phase":"response","correlationId":"5be2ca1a-be27-4475-8eb2-4a39814a2ad5","statusCode":200,"elapsedMs":56}
{"component":"player-command","phase":"request","correlationId":"eead2e5c-c291-4fc9-8695-4d75f7d052a9"}
{"component":"player-command","phase":"authorization","correlationId":"eead2e5c-c291-4fc9-8695-4d75f7d052a9","outcome":"allowed"}
{"component":"player-command","phase":"response","correlationId":"eead2e5c-c291-4fc9-8695-4d75f7d052a9","statusCode":200,"elapsedMs":53}
{"component":"player-command","phase":"request","correlationId":"b3f0e6db-a543-4508-aed5-20d9fe7e2daa"}
{"component":"player-command","phase":"authorization","correlationId":"b3f0e6db-a543-4508-aed5-20d9fe7e2daa","outcome":"allowed"}
{"component":"player-command","phase":"response","correlationId":"b3f0e6db-a543-4508-aed5-20d9fe7e2daa","statusCode":200,"elapsedMs":55}
{"component":"player-command","phase":"request","correlationId":"36284120-84ee-46b8-8fea-ccb65f558394"}
{"component":"player-command","phase":"authorization","correlationId":"36284120-84ee-46b8-8fea-ccb65f558394","outcome":"allowed"}
{"component":"player-command","phase":"command","correlationId":"36284120-84ee-46b8-8fea-ccb65f558394"}
{"component":"player-command","phase":"mutation","correlationId":"36284120-84ee-46b8-8fea-ccb65f558394","outcome":"completed","replayed":false}
{"component":"player-command","phase":"request","correlationId":"83a67cdc-dbf8-4b20-8b91-6056d51cd4a0"}
{"component":"player-command","phase":"authorization","correlationId":"83a67cdc-dbf8-4b20-8b91-6056d51cd4a0","outcome":"allowed"}
{"component":"player-command","phase":"consequence","correlationId":"36284120-84ee-46b8-8fea-ccb65f558394","replayed":false,"changes":5}
{"component":"player-command","phase":"opportunity","correlationId":"36284120-84ee-46b8-8fea-ccb65f558394","replayed":false,"changes":2}
{"component":"player-command","phase":"response","correlationId":"36284120-84ee-46b8-8fea-ccb65f558394","statusCode":200,"elapsedMs":139}
{"component":"player-command","phase":"response","correlationId":"83a67cdc-dbf8-4b20-8b91-6056d51cd4a0","statusCode":200,"elapsedMs":90}
{"component":"player-command","phase":"request","correlationId":"bb361c68-9254-4d10-825d-a82d69a5990c"}
{"component":"player-command","phase":"authorization","correlationId":"bb361c68-9254-4d10-825d-a82d69a5990c","outcome":"allowed"}
{"component":"player-command","phase":"response","correlationId":"bb361c68-9254-4d10-825d-a82d69a5990c","statusCode":200,"elapsedMs":60}
{"component":"player-command","phase":"request","correlationId":"5c313334-738a-49a7-8284-4a872e52c55f"}
{"component":"player-command","phase":"authorization","correlationId":"5c313334-738a-49a7-8284-4a872e52c55f","outcome":"allowed"}
{"component":"player-command","phase":"response","correlationId":"5c313334-738a-49a7-8284-4a872e52c55f","statusCode":200,"elapsedMs":54}
{"component":"player-command","phase":"request","correlationId":"f7287636-8460-4f71-8360-a1ec3d6081ad"}
{"component":"player-command","phase":"authorization","correlationId":"f7287636-8460-4f71-8360-a1ec3d6081ad","outcome":"allowed"}
{"component":"player-command","phase":"response","correlationId":"f7287636-8460-4f71-8360-a1ec3d6081ad","statusCode":200,"elapsedMs":60}
{"component":"player-command","phase":"request","correlationId":"27a7f6c1-728c-44f2-b962-f4174e216d45"}
{"component":"player-command","phase":"authorization","correlationId":"27a7f6c1-728c-44f2-b962-f4174e216d45","outcome":"allowed"}
{"component":"player-command","phase":"command","correlationId":"27a7f6c1-728c-44f2-b962-f4174e216d45"}
{"component":"player-command","phase":"mutation","correlationId":"27a7f6c1-728c-44f2-b962-f4174e216d45","outcome":"completed","replayed":false}
{"component":"player-command","phase":"request","correlationId":"7e5f5e06-f39c-44c6-9b7b-1c2809908e6c"}
{"component":"player-command","phase":"authorization","correlationId":"7e5f5e06-f39c-44c6-9b7b-1c2809908e6c","outcome":"allowed"}
{"component":"player-command","phase":"consequence","correlationId":"27a7f6c1-728c-44f2-b962-f4174e216d45","replayed":false,"changes":1}
{"component":"player-command","phase":"opportunity","correlationId":"27a7f6c1-728c-44f2-b962-f4174e216d45","replayed":false,"changes":0}
{"component":"player-command","phase":"response","correlationId":"27a7f6c1-728c-44f2-b962-f4174e216d45","statusCode":200,"elapsedMs":139}
{"component":"player-command","phase":"response","correlationId":"7e5f5e06-f39c-44c6-9b7b-1c2809908e6c","statusCode":200,"elapsedMs":80}
{"component":"player-command","phase":"request","correlationId":"46124f1f-ab5a-4c4c-9198-5a08d4bdd3cb"}
{"component":"player-command","phase":"authorization","correlationId":"46124f1f-ab5a-4c4c-9198-5a08d4bdd3cb","outcome":"allowed"}
{"component":"player-command","phase":"response","correlationId":"46124f1f-ab5a-4c4c-9198-5a08d4bdd3cb","statusCode":200,"elapsedMs":57}
{"component":"player-command","phase":"request","correlationId":"f5959576-75da-4402-ab5c-fe4ff31edb9c"}
{"component":"player-command","phase":"authorization","correlationId":"f5959576-75da-4402-ab5c-fe4ff31edb9c","outcome":"allowed"}
{"component":"player-command","phase":"response","correlationId":"f5959576-75da-4402-ab5c-fe4ff31edb9c","statusCode":200,"elapsedMs":54}
{"component":"player-command","phase":"request","correlationId":"26dd3115-6fbc-4af6-b019-c51bb2f62b12"}
{"component":"player-command","phase":"authorization","correlationId":"26dd3115-6fbc-4af6-b019-c51bb2f62b12","outcome":"allowed"}
{"component":"player-command","phase":"response","correlationId":"26dd3115-6fbc-4af6-b019-c51bb2f62b12","statusCode":200,"elapsedMs":58}
{"component":"player-command","phase":"request","correlationId":"1ea35307-841e-40b2-b7d5-4be8d5da5ff6"}
{"component":"player-command","phase":"authorization","correlationId":"1ea35307-841e-40b2-b7d5-4be8d5da5ff6","outcome":"allowed"}
{"component":"player-command","phase":"command","correlationId":"1ea35307-841e-40b2-b7d5-4be8d5da5ff6"}
{"component":"player-command","phase":"mutation","correlationId":"1ea35307-841e-40b2-b7d5-4be8d5da5ff6","outcome":"completed","replayed":false}
{"component":"player-command","phase":"request","correlationId":"05a8cd31-5944-4143-9f23-a5a0d0bb3184"}
{"component":"player-command","phase":"authorization","correlationId":"05a8cd31-5944-4143-9f23-a5a0d0bb3184","outcome":"allowed"}
{"component":"player-command","phase":"consequence","correlationId":"1ea35307-841e-40b2-b7d5-4be8d5da5ff6","replayed":false,"changes":2}
{"component":"player-command","phase":"opportunity","correlationId":"1ea35307-841e-40b2-b7d5-4be8d5da5ff6","replayed":false,"changes":0}
{"component":"player-command","phase":"response","correlationId":"1ea35307-841e-40b2-b7d5-4be8d5da5ff6","statusCode":200,"elapsedMs":140}
{"component":"player-command","phase":"response","correlationId":"05a8cd31-5944-4143-9f23-a5a0d0bb3184","statusCode":200,"elapsedMs":84}
{"component":"player-command","phase":"request","correlationId":"f2a60ab8-e6d2-4d0c-8cf1-b28a7029308e"}
{"component":"player-command","phase":"authorization","correlationId":"f2a60ab8-e6d2-4d0c-8cf1-b28a7029308e","outcome":"allowed"}
{"component":"player-command","phase":"response","correlationId":"f2a60ab8-e6d2-4d0c-8cf1-b28a7029308e","statusCode":200,"elapsedMs":57}
{"component":"player-command","phase":"request","correlationId":"bb839337-73fd-477b-aebf-86817f3a3b74"}
{"component":"player-command","phase":"authorization","correlationId":"bb839337-73fd-477b-aebf-86817f3a3b74","outcome":"allowed"}
{"component":"player-command","phase":"response","correlationId":"bb839337-73fd-477b-aebf-86817f3a3b74","statusCode":200,"elapsedMs":53}
{"component":"player-command","phase":"request","correlationId":"b6355116-c98b-482a-abda-e62561ed8897"}
{"component":"player-command","phase":"authorization","correlationId":"b6355116-c98b-482a-abda-e62561ed8897","outcome":"allowed"}
{"component":"player-command","phase":"response","correlationId":"b6355116-c98b-482a-abda-e62561ed8897","statusCode":200,"elapsedMs":66}
{"component":"player-command","phase":"request","correlationId":"20c7d6f8-3cfc-4afc-b9e0-bd681a8d8fa2"}
{"component":"player-command","phase":"authorization","correlationId":"20c7d6f8-3cfc-4afc-b9e0-bd681a8d8fa2","outcome":"allowed"}
{"component":"player-command","phase":"command","correlationId":"20c7d6f8-3cfc-4afc-b9e0-bd681a8d8fa2"}
{"component":"player-command","phase":"mutation","correlationId":"20c7d6f8-3cfc-4afc-b9e0-bd681a8d8fa2","outcome":"completed","replayed":false}
{"component":"player-command","phase":"request","correlationId":"2ae69a34-ab04-4fd7-bac8-8b3a7f1af840"}
{"component":"player-command","phase":"authorization","correlationId":"2ae69a34-ab04-4fd7-bac8-8b3a7f1af840","outcome":"allowed"}
{"component":"player-command","phase":"response","correlationId":"2ae69a34-ab04-4fd7-bac8-8b3a7f1af840","statusCode":200,"elapsedMs":67}
{"component":"player-command","phase":"consequence","correlationId":"20c7d6f8-3cfc-4afc-b9e0-bd681a8d8fa2","replayed":false,"changes":1}
{"component":"player-command","phase":"opportunity","correlationId":"20c7d6f8-3cfc-4afc-b9e0-bd681a8d8fa2","replayed":false,"changes":0}
{"component":"player-command","phase":"response","correlationId":"20c7d6f8-3cfc-4afc-b9e0-bd681a8d8fa2","statusCode":200,"elapsedMs":167}
{"component":"player-command","phase":"request","correlationId":"d5d09048-b3ee-47bf-aa25-d9fa1cdb5882"}
{"component":"player-command","phase":"authorization","correlationId":"d5d09048-b3ee-47bf-aa25-d9fa1cdb5882","outcome":"allowed"}
{"component":"player-command","phase":"response","correlationId":"d5d09048-b3ee-47bf-aa25-d9fa1cdb5882","statusCode":200,"elapsedMs":64}
{"component":"player-command","phase":"request","correlationId":"0d8fcb5a-dbfc-45e8-ac7d-b835a46046c7"}
{"component":"player-command","phase":"authorization","correlationId":"0d8fcb5a-dbfc-45e8-ac7d-b835a46046c7","outcome":"allowed"}
{"component":"player-command","phase":"response","correlationId":"0d8fcb5a-dbfc-45e8-ac7d-b835a46046c7","statusCode":200,"elapsedMs":63}
{"component":"player-command","phase":"request","correlationId":"969a0510-8fd1-40d9-b687-06664ec58c61"}
{"component":"player-command","phase":"authorization","correlationId":"969a0510-8fd1-40d9-b687-06664ec58c61","outcome":"allowed"}
{"component":"player-command","phase":"response","correlationId":"969a0510-8fd1-40d9-b687-06664ec58c61","statusCode":200,"elapsedMs":64}
{"component":"player-command","phase":"request","correlationId":"a4e1cf3c-88b5-4f84-acdf-0deb9edcf305"}
{"component":"player-command","phase":"authorization","correlationId":"a4e1cf3c-88b5-4f84-acdf-0deb9edcf305","outcome":"allowed"}
{"component":"player-command","phase":"command","correlationId":"a4e1cf3c-88b5-4f84-acdf-0deb9edcf305"}
{"component":"player-command","phase":"mutation","correlationId":"a4e1cf3c-88b5-4f84-acdf-0deb9edcf305","outcome":"completed","replayed":false}
{"component":"player-command","phase":"request","correlationId":"7c9e4dae-c0b7-4b8d-8f73-0c4e413c7855"}
{"component":"player-command","phase":"authorization","correlationId":"7c9e4dae-c0b7-4b8d-8f73-0c4e413c7855","outcome":"allowed"}
{"component":"player-command","phase":"response","correlationId":"7c9e4dae-c0b7-4b8d-8f73-0c4e413c7855","statusCode":200,"elapsedMs":53}
{"component":"player-command","phase":"request","correlationId":"f26fe878-1157-4380-a898-109066a99dd6"}
{"component":"player-command","phase":"authorization","correlationId":"f26fe878-1157-4380-a898-109066a99dd6","outcome":"allowed"}
{"component":"player-command","phase":"consequence","correlationId":"a4e1cf3c-88b5-4f84-acdf-0deb9edcf305","replayed":false,"changes":23}
{"component":"player-command","phase":"opportunity","correlationId":"a4e1cf3c-88b5-4f84-acdf-0deb9edcf305","replayed":false,"changes":21}
{"component":"player-command","phase":"response","correlationId":"a4e1cf3c-88b5-4f84-acdf-0deb9edcf305","statusCode":200,"elapsedMs":164}
{"component":"player-command","phase":"request","correlationId":"c152f1a4-6f8d-453c-b24a-c6340c16faeb"}
{"component":"player-command","phase":"authorization","correlationId":"c152f1a4-6f8d-453c-b24a-c6340c16faeb","outcome":"allowed"}
{"component":"player-command","phase":"response","correlationId":"f26fe878-1157-4380-a898-109066a99dd6","statusCode":200,"elapsedMs":70}
{"component":"player-command","phase":"response","correlationId":"c152f1a4-6f8d-453c-b24a-c6340c16faeb","statusCode":200,"elapsedMs":70}
{"component":"player-command","phase":"request","correlationId":"0c746e7b-33f9-4f12-8f3f-f88228965db2"}
{"component":"player-command","phase":"authorization","correlationId":"0c746e7b-33f9-4f12-8f3f-f88228965db2","outcome":"allowed"}
{"component":"player-command","phase":"response","correlationId":"0c746e7b-33f9-4f12-8f3f-f88228965db2","statusCode":200,"elapsedMs":71}
{"component":"player-command","phase":"request","correlationId":"b6ee2106-236c-40cf-8e28-33efbf6a7096"}
{"component":"player-command","phase":"authorization","correlationId":"b6ee2106-236c-40cf-8e28-33efbf6a7096","outcome":"allowed"}
{"component":"player-command","phase":"response","correlationId":"b6ee2106-236c-40cf-8e28-33efbf6a7096","statusCode":200,"elapsedMs":63}
{"component":"player-command","phase":"request","correlationId":"d6809eb4-b7b1-4b1f-b3d2-d00401b15895"}
{"component":"player-command","phase":"authorization","correlationId":"d6809eb4-b7b1-4b1f-b3d2-d00401b15895","outcome":"allowed"}
{"component":"player-command","phase":"response","correlationId":"d6809eb4-b7b1-4b1f-b3d2-d00401b15895","statusCode":200,"elapsedMs":59}
{"component":"player-command","phase":"request","correlationId":"ac47be23-5f41-439e-ac8d-d0f2f275701f"}
{"component":"player-command","phase":"authorization","correlationId":"ac47be23-5f41-439e-ac8d-d0f2f275701f","outcome":"allowed"}
{"component":"player-command","phase":"response","correlationId":"ac47be23-5f41-439e-ac8d-d0f2f275701f","statusCode":200,"elapsedMs":58}
{"component":"player-command","phase":"request","correlationId":"9d0730ce-65af-455f-9d6e-b520325dd7eb"}
{"component":"player-command","phase":"authorization","correlationId":"9d0730ce-65af-455f-9d6e-b520325dd7eb","outcome":"allowed"}
{"component":"player-command","phase":"command","correlationId":"9d0730ce-65af-455f-9d6e-b520325dd7eb"}
{"component":"player-command","phase":"mutation","correlationId":"9d0730ce-65af-455f-9d6e-b520325dd7eb","outcome":"completed","replayed":false}
{"component":"player-command","phase":"consequence","correlationId":"9d0730ce-65af-455f-9d6e-b520325dd7eb","replayed":false,"changes":3}
{"component":"player-command","phase":"opportunity","correlationId":"9d0730ce-65af-455f-9d6e-b520325dd7eb","replayed":false,"changes":1}
{"component":"player-command","phase":"response","correlationId":"9d0730ce-65af-455f-9d6e-b520325dd7eb","statusCode":200,"elapsedMs":153}
{"component":"player-command","phase":"request","correlationId":"e683001f-ad0c-48ea-b88b-fe2c354a6446"}
{"component":"player-command","phase":"authorization","correlationId":"e683001f-ad0c-48ea-b88b-fe2c354a6446","outcome":"allowed"}
{"component":"player-command","phase":"response","correlationId":"e683001f-ad0c-48ea-b88b-fe2c354a6446","statusCode":200,"elapsedMs":65}
{"component":"player-command","phase":"request","correlationId":"d8b5c4ef-aebc-40df-b992-bb8d6104e16b"}
{"component":"player-command","phase":"authorization","correlationId":"d8b5c4ef-aebc-40df-b992-bb8d6104e16b","outcome":"allowed"}
{"component":"player-command","phase":"response","correlationId":"d8b5c4ef-aebc-40df-b992-bb8d6104e16b","statusCode":200,"elapsedMs":73}
{"component":"player-command","phase":"request","correlationId":"65d5854b-a515-4409-bfa9-a0544e176c1a"}
{"component":"player-command","phase":"authorization","correlationId":"65d5854b-a515-4409-bfa9-a0544e176c1a","outcome":"allowed"}
{"component":"player-command","phase":"response","correlationId":"65d5854b-a515-4409-bfa9-a0544e176c1a","statusCode":200,"elapsedMs":81}
{"component":"player-command","phase":"request","correlationId":"09bb1870-10a7-41d3-b401-eb98060e40d7"}
{"component":"player-command","phase":"authorization","correlationId":"09bb1870-10a7-41d3-b401-eb98060e40d7","outcome":"allowed"}
{"component":"player-command","phase":"command","correlationId":"09bb1870-10a7-41d3-b401-eb98060e40d7"}
{"component":"player-command","phase":"mutation","correlationId":"09bb1870-10a7-41d3-b401-eb98060e40d7","outcome":"completed","replayed":false}
{"component":"player-command","phase":"consequence","correlationId":"09bb1870-10a7-41d3-b401-eb98060e40d7","replayed":false,"changes":3}
{"component":"player-command","phase":"opportunity","correlationId":"09bb1870-10a7-41d3-b401-eb98060e40d7","replayed":false,"changes":2}
{"component":"player-command","phase":"response","correlationId":"09bb1870-10a7-41d3-b401-eb98060e40d7","statusCode":200,"elapsedMs":163}
{"component":"player-command","phase":"request","correlationId":"52f36684-6d91-4f63-a876-9f46ceb3ab4e"}
{"component":"player-command","phase":"authorization","correlationId":"52f36684-6d91-4f63-a876-9f46ceb3ab4e","outcome":"allowed"}
{"component":"player-command","phase":"response","correlationId":"52f36684-6d91-4f63-a876-9f46ceb3ab4e","statusCode":200,"elapsedMs":77}
{"component":"player-command","phase":"request","correlationId":"9456330c-040a-4fb8-b478-8a93254fcc7c"}
{"component":"player-command","phase":"authorization","correlationId":"9456330c-040a-4fb8-b478-8a93254fcc7c","outcome":"allowed"}
{"component":"player-command","phase":"response","correlationId":"9456330c-040a-4fb8-b478-8a93254fcc7c","statusCode":200,"elapsedMs":70}
{"component":"player-command","phase":"request","correlationId":"27a42dd3-9f84-4596-9035-962c90d29693"}
{"component":"player-command","phase":"authorization","correlationId":"27a42dd3-9f84-4596-9035-962c90d29693","outcome":"allowed"}
{"component":"player-command","phase":"response","correlationId":"27a42dd3-9f84-4596-9035-962c90d29693","statusCode":200,"elapsedMs":69}
{"component":"player-command","phase":"request","correlationId":"0d95e290-8ac5-42ab-b765-ab75233a5577"}
{"component":"player-command","phase":"authorization","correlationId":"0d95e290-8ac5-42ab-b765-ab75233a5577","outcome":"allowed"}
{"component":"player-command","phase":"response","correlationId":"0d95e290-8ac5-42ab-b765-ab75233a5577","statusCode":200,"elapsedMs":73}
{"component":"player-command","phase":"request","correlationId":"a3fc8e61-fc6c-42ce-983b-719db676b3f4"}
{"component":"player-command","phase":"authorization","correlationId":"a3fc8e61-fc6c-42ce-983b-719db676b3f4","outcome":"allowed"}
{"component":"player-command","phase":"command","correlationId":"a3fc8e61-fc6c-42ce-983b-719db676b3f4"}
{"component":"player-command","phase":"mutation","correlationId":"a3fc8e61-fc6c-42ce-983b-719db676b3f4","outcome":"completed","replayed":false}
{"component":"player-command","phase":"consequence","correlationId":"a3fc8e61-fc6c-42ce-983b-719db676b3f4","replayed":false,"changes":2}
{"component":"player-command","phase":"opportunity","correlationId":"a3fc8e61-fc6c-42ce-983b-719db676b3f4","replayed":false,"changes":2}
{"component":"player-command","phase":"response","correlationId":"a3fc8e61-fc6c-42ce-983b-719db676b3f4","statusCode":200,"elapsedMs":157}
{"component":"player-command","phase":"request","correlationId":"8f328c0b-a6b9-4d4d-bd3e-ba2084d4bd3c"}
{"component":"player-command","phase":"authorization","correlationId":"8f328c0b-a6b9-4d4d-bd3e-ba2084d4bd3c","outcome":"allowed"}
{"component":"player-command","phase":"response","correlationId":"8f328c0b-a6b9-4d4d-bd3e-ba2084d4bd3c","statusCode":200,"elapsedMs":80}
{"component":"player-command","phase":"request","correlationId":"1b17bbbc-cc28-441e-a390-dec6dcd9330f"}
{"component":"player-command","phase":"authorization","correlationId":"1b17bbbc-cc28-441e-a390-dec6dcd9330f","outcome":"allowed"}
{"component":"player-command","phase":"response","correlationId":"1b17bbbc-cc28-441e-a390-dec6dcd9330f","statusCode":200,"elapsedMs":79}
{"component":"player-command","phase":"request","correlationId":"ecad9a39-548c-473c-b6b0-64982f001830"}
{"component":"player-command","phase":"authorization","correlationId":"ecad9a39-548c-473c-b6b0-64982f001830","outcome":"allowed"}
{"component":"player-command","phase":"response","correlationId":"ecad9a39-548c-473c-b6b0-64982f001830","statusCode":200,"elapsedMs":84}
{"component":"player-command","phase":"request","correlationId":"7d35f33d-1005-4249-974c-3f7c6ff261c6"}
{"component":"player-command","phase":"authorization","correlationId":"7d35f33d-1005-4249-974c-3f7c6ff261c6","outcome":"allowed"}
{"component":"player-command","phase":"response","correlationId":"7d35f33d-1005-4249-974c-3f7c6ff261c6","statusCode":200,"elapsedMs":111}
{"component":"player-command","phase":"request","correlationId":"19fa9ddf-3b67-4ef4-aaa8-b0f0e3ec2911"}
{"component":"player-command","phase":"authorization","correlationId":"19fa9ddf-3b67-4ef4-aaa8-b0f0e3ec2911","outcome":"allowed"}
{"component":"player-command","phase":"command","correlationId":"19fa9ddf-3b67-4ef4-aaa8-b0f0e3ec2911"}
{"component":"player-command","phase":"mutation","correlationId":"19fa9ddf-3b67-4ef4-aaa8-b0f0e3ec2911","outcome":"completed","replayed":false}
{"component":"player-command","phase":"consequence","correlationId":"19fa9ddf-3b67-4ef4-aaa8-b0f0e3ec2911","replayed":false,"changes":2}
{"component":"player-command","phase":"opportunity","correlationId":"19fa9ddf-3b67-4ef4-aaa8-b0f0e3ec2911","replayed":false,"changes":2}
{"component":"player-command","phase":"response","correlationId":"19fa9ddf-3b67-4ef4-aaa8-b0f0e3ec2911","statusCode":200,"elapsedMs":156}
{"component":"player-command","phase":"request","correlationId":"adef5054-b610-4978-9839-2eb5311b0836"}
{"component":"player-command","phase":"authorization","correlationId":"adef5054-b610-4978-9839-2eb5311b0836","outcome":"allowed"}
{"component":"player-command","phase":"response","correlationId":"adef5054-b610-4978-9839-2eb5311b0836","statusCode":200,"elapsedMs":82}
{"component":"player-command","phase":"request","correlationId":"126e01bb-10a0-4241-a2c1-f25e700e69dd"}
{"component":"player-command","phase":"authorization","correlationId":"126e01bb-10a0-4241-a2c1-f25e700e69dd","outcome":"allowed"}
{"component":"player-command","phase":"response","correlationId":"126e01bb-10a0-4241-a2c1-f25e700e69dd","statusCode":200,"elapsedMs":74}
{"component":"player-command","phase":"request","correlationId":"8ea208b4-464c-49fb-ac0b-8c7ba1945d1b"}
{"component":"player-command","phase":"authorization","correlationId":"8ea208b4-464c-49fb-ac0b-8c7ba1945d1b","outcome":"allowed"}
{"component":"player-command","phase":"response","correlationId":"8ea208b4-464c-49fb-ac0b-8c7ba1945d1b","statusCode":200,"elapsedMs":79}
{"component":"player-command","phase":"request","correlationId":"0567822b-c245-4040-972b-73d217c5281e"}
{"component":"player-command","phase":"authorization","correlationId":"0567822b-c245-4040-972b-73d217c5281e","outcome":"allowed"}
{"component":"player-command","phase":"response","correlationId":"0567822b-c245-4040-972b-73d217c5281e","statusCode":200,"elapsedMs":78}
{"component":"player-command","phase":"request","correlationId":"8a055b47-e7cf-44eb-9848-846dbbcbf211"}
{"component":"player-command","phase":"authorization","correlationId":"8a055b47-e7cf-44eb-9848-846dbbcbf211","outcome":"allowed"}
{"component":"player-command","phase":"command","correlationId":"8a055b47-e7cf-44eb-9848-846dbbcbf211"}
{"component":"player-command","phase":"mutation","correlationId":"8a055b47-e7cf-44eb-9848-846dbbcbf211","outcome":"completed","replayed":false}
{"component":"player-command","phase":"consequence","correlationId":"8a055b47-e7cf-44eb-9848-846dbbcbf211","replayed":false,"changes":8}
{"component":"player-command","phase":"opportunity","correlationId":"8a055b47-e7cf-44eb-9848-846dbbcbf211","replayed":false,"changes":6}
{"component":"player-command","phase":"response","correlationId":"8a055b47-e7cf-44eb-9848-846dbbcbf211","statusCode":200,"elapsedMs":171}
{"component":"player-command","phase":"request","correlationId":"63d3f65e-b8bf-4960-8270-3e5bff05daaf"}
{"component":"player-command","phase":"authorization","correlationId":"63d3f65e-b8bf-4960-8270-3e5bff05daaf","outcome":"allowed"}
{"component":"player-command","phase":"response","correlationId":"63d3f65e-b8bf-4960-8270-3e5bff05daaf","statusCode":200,"elapsedMs":88}
{"component":"player-command","phase":"request","correlationId":"d3d4c015-a0d5-4cf1-9440-39075815c5f9"}
{"component":"player-command","phase":"authorization","correlationId":"d3d4c015-a0d5-4cf1-9440-39075815c5f9","outcome":"allowed"}
{"component":"player-command","phase":"response","correlationId":"d3d4c015-a0d5-4cf1-9440-39075815c5f9","statusCode":200,"elapsedMs":79}
{"component":"player-command","phase":"request","correlationId":"2ba1cf86-f783-4ad7-9e76-6d7f5cb64077"}
{"component":"player-command","phase":"authorization","correlationId":"2ba1cf86-f783-4ad7-9e76-6d7f5cb64077","outcome":"allowed"}
{"component":"player-command","phase":"response","correlationId":"2ba1cf86-f783-4ad7-9e76-6d7f5cb64077","statusCode":200,"elapsedMs":89}
{"component":"player-command","phase":"request","correlationId":"f48d7bcc-468b-46c1-aedb-c136234681d8"}
{"component":"player-command","phase":"authorization","correlationId":"f48d7bcc-468b-46c1-aedb-c136234681d8","outcome":"allowed"}
{"component":"player-command","phase":"response","correlationId":"f48d7bcc-468b-46c1-aedb-c136234681d8","statusCode":200,"elapsedMs":84}
{"component":"player-command","phase":"request","correlationId":"4e34876b-87b4-4044-80f4-a124fe601844"}
{"component":"player-command","phase":"authorization","correlationId":"4e34876b-87b4-4044-80f4-a124fe601844","outcome":"allowed"}
{"component":"player-command","phase":"command","correlationId":"4e34876b-87b4-4044-80f4-a124fe601844"}
{"component":"player-command","phase":"mutation","correlationId":"4e34876b-87b4-4044-80f4-a124fe601844","outcome":"completed","replayed":false}
{"component":"player-command","phase":"consequence","correlationId":"4e34876b-87b4-4044-80f4-a124fe601844","replayed":false,"changes":1}
{"component":"player-command","phase":"opportunity","correlationId":"4e34876b-87b4-4044-80f4-a124fe601844","replayed":false,"changes":1}
{"component":"player-command","phase":"response","correlationId":"4e34876b-87b4-4044-80f4-a124fe601844","statusCode":200,"elapsedMs":177}
{"component":"player-command","phase":"request","correlationId":"c6dfa18c-766e-49f2-82d6-e2e351f48e8c"}
{"component":"player-command","phase":"authorization","correlationId":"c6dfa18c-766e-49f2-82d6-e2e351f48e8c","outcome":"allowed"}
{"component":"player-command","phase":"response","correlationId":"c6dfa18c-766e-49f2-82d6-e2e351f48e8c","statusCode":200,"elapsedMs":101}
{"component":"player-command","phase":"request","correlationId":"fd1d2c88-a5bb-4907-8dfd-35cb9446bde7"}
{"component":"player-command","phase":"authorization","correlationId":"fd1d2c88-a5bb-4907-8dfd-35cb9446bde7","outcome":"allowed"}
{"component":"player-command","phase":"response","correlationId":"fd1d2c88-a5bb-4907-8dfd-35cb9446bde7","statusCode":200,"elapsedMs":78}
{"component":"player-command","phase":"request","correlationId":"68a86977-35ba-4acb-ba94-4d27f6a4dfd9"}
{"component":"player-command","phase":"authorization","correlationId":"68a86977-35ba-4acb-ba94-4d27f6a4dfd9","outcome":"allowed"}
{"component":"player-command","phase":"response","correlationId":"68a86977-35ba-4acb-ba94-4d27f6a4dfd9","statusCode":200,"elapsedMs":94}
{"component":"player-command","phase":"request","correlationId":"2c99dbd2-d6b4-413f-81ff-2f03c619bacb"}
{"component":"player-command","phase":"authorization","correlationId":"2c99dbd2-d6b4-413f-81ff-2f03c619bacb","outcome":"allowed"}
{"component":"player-command","phase":"response","correlationId":"2c99dbd2-d6b4-413f-81ff-2f03c619bacb","statusCode":200,"elapsedMs":63}
{"component":"player-command","phase":"request","correlationId":"41b11af3-d5f8-4491-8c14-f9453d8183b3"}
{"component":"player-command","phase":"authorization","correlationId":"41b11af3-d5f8-4491-8c14-f9453d8183b3","outcome":"allowed"}
{"component":"player-command","phase":"response","correlationId":"41b11af3-d5f8-4491-8c14-f9453d8183b3","statusCode":200,"elapsedMs":63}
{"component":"player-command","phase":"request","correlationId":"56222853-ee99-4bd2-ab70-a4d94784592b"}
{"component":"player-command","phase":"authorization","correlationId":"56222853-ee99-4bd2-ab70-a4d94784592b","outcome":"allowed"}
{"component":"player-command","phase":"command","correlationId":"56222853-ee99-4bd2-ab70-a4d94784592b"}
{"component":"player-command","phase":"mutation","correlationId":"56222853-ee99-4bd2-ab70-a4d94784592b","outcome":"completed","replayed":false}
{"component":"player-command","phase":"consequence","correlationId":"56222853-ee99-4bd2-ab70-a4d94784592b","replayed":false,"changes":3}
{"component":"player-command","phase":"opportunity","correlationId":"56222853-ee99-4bd2-ab70-a4d94784592b","replayed":false,"changes":1}
{"component":"player-command","phase":"response","correlationId":"56222853-ee99-4bd2-ab70-a4d94784592b","statusCode":200,"elapsedMs":129}
{"component":"player-command","phase":"request","correlationId":"af7c3dfd-6609-4f38-af92-9fa5f658c10a"}
{"component":"player-command","phase":"authorization","correlationId":"af7c3dfd-6609-4f38-af92-9fa5f658c10a","outcome":"allowed"}
{"component":"player-command","phase":"response","correlationId":"af7c3dfd-6609-4f38-af92-9fa5f658c10a","statusCode":200,"elapsedMs":56}
{"component":"player-command","phase":"request","correlationId":"51c7a79a-d743-4b09-a15a-4609e716f748"}
{"component":"player-command","phase":"authorization","correlationId":"51c7a79a-d743-4b09-a15a-4609e716f748","outcome":"allowed"}
{"component":"player-command","phase":"response","correlationId":"51c7a79a-d743-4b09-a15a-4609e716f748","statusCode":200,"elapsedMs":68}
{"component":"player-command","phase":"request","correlationId":"f71278c4-9143-4658-8100-5442b8fea20b"}
{"component":"player-command","phase":"authorization","correlationId":"f71278c4-9143-4658-8100-5442b8fea20b","outcome":"allowed"}
{"component":"player-command","phase":"response","correlationId":"f71278c4-9143-4658-8100-5442b8fea20b","statusCode":200,"elapsedMs":70}
{"component":"player-command","phase":"request","correlationId":"8834fae9-1f79-496b-a155-3b7915f1f771"}
{"component":"player-command","phase":"authorization","correlationId":"8834fae9-1f79-496b-a155-3b7915f1f771","outcome":"allowed"}
{"component":"player-command","phase":"command","correlationId":"8834fae9-1f79-496b-a155-3b7915f1f771"}
{"component":"player-command","phase":"mutation","correlationId":"8834fae9-1f79-496b-a155-3b7915f1f771","outcome":"completed","replayed":false}
{"component":"player-command","phase":"consequence","correlationId":"8834fae9-1f79-496b-a155-3b7915f1f771","replayed":false,"changes":3}
{"component":"player-command","phase":"opportunity","correlationId":"8834fae9-1f79-496b-a155-3b7915f1f771","replayed":false,"changes":2}
{"component":"player-command","phase":"response","correlationId":"8834fae9-1f79-496b-a155-3b7915f1f771","statusCode":200,"elapsedMs":149}
{"component":"player-command","phase":"request","correlationId":"f3ac2897-59ed-47f1-94a6-807334865778"}
{"component":"player-command","phase":"authorization","correlationId":"f3ac2897-59ed-47f1-94a6-807334865778","outcome":"allowed"}
{"component":"player-command","phase":"response","correlationId":"f3ac2897-59ed-47f1-94a6-807334865778","statusCode":200,"elapsedMs":83}
{"component":"player-command","phase":"request","correlationId":"274591e6-5339-478d-8276-c179cd52503a"}
{"component":"player-command","phase":"authorization","correlationId":"274591e6-5339-478d-8276-c179cd52503a","outcome":"allowed"}
{"component":"player-command","phase":"response","correlationId":"274591e6-5339-478d-8276-c179cd52503a","statusCode":200,"elapsedMs":74}
{"component":"player-command","phase":"request","correlationId":"59836f7d-8294-49d9-8cd5-d6a36efb75c5"}
{"component":"player-command","phase":"authorization","correlationId":"59836f7d-8294-49d9-8cd5-d6a36efb75c5","outcome":"allowed"}
{"component":"player-command","phase":"response","correlationId":"59836f7d-8294-49d9-8cd5-d6a36efb75c5","statusCode":200,"elapsedMs":60}
{"component":"player-command","phase":"request","correlationId":"c49c9b2c-e4e7-4edd-ac1d-a717b58b6f81"}
{"component":"player-command","phase":"authorization","correlationId":"c49c9b2c-e4e7-4edd-ac1d-a717b58b6f81","outcome":"allowed"}
{"component":"player-command","phase":"response","correlationId":"c49c9b2c-e4e7-4edd-ac1d-a717b58b6f81","statusCode":200,"elapsedMs":64}
{"component":"player-command","phase":"request","correlationId":"00d0ef7d-d9c9-421a-a932-3755c830f62e"}
{"component":"player-command","phase":"authorization","correlationId":"00d0ef7d-d9c9-421a-a932-3755c830f62e","outcome":"allowed"}
{"component":"player-command","phase":"command","correlationId":"00d0ef7d-d9c9-421a-a932-3755c830f62e"}
{"component":"player-command","phase":"mutation","correlationId":"00d0ef7d-d9c9-421a-a932-3755c830f62e","outcome":"completed","replayed":false}
{"component":"player-command","phase":"consequence","correlationId":"00d0ef7d-d9c9-421a-a932-3755c830f62e","replayed":false,"changes":2}
{"component":"player-command","phase":"opportunity","correlationId":"00d0ef7d-d9c9-421a-a932-3755c830f62e","replayed":false,"changes":2}
{"component":"player-command","phase":"response","correlationId":"00d0ef7d-d9c9-421a-a932-3755c830f62e","statusCode":200,"elapsedMs":138}
{"component":"player-command","phase":"request","correlationId":"9f1d3bce-6288-4de9-8e1a-c8892f5736ec"}
{"component":"player-command","phase":"authorization","correlationId":"9f1d3bce-6288-4de9-8e1a-c8892f5736ec","outcome":"allowed"}
{"component":"player-command","phase":"response","correlationId":"9f1d3bce-6288-4de9-8e1a-c8892f5736ec","statusCode":200,"elapsedMs":75}
{"component":"player-command","phase":"request","correlationId":"476498ce-306f-43f1-9130-7bc0152030be"}
{"component":"player-command","phase":"authorization","correlationId":"476498ce-306f-43f1-9130-7bc0152030be","outcome":"allowed"}
{"component":"player-command","phase":"response","correlationId":"476498ce-306f-43f1-9130-7bc0152030be","statusCode":200,"elapsedMs":69}
{"component":"player-command","phase":"request","correlationId":"d416e1e2-acf3-4670-b3ef-687ba07d1e70"}
{"component":"player-command","phase":"authorization","correlationId":"d416e1e2-acf3-4670-b3ef-687ba07d1e70","outcome":"allowed"}
{"component":"player-command","phase":"response","correlationId":"d416e1e2-acf3-4670-b3ef-687ba07d1e70","statusCode":200,"elapsedMs":80}
{"component":"player-command","phase":"request","correlationId":"8b165d9c-336b-4458-b284-d77ea1daa0b0"}
{"component":"player-command","phase":"authorization","correlationId":"8b165d9c-336b-4458-b284-d77ea1daa0b0","outcome":"allowed"}
{"component":"player-command","phase":"response","correlationId":"8b165d9c-336b-4458-b284-d77ea1daa0b0","statusCode":200,"elapsedMs":86}
{"component":"player-command","phase":"request","correlationId":"034bb980-0f9f-4756-879f-1b556070daed"}
{"component":"player-command","phase":"authorization","correlationId":"034bb980-0f9f-4756-879f-1b556070daed","outcome":"allowed"}
{"component":"player-command","phase":"command","correlationId":"034bb980-0f9f-4756-879f-1b556070daed"}
{"component":"player-command","phase":"mutation","correlationId":"034bb980-0f9f-4756-879f-1b556070daed","outcome":"completed","replayed":false}
{"component":"player-command","phase":"consequence","correlationId":"034bb980-0f9f-4756-879f-1b556070daed","replayed":false,"changes":2}
{"component":"player-command","phase":"opportunity","correlationId":"034bb980-0f9f-4756-879f-1b556070daed","replayed":false,"changes":2}
{"component":"player-command","phase":"response","correlationId":"034bb980-0f9f-4756-879f-1b556070daed","statusCode":200,"elapsedMs":179}
{"component":"player-command","phase":"request","correlationId":"51333007-56a1-48d7-8961-06003ea16a15"}
{"component":"player-command","phase":"authorization","correlationId":"51333007-56a1-48d7-8961-06003ea16a15","outcome":"allowed"}
{"component":"player-command","phase":"response","correlationId":"51333007-56a1-48d7-8961-06003ea16a15","statusCode":200,"elapsedMs":80}
{"component":"player-command","phase":"request","correlationId":"67600f76-704d-4ba2-b8b5-d74fe1d5b50f"}
{"component":"player-command","phase":"authorization","correlationId":"67600f76-704d-4ba2-b8b5-d74fe1d5b50f","outcome":"allowed"}
{"component":"player-command","phase":"response","correlationId":"67600f76-704d-4ba2-b8b5-d74fe1d5b50f","statusCode":200,"elapsedMs":81}
{"component":"player-command","phase":"request","correlationId":"afd87e88-1bb4-46de-b748-c4307ce1e02f"}
{"component":"player-command","phase":"authorization","correlationId":"afd87e88-1bb4-46de-b748-c4307ce1e02f","outcome":"allowed"}
{"component":"player-command","phase":"response","correlationId":"afd87e88-1bb4-46de-b748-c4307ce1e02f","statusCode":200,"elapsedMs":64}
{"component":"player-command","phase":"request","correlationId":"47149a7e-0835-4229-9611-2a5f1f6efc80"}
{"component":"player-command","phase":"authorization","correlationId":"47149a7e-0835-4229-9611-2a5f1f6efc80","outcome":"allowed"}
{"component":"player-command","phase":"response","correlationId":"47149a7e-0835-4229-9611-2a5f1f6efc80","statusCode":200,"elapsedMs":87}
{"component":"player-command","phase":"request","correlationId":"2b590196-74b1-420d-b83e-cd3376725ace"}
{"component":"player-command","phase":"authorization","correlationId":"2b590196-74b1-420d-b83e-cd3376725ace","outcome":"allowed"}
{"component":"player-command","phase":"command","correlationId":"2b590196-74b1-420d-b83e-cd3376725ace"}
{"component":"player-command","phase":"mutation","correlationId":"2b590196-74b1-420d-b83e-cd3376725ace","outcome":"completed","replayed":false}
{"component":"player-command","phase":"consequence","correlationId":"2b590196-74b1-420d-b83e-cd3376725ace","replayed":false,"changes":8}
{"component":"player-command","phase":"opportunity","correlationId":"2b590196-74b1-420d-b83e-cd3376725ace","replayed":false,"changes":6}
{"component":"player-command","phase":"response","correlationId":"2b590196-74b1-420d-b83e-cd3376725ace","statusCode":200,"elapsedMs":169}
{"component":"player-command","phase":"request","correlationId":"58b8453d-ac62-4b1b-819f-5f4f83e61609"}
{"component":"player-command","phase":"authorization","correlationId":"58b8453d-ac62-4b1b-819f-5f4f83e61609","outcome":"allowed"}
{"component":"player-command","phase":"response","correlationId":"58b8453d-ac62-4b1b-819f-5f4f83e61609","statusCode":200,"elapsedMs":94}
{"component":"player-command","phase":"request","correlationId":"bbfd4d8d-b195-4f62-97ca-9554701e891f"}
{"component":"player-command","phase":"authorization","correlationId":"bbfd4d8d-b195-4f62-97ca-9554701e891f","outcome":"allowed"}
{"component":"player-command","phase":"response","correlationId":"bbfd4d8d-b195-4f62-97ca-9554701e891f","statusCode":200,"elapsedMs":95}
{"component":"player-command","phase":"request","correlationId":"af2bbf6a-0bd4-4ffb-a977-c1708be4a90e"}
{"component":"player-command","phase":"authorization","correlationId":"af2bbf6a-0bd4-4ffb-a977-c1708be4a90e","outcome":"allowed"}
{"component":"player-command","phase":"response","correlationId":"af2bbf6a-0bd4-4ffb-a977-c1708be4a90e","statusCode":200,"elapsedMs":89}
{"component":"player-command","phase":"request","correlationId":"e0f3d782-bdb2-4e12-8e32-f0980e076416"}
{"component":"player-command","phase":"authorization","correlationId":"e0f3d782-bdb2-4e12-8e32-f0980e076416","outcome":"allowed"}
{"component":"player-command","phase":"response","correlationId":"e0f3d782-bdb2-4e12-8e32-f0980e076416","statusCode":200,"elapsedMs":88}
{"component":"player-command","phase":"request","correlationId":"2a00fefa-d10f-4f3c-a2d3-2ef5415dbd39"}
{"component":"player-command","phase":"authorization","correlationId":"2a00fefa-d10f-4f3c-a2d3-2ef5415dbd39","outcome":"allowed"}
{"component":"player-command","phase":"command","correlationId":"2a00fefa-d10f-4f3c-a2d3-2ef5415dbd39"}
{"component":"player-command","phase":"mutation","correlationId":"2a00fefa-d10f-4f3c-a2d3-2ef5415dbd39","outcome":"completed","replayed":false}
{"component":"player-command","phase":"consequence","correlationId":"2a00fefa-d10f-4f3c-a2d3-2ef5415dbd39","replayed":false,"changes":1}
{"component":"player-command","phase":"opportunity","correlationId":"2a00fefa-d10f-4f3c-a2d3-2ef5415dbd39","replayed":false,"changes":1}
{"component":"player-command","phase":"response","correlationId":"2a00fefa-d10f-4f3c-a2d3-2ef5415dbd39","statusCode":200,"elapsedMs":164}
{"component":"player-command","phase":"request","correlationId":"878cb34d-db48-4a75-8fc3-544bcb5f81dd"}
{"component":"player-command","phase":"authorization","correlationId":"878cb34d-db48-4a75-8fc3-544bcb5f81dd","outcome":"allowed"}
{"component":"player-command","phase":"response","correlationId":"878cb34d-db48-4a75-8fc3-544bcb5f81dd","statusCode":200,"elapsedMs":72}
{"component":"player-command","phase":"request","correlationId":"05c5deba-d8fc-43c3-aacc-0fe554eaa334"}
{"component":"player-command","phase":"authorization","correlationId":"05c5deba-d8fc-43c3-aacc-0fe554eaa334","outcome":"allowed"}
{"component":"player-command","phase":"response","correlationId":"05c5deba-d8fc-43c3-aacc-0fe554eaa334","statusCode":200,"elapsedMs":70}
{"component":"player-command","phase":"request","correlationId":"53081064-c69e-404b-942a-f9358ec8be66"}
{"component":"player-command","phase":"authorization","correlationId":"53081064-c69e-404b-942a-f9358ec8be66","outcome":"allowed"}
{"component":"player-command","phase":"response","correlationId":"53081064-c69e-404b-942a-f9358ec8be66","statusCode":200,"elapsedMs":66}
{"component":"player-command","phase":"request","correlationId":"f8f027b0-0058-4c90-86b7-7df3067412b5"}
{"component":"player-command","phase":"authorization","correlationId":"f8f027b0-0058-4c90-86b7-7df3067412b5","outcome":"allowed"}
{"component":"player-command","phase":"response","correlationId":"f8f027b0-0058-4c90-86b7-7df3067412b5","statusCode":200,"elapsedMs":70}
{"component":"player-command","phase":"request","correlationId":"eef3bc07-6bc5-47c2-9cbd-0de026befee4"}
{"component":"player-command","phase":"request","correlationId":"74ef7cde-2be7-401b-a368-fbfa4ec42cb5"}
{"component":"player-command","phase":"authorization","correlationId":"74ef7cde-2be7-401b-a368-fbfa4ec42cb5","outcome":"allowed"}
{"component":"player-command","phase":"authorization","correlationId":"eef3bc07-6bc5-47c2-9cbd-0de026befee4","outcome":"allowed"}
{"component":"player-command","phase":"command","correlationId":"eef3bc07-6bc5-47c2-9cbd-0de026befee4"}
{"component":"player-command","phase":"response","correlationId":"74ef7cde-2be7-401b-a368-fbfa4ec42cb5","statusCode":200,"elapsedMs":95}
{"component":"player-command","phase":"mutation","correlationId":"eef3bc07-6bc5-47c2-9cbd-0de026befee4","outcome":"completed","replayed":false}
{"component":"player-command","phase":"consequence","correlationId":"eef3bc07-6bc5-47c2-9cbd-0de026befee4","replayed":false,"changes":5}
{"component":"player-command","phase":"opportunity","correlationId":"eef3bc07-6bc5-47c2-9cbd-0de026befee4","replayed":false,"changes":1}
{"component":"player-command","phase":"response","correlationId":"eef3bc07-6bc5-47c2-9cbd-0de026befee4","statusCode":200,"elapsedMs":193}
{"component":"player-command","phase":"request","correlationId":"0efe4ce6-7307-419f-a818-8537a41d9af7"}
{"component":"player-command","phase":"authorization","correlationId":"0efe4ce6-7307-419f-a818-8537a41d9af7","outcome":"allowed"}
{"component":"player-command","phase":"response","correlationId":"0efe4ce6-7307-419f-a818-8537a41d9af7","statusCode":200,"elapsedMs":77}
{"component":"player-command","phase":"request","correlationId":"4aa2b0eb-45eb-4713-9f89-1c9b2ffbe55f"}
{"component":"player-command","phase":"authorization","correlationId":"4aa2b0eb-45eb-4713-9f89-1c9b2ffbe55f","outcome":"allowed"}
{"component":"player-command","phase":"response","correlationId":"4aa2b0eb-45eb-4713-9f89-1c9b2ffbe55f","statusCode":200,"elapsedMs":71}
{"component":"player-command","phase":"request","correlationId":"c0a80618-bec4-4af9-a3a5-eec1894e7d5d"}
{"component":"player-command","phase":"authorization","correlationId":"c0a80618-bec4-4af9-a3a5-eec1894e7d5d","outcome":"allowed"}
{"component":"player-command","phase":"response","correlationId":"c0a80618-bec4-4af9-a3a5-eec1894e7d5d","statusCode":200,"elapsedMs":81}
{"component":"player-command","phase":"request","correlationId":"67eb9ce0-8187-49f9-a740-7b7696f8db13"}
{"component":"player-command","phase":"authorization","correlationId":"67eb9ce0-8187-49f9-a740-7b7696f8db13","outcome":"allowed"}
{"component":"player-command","phase":"response","correlationId":"67eb9ce0-8187-49f9-a740-7b7696f8db13","statusCode":200,"elapsedMs":71}
{"component":"player-command","phase":"request","correlationId":"ecd0efbc-bb10-4aa3-949c-d36cb957f20b"}
{"component":"player-command","phase":"authorization","correlationId":"ecd0efbc-bb10-4aa3-949c-d36cb957f20b","outcome":"allowed"}
{"component":"player-command","phase":"command","correlationId":"ecd0efbc-bb10-4aa3-949c-d36cb957f20b"}
{"component":"player-command","phase":"mutation","correlationId":"ecd0efbc-bb10-4aa3-949c-d36cb957f20b","outcome":"completed","replayed":false}
{"component":"player-command","phase":"consequence","correlationId":"ecd0efbc-bb10-4aa3-949c-d36cb957f20b","replayed":false,"changes":3}
{"component":"player-command","phase":"opportunity","correlationId":"ecd0efbc-bb10-4aa3-949c-d36cb957f20b","replayed":false,"changes":2}
{"component":"player-command","phase":"response","correlationId":"ecd0efbc-bb10-4aa3-949c-d36cb957f20b","statusCode":200,"elapsedMs":157}
{"component":"player-command","phase":"request","correlationId":"3ed17c28-ba11-4153-8748-c51072d0acc2"}
{"component":"player-command","phase":"authorization","correlationId":"3ed17c28-ba11-4153-8748-c51072d0acc2","outcome":"allowed"}
{"component":"player-command","phase":"response","correlationId":"3ed17c28-ba11-4153-8748-c51072d0acc2","statusCode":200,"elapsedMs":71}
{"component":"player-command","phase":"request","correlationId":"43109564-869d-446b-8f82-d7951f95e573"}
{"component":"player-command","phase":"authorization","correlationId":"43109564-869d-446b-8f82-d7951f95e573","outcome":"allowed"}
{"component":"player-command","phase":"response","correlationId":"43109564-869d-446b-8f82-d7951f95e573","statusCode":200,"elapsedMs":81}
{"component":"player-command","phase":"request","correlationId":"2884aa86-3413-42cd-80ba-1320b86eee0e"}
{"component":"player-command","phase":"authorization","correlationId":"2884aa86-3413-42cd-80ba-1320b86eee0e","outcome":"allowed"}
{"component":"player-command","phase":"response","correlationId":"2884aa86-3413-42cd-80ba-1320b86eee0e","statusCode":200,"elapsedMs":68}
{"component":"player-command","phase":"request","correlationId":"a3a7042a-2be0-4436-9105-72ef8dc21910"}
{"component":"player-command","phase":"authorization","correlationId":"a3a7042a-2be0-4436-9105-72ef8dc21910","outcome":"allowed"}
{"component":"player-command","phase":"command","correlationId":"a3a7042a-2be0-4436-9105-72ef8dc21910"}
{"component":"player-command","phase":"mutation","correlationId":"a3a7042a-2be0-4436-9105-72ef8dc21910","outcome":"completed","replayed":false}
{"component":"player-command","phase":"consequence","correlationId":"a3a7042a-2be0-4436-9105-72ef8dc21910","replayed":false,"changes":5}
{"component":"player-command","phase":"opportunity","correlationId":"a3a7042a-2be0-4436-9105-72ef8dc21910","replayed":false,"changes":3}
{"component":"player-command","phase":"response","correlationId":"a3a7042a-2be0-4436-9105-72ef8dc21910","statusCode":200,"elapsedMs":149}
{"component":"player-command","phase":"request","correlationId":"88a82f5d-f4cd-467f-b19e-7b5a46ae0bc9"}
{"component":"player-command","phase":"authorization","correlationId":"88a82f5d-f4cd-467f-b19e-7b5a46ae0bc9","outcome":"allowed"}
{"component":"player-command","phase":"response","correlationId":"88a82f5d-f4cd-467f-b19e-7b5a46ae0bc9","statusCode":200,"elapsedMs":81}
{"component":"player-command","phase":"request","correlationId":"9dd24ca8-6fd6-43a8-aaed-630c33c255d2"}
{"component":"player-command","phase":"authorization","correlationId":"9dd24ca8-6fd6-43a8-aaed-630c33c255d2","outcome":"allowed"}
{"component":"player-command","phase":"response","correlationId":"9dd24ca8-6fd6-43a8-aaed-630c33c255d2","statusCode":200,"elapsedMs":83}
{"component":"player-command","phase":"request","correlationId":"00bb4746-bac0-4f3d-9e26-031133b68ea5"}
{"component":"player-command","phase":"authorization","correlationId":"00bb4746-bac0-4f3d-9e26-031133b68ea5","outcome":"allowed"}
{"component":"player-command","phase":"response","correlationId":"00bb4746-bac0-4f3d-9e26-031133b68ea5","statusCode":200,"elapsedMs":81}
{"component":"player-command","phase":"request","correlationId":"118fe47b-1807-4b22-9fb1-d921a11e690a"}
{"component":"player-command","phase":"authorization","correlationId":"118fe47b-1807-4b22-9fb1-d921a11e690a","outcome":"allowed"}
{"component":"player-command","phase":"response","correlationId":"118fe47b-1807-4b22-9fb1-d921a11e690a","statusCode":200,"elapsedMs":72}
{"component":"player-command","phase":"request","correlationId":"0b0b1507-b934-4974-95f0-f34a1a359a26"}
{"component":"player-command","phase":"authorization","correlationId":"0b0b1507-b934-4974-95f0-f34a1a359a26","outcome":"allowed"}
{"component":"player-command","phase":"command","correlationId":"0b0b1507-b934-4974-95f0-f34a1a359a26"}
{"component":"player-command","phase":"mutation","correlationId":"0b0b1507-b934-4974-95f0-f34a1a359a26","outcome":"completed","replayed":false}
{"component":"player-command","phase":"consequence","correlationId":"0b0b1507-b934-4974-95f0-f34a1a359a26","replayed":false,"changes":5}
{"component":"player-command","phase":"opportunity","correlationId":"0b0b1507-b934-4974-95f0-f34a1a359a26","replayed":false,"changes":4}
{"component":"player-command","phase":"response","correlationId":"0b0b1507-b934-4974-95f0-f34a1a359a26","statusCode":200,"elapsedMs":158}
{"component":"player-command","phase":"request","correlationId":"fccca0dd-bbca-4463-9d59-e995bd74ebbb"}
{"component":"player-command","phase":"authorization","correlationId":"fccca0dd-bbca-4463-9d59-e995bd74ebbb","outcome":"allowed"}
{"component":"player-command","phase":"response","correlationId":"fccca0dd-bbca-4463-9d59-e995bd74ebbb","statusCode":200,"elapsedMs":73}
{"component":"player-command","phase":"request","correlationId":"110e1d34-9ef3-470f-82e3-e486803a4ec1"}
{"component":"player-command","phase":"authorization","correlationId":"110e1d34-9ef3-470f-82e3-e486803a4ec1","outcome":"allowed"}
{"component":"player-command","phase":"response","correlationId":"110e1d34-9ef3-470f-82e3-e486803a4ec1","statusCode":200,"elapsedMs":78}
{"component":"player-command","phase":"request","correlationId":"68f5734c-b86e-4433-a5ff-01bb63769004"}
{"component":"player-command","phase":"authorization","correlationId":"68f5734c-b86e-4433-a5ff-01bb63769004","outcome":"allowed"}
{"component":"player-command","phase":"response","correlationId":"68f5734c-b86e-4433-a5ff-01bb63769004","statusCode":200,"elapsedMs":75}
{"component":"player-command","phase":"request","correlationId":"9ee341cd-c89e-4fc5-b590-e261ce075820"}
{"component":"player-command","phase":"authorization","correlationId":"9ee341cd-c89e-4fc5-b590-e261ce075820","outcome":"allowed"}
{"component":"player-command","phase":"response","correlationId":"9ee341cd-c89e-4fc5-b590-e261ce075820","statusCode":200,"elapsedMs":72}
{"component":"player-command","phase":"request","correlationId":"eef8233d-3b90-4567-882c-32bf65785329"}
{"component":"player-command","phase":"authorization","correlationId":"eef8233d-3b90-4567-882c-32bf65785329","outcome":"allowed"}
{"component":"player-command","phase":"command","correlationId":"eef8233d-3b90-4567-882c-32bf65785329"}
{"component":"player-command","phase":"mutation","correlationId":"eef8233d-3b90-4567-882c-32bf65785329","outcome":"completed","replayed":false}
{"component":"player-command","phase":"consequence","correlationId":"eef8233d-3b90-4567-882c-32bf65785329","replayed":false,"changes":1}
{"component":"player-command","phase":"opportunity","correlationId":"eef8233d-3b90-4567-882c-32bf65785329","replayed":false,"changes":1}
{"component":"player-command","phase":"response","correlationId":"eef8233d-3b90-4567-882c-32bf65785329","statusCode":200,"elapsedMs":161}
{"component":"player-command","phase":"request","correlationId":"c8ed0a99-0c55-409d-bdf6-b32b30a6138e"}
{"component":"player-command","phase":"authorization","correlationId":"c8ed0a99-0c55-409d-bdf6-b32b30a6138e","outcome":"allowed"}
{"component":"player-command","phase":"response","correlationId":"c8ed0a99-0c55-409d-bdf6-b32b30a6138e","statusCode":200,"elapsedMs":91}
{"component":"player-command","phase":"request","correlationId":"f10b4f98-7676-4ce6-aa93-c11e32f9e322"}
{"component":"player-command","phase":"authorization","correlationId":"f10b4f98-7676-4ce6-aa93-c11e32f9e322","outcome":"allowed"}
{"component":"player-command","phase":"response","correlationId":"f10b4f98-7676-4ce6-aa93-c11e32f9e322","statusCode":200,"elapsedMs":73}
{"component":"player-command","phase":"request","correlationId":"f16a540b-ef14-48cf-b833-8bfb30a0d530"}
{"component":"player-command","phase":"authorization","correlationId":"f16a540b-ef14-48cf-b833-8bfb30a0d530","outcome":"allowed"}
{"component":"player-command","phase":"response","correlationId":"f16a540b-ef14-48cf-b833-8bfb30a0d530","statusCode":200,"elapsedMs":69}
{"component":"player-command","phase":"request","correlationId":"ca53ead3-9cb7-452c-8111-e7673f3f2d74"}
{"component":"player-command","phase":"authorization","correlationId":"ca53ead3-9cb7-452c-8111-e7673f3f2d74","outcome":"allowed"}
{"component":"player-command","phase":"response","correlationId":"ca53ead3-9cb7-452c-8111-e7673f3f2d74","statusCode":200,"elapsedMs":90}
{"component":"player-command","phase":"request","correlationId":"6244a8e2-945b-4a6c-a11d-deced933e0ea"}
{"component":"player-command","phase":"authorization","correlationId":"6244a8e2-945b-4a6c-a11d-deced933e0ea","outcome":"allowed"}
{"component":"player-command","phase":"response","correlationId":"6244a8e2-945b-4a6c-a11d-deced933e0ea","statusCode":200,"elapsedMs":96}
{"component":"player-command","phase":"request","correlationId":"db56c1e9-6450-4c75-ad84-6a8ae1dc176a"}
{"component":"player-command","phase":"authorization","correlationId":"db56c1e9-6450-4c75-ad84-6a8ae1dc176a","outcome":"allowed"}
{"component":"player-command","phase":"command","correlationId":"db56c1e9-6450-4c75-ad84-6a8ae1dc176a"}
{"component":"player-command","phase":"mutation","correlationId":"db56c1e9-6450-4c75-ad84-6a8ae1dc176a","outcome":"completed","replayed":false}
{"component":"player-command","phase":"consequence","correlationId":"db56c1e9-6450-4c75-ad84-6a8ae1dc176a","replayed":false,"changes":7}
{"component":"player-command","phase":"opportunity","correlationId":"db56c1e9-6450-4c75-ad84-6a8ae1dc176a","replayed":false,"changes":5}
{"component":"player-command","phase":"response","correlationId":"db56c1e9-6450-4c75-ad84-6a8ae1dc176a","statusCode":200,"elapsedMs":190}
{"component":"player-command","phase":"request","correlationId":"0bd7685d-f6ff-4fd6-888e-8cf6aa2662f4"}
{"component":"player-command","phase":"authorization","correlationId":"0bd7685d-f6ff-4fd6-888e-8cf6aa2662f4","outcome":"allowed"}
{"component":"player-command","phase":"response","correlationId":"0bd7685d-f6ff-4fd6-888e-8cf6aa2662f4","statusCode":200,"elapsedMs":89}
{"component":"player-command","phase":"request","correlationId":"1641f1ad-ace4-48d9-801a-ff626b3eaa58"}
{"component":"player-command","phase":"authorization","correlationId":"1641f1ad-ace4-48d9-801a-ff626b3eaa58","outcome":"allowed"}
{"component":"player-command","phase":"response","correlationId":"1641f1ad-ace4-48d9-801a-ff626b3eaa58","statusCode":200,"elapsedMs":93}
{"component":"player-command","phase":"request","correlationId":"ca725435-4632-46ed-b74d-97c1a7c7529e"}
{"component":"player-command","phase":"authorization","correlationId":"ca725435-4632-46ed-b74d-97c1a7c7529e","outcome":"allowed"}
{"component":"player-command","phase":"response","correlationId":"ca725435-4632-46ed-b74d-97c1a7c7529e","statusCode":200,"elapsedMs":97}
{"component":"player-command","phase":"request","correlationId":"43a2ea65-1f8f-49c2-ac26-2e63f12b454d"}
{"component":"player-command","phase":"authorization","correlationId":"43a2ea65-1f8f-49c2-ac26-2e63f12b454d","outcome":"allowed"}
{"component":"player-command","phase":"response","correlationId":"43a2ea65-1f8f-49c2-ac26-2e63f12b454d","statusCode":200,"elapsedMs":87}
{"component":"player-command","phase":"request","correlationId":"8540a63f-c16b-4b88-9910-d7b28fb05b84"}
{"component":"player-command","phase":"authorization","correlationId":"8540a63f-c16b-4b88-9910-d7b28fb05b84","outcome":"allowed"}
{"component":"player-command","phase":"command","correlationId":"8540a63f-c16b-4b88-9910-d7b28fb05b84"}
{"component":"player-command","phase":"mutation","correlationId":"8540a63f-c16b-4b88-9910-d7b28fb05b84","outcome":"completed","replayed":false}
{"component":"player-command","phase":"consequence","correlationId":"8540a63f-c16b-4b88-9910-d7b28fb05b84","replayed":false,"changes":2}
{"component":"player-command","phase":"opportunity","correlationId":"8540a63f-c16b-4b88-9910-d7b28fb05b84","replayed":false,"changes":2}
{"component":"player-command","phase":"response","correlationId":"8540a63f-c16b-4b88-9910-d7b28fb05b84","statusCode":200,"elapsedMs":181}
{"component":"player-command","phase":"request","correlationId":"428346f0-dd05-4eb7-9adb-3fbbaa9757f8"}
{"component":"player-command","phase":"authorization","correlationId":"428346f0-dd05-4eb7-9adb-3fbbaa9757f8","outcome":"allowed"}
{"component":"player-command","phase":"response","correlationId":"428346f0-dd05-4eb7-9adb-3fbbaa9757f8","statusCode":200,"elapsedMs":85}
{"component":"player-command","phase":"request","correlationId":"5ac3d3b7-afd9-4814-bd34-5917504819f1"}
{"component":"player-command","phase":"authorization","correlationId":"5ac3d3b7-afd9-4814-bd34-5917504819f1","outcome":"allowed"}
{"component":"player-command","phase":"response","correlationId":"5ac3d3b7-afd9-4814-bd34-5917504819f1","statusCode":200,"elapsedMs":85}
{"component":"player-command","phase":"request","correlationId":"8ca2f13b-0c59-4036-811b-7724d608b06d"}
{"component":"player-command","phase":"authorization","correlationId":"8ca2f13b-0c59-4036-811b-7724d608b06d","outcome":"allowed"}
{"component":"player-command","phase":"response","correlationId":"8ca2f13b-0c59-4036-811b-7724d608b06d","statusCode":200,"elapsedMs":88}
{"component":"player-command","phase":"request","correlationId":"0442cec5-4623-411d-acaf-da5806d554ec"}
{"component":"player-command","phase":"authorization","correlationId":"0442cec5-4623-411d-acaf-da5806d554ec","outcome":"allowed"}
{"component":"player-command","phase":"response","correlationId":"0442cec5-4623-411d-acaf-da5806d554ec","statusCode":200,"elapsedMs":85}
{"component":"player-command","phase":"request","correlationId":"b71ba6a0-8d0d-4d8c-b58e-c940e4ff1494"}
{"component":"player-command","phase":"authorization","correlationId":"b71ba6a0-8d0d-4d8c-b58e-c940e4ff1494","outcome":"allowed"}
{"component":"player-command","phase":"command","correlationId":"b71ba6a0-8d0d-4d8c-b58e-c940e4ff1494"}
{"component":"player-command","phase":"mutation","correlationId":"b71ba6a0-8d0d-4d8c-b58e-c940e4ff1494","outcome":"completed","replayed":false}
{"component":"player-command","phase":"consequence","correlationId":"b71ba6a0-8d0d-4d8c-b58e-c940e4ff1494","replayed":false,"changes":2}
{"component":"player-command","phase":"opportunity","correlationId":"b71ba6a0-8d0d-4d8c-b58e-c940e4ff1494","replayed":false,"changes":2}
{"component":"player-command","phase":"response","correlationId":"b71ba6a0-8d0d-4d8c-b58e-c940e4ff1494","statusCode":200,"elapsedMs":236}
{"component":"player-command","phase":"request","correlationId":"922e518d-f04f-45c5-809f-91bbd5a6dc78"}
{"component":"player-command","phase":"authorization","correlationId":"922e518d-f04f-45c5-809f-91bbd5a6dc78","outcome":"allowed"}
{"component":"player-command","phase":"response","correlationId":"922e518d-f04f-45c5-809f-91bbd5a6dc78","statusCode":200,"elapsedMs":82}
{"component":"player-command","phase":"request","correlationId":"cd425f45-dcf0-4a11-ab77-281e74da7a0b"}
{"component":"player-command","phase":"authorization","correlationId":"cd425f45-dcf0-4a11-ab77-281e74da7a0b","outcome":"allowed"}
{"component":"player-command","phase":"response","correlationId":"cd425f45-dcf0-4a11-ab77-281e74da7a0b","statusCode":200,"elapsedMs":97}
{"component":"player-command","phase":"request","correlationId":"96a121e6-33c6-49ca-9fe6-c8df7b77b03f"}
{"component":"player-command","phase":"authorization","correlationId":"96a121e6-33c6-49ca-9fe6-c8df7b77b03f","outcome":"allowed"}
{"component":"player-command","phase":"response","correlationId":"96a121e6-33c6-49ca-9fe6-c8df7b77b03f","statusCode":200,"elapsedMs":86}
{"component":"player-command","phase":"request","correlationId":"e3c94154-8a77-4857-a090-8bdfd435e9ba"}
{"component":"player-command","phase":"authorization","correlationId":"e3c94154-8a77-4857-a090-8bdfd435e9ba","outcome":"allowed"}
{"component":"player-command","phase":"response","correlationId":"e3c94154-8a77-4857-a090-8bdfd435e9ba","statusCode":200,"elapsedMs":86}
{"component":"player-command","phase":"request","correlationId":"19d68a28-326f-473a-ab67-a633e996bf14"}
{"component":"player-command","phase":"authorization","correlationId":"19d68a28-326f-473a-ab67-a633e996bf14","outcome":"allowed"}
{"component":"player-command","phase":"command","correlationId":"19d68a28-326f-473a-ab67-a633e996bf14"}
{"component":"player-command","phase":"mutation","correlationId":"19d68a28-326f-473a-ab67-a633e996bf14","outcome":"completed","replayed":false}
{"component":"player-command","phase":"consequence","correlationId":"19d68a28-326f-473a-ab67-a633e996bf14","replayed":false,"changes":1}
{"component":"player-command","phase":"opportunity","correlationId":"19d68a28-326f-473a-ab67-a633e996bf14","replayed":false,"changes":1}
{"component":"player-command","phase":"response","correlationId":"19d68a28-326f-473a-ab67-a633e996bf14","statusCode":200,"elapsedMs":216}
{"component":"player-command","phase":"request","correlationId":"aa2ce9b8-9a1d-4344-8877-edbaf5bfdf21"}
{"component":"player-command","phase":"authorization","correlationId":"aa2ce9b8-9a1d-4344-8877-edbaf5bfdf21","outcome":"allowed"}
{"component":"player-command","phase":"response","correlationId":"aa2ce9b8-9a1d-4344-8877-edbaf5bfdf21","statusCode":200,"elapsedMs":111}
{"component":"player-command","phase":"request","correlationId":"3d52926a-6012-497d-a5ab-43230abe1c3f"}
{"component":"player-command","phase":"authorization","correlationId":"3d52926a-6012-497d-a5ab-43230abe1c3f","outcome":"allowed"}
{"component":"player-command","phase":"response","correlationId":"3d52926a-6012-497d-a5ab-43230abe1c3f","statusCode":200,"elapsedMs":95}
{"component":"player-command","phase":"request","correlationId":"82bd6c91-7cb8-4f2d-b86f-cb99c394bda2"}
{"component":"player-command","phase":"authorization","correlationId":"82bd6c91-7cb8-4f2d-b86f-cb99c394bda2","outcome":"allowed"}
{"component":"player-command","phase":"response","correlationId":"82bd6c91-7cb8-4f2d-b86f-cb99c394bda2","statusCode":200,"elapsedMs":88}
{"component":"player-command","phase":"request","correlationId":"f1b6a4f3-631a-4f84-b231-c95f884d7913"}
{"component":"player-command","phase":"authorization","correlationId":"f1b6a4f3-631a-4f84-b231-c95f884d7913","outcome":"allowed"}
{"component":"player-command","phase":"response","correlationId":"f1b6a4f3-631a-4f84-b231-c95f884d7913","statusCode":200,"elapsedMs":86}
{"component":"player-command","phase":"request","correlationId":"d8e66660-cdbe-4c50-bb2e-fb5c4d150f9b"}
{"component":"player-command","phase":"authorization","correlationId":"d8e66660-cdbe-4c50-bb2e-fb5c4d150f9b","outcome":"allowed"}
{"component":"player-command","phase":"response","correlationId":"d8e66660-cdbe-4c50-bb2e-fb5c4d150f9b","statusCode":200,"elapsedMs":81}
{"component":"player-command","phase":"request","correlationId":"e1d0c7da-a99b-49c0-aa3a-1272c68d44c0"}
{"component":"player-command","phase":"authorization","correlationId":"e1d0c7da-a99b-49c0-aa3a-1272c68d44c0","outcome":"allowed"}
{"component":"player-command","phase":"response","correlationId":"e1d0c7da-a99b-49c0-aa3a-1272c68d44c0","statusCode":200,"elapsedMs":108}
{"component":"player-command","phase":"request","correlationId":"e3f4af37-de50-418d-abd5-0e6c49ea5aa0"}
{"component":"player-command","phase":"authorization","correlationId":"e3f4af37-de50-418d-abd5-0e6c49ea5aa0","outcome":"allowed"}
{"component":"player-command","phase":"request","correlationId":"81e8ca42-412d-4047-bd6d-445abde81e3a"}
{"component":"player-command","phase":"authorization","correlationId":"81e8ca42-412d-4047-bd6d-445abde81e3a","outcome":"allowed"}
{"component":"player-command","phase":"response","correlationId":"e3f4af37-de50-418d-abd5-0e6c49ea5aa0","statusCode":200,"elapsedMs":119}
{"component":"player-command","phase":"response","correlationId":"81e8ca42-412d-4047-bd6d-445abde81e3a","statusCode":200,"elapsedMs":119}
{"component":"player-command","phase":"request","correlationId":"6cfddc40-eb61-4a09-ae7e-f4f13a7f35be"}
{"component":"player-command","phase":"authorization","correlationId":"6cfddc40-eb61-4a09-ae7e-f4f13a7f35be","outcome":"allowed"}
{"component":"player-command","phase":"command","correlationId":"6cfddc40-eb61-4a09-ae7e-f4f13a7f35be"}
{"component":"player-command","phase":"mutation","correlationId":"6cfddc40-eb61-4a09-ae7e-f4f13a7f35be","outcome":"completed","replayed":false}
{"component":"player-command","phase":"request","correlationId":"3e5d1b57-0713-402e-a679-c7a7b19199ba"}
{"component":"player-command","phase":"authorization","correlationId":"3e5d1b57-0713-402e-a679-c7a7b19199ba","outcome":"allowed"}
{"component":"player-command","phase":"response","correlationId":"3e5d1b57-0713-402e-a679-c7a7b19199ba","statusCode":200,"elapsedMs":89}
{"component":"player-command","phase":"consequence","correlationId":"6cfddc40-eb61-4a09-ae7e-f4f13a7f35be","replayed":false,"changes":9}
{"component":"player-command","phase":"opportunity","correlationId":"6cfddc40-eb61-4a09-ae7e-f4f13a7f35be","replayed":false,"changes":8}
{"component":"player-command","phase":"response","correlationId":"6cfddc40-eb61-4a09-ae7e-f4f13a7f35be","statusCode":200,"elapsedMs":234}
{"component":"player-command","phase":"request","correlationId":"912fa909-719f-4216-b405-0aa8b8292902"}
{"component":"player-command","phase":"authorization","correlationId":"912fa909-719f-4216-b405-0aa8b8292902","outcome":"allowed"}
{"component":"player-command","phase":"response","correlationId":"912fa909-719f-4216-b405-0aa8b8292902","statusCode":200,"elapsedMs":84}
{"component":"player-command","phase":"request","correlationId":"dad7070a-8815-44d0-aa17-54347b5e426e"}
{"component":"player-command","phase":"authorization","correlationId":"dad7070a-8815-44d0-aa17-54347b5e426e","outcome":"allowed"}
{"component":"player-command","phase":"response","correlationId":"dad7070a-8815-44d0-aa17-54347b5e426e","statusCode":200,"elapsedMs":93}
{"component":"player-command","phase":"request","correlationId":"2242768e-b491-4e2e-9dcd-8c5804fb12bb"}
{"component":"player-command","phase":"authorization","correlationId":"2242768e-b491-4e2e-9dcd-8c5804fb12bb","outcome":"allowed"}
{"component":"player-command","phase":"response","correlationId":"2242768e-b491-4e2e-9dcd-8c5804fb12bb","statusCode":200,"elapsedMs":79}
{"component":"player-command","phase":"request","correlationId":"4bd843bb-b8d3-47cd-98a5-cacb3e6dc29b"}
{"component":"player-command","phase":"authorization","correlationId":"4bd843bb-b8d3-47cd-98a5-cacb3e6dc29b","outcome":"allowed"}
{"component":"player-command","phase":"command","correlationId":"4bd843bb-b8d3-47cd-98a5-cacb3e6dc29b"}
{"component":"player-command","phase":"mutation","correlationId":"4bd843bb-b8d3-47cd-98a5-cacb3e6dc29b","outcome":"completed","replayed":false}
{"component":"player-command","phase":"request","correlationId":"db2e67c7-1e8e-43a0-a30d-a16a6e444217"}
{"component":"player-command","phase":"authorization","correlationId":"db2e67c7-1e8e-43a0-a30d-a16a6e444217","outcome":"allowed"}
{"component":"player-command","phase":"response","correlationId":"db2e67c7-1e8e-43a0-a30d-a16a6e444217","statusCode":200,"elapsedMs":87}
{"component":"player-command","phase":"consequence","correlationId":"4bd843bb-b8d3-47cd-98a5-cacb3e6dc29b","replayed":false,"changes":1}
{"component":"player-command","phase":"opportunity","correlationId":"4bd843bb-b8d3-47cd-98a5-cacb3e6dc29b","replayed":false,"changes":0}
{"component":"player-command","phase":"response","correlationId":"4bd843bb-b8d3-47cd-98a5-cacb3e6dc29b","statusCode":200,"elapsedMs":222}
{"component":"player-command","phase":"request","correlationId":"83729047-20e9-4af8-9a46-89fb77e43c5a"}
{"component":"player-command","phase":"authorization","correlationId":"83729047-20e9-4af8-9a46-89fb77e43c5a","outcome":"allowed"}
{"component":"player-command","phase":"response","correlationId":"83729047-20e9-4af8-9a46-89fb77e43c5a","statusCode":200,"elapsedMs":83}
{"component":"player-command","phase":"request","correlationId":"0eda4538-069f-4f06-b069-538dad5f14b2"}
{"component":"player-command","phase":"authorization","correlationId":"0eda4538-069f-4f06-b069-538dad5f14b2","outcome":"allowed"}
{"component":"player-command","phase":"response","correlationId":"0eda4538-069f-4f06-b069-538dad5f14b2","statusCode":200,"elapsedMs":85}
{"component":"player-command","phase":"request","correlationId":"3976cf45-d3b4-413a-93a6-3809d4a713e5"}
{"component":"player-command","phase":"authorization","correlationId":"3976cf45-d3b4-413a-93a6-3809d4a713e5","outcome":"allowed"}
{"component":"player-command","phase":"response","correlationId":"3976cf45-d3b4-413a-93a6-3809d4a713e5","statusCode":200,"elapsedMs":83}
{"component":"player-command","phase":"request","correlationId":"9f55cb2c-955f-472f-9687-88cc95afbdf8"}
{"component":"player-command","phase":"authorization","correlationId":"9f55cb2c-955f-472f-9687-88cc95afbdf8","outcome":"allowed"}
{"component":"player-command","phase":"command","correlationId":"9f55cb2c-955f-472f-9687-88cc95afbdf8"}
{"component":"player-command","phase":"mutation","correlationId":"9f55cb2c-955f-472f-9687-88cc95afbdf8","outcome":"completed","replayed":false}
{"component":"player-command","phase":"request","correlationId":"1045461d-02b3-4c86-8fb4-e980f04bf82a"}
{"component":"player-command","phase":"authorization","correlationId":"1045461d-02b3-4c86-8fb4-e980f04bf82a","outcome":"allowed"}
{"component":"player-command","phase":"response","correlationId":"1045461d-02b3-4c86-8fb4-e980f04bf82a","statusCode":200,"elapsedMs":101}
{"component":"player-command","phase":"consequence","correlationId":"9f55cb2c-955f-472f-9687-88cc95afbdf8","replayed":false,"changes":10}
{"component":"player-command","phase":"opportunity","correlationId":"9f55cb2c-955f-472f-9687-88cc95afbdf8","replayed":false,"changes":9}
{"component":"player-command","phase":"response","correlationId":"9f55cb2c-955f-472f-9687-88cc95afbdf8","statusCode":200,"elapsedMs":235}
{"component":"player-command","phase":"request","correlationId":"66cf3a79-bc51-4f36-85dc-5ff5c9cc5b0f"}
{"component":"player-command","phase":"authorization","correlationId":"66cf3a79-bc51-4f36-85dc-5ff5c9cc5b0f","outcome":"allowed"}
{"component":"player-command","phase":"response","correlationId":"66cf3a79-bc51-4f36-85dc-5ff5c9cc5b0f","statusCode":200,"elapsedMs":101}
{"component":"player-command","phase":"request","correlationId":"6982d4f6-e0db-4803-a89a-63d958a3cafd"}
{"component":"player-command","phase":"authorization","correlationId":"6982d4f6-e0db-4803-a89a-63d958a3cafd","outcome":"allowed"}
{"component":"player-command","phase":"response","correlationId":"6982d4f6-e0db-4803-a89a-63d958a3cafd","statusCode":200,"elapsedMs":86}
{"component":"player-command","phase":"request","correlationId":"99bbd559-1e40-4043-8bb9-8e71108737d9"}
{"component":"player-command","phase":"authorization","correlationId":"99bbd559-1e40-4043-8bb9-8e71108737d9","outcome":"allowed"}
{"component":"player-command","phase":"response","correlationId":"99bbd559-1e40-4043-8bb9-8e71108737d9","statusCode":200,"elapsedMs":72}
{"component":"player-command","phase":"request","correlationId":"41aa2a97-fb9e-4cb1-aa5d-6c586e6fae7f"}
{"component":"player-command","phase":"authorization","correlationId":"41aa2a97-fb9e-4cb1-aa5d-6c586e6fae7f","outcome":"allowed"}
{"component":"player-command","phase":"response","correlationId":"41aa2a97-fb9e-4cb1-aa5d-6c586e6fae7f","statusCode":200,"elapsedMs":86}
{"component":"player-command","phase":"request","correlationId":"44748627-5731-4a82-ab91-04f82e2499af"}
{"component":"player-command","phase":"authorization","correlationId":"44748627-5731-4a82-ab91-04f82e2499af","outcome":"allowed"}
{"component":"player-command","phase":"command","correlationId":"44748627-5731-4a82-ab91-04f82e2499af"}
{"component":"player-command","phase":"mutation","correlationId":"44748627-5731-4a82-ab91-04f82e2499af","outcome":"completed","replayed":false}
{"component":"player-command","phase":"request","correlationId":"6ad28013-27ad-4ae0-8e89-44170cbee459"}
{"component":"player-command","phase":"authorization","correlationId":"6ad28013-27ad-4ae0-8e89-44170cbee459","outcome":"allowed"}
{"component":"player-command","phase":"consequence","correlationId":"44748627-5731-4a82-ab91-04f82e2499af","replayed":false,"changes":10}
{"component":"player-command","phase":"opportunity","correlationId":"44748627-5731-4a82-ab91-04f82e2499af","replayed":false,"changes":9}
{"component":"player-command","phase":"response","correlationId":"44748627-5731-4a82-ab91-04f82e2499af","statusCode":200,"elapsedMs":220}
{"component":"player-command","phase":"response","correlationId":"6ad28013-27ad-4ae0-8e89-44170cbee459","statusCode":200,"elapsedMs":103}
{"component":"player-command","phase":"request","correlationId":"0c292cf2-0707-47d2-9bc7-f2d3c4dcb6f4"}
{"component":"player-command","phase":"authorization","correlationId":"0c292cf2-0707-47d2-9bc7-f2d3c4dcb6f4","outcome":"allowed"}
{"component":"player-command","phase":"response","correlationId":"0c292cf2-0707-47d2-9bc7-f2d3c4dcb6f4","statusCode":200,"elapsedMs":93}
{"component":"player-command","phase":"request","correlationId":"7eae5600-c076-4122-ae7f-7ff6b49be00f"}
{"component":"player-command","phase":"authorization","correlationId":"7eae5600-c076-4122-ae7f-7ff6b49be00f","outcome":"allowed"}
{"component":"player-command","phase":"response","correlationId":"7eae5600-c076-4122-ae7f-7ff6b49be00f","statusCode":200,"elapsedMs":84}
{"component":"player-command","phase":"request","correlationId":"5710e32b-e3db-4796-be8f-ac1fe5a9d98e"}
{"component":"player-command","phase":"authorization","correlationId":"5710e32b-e3db-4796-be8f-ac1fe5a9d98e","outcome":"allowed"}
{"component":"player-command","phase":"response","correlationId":"5710e32b-e3db-4796-be8f-ac1fe5a9d98e","statusCode":200,"elapsedMs":96}
{"component":"player-command","phase":"request","correlationId":"bae13dc7-6842-408c-b1df-0598fa501624"}
{"component":"player-command","phase":"authorization","correlationId":"bae13dc7-6842-408c-b1df-0598fa501624","outcome":"allowed"}
{"component":"player-command","phase":"command","correlationId":"bae13dc7-6842-408c-b1df-0598fa501624"}
{"component":"player-command","phase":"mutation","correlationId":"bae13dc7-6842-408c-b1df-0598fa501624","outcome":"completed","replayed":false}
{"component":"player-command","phase":"request","correlationId":"548fd8e2-47e3-429f-bf2e-62966ea47af5"}
{"component":"player-command","phase":"authorization","correlationId":"548fd8e2-47e3-429f-bf2e-62966ea47af5","outcome":"allowed"}
{"component":"player-command","phase":"response","correlationId":"548fd8e2-47e3-429f-bf2e-62966ea47af5","statusCode":200,"elapsedMs":95}
{"component":"player-command","phase":"consequence","correlationId":"bae13dc7-6842-408c-b1df-0598fa501624","replayed":false,"changes":1}
{"component":"player-command","phase":"opportunity","correlationId":"bae13dc7-6842-408c-b1df-0598fa501624","replayed":false,"changes":0}
{"component":"player-command","phase":"response","correlationId":"bae13dc7-6842-408c-b1df-0598fa501624","statusCode":200,"elapsedMs":242}
{"component":"player-command","phase":"request","correlationId":"7d600222-2d47-449c-aa56-fb1ac861943c"}
{"component":"player-command","phase":"authorization","correlationId":"7d600222-2d47-449c-aa56-fb1ac861943c","outcome":"allowed"}
{"component":"player-command","phase":"response","correlationId":"7d600222-2d47-449c-aa56-fb1ac861943c","statusCode":200,"elapsedMs":85}
{"component":"player-command","phase":"request","correlationId":"5b55da8a-6925-4f32-8fb5-661969eeeac3"}
{"component":"player-command","phase":"authorization","correlationId":"5b55da8a-6925-4f32-8fb5-661969eeeac3","outcome":"allowed"}
{"component":"player-command","phase":"response","correlationId":"5b55da8a-6925-4f32-8fb5-661969eeeac3","statusCode":200,"elapsedMs":92}
{"component":"player-command","phase":"request","correlationId":"78dd682b-aaaa-4cc6-96d2-3cfbaa953c72"}
{"component":"player-command","phase":"authorization","correlationId":"78dd682b-aaaa-4cc6-96d2-3cfbaa953c72","outcome":"allowed"}
{"component":"player-command","phase":"response","correlationId":"78dd682b-aaaa-4cc6-96d2-3cfbaa953c72","statusCode":200,"elapsedMs":98}
{"component":"player-command","phase":"request","correlationId":"1b874d77-9667-4806-8781-b0dbee18c47b"}
{"component":"player-command","phase":"authorization","correlationId":"1b874d77-9667-4806-8781-b0dbee18c47b","outcome":"allowed"}
{"component":"player-command","phase":"command","correlationId":"1b874d77-9667-4806-8781-b0dbee18c47b"}
{"component":"player-command","phase":"mutation","correlationId":"1b874d77-9667-4806-8781-b0dbee18c47b","outcome":"completed","replayed":false}
{"component":"player-command","phase":"request","correlationId":"a888b5bc-fcd0-4115-b4a9-1736c7bdc43f"}
{"component":"player-command","phase":"authorization","correlationId":"a888b5bc-fcd0-4115-b4a9-1736c7bdc43f","outcome":"allowed"}
{"component":"player-command","phase":"response","correlationId":"a888b5bc-fcd0-4115-b4a9-1736c7bdc43f","statusCode":200,"elapsedMs":86}
{"component":"player-command","phase":"consequence","correlationId":"1b874d77-9667-4806-8781-b0dbee18c47b","replayed":false,"changes":1}
{"component":"player-command","phase":"opportunity","correlationId":"1b874d77-9667-4806-8781-b0dbee18c47b","replayed":false,"changes":0}
{"component":"player-command","phase":"response","correlationId":"1b874d77-9667-4806-8781-b0dbee18c47b","statusCode":200,"elapsedMs":207}
{"component":"player-command","phase":"request","correlationId":"87f73372-7d48-465c-93ac-549a66ba795a"}
{"component":"player-command","phase":"authorization","correlationId":"87f73372-7d48-465c-93ac-549a66ba795a","outcome":"allowed"}
{"component":"player-command","phase":"response","correlationId":"87f73372-7d48-465c-93ac-549a66ba795a","statusCode":200,"elapsedMs":99}
{"component":"player-command","phase":"request","correlationId":"8fee9593-be7c-4be3-8a09-d27d359ef447"}
{"component":"player-command","phase":"authorization","correlationId":"8fee9593-be7c-4be3-8a09-d27d359ef447","outcome":"allowed"}
{"component":"player-command","phase":"response","correlationId":"8fee9593-be7c-4be3-8a09-d27d359ef447","statusCode":200,"elapsedMs":94}
{"component":"player-command","phase":"request","correlationId":"6909147c-541b-444a-8f71-d3518e2925d3"}
{"component":"player-command","phase":"authorization","correlationId":"6909147c-541b-444a-8f71-d3518e2925d3","outcome":"allowed"}
{"component":"player-command","phase":"response","correlationId":"6909147c-541b-444a-8f71-d3518e2925d3","statusCode":200,"elapsedMs":85}
{"component":"player-command","phase":"request","correlationId":"74021057-d092-4430-8d7a-eee647695101"}
{"component":"player-command","phase":"authorization","correlationId":"74021057-d092-4430-8d7a-eee647695101","outcome":"allowed"}
{"component":"player-command","phase":"command","correlationId":"74021057-d092-4430-8d7a-eee647695101"}
{"component":"player-command","phase":"mutation","correlationId":"74021057-d092-4430-8d7a-eee647695101","outcome":"completed","replayed":false}
{"component":"player-command","phase":"request","correlationId":"8affe849-084b-4e97-8eab-0a0a3f6afadf"}
{"component":"player-command","phase":"authorization","correlationId":"8affe849-084b-4e97-8eab-0a0a3f6afadf","outcome":"allowed"}
{"component":"player-command","phase":"response","correlationId":"8affe849-084b-4e97-8eab-0a0a3f6afadf","statusCode":200,"elapsedMs":102}
{"component":"player-command","phase":"consequence","correlationId":"74021057-d092-4430-8d7a-eee647695101","replayed":false,"changes":1}
{"component":"player-command","phase":"opportunity","correlationId":"74021057-d092-4430-8d7a-eee647695101","replayed":false,"changes":0}
{"component":"player-command","phase":"response","correlationId":"74021057-d092-4430-8d7a-eee647695101","statusCode":200,"elapsedMs":230}
{"component":"player-command","phase":"request","correlationId":"64ac717b-19f6-4edc-8230-b79283e2ba07"}
{"component":"player-command","phase":"authorization","correlationId":"64ac717b-19f6-4edc-8230-b79283e2ba07","outcome":"allowed"}
{"component":"player-command","phase":"response","correlationId":"64ac717b-19f6-4edc-8230-b79283e2ba07","statusCode":200,"elapsedMs":100}
{"component":"player-command","phase":"request","correlationId":"03f1eb81-1000-4cd5-a137-0a88588d07a9"}
{"component":"player-command","phase":"authorization","correlationId":"03f1eb81-1000-4cd5-a137-0a88588d07a9","outcome":"allowed"}
{"component":"player-command","phase":"response","correlationId":"03f1eb81-1000-4cd5-a137-0a88588d07a9","statusCode":200,"elapsedMs":93}
{"component":"player-command","phase":"request","correlationId":"35d250fd-b0f0-463b-b16f-43d141357822"}
{"component":"player-command","phase":"authorization","correlationId":"35d250fd-b0f0-463b-b16f-43d141357822","outcome":"allowed"}
{"component":"player-command","phase":"response","correlationId":"35d250fd-b0f0-463b-b16f-43d141357822","statusCode":200,"elapsedMs":83}
{"component":"player-command","phase":"request","correlationId":"36d9cc7e-c359-4365-a01d-dbbb21c766e3"}
{"component":"player-command","phase":"authorization","correlationId":"36d9cc7e-c359-4365-a01d-dbbb21c766e3","outcome":"allowed"}
{"component":"player-command","phase":"command","correlationId":"36d9cc7e-c359-4365-a01d-dbbb21c766e3"}
{"component":"player-command","phase":"mutation","correlationId":"36d9cc7e-c359-4365-a01d-dbbb21c766e3","outcome":"completed","replayed":false}
{"component":"player-command","phase":"request","correlationId":"ca4378e7-da3b-491f-9f68-0986b2e89af7"}
{"component":"player-command","phase":"authorization","correlationId":"ca4378e7-da3b-491f-9f68-0986b2e89af7","outcome":"allowed"}
{"component":"player-command","phase":"response","correlationId":"ca4378e7-da3b-491f-9f68-0986b2e89af7","statusCode":200,"elapsedMs":88}
{"component":"player-command","phase":"consequence","correlationId":"36d9cc7e-c359-4365-a01d-dbbb21c766e3","replayed":false,"changes":1}
{"component":"player-command","phase":"opportunity","correlationId":"36d9cc7e-c359-4365-a01d-dbbb21c766e3","replayed":false,"changes":0}
{"component":"player-command","phase":"response","correlationId":"36d9cc7e-c359-4365-a01d-dbbb21c766e3","statusCode":200,"elapsedMs":230}
{"component":"player-command","phase":"request","correlationId":"d747d5bb-12f3-47f7-b3df-3f9880395a23"}
{"component":"player-command","phase":"authorization","correlationId":"d747d5bb-12f3-47f7-b3df-3f9880395a23","outcome":"allowed"}
{"component":"player-command","phase":"response","correlationId":"d747d5bb-12f3-47f7-b3df-3f9880395a23","statusCode":200,"elapsedMs":100}
{"component":"player-command","phase":"request","correlationId":"f3092cd0-34c0-45eb-ac43-c0d0f066abb0"}
{"component":"player-command","phase":"authorization","correlationId":"f3092cd0-34c0-45eb-ac43-c0d0f066abb0","outcome":"allowed"}
{"component":"player-command","phase":"response","correlationId":"f3092cd0-34c0-45eb-ac43-c0d0f066abb0","statusCode":200,"elapsedMs":92}
{"component":"player-command","phase":"request","correlationId":"e8c1afc9-5840-4cb0-b9b8-0b5500c35389"}
{"component":"player-command","phase":"authorization","correlationId":"e8c1afc9-5840-4cb0-b9b8-0b5500c35389","outcome":"allowed"}
{"component":"player-command","phase":"response","correlationId":"e8c1afc9-5840-4cb0-b9b8-0b5500c35389","statusCode":200,"elapsedMs":98}
{"component":"player-command","phase":"request","correlationId":"456e4569-f557-4e95-9f1c-70a741133660"}
{"component":"player-command","phase":"authorization","correlationId":"456e4569-f557-4e95-9f1c-70a741133660","outcome":"allowed"}
{"component":"player-command","phase":"command","correlationId":"456e4569-f557-4e95-9f1c-70a741133660"}
{"component":"player-command","phase":"mutation","correlationId":"456e4569-f557-4e95-9f1c-70a741133660","outcome":"completed","replayed":false}
{"component":"player-command","phase":"request","correlationId":"3f8c4070-396e-4b9a-b38b-087a7034f14e"}
{"component":"player-command","phase":"authorization","correlationId":"3f8c4070-396e-4b9a-b38b-087a7034f14e","outcome":"allowed"}
{"component":"player-command","phase":"response","correlationId":"3f8c4070-396e-4b9a-b38b-087a7034f14e","statusCode":200,"elapsedMs":89}
{"component":"player-command","phase":"consequence","correlationId":"456e4569-f557-4e95-9f1c-70a741133660","replayed":false,"changes":1}
{"component":"player-command","phase":"opportunity","correlationId":"456e4569-f557-4e95-9f1c-70a741133660","replayed":false,"changes":0}
{"component":"player-command","phase":"response","correlationId":"456e4569-f557-4e95-9f1c-70a741133660","statusCode":200,"elapsedMs":210}
{"component":"player-command","phase":"request","correlationId":"8f0f3f94-99f6-4c18-a534-1145622d2cb6"}
{"component":"player-command","phase":"authorization","correlationId":"8f0f3f94-99f6-4c18-a534-1145622d2cb6","outcome":"allowed"}
{"component":"player-command","phase":"response","correlationId":"8f0f3f94-99f6-4c18-a534-1145622d2cb6","statusCode":200,"elapsedMs":83}
{"component":"player-command","phase":"request","correlationId":"601bbf4d-ee1f-41bc-8306-11a5538cabf4"}
{"component":"player-command","phase":"authorization","correlationId":"601bbf4d-ee1f-41bc-8306-11a5538cabf4","outcome":"allowed"}
{"component":"player-command","phase":"response","correlationId":"601bbf4d-ee1f-41bc-8306-11a5538cabf4","statusCode":200,"elapsedMs":91}
{"component":"player-command","phase":"request","correlationId":"8444fefe-f677-47ce-847c-dab1e11adc3f"}
{"component":"player-command","phase":"authorization","correlationId":"8444fefe-f677-47ce-847c-dab1e11adc3f","outcome":"allowed"}
{"component":"player-command","phase":"response","correlationId":"8444fefe-f677-47ce-847c-dab1e11adc3f","statusCode":200,"elapsedMs":93}
{"component":"player-command","phase":"request","correlationId":"851ebc9b-6eb4-4b08-84f3-802966c8d7e1"}
{"component":"player-command","phase":"authorization","correlationId":"851ebc9b-6eb4-4b08-84f3-802966c8d7e1","outcome":"allowed"}
{"component":"player-command","phase":"command","correlationId":"851ebc9b-6eb4-4b08-84f3-802966c8d7e1"}
{"component":"player-command","phase":"mutation","correlationId":"851ebc9b-6eb4-4b08-84f3-802966c8d7e1","outcome":"completed","replayed":false}
{"component":"player-command","phase":"request","correlationId":"32e539e2-7650-454e-a4a6-5a7ad7bdbdfc"}
{"component":"player-command","phase":"authorization","correlationId":"32e539e2-7650-454e-a4a6-5a7ad7bdbdfc","outcome":"allowed"}
{"component":"player-command","phase":"response","correlationId":"32e539e2-7650-454e-a4a6-5a7ad7bdbdfc","statusCode":200,"elapsedMs":105}
{"component":"player-command","phase":"consequence","correlationId":"851ebc9b-6eb4-4b08-84f3-802966c8d7e1","replayed":false,"changes":1}
{"component":"player-command","phase":"opportunity","correlationId":"851ebc9b-6eb4-4b08-84f3-802966c8d7e1","replayed":false,"changes":0}
{"component":"player-command","phase":"response","correlationId":"851ebc9b-6eb4-4b08-84f3-802966c8d7e1","statusCode":200,"elapsedMs":252}
{"component":"player-command","phase":"request","correlationId":"8553f0aa-111f-456a-aea1-7c2013ed2ff6"}
{"component":"player-command","phase":"authorization","correlationId":"8553f0aa-111f-456a-aea1-7c2013ed2ff6","outcome":"allowed"}
{"component":"player-command","phase":"response","correlationId":"8553f0aa-111f-456a-aea1-7c2013ed2ff6","statusCode":200,"elapsedMs":95}
{"component":"player-command","phase":"request","correlationId":"ff661ac6-7487-4980-b525-6d331262b173"}
{"component":"player-command","phase":"authorization","correlationId":"ff661ac6-7487-4980-b525-6d331262b173","outcome":"allowed"}
{"component":"player-command","phase":"response","correlationId":"ff661ac6-7487-4980-b525-6d331262b173","statusCode":200,"elapsedMs":94}
{"component":"player-command","phase":"request","correlationId":"41d350df-d784-46c3-aa13-e181d422d1ad"}
{"component":"player-command","phase":"authorization","correlationId":"41d350df-d784-46c3-aa13-e181d422d1ad","outcome":"allowed"}
{"component":"player-command","phase":"response","correlationId":"41d350df-d784-46c3-aa13-e181d422d1ad","statusCode":200,"elapsedMs":86}
{"component":"player-command","phase":"request","correlationId":"583aadf1-c015-434d-b04c-35442bd4d717"}
{"component":"player-command","phase":"authorization","correlationId":"583aadf1-c015-434d-b04c-35442bd4d717","outcome":"allowed"}
{"component":"player-command","phase":"response","correlationId":"583aadf1-c015-434d-b04c-35442bd4d717","statusCode":200,"elapsedMs":100}
{"component":"player-command","phase":"request","correlationId":"cb124763-4c2c-4fc6-82af-431e54fc87f4"}
{"component":"player-command","phase":"authorization","correlationId":"cb124763-4c2c-4fc6-82af-431e54fc87f4","outcome":"allowed"}
{"component":"player-command","phase":"command","correlationId":"cb124763-4c2c-4fc6-82af-431e54fc87f4"}
{"component":"player-command","phase":"mutation","correlationId":"cb124763-4c2c-4fc6-82af-431e54fc87f4","outcome":"completed","replayed":false}
{"component":"player-command","phase":"request","correlationId":"120f3987-4107-4c32-8793-0756a4fcf683"}
{"component":"player-command","phase":"authorization","correlationId":"120f3987-4107-4c32-8793-0756a4fcf683","outcome":"allowed"}
{"component":"player-command","phase":"consequence","correlationId":"cb124763-4c2c-4fc6-82af-431e54fc87f4","replayed":false,"changes":3}
{"component":"player-command","phase":"opportunity","correlationId":"cb124763-4c2c-4fc6-82af-431e54fc87f4","replayed":false,"changes":2}
{"component":"player-command","phase":"response","correlationId":"cb124763-4c2c-4fc6-82af-431e54fc87f4","statusCode":200,"elapsedMs":226}
{"component":"player-command","phase":"response","correlationId":"120f3987-4107-4c32-8793-0756a4fcf683","statusCode":200,"elapsedMs":112}
{"component":"player-command","phase":"request","correlationId":"23bc802f-314a-4ca2-a2e5-2ac037eb9272"}
{"component":"player-command","phase":"authorization","correlationId":"23bc802f-314a-4ca2-a2e5-2ac037eb9272","outcome":"allowed"}
{"component":"player-command","phase":"response","correlationId":"23bc802f-314a-4ca2-a2e5-2ac037eb9272","statusCode":200,"elapsedMs":91}
{"component":"player-command","phase":"request","correlationId":"704d2d49-c92b-46d4-a92d-f59280f05c48"}
{"component":"player-command","phase":"authorization","correlationId":"704d2d49-c92b-46d4-a92d-f59280f05c48","outcome":"allowed"}
{"component":"player-command","phase":"response","correlationId":"704d2d49-c92b-46d4-a92d-f59280f05c48","statusCode":200,"elapsedMs":81}
{"component":"player-command","phase":"request","correlationId":"97215a90-1f79-48ec-bd15-3e2fe4980771"}
{"component":"player-command","phase":"authorization","correlationId":"97215a90-1f79-48ec-bd15-3e2fe4980771","outcome":"allowed"}
{"component":"player-command","phase":"response","correlationId":"97215a90-1f79-48ec-bd15-3e2fe4980771","statusCode":200,"elapsedMs":88}
{"component":"player-command","phase":"request","correlationId":"295fa877-3d8e-449f-ba4d-6233b1c8bd97"}
{"component":"player-command","phase":"authorization","correlationId":"295fa877-3d8e-449f-ba4d-6233b1c8bd97","outcome":"allowed"}
{"component":"player-command","phase":"command","correlationId":"295fa877-3d8e-449f-ba4d-6233b1c8bd97"}
{"component":"player-command","phase":"mutation","correlationId":"295fa877-3d8e-449f-ba4d-6233b1c8bd97","outcome":"completed","replayed":false}
{"component":"player-command","phase":"request","correlationId":"77864041-b6ec-4ae9-83f3-5d6986ee957e"}
{"component":"player-command","phase":"authorization","correlationId":"77864041-b6ec-4ae9-83f3-5d6986ee957e","outcome":"allowed"}
{"component":"player-command","phase":"consequence","correlationId":"295fa877-3d8e-449f-ba4d-6233b1c8bd97","replayed":false,"changes":6}
{"component":"player-command","phase":"opportunity","correlationId":"295fa877-3d8e-449f-ba4d-6233b1c8bd97","replayed":false,"changes":2}
{"component":"player-command","phase":"response","correlationId":"295fa877-3d8e-449f-ba4d-6233b1c8bd97","statusCode":200,"elapsedMs":219}
{"component":"player-command","phase":"response","correlationId":"77864041-b6ec-4ae9-83f3-5d6986ee957e","statusCode":200,"elapsedMs":113}
{"component":"player-command","phase":"request","correlationId":"b2f009c1-b469-437a-aac0-0b9ed37582c6"}
{"component":"player-command","phase":"authorization","correlationId":"b2f009c1-b469-437a-aac0-0b9ed37582c6","outcome":"allowed"}
{"component":"player-command","phase":"response","correlationId":"b2f009c1-b469-437a-aac0-0b9ed37582c6","statusCode":200,"elapsedMs":113}
{"component":"player-command","phase":"request","correlationId":"98e5379b-f88a-4dbc-8342-57306884db37"}
{"component":"player-command","phase":"authorization","correlationId":"98e5379b-f88a-4dbc-8342-57306884db37","outcome":"allowed"}
{"component":"player-command","phase":"response","correlationId":"98e5379b-f88a-4dbc-8342-57306884db37","statusCode":200,"elapsedMs":84}
{"component":"player-command","phase":"request","correlationId":"700fba77-4585-4bc6-a5c0-c2588a4d1971"}
{"component":"player-command","phase":"authorization","correlationId":"700fba77-4585-4bc6-a5c0-c2588a4d1971","outcome":"allowed"}
{"component":"player-command","phase":"response","correlationId":"700fba77-4585-4bc6-a5c0-c2588a4d1971","statusCode":200,"elapsedMs":75}
{"component":"player-command","phase":"request","correlationId":"feba370e-b945-4fe9-80e6-636f2621b832"}
{"component":"player-command","phase":"authorization","correlationId":"feba370e-b945-4fe9-80e6-636f2621b832","outcome":"allowed"}
{"component":"player-command","phase":"command","correlationId":"feba370e-b945-4fe9-80e6-636f2621b832"}
{"component":"player-command","phase":"mutation","correlationId":"feba370e-b945-4fe9-80e6-636f2621b832","outcome":"completed","replayed":false}
{"component":"player-command","phase":"request","correlationId":"eca26340-a004-4e04-874e-8e493ba6e2cb"}
{"component":"player-command","phase":"authorization","correlationId":"eca26340-a004-4e04-874e-8e493ba6e2cb","outcome":"allowed"}
{"component":"player-command","phase":"consequence","correlationId":"feba370e-b945-4fe9-80e6-636f2621b832","replayed":false,"changes":1}
{"component":"player-command","phase":"opportunity","correlationId":"feba370e-b945-4fe9-80e6-636f2621b832","replayed":false,"changes":0}
{"component":"player-command","phase":"response","correlationId":"feba370e-b945-4fe9-80e6-636f2621b832","statusCode":200,"elapsedMs":205}
{"component":"player-command","phase":"response","correlationId":"eca26340-a004-4e04-874e-8e493ba6e2cb","statusCode":200,"elapsedMs":106}
{"component":"player-command","phase":"request","correlationId":"61d27c45-f239-421a-b2ac-04c1cd94d374"}
{"component":"player-command","phase":"authorization","correlationId":"61d27c45-f239-421a-b2ac-04c1cd94d374","outcome":"allowed"}
{"component":"player-command","phase":"response","correlationId":"61d27c45-f239-421a-b2ac-04c1cd94d374","statusCode":200,"elapsedMs":90}
{"component":"player-command","phase":"request","correlationId":"7faa5c3a-5a30-4aa9-8767-edd2fadb8379"}
{"component":"player-command","phase":"authorization","correlationId":"7faa5c3a-5a30-4aa9-8767-edd2fadb8379","outcome":"allowed"}
{"component":"player-command","phase":"response","correlationId":"7faa5c3a-5a30-4aa9-8767-edd2fadb8379","statusCode":200,"elapsedMs":80}
{"component":"player-command","phase":"request","correlationId":"bc3b2840-544a-4915-bdff-8f1b57da199c"}
{"component":"player-command","phase":"authorization","correlationId":"bc3b2840-544a-4915-bdff-8f1b57da199c","outcome":"allowed"}
{"component":"player-command","phase":"response","correlationId":"bc3b2840-544a-4915-bdff-8f1b57da199c","statusCode":200,"elapsedMs":80}
{"component":"player-command","phase":"request","correlationId":"12f80787-7368-4c51-8290-ce265bb8ac69"}
{"component":"player-command","phase":"authorization","correlationId":"12f80787-7368-4c51-8290-ce265bb8ac69","outcome":"allowed"}
{"component":"player-command","phase":"command","correlationId":"12f80787-7368-4c51-8290-ce265bb8ac69"}
{"component":"player-command","phase":"mutation","correlationId":"12f80787-7368-4c51-8290-ce265bb8ac69","outcome":"completed","replayed":false}
{"component":"player-command","phase":"request","correlationId":"95dca1ef-351c-458f-94de-dedc033ad143"}
{"component":"player-command","phase":"authorization","correlationId":"95dca1ef-351c-458f-94de-dedc033ad143","outcome":"allowed"}
{"component":"player-command","phase":"consequence","correlationId":"12f80787-7368-4c51-8290-ce265bb8ac69","replayed":false,"changes":2}
{"component":"player-command","phase":"opportunity","correlationId":"12f80787-7368-4c51-8290-ce265bb8ac69","replayed":false,"changes":0}
{"component":"player-command","phase":"response","correlationId":"12f80787-7368-4c51-8290-ce265bb8ac69","statusCode":200,"elapsedMs":210}
{"component":"player-command","phase":"response","correlationId":"95dca1ef-351c-458f-94de-dedc033ad143","statusCode":200,"elapsedMs":110}
{"component":"player-command","phase":"request","correlationId":"9d7090e8-af2b-4bf5-83d9-5ec96cb458c8"}
{"component":"player-command","phase":"authorization","correlationId":"9d7090e8-af2b-4bf5-83d9-5ec96cb458c8","outcome":"allowed"}
{"component":"player-command","phase":"response","correlationId":"9d7090e8-af2b-4bf5-83d9-5ec96cb458c8","statusCode":200,"elapsedMs":85}
{"component":"player-command","phase":"request","correlationId":"3ef4c170-6cdb-4564-8ec3-3ccff4642909"}
{"component":"player-command","phase":"authorization","correlationId":"3ef4c170-6cdb-4564-8ec3-3ccff4642909","outcome":"allowed"}
{"component":"player-command","phase":"response","correlationId":"3ef4c170-6cdb-4564-8ec3-3ccff4642909","statusCode":200,"elapsedMs":77}
{"component":"player-command","phase":"request","correlationId":"f629140e-2bb2-4ae0-b418-40c738843469"}
{"component":"player-command","phase":"authorization","correlationId":"f629140e-2bb2-4ae0-b418-40c738843469","outcome":"allowed"}
{"component":"player-command","phase":"response","correlationId":"f629140e-2bb2-4ae0-b418-40c738843469","statusCode":200,"elapsedMs":82}
{"component":"player-command","phase":"request","correlationId":"7217ef0e-ec3a-4124-ac74-6c8dda7abea7"}
{"component":"player-command","phase":"authorization","correlationId":"7217ef0e-ec3a-4124-ac74-6c8dda7abea7","outcome":"allowed"}
{"component":"player-command","phase":"command","correlationId":"7217ef0e-ec3a-4124-ac74-6c8dda7abea7"}
{"component":"player-command","phase":"mutation","correlationId":"7217ef0e-ec3a-4124-ac74-6c8dda7abea7","outcome":"completed","replayed":false}
{"component":"player-command","phase":"request","correlationId":"97501d8c-be9e-46e7-9775-17f1163983d5"}
{"component":"player-command","phase":"authorization","correlationId":"97501d8c-be9e-46e7-9775-17f1163983d5","outcome":"allowed"}
{"component":"player-command","phase":"consequence","correlationId":"7217ef0e-ec3a-4124-ac74-6c8dda7abea7","replayed":false,"changes":1}
{"component":"player-command","phase":"opportunity","correlationId":"7217ef0e-ec3a-4124-ac74-6c8dda7abea7","replayed":false,"changes":0}
{"component":"player-command","phase":"response","correlationId":"7217ef0e-ec3a-4124-ac74-6c8dda7abea7","statusCode":200,"elapsedMs":205}
{"component":"player-command","phase":"response","correlationId":"97501d8c-be9e-46e7-9775-17f1163983d5","statusCode":200,"elapsedMs":110}
{"component":"player-command","phase":"request","correlationId":"1f9c56c1-ef02-412c-b3c6-a563336d918e"}
{"component":"player-command","phase":"authorization","correlationId":"1f9c56c1-ef02-412c-b3c6-a563336d918e","outcome":"allowed"}
{"component":"player-command","phase":"response","correlationId":"1f9c56c1-ef02-412c-b3c6-a563336d918e","statusCode":200,"elapsedMs":90}
{"component":"player-command","phase":"request","correlationId":"f0e94942-7463-4b4b-a7c7-93c1aaa9052b"}
{"component":"player-command","phase":"authorization","correlationId":"f0e94942-7463-4b4b-a7c7-93c1aaa9052b","outcome":"allowed"}
{"component":"player-command","phase":"response","correlationId":"f0e94942-7463-4b4b-a7c7-93c1aaa9052b","statusCode":200,"elapsedMs":82}
{"component":"player-command","phase":"request","correlationId":"faff1ae6-9502-48eb-a37b-c44e784a907c"}
{"component":"player-command","phase":"authorization","correlationId":"faff1ae6-9502-48eb-a37b-c44e784a907c","outcome":"allowed"}
{"component":"player-command","phase":"response","correlationId":"faff1ae6-9502-48eb-a37b-c44e784a907c","statusCode":200,"elapsedMs":78}
{"component":"player-command","phase":"request","correlationId":"63ca4276-6fc2-4f5f-aeea-e5c93b88c63a"}
{"component":"player-command","phase":"authorization","correlationId":"63ca4276-6fc2-4f5f-aeea-e5c93b88c63a","outcome":"allowed"}
{"component":"player-command","phase":"command","correlationId":"63ca4276-6fc2-4f5f-aeea-e5c93b88c63a"}
{"component":"player-command","phase":"mutation","correlationId":"63ca4276-6fc2-4f5f-aeea-e5c93b88c63a","outcome":"completed","replayed":false}
{"component":"player-command","phase":"request","correlationId":"4529295e-06d8-47bd-87db-e516d87c9c45"}
{"component":"player-command","phase":"authorization","correlationId":"4529295e-06d8-47bd-87db-e516d87c9c45","outcome":"allowed"}
{"component":"player-command","phase":"consequence","correlationId":"63ca4276-6fc2-4f5f-aeea-e5c93b88c63a","replayed":false,"changes":1}
{"component":"player-command","phase":"opportunity","correlationId":"63ca4276-6fc2-4f5f-aeea-e5c93b88c63a","replayed":false,"changes":0}
{"component":"player-command","phase":"response","correlationId":"63ca4276-6fc2-4f5f-aeea-e5c93b88c63a","statusCode":200,"elapsedMs":193}
{"component":"player-command","phase":"response","correlationId":"4529295e-06d8-47bd-87db-e516d87c9c45","statusCode":200,"elapsedMs":109}
{"component":"player-command","phase":"request","correlationId":"1f5a93b0-38ca-4623-af82-219e4f7accfd"}
{"component":"player-command","phase":"authorization","correlationId":"1f5a93b0-38ca-4623-af82-219e4f7accfd","outcome":"allowed"}
{"component":"player-command","phase":"response","correlationId":"1f5a93b0-38ca-4623-af82-219e4f7accfd","statusCode":200,"elapsedMs":82}
{"component":"player-command","phase":"request","correlationId":"902695e9-b2b6-4e8a-9a7a-d35b0d809acd"}
{"component":"player-command","phase":"authorization","correlationId":"902695e9-b2b6-4e8a-9a7a-d35b0d809acd","outcome":"allowed"}
{"component":"player-command","phase":"response","correlationId":"902695e9-b2b6-4e8a-9a7a-d35b0d809acd","statusCode":200,"elapsedMs":78}
{"component":"player-command","phase":"request","correlationId":"321bcf1b-6e8f-44d9-a144-0d106d20db28"}
{"component":"player-command","phase":"authorization","correlationId":"321bcf1b-6e8f-44d9-a144-0d106d20db28","outcome":"allowed"}
{"component":"player-command","phase":"response","correlationId":"321bcf1b-6e8f-44d9-a144-0d106d20db28","statusCode":200,"elapsedMs":93}
{"component":"player-command","phase":"request","correlationId":"2cb89d42-592e-4c36-a29d-49c4bb5b5216"}
{"component":"player-command","phase":"authorization","correlationId":"2cb89d42-592e-4c36-a29d-49c4bb5b5216","outcome":"allowed"}
{"component":"player-command","phase":"command","correlationId":"2cb89d42-592e-4c36-a29d-49c4bb5b5216"}
{"component":"player-command","phase":"mutation","correlationId":"2cb89d42-592e-4c36-a29d-49c4bb5b5216","outcome":"completed","replayed":false}
{"component":"player-command","phase":"request","correlationId":"70fda408-adb4-4807-9469-2f297ef441f9"}
{"component":"player-command","phase":"authorization","correlationId":"70fda408-adb4-4807-9469-2f297ef441f9","outcome":"allowed"}
{"component":"player-command","phase":"response","correlationId":"70fda408-adb4-4807-9469-2f297ef441f9","statusCode":200,"elapsedMs":94}
{"component":"player-command","phase":"consequence","correlationId":"2cb89d42-592e-4c36-a29d-49c4bb5b5216","replayed":false,"changes":1}
{"component":"player-command","phase":"opportunity","correlationId":"2cb89d42-592e-4c36-a29d-49c4bb5b5216","replayed":false,"changes":0}
{"component":"player-command","phase":"response","correlationId":"2cb89d42-592e-4c36-a29d-49c4bb5b5216","statusCode":200,"elapsedMs":232}
{"component":"player-command","phase":"request","correlationId":"cf2a3159-817e-4fd3-be26-7784c70125a1"}
{"component":"player-command","phase":"authorization","correlationId":"cf2a3159-817e-4fd3-be26-7784c70125a1","outcome":"allowed"}
{"component":"player-command","phase":"response","correlationId":"cf2a3159-817e-4fd3-be26-7784c70125a1","statusCode":200,"elapsedMs":95}
{"component":"player-command","phase":"request","correlationId":"365ad954-b548-4f26-a910-a8200cda2064"}
{"component":"player-command","phase":"authorization","correlationId":"365ad954-b548-4f26-a910-a8200cda2064","outcome":"allowed"}
{"component":"player-command","phase":"response","correlationId":"365ad954-b548-4f26-a910-a8200cda2064","statusCode":200,"elapsedMs":117}
{"component":"player-command","phase":"request","correlationId":"4c36eb33-cd15-4466-bcd6-efbbe4b5f702"}
{"component":"player-command","phase":"authorization","correlationId":"4c36eb33-cd15-4466-bcd6-efbbe4b5f702","outcome":"allowed"}
{"component":"player-command","phase":"response","correlationId":"4c36eb33-cd15-4466-bcd6-efbbe4b5f702","statusCode":200,"elapsedMs":96}
{"component":"player-command","phase":"request","correlationId":"e844507e-d9bf-440e-9562-9ec80fa522be"}
{"component":"player-command","phase":"authorization","correlationId":"e844507e-d9bf-440e-9562-9ec80fa522be","outcome":"allowed"}
{"component":"player-command","phase":"command","correlationId":"e844507e-d9bf-440e-9562-9ec80fa522be"}
{"component":"player-command","phase":"mutation","correlationId":"e844507e-d9bf-440e-9562-9ec80fa522be","outcome":"completed","replayed":false}
{"component":"player-command","phase":"request","correlationId":"b9e7205c-2a1f-40e9-afd6-ccd64fc0f39e"}
{"component":"player-command","phase":"authorization","correlationId":"b9e7205c-2a1f-40e9-afd6-ccd64fc0f39e","outcome":"allowed"}
{"component":"player-command","phase":"consequence","correlationId":"e844507e-d9bf-440e-9562-9ec80fa522be","replayed":false,"changes":23}
{"component":"player-command","phase":"opportunity","correlationId":"e844507e-d9bf-440e-9562-9ec80fa522be","replayed":false,"changes":20}
{"component":"player-command","phase":"response","correlationId":"e844507e-d9bf-440e-9562-9ec80fa522be","statusCode":200,"elapsedMs":218}
{"component":"player-command","phase":"response","correlationId":"b9e7205c-2a1f-40e9-afd6-ccd64fc0f39e","statusCode":200,"elapsedMs":112}
{"component":"player-command","phase":"request","correlationId":"f6583e3f-e032-46dc-b8d3-af0dadca0ba5"}
{"component":"player-command","phase":"authorization","correlationId":"f6583e3f-e032-46dc-b8d3-af0dadca0ba5","outcome":"allowed"}
{"component":"player-command","phase":"response","correlationId":"f6583e3f-e032-46dc-b8d3-af0dadca0ba5","statusCode":200,"elapsedMs":90}
{"component":"player-command","phase":"request","correlationId":"cfcf38e8-b9d1-4348-a623-db3353dd9eb0"}
{"component":"player-command","phase":"authorization","correlationId":"cfcf38e8-b9d1-4348-a623-db3353dd9eb0","outcome":"allowed"}
{"component":"player-command","phase":"response","correlationId":"cfcf38e8-b9d1-4348-a623-db3353dd9eb0","statusCode":200,"elapsedMs":89}
{"component":"player-command","phase":"request","correlationId":"a8902e61-5a2a-4de4-a563-c2ae5e831a0d"}
{"component":"player-command","phase":"authorization","correlationId":"a8902e61-5a2a-4de4-a563-c2ae5e831a0d","outcome":"allowed"}
{"component":"player-command","phase":"response","correlationId":"a8902e61-5a2a-4de4-a563-c2ae5e831a0d","statusCode":200,"elapsedMs":81}
PASS 320px informant-public-disclosure: 98 rendered commands
⚠️  preflight: Neither PUBLIC_URL nor SOCIAL_GAME_URL is set — every referral link, share prompt and social card will point at the built-in default domain, not yours. Set PUBLIC_URL to this server's own origin (it is also what one-click X sign-in derives its callback from).
⚠️  preflight: INVARIANT_WEBHOOK_URL is not set — the §10.4 economy-drift, backup-failure, oracle-halt and real-value-invariant alarms have nowhere to shout and reach only a log line. Set it (a Slack/Discord webhook) on BOTH processes: the worker fires most alarms, and the API is the only one that can page when the WORKER is dead.
[db] Postgres ready — column migration ran 2956 ADD COLUMN IF NOT EXISTS statements.
{"component":"player-command","phase":"request","correlationId":"429f58a2-8d20-41d9-b72a-f6acd2f3e7d3"}
{"component":"player-command","phase":"authorization","correlationId":"429f58a2-8d20-41d9-b72a-f6acd2f3e7d3","outcome":"allowed"}
{"component":"player-command","phase":"response","correlationId":"429f58a2-8d20-41d9-b72a-f6acd2f3e7d3","statusCode":200,"elapsedMs":96}
{"component":"player-command","phase":"request","correlationId":"026922f2-b470-41e0-9d9e-6ad73d3bc6e3"}
{"component":"player-command","phase":"authorization","correlationId":"026922f2-b470-41e0-9d9e-6ad73d3bc6e3","outcome":"allowed"}
{"component":"player-command","phase":"response","correlationId":"026922f2-b470-41e0-9d9e-6ad73d3bc6e3","statusCode":200,"elapsedMs":35}
{"component":"player-command","phase":"request","correlationId":"5e285ea3-239f-43a5-800e-1a7530b28fc0"}
{"component":"player-command","phase":"authorization","correlationId":"5e285ea3-239f-43a5-800e-1a7530b28fc0","outcome":"allowed"}
{"component":"player-command","phase":"response","correlationId":"5e285ea3-239f-43a5-800e-1a7530b28fc0","statusCode":200,"elapsedMs":33}
{"component":"player-command","phase":"request","correlationId":"4afe588b-4de0-485b-a8c6-f939c2dd9c8a"}
{"component":"player-command","phase":"authorization","correlationId":"4afe588b-4de0-485b-a8c6-f939c2dd9c8a","outcome":"allowed"}
{"component":"player-command","phase":"response","correlationId":"4afe588b-4de0-485b-a8c6-f939c2dd9c8a","statusCode":200,"elapsedMs":58}
{"component":"player-command","phase":"request","correlationId":"8b4b5c38-eaf5-408d-9cf8-5b1b68daab3c"}
{"component":"player-command","phase":"authorization","correlationId":"8b4b5c38-eaf5-408d-9cf8-5b1b68daab3c","outcome":"allowed"}
{"component":"player-command","phase":"command","correlationId":"8b4b5c38-eaf5-408d-9cf8-5b1b68daab3c"}
{"component":"player-command","phase":"mutation","correlationId":"8b4b5c38-eaf5-408d-9cf8-5b1b68daab3c","outcome":"completed","replayed":false}
{"component":"player-command","phase":"consequence","correlationId":"8b4b5c38-eaf5-408d-9cf8-5b1b68daab3c","replayed":false,"changes":2}
{"component":"player-command","phase":"opportunity","correlationId":"8b4b5c38-eaf5-408d-9cf8-5b1b68daab3c","replayed":false,"changes":2}
{"component":"player-command","phase":"response","correlationId":"8b4b5c38-eaf5-408d-9cf8-5b1b68daab3c","statusCode":200,"elapsedMs":158}
{"component":"player-command","phase":"request","correlationId":"4fc1320f-5944-4289-a7b8-3c9bd90a01bf"}
{"component":"player-command","phase":"authorization","correlationId":"4fc1320f-5944-4289-a7b8-3c9bd90a01bf","outcome":"allowed"}
{"component":"player-command","phase":"response","correlationId":"4fc1320f-5944-4289-a7b8-3c9bd90a01bf","statusCode":200,"elapsedMs":37}
{"component":"player-command","phase":"request","correlationId":"6d865875-db3d-4852-bd9a-f746ef4847fb"}
{"component":"player-command","phase":"authorization","correlationId":"6d865875-db3d-4852-bd9a-f746ef4847fb","outcome":"allowed"}
{"component":"player-command","phase":"response","correlationId":"6d865875-db3d-4852-bd9a-f746ef4847fb","statusCode":200,"elapsedMs":35}
{"component":"player-command","phase":"request","correlationId":"6017456d-6987-413e-80c6-a744a07453c8"}
{"component":"player-command","phase":"authorization","correlationId":"6017456d-6987-413e-80c6-a744a07453c8","outcome":"allowed"}
{"component":"player-command","phase":"response","correlationId":"6017456d-6987-413e-80c6-a744a07453c8","statusCode":200,"elapsedMs":34}
{"component":"player-command","phase":"request","correlationId":"741ec01c-9f40-4045-b035-7bacd555ad2d"}
{"component":"player-command","phase":"authorization","correlationId":"741ec01c-9f40-4045-b035-7bacd555ad2d","outcome":"allowed"}
{"component":"player-command","phase":"response","correlationId":"741ec01c-9f40-4045-b035-7bacd555ad2d","statusCode":200,"elapsedMs":34}
{"component":"player-command","phase":"request","correlationId":"174fe79f-d6b0-434c-82d6-1a0c351f3337"}
{"component":"player-command","phase":"authorization","correlationId":"174fe79f-d6b0-434c-82d6-1a0c351f3337","outcome":"allowed"}
{"component":"player-command","phase":"command","correlationId":"174fe79f-d6b0-434c-82d6-1a0c351f3337"}
{"component":"player-command","phase":"mutation","correlationId":"174fe79f-d6b0-434c-82d6-1a0c351f3337","outcome":"completed","replayed":false}
{"component":"player-command","phase":"consequence","correlationId":"174fe79f-d6b0-434c-82d6-1a0c351f3337","replayed":false,"changes":2}
{"component":"player-command","phase":"opportunity","correlationId":"174fe79f-d6b0-434c-82d6-1a0c351f3337","replayed":false,"changes":2}
{"component":"player-command","phase":"response","correlationId":"174fe79f-d6b0-434c-82d6-1a0c351f3337","statusCode":200,"elapsedMs":78}
{"component":"player-command","phase":"request","correlationId":"26c2a5f4-0dd6-4de4-868c-1744a3348c34"}
{"component":"player-command","phase":"authorization","correlationId":"26c2a5f4-0dd6-4de4-868c-1744a3348c34","outcome":"allowed"}
{"component":"player-command","phase":"response","correlationId":"26c2a5f4-0dd6-4de4-868c-1744a3348c34","statusCode":200,"elapsedMs":38}
{"component":"player-command","phase":"request","correlationId":"94e5cbde-a97c-475d-b5f1-ddc3e89e65c4"}
{"component":"player-command","phase":"authorization","correlationId":"94e5cbde-a97c-475d-b5f1-ddc3e89e65c4","outcome":"allowed"}
{"component":"player-command","phase":"response","correlationId":"94e5cbde-a97c-475d-b5f1-ddc3e89e65c4","statusCode":200,"elapsedMs":34}
{"component":"player-command","phase":"request","correlationId":"b7193491-a852-4d99-b144-f5d6b015688b"}
{"component":"player-command","phase":"authorization","correlationId":"b7193491-a852-4d99-b144-f5d6b015688b","outcome":"allowed"}
{"component":"player-command","phase":"response","correlationId":"b7193491-a852-4d99-b144-f5d6b015688b","statusCode":200,"elapsedMs":35}
{"component":"player-command","phase":"request","correlationId":"c24b0999-cdaf-4b17-b21f-8d980e958e82"}
{"component":"player-command","phase":"authorization","correlationId":"c24b0999-cdaf-4b17-b21f-8d980e958e82","outcome":"allowed"}
{"component":"player-command","phase":"response","correlationId":"c24b0999-cdaf-4b17-b21f-8d980e958e82","statusCode":200,"elapsedMs":35}
{"component":"player-command","phase":"request","correlationId":"ec67befd-902c-4afa-accc-2bf3a6d7960a"}
{"component":"player-command","phase":"authorization","correlationId":"ec67befd-902c-4afa-accc-2bf3a6d7960a","outcome":"allowed"}
{"component":"player-command","phase":"command","correlationId":"ec67befd-902c-4afa-accc-2bf3a6d7960a"}
{"component":"player-command","phase":"mutation","correlationId":"ec67befd-902c-4afa-accc-2bf3a6d7960a","outcome":"completed","replayed":false}
{"component":"player-command","phase":"consequence","correlationId":"ec67befd-902c-4afa-accc-2bf3a6d7960a","replayed":false,"changes":16}
{"component":"player-command","phase":"opportunity","correlationId":"ec67befd-902c-4afa-accc-2bf3a6d7960a","replayed":false,"changes":13}
{"component":"player-command","phase":"response","correlationId":"ec67befd-902c-4afa-accc-2bf3a6d7960a","statusCode":200,"elapsedMs":99}
{"component":"player-command","phase":"request","correlationId":"d8524fa0-a6b6-4919-9b46-cde802e9ae6d"}
{"component":"player-command","phase":"authorization","correlationId":"d8524fa0-a6b6-4919-9b46-cde802e9ae6d","outcome":"allowed"}
{"component":"player-command","phase":"response","correlationId":"d8524fa0-a6b6-4919-9b46-cde802e9ae6d","statusCode":200,"elapsedMs":45}
{"component":"player-command","phase":"request","correlationId":"f069b5a1-1e59-459a-b4c2-8866f2eb5653"}
{"component":"player-command","phase":"authorization","correlationId":"f069b5a1-1e59-459a-b4c2-8866f2eb5653","outcome":"allowed"}
{"component":"player-command","phase":"response","correlationId":"f069b5a1-1e59-459a-b4c2-8866f2eb5653","statusCode":200,"elapsedMs":41}
{"component":"player-command","phase":"request","correlationId":"e41583cf-6f8b-42e2-b9bf-13a1bcde9cab"}
{"component":"player-command","phase":"authorization","correlationId":"e41583cf-6f8b-42e2-b9bf-13a1bcde9cab","outcome":"allowed"}
{"component":"player-command","phase":"response","correlationId":"e41583cf-6f8b-42e2-b9bf-13a1bcde9cab","statusCode":200,"elapsedMs":43}
{"component":"player-command","phase":"request","correlationId":"5fa8556e-d55c-458f-96c6-1a758d3b6dfd"}
{"component":"player-command","phase":"authorization","correlationId":"5fa8556e-d55c-458f-96c6-1a758d3b6dfd","outcome":"allowed"}
{"component":"player-command","phase":"response","correlationId":"5fa8556e-d55c-458f-96c6-1a758d3b6dfd","statusCode":200,"elapsedMs":42}
{"component":"player-command","phase":"request","correlationId":"328bb47f-5071-441b-a978-fc4affd365ee"}
{"component":"player-command","phase":"authorization","correlationId":"328bb47f-5071-441b-a978-fc4affd365ee","outcome":"allowed"}
{"component":"player-command","phase":"command","correlationId":"328bb47f-5071-441b-a978-fc4affd365ee"}
{"component":"player-command","phase":"mutation","correlationId":"328bb47f-5071-441b-a978-fc4affd365ee","outcome":"completed","replayed":false}
{"component":"player-command","phase":"consequence","correlationId":"328bb47f-5071-441b-a978-fc4affd365ee","replayed":false,"changes":2}
{"component":"player-command","phase":"opportunity","correlationId":"328bb47f-5071-441b-a978-fc4affd365ee","replayed":false,"changes":2}
{"component":"player-command","phase":"response","correlationId":"328bb47f-5071-441b-a978-fc4affd365ee","statusCode":200,"elapsedMs":89}
{"component":"player-command","phase":"request","correlationId":"b0e7d8d1-6b05-497c-a91e-cd0b99081790"}
{"component":"player-command","phase":"authorization","correlationId":"b0e7d8d1-6b05-497c-a91e-cd0b99081790","outcome":"allowed"}
{"component":"player-command","phase":"response","correlationId":"b0e7d8d1-6b05-497c-a91e-cd0b99081790","statusCode":200,"elapsedMs":44}
{"component":"player-command","phase":"request","correlationId":"9f3e630d-e06e-430e-af42-a2642a6eb81b"}
{"component":"player-command","phase":"authorization","correlationId":"9f3e630d-e06e-430e-af42-a2642a6eb81b","outcome":"allowed"}
{"component":"player-command","phase":"response","correlationId":"9f3e630d-e06e-430e-af42-a2642a6eb81b","statusCode":200,"elapsedMs":45}
{"component":"player-command","phase":"request","correlationId":"c2b32f94-c5dd-4f4c-b232-3c30be82f640"}
{"component":"player-command","phase":"authorization","correlationId":"c2b32f94-c5dd-4f4c-b232-3c30be82f640","outcome":"allowed"}
{"component":"player-command","phase":"response","correlationId":"c2b32f94-c5dd-4f4c-b232-3c30be82f640","statusCode":200,"elapsedMs":40}
{"component":"player-command","phase":"request","correlationId":"afca87e1-3cfe-4b72-b57b-e4b08f4f95e6"}
{"component":"player-command","phase":"authorization","correlationId":"afca87e1-3cfe-4b72-b57b-e4b08f4f95e6","outcome":"allowed"}
{"component":"player-command","phase":"response","correlationId":"afca87e1-3cfe-4b72-b57b-e4b08f4f95e6","statusCode":200,"elapsedMs":39}
{"component":"player-command","phase":"request","correlationId":"c5bba5a3-0d24-441d-be24-c8d85e3229e8"}
{"component":"player-command","phase":"authorization","correlationId":"c5bba5a3-0d24-441d-be24-c8d85e3229e8","outcome":"allowed"}
{"component":"player-command","phase":"command","correlationId":"c5bba5a3-0d24-441d-be24-c8d85e3229e8"}
{"component":"player-command","phase":"mutation","correlationId":"c5bba5a3-0d24-441d-be24-c8d85e3229e8","outcome":"completed","replayed":false}
{"component":"player-command","phase":"consequence","correlationId":"c5bba5a3-0d24-441d-be24-c8d85e3229e8","replayed":false,"changes":2}
{"component":"player-command","phase":"opportunity","correlationId":"c5bba5a3-0d24-441d-be24-c8d85e3229e8","replayed":false,"changes":2}
{"component":"player-command","phase":"response","correlationId":"c5bba5a3-0d24-441d-be24-c8d85e3229e8","statusCode":200,"elapsedMs":89}
{"component":"player-command","phase":"request","correlationId":"89e44234-a7bd-4856-b29f-81348b18b06e"}
{"component":"player-command","phase":"authorization","correlationId":"89e44234-a7bd-4856-b29f-81348b18b06e","outcome":"allowed"}
{"component":"player-command","phase":"response","correlationId":"89e44234-a7bd-4856-b29f-81348b18b06e","statusCode":200,"elapsedMs":41}
{"component":"player-command","phase":"request","correlationId":"999c84ab-0fb4-4553-8e2a-fbe860f832fd"}
{"component":"player-command","phase":"authorization","correlationId":"999c84ab-0fb4-4553-8e2a-fbe860f832fd","outcome":"allowed"}
{"component":"player-command","phase":"response","correlationId":"999c84ab-0fb4-4553-8e2a-fbe860f832fd","statusCode":200,"elapsedMs":41}
{"component":"player-command","phase":"request","correlationId":"777d4959-660e-4c21-988b-84f0130d5d91"}
{"component":"player-command","phase":"authorization","correlationId":"777d4959-660e-4c21-988b-84f0130d5d91","outcome":"allowed"}
{"component":"player-command","phase":"response","correlationId":"777d4959-660e-4c21-988b-84f0130d5d91","statusCode":200,"elapsedMs":40}
{"component":"player-command","phase":"request","correlationId":"126af409-184c-49ed-b17a-1f44db1267d6"}
{"component":"player-command","phase":"authorization","correlationId":"126af409-184c-49ed-b17a-1f44db1267d6","outcome":"allowed"}
{"component":"player-command","phase":"response","correlationId":"126af409-184c-49ed-b17a-1f44db1267d6","statusCode":200,"elapsedMs":41}
{"component":"player-command","phase":"request","correlationId":"34ca7624-9235-49a8-b31e-f50ce0e3398e"}
{"component":"player-command","phase":"authorization","correlationId":"34ca7624-9235-49a8-b31e-f50ce0e3398e","outcome":"allowed"}
{"component":"player-command","phase":"command","correlationId":"34ca7624-9235-49a8-b31e-f50ce0e3398e"}
{"component":"player-command","phase":"mutation","correlationId":"34ca7624-9235-49a8-b31e-f50ce0e3398e","outcome":"completed","replayed":false}
{"component":"player-command","phase":"consequence","correlationId":"34ca7624-9235-49a8-b31e-f50ce0e3398e","replayed":false,"changes":1}
{"component":"player-command","phase":"opportunity","correlationId":"34ca7624-9235-49a8-b31e-f50ce0e3398e","replayed":false,"changes":1}
{"component":"player-command","phase":"response","correlationId":"34ca7624-9235-49a8-b31e-f50ce0e3398e","statusCode":200,"elapsedMs":89}
{"component":"player-command","phase":"request","correlationId":"7897ded7-bfe8-4a1d-b742-35c365eaf508"}
{"component":"player-command","phase":"authorization","correlationId":"7897ded7-bfe8-4a1d-b742-35c365eaf508","outcome":"allowed"}
{"component":"player-command","phase":"response","correlationId":"7897ded7-bfe8-4a1d-b742-35c365eaf508","statusCode":200,"elapsedMs":43}
{"component":"player-command","phase":"request","correlationId":"edebf74f-281f-431a-820c-41ac0f011329"}
{"component":"player-command","phase":"authorization","correlationId":"edebf74f-281f-431a-820c-41ac0f011329","outcome":"allowed"}
{"component":"player-command","phase":"response","correlationId":"edebf74f-281f-431a-820c-41ac0f011329","statusCode":200,"elapsedMs":41}
{"component":"player-command","phase":"request","correlationId":"8bc09559-e6d4-49fd-9976-2f30f760cde6"}
{"component":"player-command","phase":"authorization","correlationId":"8bc09559-e6d4-49fd-9976-2f30f760cde6","outcome":"allowed"}
{"component":"player-command","phase":"response","correlationId":"8bc09559-e6d4-49fd-9976-2f30f760cde6","statusCode":200,"elapsedMs":41}
{"component":"player-command","phase":"request","correlationId":"fb63cb96-7ec9-4630-81b9-ea8ede916df4"}
{"component":"player-command","phase":"authorization","correlationId":"fb63cb96-7ec9-4630-81b9-ea8ede916df4","outcome":"allowed"}
{"component":"player-command","phase":"response","correlationId":"fb63cb96-7ec9-4630-81b9-ea8ede916df4","statusCode":200,"elapsedMs":50}
{"component":"player-command","phase":"request","correlationId":"2602bd7f-081b-4816-b00a-b807e01c939d"}
{"component":"player-command","phase":"authorization","correlationId":"2602bd7f-081b-4816-b00a-b807e01c939d","outcome":"allowed"}
{"component":"player-command","phase":"response","correlationId":"2602bd7f-081b-4816-b00a-b807e01c939d","statusCode":200,"elapsedMs":38}
{"component":"player-command","phase":"request","correlationId":"1b73c13a-282c-4cf7-a376-28e1ce6dfdbb"}
{"component":"player-command","phase":"authorization","correlationId":"1b73c13a-282c-4cf7-a376-28e1ce6dfdbb","outcome":"allowed"}
{"component":"player-command","phase":"response","correlationId":"1b73c13a-282c-4cf7-a376-28e1ce6dfdbb","statusCode":200,"elapsedMs":39}
{"component":"player-command","phase":"request","correlationId":"3542bc30-a702-4b28-ad2c-21fd6ba5a344"}
{"component":"player-command","phase":"authorization","correlationId":"3542bc30-a702-4b28-ad2c-21fd6ba5a344","outcome":"allowed"}
{"component":"player-command","phase":"response","correlationId":"3542bc30-a702-4b28-ad2c-21fd6ba5a344","statusCode":200,"elapsedMs":40}
{"component":"player-command","phase":"request","correlationId":"15e4ae1e-bf4a-4d5a-8507-f737b2ef19c9"}
{"component":"player-command","phase":"authorization","correlationId":"15e4ae1e-bf4a-4d5a-8507-f737b2ef19c9","outcome":"allowed"}
{"component":"player-command","phase":"command","correlationId":"15e4ae1e-bf4a-4d5a-8507-f737b2ef19c9"}
{"component":"player-command","phase":"mutation","correlationId":"15e4ae1e-bf4a-4d5a-8507-f737b2ef19c9","outcome":"completed","replayed":false}
{"component":"player-command","phase":"consequence","correlationId":"15e4ae1e-bf4a-4d5a-8507-f737b2ef19c9","replayed":false,"changes":2}
{"component":"player-command","phase":"opportunity","correlationId":"15e4ae1e-bf4a-4d5a-8507-f737b2ef19c9","replayed":false,"changes":2}
{"component":"player-command","phase":"response","correlationId":"15e4ae1e-bf4a-4d5a-8507-f737b2ef19c9","statusCode":200,"elapsedMs":98}
{"component":"player-command","phase":"request","correlationId":"405acbe1-7511-47df-842c-af2c355badfa"}
{"component":"player-command","phase":"authorization","correlationId":"405acbe1-7511-47df-842c-af2c355badfa","outcome":"allowed"}
{"component":"player-command","phase":"response","correlationId":"405acbe1-7511-47df-842c-af2c355badfa","statusCode":200,"elapsedMs":42}
{"component":"player-command","phase":"request","correlationId":"a663a99e-b640-4571-ada3-aeb00199b70d"}
{"component":"player-command","phase":"authorization","correlationId":"a663a99e-b640-4571-ada3-aeb00199b70d","outcome":"allowed"}
{"component":"player-command","phase":"response","correlationId":"a663a99e-b640-4571-ada3-aeb00199b70d","statusCode":200,"elapsedMs":40}
{"component":"player-command","phase":"request","correlationId":"34abd938-aca6-4de0-9c92-f59e9c55adba"}
{"component":"player-command","phase":"authorization","correlationId":"34abd938-aca6-4de0-9c92-f59e9c55adba","outcome":"allowed"}
{"component":"player-command","phase":"response","correlationId":"34abd938-aca6-4de0-9c92-f59e9c55adba","statusCode":200,"elapsedMs":39}
{"component":"player-command","phase":"request","correlationId":"7febd9a5-897a-4d0d-92cc-4007fbabad27"}
{"component":"player-command","phase":"authorization","correlationId":"7febd9a5-897a-4d0d-92cc-4007fbabad27","outcome":"allowed"}
{"component":"player-command","phase":"response","correlationId":"7febd9a5-897a-4d0d-92cc-4007fbabad27","statusCode":200,"elapsedMs":39}
{"component":"player-command","phase":"request","correlationId":"ad396278-c257-44b7-b362-76fa090e7e09"}
{"component":"player-command","phase":"authorization","correlationId":"ad396278-c257-44b7-b362-76fa090e7e09","outcome":"allowed"}
{"component":"player-command","phase":"command","correlationId":"ad396278-c257-44b7-b362-76fa090e7e09"}
{"component":"player-command","phase":"mutation","correlationId":"ad396278-c257-44b7-b362-76fa090e7e09","outcome":"completed","replayed":false}
{"component":"player-command","phase":"consequence","correlationId":"ad396278-c257-44b7-b362-76fa090e7e09","replayed":false,"changes":2}
{"component":"player-command","phase":"opportunity","correlationId":"ad396278-c257-44b7-b362-76fa090e7e09","replayed":false,"changes":2}
{"component":"player-command","phase":"response","correlationId":"ad396278-c257-44b7-b362-76fa090e7e09","statusCode":200,"elapsedMs":82}
{"component":"player-command","phase":"request","correlationId":"17925fcd-4b9d-4caf-80b7-eedd4766dc44"}
{"component":"player-command","phase":"authorization","correlationId":"17925fcd-4b9d-4caf-80b7-eedd4766dc44","outcome":"allowed"}
{"component":"player-command","phase":"response","correlationId":"17925fcd-4b9d-4caf-80b7-eedd4766dc44","statusCode":200,"elapsedMs":42}
{"component":"player-command","phase":"request","correlationId":"4794fe39-527b-439c-986b-ef2b21d2e2dc"}
{"component":"player-command","phase":"authorization","correlationId":"4794fe39-527b-439c-986b-ef2b21d2e2dc","outcome":"allowed"}
{"component":"player-command","phase":"response","correlationId":"4794fe39-527b-439c-986b-ef2b21d2e2dc","statusCode":200,"elapsedMs":45}
{"component":"player-command","phase":"request","correlationId":"e71d011f-23b3-4bfb-b0de-c80cad8ac9ed"}
{"component":"player-command","phase":"authorization","correlationId":"e71d011f-23b3-4bfb-b0de-c80cad8ac9ed","outcome":"allowed"}
{"component":"player-command","phase":"response","correlationId":"e71d011f-23b3-4bfb-b0de-c80cad8ac9ed","statusCode":200,"elapsedMs":40}
{"component":"player-command","phase":"request","correlationId":"7c117b7b-7281-4552-a697-b6f43e45257c"}
{"component":"player-command","phase":"authorization","correlationId":"7c117b7b-7281-4552-a697-b6f43e45257c","outcome":"allowed"}
{"component":"player-command","phase":"response","correlationId":"7c117b7b-7281-4552-a697-b6f43e45257c","statusCode":200,"elapsedMs":38}
{"component":"player-command","phase":"request","correlationId":"b5b8d405-64ac-41a8-9d67-298926819e46"}
{"component":"player-command","phase":"authorization","correlationId":"b5b8d405-64ac-41a8-9d67-298926819e46","outcome":"allowed"}
{"component":"player-command","phase":"command","correlationId":"b5b8d405-64ac-41a8-9d67-298926819e46"}
{"component":"player-command","phase":"mutation","correlationId":"b5b8d405-64ac-41a8-9d67-298926819e46","outcome":"completed","replayed":false}
{"component":"player-command","phase":"consequence","correlationId":"b5b8d405-64ac-41a8-9d67-298926819e46","replayed":false,"changes":16}
{"component":"player-command","phase":"opportunity","correlationId":"b5b8d405-64ac-41a8-9d67-298926819e46","replayed":false,"changes":13}
{"component":"player-command","phase":"response","correlationId":"b5b8d405-64ac-41a8-9d67-298926819e46","statusCode":200,"elapsedMs":96}
{"component":"player-command","phase":"request","correlationId":"3294bbd5-1163-4cb2-99b1-c0d599a54707"}
{"component":"player-command","phase":"authorization","correlationId":"3294bbd5-1163-4cb2-99b1-c0d599a54707","outcome":"allowed"}
{"component":"player-command","phase":"response","correlationId":"3294bbd5-1163-4cb2-99b1-c0d599a54707","statusCode":200,"elapsedMs":50}
{"component":"player-command","phase":"request","correlationId":"226e5f39-08a2-49c4-a07d-66dc38feb683"}
{"component":"player-command","phase":"authorization","correlationId":"226e5f39-08a2-49c4-a07d-66dc38feb683","outcome":"allowed"}
{"component":"player-command","phase":"response","correlationId":"226e5f39-08a2-49c4-a07d-66dc38feb683","statusCode":200,"elapsedMs":46}
{"component":"player-command","phase":"request","correlationId":"d5039dfb-6c73-4f4b-b07f-b7466d259f5a"}
{"component":"player-command","phase":"authorization","correlationId":"d5039dfb-6c73-4f4b-b07f-b7466d259f5a","outcome":"allowed"}
{"component":"player-command","phase":"response","correlationId":"d5039dfb-6c73-4f4b-b07f-b7466d259f5a","statusCode":200,"elapsedMs":44}
{"component":"player-command","phase":"request","correlationId":"6aa36ece-abab-4ece-9e71-cfe0a440a90c"}
{"component":"player-command","phase":"authorization","correlationId":"6aa36ece-abab-4ece-9e71-cfe0a440a90c","outcome":"allowed"}
{"component":"player-command","phase":"response","correlationId":"6aa36ece-abab-4ece-9e71-cfe0a440a90c","statusCode":200,"elapsedMs":46}
{"component":"player-command","phase":"request","correlationId":"7571cb59-2210-4824-abd1-ec55cebddb94"}
{"component":"player-command","phase":"authorization","correlationId":"7571cb59-2210-4824-abd1-ec55cebddb94","outcome":"allowed"}
{"component":"player-command","phase":"command","correlationId":"7571cb59-2210-4824-abd1-ec55cebddb94"}
{"component":"player-command","phase":"mutation","correlationId":"7571cb59-2210-4824-abd1-ec55cebddb94","outcome":"completed","replayed":false}
{"component":"player-command","phase":"consequence","correlationId":"7571cb59-2210-4824-abd1-ec55cebddb94","replayed":false,"changes":2}
{"component":"player-command","phase":"opportunity","correlationId":"7571cb59-2210-4824-abd1-ec55cebddb94","replayed":false,"changes":2}
{"component":"player-command","phase":"response","correlationId":"7571cb59-2210-4824-abd1-ec55cebddb94","statusCode":200,"elapsedMs":102}
{"component":"player-command","phase":"request","correlationId":"b1f4b94a-9c95-4beb-b096-52afc84d44b3"}
{"component":"player-command","phase":"authorization","correlationId":"b1f4b94a-9c95-4beb-b096-52afc84d44b3","outcome":"allowed"}
{"component":"player-command","phase":"response","correlationId":"b1f4b94a-9c95-4beb-b096-52afc84d44b3","statusCode":200,"elapsedMs":46}
{"component":"player-command","phase":"request","correlationId":"b562b254-2954-4014-8bc2-2403642c8969"}
{"component":"player-command","phase":"authorization","correlationId":"b562b254-2954-4014-8bc2-2403642c8969","outcome":"allowed"}
{"component":"player-command","phase":"response","correlationId":"b562b254-2954-4014-8bc2-2403642c8969","statusCode":200,"elapsedMs":43}
{"component":"player-command","phase":"request","correlationId":"35c9b222-cf4a-406e-92c7-102f658c2c92"}
{"component":"player-command","phase":"authorization","correlationId":"35c9b222-cf4a-406e-92c7-102f658c2c92","outcome":"allowed"}
{"component":"player-command","phase":"response","correlationId":"35c9b222-cf4a-406e-92c7-102f658c2c92","statusCode":200,"elapsedMs":47}
{"component":"player-command","phase":"request","correlationId":"0390e409-e39a-4573-93fc-d24973fde81c"}
{"component":"player-command","phase":"authorization","correlationId":"0390e409-e39a-4573-93fc-d24973fde81c","outcome":"allowed"}
{"component":"player-command","phase":"response","correlationId":"0390e409-e39a-4573-93fc-d24973fde81c","statusCode":200,"elapsedMs":42}
{"component":"player-command","phase":"request","correlationId":"91707425-e0b1-4715-888a-ce93f6468c78"}
{"component":"player-command","phase":"authorization","correlationId":"91707425-e0b1-4715-888a-ce93f6468c78","outcome":"allowed"}
{"component":"player-command","phase":"command","correlationId":"91707425-e0b1-4715-888a-ce93f6468c78"}
{"component":"player-command","phase":"mutation","correlationId":"91707425-e0b1-4715-888a-ce93f6468c78","outcome":"completed","replayed":false}
{"component":"player-command","phase":"consequence","correlationId":"91707425-e0b1-4715-888a-ce93f6468c78","replayed":false,"changes":2}
{"component":"player-command","phase":"opportunity","correlationId":"91707425-e0b1-4715-888a-ce93f6468c78","replayed":false,"changes":2}
{"component":"player-command","phase":"response","correlationId":"91707425-e0b1-4715-888a-ce93f6468c78","statusCode":200,"elapsedMs":99}
{"component":"player-command","phase":"request","correlationId":"2a69aa38-dc5a-4f50-bd72-824467d67cde"}
{"component":"player-command","phase":"authorization","correlationId":"2a69aa38-dc5a-4f50-bd72-824467d67cde","outcome":"allowed"}
{"component":"player-command","phase":"response","correlationId":"2a69aa38-dc5a-4f50-bd72-824467d67cde","statusCode":200,"elapsedMs":47}
{"component":"player-command","phase":"request","correlationId":"23a184f8-96ed-4304-b3df-406971a0b0e6"}
{"component":"player-command","phase":"authorization","correlationId":"23a184f8-96ed-4304-b3df-406971a0b0e6","outcome":"allowed"}
{"component":"player-command","phase":"response","correlationId":"23a184f8-96ed-4304-b3df-406971a0b0e6","statusCode":200,"elapsedMs":42}
{"component":"player-command","phase":"request","correlationId":"9397e0d5-737a-4847-8207-9bdee0204ed7"}
{"component":"player-command","phase":"authorization","correlationId":"9397e0d5-737a-4847-8207-9bdee0204ed7","outcome":"allowed"}
{"component":"player-command","phase":"response","correlationId":"9397e0d5-737a-4847-8207-9bdee0204ed7","statusCode":200,"elapsedMs":42}
{"component":"player-command","phase":"request","correlationId":"f5aeece8-f1ae-4940-83f6-ede8a2308ce8"}
{"component":"player-command","phase":"authorization","correlationId":"f5aeece8-f1ae-4940-83f6-ede8a2308ce8","outcome":"allowed"}
{"component":"player-command","phase":"response","correlationId":"f5aeece8-f1ae-4940-83f6-ede8a2308ce8","statusCode":200,"elapsedMs":47}
{"component":"player-command","phase":"request","correlationId":"98ee667f-2ea0-4e61-b6e2-3ca4165b3caf"}
{"component":"player-command","phase":"authorization","correlationId":"98ee667f-2ea0-4e61-b6e2-3ca4165b3caf","outcome":"allowed"}
{"component":"player-command","phase":"command","correlationId":"98ee667f-2ea0-4e61-b6e2-3ca4165b3caf"}
{"component":"player-command","phase":"mutation","correlationId":"98ee667f-2ea0-4e61-b6e2-3ca4165b3caf","outcome":"completed","replayed":false}
{"component":"player-command","phase":"consequence","correlationId":"98ee667f-2ea0-4e61-b6e2-3ca4165b3caf","replayed":false,"changes":1}
{"component":"player-command","phase":"opportunity","correlationId":"98ee667f-2ea0-4e61-b6e2-3ca4165b3caf","replayed":false,"changes":1}
{"component":"player-command","phase":"response","correlationId":"98ee667f-2ea0-4e61-b6e2-3ca4165b3caf","statusCode":200,"elapsedMs":94}
{"component":"player-command","phase":"request","correlationId":"ad47fa93-ee90-4baf-8199-d2e72dded330"}
{"component":"player-command","phase":"authorization","correlationId":"ad47fa93-ee90-4baf-8199-d2e72dded330","outcome":"allowed"}
{"component":"player-command","phase":"response","correlationId":"ad47fa93-ee90-4baf-8199-d2e72dded330","statusCode":200,"elapsedMs":49}
{"component":"player-command","phase":"request","correlationId":"8b8a3c25-c3a4-42ef-8820-83c4a9cdf810"}
{"component":"player-command","phase":"authorization","correlationId":"8b8a3c25-c3a4-42ef-8820-83c4a9cdf810","outcome":"allowed"}
{"component":"player-command","phase":"response","correlationId":"8b8a3c25-c3a4-42ef-8820-83c4a9cdf810","statusCode":200,"elapsedMs":51}
{"component":"player-command","phase":"request","correlationId":"bf785057-c31d-49b5-91cf-c19195d69399"}
{"component":"player-command","phase":"authorization","correlationId":"bf785057-c31d-49b5-91cf-c19195d69399","outcome":"allowed"}
{"component":"player-command","phase":"response","correlationId":"bf785057-c31d-49b5-91cf-c19195d69399","statusCode":200,"elapsedMs":45}
{"component":"player-command","phase":"request","correlationId":"36899087-33c5-4b86-bc0b-4870e837b915"}
{"component":"player-command","phase":"authorization","correlationId":"36899087-33c5-4b86-bc0b-4870e837b915","outcome":"allowed"}
{"component":"player-command","phase":"response","correlationId":"36899087-33c5-4b86-bc0b-4870e837b915","statusCode":200,"elapsedMs":46}
{"component":"player-command","phase":"request","correlationId":"d3442893-3723-43a1-a28c-bb5453c44054"}
{"component":"player-command","phase":"authorization","correlationId":"d3442893-3723-43a1-a28c-bb5453c44054","outcome":"allowed"}
{"component":"player-command","phase":"response","correlationId":"d3442893-3723-43a1-a28c-bb5453c44054","statusCode":200,"elapsedMs":65}
{"component":"player-command","phase":"request","correlationId":"dc85cf39-454e-4574-8563-732409eae5b0"}
{"component":"player-command","phase":"authorization","correlationId":"dc85cf39-454e-4574-8563-732409eae5b0","outcome":"allowed"}
{"component":"player-command","phase":"command","correlationId":"dc85cf39-454e-4574-8563-732409eae5b0"}
{"component":"player-command","phase":"mutation","correlationId":"dc85cf39-454e-4574-8563-732409eae5b0","outcome":"completed","replayed":false}
{"component":"player-command","phase":"consequence","correlationId":"dc85cf39-454e-4574-8563-732409eae5b0","replayed":false,"changes":4}
{"component":"player-command","phase":"opportunity","correlationId":"dc85cf39-454e-4574-8563-732409eae5b0","replayed":false,"changes":0}
{"component":"player-command","phase":"response","correlationId":"dc85cf39-454e-4574-8563-732409eae5b0","statusCode":200,"elapsedMs":115}
{"component":"player-command","phase":"request","correlationId":"9224b065-bce3-4316-91be-03464327bbce"}
{"component":"player-command","phase":"authorization","correlationId":"9224b065-bce3-4316-91be-03464327bbce","outcome":"allowed"}
{"component":"player-command","phase":"response","correlationId":"9224b065-bce3-4316-91be-03464327bbce","statusCode":200,"elapsedMs":45}
{"component":"player-command","phase":"request","correlationId":"be7e475d-be1f-4bf6-8232-51ff23678202"}
{"component":"player-command","phase":"authorization","correlationId":"be7e475d-be1f-4bf6-8232-51ff23678202","outcome":"allowed"}
{"component":"player-command","phase":"response","correlationId":"be7e475d-be1f-4bf6-8232-51ff23678202","statusCode":200,"elapsedMs":45}
{"component":"player-command","phase":"request","correlationId":"d8368fb6-6293-44fb-ae9b-65bee6333361"}
{"component":"player-command","phase":"authorization","correlationId":"d8368fb6-6293-44fb-ae9b-65bee6333361","outcome":"allowed"}
{"component":"player-command","phase":"response","correlationId":"d8368fb6-6293-44fb-ae9b-65bee6333361","statusCode":200,"elapsedMs":52}
{"component":"player-command","phase":"request","correlationId":"f15112ef-7760-47cc-af42-0254cbda0153"}
{"component":"player-command","phase":"authorization","correlationId":"f15112ef-7760-47cc-af42-0254cbda0153","outcome":"allowed"}
{"component":"player-command","phase":"command","correlationId":"f15112ef-7760-47cc-af42-0254cbda0153"}
{"component":"player-command","phase":"request","correlationId":"648a676d-14f7-4ac1-a267-c48bf63a42f7"}
{"component":"player-command","phase":"mutation","correlationId":"f15112ef-7760-47cc-af42-0254cbda0153","outcome":"completed","replayed":false}
{"component":"player-command","phase":"consequence","correlationId":"f15112ef-7760-47cc-af42-0254cbda0153","replayed":false,"changes":9}
{"component":"player-command","phase":"opportunity","correlationId":"f15112ef-7760-47cc-af42-0254cbda0153","replayed":false,"changes":8}
{"component":"player-command","phase":"response","correlationId":"f15112ef-7760-47cc-af42-0254cbda0153","statusCode":200,"elapsedMs":150}
{"component":"player-command","phase":"authorization","correlationId":"648a676d-14f7-4ac1-a267-c48bf63a42f7","outcome":"allowed"}
{"component":"player-command","phase":"request","correlationId":"65f8093d-3431-4110-8329-adb75ae69457"}
{"component":"player-command","phase":"authorization","correlationId":"65f8093d-3431-4110-8329-adb75ae69457","outcome":"allowed"}
{"component":"player-command","phase":"response","correlationId":"65f8093d-3431-4110-8329-adb75ae69457","statusCode":200,"elapsedMs":62}
{"component":"player-command","phase":"request","correlationId":"b43b2e99-e2a2-4975-a89f-f2fb4a511ea2"}
{"component":"player-command","phase":"authorization","correlationId":"b43b2e99-e2a2-4975-a89f-f2fb4a511ea2","outcome":"allowed"}
{"component":"player-command","phase":"response","correlationId":"b43b2e99-e2a2-4975-a89f-f2fb4a511ea2","statusCode":200,"elapsedMs":63}
{"component":"player-command","phase":"response","correlationId":"648a676d-14f7-4ac1-a267-c48bf63a42f7","statusCode":200,"elapsedMs":326}
{"component":"player-command","phase":"request","correlationId":"e01e34d3-76bc-4eb5-9c79-8502276d4701"}
{"component":"player-command","phase":"authorization","correlationId":"e01e34d3-76bc-4eb5-9c79-8502276d4701","outcome":"allowed"}
{"component":"player-command","phase":"request","correlationId":"feee7a67-80c6-4c2e-ab59-a0a268ec35c5"}
{"component":"player-command","phase":"authorization","correlationId":"feee7a67-80c6-4c2e-ab59-a0a268ec35c5","outcome":"allowed"}
{"component":"player-command","phase":"response","correlationId":"e01e34d3-76bc-4eb5-9c79-8502276d4701","statusCode":200,"elapsedMs":53}
{"component":"player-command","phase":"response","correlationId":"feee7a67-80c6-4c2e-ab59-a0a268ec35c5","statusCode":200,"elapsedMs":73}
{"component":"player-command","phase":"request","correlationId":"ee183272-c3dc-4ba0-96f7-7ed4c99d9225"}
{"component":"player-command","phase":"authorization","correlationId":"ee183272-c3dc-4ba0-96f7-7ed4c99d9225","outcome":"allowed"}
{"component":"player-command","phase":"response","correlationId":"ee183272-c3dc-4ba0-96f7-7ed4c99d9225","statusCode":200,"elapsedMs":59}
{"component":"player-command","phase":"request","correlationId":"d87df85f-3300-484c-88ce-92a174869879"}
{"component":"player-command","phase":"authorization","correlationId":"d87df85f-3300-484c-88ce-92a174869879","outcome":"allowed"}
{"component":"player-command","phase":"command","correlationId":"d87df85f-3300-484c-88ce-92a174869879"}
{"component":"player-command","phase":"mutation","correlationId":"d87df85f-3300-484c-88ce-92a174869879","outcome":"completed","replayed":false}
{"component":"player-command","phase":"request","correlationId":"2186d35e-de36-4931-8a0a-175cc892b047"}
{"component":"player-command","phase":"authorization","correlationId":"2186d35e-de36-4931-8a0a-175cc892b047","outcome":"allowed"}
{"component":"player-command","phase":"response","correlationId":"2186d35e-de36-4931-8a0a-175cc892b047","statusCode":200,"elapsedMs":50}
{"component":"player-command","phase":"consequence","correlationId":"d87df85f-3300-484c-88ce-92a174869879","replayed":false,"changes":1}
{"component":"player-command","phase":"opportunity","correlationId":"d87df85f-3300-484c-88ce-92a174869879","replayed":false,"changes":0}
{"component":"player-command","phase":"response","correlationId":"d87df85f-3300-484c-88ce-92a174869879","statusCode":200,"elapsedMs":162}
{"component":"player-command","phase":"request","correlationId":"d4cb973b-0d0c-4c83-a055-7eca7116bc6f"}
{"component":"player-command","phase":"authorization","correlationId":"d4cb973b-0d0c-4c83-a055-7eca7116bc6f","outcome":"allowed"}
{"component":"player-command","phase":"response","correlationId":"d4cb973b-0d0c-4c83-a055-7eca7116bc6f","statusCode":200,"elapsedMs":58}
{"component":"player-command","phase":"request","correlationId":"369e03a8-ae4f-4e5d-bddb-843ce2147396"}
{"component":"player-command","phase":"authorization","correlationId":"369e03a8-ae4f-4e5d-bddb-843ce2147396","outcome":"allowed"}
{"component":"player-command","phase":"response","correlationId":"369e03a8-ae4f-4e5d-bddb-843ce2147396","statusCode":200,"elapsedMs":60}
{"component":"player-command","phase":"request","correlationId":"dc950e7f-9dc1-4af2-ace5-b518711d1081"}
{"component":"player-command","phase":"authorization","correlationId":"dc950e7f-9dc1-4af2-ace5-b518711d1081","outcome":"allowed"}
{"component":"player-command","phase":"response","correlationId":"dc950e7f-9dc1-4af2-ace5-b518711d1081","statusCode":200,"elapsedMs":61}
{"component":"player-command","phase":"request","correlationId":"3ad09e12-80e2-4a01-aca6-93a862061e81"}
{"component":"player-command","phase":"authorization","correlationId":"3ad09e12-80e2-4a01-aca6-93a862061e81","outcome":"allowed"}
{"component":"player-command","phase":"command","correlationId":"3ad09e12-80e2-4a01-aca6-93a862061e81"}
{"component":"player-command","phase":"mutation","correlationId":"3ad09e12-80e2-4a01-aca6-93a862061e81","outcome":"completed","replayed":false}
{"component":"player-command","phase":"request","correlationId":"283f42ed-7220-431b-a475-a5fa1f2e40cc"}
{"component":"player-command","phase":"authorization","correlationId":"283f42ed-7220-431b-a475-a5fa1f2e40cc","outcome":"allowed"}
{"component":"player-command","phase":"response","correlationId":"283f42ed-7220-431b-a475-a5fa1f2e40cc","statusCode":200,"elapsedMs":49}
{"component":"player-command","phase":"consequence","correlationId":"3ad09e12-80e2-4a01-aca6-93a862061e81","replayed":false,"changes":10}
{"component":"player-command","phase":"opportunity","correlationId":"3ad09e12-80e2-4a01-aca6-93a862061e81","replayed":false,"changes":9}
{"component":"player-command","phase":"response","correlationId":"3ad09e12-80e2-4a01-aca6-93a862061e81","statusCode":200,"elapsedMs":156}
{"component":"player-command","phase":"request","correlationId":"76756eb1-4b01-442a-80c7-c967b2ef59b8"}
{"component":"player-command","phase":"authorization","correlationId":"76756eb1-4b01-442a-80c7-c967b2ef59b8","outcome":"allowed"}
{"component":"player-command","phase":"response","correlationId":"76756eb1-4b01-442a-80c7-c967b2ef59b8","statusCode":200,"elapsedMs":62}
{"component":"player-command","phase":"request","correlationId":"9f330dd6-6910-4fbb-a179-969982dcce53"}
{"component":"player-command","phase":"authorization","correlationId":"9f330dd6-6910-4fbb-a179-969982dcce53","outcome":"allowed"}
{"component":"player-command","phase":"response","correlationId":"9f330dd6-6910-4fbb-a179-969982dcce53","statusCode":200,"elapsedMs":61}
{"component":"player-command","phase":"request","correlationId":"d7f3286b-4768-4228-a703-f999e829e3f2"}
{"component":"player-command","phase":"authorization","correlationId":"d7f3286b-4768-4228-a703-f999e829e3f2","outcome":"allowed"}
{"component":"player-command","phase":"response","correlationId":"d7f3286b-4768-4228-a703-f999e829e3f2","statusCode":200,"elapsedMs":47}
{"component":"player-command","phase":"request","correlationId":"933e79d4-d35b-4ffc-b33e-f2e544d7bee6"}
{"component":"player-command","phase":"authorization","correlationId":"933e79d4-d35b-4ffc-b33e-f2e544d7bee6","outcome":"allowed"}
{"component":"player-command","phase":"response","correlationId":"933e79d4-d35b-4ffc-b33e-f2e544d7bee6","statusCode":200,"elapsedMs":66}
{"component":"player-command","phase":"request","correlationId":"1200e6e6-4eed-4b38-88f5-62c488685da8"}
{"component":"player-command","phase":"authorization","correlationId":"1200e6e6-4eed-4b38-88f5-62c488685da8","outcome":"allowed"}
{"component":"player-command","phase":"command","correlationId":"1200e6e6-4eed-4b38-88f5-62c488685da8"}
{"component":"player-command","phase":"mutation","correlationId":"1200e6e6-4eed-4b38-88f5-62c488685da8","outcome":"completed","replayed":false}
{"component":"player-command","phase":"request","correlationId":"c1e88dd7-8d50-4a05-8a94-ec3d01da4a30"}
{"component":"player-command","phase":"authorization","correlationId":"c1e88dd7-8d50-4a05-8a94-ec3d01da4a30","outcome":"allowed"}
{"component":"player-command","phase":"consequence","correlationId":"1200e6e6-4eed-4b38-88f5-62c488685da8","replayed":false,"changes":7}
{"component":"player-command","phase":"opportunity","correlationId":"1200e6e6-4eed-4b38-88f5-62c488685da8","replayed":false,"changes":6}
{"component":"player-command","phase":"response","correlationId":"1200e6e6-4eed-4b38-88f5-62c488685da8","statusCode":200,"elapsedMs":152}
{"component":"player-command","phase":"response","correlationId":"c1e88dd7-8d50-4a05-8a94-ec3d01da4a30","statusCode":200,"elapsedMs":84}
{"component":"player-command","phase":"request","correlationId":"e3ea0622-fc59-4801-87a9-bba5ecc47cdb"}
{"component":"player-command","phase":"authorization","correlationId":"e3ea0622-fc59-4801-87a9-bba5ecc47cdb","outcome":"allowed"}
{"component":"player-command","phase":"response","correlationId":"e3ea0622-fc59-4801-87a9-bba5ecc47cdb","statusCode":200,"elapsedMs":60}
{"component":"player-command","phase":"request","correlationId":"6f7f7ad1-a475-4d21-bde3-05b5e2e37baf"}
{"component":"player-command","phase":"authorization","correlationId":"6f7f7ad1-a475-4d21-bde3-05b5e2e37baf","outcome":"allowed"}
{"component":"player-command","phase":"response","correlationId":"6f7f7ad1-a475-4d21-bde3-05b5e2e37baf","statusCode":200,"elapsedMs":56}
{"component":"player-command","phase":"request","correlationId":"b3de5bf7-c6c7-4c2a-8482-108582528df3"}
{"component":"player-command","phase":"authorization","correlationId":"b3de5bf7-c6c7-4c2a-8482-108582528df3","outcome":"allowed"}
{"component":"player-command","phase":"response","correlationId":"b3de5bf7-c6c7-4c2a-8482-108582528df3","statusCode":200,"elapsedMs":64}
{"component":"player-command","phase":"request","correlationId":"4b933203-d49f-40a6-82f9-c162cdb96b3d"}
{"component":"player-command","phase":"authorization","correlationId":"4b933203-d49f-40a6-82f9-c162cdb96b3d","outcome":"allowed"}
{"component":"player-command","phase":"command","correlationId":"4b933203-d49f-40a6-82f9-c162cdb96b3d"}
{"component":"player-command","phase":"mutation","correlationId":"4b933203-d49f-40a6-82f9-c162cdb96b3d","outcome":"completed","replayed":false}
{"component":"player-command","phase":"request","correlationId":"81c03282-6955-4abb-b46d-46d0be593608"}
{"component":"player-command","phase":"authorization","correlationId":"81c03282-6955-4abb-b46d-46d0be593608","outcome":"allowed"}
{"component":"player-command","phase":"consequence","correlationId":"4b933203-d49f-40a6-82f9-c162cdb96b3d","replayed":false,"changes":1}
{"component":"player-command","phase":"opportunity","correlationId":"4b933203-d49f-40a6-82f9-c162cdb96b3d","replayed":false,"changes":0}
{"component":"player-command","phase":"response","correlationId":"4b933203-d49f-40a6-82f9-c162cdb96b3d","statusCode":200,"elapsedMs":160}
{"component":"player-command","phase":"response","correlationId":"81c03282-6955-4abb-b46d-46d0be593608","statusCode":200,"elapsedMs":77}
{"component":"player-command","phase":"request","correlationId":"7afd9838-3558-478d-a229-521db6235a2c"}
{"component":"player-command","phase":"authorization","correlationId":"7afd9838-3558-478d-a229-521db6235a2c","outcome":"allowed"}
{"component":"player-command","phase":"response","correlationId":"7afd9838-3558-478d-a229-521db6235a2c","statusCode":200,"elapsedMs":62}
{"component":"player-command","phase":"request","correlationId":"c72e1a41-03a7-434a-8a04-309cafef55a7"}
{"component":"player-command","phase":"authorization","correlationId":"c72e1a41-03a7-434a-8a04-309cafef55a7","outcome":"allowed"}
{"component":"player-command","phase":"response","correlationId":"c72e1a41-03a7-434a-8a04-309cafef55a7","statusCode":200,"elapsedMs":62}
{"component":"player-command","phase":"request","correlationId":"94d7ec2b-5b5d-4faa-9988-f19c4674ece2"}
{"component":"player-command","phase":"authorization","correlationId":"94d7ec2b-5b5d-4faa-9988-f19c4674ece2","outcome":"allowed"}
{"component":"player-command","phase":"response","correlationId":"94d7ec2b-5b5d-4faa-9988-f19c4674ece2","statusCode":200,"elapsedMs":64}
{"component":"player-command","phase":"request","correlationId":"2915faf5-fd9a-4827-8839-e561f8e97172"}
{"component":"player-command","phase":"authorization","correlationId":"2915faf5-fd9a-4827-8839-e561f8e97172","outcome":"allowed"}
{"component":"player-command","phase":"command","correlationId":"2915faf5-fd9a-4827-8839-e561f8e97172"}
{"component":"player-command","phase":"mutation","correlationId":"2915faf5-fd9a-4827-8839-e561f8e97172","outcome":"completed","replayed":false}
{"component":"player-command","phase":"request","correlationId":"168b7864-b834-480b-b0da-2403016589e7"}
{"component":"player-command","phase":"authorization","correlationId":"168b7864-b834-480b-b0da-2403016589e7","outcome":"allowed"}
{"component":"player-command","phase":"consequence","correlationId":"2915faf5-fd9a-4827-8839-e561f8e97172","replayed":false,"changes":1}
{"component":"player-command","phase":"opportunity","correlationId":"2915faf5-fd9a-4827-8839-e561f8e97172","replayed":false,"changes":0}
{"component":"player-command","phase":"response","correlationId":"168b7864-b834-480b-b0da-2403016589e7","statusCode":200,"elapsedMs":67}
{"component":"player-command","phase":"response","correlationId":"2915faf5-fd9a-4827-8839-e561f8e97172","statusCode":200,"elapsedMs":177}
{"component":"player-command","phase":"request","correlationId":"a5c5c24a-d691-4a3b-bc0c-4f487629cb76"}
{"component":"player-command","phase":"authorization","correlationId":"a5c5c24a-d691-4a3b-bc0c-4f487629cb76","outcome":"allowed"}
{"component":"player-command","phase":"response","correlationId":"a5c5c24a-d691-4a3b-bc0c-4f487629cb76","statusCode":200,"elapsedMs":62}
{"component":"player-command","phase":"request","correlationId":"9da379f7-ea7e-494a-9b90-f4752476c640"}
{"component":"player-command","phase":"authorization","correlationId":"9da379f7-ea7e-494a-9b90-f4752476c640","outcome":"allowed"}
{"component":"player-command","phase":"response","correlationId":"9da379f7-ea7e-494a-9b90-f4752476c640","statusCode":200,"elapsedMs":63}
{"component":"player-command","phase":"request","correlationId":"bcfa55f1-295b-40f5-9cbc-9810feb58c25"}
{"component":"player-command","phase":"authorization","correlationId":"bcfa55f1-295b-40f5-9cbc-9810feb58c25","outcome":"allowed"}
{"component":"player-command","phase":"response","correlationId":"bcfa55f1-295b-40f5-9cbc-9810feb58c25","statusCode":200,"elapsedMs":65}
{"component":"player-command","phase":"request","correlationId":"96540137-a586-45ca-b408-033b61098ddd"}
{"component":"player-command","phase":"authorization","correlationId":"96540137-a586-45ca-b408-033b61098ddd","outcome":"allowed"}
{"component":"player-command","phase":"command","correlationId":"96540137-a586-45ca-b408-033b61098ddd"}
{"component":"player-command","phase":"mutation","correlationId":"96540137-a586-45ca-b408-033b61098ddd","outcome":"completed","replayed":false}
{"component":"player-command","phase":"request","correlationId":"6f804dd3-5df3-4403-a0c6-52f577bbaf1c"}
{"component":"player-command","phase":"authorization","correlationId":"6f804dd3-5df3-4403-a0c6-52f577bbaf1c","outcome":"allowed"}
{"component":"player-command","phase":"response","correlationId":"6f804dd3-5df3-4403-a0c6-52f577bbaf1c","statusCode":200,"elapsedMs":63}
{"component":"player-command","phase":"consequence","correlationId":"96540137-a586-45ca-b408-033b61098ddd","replayed":false,"changes":1}
{"component":"player-command","phase":"opportunity","correlationId":"96540137-a586-45ca-b408-033b61098ddd","replayed":false,"changes":0}
{"component":"player-command","phase":"response","correlationId":"96540137-a586-45ca-b408-033b61098ddd","statusCode":200,"elapsedMs":168}
{"component":"player-command","phase":"request","correlationId":"eb940bd6-7110-4201-aaac-b694fc5ebd21"}
{"component":"player-command","phase":"authorization","correlationId":"eb940bd6-7110-4201-aaac-b694fc5ebd21","outcome":"allowed"}
{"component":"player-command","phase":"response","correlationId":"eb940bd6-7110-4201-aaac-b694fc5ebd21","statusCode":200,"elapsedMs":70}
{"component":"player-command","phase":"request","correlationId":"42bcea6d-9fe3-44a9-9106-84f60788542d"}
{"component":"player-command","phase":"authorization","correlationId":"42bcea6d-9fe3-44a9-9106-84f60788542d","outcome":"allowed"}
{"component":"player-command","phase":"response","correlationId":"42bcea6d-9fe3-44a9-9106-84f60788542d","statusCode":200,"elapsedMs":68}
{"component":"player-command","phase":"request","correlationId":"043def22-7d52-4ab4-b046-37875b8a405b"}
{"component":"player-command","phase":"authorization","correlationId":"043def22-7d52-4ab4-b046-37875b8a405b","outcome":"allowed"}
{"component":"player-command","phase":"response","correlationId":"043def22-7d52-4ab4-b046-37875b8a405b","statusCode":200,"elapsedMs":63}
{"component":"player-command","phase":"request","correlationId":"7e930d16-301f-4b73-93e1-757fd6ea76f4"}
{"component":"player-command","phase":"authorization","correlationId":"7e930d16-301f-4b73-93e1-757fd6ea76f4","outcome":"allowed"}
{"component":"player-command","phase":"response","correlationId":"7e930d16-301f-4b73-93e1-757fd6ea76f4","statusCode":200,"elapsedMs":70}
{"component":"player-command","phase":"request","correlationId":"6284e117-8675-43a9-8ad9-4f0918dba014"}
{"component":"player-command","phase":"authorization","correlationId":"6284e117-8675-43a9-8ad9-4f0918dba014","outcome":"allowed"}
{"component":"player-command","phase":"command","correlationId":"6284e117-8675-43a9-8ad9-4f0918dba014"}
{"component":"player-command","phase":"mutation","correlationId":"6284e117-8675-43a9-8ad9-4f0918dba014","outcome":"completed","replayed":false}
{"component":"player-command","phase":"request","correlationId":"dfb3f306-d3c1-49d5-8b19-4754b7e59ba1"}
{"component":"player-command","phase":"authorization","correlationId":"dfb3f306-d3c1-49d5-8b19-4754b7e59ba1","outcome":"allowed"}
{"component":"player-command","phase":"consequence","correlationId":"6284e117-8675-43a9-8ad9-4f0918dba014","replayed":false,"changes":1}
{"component":"player-command","phase":"opportunity","correlationId":"6284e117-8675-43a9-8ad9-4f0918dba014","replayed":false,"changes":0}
{"component":"player-command","phase":"response","correlationId":"dfb3f306-d3c1-49d5-8b19-4754b7e59ba1","statusCode":200,"elapsedMs":76}
{"component":"player-command","phase":"response","correlationId":"6284e117-8675-43a9-8ad9-4f0918dba014","statusCode":200,"elapsedMs":154}
{"component":"player-command","phase":"request","correlationId":"21280711-3a62-445e-b6f9-5dba1bcded99"}
{"component":"player-command","phase":"authorization","correlationId":"21280711-3a62-445e-b6f9-5dba1bcded99","outcome":"allowed"}
{"component":"player-command","phase":"response","correlationId":"21280711-3a62-445e-b6f9-5dba1bcded99","statusCode":200,"elapsedMs":68}
{"component":"player-command","phase":"request","correlationId":"91568f27-2b02-456d-ac9c-6adab45fd3e1"}
{"component":"player-command","phase":"authorization","correlationId":"91568f27-2b02-456d-ac9c-6adab45fd3e1","outcome":"allowed"}
{"component":"player-command","phase":"response","correlationId":"91568f27-2b02-456d-ac9c-6adab45fd3e1","statusCode":200,"elapsedMs":60}
{"component":"player-command","phase":"request","correlationId":"dde2bf52-6268-4266-8088-2c7f663846b3"}
{"component":"player-command","phase":"authorization","correlationId":"dde2bf52-6268-4266-8088-2c7f663846b3","outcome":"allowed"}
{"component":"player-command","phase":"response","correlationId":"dde2bf52-6268-4266-8088-2c7f663846b3","statusCode":200,"elapsedMs":59}
{"component":"player-command","phase":"request","correlationId":"c3397c3f-fbcc-4585-a603-30f6aa872e5b"}
{"component":"player-command","phase":"authorization","correlationId":"c3397c3f-fbcc-4585-a603-30f6aa872e5b","outcome":"allowed"}
{"component":"player-command","phase":"response","correlationId":"c3397c3f-fbcc-4585-a603-30f6aa872e5b","statusCode":200,"elapsedMs":64}
{"component":"player-command","phase":"request","correlationId":"21c79ae2-5113-4259-a708-0382a1f4f588"}
{"component":"player-command","phase":"authorization","correlationId":"21c79ae2-5113-4259-a708-0382a1f4f588","outcome":"allowed"}
{"component":"player-command","phase":"command","correlationId":"21c79ae2-5113-4259-a708-0382a1f4f588"}
{"component":"player-command","phase":"mutation","correlationId":"21c79ae2-5113-4259-a708-0382a1f4f588","outcome":"completed","replayed":false}
{"component":"player-command","phase":"request","correlationId":"012a0451-9886-4e7d-b9ce-00c87c668acf"}
{"component":"player-command","phase":"authorization","correlationId":"012a0451-9886-4e7d-b9ce-00c87c668acf","outcome":"allowed"}
{"component":"player-command","phase":"consequence","correlationId":"21c79ae2-5113-4259-a708-0382a1f4f588","replayed":false,"changes":1}
{"component":"player-command","phase":"opportunity","correlationId":"21c79ae2-5113-4259-a708-0382a1f4f588","replayed":false,"changes":0}
{"component":"player-command","phase":"response","correlationId":"012a0451-9886-4e7d-b9ce-00c87c668acf","statusCode":200,"elapsedMs":76}
{"component":"player-command","phase":"response","correlationId":"21c79ae2-5113-4259-a708-0382a1f4f588","statusCode":200,"elapsedMs":158}
{"component":"player-command","phase":"request","correlationId":"a11f8d50-3733-46b9-8b87-03dd5dedf544"}
{"component":"player-command","phase":"authorization","correlationId":"a11f8d50-3733-46b9-8b87-03dd5dedf544","outcome":"allowed"}
{"component":"player-command","phase":"response","correlationId":"a11f8d50-3733-46b9-8b87-03dd5dedf544","statusCode":200,"elapsedMs":71}
{"component":"player-command","phase":"request","correlationId":"ace632b4-f5e1-476a-990d-a7f3518ab529"}
{"component":"player-command","phase":"authorization","correlationId":"ace632b4-f5e1-476a-990d-a7f3518ab529","outcome":"allowed"}
{"component":"player-command","phase":"response","correlationId":"ace632b4-f5e1-476a-990d-a7f3518ab529","statusCode":200,"elapsedMs":64}
{"component":"player-command","phase":"request","correlationId":"53b47f7f-1673-412b-bf69-3b40b0f8adfb"}
{"component":"player-command","phase":"authorization","correlationId":"53b47f7f-1673-412b-bf69-3b40b0f8adfb","outcome":"allowed"}
{"component":"player-command","phase":"response","correlationId":"53b47f7f-1673-412b-bf69-3b40b0f8adfb","statusCode":200,"elapsedMs":59}
{"component":"player-command","phase":"request","correlationId":"c0780b7a-56ad-4bcc-8300-efef9f1c902b"}
{"component":"player-command","phase":"authorization","correlationId":"c0780b7a-56ad-4bcc-8300-efef9f1c902b","outcome":"allowed"}
{"component":"player-command","phase":"response","correlationId":"c0780b7a-56ad-4bcc-8300-efef9f1c902b","statusCode":200,"elapsedMs":64}
{"component":"player-command","phase":"request","correlationId":"fb7a7927-449d-48ee-bb9d-c39052cb3d81"}
{"component":"player-command","phase":"authorization","correlationId":"fb7a7927-449d-48ee-bb9d-c39052cb3d81","outcome":"allowed"}
{"component":"player-command","phase":"command","correlationId":"fb7a7927-449d-48ee-bb9d-c39052cb3d81"}
{"component":"player-command","phase":"mutation","correlationId":"fb7a7927-449d-48ee-bb9d-c39052cb3d81","outcome":"completed","replayed":false}
{"component":"player-command","phase":"request","correlationId":"a9188b55-6adb-409e-b3af-84f0902cd3e2"}
{"component":"player-command","phase":"authorization","correlationId":"a9188b55-6adb-409e-b3af-84f0902cd3e2","outcome":"allowed"}
{"component":"player-command","phase":"consequence","correlationId":"fb7a7927-449d-48ee-bb9d-c39052cb3d81","replayed":false,"changes":1}
{"component":"player-command","phase":"opportunity","correlationId":"fb7a7927-449d-48ee-bb9d-c39052cb3d81","replayed":false,"changes":0}
{"component":"player-command","phase":"response","correlationId":"a9188b55-6adb-409e-b3af-84f0902cd3e2","statusCode":200,"elapsedMs":69}
{"component":"player-command","phase":"response","correlationId":"fb7a7927-449d-48ee-bb9d-c39052cb3d81","statusCode":200,"elapsedMs":153}
{"component":"player-command","phase":"request","correlationId":"f6181c7b-51da-4305-8b8a-8f1ae8920eea"}
{"component":"player-command","phase":"authorization","correlationId":"f6181c7b-51da-4305-8b8a-8f1ae8920eea","outcome":"allowed"}
{"component":"player-command","phase":"response","correlationId":"f6181c7b-51da-4305-8b8a-8f1ae8920eea","statusCode":200,"elapsedMs":69}
{"component":"player-command","phase":"request","correlationId":"5068fcab-3081-4b97-a057-feae6638a4fa"}
{"component":"player-command","phase":"authorization","correlationId":"5068fcab-3081-4b97-a057-feae6638a4fa","outcome":"allowed"}
{"component":"player-command","phase":"response","correlationId":"5068fcab-3081-4b97-a057-feae6638a4fa","statusCode":200,"elapsedMs":65}
{"component":"player-command","phase":"request","correlationId":"ada874ec-9b3e-40eb-9688-9a3eef17ed51"}
{"component":"player-command","phase":"authorization","correlationId":"ada874ec-9b3e-40eb-9688-9a3eef17ed51","outcome":"allowed"}
{"component":"player-command","phase":"response","correlationId":"ada874ec-9b3e-40eb-9688-9a3eef17ed51","statusCode":200,"elapsedMs":65}
{"component":"player-command","phase":"request","correlationId":"4da241ec-ba9b-4e00-b393-b58c269b9cf4"}
{"component":"player-command","phase":"authorization","correlationId":"4da241ec-ba9b-4e00-b393-b58c269b9cf4","outcome":"allowed"}
{"component":"player-command","phase":"command","correlationId":"4da241ec-ba9b-4e00-b393-b58c269b9cf4"}
{"component":"player-command","phase":"mutation","correlationId":"4da241ec-ba9b-4e00-b393-b58c269b9cf4","outcome":"completed","replayed":false}
{"component":"player-command","phase":"request","correlationId":"c8444763-c97c-4bff-b31c-1cdffd6c286c"}
{"component":"player-command","phase":"authorization","correlationId":"c8444763-c97c-4bff-b31c-1cdffd6c286c","outcome":"allowed"}
{"component":"player-command","phase":"consequence","correlationId":"4da241ec-ba9b-4e00-b393-b58c269b9cf4","replayed":false,"changes":3}
{"component":"player-command","phase":"opportunity","correlationId":"4da241ec-ba9b-4e00-b393-b58c269b9cf4","replayed":false,"changes":2}
{"component":"player-command","phase":"response","correlationId":"4da241ec-ba9b-4e00-b393-b58c269b9cf4","statusCode":200,"elapsedMs":168}
{"component":"player-command","phase":"request","correlationId":"54fb9f36-9cfa-4663-8860-5382a4535351"}
{"component":"player-command","phase":"authorization","correlationId":"54fb9f36-9cfa-4663-8860-5382a4535351","outcome":"allowed"}
{"component":"player-command","phase":"response","correlationId":"c8444763-c97c-4bff-b31c-1cdffd6c286c","statusCode":200,"elapsedMs":95}
{"component":"player-command","phase":"response","correlationId":"54fb9f36-9cfa-4663-8860-5382a4535351","statusCode":200,"elapsedMs":94}
{"component":"player-command","phase":"request","correlationId":"d06c4950-834b-4ce4-92c9-ac8cd7bd7b43"}
{"component":"player-command","phase":"authorization","correlationId":"d06c4950-834b-4ce4-92c9-ac8cd7bd7b43","outcome":"allowed"}
{"component":"player-command","phase":"response","correlationId":"d06c4950-834b-4ce4-92c9-ac8cd7bd7b43","statusCode":200,"elapsedMs":61}
{"component":"player-command","phase":"request","correlationId":"446dabea-110f-4a10-830f-6bd2c30438b0"}
{"component":"player-command","phase":"authorization","correlationId":"446dabea-110f-4a10-830f-6bd2c30438b0","outcome":"allowed"}
{"component":"player-command","phase":"response","correlationId":"446dabea-110f-4a10-830f-6bd2c30438b0","statusCode":200,"elapsedMs":70}
{"component":"player-command","phase":"request","correlationId":"c0c3695a-a84a-48da-946b-2465145909ac"}
{"component":"player-command","phase":"authorization","correlationId":"c0c3695a-a84a-48da-946b-2465145909ac","outcome":"allowed"}
{"component":"player-command","phase":"response","correlationId":"c0c3695a-a84a-48da-946b-2465145909ac","statusCode":200,"elapsedMs":64}
{"component":"player-command","phase":"request","correlationId":"7af1409f-07dc-4cf8-beb1-8a09c609edd4"}
{"component":"player-command","phase":"authorization","correlationId":"7af1409f-07dc-4cf8-beb1-8a09c609edd4","outcome":"allowed"}
{"component":"player-command","phase":"command","correlationId":"7af1409f-07dc-4cf8-beb1-8a09c609edd4"}
{"component":"player-command","phase":"mutation","correlationId":"7af1409f-07dc-4cf8-beb1-8a09c609edd4","outcome":"completed","replayed":false}
{"component":"player-command","phase":"request","correlationId":"bf360199-2129-47ea-bd72-f10548f516ab"}
{"component":"player-command","phase":"authorization","correlationId":"bf360199-2129-47ea-bd72-f10548f516ab","outcome":"allowed"}
{"component":"player-command","phase":"consequence","correlationId":"7af1409f-07dc-4cf8-beb1-8a09c609edd4","replayed":false,"changes":5}
{"component":"player-command","phase":"opportunity","correlationId":"7af1409f-07dc-4cf8-beb1-8a09c609edd4","replayed":false,"changes":2}
{"component":"player-command","phase":"response","correlationId":"7af1409f-07dc-4cf8-beb1-8a09c609edd4","statusCode":200,"elapsedMs":153}
{"component":"player-command","phase":"response","correlationId":"bf360199-2129-47ea-bd72-f10548f516ab","statusCode":200,"elapsedMs":79}
{"component":"player-command","phase":"request","correlationId":"0da14927-e0d4-4764-868a-aabf37f55910"}
{"component":"player-command","phase":"authorization","correlationId":"0da14927-e0d4-4764-868a-aabf37f55910","outcome":"allowed"}
{"component":"player-command","phase":"response","correlationId":"0da14927-e0d4-4764-868a-aabf37f55910","statusCode":200,"elapsedMs":61}
{"component":"player-command","phase":"request","correlationId":"94379ace-0924-45a1-aed6-930952147273"}
{"component":"player-command","phase":"authorization","correlationId":"94379ace-0924-45a1-aed6-930952147273","outcome":"allowed"}
{"component":"player-command","phase":"response","correlationId":"94379ace-0924-45a1-aed6-930952147273","statusCode":200,"elapsedMs":59}
{"component":"player-command","phase":"request","correlationId":"ed70e0e0-d9a5-4bec-9be7-c9ca6ac119ac"}
{"component":"player-command","phase":"authorization","correlationId":"ed70e0e0-d9a5-4bec-9be7-c9ca6ac119ac","outcome":"allowed"}
{"component":"player-command","phase":"response","correlationId":"ed70e0e0-d9a5-4bec-9be7-c9ca6ac119ac","statusCode":200,"elapsedMs":56}
{"component":"player-command","phase":"request","correlationId":"bbc9e6cb-4f9d-4552-9047-860b129ad3ae"}
{"component":"player-command","phase":"authorization","correlationId":"bbc9e6cb-4f9d-4552-9047-860b129ad3ae","outcome":"allowed"}
{"component":"player-command","phase":"command","correlationId":"bbc9e6cb-4f9d-4552-9047-860b129ad3ae"}
{"component":"player-command","phase":"mutation","correlationId":"bbc9e6cb-4f9d-4552-9047-860b129ad3ae","outcome":"completed","replayed":false}
{"component":"player-command","phase":"request","correlationId":"bebc8d75-d1eb-4b93-af2f-e8ef2779653d"}
{"component":"player-command","phase":"authorization","correlationId":"bebc8d75-d1eb-4b93-af2f-e8ef2779653d","outcome":"allowed"}
{"component":"player-command","phase":"consequence","correlationId":"bbc9e6cb-4f9d-4552-9047-860b129ad3ae","replayed":false,"changes":1}
{"component":"player-command","phase":"opportunity","correlationId":"bbc9e6cb-4f9d-4552-9047-860b129ad3ae","replayed":false,"changes":0}
{"component":"player-command","phase":"response","correlationId":"bbc9e6cb-4f9d-4552-9047-860b129ad3ae","statusCode":200,"elapsedMs":144}
{"component":"player-command","phase":"response","correlationId":"bebc8d75-d1eb-4b93-af2f-e8ef2779653d","statusCode":200,"elapsedMs":86}
{"component":"player-command","phase":"request","correlationId":"d02575ce-c535-45a4-bd98-908dd013980c"}
{"component":"player-command","phase":"authorization","correlationId":"d02575ce-c535-45a4-bd98-908dd013980c","outcome":"allowed"}
{"component":"player-command","phase":"response","correlationId":"d02575ce-c535-45a4-bd98-908dd013980c","statusCode":200,"elapsedMs":68}
{"component":"player-command","phase":"request","correlationId":"9a5180e6-300c-4836-8233-c8beb7c09ded"}
{"component":"player-command","phase":"authorization","correlationId":"9a5180e6-300c-4836-8233-c8beb7c09ded","outcome":"allowed"}
{"component":"player-command","phase":"response","correlationId":"9a5180e6-300c-4836-8233-c8beb7c09ded","statusCode":200,"elapsedMs":58}
{"component":"player-command","phase":"request","correlationId":"d036b685-1587-4c8f-be9a-7da575de8343"}
{"component":"player-command","phase":"authorization","correlationId":"d036b685-1587-4c8f-be9a-7da575de8343","outcome":"allowed"}
{"component":"player-command","phase":"response","correlationId":"d036b685-1587-4c8f-be9a-7da575de8343","statusCode":200,"elapsedMs":59}
{"component":"player-command","phase":"request","correlationId":"220f4b0a-8b50-4b79-ae71-e83702d7a511"}
{"component":"player-command","phase":"authorization","correlationId":"220f4b0a-8b50-4b79-ae71-e83702d7a511","outcome":"allowed"}
{"component":"player-command","phase":"command","correlationId":"220f4b0a-8b50-4b79-ae71-e83702d7a511"}
{"component":"player-command","phase":"mutation","correlationId":"220f4b0a-8b50-4b79-ae71-e83702d7a511","outcome":"completed","replayed":false}
{"component":"player-command","phase":"request","correlationId":"2c0f1640-285f-46a0-b42a-fbae6fb74452"}
{"component":"player-command","phase":"authorization","correlationId":"2c0f1640-285f-46a0-b42a-fbae6fb74452","outcome":"allowed"}
{"component":"player-command","phase":"consequence","correlationId":"220f4b0a-8b50-4b79-ae71-e83702d7a511","replayed":false,"changes":2}
{"component":"player-command","phase":"opportunity","correlationId":"220f4b0a-8b50-4b79-ae71-e83702d7a511","replayed":false,"changes":0}
{"component":"player-command","phase":"response","correlationId":"220f4b0a-8b50-4b79-ae71-e83702d7a511","statusCode":200,"elapsedMs":150}
{"component":"player-command","phase":"response","correlationId":"2c0f1640-285f-46a0-b42a-fbae6fb74452","statusCode":200,"elapsedMs":83}
{"component":"player-command","phase":"request","correlationId":"97a84c3c-fe6c-4dae-8a9d-d9809b112df3"}
{"component":"player-command","phase":"authorization","correlationId":"97a84c3c-fe6c-4dae-8a9d-d9809b112df3","outcome":"allowed"}
{"component":"player-command","phase":"response","correlationId":"97a84c3c-fe6c-4dae-8a9d-d9809b112df3","statusCode":200,"elapsedMs":64}
{"component":"player-command","phase":"request","correlationId":"a3f22576-13ec-4b27-9e6f-7dd1e35f94b7"}
{"component":"player-command","phase":"authorization","correlationId":"a3f22576-13ec-4b27-9e6f-7dd1e35f94b7","outcome":"allowed"}
{"component":"player-command","phase":"response","correlationId":"a3f22576-13ec-4b27-9e6f-7dd1e35f94b7","statusCode":200,"elapsedMs":54}
{"component":"player-command","phase":"request","correlationId":"07995978-7dd4-4dca-9a5c-b357fa033d22"}
{"component":"player-command","phase":"authorization","correlationId":"07995978-7dd4-4dca-9a5c-b357fa033d22","outcome":"allowed"}
{"component":"player-command","phase":"response","correlationId":"07995978-7dd4-4dca-9a5c-b357fa033d22","statusCode":200,"elapsedMs":74}
{"component":"player-command","phase":"request","correlationId":"ed717d65-c926-40ea-8cf9-8968650159b1"}
{"component":"player-command","phase":"authorization","correlationId":"ed717d65-c926-40ea-8cf9-8968650159b1","outcome":"allowed"}
{"component":"player-command","phase":"command","correlationId":"ed717d65-c926-40ea-8cf9-8968650159b1"}
{"component":"player-command","phase":"mutation","correlationId":"ed717d65-c926-40ea-8cf9-8968650159b1","outcome":"completed","replayed":false}
{"component":"player-command","phase":"request","correlationId":"41be06a2-db02-47b7-86a6-535574b69659"}
{"component":"player-command","phase":"authorization","correlationId":"41be06a2-db02-47b7-86a6-535574b69659","outcome":"allowed"}
{"component":"player-command","phase":"consequence","correlationId":"ed717d65-c926-40ea-8cf9-8968650159b1","replayed":false,"changes":1}
{"component":"player-command","phase":"opportunity","correlationId":"ed717d65-c926-40ea-8cf9-8968650159b1","replayed":false,"changes":0}
{"component":"player-command","phase":"response","correlationId":"41be06a2-db02-47b7-86a6-535574b69659","statusCode":200,"elapsedMs":73}
{"component":"player-command","phase":"response","correlationId":"ed717d65-c926-40ea-8cf9-8968650159b1","statusCode":200,"elapsedMs":158}
{"component":"player-command","phase":"request","correlationId":"d1d24db7-87e2-4b9d-a31c-89f5ae0bbfb9"}
{"component":"player-command","phase":"authorization","correlationId":"d1d24db7-87e2-4b9d-a31c-89f5ae0bbfb9","outcome":"allowed"}
{"component":"player-command","phase":"response","correlationId":"d1d24db7-87e2-4b9d-a31c-89f5ae0bbfb9","statusCode":200,"elapsedMs":63}
{"component":"player-command","phase":"request","correlationId":"b585b505-73bd-41d4-ad51-38c6bdb97e1e"}
{"component":"player-command","phase":"authorization","correlationId":"b585b505-73bd-41d4-ad51-38c6bdb97e1e","outcome":"allowed"}
{"component":"player-command","phase":"response","correlationId":"b585b505-73bd-41d4-ad51-38c6bdb97e1e","statusCode":200,"elapsedMs":64}
{"component":"player-command","phase":"request","correlationId":"ffb554f0-f607-482f-99b9-05d3e9a7a7b3"}
{"component":"player-command","phase":"authorization","correlationId":"ffb554f0-f607-482f-99b9-05d3e9a7a7b3","outcome":"allowed"}
{"component":"player-command","phase":"response","correlationId":"ffb554f0-f607-482f-99b9-05d3e9a7a7b3","statusCode":200,"elapsedMs":70}
{"component":"player-command","phase":"request","correlationId":"18c83ee1-137f-427d-b8ea-45c79c70d781"}
{"component":"player-command","phase":"authorization","correlationId":"18c83ee1-137f-427d-b8ea-45c79c70d781","outcome":"allowed"}
{"component":"player-command","phase":"command","correlationId":"18c83ee1-137f-427d-b8ea-45c79c70d781"}
{"component":"player-command","phase":"mutation","correlationId":"18c83ee1-137f-427d-b8ea-45c79c70d781","outcome":"completed","replayed":false}
{"component":"player-command","phase":"request","correlationId":"c1de0717-b018-4105-a9c5-788627ca8681"}
{"component":"player-command","phase":"authorization","correlationId":"c1de0717-b018-4105-a9c5-788627ca8681","outcome":"allowed"}
{"component":"player-command","phase":"consequence","correlationId":"18c83ee1-137f-427d-b8ea-45c79c70d781","replayed":false,"changes":26}
{"component":"player-command","phase":"opportunity","correlationId":"18c83ee1-137f-427d-b8ea-45c79c70d781","replayed":false,"changes":24}
{"component":"player-command","phase":"response","correlationId":"c1de0717-b018-4105-a9c5-788627ca8681","statusCode":200,"elapsedMs":66}
{"component":"player-command","phase":"response","correlationId":"18c83ee1-137f-427d-b8ea-45c79c70d781","statusCode":200,"elapsedMs":162}
{"component":"player-command","phase":"request","correlationId":"c8d66d45-2cc3-4f82-a556-9e5f55241b03"}
{"component":"player-command","phase":"authorization","correlationId":"c8d66d45-2cc3-4f82-a556-9e5f55241b03","outcome":"allowed"}
{"component":"player-command","phase":"response","correlationId":"c8d66d45-2cc3-4f82-a556-9e5f55241b03","statusCode":200,"elapsedMs":56}
{"component":"player-command","phase":"request","correlationId":"e3001ee9-2c46-4d40-b644-defc7ebf7d1f"}
{"component":"player-command","phase":"authorization","correlationId":"e3001ee9-2c46-4d40-b644-defc7ebf7d1f","outcome":"allowed"}
{"component":"player-command","phase":"response","correlationId":"e3001ee9-2c46-4d40-b644-defc7ebf7d1f","statusCode":200,"elapsedMs":57}
{"component":"player-command","phase":"request","correlationId":"2d12fa9d-8374-41c0-953f-155f1fc8f6c5"}
{"component":"player-command","phase":"authorization","correlationId":"2d12fa9d-8374-41c0-953f-155f1fc8f6c5","outcome":"allowed"}
{"component":"player-command","phase":"response","correlationId":"2d12fa9d-8374-41c0-953f-155f1fc8f6c5","statusCode":200,"elapsedMs":65}
{"component":"player-command","phase":"request","correlationId":"c6845ad4-6fc1-4b6e-9f84-e92f51b0b484"}
{"component":"player-command","phase":"authorization","correlationId":"c6845ad4-6fc1-4b6e-9f84-e92f51b0b484","outcome":"allowed"}
{"component":"player-command","phase":"response","correlationId":"c6845ad4-6fc1-4b6e-9f84-e92f51b0b484","statusCode":200,"elapsedMs":50}
{"component":"player-command","phase":"request","correlationId":"3a381db9-cf0f-47b3-8b00-3b7a6346e659"}
{"component":"player-command","phase":"authorization","correlationId":"3a381db9-cf0f-47b3-8b00-3b7a6346e659","outcome":"allowed"}
{"component":"player-command","phase":"response","correlationId":"3a381db9-cf0f-47b3-8b00-3b7a6346e659","statusCode":200,"elapsedMs":64}
{"component":"player-command","phase":"request","correlationId":"43c3f84b-f37c-4b1e-a231-965d307123e7"}
{"component":"player-command","phase":"authorization","correlationId":"43c3f84b-f37c-4b1e-a231-965d307123e7","outcome":"allowed"}
{"component":"player-command","phase":"request","correlationId":"944017a8-53bc-4d51-a4d8-645f746d1648"}
{"component":"player-command","phase":"authorization","correlationId":"944017a8-53bc-4d51-a4d8-645f746d1648","outcome":"allowed"}
{"component":"player-command","phase":"command","correlationId":"944017a8-53bc-4d51-a4d8-645f746d1648"}
{"component":"player-command","phase":"response","correlationId":"43c3f84b-f37c-4b1e-a231-965d307123e7","statusCode":200,"elapsedMs":76}
{"component":"player-command","phase":"mutation","correlationId":"944017a8-53bc-4d51-a4d8-645f746d1648","outcome":"completed","replayed":false}
{"component":"player-command","phase":"consequence","correlationId":"944017a8-53bc-4d51-a4d8-645f746d1648","replayed":false,"changes":4}
{"component":"player-command","phase":"opportunity","correlationId":"944017a8-53bc-4d51-a4d8-645f746d1648","replayed":false,"changes":0}
{"component":"player-command","phase":"response","correlationId":"944017a8-53bc-4d51-a4d8-645f746d1648","statusCode":200,"elapsedMs":157}
{"component":"player-command","phase":"request","correlationId":"97721bfc-2331-42dd-a90f-a5ed773e48d5"}
{"component":"player-command","phase":"authorization","correlationId":"97721bfc-2331-42dd-a90f-a5ed773e48d5","outcome":"allowed"}
{"component":"player-command","phase":"response","correlationId":"97721bfc-2331-42dd-a90f-a5ed773e48d5","statusCode":200,"elapsedMs":56}
{"component":"player-command","phase":"request","correlationId":"04897a0f-1a87-4ce7-b824-e1427ae79648"}
{"component":"player-command","phase":"authorization","correlationId":"04897a0f-1a87-4ce7-b824-e1427ae79648","outcome":"allowed"}
{"component":"player-command","phase":"response","correlationId":"04897a0f-1a87-4ce7-b824-e1427ae79648","statusCode":200,"elapsedMs":58}
{"component":"player-command","phase":"request","correlationId":"a603135d-6d7a-411a-8afb-4e22b45400c4"}
{"component":"player-command","phase":"authorization","correlationId":"a603135d-6d7a-411a-8afb-4e22b45400c4","outcome":"allowed"}
{"component":"player-command","phase":"response","correlationId":"a603135d-6d7a-411a-8afb-4e22b45400c4","statusCode":200,"elapsedMs":64}
{"component":"player-command","phase":"request","correlationId":"2b0e74a6-123f-4d4e-b3f5-f16bf5f495b6"}
{"component":"player-command","phase":"authorization","correlationId":"2b0e74a6-123f-4d4e-b3f5-f16bf5f495b6","outcome":"allowed"}
{"component":"player-command","phase":"response","correlationId":"2b0e74a6-123f-4d4e-b3f5-f16bf5f495b6","statusCode":200,"elapsedMs":69}
{"component":"player-command","phase":"request","correlationId":"5fc7e493-9960-4084-aa26-9d34ea6e2387"}
{"component":"player-command","phase":"authorization","correlationId":"5fc7e493-9960-4084-aa26-9d34ea6e2387","outcome":"allowed"}
{"component":"player-command","phase":"request","correlationId":"5b48a187-a931-4ada-9eba-0621a02c3bae"}
{"component":"player-command","phase":"authorization","correlationId":"5b48a187-a931-4ada-9eba-0621a02c3bae","outcome":"allowed"}
{"component":"player-command","phase":"command","correlationId":"5b48a187-a931-4ada-9eba-0621a02c3bae"}
{"component":"player-command","phase":"response","correlationId":"5fc7e493-9960-4084-aa26-9d34ea6e2387","statusCode":200,"elapsedMs":60}
{"component":"player-command","phase":"mutation","correlationId":"5b48a187-a931-4ada-9eba-0621a02c3bae","outcome":"completed","replayed":false}
{"component":"player-command","phase":"request","correlationId":"d8fdd12b-3d22-427e-9582-6c447e74c87a"}
{"component":"player-command","phase":"authorization","correlationId":"d8fdd12b-3d22-427e-9582-6c447e74c87a","outcome":"allowed"}
{"component":"player-command","phase":"response","correlationId":"d8fdd12b-3d22-427e-9582-6c447e74c87a","statusCode":200,"elapsedMs":52}
{"component":"player-command","phase":"consequence","correlationId":"5b48a187-a931-4ada-9eba-0621a02c3bae","replayed":false,"changes":9}
{"component":"player-command","phase":"opportunity","correlationId":"5b48a187-a931-4ada-9eba-0621a02c3bae","replayed":false,"changes":8}
{"component":"player-command","phase":"response","correlationId":"5b48a187-a931-4ada-9eba-0621a02c3bae","statusCode":200,"elapsedMs":156}
{"component":"player-command","phase":"request","correlationId":"436a0258-f1fb-4753-8c33-c95b92224a72"}
{"component":"player-command","phase":"authorization","correlationId":"436a0258-f1fb-4753-8c33-c95b92224a72","outcome":"allowed"}
{"component":"player-command","phase":"response","correlationId":"436a0258-f1fb-4753-8c33-c95b92224a72","statusCode":200,"elapsedMs":67}
{"component":"player-command","phase":"request","correlationId":"b4df23a2-a703-4bf4-a617-96f75cd18b06"}
{"component":"player-command","phase":"authorization","correlationId":"b4df23a2-a703-4bf4-a617-96f75cd18b06","outcome":"allowed"}
{"component":"player-command","phase":"response","correlationId":"b4df23a2-a703-4bf4-a617-96f75cd18b06","statusCode":200,"elapsedMs":56}
{"component":"player-command","phase":"request","correlationId":"c0cf6b75-4303-4d8c-b9e2-7724a4fd0a86"}
{"component":"player-command","phase":"authorization","correlationId":"c0cf6b75-4303-4d8c-b9e2-7724a4fd0a86","outcome":"allowed"}
{"component":"player-command","phase":"response","correlationId":"c0cf6b75-4303-4d8c-b9e2-7724a4fd0a86","statusCode":200,"elapsedMs":57}
{"component":"player-command","phase":"request","correlationId":"782c3296-3c08-4fca-b3e5-f8945ee200d6"}
{"component":"player-command","phase":"authorization","correlationId":"782c3296-3c08-4fca-b3e5-f8945ee200d6","outcome":"allowed"}
{"component":"player-command","phase":"response","correlationId":"782c3296-3c08-4fca-b3e5-f8945ee200d6","statusCode":200,"elapsedMs":54}
{"component":"player-command","phase":"request","correlationId":"1f6bc1bc-3769-4c5c-ba1b-f9513b97de28"}
{"component":"player-command","phase":"authorization","correlationId":"1f6bc1bc-3769-4c5c-ba1b-f9513b97de28","outcome":"allowed"}
{"component":"player-command","phase":"response","correlationId":"1f6bc1bc-3769-4c5c-ba1b-f9513b97de28","statusCode":200,"elapsedMs":60}
{"component":"player-command","phase":"request","correlationId":"07e1c02a-06cb-464e-8e98-3738246060e3"}
{"component":"player-command","phase":"authorization","correlationId":"07e1c02a-06cb-464e-8e98-3738246060e3","outcome":"allowed"}
{"component":"player-command","phase":"command","correlationId":"07e1c02a-06cb-464e-8e98-3738246060e3"}
{"component":"player-command","phase":"mutation","correlationId":"07e1c02a-06cb-464e-8e98-3738246060e3","outcome":"completed","replayed":false}
{"component":"player-command","phase":"request","correlationId":"869675c1-4fd8-4e53-a124-ee9fc03e410a"}
{"component":"player-command","phase":"authorization","correlationId":"869675c1-4fd8-4e53-a124-ee9fc03e410a","outcome":"allowed"}
{"component":"player-command","phase":"response","correlationId":"869675c1-4fd8-4e53-a124-ee9fc03e410a","statusCode":200,"elapsedMs":53}
{"component":"player-command","phase":"consequence","correlationId":"07e1c02a-06cb-464e-8e98-3738246060e3","replayed":false,"changes":1}
{"component":"player-command","phase":"opportunity","correlationId":"07e1c02a-06cb-464e-8e98-3738246060e3","replayed":false,"changes":0}
{"component":"player-command","phase":"response","correlationId":"07e1c02a-06cb-464e-8e98-3738246060e3","statusCode":200,"elapsedMs":143}
{"component":"player-command","phase":"request","correlationId":"6fd34f60-843a-4788-8f71-e59430729d50"}
{"component":"player-command","phase":"authorization","correlationId":"6fd34f60-843a-4788-8f71-e59430729d50","outcome":"allowed"}
{"component":"player-command","phase":"response","correlationId":"6fd34f60-843a-4788-8f71-e59430729d50","statusCode":200,"elapsedMs":57}
{"component":"player-command","phase":"request","correlationId":"f425636d-01c1-4214-b3bf-875637310774"}
{"component":"player-command","phase":"authorization","correlationId":"f425636d-01c1-4214-b3bf-875637310774","outcome":"allowed"}
{"component":"player-command","phase":"response","correlationId":"f425636d-01c1-4214-b3bf-875637310774","statusCode":200,"elapsedMs":55}
{"component":"player-command","phase":"request","correlationId":"51c0f0f5-305f-4e82-ae98-db2828c19e90"}
{"component":"player-command","phase":"authorization","correlationId":"51c0f0f5-305f-4e82-ae98-db2828c19e90","outcome":"allowed"}
{"component":"player-command","phase":"response","correlationId":"51c0f0f5-305f-4e82-ae98-db2828c19e90","statusCode":200,"elapsedMs":60}
{"component":"player-command","phase":"request","correlationId":"789f493e-6f44-4080-8759-164c25a3d265"}
{"component":"player-command","phase":"authorization","correlationId":"789f493e-6f44-4080-8759-164c25a3d265","outcome":"allowed"}
{"component":"player-command","phase":"command","correlationId":"789f493e-6f44-4080-8759-164c25a3d265"}
{"component":"player-command","phase":"mutation","correlationId":"789f493e-6f44-4080-8759-164c25a3d265","outcome":"completed","replayed":false}
{"component":"player-command","phase":"request","correlationId":"0cf39464-ad26-4897-a295-173fa8ba3fc3"}
{"component":"player-command","phase":"authorization","correlationId":"0cf39464-ad26-4897-a295-173fa8ba3fc3","outcome":"allowed"}
{"component":"player-command","phase":"response","correlationId":"0cf39464-ad26-4897-a295-173fa8ba3fc3","statusCode":200,"elapsedMs":49}
{"component":"player-command","phase":"consequence","correlationId":"789f493e-6f44-4080-8759-164c25a3d265","replayed":false,"changes":7}
{"component":"player-command","phase":"opportunity","correlationId":"789f493e-6f44-4080-8759-164c25a3d265","replayed":false,"changes":6}
{"component":"player-command","phase":"response","correlationId":"789f493e-6f44-4080-8759-164c25a3d265","statusCode":200,"elapsedMs":140}
{"component":"player-command","phase":"request","correlationId":"1359b324-622d-4e18-8c42-ed6fb1667be1"}
{"component":"player-command","phase":"authorization","correlationId":"1359b324-622d-4e18-8c42-ed6fb1667be1","outcome":"allowed"}
{"component":"player-command","phase":"response","correlationId":"1359b324-622d-4e18-8c42-ed6fb1667be1","statusCode":200,"elapsedMs":59}
{"component":"player-command","phase":"request","correlationId":"c1edd691-df80-4df1-b93e-040d22e64588"}
{"component":"player-command","phase":"authorization","correlationId":"c1edd691-df80-4df1-b93e-040d22e64588","outcome":"allowed"}
{"component":"player-command","phase":"response","correlationId":"c1edd691-df80-4df1-b93e-040d22e64588","statusCode":200,"elapsedMs":62}
{"component":"player-command","phase":"request","correlationId":"e66ac601-780a-4ded-8a19-7cf927441fdd"}
{"component":"player-command","phase":"authorization","correlationId":"e66ac601-780a-4ded-8a19-7cf927441fdd","outcome":"allowed"}
{"component":"player-command","phase":"response","correlationId":"e66ac601-780a-4ded-8a19-7cf927441fdd","statusCode":200,"elapsedMs":57}
{"component":"player-command","phase":"request","correlationId":"12f0dd91-70d3-40bd-b84e-62b724f10828"}
{"component":"player-command","phase":"authorization","correlationId":"12f0dd91-70d3-40bd-b84e-62b724f10828","outcome":"allowed"}
{"component":"player-command","phase":"response","correlationId":"12f0dd91-70d3-40bd-b84e-62b724f10828","statusCode":200,"elapsedMs":63}
{"component":"player-command","phase":"request","correlationId":"43fa0662-7b72-4e00-bf95-d879611227bf"}
{"component":"player-command","phase":"authorization","correlationId":"43fa0662-7b72-4e00-bf95-d879611227bf","outcome":"allowed"}
{"component":"player-command","phase":"command","correlationId":"43fa0662-7b72-4e00-bf95-d879611227bf"}
{"component":"player-command","phase":"mutation","correlationId":"43fa0662-7b72-4e00-bf95-d879611227bf","outcome":"completed","replayed":false}
{"component":"player-command","phase":"request","correlationId":"5c789d89-67b2-41db-bb00-f06bf47b64e8"}
{"component":"player-command","phase":"authorization","correlationId":"5c789d89-67b2-41db-bb00-f06bf47b64e8","outcome":"allowed"}
{"component":"player-command","phase":"consequence","correlationId":"43fa0662-7b72-4e00-bf95-d879611227bf","replayed":false,"changes":7}
{"component":"player-command","phase":"opportunity","correlationId":"43fa0662-7b72-4e00-bf95-d879611227bf","replayed":false,"changes":6}
{"component":"player-command","phase":"response","correlationId":"43fa0662-7b72-4e00-bf95-d879611227bf","statusCode":200,"elapsedMs":130}
{"component":"player-command","phase":"response","correlationId":"5c789d89-67b2-41db-bb00-f06bf47b64e8","statusCode":200,"elapsedMs":75}
{"component":"player-command","phase":"request","correlationId":"fe065064-3dd3-44b5-8e05-32ed33ca1713"}
{"component":"player-command","phase":"authorization","correlationId":"fe065064-3dd3-44b5-8e05-32ed33ca1713","outcome":"allowed"}
{"component":"player-command","phase":"response","correlationId":"fe065064-3dd3-44b5-8e05-32ed33ca1713","statusCode":200,"elapsedMs":54}
{"component":"player-command","phase":"request","correlationId":"21d7685b-7cef-4f93-b4c1-c90fa35b72b5"}
{"component":"player-command","phase":"authorization","correlationId":"21d7685b-7cef-4f93-b4c1-c90fa35b72b5","outcome":"allowed"}
{"component":"player-command","phase":"response","correlationId":"21d7685b-7cef-4f93-b4c1-c90fa35b72b5","statusCode":200,"elapsedMs":55}
{"component":"player-command","phase":"request","correlationId":"1bd7c88a-5330-425d-96fd-c136f55216cb"}
{"component":"player-command","phase":"authorization","correlationId":"1bd7c88a-5330-425d-96fd-c136f55216cb","outcome":"allowed"}
{"component":"player-command","phase":"response","correlationId":"1bd7c88a-5330-425d-96fd-c136f55216cb","statusCode":200,"elapsedMs":61}
{"component":"player-command","phase":"request","correlationId":"7d2bcb08-2e7f-454e-a8d9-e86d3893e088"}
{"component":"player-command","phase":"authorization","correlationId":"7d2bcb08-2e7f-454e-a8d9-e86d3893e088","outcome":"allowed"}
{"component":"player-command","phase":"command","correlationId":"7d2bcb08-2e7f-454e-a8d9-e86d3893e088"}
{"component":"player-command","phase":"mutation","correlationId":"7d2bcb08-2e7f-454e-a8d9-e86d3893e088","outcome":"completed","replayed":false}
{"component":"player-command","phase":"request","correlationId":"c99f5faf-edf7-4e48-b26c-c4088922e436"}
{"component":"player-command","phase":"authorization","correlationId":"c99f5faf-edf7-4e48-b26c-c4088922e436","outcome":"allowed"}
{"component":"player-command","phase":"consequence","correlationId":"7d2bcb08-2e7f-454e-a8d9-e86d3893e088","replayed":false,"changes":1}
{"component":"player-command","phase":"opportunity","correlationId":"7d2bcb08-2e7f-454e-a8d9-e86d3893e088","replayed":false,"changes":0}
{"component":"player-command","phase":"response","correlationId":"c99f5faf-edf7-4e48-b26c-c4088922e436","statusCode":200,"elapsedMs":69}
{"component":"player-command","phase":"response","correlationId":"7d2bcb08-2e7f-454e-a8d9-e86d3893e088","statusCode":200,"elapsedMs":157}
{"component":"player-command","phase":"request","correlationId":"10e18ba7-8b0c-4747-a22f-58547389cbee"}
{"component":"player-command","phase":"authorization","correlationId":"10e18ba7-8b0c-4747-a22f-58547389cbee","outcome":"allowed"}
{"component":"player-command","phase":"response","correlationId":"10e18ba7-8b0c-4747-a22f-58547389cbee","statusCode":200,"elapsedMs":60}
{"component":"player-command","phase":"request","correlationId":"977189c1-e0c6-49cb-9a4d-2c76db5712bd"}
{"component":"player-command","phase":"authorization","correlationId":"977189c1-e0c6-49cb-9a4d-2c76db5712bd","outcome":"allowed"}
{"component":"player-command","phase":"response","correlationId":"977189c1-e0c6-49cb-9a4d-2c76db5712bd","statusCode":200,"elapsedMs":56}
{"component":"player-command","phase":"request","correlationId":"bc2a30b4-f2e1-4050-aa02-4b83b3bdfdd5"}
{"component":"player-command","phase":"authorization","correlationId":"bc2a30b4-f2e1-4050-aa02-4b83b3bdfdd5","outcome":"allowed"}
{"component":"player-command","phase":"response","correlationId":"bc2a30b4-f2e1-4050-aa02-4b83b3bdfdd5","statusCode":200,"elapsedMs":62}
{"component":"player-command","phase":"request","correlationId":"56466d26-2f1f-4dbd-aab7-09d2cfdf5120"}
{"component":"player-command","phase":"authorization","correlationId":"56466d26-2f1f-4dbd-aab7-09d2cfdf5120","outcome":"allowed"}
{"component":"player-command","phase":"command","correlationId":"56466d26-2f1f-4dbd-aab7-09d2cfdf5120"}
{"component":"player-command","phase":"mutation","correlationId":"56466d26-2f1f-4dbd-aab7-09d2cfdf5120","outcome":"completed","replayed":false}
{"component":"player-command","phase":"request","correlationId":"2c72cc13-3997-4cba-a449-406a9c25caca"}
{"component":"player-command","phase":"authorization","correlationId":"2c72cc13-3997-4cba-a449-406a9c25caca","outcome":"allowed"}
{"component":"player-command","phase":"consequence","correlationId":"56466d26-2f1f-4dbd-aab7-09d2cfdf5120","replayed":false,"changes":1}
{"component":"player-command","phase":"opportunity","correlationId":"56466d26-2f1f-4dbd-aab7-09d2cfdf5120","replayed":false,"changes":0}
{"component":"player-command","phase":"response","correlationId":"2c72cc13-3997-4cba-a449-406a9c25caca","statusCode":200,"elapsedMs":65}
{"component":"player-command","phase":"response","correlationId":"56466d26-2f1f-4dbd-aab7-09d2cfdf5120","statusCode":200,"elapsedMs":149}
{"component":"player-command","phase":"request","correlationId":"03b2f314-9e9e-48b7-b200-39ca238fb8dd"}
{"component":"player-command","phase":"authorization","correlationId":"03b2f314-9e9e-48b7-b200-39ca238fb8dd","outcome":"allowed"}
{"component":"player-command","phase":"response","correlationId":"03b2f314-9e9e-48b7-b200-39ca238fb8dd","statusCode":200,"elapsedMs":58}
{"component":"player-command","phase":"request","correlationId":"91b2dad6-de80-44b9-a1b4-5c5476c5d4be"}
{"component":"player-command","phase":"authorization","correlationId":"91b2dad6-de80-44b9-a1b4-5c5476c5d4be","outcome":"allowed"}
{"component":"player-command","phase":"response","correlationId":"91b2dad6-de80-44b9-a1b4-5c5476c5d4be","statusCode":200,"elapsedMs":60}
{"component":"player-command","phase":"request","correlationId":"2cd8bdc0-cd74-4fd1-a03e-02cbd254fbf8"}
{"component":"player-command","phase":"authorization","correlationId":"2cd8bdc0-cd74-4fd1-a03e-02cbd254fbf8","outcome":"allowed"}
{"component":"player-command","phase":"response","correlationId":"2cd8bdc0-cd74-4fd1-a03e-02cbd254fbf8","statusCode":200,"elapsedMs":59}
{"component":"player-command","phase":"request","correlationId":"c43c7836-f932-4735-af27-7de6ecd8dcc1"}
{"component":"player-command","phase":"authorization","correlationId":"c43c7836-f932-4735-af27-7de6ecd8dcc1","outcome":"allowed"}
{"component":"player-command","phase":"command","correlationId":"c43c7836-f932-4735-af27-7de6ecd8dcc1"}
{"component":"player-command","phase":"mutation","correlationId":"c43c7836-f932-4735-af27-7de6ecd8dcc1","outcome":"completed","replayed":false}
{"component":"player-command","phase":"request","correlationId":"74089c7d-c90f-453b-86a8-b2fb85f113b3"}
{"component":"player-command","phase":"authorization","correlationId":"74089c7d-c90f-453b-86a8-b2fb85f113b3","outcome":"allowed"}
{"component":"player-command","phase":"response","correlationId":"74089c7d-c90f-453b-86a8-b2fb85f113b3","statusCode":200,"elapsedMs":60}
{"component":"player-command","phase":"consequence","correlationId":"c43c7836-f932-4735-af27-7de6ecd8dcc1","replayed":false,"changes":1}
{"component":"player-command","phase":"opportunity","correlationId":"c43c7836-f932-4735-af27-7de6ecd8dcc1","replayed":false,"changes":0}
{"component":"player-command","phase":"response","correlationId":"c43c7836-f932-4735-af27-7de6ecd8dcc1","statusCode":200,"elapsedMs":153}
{"component":"player-command","phase":"request","correlationId":"309c0cd4-664a-4337-9ff6-cad30b9e7faa"}
{"component":"player-command","phase":"authorization","correlationId":"309c0cd4-664a-4337-9ff6-cad30b9e7faa","outcome":"allowed"}
{"component":"player-command","phase":"response","correlationId":"309c0cd4-664a-4337-9ff6-cad30b9e7faa","statusCode":200,"elapsedMs":72}
{"component":"player-command","phase":"request","correlationId":"f1af314f-6321-4c5c-a094-0c856d34994b"}
{"component":"player-command","phase":"authorization","correlationId":"f1af314f-6321-4c5c-a094-0c856d34994b","outcome":"allowed"}
{"component":"player-command","phase":"response","correlationId":"f1af314f-6321-4c5c-a094-0c856d34994b","statusCode":200,"elapsedMs":57}
{"component":"player-command","phase":"request","correlationId":"77ddc830-ebc8-4eaf-b079-14689cb3f519"}
{"component":"player-command","phase":"authorization","correlationId":"77ddc830-ebc8-4eaf-b079-14689cb3f519","outcome":"allowed"}
{"component":"player-command","phase":"response","correlationId":"77ddc830-ebc8-4eaf-b079-14689cb3f519","statusCode":200,"elapsedMs":67}
{"component":"player-command","phase":"request","correlationId":"eceff671-cb17-43d5-86a4-2ab3a7bd9906"}
{"component":"player-command","phase":"authorization","correlationId":"eceff671-cb17-43d5-86a4-2ab3a7bd9906","outcome":"allowed"}
{"component":"player-command","phase":"response","correlationId":"eceff671-cb17-43d5-86a4-2ab3a7bd9906","statusCode":200,"elapsedMs":60}
{"component":"player-command","phase":"request","correlationId":"c6482818-5f08-4262-a23f-4e5912d30d18"}
{"component":"player-command","phase":"authorization","correlationId":"c6482818-5f08-4262-a23f-4e5912d30d18","outcome":"allowed"}
{"component":"player-command","phase":"command","correlationId":"c6482818-5f08-4262-a23f-4e5912d30d18"}
{"component":"player-command","phase":"mutation","correlationId":"c6482818-5f08-4262-a23f-4e5912d30d18","outcome":"completed","replayed":false}
{"component":"player-command","phase":"request","correlationId":"24627c6d-efe8-4562-909e-7b5a2c47c882"}
{"component":"player-command","phase":"authorization","correlationId":"24627c6d-efe8-4562-909e-7b5a2c47c882","outcome":"allowed"}
{"component":"player-command","phase":"response","correlationId":"24627c6d-efe8-4562-909e-7b5a2c47c882","statusCode":200,"elapsedMs":60}
{"component":"player-command","phase":"consequence","correlationId":"c6482818-5f08-4262-a23f-4e5912d30d18","replayed":false,"changes":1}
{"component":"player-command","phase":"opportunity","correlationId":"c6482818-5f08-4262-a23f-4e5912d30d18","replayed":false,"changes":0}
{"component":"player-command","phase":"response","correlationId":"c6482818-5f08-4262-a23f-4e5912d30d18","statusCode":200,"elapsedMs":157}
{"component":"player-command","phase":"request","correlationId":"8702c691-0227-4929-bba6-9be25e7cb588"}
{"component":"player-command","phase":"authorization","correlationId":"8702c691-0227-4929-bba6-9be25e7cb588","outcome":"allowed"}
{"component":"player-command","phase":"response","correlationId":"8702c691-0227-4929-bba6-9be25e7cb588","statusCode":200,"elapsedMs":68}
{"component":"player-command","phase":"request","correlationId":"650048bf-1dcc-4bb5-a74e-f70d44bbb55d"}
{"component":"player-command","phase":"authorization","correlationId":"650048bf-1dcc-4bb5-a74e-f70d44bbb55d","outcome":"allowed"}
{"component":"player-command","phase":"response","correlationId":"650048bf-1dcc-4bb5-a74e-f70d44bbb55d","statusCode":200,"elapsedMs":66}
{"component":"player-command","phase":"request","correlationId":"70051cff-a5af-4b32-874c-c4fae40cd447"}
{"component":"player-command","phase":"authorization","correlationId":"70051cff-a5af-4b32-874c-c4fae40cd447","outcome":"allowed"}
{"component":"player-command","phase":"response","correlationId":"70051cff-a5af-4b32-874c-c4fae40cd447","statusCode":200,"elapsedMs":72}
{"component":"player-command","phase":"request","correlationId":"0d74737c-7bd4-45e5-9926-f1e495506271"}
{"component":"player-command","phase":"authorization","correlationId":"0d74737c-7bd4-45e5-9926-f1e495506271","outcome":"allowed"}
{"component":"player-command","phase":"command","correlationId":"0d74737c-7bd4-45e5-9926-f1e495506271"}
{"component":"player-command","phase":"mutation","correlationId":"0d74737c-7bd4-45e5-9926-f1e495506271","outcome":"completed","replayed":false}
{"component":"player-command","phase":"request","correlationId":"933f077d-9e4c-48ab-860d-63de9535386a"}
{"component":"player-command","phase":"authorization","correlationId":"933f077d-9e4c-48ab-860d-63de9535386a","outcome":"allowed"}
{"component":"player-command","phase":"consequence","correlationId":"0d74737c-7bd4-45e5-9926-f1e495506271","replayed":false,"changes":3}
{"component":"player-command","phase":"opportunity","correlationId":"0d74737c-7bd4-45e5-9926-f1e495506271","replayed":false,"changes":2}
{"component":"player-command","phase":"response","correlationId":"0d74737c-7bd4-45e5-9926-f1e495506271","statusCode":200,"elapsedMs":145}
{"component":"player-command","phase":"response","correlationId":"933f077d-9e4c-48ab-860d-63de9535386a","statusCode":200,"elapsedMs":93}
{"component":"player-command","phase":"request","correlationId":"0ef5df63-0d1e-4e7b-be4a-63ec5f5295a0"}
{"component":"player-command","phase":"authorization","correlationId":"0ef5df63-0d1e-4e7b-be4a-63ec5f5295a0","outcome":"allowed"}
{"component":"player-command","phase":"response","correlationId":"0ef5df63-0d1e-4e7b-be4a-63ec5f5295a0","statusCode":200,"elapsedMs":71}
{"component":"player-command","phase":"request","correlationId":"ea28147e-c61a-42cc-9b57-56cec6543e6c"}
{"component":"player-command","phase":"authorization","correlationId":"ea28147e-c61a-42cc-9b57-56cec6543e6c","outcome":"allowed"}
{"component":"player-command","phase":"response","correlationId":"ea28147e-c61a-42cc-9b57-56cec6543e6c","statusCode":200,"elapsedMs":60}
{"component":"player-command","phase":"request","correlationId":"96dbf2f8-9379-4a06-8be8-34e1517084af"}
{"component":"player-command","phase":"authorization","correlationId":"96dbf2f8-9379-4a06-8be8-34e1517084af","outcome":"allowed"}
{"component":"player-command","phase":"response","correlationId":"96dbf2f8-9379-4a06-8be8-34e1517084af","statusCode":200,"elapsedMs":57}
{"component":"player-command","phase":"request","correlationId":"0ebe6fbd-9663-4901-8812-d391fa33e814"}
{"component":"player-command","phase":"authorization","correlationId":"0ebe6fbd-9663-4901-8812-d391fa33e814","outcome":"allowed"}
{"component":"player-command","phase":"command","correlationId":"0ebe6fbd-9663-4901-8812-d391fa33e814"}
{"component":"player-command","phase":"mutation","correlationId":"0ebe6fbd-9663-4901-8812-d391fa33e814","outcome":"completed","replayed":false}
{"component":"player-command","phase":"request","correlationId":"573ef23c-e71a-4a62-baa2-6fedb6382f73"}
{"component":"player-command","phase":"authorization","correlationId":"573ef23c-e71a-4a62-baa2-6fedb6382f73","outcome":"allowed"}
{"component":"player-command","phase":"consequence","correlationId":"0ebe6fbd-9663-4901-8812-d391fa33e814","replayed":false,"changes":5}
{"component":"player-command","phase":"opportunity","correlationId":"0ebe6fbd-9663-4901-8812-d391fa33e814","replayed":false,"changes":2}
{"component":"player-command","phase":"response","correlationId":"0ebe6fbd-9663-4901-8812-d391fa33e814","statusCode":200,"elapsedMs":142}
{"component":"player-command","phase":"response","correlationId":"573ef23c-e71a-4a62-baa2-6fedb6382f73","statusCode":200,"elapsedMs":85}
{"component":"player-command","phase":"request","correlationId":"bc9aba6e-06ad-4dc5-858f-05f8b34f77e2"}
{"component":"player-command","phase":"authorization","correlationId":"bc9aba6e-06ad-4dc5-858f-05f8b34f77e2","outcome":"allowed"}
{"component":"player-command","phase":"response","correlationId":"bc9aba6e-06ad-4dc5-858f-05f8b34f77e2","statusCode":200,"elapsedMs":58}
{"component":"player-command","phase":"request","correlationId":"4ccf4b9d-c497-4115-b2a2-ade73b4d76f3"}
{"component":"player-command","phase":"authorization","correlationId":"4ccf4b9d-c497-4115-b2a2-ade73b4d76f3","outcome":"allowed"}
{"component":"player-command","phase":"response","correlationId":"4ccf4b9d-c497-4115-b2a2-ade73b4d76f3","statusCode":200,"elapsedMs":53}
{"component":"player-command","phase":"request","correlationId":"476d9310-3e5b-4171-81e0-f2a96979d537"}
{"component":"player-command","phase":"authorization","correlationId":"476d9310-3e5b-4171-81e0-f2a96979d537","outcome":"allowed"}
{"component":"player-command","phase":"response","correlationId":"476d9310-3e5b-4171-81e0-f2a96979d537","statusCode":200,"elapsedMs":54}
{"component":"player-command","phase":"request","correlationId":"5e9bab4d-85f8-4093-9d70-e3df305539da"}
{"component":"player-command","phase":"authorization","correlationId":"5e9bab4d-85f8-4093-9d70-e3df305539da","outcome":"allowed"}
{"component":"player-command","phase":"command","correlationId":"5e9bab4d-85f8-4093-9d70-e3df305539da"}
{"component":"player-command","phase":"mutation","correlationId":"5e9bab4d-85f8-4093-9d70-e3df305539da","outcome":"completed","replayed":false}
{"component":"player-command","phase":"request","correlationId":"1bce7ca2-6b3e-4a8a-b9d7-b82326f2030e"}
{"component":"player-command","phase":"authorization","correlationId":"1bce7ca2-6b3e-4a8a-b9d7-b82326f2030e","outcome":"allowed"}
{"component":"player-command","phase":"consequence","correlationId":"5e9bab4d-85f8-4093-9d70-e3df305539da","replayed":false,"changes":1}
{"component":"player-command","phase":"opportunity","correlationId":"5e9bab4d-85f8-4093-9d70-e3df305539da","replayed":false,"changes":0}
{"component":"player-command","phase":"response","correlationId":"5e9bab4d-85f8-4093-9d70-e3df305539da","statusCode":200,"elapsedMs":145}
{"component":"player-command","phase":"response","correlationId":"1bce7ca2-6b3e-4a8a-b9d7-b82326f2030e","statusCode":200,"elapsedMs":82}
{"component":"player-command","phase":"request","correlationId":"aa991011-62d5-4fa4-ae4e-ff5d531a326d"}
{"component":"player-command","phase":"authorization","correlationId":"aa991011-62d5-4fa4-ae4e-ff5d531a326d","outcome":"allowed"}
{"component":"player-command","phase":"response","correlationId":"aa991011-62d5-4fa4-ae4e-ff5d531a326d","statusCode":200,"elapsedMs":55}
{"component":"player-command","phase":"request","correlationId":"ba416c7c-4790-4ebb-a5f4-7f0231892d6b"}
{"component":"player-command","phase":"authorization","correlationId":"ba416c7c-4790-4ebb-a5f4-7f0231892d6b","outcome":"allowed"}
{"component":"player-command","phase":"response","correlationId":"ba416c7c-4790-4ebb-a5f4-7f0231892d6b","statusCode":200,"elapsedMs":53}
{"component":"player-command","phase":"request","correlationId":"42288a5c-982b-4947-b353-ca9f3733b491"}
{"component":"player-command","phase":"authorization","correlationId":"42288a5c-982b-4947-b353-ca9f3733b491","outcome":"allowed"}
{"component":"player-command","phase":"response","correlationId":"42288a5c-982b-4947-b353-ca9f3733b491","statusCode":200,"elapsedMs":50}
{"component":"player-command","phase":"request","correlationId":"996755a4-94e4-4c3e-bd97-30c66fa28b79"}
{"component":"player-command","phase":"authorization","correlationId":"996755a4-94e4-4c3e-bd97-30c66fa28b79","outcome":"allowed"}
{"component":"player-command","phase":"command","correlationId":"996755a4-94e4-4c3e-bd97-30c66fa28b79"}
{"component":"player-command","phase":"mutation","correlationId":"996755a4-94e4-4c3e-bd97-30c66fa28b79","outcome":"completed","replayed":false}
{"component":"player-command","phase":"request","correlationId":"4cd3d446-4951-4c3d-8056-49f3c66706c4"}
{"component":"player-command","phase":"authorization","correlationId":"4cd3d446-4951-4c3d-8056-49f3c66706c4","outcome":"allowed"}
{"component":"player-command","phase":"consequence","correlationId":"996755a4-94e4-4c3e-bd97-30c66fa28b79","replayed":false,"changes":2}
{"component":"player-command","phase":"opportunity","correlationId":"996755a4-94e4-4c3e-bd97-30c66fa28b79","replayed":false,"changes":0}
{"component":"player-command","phase":"response","correlationId":"996755a4-94e4-4c3e-bd97-30c66fa28b79","statusCode":200,"elapsedMs":142}
{"component":"player-command","phase":"response","correlationId":"4cd3d446-4951-4c3d-8056-49f3c66706c4","statusCode":200,"elapsedMs":82}
{"component":"player-command","phase":"request","correlationId":"54822245-f6e5-4b42-a6c7-529be135d925"}
{"component":"player-command","phase":"authorization","correlationId":"54822245-f6e5-4b42-a6c7-529be135d925","outcome":"allowed"}
{"component":"player-command","phase":"response","correlationId":"54822245-f6e5-4b42-a6c7-529be135d925","statusCode":200,"elapsedMs":59}
{"component":"player-command","phase":"request","correlationId":"3d24cbd1-d0fc-4dcf-add8-34b7446e4bc1"}
{"component":"player-command","phase":"authorization","correlationId":"3d24cbd1-d0fc-4dcf-add8-34b7446e4bc1","outcome":"allowed"}
{"component":"player-command","phase":"response","correlationId":"3d24cbd1-d0fc-4dcf-add8-34b7446e4bc1","statusCode":200,"elapsedMs":54}
{"component":"player-command","phase":"request","correlationId":"984ec695-fa50-428a-9597-fbb91820ff45"}
{"component":"player-command","phase":"authorization","correlationId":"984ec695-fa50-428a-9597-fbb91820ff45","outcome":"allowed"}
{"component":"player-command","phase":"response","correlationId":"984ec695-fa50-428a-9597-fbb91820ff45","statusCode":200,"elapsedMs":61}
{"component":"player-command","phase":"request","correlationId":"cc1ceebf-f8bf-4fcf-9131-34c6973ede57"}
{"component":"player-command","phase":"authorization","correlationId":"cc1ceebf-f8bf-4fcf-9131-34c6973ede57","outcome":"allowed"}
{"component":"player-command","phase":"command","correlationId":"cc1ceebf-f8bf-4fcf-9131-34c6973ede57"}
{"component":"player-command","phase":"mutation","correlationId":"cc1ceebf-f8bf-4fcf-9131-34c6973ede57","outcome":"completed","replayed":false}
{"component":"player-command","phase":"request","correlationId":"14c8f44e-86eb-4d50-b94c-bea87c947a42"}
{"component":"player-command","phase":"authorization","correlationId":"14c8f44e-86eb-4d50-b94c-bea87c947a42","outcome":"allowed"}
{"component":"player-command","phase":"response","correlationId":"14c8f44e-86eb-4d50-b94c-bea87c947a42","statusCode":200,"elapsedMs":58}
{"component":"player-command","phase":"consequence","correlationId":"cc1ceebf-f8bf-4fcf-9131-34c6973ede57","replayed":false,"changes":1}
{"component":"player-command","phase":"opportunity","correlationId":"cc1ceebf-f8bf-4fcf-9131-34c6973ede57","replayed":false,"changes":0}
{"component":"player-command","phase":"response","correlationId":"cc1ceebf-f8bf-4fcf-9131-34c6973ede57","statusCode":200,"elapsedMs":158}
{"component":"player-command","phase":"request","correlationId":"9168df99-8ab0-4a8b-b483-98dd4ae0412b"}
{"component":"player-command","phase":"authorization","correlationId":"9168df99-8ab0-4a8b-b483-98dd4ae0412b","outcome":"allowed"}
{"component":"player-command","phase":"response","correlationId":"9168df99-8ab0-4a8b-b483-98dd4ae0412b","statusCode":200,"elapsedMs":66}
{"component":"player-command","phase":"request","correlationId":"86f08003-77f6-4e8b-afcd-79e62acc9a8a"}
{"component":"player-command","phase":"authorization","correlationId":"86f08003-77f6-4e8b-afcd-79e62acc9a8a","outcome":"allowed"}
{"component":"player-command","phase":"response","correlationId":"86f08003-77f6-4e8b-afcd-79e62acc9a8a","statusCode":200,"elapsedMs":55}
{"component":"player-command","phase":"request","correlationId":"8d218221-e976-473a-b6f3-e5d3212ccf5e"}
{"component":"player-command","phase":"authorization","correlationId":"8d218221-e976-473a-b6f3-e5d3212ccf5e","outcome":"allowed"}
{"component":"player-command","phase":"response","correlationId":"8d218221-e976-473a-b6f3-e5d3212ccf5e","statusCode":200,"elapsedMs":65}
{"component":"player-command","phase":"request","correlationId":"a33ba18d-6d56-4391-9893-fe68408dc669"}
{"component":"player-command","phase":"authorization","correlationId":"a33ba18d-6d56-4391-9893-fe68408dc669","outcome":"allowed"}
{"component":"player-command","phase":"command","correlationId":"a33ba18d-6d56-4391-9893-fe68408dc669"}
{"component":"player-command","phase":"mutation","correlationId":"a33ba18d-6d56-4391-9893-fe68408dc669","outcome":"completed","replayed":false}
{"component":"player-command","phase":"request","correlationId":"06d51aa3-01ff-4ee7-bcb4-5f76ead25ba2"}
{"component":"player-command","phase":"authorization","correlationId":"06d51aa3-01ff-4ee7-bcb4-5f76ead25ba2","outcome":"allowed"}
{"component":"player-command","phase":"response","correlationId":"06d51aa3-01ff-4ee7-bcb4-5f76ead25ba2","statusCode":200,"elapsedMs":66}
{"component":"player-command","phase":"request","correlationId":"2c227f91-8214-40c3-a765-f60fdbaf001d"}
{"component":"player-command","phase":"authorization","correlationId":"2c227f91-8214-40c3-a765-f60fdbaf001d","outcome":"allowed"}
{"component":"player-command","phase":"consequence","correlationId":"a33ba18d-6d56-4391-9893-fe68408dc669","replayed":false,"changes":21}
{"component":"player-command","phase":"opportunity","correlationId":"a33ba18d-6d56-4391-9893-fe68408dc669","replayed":false,"changes":19}
{"component":"player-command","phase":"response","correlationId":"a33ba18d-6d56-4391-9893-fe68408dc669","statusCode":200,"elapsedMs":189}
{"component":"player-command","phase":"request","correlationId":"8dcb6c16-785a-4d63-9528-9cdf5f8e460d"}
{"component":"player-command","phase":"authorization","correlationId":"8dcb6c16-785a-4d63-9528-9cdf5f8e460d","outcome":"allowed"}
{"component":"player-command","phase":"response","correlationId":"2c227f91-8214-40c3-a765-f60fdbaf001d","statusCode":200,"elapsedMs":69}
{"component":"player-command","phase":"response","correlationId":"8dcb6c16-785a-4d63-9528-9cdf5f8e460d","statusCode":200,"elapsedMs":71}
{"component":"player-command","phase":"request","correlationId":"b5ec6aa0-7795-45cb-9221-d08d7b9b4a49"}
{"component":"player-command","phase":"authorization","correlationId":"b5ec6aa0-7795-45cb-9221-d08d7b9b4a49","outcome":"allowed"}
{"component":"player-command","phase":"response","correlationId":"b5ec6aa0-7795-45cb-9221-d08d7b9b4a49","statusCode":200,"elapsedMs":55}
{"component":"player-command","phase":"request","correlationId":"63c8666b-c14e-4420-9427-7edbc7abd915"}
{"component":"player-command","phase":"authorization","correlationId":"63c8666b-c14e-4420-9427-7edbc7abd915","outcome":"allowed"}
{"component":"player-command","phase":"response","correlationId":"63c8666b-c14e-4420-9427-7edbc7abd915","statusCode":200,"elapsedMs":63}
{"component":"player-command","phase":"request","correlationId":"66dee90f-f44b-46f8-8917-f56444f69b88"}
{"component":"player-command","phase":"authorization","correlationId":"66dee90f-f44b-46f8-8917-f56444f69b88","outcome":"allowed"}
{"component":"player-command","phase":"response","correlationId":"66dee90f-f44b-46f8-8917-f56444f69b88","statusCode":200,"elapsedMs":65}
{"component":"player-command","phase":"request","correlationId":"7bddba93-49c9-45f6-97f0-7a4a09fb95e3"}
{"component":"player-command","phase":"authorization","correlationId":"7bddba93-49c9-45f6-97f0-7a4a09fb95e3","outcome":"allowed"}
{"component":"player-command","phase":"response","correlationId":"7bddba93-49c9-45f6-97f0-7a4a09fb95e3","statusCode":200,"elapsedMs":67}
{"component":"player-command","phase":"request","correlationId":"2cf2568f-8e02-4cdb-946a-52fc2e4e42e7"}
{"component":"player-command","phase":"authorization","correlationId":"2cf2568f-8e02-4cdb-946a-52fc2e4e42e7","outcome":"allowed"}
{"component":"player-command","phase":"response","correlationId":"2cf2568f-8e02-4cdb-946a-52fc2e4e42e7","statusCode":200,"elapsedMs":54}
{"component":"player-command","phase":"request","correlationId":"38ee2507-4d3f-4f51-a70a-4625dc03e288"}
{"component":"player-command","phase":"authorization","correlationId":"38ee2507-4d3f-4f51-a70a-4625dc03e288","outcome":"allowed"}
{"component":"player-command","phase":"response","correlationId":"38ee2507-4d3f-4f51-a70a-4625dc03e288","statusCode":200,"elapsedMs":56}
{"component":"player-command","phase":"request","correlationId":"b5b4b8d8-93dd-487b-be11-ca6a6270a507"}
{"component":"player-command","phase":"authorization","correlationId":"b5b4b8d8-93dd-487b-be11-ca6a6270a507","outcome":"allowed"}
{"component":"player-command","phase":"response","correlationId":"b5b4b8d8-93dd-487b-be11-ca6a6270a507","statusCode":200,"elapsedMs":56}
{"component":"player-command","phase":"request","correlationId":"9198dfd3-2da9-40e3-9fa5-d78627e68aa0"}
{"component":"player-command","phase":"authorization","correlationId":"9198dfd3-2da9-40e3-9fa5-d78627e68aa0","outcome":"allowed"}
{"component":"player-command","phase":"response","correlationId":"9198dfd3-2da9-40e3-9fa5-d78627e68aa0","statusCode":200,"elapsedMs":50}
{"component":"player-command","phase":"request","correlationId":"b1e8ae0c-61ac-4ab3-9d59-69872854ce45"}
{"component":"player-command","phase":"request","correlationId":"fec03b2f-a2c8-4c4b-97e2-61c78503c57f"}
{"component":"player-command","phase":"authorization","correlationId":"b1e8ae0c-61ac-4ab3-9d59-69872854ce45","outcome":"allowed"}
{"component":"player-command","phase":"authorization","correlationId":"fec03b2f-a2c8-4c4b-97e2-61c78503c57f","outcome":"allowed"}
{"component":"player-command","phase":"request","correlationId":"8a201cb0-c1a7-4003-bb88-14f582e7f584"}
{"component":"player-command","phase":"authorization","correlationId":"8a201cb0-c1a7-4003-bb88-14f582e7f584","outcome":"allowed"}
{"component":"player-command","phase":"request","correlationId":"37d2a8a9-2d23-4b4c-9917-ce3deb89786f"}
{"component":"player-command","phase":"response","correlationId":"b1e8ae0c-61ac-4ab3-9d59-69872854ce45","statusCode":200,"elapsedMs":76}
{"component":"player-command","phase":"authorization","correlationId":"37d2a8a9-2d23-4b4c-9917-ce3deb89786f","outcome":"allowed"}
{"component":"player-command","phase":"response","correlationId":"fec03b2f-a2c8-4c4b-97e2-61c78503c57f","statusCode":200,"elapsedMs":94}
{"component":"player-command","phase":"response","correlationId":"8a201cb0-c1a7-4003-bb88-14f582e7f584","statusCode":200,"elapsedMs":110}
{"component":"player-command","phase":"response","correlationId":"37d2a8a9-2d23-4b4c-9917-ce3deb89786f","statusCode":200,"elapsedMs":268}
{"component":"player-command","phase":"request","correlationId":"19b65739-558e-47e3-96fa-4c35bd83fe09"}
{"component":"player-command","phase":"authorization","correlationId":"19b65739-558e-47e3-96fa-4c35bd83fe09","outcome":"allowed"}
{"component":"player-command","phase":"response","correlationId":"19b65739-558e-47e3-96fa-4c35bd83fe09","statusCode":200,"elapsedMs":51}
{"component":"player-command","phase":"request","correlationId":"a313f9d4-3075-4556-9218-69cf31e00b45"}
{"component":"player-command","phase":"authorization","correlationId":"a313f9d4-3075-4556-9218-69cf31e00b45","outcome":"allowed"}
{"component":"player-command","phase":"command","correlationId":"a313f9d4-3075-4556-9218-69cf31e00b45"}
{"component":"player-command","phase":"mutation","correlationId":"a313f9d4-3075-4556-9218-69cf31e00b45","outcome":"completed","replayed":false}
{"component":"player-command","phase":"consequence","correlationId":"a313f9d4-3075-4556-9218-69cf31e00b45","replayed":false,"changes":4}
{"component":"player-command","phase":"opportunity","correlationId":"a313f9d4-3075-4556-9218-69cf31e00b45","replayed":false,"changes":0}
{"component":"player-command","phase":"response","correlationId":"a313f9d4-3075-4556-9218-69cf31e00b45","statusCode":200,"elapsedMs":151}
{"component":"player-command","phase":"request","correlationId":"e50816b8-1355-41d8-948c-d58a7e9070c1"}
{"component":"player-command","phase":"authorization","correlationId":"e50816b8-1355-41d8-948c-d58a7e9070c1","outcome":"allowed"}
{"component":"player-command","phase":"response","correlationId":"e50816b8-1355-41d8-948c-d58a7e9070c1","statusCode":200,"elapsedMs":57}
{"component":"player-command","phase":"request","correlationId":"60f1a875-f7fb-45fe-9d71-b14f513dd4f4"}
{"component":"player-command","phase":"authorization","correlationId":"60f1a875-f7fb-45fe-9d71-b14f513dd4f4","outcome":"allowed"}
{"component":"player-command","phase":"response","correlationId":"60f1a875-f7fb-45fe-9d71-b14f513dd4f4","statusCode":200,"elapsedMs":58}
{"component":"player-command","phase":"request","correlationId":"f86e8331-f3a6-4041-870b-59eb7f71ad38"}
{"component":"player-command","phase":"authorization","correlationId":"f86e8331-f3a6-4041-870b-59eb7f71ad38","outcome":"allowed"}
{"component":"player-command","phase":"response","correlationId":"f86e8331-f3a6-4041-870b-59eb7f71ad38","statusCode":200,"elapsedMs":65}
{"component":"player-command","phase":"request","correlationId":"b5cb4945-7b3d-4311-bd91-dd6fc0e01a7b"}
{"component":"player-command","phase":"authorization","correlationId":"b5cb4945-7b3d-4311-bd91-dd6fc0e01a7b","outcome":"allowed"}
{"component":"player-command","phase":"command","correlationId":"b5cb4945-7b3d-4311-bd91-dd6fc0e01a7b"}
{"component":"player-command","phase":"request","correlationId":"ac2b0b1b-0e66-473e-b778-431cbdd6f9b7"}
{"component":"player-command","phase":"authorization","correlationId":"ac2b0b1b-0e66-473e-b778-431cbdd6f9b7","outcome":"allowed"}
{"component":"player-command","phase":"request","correlationId":"517227fe-55fa-499d-a83f-423155d7fd86"}
{"component":"player-command","phase":"request","correlationId":"39d9e129-d417-45e0-95b8-d87d731a6f18"}
{"component":"player-command","phase":"authorization","correlationId":"517227fe-55fa-499d-a83f-423155d7fd86","outcome":"allowed"}
{"component":"player-command","phase":"response","correlationId":"ac2b0b1b-0e66-473e-b778-431cbdd6f9b7","statusCode":200,"elapsedMs":75}
{"component":"player-command","phase":"response","correlationId":"517227fe-55fa-499d-a83f-423155d7fd86","statusCode":200,"elapsedMs":86}
{"component":"player-command","phase":"mutation","correlationId":"b5cb4945-7b3d-4311-bd91-dd6fc0e01a7b","outcome":"completed","replayed":false}
{"component":"player-command","phase":"request","correlationId":"663a9abd-6f20-4673-9ac2-013dddd06caa"}
{"component":"player-command","phase":"authorization","correlationId":"663a9abd-6f20-4673-9ac2-013dddd06caa","outcome":"allowed"}
{"component":"player-command","phase":"authorization","correlationId":"39d9e129-d417-45e0-95b8-d87d731a6f18","outcome":"allowed"}
{"component":"player-command","phase":"response","correlationId":"663a9abd-6f20-4673-9ac2-013dddd06caa","statusCode":200,"elapsedMs":64}
{"component":"player-command","phase":"consequence","correlationId":"b5cb4945-7b3d-4311-bd91-dd6fc0e01a7b","replayed":false,"changes":9}
{"component":"player-command","phase":"opportunity","correlationId":"b5cb4945-7b3d-4311-bd91-dd6fc0e01a7b","replayed":false,"changes":8}
{"component":"player-command","phase":"response","correlationId":"b5cb4945-7b3d-4311-bd91-dd6fc0e01a7b","statusCode":200,"elapsedMs":208}
{"component":"player-command","phase":"request","correlationId":"e65136c6-0cdf-4112-9252-f5874e1d256b"}
{"component":"player-command","phase":"authorization","correlationId":"e65136c6-0cdf-4112-9252-f5874e1d256b","outcome":"allowed"}
{"component":"player-command","phase":"response","correlationId":"e65136c6-0cdf-4112-9252-f5874e1d256b","statusCode":200,"elapsedMs":77}
{"component":"player-command","phase":"request","correlationId":"c5f455f5-0138-45ee-9e02-d6621b1c8da1"}
{"component":"player-command","phase":"authorization","correlationId":"c5f455f5-0138-45ee-9e02-d6621b1c8da1","outcome":"allowed"}
{"component":"player-command","phase":"response","correlationId":"39d9e129-d417-45e0-95b8-d87d731a6f18","statusCode":200,"elapsedMs":366}
{"component":"player-command","phase":"response","correlationId":"c5f455f5-0138-45ee-9e02-d6621b1c8da1","statusCode":200,"elapsedMs":80}
{"component":"player-command","phase":"request","correlationId":"188d088a-04da-4cf3-a3dc-370fd79b9b6d"}
{"component":"player-command","phase":"authorization","correlationId":"188d088a-04da-4cf3-a3dc-370fd79b9b6d","outcome":"allowed"}
{"component":"player-command","phase":"response","correlationId":"188d088a-04da-4cf3-a3dc-370fd79b9b6d","statusCode":200,"elapsedMs":70}
{"component":"player-command","phase":"request","correlationId":"2ab20633-8f5b-4f6a-aca3-12dbe6c851e3"}
{"component":"player-command","phase":"authorization","correlationId":"2ab20633-8f5b-4f6a-aca3-12dbe6c851e3","outcome":"allowed"}
{"component":"player-command","phase":"response","correlationId":"2ab20633-8f5b-4f6a-aca3-12dbe6c851e3","statusCode":200,"elapsedMs":67}
{"component":"player-command","phase":"request","correlationId":"6db479c7-d719-4c84-a458-8d3f9c51e577"}
{"component":"player-command","phase":"authorization","correlationId":"6db479c7-d719-4c84-a458-8d3f9c51e577","outcome":"allowed"}
{"component":"player-command","phase":"command","correlationId":"6db479c7-d719-4c84-a458-8d3f9c51e577"}
{"component":"player-command","phase":"mutation","correlationId":"6db479c7-d719-4c84-a458-8d3f9c51e577","outcome":"completed","replayed":false}
{"component":"player-command","phase":"request","correlationId":"fe2df1ec-4f37-4e07-bd84-6217f27774ca"}
{"component":"player-command","phase":"authorization","correlationId":"fe2df1ec-4f37-4e07-bd84-6217f27774ca","outcome":"allowed"}
{"component":"player-command","phase":"response","correlationId":"fe2df1ec-4f37-4e07-bd84-6217f27774ca","statusCode":200,"elapsedMs":55}
{"component":"player-command","phase":"consequence","correlationId":"6db479c7-d719-4c84-a458-8d3f9c51e577","replayed":false,"changes":1}
{"component":"player-command","phase":"opportunity","correlationId":"6db479c7-d719-4c84-a458-8d3f9c51e577","replayed":false,"changes":0}
{"component":"player-command","phase":"response","correlationId":"6db479c7-d719-4c84-a458-8d3f9c51e577","statusCode":200,"elapsedMs":184}
{"component":"player-command","phase":"request","correlationId":"1ae6b89d-3005-4d2b-ad40-210e928db1e3"}
{"component":"player-command","phase":"authorization","correlationId":"1ae6b89d-3005-4d2b-ad40-210e928db1e3","outcome":"allowed"}
{"component":"player-command","phase":"response","correlationId":"1ae6b89d-3005-4d2b-ad40-210e928db1e3","statusCode":200,"elapsedMs":73}
{"component":"player-command","phase":"request","correlationId":"f1cd4fdd-14ff-43c0-8c52-2876ebd12b4e"}
{"component":"player-command","phase":"authorization","correlationId":"f1cd4fdd-14ff-43c0-8c52-2876ebd12b4e","outcome":"allowed"}
{"component":"player-command","phase":"response","correlationId":"f1cd4fdd-14ff-43c0-8c52-2876ebd12b4e","statusCode":200,"elapsedMs":68}
{"component":"player-command","phase":"request","correlationId":"978742a5-70cb-49eb-98d3-df5319486f93"}
{"component":"player-command","phase":"authorization","correlationId":"978742a5-70cb-49eb-98d3-df5319486f93","outcome":"allowed"}
{"component":"player-command","phase":"response","correlationId":"978742a5-70cb-49eb-98d3-df5319486f93","statusCode":200,"elapsedMs":74}
{"component":"player-command","phase":"request","correlationId":"bbecf64d-5184-4938-9dac-8c914294f145"}
{"component":"player-command","phase":"authorization","correlationId":"bbecf64d-5184-4938-9dac-8c914294f145","outcome":"allowed"}
{"component":"player-command","phase":"response","correlationId":"bbecf64d-5184-4938-9dac-8c914294f145","statusCode":200,"elapsedMs":66}
{"component":"player-command","phase":"request","correlationId":"d351685d-5ff2-4b3a-8275-51a283ad8194"}
{"component":"player-command","phase":"authorization","correlationId":"d351685d-5ff2-4b3a-8275-51a283ad8194","outcome":"allowed"}
{"component":"player-command","phase":"command","correlationId":"d351685d-5ff2-4b3a-8275-51a283ad8194"}
{"component":"player-command","phase":"mutation","correlationId":"d351685d-5ff2-4b3a-8275-51a283ad8194","outcome":"completed","replayed":false}
{"component":"player-command","phase":"request","correlationId":"b6cca275-fae1-44d0-9124-156902994a3f"}
{"component":"player-command","phase":"authorization","correlationId":"b6cca275-fae1-44d0-9124-156902994a3f","outcome":"allowed"}
{"component":"player-command","phase":"response","correlationId":"b6cca275-fae1-44d0-9124-156902994a3f","statusCode":200,"elapsedMs":54}
{"component":"player-command","phase":"consequence","correlationId":"d351685d-5ff2-4b3a-8275-51a283ad8194","replayed":false,"changes":7}
{"component":"player-command","phase":"opportunity","correlationId":"d351685d-5ff2-4b3a-8275-51a283ad8194","replayed":false,"changes":6}
{"component":"player-command","phase":"response","correlationId":"d351685d-5ff2-4b3a-8275-51a283ad8194","statusCode":200,"elapsedMs":174}
{"component":"player-command","phase":"request","correlationId":"bbf5481d-392c-4c2c-a1de-0d0e1488a3c7"}
{"component":"player-command","phase":"authorization","correlationId":"bbf5481d-392c-4c2c-a1de-0d0e1488a3c7","outcome":"allowed"}
{"component":"player-command","phase":"response","correlationId":"bbf5481d-392c-4c2c-a1de-0d0e1488a3c7","statusCode":200,"elapsedMs":83}
{"component":"player-command","phase":"request","correlationId":"663ab091-cfe2-4bb1-acbd-0cd152e11dbe"}
{"component":"player-command","phase":"authorization","correlationId":"663ab091-cfe2-4bb1-acbd-0cd152e11dbe","outcome":"allowed"}
{"component":"player-command","phase":"response","correlationId":"663ab091-cfe2-4bb1-acbd-0cd152e11dbe","statusCode":200,"elapsedMs":75}
{"component":"player-command","phase":"request","correlationId":"4cd456a3-4dcc-44b6-97f8-8d87b4f06908"}
{"component":"player-command","phase":"authorization","correlationId":"4cd456a3-4dcc-44b6-97f8-8d87b4f06908","outcome":"allowed"}
{"component":"player-command","phase":"response","correlationId":"4cd456a3-4dcc-44b6-97f8-8d87b4f06908","statusCode":200,"elapsedMs":53}
{"component":"player-command","phase":"request","correlationId":"108f9f3f-f738-4f5c-ad81-bad454e0e542"}
{"component":"player-command","phase":"authorization","correlationId":"108f9f3f-f738-4f5c-ad81-bad454e0e542","outcome":"allowed"}
{"component":"player-command","phase":"response","correlationId":"108f9f3f-f738-4f5c-ad81-bad454e0e542","statusCode":200,"elapsedMs":61}
{"component":"player-command","phase":"request","correlationId":"68793f78-7ec2-421f-8bdb-9015c71178be"}
{"component":"player-command","phase":"authorization","correlationId":"68793f78-7ec2-421f-8bdb-9015c71178be","outcome":"allowed"}
{"component":"player-command","phase":"command","correlationId":"68793f78-7ec2-421f-8bdb-9015c71178be"}
{"component":"player-command","phase":"mutation","correlationId":"68793f78-7ec2-421f-8bdb-9015c71178be","outcome":"completed","replayed":false}
{"component":"player-command","phase":"request","correlationId":"d4a06d54-4bc1-4b82-9d95-225517e0e4e9"}
{"component":"player-command","phase":"authorization","correlationId":"d4a06d54-4bc1-4b82-9d95-225517e0e4e9","outcome":"allowed"}
{"component":"player-command","phase":"consequence","correlationId":"68793f78-7ec2-421f-8bdb-9015c71178be","replayed":false,"changes":7}
{"component":"player-command","phase":"opportunity","correlationId":"68793f78-7ec2-421f-8bdb-9015c71178be","replayed":false,"changes":6}
{"component":"player-command","phase":"response","correlationId":"68793f78-7ec2-421f-8bdb-9015c71178be","statusCode":200,"elapsedMs":156}
{"component":"player-command","phase":"response","correlationId":"d4a06d54-4bc1-4b82-9d95-225517e0e4e9","statusCode":200,"elapsedMs":95}
{"component":"player-command","phase":"request","correlationId":"4bc5790b-92b0-4b9f-a5df-f62217a5c437"}
{"component":"player-command","phase":"authorization","correlationId":"4bc5790b-92b0-4b9f-a5df-f62217a5c437","outcome":"allowed"}
{"component":"player-command","phase":"response","correlationId":"4bc5790b-92b0-4b9f-a5df-f62217a5c437","statusCode":200,"elapsedMs":67}
{"component":"player-command","phase":"request","correlationId":"13fd0943-c15b-430c-9151-06769b9ccb06"}
{"component":"player-command","phase":"authorization","correlationId":"13fd0943-c15b-430c-9151-06769b9ccb06","outcome":"allowed"}
{"component":"player-command","phase":"response","correlationId":"13fd0943-c15b-430c-9151-06769b9ccb06","statusCode":200,"elapsedMs":63}
{"component":"player-command","phase":"request","correlationId":"2835d33b-7ba7-49d0-830a-a2bd79a2c3ca"}
{"component":"player-command","phase":"authorization","correlationId":"2835d33b-7ba7-49d0-830a-a2bd79a2c3ca","outcome":"allowed"}
{"component":"player-command","phase":"response","correlationId":"2835d33b-7ba7-49d0-830a-a2bd79a2c3ca","statusCode":200,"elapsedMs":70}
{"component":"player-command","phase":"request","correlationId":"3b666544-1762-46ae-abdb-726dd69f5aa1"}
{"component":"player-command","phase":"authorization","correlationId":"3b666544-1762-46ae-abdb-726dd69f5aa1","outcome":"allowed"}
{"component":"player-command","phase":"command","correlationId":"3b666544-1762-46ae-abdb-726dd69f5aa1"}
{"component":"player-command","phase":"mutation","correlationId":"3b666544-1762-46ae-abdb-726dd69f5aa1","outcome":"completed","replayed":false}
{"component":"player-command","phase":"request","correlationId":"752969e6-2b21-40fe-8879-1687e3c13a6d"}
{"component":"player-command","phase":"authorization","correlationId":"752969e6-2b21-40fe-8879-1687e3c13a6d","outcome":"allowed"}
{"component":"player-command","phase":"consequence","correlationId":"3b666544-1762-46ae-abdb-726dd69f5aa1","replayed":false,"changes":1}
{"component":"player-command","phase":"opportunity","correlationId":"3b666544-1762-46ae-abdb-726dd69f5aa1","replayed":false,"changes":0}
{"component":"player-command","phase":"response","correlationId":"752969e6-2b21-40fe-8879-1687e3c13a6d","statusCode":200,"elapsedMs":79}
{"component":"player-command","phase":"response","correlationId":"3b666544-1762-46ae-abdb-726dd69f5aa1","statusCode":200,"elapsedMs":179}
{"component":"player-command","phase":"request","correlationId":"29624cf9-0645-42ab-bad4-2dd0dcd05b12"}
{"component":"player-command","phase":"authorization","correlationId":"29624cf9-0645-42ab-bad4-2dd0dcd05b12","outcome":"allowed"}
{"component":"player-command","phase":"response","correlationId":"29624cf9-0645-42ab-bad4-2dd0dcd05b12","statusCode":200,"elapsedMs":76}
{"component":"player-command","phase":"request","correlationId":"63cee176-4c58-4a8d-922c-38e1c300d407"}
{"component":"player-command","phase":"authorization","correlationId":"63cee176-4c58-4a8d-922c-38e1c300d407","outcome":"allowed"}
{"component":"player-command","phase":"response","correlationId":"63cee176-4c58-4a8d-922c-38e1c300d407","statusCode":200,"elapsedMs":73}
{"component":"player-command","phase":"request","correlationId":"2f1524c6-96be-4572-aa4a-30873fd218d8"}
{"component":"player-command","phase":"authorization","correlationId":"2f1524c6-96be-4572-aa4a-30873fd218d8","outcome":"allowed"}
{"component":"player-command","phase":"response","correlationId":"2f1524c6-96be-4572-aa4a-30873fd218d8","statusCode":200,"elapsedMs":68}
{"component":"player-command","phase":"request","correlationId":"6914a317-822b-408b-8fc1-013e9e7dac27"}
{"component":"player-command","phase":"authorization","correlationId":"6914a317-822b-408b-8fc1-013e9e7dac27","outcome":"allowed"}
{"component":"player-command","phase":"response","correlationId":"6914a317-822b-408b-8fc1-013e9e7dac27","statusCode":200,"elapsedMs":72}
{"component":"player-command","phase":"request","correlationId":"71c3329e-bce4-4bc8-9110-a888b50c1e49"}
{"component":"player-command","phase":"authorization","correlationId":"71c3329e-bce4-4bc8-9110-a888b50c1e49","outcome":"allowed"}
{"component":"player-command","phase":"command","correlationId":"71c3329e-bce4-4bc8-9110-a888b50c1e49"}
{"component":"player-command","phase":"mutation","correlationId":"71c3329e-bce4-4bc8-9110-a888b50c1e49","outcome":"completed","replayed":false}
{"component":"player-command","phase":"request","correlationId":"e93fb08d-db06-4d7c-8545-9a62c3659cc2"}
{"component":"player-command","phase":"authorization","correlationId":"e93fb08d-db06-4d7c-8545-9a62c3659cc2","outcome":"allowed"}
{"component":"player-command","phase":"consequence","correlationId":"71c3329e-bce4-4bc8-9110-a888b50c1e49","replayed":false,"changes":1}
{"component":"player-command","phase":"opportunity","correlationId":"71c3329e-bce4-4bc8-9110-a888b50c1e49","replayed":false,"changes":0}
{"component":"player-command","phase":"response","correlationId":"e93fb08d-db06-4d7c-8545-9a62c3659cc2","statusCode":200,"elapsedMs":80}
{"component":"player-command","phase":"response","correlationId":"71c3329e-bce4-4bc8-9110-a888b50c1e49","statusCode":200,"elapsedMs":172}
{"component":"player-command","phase":"request","correlationId":"ccf3ad68-7f3f-44f6-adb9-27ad91a32a1b"}
{"component":"player-command","phase":"authorization","correlationId":"ccf3ad68-7f3f-44f6-adb9-27ad91a32a1b","outcome":"allowed"}
{"component":"player-command","phase":"response","correlationId":"ccf3ad68-7f3f-44f6-adb9-27ad91a32a1b","statusCode":200,"elapsedMs":75}
{"component":"player-command","phase":"request","correlationId":"ddcc265e-0ca0-45de-a1ca-8e732687f171"}
{"component":"player-command","phase":"authorization","correlationId":"ddcc265e-0ca0-45de-a1ca-8e732687f171","outcome":"allowed"}
{"component":"player-command","phase":"response","correlationId":"ddcc265e-0ca0-45de-a1ca-8e732687f171","statusCode":200,"elapsedMs":70}
{"component":"player-command","phase":"request","correlationId":"7b227deb-9414-4f0e-8550-84a426951bc3"}
{"component":"player-command","phase":"authorization","correlationId":"7b227deb-9414-4f0e-8550-84a426951bc3","outcome":"allowed"}
{"component":"player-command","phase":"response","correlationId":"7b227deb-9414-4f0e-8550-84a426951bc3","statusCode":200,"elapsedMs":65}
{"component":"player-command","phase":"request","correlationId":"2fe8c25d-c426-4a7d-8a66-4339b828220a"}
{"component":"player-command","phase":"authorization","correlationId":"2fe8c25d-c426-4a7d-8a66-4339b828220a","outcome":"allowed"}
{"component":"player-command","phase":"command","correlationId":"2fe8c25d-c426-4a7d-8a66-4339b828220a"}
{"component":"player-command","phase":"mutation","correlationId":"2fe8c25d-c426-4a7d-8a66-4339b828220a","outcome":"completed","replayed":false}
{"component":"player-command","phase":"request","correlationId":"f08f3014-7453-42eb-934d-a1e7d68eed92"}
{"component":"player-command","phase":"authorization","correlationId":"f08f3014-7453-42eb-934d-a1e7d68eed92","outcome":"allowed"}
{"component":"player-command","phase":"consequence","correlationId":"2fe8c25d-c426-4a7d-8a66-4339b828220a","replayed":false,"changes":1}
{"component":"player-command","phase":"opportunity","correlationId":"2fe8c25d-c426-4a7d-8a66-4339b828220a","replayed":false,"changes":0}
{"component":"player-command","phase":"response","correlationId":"f08f3014-7453-42eb-934d-a1e7d68eed92","statusCode":200,"elapsedMs":83}
{"component":"player-command","phase":"response","correlationId":"2fe8c25d-c426-4a7d-8a66-4339b828220a","statusCode":200,"elapsedMs":175}
{"component":"player-command","phase":"request","correlationId":"66b112c2-c37d-4261-81d7-a25d8829cfd9"}
{"component":"player-command","phase":"authorization","correlationId":"66b112c2-c37d-4261-81d7-a25d8829cfd9","outcome":"allowed"}
{"component":"player-command","phase":"response","correlationId":"66b112c2-c37d-4261-81d7-a25d8829cfd9","statusCode":200,"elapsedMs":76}
{"component":"player-command","phase":"request","correlationId":"f71343a4-ca47-4f6d-9f3a-db7054672f2c"}
{"component":"player-command","phase":"authorization","correlationId":"f71343a4-ca47-4f6d-9f3a-db7054672f2c","outcome":"allowed"}
{"component":"player-command","phase":"response","correlationId":"f71343a4-ca47-4f6d-9f3a-db7054672f2c","statusCode":200,"elapsedMs":64}
{"component":"player-command","phase":"request","correlationId":"8ec3158a-a37b-4fc8-b624-1dd81652a0a0"}
{"component":"player-command","phase":"authorization","correlationId":"8ec3158a-a37b-4fc8-b624-1dd81652a0a0","outcome":"allowed"}
{"component":"player-command","phase":"response","correlationId":"8ec3158a-a37b-4fc8-b624-1dd81652a0a0","statusCode":200,"elapsedMs":67}
{"component":"player-command","phase":"request","correlationId":"a098265b-0fa6-45b5-8483-de28477bfbd0"}
{"component":"player-command","phase":"authorization","correlationId":"a098265b-0fa6-45b5-8483-de28477bfbd0","outcome":"allowed"}
{"component":"player-command","phase":"command","correlationId":"a098265b-0fa6-45b5-8483-de28477bfbd0"}
{"component":"player-command","phase":"mutation","correlationId":"a098265b-0fa6-45b5-8483-de28477bfbd0","outcome":"completed","replayed":false}
{"component":"player-command","phase":"request","correlationId":"3df51278-512f-4bb4-96c4-ae9249d77771"}
{"component":"player-command","phase":"authorization","correlationId":"3df51278-512f-4bb4-96c4-ae9249d77771","outcome":"allowed"}
{"component":"player-command","phase":"consequence","correlationId":"a098265b-0fa6-45b5-8483-de28477bfbd0","replayed":false,"changes":1}
{"component":"player-command","phase":"opportunity","correlationId":"a098265b-0fa6-45b5-8483-de28477bfbd0","replayed":false,"changes":0}
{"component":"player-command","phase":"response","correlationId":"3df51278-512f-4bb4-96c4-ae9249d77771","statusCode":200,"elapsedMs":77}
{"component":"player-command","phase":"response","correlationId":"a098265b-0fa6-45b5-8483-de28477bfbd0","statusCode":200,"elapsedMs":170}
{"component":"player-command","phase":"request","correlationId":"833c94e0-7f65-47d3-b401-8e1a60772478"}
{"component":"player-command","phase":"authorization","correlationId":"833c94e0-7f65-47d3-b401-8e1a60772478","outcome":"allowed"}
{"component":"player-command","phase":"response","correlationId":"833c94e0-7f65-47d3-b401-8e1a60772478","statusCode":200,"elapsedMs":74}
{"component":"player-command","phase":"request","correlationId":"ee7b0c55-3040-4184-9b7c-8c4e89e12f3b"}
{"component":"player-command","phase":"authorization","correlationId":"ee7b0c55-3040-4184-9b7c-8c4e89e12f3b","outcome":"allowed"}
{"component":"player-command","phase":"response","correlationId":"ee7b0c55-3040-4184-9b7c-8c4e89e12f3b","statusCode":200,"elapsedMs":74}
{"component":"player-command","phase":"request","correlationId":"8591ab77-b4be-4367-b5a7-9b867767efe3"}
{"component":"player-command","phase":"authorization","correlationId":"8591ab77-b4be-4367-b5a7-9b867767efe3","outcome":"allowed"}
{"component":"player-command","phase":"response","correlationId":"8591ab77-b4be-4367-b5a7-9b867767efe3","statusCode":200,"elapsedMs":67}
{"component":"player-command","phase":"request","correlationId":"9dec9f7c-a694-4e6d-bea1-68e5a8dc1808"}
{"component":"player-command","phase":"authorization","correlationId":"9dec9f7c-a694-4e6d-bea1-68e5a8dc1808","outcome":"allowed"}
{"component":"player-command","phase":"command","correlationId":"9dec9f7c-a694-4e6d-bea1-68e5a8dc1808"}
{"component":"player-command","phase":"mutation","correlationId":"9dec9f7c-a694-4e6d-bea1-68e5a8dc1808","outcome":"completed","replayed":false}
{"component":"player-command","phase":"request","correlationId":"02a8702f-cd99-440c-af33-30fd0f1fb23d"}
{"component":"player-command","phase":"authorization","correlationId":"02a8702f-cd99-440c-af33-30fd0f1fb23d","outcome":"allowed"}
{"component":"player-command","phase":"consequence","correlationId":"9dec9f7c-a694-4e6d-bea1-68e5a8dc1808","replayed":false,"changes":3}
{"component":"player-command","phase":"opportunity","correlationId":"9dec9f7c-a694-4e6d-bea1-68e5a8dc1808","replayed":false,"changes":2}
{"component":"player-command","phase":"response","correlationId":"9dec9f7c-a694-4e6d-bea1-68e5a8dc1808","statusCode":200,"elapsedMs":181}
{"component":"player-command","phase":"request","correlationId":"bd130585-eb9e-40f9-b4cf-7013c2d8c712"}
{"component":"player-command","phase":"authorization","correlationId":"bd130585-eb9e-40f9-b4cf-7013c2d8c712","outcome":"allowed"}
{"component":"player-command","phase":"response","correlationId":"02a8702f-cd99-440c-af33-30fd0f1fb23d","statusCode":200,"elapsedMs":115}
{"component":"player-command","phase":"response","correlationId":"bd130585-eb9e-40f9-b4cf-7013c2d8c712","statusCode":200,"elapsedMs":91}
{"component":"player-command","phase":"request","correlationId":"103a370a-181e-4b91-9847-44056a35dd91"}
{"component":"player-command","phase":"authorization","correlationId":"103a370a-181e-4b91-9847-44056a35dd91","outcome":"allowed"}
{"component":"player-command","phase":"response","correlationId":"103a370a-181e-4b91-9847-44056a35dd91","statusCode":200,"elapsedMs":76}
{"component":"player-command","phase":"request","correlationId":"05dac0d3-0a84-46a3-b553-e2762dd21b61"}
{"component":"player-command","phase":"authorization","correlationId":"05dac0d3-0a84-46a3-b553-e2762dd21b61","outcome":"allowed"}
{"component":"player-command","phase":"response","correlationId":"05dac0d3-0a84-46a3-b553-e2762dd21b61","statusCode":200,"elapsedMs":67}
{"component":"player-command","phase":"request","correlationId":"5335cac7-d12c-408b-acf2-8a3efc328370"}
{"component":"player-command","phase":"authorization","correlationId":"5335cac7-d12c-408b-acf2-8a3efc328370","outcome":"allowed"}
{"component":"player-command","phase":"response","correlationId":"5335cac7-d12c-408b-acf2-8a3efc328370","statusCode":200,"elapsedMs":65}
{"component":"player-command","phase":"request","correlationId":"2cfa707d-182d-4ede-91e4-95bc5d4da0f4"}
{"component":"player-command","phase":"authorization","correlationId":"2cfa707d-182d-4ede-91e4-95bc5d4da0f4","outcome":"allowed"}
{"component":"player-command","phase":"command","correlationId":"2cfa707d-182d-4ede-91e4-95bc5d4da0f4"}
{"component":"player-command","phase":"mutation","correlationId":"2cfa707d-182d-4ede-91e4-95bc5d4da0f4","outcome":"completed","replayed":false}
{"component":"player-command","phase":"request","correlationId":"1ac4a727-aca9-414a-8b7c-ad6a44a09a73"}
{"component":"player-command","phase":"authorization","correlationId":"1ac4a727-aca9-414a-8b7c-ad6a44a09a73","outcome":"allowed"}
{"component":"player-command","phase":"consequence","correlationId":"2cfa707d-182d-4ede-91e4-95bc5d4da0f4","replayed":false,"changes":5}
{"component":"player-command","phase":"opportunity","correlationId":"2cfa707d-182d-4ede-91e4-95bc5d4da0f4","replayed":false,"changes":2}
{"component":"player-command","phase":"response","correlationId":"2cfa707d-182d-4ede-91e4-95bc5d4da0f4","statusCode":200,"elapsedMs":202}
{"component":"player-command","phase":"response","correlationId":"1ac4a727-aca9-414a-8b7c-ad6a44a09a73","statusCode":200,"elapsedMs":112}
{"component":"player-command","phase":"request","correlationId":"750ad85f-7a6a-489b-826e-a074716b3ecf"}
{"component":"player-command","phase":"authorization","correlationId":"750ad85f-7a6a-489b-826e-a074716b3ecf","outcome":"allowed"}
{"component":"player-command","phase":"response","correlationId":"750ad85f-7a6a-489b-826e-a074716b3ecf","statusCode":200,"elapsedMs":77}
{"component":"player-command","phase":"request","correlationId":"dfcecfbe-67b4-4eee-a495-af71e088b7be"}
{"component":"player-command","phase":"authorization","correlationId":"dfcecfbe-67b4-4eee-a495-af71e088b7be","outcome":"allowed"}
{"component":"player-command","phase":"response","correlationId":"dfcecfbe-67b4-4eee-a495-af71e088b7be","statusCode":200,"elapsedMs":72}
{"component":"player-command","phase":"request","correlationId":"34e013ed-27a1-4fd4-9b6d-364ed2862c39"}
{"component":"player-command","phase":"authorization","correlationId":"34e013ed-27a1-4fd4-9b6d-364ed2862c39","outcome":"allowed"}
{"component":"player-command","phase":"response","correlationId":"34e013ed-27a1-4fd4-9b6d-364ed2862c39","statusCode":200,"elapsedMs":67}
{"component":"player-command","phase":"request","correlationId":"ff336904-6d60-473f-ba9a-2d6dd3c849b9"}
{"component":"player-command","phase":"authorization","correlationId":"ff336904-6d60-473f-ba9a-2d6dd3c849b9","outcome":"allowed"}
{"component":"player-command","phase":"command","correlationId":"ff336904-6d60-473f-ba9a-2d6dd3c849b9"}
{"component":"player-command","phase":"mutation","correlationId":"ff336904-6d60-473f-ba9a-2d6dd3c849b9","outcome":"completed","replayed":false}
{"component":"player-command","phase":"request","correlationId":"f2e44ead-dc33-4d00-9607-b17f34fdd969"}
{"component":"player-command","phase":"authorization","correlationId":"f2e44ead-dc33-4d00-9607-b17f34fdd969","outcome":"allowed"}
{"component":"player-command","phase":"consequence","correlationId":"ff336904-6d60-473f-ba9a-2d6dd3c849b9","replayed":false,"changes":1}
{"component":"player-command","phase":"opportunity","correlationId":"ff336904-6d60-473f-ba9a-2d6dd3c849b9","replayed":false,"changes":0}
{"component":"player-command","phase":"response","correlationId":"ff336904-6d60-473f-ba9a-2d6dd3c849b9","statusCode":200,"elapsedMs":160}
{"component":"player-command","phase":"response","correlationId":"f2e44ead-dc33-4d00-9607-b17f34fdd969","statusCode":200,"elapsedMs":85}
{"component":"player-command","phase":"request","correlationId":"ae4ded57-8f30-44c8-905c-b4fbd7d55a37"}
{"component":"player-command","phase":"authorization","correlationId":"ae4ded57-8f30-44c8-905c-b4fbd7d55a37","outcome":"allowed"}
{"component":"player-command","phase":"response","correlationId":"ae4ded57-8f30-44c8-905c-b4fbd7d55a37","statusCode":200,"elapsedMs":59}
{"component":"player-command","phase":"request","correlationId":"2ce105a7-0e16-44c4-be2b-c70765e00957"}
{"component":"player-command","phase":"authorization","correlationId":"2ce105a7-0e16-44c4-be2b-c70765e00957","outcome":"allowed"}
{"component":"player-command","phase":"response","correlationId":"2ce105a7-0e16-44c4-be2b-c70765e00957","statusCode":200,"elapsedMs":64}
{"component":"player-command","phase":"request","correlationId":"0fefdb8c-0a60-46d9-a747-56460e9b4078"}
{"component":"player-command","phase":"authorization","correlationId":"0fefdb8c-0a60-46d9-a747-56460e9b4078","outcome":"allowed"}
{"component":"player-command","phase":"response","correlationId":"0fefdb8c-0a60-46d9-a747-56460e9b4078","statusCode":200,"elapsedMs":64}
{"component":"player-command","phase":"request","correlationId":"6f699acb-be0d-4a20-ad23-a5dcdb61fd45"}
{"component":"player-command","phase":"authorization","correlationId":"6f699acb-be0d-4a20-ad23-a5dcdb61fd45","outcome":"allowed"}
{"component":"player-command","phase":"command","correlationId":"6f699acb-be0d-4a20-ad23-a5dcdb61fd45"}
{"component":"player-command","phase":"mutation","correlationId":"6f699acb-be0d-4a20-ad23-a5dcdb61fd45","outcome":"completed","replayed":false}
{"component":"player-command","phase":"request","correlationId":"44ed893c-358e-4725-bf7c-b67238d43ced"}
{"component":"player-command","phase":"authorization","correlationId":"44ed893c-358e-4725-bf7c-b67238d43ced","outcome":"allowed"}
{"component":"player-command","phase":"consequence","correlationId":"6f699acb-be0d-4a20-ad23-a5dcdb61fd45","replayed":false,"changes":2}
{"component":"player-command","phase":"opportunity","correlationId":"6f699acb-be0d-4a20-ad23-a5dcdb61fd45","replayed":false,"changes":0}
{"component":"player-command","phase":"response","correlationId":"6f699acb-be0d-4a20-ad23-a5dcdb61fd45","statusCode":200,"elapsedMs":170}
{"component":"player-command","phase":"request","correlationId":"9b456e0c-6425-40ba-8806-d1335db7e190"}
{"component":"player-command","phase":"authorization","correlationId":"9b456e0c-6425-40ba-8806-d1335db7e190","outcome":"allowed"}
{"component":"player-command","phase":"response","correlationId":"44ed893c-358e-4725-bf7c-b67238d43ced","statusCode":200,"elapsedMs":114}
{"component":"player-command","phase":"response","correlationId":"9b456e0c-6425-40ba-8806-d1335db7e190","statusCode":200,"elapsedMs":76}
{"component":"player-command","phase":"request","correlationId":"e0fe9c3e-2a80-403a-953d-b2c696b5bebe"}
{"component":"player-command","phase":"authorization","correlationId":"e0fe9c3e-2a80-403a-953d-b2c696b5bebe","outcome":"allowed"}
{"component":"player-command","phase":"response","correlationId":"e0fe9c3e-2a80-403a-953d-b2c696b5bebe","statusCode":200,"elapsedMs":60}
{"component":"player-command","phase":"request","correlationId":"57b91bac-dd76-45b4-8038-c6ac55cdd7d1"}
{"component":"player-command","phase":"authorization","correlationId":"57b91bac-dd76-45b4-8038-c6ac55cdd7d1","outcome":"allowed"}
{"component":"player-command","phase":"response","correlationId":"57b91bac-dd76-45b4-8038-c6ac55cdd7d1","statusCode":200,"elapsedMs":77}
{"component":"player-command","phase":"request","correlationId":"7b6f58d1-9fa1-45c7-9992-c8df24837825"}
{"component":"player-command","phase":"authorization","correlationId":"7b6f58d1-9fa1-45c7-9992-c8df24837825","outcome":"allowed"}
{"component":"player-command","phase":"command","correlationId":"7b6f58d1-9fa1-45c7-9992-c8df24837825"}
{"component":"player-command","phase":"mutation","correlationId":"7b6f58d1-9fa1-45c7-9992-c8df24837825","outcome":"completed","replayed":false}
{"component":"player-command","phase":"request","correlationId":"6c26c685-f1fd-42fb-aec7-f5f92d73a626"}
{"component":"player-command","phase":"authorization","correlationId":"6c26c685-f1fd-42fb-aec7-f5f92d73a626","outcome":"allowed"}
{"component":"player-command","phase":"response","correlationId":"6c26c685-f1fd-42fb-aec7-f5f92d73a626","statusCode":200,"elapsedMs":63}
{"component":"player-command","phase":"consequence","correlationId":"7b6f58d1-9fa1-45c7-9992-c8df24837825","replayed":false,"changes":1}
{"component":"player-command","phase":"opportunity","correlationId":"7b6f58d1-9fa1-45c7-9992-c8df24837825","replayed":false,"changes":0}
{"component":"player-command","phase":"response","correlationId":"7b6f58d1-9fa1-45c7-9992-c8df24837825","statusCode":200,"elapsedMs":170}
{"component":"player-command","phase":"request","correlationId":"9f0a6f19-9cfd-44f7-8632-48546b571931"}
{"component":"player-command","phase":"authorization","correlationId":"9f0a6f19-9cfd-44f7-8632-48546b571931","outcome":"allowed"}
{"component":"player-command","phase":"response","correlationId":"9f0a6f19-9cfd-44f7-8632-48546b571931","statusCode":200,"elapsedMs":80}
{"component":"player-command","phase":"request","correlationId":"ee0ce776-3dba-4f91-83f8-d0e2424b7715"}
{"component":"player-command","phase":"authorization","correlationId":"ee0ce776-3dba-4f91-83f8-d0e2424b7715","outcome":"allowed"}
{"component":"player-command","phase":"response","correlationId":"ee0ce776-3dba-4f91-83f8-d0e2424b7715","statusCode":200,"elapsedMs":68}
{"component":"player-command","phase":"request","correlationId":"06d06cf5-98d4-4a4b-89c3-3fa36fc2fb57"}
{"component":"player-command","phase":"authorization","correlationId":"06d06cf5-98d4-4a4b-89c3-3fa36fc2fb57","outcome":"allowed"}
{"component":"player-command","phase":"response","correlationId":"06d06cf5-98d4-4a4b-89c3-3fa36fc2fb57","statusCode":200,"elapsedMs":70}
{"component":"player-command","phase":"request","correlationId":"94e3804f-111a-4a68-9e75-7ba117df7e63"}
{"component":"player-command","phase":"authorization","correlationId":"94e3804f-111a-4a68-9e75-7ba117df7e63","outcome":"allowed"}
{"component":"player-command","phase":"response","correlationId":"94e3804f-111a-4a68-9e75-7ba117df7e63","statusCode":200,"elapsedMs":69}
{"component":"player-command","phase":"request","correlationId":"7b4731d3-15e0-4ecd-a9a3-1170fe672fa7"}
{"component":"player-command","phase":"authorization","correlationId":"7b4731d3-15e0-4ecd-a9a3-1170fe672fa7","outcome":"allowed"}
{"component":"player-command","phase":"command","correlationId":"7b4731d3-15e0-4ecd-a9a3-1170fe672fa7"}
{"component":"player-command","phase":"mutation","correlationId":"7b4731d3-15e0-4ecd-a9a3-1170fe672fa7","outcome":"completed","replayed":false}
{"component":"player-command","phase":"request","correlationId":"f39ec20f-51c0-4e41-8365-0cb7c7e89d95"}
{"component":"player-command","phase":"request","correlationId":"f3d81c76-af0f-4449-b936-ad13b25eb6dd"}
{"component":"player-command","phase":"request","correlationId":"96c4308b-f83f-4ef0-ac02-f69556c72572"}
{"component":"player-command","phase":"authorization","correlationId":"f39ec20f-51c0-4e41-8365-0cb7c7e89d95","outcome":"allowed"}
{"component":"player-command","phase":"authorization","correlationId":"f3d81c76-af0f-4449-b936-ad13b25eb6dd","outcome":"allowed"}
{"component":"player-command","phase":"authorization","correlationId":"96c4308b-f83f-4ef0-ac02-f69556c72572","outcome":"allowed"}
{"component":"player-command","phase":"response","correlationId":"96c4308b-f83f-4ef0-ac02-f69556c72572","statusCode":200,"elapsedMs":79}
{"component":"player-command","phase":"response","correlationId":"f3d81c76-af0f-4449-b936-ad13b25eb6dd","statusCode":200,"elapsedMs":82}
{"component":"player-command","phase":"request","correlationId":"0b12394d-4fad-46cc-b8db-ebcceb08fccb"}
{"component":"player-command","phase":"authorization","correlationId":"0b12394d-4fad-46cc-b8db-ebcceb08fccb","outcome":"allowed"}
{"component":"player-command","phase":"consequence","correlationId":"7b4731d3-15e0-4ecd-a9a3-1170fe672fa7","replayed":false,"changes":20}
{"component":"player-command","phase":"opportunity","correlationId":"7b4731d3-15e0-4ecd-a9a3-1170fe672fa7","replayed":false,"changes":18}
{"component":"player-command","phase":"response","correlationId":"f39ec20f-51c0-4e41-8365-0cb7c7e89d95","statusCode":200,"elapsedMs":123}
{"component":"player-command","phase":"response","correlationId":"7b4731d3-15e0-4ecd-a9a3-1170fe672fa7","statusCode":200,"elapsedMs":227}
{"component":"player-command","phase":"request","correlationId":"33d6ff26-c4f3-496a-a031-2d9f86dd51f3"}
{"component":"player-command","phase":"authorization","correlationId":"33d6ff26-c4f3-496a-a031-2d9f86dd51f3","outcome":"allowed"}
{"component":"player-command","phase":"response","correlationId":"0b12394d-4fad-46cc-b8db-ebcceb08fccb","statusCode":200,"elapsedMs":97}
{"component":"player-command","phase":"response","correlationId":"33d6ff26-c4f3-496a-a031-2d9f86dd51f3","statusCode":200,"elapsedMs":77}
{"component":"player-command","phase":"request","correlationId":"c8824214-2609-497b-9643-6803672d6061"}
{"component":"player-command","phase":"authorization","correlationId":"c8824214-2609-497b-9643-6803672d6061","outcome":"allowed"}
{"component":"player-command","phase":"response","correlationId":"c8824214-2609-497b-9643-6803672d6061","statusCode":200,"elapsedMs":64}
PASS 390px black-market-seizure: 59 rendered commands
⚠️  preflight: Neither PUBLIC_URL nor SOCIAL_GAME_URL is set — every referral link, share prompt and social card will point at the built-in default domain, not yours. Set PUBLIC_URL to this server's own origin (it is also what one-click X sign-in derives its callback from).
⚠️  preflight: INVARIANT_WEBHOOK_URL is not set — the §10.4 economy-drift, backup-failure, oracle-halt and real-value-invariant alarms have nowhere to shout and reach only a log line. Set it (a Slack/Discord webhook) on BOTH processes: the worker fires most alarms, and the API is the only one that can page when the WORKER is dead.
[db] Postgres ready — column migration ran 2956 ADD COLUMN IF NOT EXISTS statements.
{"component":"player-command","phase":"request","correlationId":"e37ddedb-fc8d-45ab-b5bf-c67332c43738"}
{"component":"player-command","phase":"authorization","correlationId":"e37ddedb-fc8d-45ab-b5bf-c67332c43738","outcome":"allowed"}
{"component":"player-command","phase":"response","correlationId":"e37ddedb-fc8d-45ab-b5bf-c67332c43738","statusCode":200,"elapsedMs":100}
{"component":"player-command","phase":"request","correlationId":"0cab8c3c-ce26-4d9a-a8f8-316f047848f3"}
{"component":"player-command","phase":"authorization","correlationId":"0cab8c3c-ce26-4d9a-a8f8-316f047848f3","outcome":"allowed"}
{"component":"player-command","phase":"response","correlationId":"0cab8c3c-ce26-4d9a-a8f8-316f047848f3","statusCode":200,"elapsedMs":34}
{"component":"player-command","phase":"request","correlationId":"c3201ee0-06be-4cf7-ad2e-ab2e39cdceb7"}
{"component":"player-command","phase":"authorization","correlationId":"c3201ee0-06be-4cf7-ad2e-ab2e39cdceb7","outcome":"allowed"}
{"component":"player-command","phase":"response","correlationId":"c3201ee0-06be-4cf7-ad2e-ab2e39cdceb7","statusCode":200,"elapsedMs":35}
{"component":"player-command","phase":"request","correlationId":"ce039814-aad3-4c6e-aaa5-3b824612bc48"}
{"component":"player-command","phase":"authorization","correlationId":"ce039814-aad3-4c6e-aaa5-3b824612bc48","outcome":"allowed"}
{"component":"player-command","phase":"response","correlationId":"ce039814-aad3-4c6e-aaa5-3b824612bc48","statusCode":200,"elapsedMs":38}
{"component":"player-command","phase":"request","correlationId":"6c9a312b-331a-437c-9b7d-25062a7257e2"}
{"component":"player-command","phase":"authorization","correlationId":"6c9a312b-331a-437c-9b7d-25062a7257e2","outcome":"allowed"}
{"component":"player-command","phase":"command","correlationId":"6c9a312b-331a-437c-9b7d-25062a7257e2"}
{"component":"player-command","phase":"mutation","correlationId":"6c9a312b-331a-437c-9b7d-25062a7257e2","outcome":"completed","replayed":false}
{"component":"player-command","phase":"consequence","correlationId":"6c9a312b-331a-437c-9b7d-25062a7257e2","replayed":false,"changes":2}
{"component":"player-command","phase":"opportunity","correlationId":"6c9a312b-331a-437c-9b7d-25062a7257e2","replayed":false,"changes":2}
{"component":"player-command","phase":"response","correlationId":"6c9a312b-331a-437c-9b7d-25062a7257e2","statusCode":200,"elapsedMs":155}
{"component":"player-command","phase":"request","correlationId":"89ecc3f2-86ed-4b4b-82a4-a6d475eeb08e"}
{"component":"player-command","phase":"authorization","correlationId":"89ecc3f2-86ed-4b4b-82a4-a6d475eeb08e","outcome":"allowed"}
{"component":"player-command","phase":"response","correlationId":"89ecc3f2-86ed-4b4b-82a4-a6d475eeb08e","statusCode":200,"elapsedMs":39}
{"component":"player-command","phase":"request","correlationId":"529a72dd-3ed4-448c-9608-6b95d4f0c93a"}
{"component":"player-command","phase":"authorization","correlationId":"529a72dd-3ed4-448c-9608-6b95d4f0c93a","outcome":"allowed"}
{"component":"player-command","phase":"response","correlationId":"529a72dd-3ed4-448c-9608-6b95d4f0c93a","statusCode":200,"elapsedMs":39}
{"component":"player-command","phase":"request","correlationId":"058462b2-8a33-4020-bdb9-73324d4d3e77"}
{"component":"player-command","phase":"authorization","correlationId":"058462b2-8a33-4020-bdb9-73324d4d3e77","outcome":"allowed"}
{"component":"player-command","phase":"response","correlationId":"058462b2-8a33-4020-bdb9-73324d4d3e77","statusCode":200,"elapsedMs":40}
{"component":"player-command","phase":"request","correlationId":"5d959fcd-2fc3-444d-b9ab-87aabcb77096"}
{"component":"player-command","phase":"authorization","correlationId":"5d959fcd-2fc3-444d-b9ab-87aabcb77096","outcome":"allowed"}
{"component":"player-command","phase":"response","correlationId":"5d959fcd-2fc3-444d-b9ab-87aabcb77096","statusCode":200,"elapsedMs":36}
{"component":"player-command","phase":"request","correlationId":"de08bec4-64eb-4f3e-b97c-20ca5e45922f"}
{"component":"player-command","phase":"authorization","correlationId":"de08bec4-64eb-4f3e-b97c-20ca5e45922f","outcome":"allowed"}
{"component":"player-command","phase":"command","correlationId":"de08bec4-64eb-4f3e-b97c-20ca5e45922f"}
{"component":"player-command","phase":"mutation","correlationId":"de08bec4-64eb-4f3e-b97c-20ca5e45922f","outcome":"completed","replayed":false}
{"component":"player-command","phase":"consequence","correlationId":"de08bec4-64eb-4f3e-b97c-20ca5e45922f","replayed":false,"changes":2}
{"component":"player-command","phase":"opportunity","correlationId":"de08bec4-64eb-4f3e-b97c-20ca5e45922f","replayed":false,"changes":2}
{"component":"player-command","phase":"response","correlationId":"de08bec4-64eb-4f3e-b97c-20ca5e45922f","statusCode":200,"elapsedMs":83}
{"component":"player-command","phase":"request","correlationId":"a5737dc1-c561-40ba-bf3d-824c0531d23f"}
{"component":"player-command","phase":"authorization","correlationId":"a5737dc1-c561-40ba-bf3d-824c0531d23f","outcome":"allowed"}
{"component":"player-command","phase":"response","correlationId":"a5737dc1-c561-40ba-bf3d-824c0531d23f","statusCode":200,"elapsedMs":40}
{"component":"player-command","phase":"request","correlationId":"48a407ca-edfe-4b66-9e3d-df34e50d5504"}
{"component":"player-command","phase":"authorization","correlationId":"48a407ca-edfe-4b66-9e3d-df34e50d5504","outcome":"allowed"}
{"component":"player-command","phase":"response","correlationId":"48a407ca-edfe-4b66-9e3d-df34e50d5504","statusCode":200,"elapsedMs":43}
{"component":"player-command","phase":"request","correlationId":"a4af1dd9-17d3-42d5-aa49-46e8abefb25a"}
{"component":"player-command","phase":"authorization","correlationId":"a4af1dd9-17d3-42d5-aa49-46e8abefb25a","outcome":"allowed"}
{"component":"player-command","phase":"response","correlationId":"a4af1dd9-17d3-42d5-aa49-46e8abefb25a","statusCode":200,"elapsedMs":40}
{"component":"player-command","phase":"request","correlationId":"ce2d9b38-ce21-4871-a0fd-af8e2aa6515d"}
{"component":"player-command","phase":"authorization","correlationId":"ce2d9b38-ce21-4871-a0fd-af8e2aa6515d","outcome":"allowed"}
{"component":"player-command","phase":"response","correlationId":"ce2d9b38-ce21-4871-a0fd-af8e2aa6515d","statusCode":200,"elapsedMs":36}
{"component":"player-command","phase":"request","correlationId":"144b4de6-5566-462e-9404-1c4509ab53be"}
{"component":"player-command","phase":"authorization","correlationId":"144b4de6-5566-462e-9404-1c4509ab53be","outcome":"allowed"}
{"component":"player-command","phase":"command","correlationId":"144b4de6-5566-462e-9404-1c4509ab53be"}
{"component":"player-command","phase":"mutation","correlationId":"144b4de6-5566-462e-9404-1c4509ab53be","outcome":"completed","replayed":false}
{"component":"player-command","phase":"consequence","correlationId":"144b4de6-5566-462e-9404-1c4509ab53be","replayed":false,"changes":16}
{"component":"player-command","phase":"opportunity","correlationId":"144b4de6-5566-462e-9404-1c4509ab53be","replayed":false,"changes":13}
{"component":"player-command","phase":"response","correlationId":"144b4de6-5566-462e-9404-1c4509ab53be","statusCode":200,"elapsedMs":103}
{"component":"player-command","phase":"request","correlationId":"33562657-8f57-4847-ba36-7f4e95885b30"}
{"component":"player-command","phase":"authorization","correlationId":"33562657-8f57-4847-ba36-7f4e95885b30","outcome":"allowed"}
{"component":"player-command","phase":"response","correlationId":"33562657-8f57-4847-ba36-7f4e95885b30","statusCode":200,"elapsedMs":47}
{"component":"player-command","phase":"request","correlationId":"050f89a0-aa4a-4f6f-81e6-7190c6c22204"}
{"component":"player-command","phase":"authorization","correlationId":"050f89a0-aa4a-4f6f-81e6-7190c6c22204","outcome":"allowed"}
{"component":"player-command","phase":"response","correlationId":"050f89a0-aa4a-4f6f-81e6-7190c6c22204","statusCode":200,"elapsedMs":40}
{"component":"player-command","phase":"request","correlationId":"91bf92c0-f4c6-4f5c-9b29-350c1e7826b1"}
{"component":"player-command","phase":"authorization","correlationId":"91bf92c0-f4c6-4f5c-9b29-350c1e7826b1","outcome":"allowed"}
{"component":"player-command","phase":"response","correlationId":"91bf92c0-f4c6-4f5c-9b29-350c1e7826b1","statusCode":200,"elapsedMs":43}
{"component":"player-command","phase":"request","correlationId":"255a919a-46db-4fb4-a6a7-ae23dc7ed66d"}
{"component":"player-command","phase":"authorization","correlationId":"255a919a-46db-4fb4-a6a7-ae23dc7ed66d","outcome":"allowed"}
{"component":"player-command","phase":"response","correlationId":"255a919a-46db-4fb4-a6a7-ae23dc7ed66d","statusCode":200,"elapsedMs":45}
{"component":"player-command","phase":"request","correlationId":"9c8cb3a1-8e34-4c80-aa12-55ba900b8db1"}
{"component":"player-command","phase":"authorization","correlationId":"9c8cb3a1-8e34-4c80-aa12-55ba900b8db1","outcome":"allowed"}
{"component":"player-command","phase":"command","correlationId":"9c8cb3a1-8e34-4c80-aa12-55ba900b8db1"}
{"component":"player-command","phase":"mutation","correlationId":"9c8cb3a1-8e34-4c80-aa12-55ba900b8db1","outcome":"completed","replayed":false}
{"component":"player-command","phase":"consequence","correlationId":"9c8cb3a1-8e34-4c80-aa12-55ba900b8db1","replayed":false,"changes":2}
{"component":"player-command","phase":"opportunity","correlationId":"9c8cb3a1-8e34-4c80-aa12-55ba900b8db1","replayed":false,"changes":2}
{"component":"player-command","phase":"response","correlationId":"9c8cb3a1-8e34-4c80-aa12-55ba900b8db1","statusCode":200,"elapsedMs":96}
{"component":"player-command","phase":"request","correlationId":"63fdea70-9672-4f04-a273-c30e200c422f"}
{"component":"player-command","phase":"authorization","correlationId":"63fdea70-9672-4f04-a273-c30e200c422f","outcome":"allowed"}
{"component":"player-command","phase":"response","correlationId":"63fdea70-9672-4f04-a273-c30e200c422f","statusCode":200,"elapsedMs":46}
{"component":"player-command","phase":"request","correlationId":"09f6987b-b2c7-427e-910c-66d53632a4f9"}
{"component":"player-command","phase":"authorization","correlationId":"09f6987b-b2c7-427e-910c-66d53632a4f9","outcome":"allowed"}
{"component":"player-command","phase":"response","correlationId":"09f6987b-b2c7-427e-910c-66d53632a4f9","statusCode":200,"elapsedMs":43}
{"component":"player-command","phase":"request","correlationId":"0d8b2fb0-886f-400a-be28-ec483e72ceee"}
{"component":"player-command","phase":"authorization","correlationId":"0d8b2fb0-886f-400a-be28-ec483e72ceee","outcome":"allowed"}
{"component":"player-command","phase":"response","correlationId":"0d8b2fb0-886f-400a-be28-ec483e72ceee","statusCode":200,"elapsedMs":42}
{"component":"player-command","phase":"request","correlationId":"b5bed6fc-7563-42ad-989d-d7621ddfa8b1"}
{"component":"player-command","phase":"authorization","correlationId":"b5bed6fc-7563-42ad-989d-d7621ddfa8b1","outcome":"allowed"}
{"component":"player-command","phase":"response","correlationId":"b5bed6fc-7563-42ad-989d-d7621ddfa8b1","statusCode":200,"elapsedMs":43}
{"component":"player-command","phase":"request","correlationId":"1bf0c0f4-3532-4f3f-a69c-193841e083b9"}
{"component":"player-command","phase":"authorization","correlationId":"1bf0c0f4-3532-4f3f-a69c-193841e083b9","outcome":"allowed"}
{"component":"player-command","phase":"command","correlationId":"1bf0c0f4-3532-4f3f-a69c-193841e083b9"}
{"component":"player-command","phase":"mutation","correlationId":"1bf0c0f4-3532-4f3f-a69c-193841e083b9","outcome":"completed","replayed":false}
{"component":"player-command","phase":"consequence","correlationId":"1bf0c0f4-3532-4f3f-a69c-193841e083b9","replayed":false,"changes":2}
{"component":"player-command","phase":"opportunity","correlationId":"1bf0c0f4-3532-4f3f-a69c-193841e083b9","replayed":false,"changes":2}
{"component":"player-command","phase":"response","correlationId":"1bf0c0f4-3532-4f3f-a69c-193841e083b9","statusCode":200,"elapsedMs":89}
{"component":"player-command","phase":"request","correlationId":"2a9f391f-635a-4fbb-80b3-9419bb58ec09"}
{"component":"player-command","phase":"authorization","correlationId":"2a9f391f-635a-4fbb-80b3-9419bb58ec09","outcome":"allowed"}
{"component":"player-command","phase":"response","correlationId":"2a9f391f-635a-4fbb-80b3-9419bb58ec09","statusCode":200,"elapsedMs":50}
{"component":"player-command","phase":"request","correlationId":"afaa3366-756b-4a6c-b06e-eec4ded72508"}
{"component":"player-command","phase":"authorization","correlationId":"afaa3366-756b-4a6c-b06e-eec4ded72508","outcome":"allowed"}
{"component":"player-command","phase":"response","correlationId":"afaa3366-756b-4a6c-b06e-eec4ded72508","statusCode":200,"elapsedMs":40}
{"component":"player-command","phase":"request","correlationId":"6c13fb70-b533-4274-9f09-eacc190cc1bf"}
{"component":"player-command","phase":"authorization","correlationId":"6c13fb70-b533-4274-9f09-eacc190cc1bf","outcome":"allowed"}
{"component":"player-command","phase":"response","correlationId":"6c13fb70-b533-4274-9f09-eacc190cc1bf","statusCode":200,"elapsedMs":42}
{"component":"player-command","phase":"request","correlationId":"44ddc33d-45f3-4b17-9720-47759728103f"}
{"component":"player-command","phase":"authorization","correlationId":"44ddc33d-45f3-4b17-9720-47759728103f","outcome":"allowed"}
{"component":"player-command","phase":"response","correlationId":"44ddc33d-45f3-4b17-9720-47759728103f","statusCode":200,"elapsedMs":46}
{"component":"player-command","phase":"request","correlationId":"7d1c74e8-7c65-483e-a4a6-a1e5ebe56add"}
{"component":"player-command","phase":"authorization","correlationId":"7d1c74e8-7c65-483e-a4a6-a1e5ebe56add","outcome":"allowed"}
{"component":"player-command","phase":"command","correlationId":"7d1c74e8-7c65-483e-a4a6-a1e5ebe56add"}
{"component":"player-command","phase":"mutation","correlationId":"7d1c74e8-7c65-483e-a4a6-a1e5ebe56add","outcome":"completed","replayed":false}
{"component":"player-command","phase":"consequence","correlationId":"7d1c74e8-7c65-483e-a4a6-a1e5ebe56add","replayed":false,"changes":1}
{"component":"player-command","phase":"opportunity","correlationId":"7d1c74e8-7c65-483e-a4a6-a1e5ebe56add","replayed":false,"changes":1}
{"component":"player-command","phase":"response","correlationId":"7d1c74e8-7c65-483e-a4a6-a1e5ebe56add","statusCode":200,"elapsedMs":100}
{"component":"player-command","phase":"request","correlationId":"e8908637-8bfa-4e84-ac24-4d03ec7b1181"}
{"component":"player-command","phase":"authorization","correlationId":"e8908637-8bfa-4e84-ac24-4d03ec7b1181","outcome":"allowed"}
{"component":"player-command","phase":"response","correlationId":"e8908637-8bfa-4e84-ac24-4d03ec7b1181","statusCode":200,"elapsedMs":44}
{"component":"player-command","phase":"request","correlationId":"4e2cbaa0-4a82-48d1-9791-626f9611fcae"}
{"component":"player-command","phase":"authorization","correlationId":"4e2cbaa0-4a82-48d1-9791-626f9611fcae","outcome":"allowed"}
{"component":"player-command","phase":"response","correlationId":"4e2cbaa0-4a82-48d1-9791-626f9611fcae","statusCode":200,"elapsedMs":42}
{"component":"player-command","phase":"request","correlationId":"63610c5e-5ffe-41e7-9d62-5d1b60fc909b"}
{"component":"player-command","phase":"authorization","correlationId":"63610c5e-5ffe-41e7-9d62-5d1b60fc909b","outcome":"allowed"}
{"component":"player-command","phase":"response","correlationId":"63610c5e-5ffe-41e7-9d62-5d1b60fc909b","statusCode":200,"elapsedMs":43}
{"component":"player-command","phase":"request","correlationId":"187af71f-155c-49f4-8b9d-ce6808f8c0c4"}
{"component":"player-command","phase":"authorization","correlationId":"187af71f-155c-49f4-8b9d-ce6808f8c0c4","outcome":"allowed"}
{"component":"player-command","phase":"response","correlationId":"187af71f-155c-49f4-8b9d-ce6808f8c0c4","statusCode":200,"elapsedMs":54}
{"component":"player-command","phase":"request","correlationId":"35479739-1eae-4d3f-9ce0-e6194c031d11"}
{"component":"player-command","phase":"authorization","correlationId":"35479739-1eae-4d3f-9ce0-e6194c031d11","outcome":"allowed"}
{"component":"player-command","phase":"response","correlationId":"35479739-1eae-4d3f-9ce0-e6194c031d11","statusCode":200,"elapsedMs":39}
{"component":"player-command","phase":"request","correlationId":"aaef2198-6859-4527-b09c-cc71b25227d9"}
{"component":"player-command","phase":"authorization","correlationId":"aaef2198-6859-4527-b09c-cc71b25227d9","outcome":"allowed"}
{"component":"player-command","phase":"response","correlationId":"aaef2198-6859-4527-b09c-cc71b25227d9","statusCode":200,"elapsedMs":34}
{"component":"player-command","phase":"request","correlationId":"87942f15-bbfd-4753-ac4f-30363c6e41d5"}
{"component":"player-command","phase":"authorization","correlationId":"87942f15-bbfd-4753-ac4f-30363c6e41d5","outcome":"allowed"}
{"component":"player-command","phase":"response","correlationId":"87942f15-bbfd-4753-ac4f-30363c6e41d5","statusCode":200,"elapsedMs":41}
{"component":"player-command","phase":"request","correlationId":"022386ab-bd5a-4ef3-8d8f-667e78a1a725"}
{"component":"player-command","phase":"authorization","correlationId":"022386ab-bd5a-4ef3-8d8f-667e78a1a725","outcome":"allowed"}
{"component":"player-command","phase":"command","correlationId":"022386ab-bd5a-4ef3-8d8f-667e78a1a725"}
{"component":"player-command","phase":"mutation","correlationId":"022386ab-bd5a-4ef3-8d8f-667e78a1a725","outcome":"completed","replayed":false}
{"component":"player-command","phase":"consequence","correlationId":"022386ab-bd5a-4ef3-8d8f-667e78a1a725","replayed":false,"changes":2}
{"component":"player-command","phase":"opportunity","correlationId":"022386ab-bd5a-4ef3-8d8f-667e78a1a725","replayed":false,"changes":2}
{"component":"player-command","phase":"response","correlationId":"022386ab-bd5a-4ef3-8d8f-667e78a1a725","statusCode":200,"elapsedMs":100}
{"component":"player-command","phase":"request","correlationId":"611a08dc-2049-4b2e-84e7-4ed838e71f40"}
{"component":"player-command","phase":"authorization","correlationId":"611a08dc-2049-4b2e-84e7-4ed838e71f40","outcome":"allowed"}
{"component":"player-command","phase":"response","correlationId":"611a08dc-2049-4b2e-84e7-4ed838e71f40","statusCode":200,"elapsedMs":40}
{"component":"player-command","phase":"request","correlationId":"94350822-b274-4a0e-9b32-b088b1142b0b"}
{"component":"player-command","phase":"authorization","correlationId":"94350822-b274-4a0e-9b32-b088b1142b0b","outcome":"allowed"}
{"component":"player-command","phase":"response","correlationId":"94350822-b274-4a0e-9b32-b088b1142b0b","statusCode":200,"elapsedMs":42}
{"component":"player-command","phase":"request","correlationId":"c6f81f8c-0f9b-4b2a-84fe-f911b98272cf"}
{"component":"player-command","phase":"authorization","correlationId":"c6f81f8c-0f9b-4b2a-84fe-f911b98272cf","outcome":"allowed"}
{"component":"player-command","phase":"response","correlationId":"c6f81f8c-0f9b-4b2a-84fe-f911b98272cf","statusCode":200,"elapsedMs":46}
{"component":"player-command","phase":"request","correlationId":"1be2a0fc-d305-4bff-8af3-cf9c070ea6fc"}
{"component":"player-command","phase":"authorization","correlationId":"1be2a0fc-d305-4bff-8af3-cf9c070ea6fc","outcome":"allowed"}
{"component":"player-command","phase":"response","correlationId":"1be2a0fc-d305-4bff-8af3-cf9c070ea6fc","statusCode":200,"elapsedMs":48}
{"component":"player-command","phase":"request","correlationId":"295ff9e5-cd3c-4905-b0b1-430b3b2cb28b"}
{"component":"player-command","phase":"authorization","correlationId":"295ff9e5-cd3c-4905-b0b1-430b3b2cb28b","outcome":"allowed"}
{"component":"player-command","phase":"command","correlationId":"295ff9e5-cd3c-4905-b0b1-430b3b2cb28b"}
{"component":"player-command","phase":"mutation","correlationId":"295ff9e5-cd3c-4905-b0b1-430b3b2cb28b","outcome":"completed","replayed":false}
{"component":"player-command","phase":"consequence","correlationId":"295ff9e5-cd3c-4905-b0b1-430b3b2cb28b","replayed":false,"changes":2}
{"component":"player-command","phase":"opportunity","correlationId":"295ff9e5-cd3c-4905-b0b1-430b3b2cb28b","replayed":false,"changes":2}
{"component":"player-command","phase":"response","correlationId":"295ff9e5-cd3c-4905-b0b1-430b3b2cb28b","statusCode":200,"elapsedMs":92}
{"component":"player-command","phase":"request","correlationId":"fc9448c6-a9b1-4815-9f52-f84603eb82f8"}
{"component":"player-command","phase":"authorization","correlationId":"fc9448c6-a9b1-4815-9f52-f84603eb82f8","outcome":"allowed"}
{"component":"player-command","phase":"response","correlationId":"fc9448c6-a9b1-4815-9f52-f84603eb82f8","statusCode":200,"elapsedMs":47}
{"component":"player-command","phase":"request","correlationId":"3bb46443-a706-45eb-b3e2-50087d6fb53f"}
{"component":"player-command","phase":"authorization","correlationId":"3bb46443-a706-45eb-b3e2-50087d6fb53f","outcome":"allowed"}
{"component":"player-command","phase":"response","correlationId":"3bb46443-a706-45eb-b3e2-50087d6fb53f","statusCode":200,"elapsedMs":47}
{"component":"player-command","phase":"request","correlationId":"93315969-380d-42d2-b733-d7448ea152b3"}
{"component":"player-command","phase":"authorization","correlationId":"93315969-380d-42d2-b733-d7448ea152b3","outcome":"allowed"}
{"component":"player-command","phase":"response","correlationId":"93315969-380d-42d2-b733-d7448ea152b3","statusCode":200,"elapsedMs":43}
{"component":"player-command","phase":"request","correlationId":"c2c641a0-9363-4584-8075-9d06a5911085"}
{"component":"player-command","phase":"authorization","correlationId":"c2c641a0-9363-4584-8075-9d06a5911085","outcome":"allowed"}
{"component":"player-command","phase":"response","correlationId":"c2c641a0-9363-4584-8075-9d06a5911085","statusCode":200,"elapsedMs":38}
{"component":"player-command","phase":"request","correlationId":"786dc447-cabe-46c8-8b0d-5d12ed96ffa2"}
{"component":"player-command","phase":"authorization","correlationId":"786dc447-cabe-46c8-8b0d-5d12ed96ffa2","outcome":"allowed"}
{"component":"player-command","phase":"command","correlationId":"786dc447-cabe-46c8-8b0d-5d12ed96ffa2"}
{"component":"player-command","phase":"mutation","correlationId":"786dc447-cabe-46c8-8b0d-5d12ed96ffa2","outcome":"completed","replayed":false}
{"component":"player-command","phase":"consequence","correlationId":"786dc447-cabe-46c8-8b0d-5d12ed96ffa2","replayed":false,"changes":16}
{"component":"player-command","phase":"opportunity","correlationId":"786dc447-cabe-46c8-8b0d-5d12ed96ffa2","replayed":false,"changes":13}
{"component":"player-command","phase":"response","correlationId":"786dc447-cabe-46c8-8b0d-5d12ed96ffa2","statusCode":200,"elapsedMs":98}
{"component":"player-command","phase":"request","correlationId":"160a2cec-dbb4-4f5a-97bb-193f7652784a"}
{"component":"player-command","phase":"authorization","correlationId":"160a2cec-dbb4-4f5a-97bb-193f7652784a","outcome":"allowed"}
{"component":"player-command","phase":"response","correlationId":"160a2cec-dbb4-4f5a-97bb-193f7652784a","statusCode":200,"elapsedMs":51}
{"component":"player-command","phase":"request","correlationId":"fc164b05-31e9-4066-b2fb-0b4019a3f391"}
{"component":"player-command","phase":"authorization","correlationId":"fc164b05-31e9-4066-b2fb-0b4019a3f391","outcome":"allowed"}
{"component":"player-command","phase":"response","correlationId":"fc164b05-31e9-4066-b2fb-0b4019a3f391","statusCode":200,"elapsedMs":50}
{"component":"player-command","phase":"request","correlationId":"6bd711fa-fc66-4a40-81f2-49111c5164b1"}
{"component":"player-command","phase":"authorization","correlationId":"6bd711fa-fc66-4a40-81f2-49111c5164b1","outcome":"allowed"}
{"component":"player-command","phase":"response","correlationId":"6bd711fa-fc66-4a40-81f2-49111c5164b1","statusCode":200,"elapsedMs":48}
{"component":"player-command","phase":"request","correlationId":"40333ec5-be4f-4886-ac4a-c7b1a0174142"}
{"component":"player-command","phase":"authorization","correlationId":"40333ec5-be4f-4886-ac4a-c7b1a0174142","outcome":"allowed"}
{"component":"player-command","phase":"response","correlationId":"40333ec5-be4f-4886-ac4a-c7b1a0174142","statusCode":200,"elapsedMs":47}
{"component":"player-command","phase":"request","correlationId":"24be5c57-c1a2-42cf-9d55-e789c6d625da"}
{"component":"player-command","phase":"authorization","correlationId":"24be5c57-c1a2-42cf-9d55-e789c6d625da","outcome":"allowed"}
{"component":"player-command","phase":"command","correlationId":"24be5c57-c1a2-42cf-9d55-e789c6d625da"}
{"component":"player-command","phase":"mutation","correlationId":"24be5c57-c1a2-42cf-9d55-e789c6d625da","outcome":"completed","replayed":false}
{"component":"player-command","phase":"consequence","correlationId":"24be5c57-c1a2-42cf-9d55-e789c6d625da","replayed":false,"changes":2}
{"component":"player-command","phase":"opportunity","correlationId":"24be5c57-c1a2-42cf-9d55-e789c6d625da","replayed":false,"changes":2}
{"component":"player-command","phase":"response","correlationId":"24be5c57-c1a2-42cf-9d55-e789c6d625da","statusCode":200,"elapsedMs":96}
{"component":"player-command","phase":"request","correlationId":"14adab88-98c1-4582-aa5e-05fd0ab6868d"}
{"component":"player-command","phase":"authorization","correlationId":"14adab88-98c1-4582-aa5e-05fd0ab6868d","outcome":"allowed"}
{"component":"player-command","phase":"response","correlationId":"14adab88-98c1-4582-aa5e-05fd0ab6868d","statusCode":200,"elapsedMs":46}
{"component":"player-command","phase":"request","correlationId":"3801490d-c58b-4bb6-9a3f-375f0c2cfe98"}
{"component":"player-command","phase":"authorization","correlationId":"3801490d-c58b-4bb6-9a3f-375f0c2cfe98","outcome":"allowed"}
{"component":"player-command","phase":"response","correlationId":"3801490d-c58b-4bb6-9a3f-375f0c2cfe98","statusCode":200,"elapsedMs":45}
{"component":"player-command","phase":"request","correlationId":"ad682cc2-391e-4f48-b0a9-0283ea4d2547"}
{"component":"player-command","phase":"authorization","correlationId":"ad682cc2-391e-4f48-b0a9-0283ea4d2547","outcome":"allowed"}
{"component":"player-command","phase":"response","correlationId":"ad682cc2-391e-4f48-b0a9-0283ea4d2547","statusCode":200,"elapsedMs":49}
{"component":"player-command","phase":"request","correlationId":"ce439b0f-8edd-48a6-91cb-f7186de8265a"}
{"component":"player-command","phase":"authorization","correlationId":"ce439b0f-8edd-48a6-91cb-f7186de8265a","outcome":"allowed"}
{"component":"player-command","phase":"response","correlationId":"ce439b0f-8edd-48a6-91cb-f7186de8265a","statusCode":200,"elapsedMs":55}
{"component":"player-command","phase":"request","correlationId":"b45af73b-56f9-40b8-a78b-5bbdfcca4861"}
{"component":"player-command","phase":"authorization","correlationId":"b45af73b-56f9-40b8-a78b-5bbdfcca4861","outcome":"allowed"}
{"component":"player-command","phase":"command","correlationId":"b45af73b-56f9-40b8-a78b-5bbdfcca4861"}
{"component":"player-command","phase":"mutation","correlationId":"b45af73b-56f9-40b8-a78b-5bbdfcca4861","outcome":"completed","replayed":false}
{"component":"player-command","phase":"consequence","correlationId":"b45af73b-56f9-40b8-a78b-5bbdfcca4861","replayed":false,"changes":2}
{"component":"player-command","phase":"opportunity","correlationId":"b45af73b-56f9-40b8-a78b-5bbdfcca4861","replayed":false,"changes":2}
{"component":"player-command","phase":"response","correlationId":"b45af73b-56f9-40b8-a78b-5bbdfcca4861","statusCode":200,"elapsedMs":98}
{"component":"player-command","phase":"request","correlationId":"e7712ab1-3600-4606-8b43-617dbf74468a"}
{"component":"player-command","phase":"authorization","correlationId":"e7712ab1-3600-4606-8b43-617dbf74468a","outcome":"allowed"}
{"component":"player-command","phase":"response","correlationId":"e7712ab1-3600-4606-8b43-617dbf74468a","statusCode":200,"elapsedMs":46}
{"component":"player-command","phase":"request","correlationId":"8a2399e0-c1fc-4f96-bc57-566c36d0f6b1"}
{"component":"player-command","phase":"authorization","correlationId":"8a2399e0-c1fc-4f96-bc57-566c36d0f6b1","outcome":"allowed"}
{"component":"player-command","phase":"response","correlationId":"8a2399e0-c1fc-4f96-bc57-566c36d0f6b1","statusCode":200,"elapsedMs":43}
{"component":"player-command","phase":"request","correlationId":"83a86e3c-8a08-43a5-8d88-ea8694844c10"}
{"component":"player-command","phase":"authorization","correlationId":"83a86e3c-8a08-43a5-8d88-ea8694844c10","outcome":"allowed"}
{"component":"player-command","phase":"response","correlationId":"83a86e3c-8a08-43a5-8d88-ea8694844c10","statusCode":200,"elapsedMs":47}
{"component":"player-command","phase":"request","correlationId":"9d059651-6ff9-4f21-bad3-5177f2889f0d"}
{"component":"player-command","phase":"authorization","correlationId":"9d059651-6ff9-4f21-bad3-5177f2889f0d","outcome":"allowed"}
{"component":"player-command","phase":"response","correlationId":"9d059651-6ff9-4f21-bad3-5177f2889f0d","statusCode":200,"elapsedMs":49}
{"component":"player-command","phase":"request","correlationId":"a08dc645-e137-4844-901f-bd3cb0f477e1"}
{"component":"player-command","phase":"authorization","correlationId":"a08dc645-e137-4844-901f-bd3cb0f477e1","outcome":"allowed"}
{"component":"player-command","phase":"command","correlationId":"a08dc645-e137-4844-901f-bd3cb0f477e1"}
{"component":"player-command","phase":"mutation","correlationId":"a08dc645-e137-4844-901f-bd3cb0f477e1","outcome":"completed","replayed":false}
{"component":"player-command","phase":"consequence","correlationId":"a08dc645-e137-4844-901f-bd3cb0f477e1","replayed":false,"changes":1}
{"component":"player-command","phase":"opportunity","correlationId":"a08dc645-e137-4844-901f-bd3cb0f477e1","replayed":false,"changes":1}
{"component":"player-command","phase":"response","correlationId":"a08dc645-e137-4844-901f-bd3cb0f477e1","statusCode":200,"elapsedMs":97}
{"component":"player-command","phase":"request","correlationId":"ccad7655-812d-4449-9ebf-5f6027b62ec5"}
{"component":"player-command","phase":"authorization","correlationId":"ccad7655-812d-4449-9ebf-5f6027b62ec5","outcome":"allowed"}
{"component":"player-command","phase":"response","correlationId":"ccad7655-812d-4449-9ebf-5f6027b62ec5","statusCode":200,"elapsedMs":52}
{"component":"player-command","phase":"request","correlationId":"7346eba1-e9ee-48ae-a9eb-32da46cd3efb"}
{"component":"player-command","phase":"authorization","correlationId":"7346eba1-e9ee-48ae-a9eb-32da46cd3efb","outcome":"allowed"}
{"component":"player-command","phase":"response","correlationId":"7346eba1-e9ee-48ae-a9eb-32da46cd3efb","statusCode":200,"elapsedMs":48}
{"component":"player-command","phase":"request","correlationId":"bb79078b-628f-4d44-b259-428d615ecb6b"}
{"component":"player-command","phase":"authorization","correlationId":"bb79078b-628f-4d44-b259-428d615ecb6b","outcome":"allowed"}
{"component":"player-command","phase":"response","correlationId":"bb79078b-628f-4d44-b259-428d615ecb6b","statusCode":200,"elapsedMs":43}
{"component":"player-command","phase":"request","correlationId":"03111327-9e3c-4949-abe8-357fd0176cf7"}
{"component":"player-command","phase":"authorization","correlationId":"03111327-9e3c-4949-abe8-357fd0176cf7","outcome":"allowed"}
{"component":"player-command","phase":"response","correlationId":"03111327-9e3c-4949-abe8-357fd0176cf7","statusCode":200,"elapsedMs":51}
{"component":"player-command","phase":"request","correlationId":"aeb8a8e2-8258-4a2e-a3fb-caed468b5eed"}
{"component":"player-command","phase":"authorization","correlationId":"aeb8a8e2-8258-4a2e-a3fb-caed468b5eed","outcome":"allowed"}
{"component":"player-command","phase":"command","correlationId":"aeb8a8e2-8258-4a2e-a3fb-caed468b5eed"}
{"component":"player-command","phase":"request","correlationId":"5688eac5-0df7-40c9-9e20-f2ccdac29ec8"}
{"component":"player-command","phase":"mutation","correlationId":"aeb8a8e2-8258-4a2e-a3fb-caed468b5eed","outcome":"completed","replayed":false}
{"component":"player-command","phase":"authorization","correlationId":"5688eac5-0df7-40c9-9e20-f2ccdac29ec8","outcome":"allowed"}
{"component":"player-command","phase":"consequence","correlationId":"aeb8a8e2-8258-4a2e-a3fb-caed468b5eed","replayed":false,"changes":4}
{"component":"player-command","phase":"opportunity","correlationId":"aeb8a8e2-8258-4a2e-a3fb-caed468b5eed","replayed":false,"changes":0}
{"component":"player-command","phase":"response","correlationId":"aeb8a8e2-8258-4a2e-a3fb-caed468b5eed","statusCode":200,"elapsedMs":130}
{"component":"player-command","phase":"request","correlationId":"6704398d-b74a-40a1-863f-8a316db3bd3a"}
{"component":"player-command","phase":"authorization","correlationId":"6704398d-b74a-40a1-863f-8a316db3bd3a","outcome":"allowed"}
{"component":"player-command","phase":"response","correlationId":"6704398d-b74a-40a1-863f-8a316db3bd3a","statusCode":200,"elapsedMs":57}
{"component":"player-command","phase":"request","correlationId":"b028a86d-5525-4979-8f76-5077888f2cd1"}
{"component":"player-command","phase":"authorization","correlationId":"b028a86d-5525-4979-8f76-5077888f2cd1","outcome":"allowed"}
{"component":"player-command","phase":"response","correlationId":"5688eac5-0df7-40c9-9e20-f2ccdac29ec8","statusCode":200,"elapsedMs":229}
{"component":"player-command","phase":"response","correlationId":"b028a86d-5525-4979-8f76-5077888f2cd1","statusCode":200,"elapsedMs":54}
{"component":"player-command","phase":"request","correlationId":"8f22095f-c497-4831-a71d-35944ea66a8c"}
{"component":"player-command","phase":"authorization","correlationId":"8f22095f-c497-4831-a71d-35944ea66a8c","outcome":"allowed"}
{"component":"player-command","phase":"response","correlationId":"8f22095f-c497-4831-a71d-35944ea66a8c","statusCode":200,"elapsedMs":49}
{"component":"player-command","phase":"request","correlationId":"47401f5a-04a5-4c82-a461-5c5c9cc12eee"}
{"component":"player-command","phase":"authorization","correlationId":"47401f5a-04a5-4c82-a461-5c5c9cc12eee","outcome":"allowed"}
{"component":"player-command","phase":"response","correlationId":"47401f5a-04a5-4c82-a461-5c5c9cc12eee","statusCode":200,"elapsedMs":58}
{"component":"player-command","phase":"request","correlationId":"394d0afc-ddd6-447a-be1a-ed9f45dac832"}
{"component":"player-command","phase":"authorization","correlationId":"394d0afc-ddd6-447a-be1a-ed9f45dac832","outcome":"allowed"}
{"component":"player-command","phase":"command","correlationId":"394d0afc-ddd6-447a-be1a-ed9f45dac832"}
{"component":"player-command","phase":"request","correlationId":"f0362ae0-ddea-475d-9535-efa1a9ec778f"}
{"component":"player-command","phase":"authorization","correlationId":"f0362ae0-ddea-475d-9535-efa1a9ec778f","outcome":"allowed"}
{"component":"player-command","phase":"mutation","correlationId":"394d0afc-ddd6-447a-be1a-ed9f45dac832","outcome":"completed","replayed":false}
{"component":"player-command","phase":"response","correlationId":"f0362ae0-ddea-475d-9535-efa1a9ec778f","statusCode":200,"elapsedMs":59}
{"component":"player-command","phase":"request","correlationId":"74f51779-b379-408b-b7c3-118500ac6569"}
{"component":"player-command","phase":"authorization","correlationId":"74f51779-b379-408b-b7c3-118500ac6569","outcome":"allowed"}
{"component":"player-command","phase":"consequence","correlationId":"394d0afc-ddd6-447a-be1a-ed9f45dac832","replayed":false,"changes":9}
{"component":"player-command","phase":"opportunity","correlationId":"394d0afc-ddd6-447a-be1a-ed9f45dac832","replayed":false,"changes":8}
{"component":"player-command","phase":"response","correlationId":"394d0afc-ddd6-447a-be1a-ed9f45dac832","statusCode":200,"elapsedMs":158}
{"component":"player-command","phase":"response","correlationId":"74f51779-b379-408b-b7c3-118500ac6569","statusCode":200,"elapsedMs":63}
{"component":"player-command","phase":"request","correlationId":"a57e0aa8-b6e9-4b2b-8aca-f70b530f12b6"}
{"component":"player-command","phase":"authorization","correlationId":"a57e0aa8-b6e9-4b2b-8aca-f70b530f12b6","outcome":"allowed"}
{"component":"player-command","phase":"response","correlationId":"a57e0aa8-b6e9-4b2b-8aca-f70b530f12b6","statusCode":200,"elapsedMs":61}
{"component":"player-command","phase":"request","correlationId":"6f71046e-0bca-47f6-8c39-9e604cea2998"}
{"component":"player-command","phase":"authorization","correlationId":"6f71046e-0bca-47f6-8c39-9e604cea2998","outcome":"allowed"}
{"component":"player-command","phase":"response","correlationId":"6f71046e-0bca-47f6-8c39-9e604cea2998","statusCode":200,"elapsedMs":64}
{"component":"player-command","phase":"request","correlationId":"3f9cbc6f-4708-46ba-83cd-895d0e853382"}
{"component":"player-command","phase":"authorization","correlationId":"3f9cbc6f-4708-46ba-83cd-895d0e853382","outcome":"allowed"}
{"component":"player-command","phase":"response","correlationId":"3f9cbc6f-4708-46ba-83cd-895d0e853382","statusCode":200,"elapsedMs":69}
{"component":"player-command","phase":"request","correlationId":"3f12feb4-73af-45c3-a5be-379cb072ada2"}
{"component":"player-command","phase":"authorization","correlationId":"3f12feb4-73af-45c3-a5be-379cb072ada2","outcome":"allowed"}
{"component":"player-command","phase":"response","correlationId":"3f12feb4-73af-45c3-a5be-379cb072ada2","statusCode":200,"elapsedMs":64}
{"component":"player-command","phase":"request","correlationId":"a5821529-23ee-464b-9b45-7cf37e4665b8"}
{"component":"player-command","phase":"authorization","correlationId":"a5821529-23ee-464b-9b45-7cf37e4665b8","outcome":"allowed"}
{"component":"player-command","phase":"command","correlationId":"a5821529-23ee-464b-9b45-7cf37e4665b8"}
{"component":"player-command","phase":"mutation","correlationId":"a5821529-23ee-464b-9b45-7cf37e4665b8","outcome":"completed","replayed":false}
{"component":"player-command","phase":"request","correlationId":"e14a7a60-ee93-4382-88a6-f35bb7885bb5"}
{"component":"player-command","phase":"authorization","correlationId":"e14a7a60-ee93-4382-88a6-f35bb7885bb5","outcome":"allowed"}
{"component":"player-command","phase":"response","correlationId":"e14a7a60-ee93-4382-88a6-f35bb7885bb5","statusCode":200,"elapsedMs":56}
{"component":"player-command","phase":"consequence","correlationId":"a5821529-23ee-464b-9b45-7cf37e4665b8","replayed":false,"changes":1}
{"component":"player-command","phase":"opportunity","correlationId":"a5821529-23ee-464b-9b45-7cf37e4665b8","replayed":false,"changes":0}
{"component":"player-command","phase":"response","correlationId":"a5821529-23ee-464b-9b45-7cf37e4665b8","statusCode":200,"elapsedMs":167}
{"component":"player-command","phase":"request","correlationId":"98417ffd-7ab7-478e-ba0c-3d03a2367de9"}
{"component":"player-command","phase":"authorization","correlationId":"98417ffd-7ab7-478e-ba0c-3d03a2367de9","outcome":"allowed"}
{"component":"player-command","phase":"response","correlationId":"98417ffd-7ab7-478e-ba0c-3d03a2367de9","statusCode":200,"elapsedMs":74}
{"component":"player-command","phase":"request","correlationId":"677d4146-3e95-4b43-8332-402d07564dd8"}
{"component":"player-command","phase":"authorization","correlationId":"677d4146-3e95-4b43-8332-402d07564dd8","outcome":"allowed"}
{"component":"player-command","phase":"response","correlationId":"677d4146-3e95-4b43-8332-402d07564dd8","statusCode":200,"elapsedMs":67}
{"component":"player-command","phase":"request","correlationId":"1a7c6dea-a93c-4df6-a937-946d5018b570"}
{"component":"player-command","phase":"authorization","correlationId":"1a7c6dea-a93c-4df6-a937-946d5018b570","outcome":"allowed"}
{"component":"player-command","phase":"response","correlationId":"1a7c6dea-a93c-4df6-a937-946d5018b570","statusCode":200,"elapsedMs":71}
{"component":"player-command","phase":"request","correlationId":"c30c24d3-3efb-48d1-aec8-420b223f9646"}
{"component":"player-command","phase":"authorization","correlationId":"c30c24d3-3efb-48d1-aec8-420b223f9646","outcome":"allowed"}
{"component":"player-command","phase":"command","correlationId":"c30c24d3-3efb-48d1-aec8-420b223f9646"}
{"component":"player-command","phase":"mutation","correlationId":"c30c24d3-3efb-48d1-aec8-420b223f9646","outcome":"completed","replayed":false}
{"component":"player-command","phase":"request","correlationId":"341927a4-63bb-40b0-a78c-8780aa8f7923"}
{"component":"player-command","phase":"authorization","correlationId":"341927a4-63bb-40b0-a78c-8780aa8f7923","outcome":"allowed"}
{"component":"player-command","phase":"response","correlationId":"341927a4-63bb-40b0-a78c-8780aa8f7923","statusCode":200,"elapsedMs":45}
{"component":"player-command","phase":"consequence","correlationId":"c30c24d3-3efb-48d1-aec8-420b223f9646","replayed":false,"changes":10}
{"component":"player-command","phase":"opportunity","correlationId":"c30c24d3-3efb-48d1-aec8-420b223f9646","replayed":false,"changes":9}
{"component":"player-command","phase":"response","correlationId":"c30c24d3-3efb-48d1-aec8-420b223f9646","statusCode":200,"elapsedMs":149}
{"component":"player-command","phase":"request","correlationId":"96a0029c-b5cf-4e92-83fe-9e3c89eff608"}
{"component":"player-command","phase":"authorization","correlationId":"96a0029c-b5cf-4e92-83fe-9e3c89eff608","outcome":"allowed"}
{"component":"player-command","phase":"response","correlationId":"96a0029c-b5cf-4e92-83fe-9e3c89eff608","statusCode":200,"elapsedMs":92}
{"component":"player-command","phase":"request","correlationId":"b0abc365-d507-49b2-8635-e14ee486de50"}
{"component":"player-command","phase":"authorization","correlationId":"b0abc365-d507-49b2-8635-e14ee486de50","outcome":"allowed"}
{"component":"player-command","phase":"response","correlationId":"b0abc365-d507-49b2-8635-e14ee486de50","statusCode":200,"elapsedMs":64}
{"component":"player-command","phase":"request","correlationId":"dccac9fe-e9da-45c8-98f0-d749f3f81191"}
{"component":"player-command","phase":"authorization","correlationId":"dccac9fe-e9da-45c8-98f0-d749f3f81191","outcome":"allowed"}
{"component":"player-command","phase":"response","correlationId":"dccac9fe-e9da-45c8-98f0-d749f3f81191","statusCode":200,"elapsedMs":48}
{"component":"player-command","phase":"request","correlationId":"b3c53374-53fb-4100-b007-69433ccc19a7"}
{"component":"player-command","phase":"authorization","correlationId":"b3c53374-53fb-4100-b007-69433ccc19a7","outcome":"allowed"}
{"component":"player-command","phase":"response","correlationId":"b3c53374-53fb-4100-b007-69433ccc19a7","statusCode":200,"elapsedMs":58}
{"component":"player-command","phase":"request","correlationId":"e96d12e0-7a0f-4884-8736-6de2d1a5ad23"}
{"component":"player-command","phase":"authorization","correlationId":"e96d12e0-7a0f-4884-8736-6de2d1a5ad23","outcome":"allowed"}
{"component":"player-command","phase":"command","correlationId":"e96d12e0-7a0f-4884-8736-6de2d1a5ad23"}
{"component":"player-command","phase":"mutation","correlationId":"e96d12e0-7a0f-4884-8736-6de2d1a5ad23","outcome":"completed","replayed":false}
{"component":"player-command","phase":"request","correlationId":"a9e2fa29-5c26-41d6-a2f2-c0f1f4682cac"}
{"component":"player-command","phase":"authorization","correlationId":"a9e2fa29-5c26-41d6-a2f2-c0f1f4682cac","outcome":"allowed"}
{"component":"player-command","phase":"consequence","correlationId":"e96d12e0-7a0f-4884-8736-6de2d1a5ad23","replayed":false,"changes":7}
{"component":"player-command","phase":"opportunity","correlationId":"e96d12e0-7a0f-4884-8736-6de2d1a5ad23","replayed":false,"changes":6}
{"component":"player-command","phase":"response","correlationId":"e96d12e0-7a0f-4884-8736-6de2d1a5ad23","statusCode":200,"elapsedMs":136}
{"component":"player-command","phase":"response","correlationId":"a9e2fa29-5c26-41d6-a2f2-c0f1f4682cac","statusCode":200,"elapsedMs":84}
{"component":"player-command","phase":"request","correlationId":"efed5fb6-9274-4380-886a-4ae5875dab48"}
{"component":"player-command","phase":"authorization","correlationId":"efed5fb6-9274-4380-886a-4ae5875dab48","outcome":"allowed"}
{"component":"player-command","phase":"response","correlationId":"efed5fb6-9274-4380-886a-4ae5875dab48","statusCode":200,"elapsedMs":59}
{"component":"player-command","phase":"request","correlationId":"1a6840c4-7e79-4e36-90ca-ddaf54f8c17c"}
{"component":"player-command","phase":"authorization","correlationId":"1a6840c4-7e79-4e36-90ca-ddaf54f8c17c","outcome":"allowed"}
{"component":"player-command","phase":"response","correlationId":"1a6840c4-7e79-4e36-90ca-ddaf54f8c17c","statusCode":200,"elapsedMs":56}
{"component":"player-command","phase":"request","correlationId":"2a113acc-06c0-4850-8233-4e74064e8fbb"}
{"component":"player-command","phase":"authorization","correlationId":"2a113acc-06c0-4850-8233-4e74064e8fbb","outcome":"allowed"}
{"component":"player-command","phase":"response","correlationId":"2a113acc-06c0-4850-8233-4e74064e8fbb","statusCode":200,"elapsedMs":59}
{"component":"player-command","phase":"request","correlationId":"345e0306-efff-4641-ba60-b7ab83e41db3"}
{"component":"player-command","phase":"authorization","correlationId":"345e0306-efff-4641-ba60-b7ab83e41db3","outcome":"allowed"}
{"component":"player-command","phase":"command","correlationId":"345e0306-efff-4641-ba60-b7ab83e41db3"}
{"component":"player-command","phase":"mutation","correlationId":"345e0306-efff-4641-ba60-b7ab83e41db3","outcome":"completed","replayed":false}
{"component":"player-command","phase":"request","correlationId":"d83b57a3-c631-4fc2-a090-4408434cd2f5"}
{"component":"player-command","phase":"authorization","correlationId":"d83b57a3-c631-4fc2-a090-4408434cd2f5","outcome":"allowed"}
{"component":"player-command","phase":"response","correlationId":"d83b57a3-c631-4fc2-a090-4408434cd2f5","statusCode":200,"elapsedMs":59}
{"component":"player-command","phase":"consequence","correlationId":"345e0306-efff-4641-ba60-b7ab83e41db3","replayed":false,"changes":1}
{"component":"player-command","phase":"opportunity","correlationId":"345e0306-efff-4641-ba60-b7ab83e41db3","replayed":false,"changes":0}
{"component":"player-command","phase":"response","correlationId":"345e0306-efff-4641-ba60-b7ab83e41db3","statusCode":200,"elapsedMs":159}
{"component":"player-command","phase":"request","correlationId":"1ee7f261-5418-43aa-86c7-d529350095ab"}
{"component":"player-command","phase":"authorization","correlationId":"1ee7f261-5418-43aa-86c7-d529350095ab","outcome":"allowed"}
{"component":"player-command","phase":"response","correlationId":"1ee7f261-5418-43aa-86c7-d529350095ab","statusCode":200,"elapsedMs":59}
{"component":"player-command","phase":"request","correlationId":"6c25ac3c-0029-4125-865d-f85ddddf255c"}
{"component":"player-command","phase":"authorization","correlationId":"6c25ac3c-0029-4125-865d-f85ddddf255c","outcome":"allowed"}
{"component":"player-command","phase":"response","correlationId":"6c25ac3c-0029-4125-865d-f85ddddf255c","statusCode":200,"elapsedMs":74}
{"component":"player-command","phase":"request","correlationId":"48894fdb-a53c-4d55-b196-052e1753d9bd"}
{"component":"player-command","phase":"authorization","correlationId":"48894fdb-a53c-4d55-b196-052e1753d9bd","outcome":"allowed"}
{"component":"player-command","phase":"response","correlationId":"48894fdb-a53c-4d55-b196-052e1753d9bd","statusCode":200,"elapsedMs":65}
{"component":"player-command","phase":"request","correlationId":"c39429b5-c2c1-4131-a18c-8439ccabd35a"}
{"component":"player-command","phase":"authorization","correlationId":"c39429b5-c2c1-4131-a18c-8439ccabd35a","outcome":"allowed"}
{"component":"player-command","phase":"command","correlationId":"c39429b5-c2c1-4131-a18c-8439ccabd35a"}
{"component":"player-command","phase":"mutation","correlationId":"c39429b5-c2c1-4131-a18c-8439ccabd35a","outcome":"completed","replayed":false}
{"component":"player-command","phase":"request","correlationId":"394e4866-d828-49c1-9588-a9be35766299"}
{"component":"player-command","phase":"authorization","correlationId":"394e4866-d828-49c1-9588-a9be35766299","outcome":"allowed"}
{"component":"player-command","phase":"consequence","correlationId":"c39429b5-c2c1-4131-a18c-8439ccabd35a","replayed":false,"changes":1}
{"component":"player-command","phase":"opportunity","correlationId":"c39429b5-c2c1-4131-a18c-8439ccabd35a","replayed":false,"changes":0}
{"component":"player-command","phase":"request","correlationId":"1e4f11aa-2f68-4edf-a186-506863436c52"}
{"component":"player-command","phase":"response","correlationId":"c39429b5-c2c1-4131-a18c-8439ccabd35a","statusCode":200,"elapsedMs":170}
{"component":"player-command","phase":"authorization","correlationId":"1e4f11aa-2f68-4edf-a186-506863436c52","outcome":"allowed"}
{"component":"player-command","phase":"response","correlationId":"394e4866-d828-49c1-9588-a9be35766299","statusCode":200,"elapsedMs":79}
{"component":"player-command","phase":"response","correlationId":"1e4f11aa-2f68-4edf-a186-506863436c52","statusCode":200,"elapsedMs":72}
{"component":"player-command","phase":"request","correlationId":"ff97b3e6-e3fd-43ee-8d31-465226c8526c"}
{"component":"player-command","phase":"authorization","correlationId":"ff97b3e6-e3fd-43ee-8d31-465226c8526c","outcome":"allowed"}
{"component":"player-command","phase":"response","correlationId":"ff97b3e6-e3fd-43ee-8d31-465226c8526c","statusCode":200,"elapsedMs":53}
{"component":"player-command","phase":"request","correlationId":"7e355c4d-2680-4886-9089-9a2fb16373fd"}
{"component":"player-command","phase":"authorization","correlationId":"7e355c4d-2680-4886-9089-9a2fb16373fd","outcome":"allowed"}
{"component":"player-command","phase":"response","correlationId":"7e355c4d-2680-4886-9089-9a2fb16373fd","statusCode":200,"elapsedMs":57}
{"component":"player-command","phase":"request","correlationId":"dd5e7e5f-5938-4811-b43f-68771b6f1f93"}
{"component":"player-command","phase":"authorization","correlationId":"dd5e7e5f-5938-4811-b43f-68771b6f1f93","outcome":"allowed"}
{"component":"player-command","phase":"response","correlationId":"dd5e7e5f-5938-4811-b43f-68771b6f1f93","statusCode":200,"elapsedMs":63}
{"component":"player-command","phase":"request","correlationId":"cb95ca03-136f-4163-a431-4c95282c6c85"}
{"component":"player-command","phase":"authorization","correlationId":"cb95ca03-136f-4163-a431-4c95282c6c85","outcome":"allowed"}
{"component":"player-command","phase":"command","correlationId":"cb95ca03-136f-4163-a431-4c95282c6c85"}
{"component":"player-command","phase":"mutation","correlationId":"cb95ca03-136f-4163-a431-4c95282c6c85","outcome":"completed","replayed":false}
{"component":"player-command","phase":"request","correlationId":"8d2da431-6965-4071-a861-312266e1f7e7"}
{"component":"player-command","phase":"authorization","correlationId":"8d2da431-6965-4071-a861-312266e1f7e7","outcome":"allowed"}
{"component":"player-command","phase":"response","correlationId":"8d2da431-6965-4071-a861-312266e1f7e7","statusCode":200,"elapsedMs":64}
{"component":"player-command","phase":"consequence","correlationId":"cb95ca03-136f-4163-a431-4c95282c6c85","replayed":false,"changes":1}
{"component":"player-command","phase":"opportunity","correlationId":"cb95ca03-136f-4163-a431-4c95282c6c85","replayed":false,"changes":0}
{"component":"player-command","phase":"response","correlationId":"cb95ca03-136f-4163-a431-4c95282c6c85","statusCode":200,"elapsedMs":159}
{"component":"player-command","phase":"request","correlationId":"d8b07763-6e9f-4c52-a1dc-5c16df2bcaa2"}
{"component":"player-command","phase":"authorization","correlationId":"d8b07763-6e9f-4c52-a1dc-5c16df2bcaa2","outcome":"allowed"}
{"component":"player-command","phase":"response","correlationId":"d8b07763-6e9f-4c52-a1dc-5c16df2bcaa2","statusCode":200,"elapsedMs":60}
{"component":"player-command","phase":"request","correlationId":"7a82daea-6905-4161-bbc1-7c3d0ba74e4b"}
{"component":"player-command","phase":"authorization","correlationId":"7a82daea-6905-4161-bbc1-7c3d0ba74e4b","outcome":"allowed"}
{"component":"player-command","phase":"response","correlationId":"7a82daea-6905-4161-bbc1-7c3d0ba74e4b","statusCode":200,"elapsedMs":61}
{"component":"player-command","phase":"request","correlationId":"6f95237f-52ac-49d9-85f3-a2738ebe3586"}
{"component":"player-command","phase":"authorization","correlationId":"6f95237f-52ac-49d9-85f3-a2738ebe3586","outcome":"allowed"}
{"component":"player-command","phase":"response","correlationId":"6f95237f-52ac-49d9-85f3-a2738ebe3586","statusCode":200,"elapsedMs":69}
{"component":"player-command","phase":"request","correlationId":"413ab893-7f3e-401c-9acf-2ffeffad271a"}
{"component":"player-command","phase":"authorization","correlationId":"413ab893-7f3e-401c-9acf-2ffeffad271a","outcome":"allowed"}
{"component":"player-command","phase":"command","correlationId":"413ab893-7f3e-401c-9acf-2ffeffad271a"}
{"component":"player-command","phase":"mutation","correlationId":"413ab893-7f3e-401c-9acf-2ffeffad271a","outcome":"completed","replayed":false}
{"component":"player-command","phase":"request","correlationId":"765b16f7-df35-4645-a375-9b25ad81d279"}
{"component":"player-command","phase":"authorization","correlationId":"765b16f7-df35-4645-a375-9b25ad81d279","outcome":"allowed"}
{"component":"player-command","phase":"response","correlationId":"765b16f7-df35-4645-a375-9b25ad81d279","statusCode":200,"elapsedMs":63}
{"component":"player-command","phase":"consequence","correlationId":"413ab893-7f3e-401c-9acf-2ffeffad271a","replayed":false,"changes":1}
{"component":"player-command","phase":"opportunity","correlationId":"413ab893-7f3e-401c-9acf-2ffeffad271a","replayed":false,"changes":0}
{"component":"player-command","phase":"response","correlationId":"413ab893-7f3e-401c-9acf-2ffeffad271a","statusCode":200,"elapsedMs":157}
{"component":"player-command","phase":"request","correlationId":"effe0913-1b82-44c8-b80a-a37c13d1f4d2"}
{"component":"player-command","phase":"authorization","correlationId":"effe0913-1b82-44c8-b80a-a37c13d1f4d2","outcome":"allowed"}
{"component":"player-command","phase":"response","correlationId":"effe0913-1b82-44c8-b80a-a37c13d1f4d2","statusCode":200,"elapsedMs":67}
{"component":"player-command","phase":"request","correlationId":"d123e605-05ba-4436-b542-ab6f8daef0af"}
{"component":"player-command","phase":"authorization","correlationId":"d123e605-05ba-4436-b542-ab6f8daef0af","outcome":"allowed"}
{"component":"player-command","phase":"response","correlationId":"d123e605-05ba-4436-b542-ab6f8daef0af","statusCode":200,"elapsedMs":61}
{"component":"player-command","phase":"request","correlationId":"27e34775-abbc-4b3a-9f6a-657605f772d0"}
{"component":"player-command","phase":"authorization","correlationId":"27e34775-abbc-4b3a-9f6a-657605f772d0","outcome":"allowed"}
{"component":"player-command","phase":"response","correlationId":"27e34775-abbc-4b3a-9f6a-657605f772d0","statusCode":200,"elapsedMs":66}
{"component":"player-command","phase":"request","correlationId":"d49a02bb-e60c-4017-b88f-ef249b968c93"}
{"component":"player-command","phase":"authorization","correlationId":"d49a02bb-e60c-4017-b88f-ef249b968c93","outcome":"allowed"}
{"component":"player-command","phase":"command","correlationId":"d49a02bb-e60c-4017-b88f-ef249b968c93"}
{"component":"player-command","phase":"mutation","correlationId":"d49a02bb-e60c-4017-b88f-ef249b968c93","outcome":"completed","replayed":false}
{"component":"player-command","phase":"request","correlationId":"d1495209-28a9-417b-accb-8e7a5d2e29e6"}
{"component":"player-command","phase":"authorization","correlationId":"d1495209-28a9-417b-accb-8e7a5d2e29e6","outcome":"allowed"}
{"component":"player-command","phase":"consequence","correlationId":"d49a02bb-e60c-4017-b88f-ef249b968c93","replayed":false,"changes":1}
{"component":"player-command","phase":"opportunity","correlationId":"d49a02bb-e60c-4017-b88f-ef249b968c93","replayed":false,"changes":0}
{"component":"player-command","phase":"response","correlationId":"d49a02bb-e60c-4017-b88f-ef249b968c93","statusCode":200,"elapsedMs":150}
{"component":"player-command","phase":"response","correlationId":"d1495209-28a9-417b-accb-8e7a5d2e29e6","statusCode":200,"elapsedMs":75}
{"component":"player-command","phase":"request","correlationId":"db6a8623-ec92-40bc-9b78-a6f5c7aec3cd"}
{"component":"player-command","phase":"authorization","correlationId":"db6a8623-ec92-40bc-9b78-a6f5c7aec3cd","outcome":"allowed"}
{"component":"player-command","phase":"response","correlationId":"db6a8623-ec92-40bc-9b78-a6f5c7aec3cd","statusCode":200,"elapsedMs":64}
{"component":"player-command","phase":"request","correlationId":"58ffa4ed-98c0-4257-ac36-d633428337c0"}
{"component":"player-command","phase":"authorization","correlationId":"58ffa4ed-98c0-4257-ac36-d633428337c0","outcome":"allowed"}
{"component":"player-command","phase":"response","correlationId":"58ffa4ed-98c0-4257-ac36-d633428337c0","statusCode":200,"elapsedMs":59}
{"component":"player-command","phase":"request","correlationId":"137c68d8-4180-431f-b65f-31c7f9132b3e"}
{"component":"player-command","phase":"authorization","correlationId":"137c68d8-4180-431f-b65f-31c7f9132b3e","outcome":"allowed"}
{"component":"player-command","phase":"response","correlationId":"137c68d8-4180-431f-b65f-31c7f9132b3e","statusCode":200,"elapsedMs":61}
{"component":"player-command","phase":"request","correlationId":"520d374d-14f6-4b05-8a0d-e1fef72d75d8"}
{"component":"player-command","phase":"authorization","correlationId":"520d374d-14f6-4b05-8a0d-e1fef72d75d8","outcome":"allowed"}
{"component":"player-command","phase":"command","correlationId":"520d374d-14f6-4b05-8a0d-e1fef72d75d8"}
{"component":"player-command","phase":"mutation","correlationId":"520d374d-14f6-4b05-8a0d-e1fef72d75d8","outcome":"completed","replayed":false}
{"component":"player-command","phase":"request","correlationId":"0a9f6136-ea39-406e-8b07-73d76bed60f8"}
{"component":"player-command","phase":"authorization","correlationId":"0a9f6136-ea39-406e-8b07-73d76bed60f8","outcome":"allowed"}
{"component":"player-command","phase":"consequence","correlationId":"520d374d-14f6-4b05-8a0d-e1fef72d75d8","replayed":false,"changes":1}
{"component":"player-command","phase":"opportunity","correlationId":"520d374d-14f6-4b05-8a0d-e1fef72d75d8","replayed":false,"changes":0}
{"component":"player-command","phase":"response","correlationId":"520d374d-14f6-4b05-8a0d-e1fef72d75d8","statusCode":200,"elapsedMs":156}
{"component":"player-command","phase":"request","correlationId":"1774d659-95f1-469f-bb53-5c6573aa2f8b"}
{"component":"player-command","phase":"authorization","correlationId":"1774d659-95f1-469f-bb53-5c6573aa2f8b","outcome":"allowed"}
{"component":"player-command","phase":"response","correlationId":"0a9f6136-ea39-406e-8b07-73d76bed60f8","statusCode":200,"elapsedMs":88}
{"component":"player-command","phase":"response","correlationId":"1774d659-95f1-469f-bb53-5c6573aa2f8b","statusCode":200,"elapsedMs":83}
{"component":"player-command","phase":"request","correlationId":"b222451e-d9e2-429a-807c-82b216dbc137"}
{"component":"player-command","phase":"authorization","correlationId":"b222451e-d9e2-429a-807c-82b216dbc137","outcome":"allowed"}
{"component":"player-command","phase":"response","correlationId":"b222451e-d9e2-429a-807c-82b216dbc137","statusCode":200,"elapsedMs":94}
{"component":"player-command","phase":"request","correlationId":"ca656b74-7f95-4d9e-9384-7ca596455494"}
{"component":"player-command","phase":"authorization","correlationId":"ca656b74-7f95-4d9e-9384-7ca596455494","outcome":"allowed"}
{"component":"player-command","phase":"response","correlationId":"ca656b74-7f95-4d9e-9384-7ca596455494","statusCode":200,"elapsedMs":65}
{"component":"player-command","phase":"request","correlationId":"b1cded9c-1b5a-4c2b-b50a-27671de999bf"}
{"component":"player-command","phase":"authorization","correlationId":"b1cded9c-1b5a-4c2b-b50a-27671de999bf","outcome":"allowed"}
{"component":"player-command","phase":"response","correlationId":"b1cded9c-1b5a-4c2b-b50a-27671de999bf","statusCode":200,"elapsedMs":60}
{"component":"player-command","phase":"request","correlationId":"074f32e4-a3bd-4e15-bb8c-87e11ee87d36"}
{"component":"player-command","phase":"authorization","correlationId":"074f32e4-a3bd-4e15-bb8c-87e11ee87d36","outcome":"allowed"}
{"component":"player-command","phase":"command","correlationId":"074f32e4-a3bd-4e15-bb8c-87e11ee87d36"}
{"component":"player-command","phase":"mutation","correlationId":"074f32e4-a3bd-4e15-bb8c-87e11ee87d36","outcome":"completed","replayed":false}
{"component":"player-command","phase":"request","correlationId":"bb5f270e-bcfe-4f84-ae93-d30f90d365c5"}
{"component":"player-command","phase":"authorization","correlationId":"bb5f270e-bcfe-4f84-ae93-d30f90d365c5","outcome":"allowed"}
{"component":"player-command","phase":"consequence","correlationId":"074f32e4-a3bd-4e15-bb8c-87e11ee87d36","replayed":false,"changes":3}
{"component":"player-command","phase":"opportunity","correlationId":"074f32e4-a3bd-4e15-bb8c-87e11ee87d36","replayed":false,"changes":2}
{"component":"player-command","phase":"response","correlationId":"074f32e4-a3bd-4e15-bb8c-87e11ee87d36","statusCode":200,"elapsedMs":164}
{"component":"player-command","phase":"response","correlationId":"bb5f270e-bcfe-4f84-ae93-d30f90d365c5","statusCode":200,"elapsedMs":89}
{"component":"player-command","phase":"request","correlationId":"af96cdb2-a30c-42df-a34c-0adf910a8741"}
{"component":"player-command","phase":"authorization","correlationId":"af96cdb2-a30c-42df-a34c-0adf910a8741","outcome":"allowed"}
{"component":"player-command","phase":"response","correlationId":"af96cdb2-a30c-42df-a34c-0adf910a8741","statusCode":200,"elapsedMs":70}
{"component":"player-command","phase":"request","correlationId":"b2bb815d-eda4-4fe3-a3c1-b0f4ab3b6f1a"}
{"component":"player-command","phase":"authorization","correlationId":"b2bb815d-eda4-4fe3-a3c1-b0f4ab3b6f1a","outcome":"allowed"}
{"component":"player-command","phase":"response","correlationId":"b2bb815d-eda4-4fe3-a3c1-b0f4ab3b6f1a","statusCode":200,"elapsedMs":55}
{"component":"player-command","phase":"request","correlationId":"fa613378-bd67-49b3-a726-bcbd1f7f2c8c"}
{"component":"player-command","phase":"authorization","correlationId":"fa613378-bd67-49b3-a726-bcbd1f7f2c8c","outcome":"allowed"}
{"component":"player-command","phase":"response","correlationId":"fa613378-bd67-49b3-a726-bcbd1f7f2c8c","statusCode":200,"elapsedMs":57}
{"component":"player-command","phase":"request","correlationId":"d9989c30-5058-4f23-b91e-568cefbec152"}
{"component":"player-command","phase":"authorization","correlationId":"d9989c30-5058-4f23-b91e-568cefbec152","outcome":"allowed"}
{"component":"player-command","phase":"command","correlationId":"d9989c30-5058-4f23-b91e-568cefbec152"}
{"component":"player-command","phase":"mutation","correlationId":"d9989c30-5058-4f23-b91e-568cefbec152","outcome":"completed","replayed":false}
{"component":"player-command","phase":"request","correlationId":"89b0903b-2a26-419b-85f3-88336f35b771"}
{"component":"player-command","phase":"authorization","correlationId":"89b0903b-2a26-419b-85f3-88336f35b771","outcome":"allowed"}
{"component":"player-command","phase":"consequence","correlationId":"d9989c30-5058-4f23-b91e-568cefbec152","replayed":false,"changes":5}
{"component":"player-command","phase":"opportunity","correlationId":"d9989c30-5058-4f23-b91e-568cefbec152","replayed":false,"changes":2}
{"component":"player-command","phase":"response","correlationId":"d9989c30-5058-4f23-b91e-568cefbec152","statusCode":200,"elapsedMs":160}
{"component":"player-command","phase":"response","correlationId":"89b0903b-2a26-419b-85f3-88336f35b771","statusCode":200,"elapsedMs":81}
{"component":"player-command","phase":"request","correlationId":"1562814a-4255-4fc5-8f30-f082807b12ce"}
{"component":"player-command","phase":"authorization","correlationId":"1562814a-4255-4fc5-8f30-f082807b12ce","outcome":"allowed"}
{"component":"player-command","phase":"response","correlationId":"1562814a-4255-4fc5-8f30-f082807b12ce","statusCode":200,"elapsedMs":59}
{"component":"player-command","phase":"request","correlationId":"52d39b90-98d1-4ff4-8383-23bbd8f54e9b"}
{"component":"player-command","phase":"authorization","correlationId":"52d39b90-98d1-4ff4-8383-23bbd8f54e9b","outcome":"allowed"}
{"component":"player-command","phase":"response","correlationId":"52d39b90-98d1-4ff4-8383-23bbd8f54e9b","statusCode":200,"elapsedMs":54}
{"component":"player-command","phase":"request","correlationId":"a6869de4-5f4f-4716-8622-d0e08d628b62"}
{"component":"player-command","phase":"authorization","correlationId":"a6869de4-5f4f-4716-8622-d0e08d628b62","outcome":"allowed"}
{"component":"player-command","phase":"response","correlationId":"a6869de4-5f4f-4716-8622-d0e08d628b62","statusCode":200,"elapsedMs":57}
{"component":"player-command","phase":"request","correlationId":"0d21889b-a61a-4574-843e-987a3d1cbe3c"}
{"component":"player-command","phase":"authorization","correlationId":"0d21889b-a61a-4574-843e-987a3d1cbe3c","outcome":"allowed"}
{"component":"player-command","phase":"command","correlationId":"0d21889b-a61a-4574-843e-987a3d1cbe3c"}
{"component":"player-command","phase":"mutation","correlationId":"0d21889b-a61a-4574-843e-987a3d1cbe3c","outcome":"completed","replayed":false}
{"component":"player-command","phase":"request","correlationId":"63961b93-8470-4590-9abf-e6d04fcb391d"}
{"component":"player-command","phase":"authorization","correlationId":"63961b93-8470-4590-9abf-e6d04fcb391d","outcome":"allowed"}
{"component":"player-command","phase":"consequence","correlationId":"0d21889b-a61a-4574-843e-987a3d1cbe3c","replayed":false,"changes":1}
{"component":"player-command","phase":"opportunity","correlationId":"0d21889b-a61a-4574-843e-987a3d1cbe3c","replayed":false,"changes":0}
{"component":"player-command","phase":"response","correlationId":"0d21889b-a61a-4574-843e-987a3d1cbe3c","statusCode":200,"elapsedMs":136}
{"component":"player-command","phase":"response","correlationId":"63961b93-8470-4590-9abf-e6d04fcb391d","statusCode":200,"elapsedMs":79}
{"component":"player-command","phase":"request","correlationId":"93ac0a40-eb3b-4f0e-901d-aa079b339858"}
{"component":"player-command","phase":"authorization","correlationId":"93ac0a40-eb3b-4f0e-901d-aa079b339858","outcome":"allowed"}
{"component":"player-command","phase":"response","correlationId":"93ac0a40-eb3b-4f0e-901d-aa079b339858","statusCode":200,"elapsedMs":59}
{"component":"player-command","phase":"request","correlationId":"5af3e543-bacd-41eb-ba82-9e1e0ec4a667"}
{"component":"player-command","phase":"authorization","correlationId":"5af3e543-bacd-41eb-ba82-9e1e0ec4a667","outcome":"allowed"}
{"component":"player-command","phase":"response","correlationId":"5af3e543-bacd-41eb-ba82-9e1e0ec4a667","statusCode":200,"elapsedMs":53}
{"component":"player-command","phase":"request","correlationId":"44f3cbdd-efd0-47e6-9699-f4214c0e2692"}
{"component":"player-command","phase":"authorization","correlationId":"44f3cbdd-efd0-47e6-9699-f4214c0e2692","outcome":"allowed"}
{"component":"player-command","phase":"response","correlationId":"44f3cbdd-efd0-47e6-9699-f4214c0e2692","statusCode":200,"elapsedMs":58}
{"component":"player-command","phase":"request","correlationId":"b9972dc6-fe1b-486e-b87f-241fb803b2eb"}
{"component":"player-command","phase":"authorization","correlationId":"b9972dc6-fe1b-486e-b87f-241fb803b2eb","outcome":"allowed"}
{"component":"player-command","phase":"command","correlationId":"b9972dc6-fe1b-486e-b87f-241fb803b2eb"}
{"component":"player-command","phase":"mutation","correlationId":"b9972dc6-fe1b-486e-b87f-241fb803b2eb","outcome":"completed","replayed":false}
{"component":"player-command","phase":"request","correlationId":"d353c0b3-2ea3-4b70-9024-cdf5dadcd534"}
{"component":"player-command","phase":"authorization","correlationId":"d353c0b3-2ea3-4b70-9024-cdf5dadcd534","outcome":"allowed"}
{"component":"player-command","phase":"consequence","correlationId":"b9972dc6-fe1b-486e-b87f-241fb803b2eb","replayed":false,"changes":2}
{"component":"player-command","phase":"opportunity","correlationId":"b9972dc6-fe1b-486e-b87f-241fb803b2eb","replayed":false,"changes":0}
{"component":"player-command","phase":"response","correlationId":"b9972dc6-fe1b-486e-b87f-241fb803b2eb","statusCode":200,"elapsedMs":146}
{"component":"player-command","phase":"response","correlationId":"d353c0b3-2ea3-4b70-9024-cdf5dadcd534","statusCode":200,"elapsedMs":83}
{"component":"player-command","phase":"request","correlationId":"07c5b49b-ca54-4fc2-a580-8d93cf7782b6"}
{"component":"player-command","phase":"authorization","correlationId":"07c5b49b-ca54-4fc2-a580-8d93cf7782b6","outcome":"allowed"}
{"component":"player-command","phase":"response","correlationId":"07c5b49b-ca54-4fc2-a580-8d93cf7782b6","statusCode":200,"elapsedMs":62}
{"component":"player-command","phase":"request","correlationId":"11e5ab2e-1212-40a8-8a4d-0bd8929e6bab"}
{"component":"player-command","phase":"authorization","correlationId":"11e5ab2e-1212-40a8-8a4d-0bd8929e6bab","outcome":"allowed"}
{"component":"player-command","phase":"response","correlationId":"11e5ab2e-1212-40a8-8a4d-0bd8929e6bab","statusCode":200,"elapsedMs":56}
{"component":"player-command","phase":"request","correlationId":"303c89a0-db67-496f-a8b6-2319e1ff1ead"}
{"component":"player-command","phase":"authorization","correlationId":"303c89a0-db67-496f-a8b6-2319e1ff1ead","outcome":"allowed"}
{"component":"player-command","phase":"response","correlationId":"303c89a0-db67-496f-a8b6-2319e1ff1ead","statusCode":200,"elapsedMs":64}
{"component":"player-command","phase":"request","correlationId":"42e397d1-ea11-4e5b-a8e9-bd75b8d79040"}
{"component":"player-command","phase":"authorization","correlationId":"42e397d1-ea11-4e5b-a8e9-bd75b8d79040","outcome":"allowed"}
{"component":"player-command","phase":"command","correlationId":"42e397d1-ea11-4e5b-a8e9-bd75b8d79040"}
{"component":"player-command","phase":"mutation","correlationId":"42e397d1-ea11-4e5b-a8e9-bd75b8d79040","outcome":"completed","replayed":false}
{"component":"player-command","phase":"request","correlationId":"9006691f-0fdd-41e2-a798-a260870b1aa7"}
{"component":"player-command","phase":"authorization","correlationId":"9006691f-0fdd-41e2-a798-a260870b1aa7","outcome":"allowed"}
{"component":"player-command","phase":"consequence","correlationId":"42e397d1-ea11-4e5b-a8e9-bd75b8d79040","replayed":false,"changes":1}
{"component":"player-command","phase":"opportunity","correlationId":"42e397d1-ea11-4e5b-a8e9-bd75b8d79040","replayed":false,"changes":0}
{"component":"player-command","phase":"response","correlationId":"9006691f-0fdd-41e2-a798-a260870b1aa7","statusCode":200,"elapsedMs":74}
{"component":"player-command","phase":"response","correlationId":"42e397d1-ea11-4e5b-a8e9-bd75b8d79040","statusCode":200,"elapsedMs":156}
{"component":"player-command","phase":"request","correlationId":"c17a5eb6-2f0f-41f8-a30c-1ba46751a13c"}
{"component":"player-command","phase":"authorization","correlationId":"c17a5eb6-2f0f-41f8-a30c-1ba46751a13c","outcome":"allowed"}
{"component":"player-command","phase":"response","correlationId":"c17a5eb6-2f0f-41f8-a30c-1ba46751a13c","statusCode":200,"elapsedMs":80}
{"component":"player-command","phase":"request","correlationId":"89858ef1-bfd6-45d9-a88f-67f5086c7afd"}
{"component":"player-command","phase":"authorization","correlationId":"89858ef1-bfd6-45d9-a88f-67f5086c7afd","outcome":"allowed"}
{"component":"player-command","phase":"response","correlationId":"89858ef1-bfd6-45d9-a88f-67f5086c7afd","statusCode":200,"elapsedMs":62}
{"component":"player-command","phase":"request","correlationId":"5fcc0e32-2fcb-4e85-95e1-2cf6dfa957c7"}
{"component":"player-command","phase":"authorization","correlationId":"5fcc0e32-2fcb-4e85-95e1-2cf6dfa957c7","outcome":"allowed"}
{"component":"player-command","phase":"response","correlationId":"5fcc0e32-2fcb-4e85-95e1-2cf6dfa957c7","statusCode":200,"elapsedMs":60}
{"component":"player-command","phase":"request","correlationId":"1a8e2ad7-598f-4c65-9a24-4fb66da3295d"}
{"component":"player-command","phase":"authorization","correlationId":"1a8e2ad7-598f-4c65-9a24-4fb66da3295d","outcome":"allowed"}
{"component":"player-command","phase":"response","correlationId":"1a8e2ad7-598f-4c65-9a24-4fb66da3295d","statusCode":200,"elapsedMs":60}
{"component":"player-command","phase":"request","correlationId":"2653dd41-b867-4e03-8ef7-512f26564033"}
{"component":"player-command","phase":"authorization","correlationId":"2653dd41-b867-4e03-8ef7-512f26564033","outcome":"allowed"}
{"component":"player-command","phase":"command","correlationId":"2653dd41-b867-4e03-8ef7-512f26564033"}
{"component":"player-command","phase":"mutation","correlationId":"2653dd41-b867-4e03-8ef7-512f26564033","outcome":"completed","replayed":false}
{"component":"player-command","phase":"request","correlationId":"d71947b7-af7b-4425-8abb-1fa9eb883480"}
{"component":"player-command","phase":"authorization","correlationId":"d71947b7-af7b-4425-8abb-1fa9eb883480","outcome":"allowed"}
{"component":"player-command","phase":"response","correlationId":"d71947b7-af7b-4425-8abb-1fa9eb883480","statusCode":200,"elapsedMs":66}
{"component":"player-command","phase":"consequence","correlationId":"2653dd41-b867-4e03-8ef7-512f26564033","replayed":false,"changes":26}
{"component":"player-command","phase":"opportunity","correlationId":"2653dd41-b867-4e03-8ef7-512f26564033","replayed":false,"changes":24}
{"component":"player-command","phase":"response","correlationId":"2653dd41-b867-4e03-8ef7-512f26564033","statusCode":200,"elapsedMs":208}
{"component":"player-command","phase":"request","correlationId":"830ccc9b-16e2-41c5-b9ec-0ffd2d3ba1ff"}
{"component":"player-command","phase":"authorization","correlationId":"830ccc9b-16e2-41c5-b9ec-0ffd2d3ba1ff","outcome":"allowed"}
{"component":"player-command","phase":"response","correlationId":"830ccc9b-16e2-41c5-b9ec-0ffd2d3ba1ff","statusCode":200,"elapsedMs":67}
{"component":"player-command","phase":"request","correlationId":"db6e4ec7-7c80-442d-8916-d38340f189bf"}
{"component":"player-command","phase":"authorization","correlationId":"db6e4ec7-7c80-442d-8916-d38340f189bf","outcome":"allowed"}
{"component":"player-command","phase":"response","correlationId":"db6e4ec7-7c80-442d-8916-d38340f189bf","statusCode":200,"elapsedMs":66}
{"component":"player-command","phase":"request","correlationId":"8d05354f-6c2d-4844-975d-92ddd39a9e25"}
{"component":"player-command","phase":"authorization","correlationId":"8d05354f-6c2d-4844-975d-92ddd39a9e25","outcome":"allowed"}
{"component":"player-command","phase":"response","correlationId":"8d05354f-6c2d-4844-975d-92ddd39a9e25","statusCode":200,"elapsedMs":67}
{"component":"player-command","phase":"request","correlationId":"2f03edab-6629-4fff-bbd9-c4ee56e97f05"}
{"component":"player-command","phase":"authorization","correlationId":"2f03edab-6629-4fff-bbd9-c4ee56e97f05","outcome":"allowed"}
{"component":"player-command","phase":"response","correlationId":"2f03edab-6629-4fff-bbd9-c4ee56e97f05","statusCode":200,"elapsedMs":55}
{"component":"player-command","phase":"request","correlationId":"b41e7df4-57cf-41e2-8b42-5da860b518dd"}
{"component":"player-command","phase":"authorization","correlationId":"b41e7df4-57cf-41e2-8b42-5da860b518dd","outcome":"allowed"}
{"component":"player-command","phase":"response","correlationId":"b41e7df4-57cf-41e2-8b42-5da860b518dd","statusCode":200,"elapsedMs":49}
{"component":"player-command","phase":"request","correlationId":"439892c9-74fd-46c1-b2af-2aecaaf2f7d9"}
{"component":"player-command","phase":"authorization","correlationId":"439892c9-74fd-46c1-b2af-2aecaaf2f7d9","outcome":"allowed"}
{"component":"player-command","phase":"response","correlationId":"439892c9-74fd-46c1-b2af-2aecaaf2f7d9","statusCode":200,"elapsedMs":48}
{"component":"player-command","phase":"request","correlationId":"48d11959-0da6-43fc-9639-e753620b7636"}
{"component":"player-command","phase":"authorization","correlationId":"48d11959-0da6-43fc-9639-e753620b7636","outcome":"allowed"}
{"component":"player-command","phase":"command","correlationId":"48d11959-0da6-43fc-9639-e753620b7636"}
{"component":"player-command","phase":"request","correlationId":"6cb908f2-2708-4bad-9b49-4b775c412684"}
{"component":"player-command","phase":"authorization","correlationId":"6cb908f2-2708-4bad-9b49-4b775c412684","outcome":"allowed"}
{"component":"player-command","phase":"mutation","correlationId":"48d11959-0da6-43fc-9639-e753620b7636","outcome":"completed","replayed":false}
{"component":"player-command","phase":"response","correlationId":"6cb908f2-2708-4bad-9b49-4b775c412684","statusCode":200,"elapsedMs":62}
{"component":"player-command","phase":"consequence","correlationId":"48d11959-0da6-43fc-9639-e753620b7636","replayed":false,"changes":4}
{"component":"player-command","phase":"opportunity","correlationId":"48d11959-0da6-43fc-9639-e753620b7636","replayed":false,"changes":0}
{"component":"player-command","phase":"response","correlationId":"48d11959-0da6-43fc-9639-e753620b7636","statusCode":200,"elapsedMs":120}
{"component":"player-command","phase":"request","correlationId":"d9332f60-f405-4884-91df-c7d2ed42787c"}
{"component":"player-command","phase":"authorization","correlationId":"d9332f60-f405-4884-91df-c7d2ed42787c","outcome":"allowed"}
{"component":"player-command","phase":"response","correlationId":"d9332f60-f405-4884-91df-c7d2ed42787c","statusCode":200,"elapsedMs":62}
{"component":"player-command","phase":"request","correlationId":"78d42f9a-f3a0-432b-8033-f55839f7c23e"}
{"component":"player-command","phase":"authorization","correlationId":"78d42f9a-f3a0-432b-8033-f55839f7c23e","outcome":"allowed"}
{"component":"player-command","phase":"response","correlationId":"78d42f9a-f3a0-432b-8033-f55839f7c23e","statusCode":200,"elapsedMs":48}
{"component":"player-command","phase":"request","correlationId":"1ae72721-823a-4fcb-9fc1-65a357b79306"}
{"component":"player-command","phase":"authorization","correlationId":"1ae72721-823a-4fcb-9fc1-65a357b79306","outcome":"allowed"}
{"component":"player-command","phase":"response","correlationId":"1ae72721-823a-4fcb-9fc1-65a357b79306","statusCode":200,"elapsedMs":48}
{"component":"player-command","phase":"request","correlationId":"42dd38bd-a937-4b0c-b901-f72322b8b8e7"}
{"component":"player-command","phase":"authorization","correlationId":"42dd38bd-a937-4b0c-b901-f72322b8b8e7","outcome":"allowed"}
{"component":"player-command","phase":"response","correlationId":"42dd38bd-a937-4b0c-b901-f72322b8b8e7","statusCode":200,"elapsedMs":56}
{"component":"player-command","phase":"request","correlationId":"fd0940df-ff56-44f9-9d74-ea5bea09583c"}
{"component":"player-command","phase":"authorization","correlationId":"fd0940df-ff56-44f9-9d74-ea5bea09583c","outcome":"allowed"}
{"component":"player-command","phase":"command","correlationId":"fd0940df-ff56-44f9-9d74-ea5bea09583c"}
{"component":"player-command","phase":"request","correlationId":"039a75c0-00c9-4bf7-8a4c-7dcd011a7268"}
{"component":"player-command","phase":"authorization","correlationId":"039a75c0-00c9-4bf7-8a4c-7dcd011a7268","outcome":"allowed"}
{"component":"player-command","phase":"mutation","correlationId":"fd0940df-ff56-44f9-9d74-ea5bea09583c","outcome":"completed","replayed":false}
{"component":"player-command","phase":"response","correlationId":"039a75c0-00c9-4bf7-8a4c-7dcd011a7268","statusCode":200,"elapsedMs":58}
{"component":"player-command","phase":"request","correlationId":"139c17a2-f7b0-4cd0-af20-3b51a540cc40"}
{"component":"player-command","phase":"authorization","correlationId":"139c17a2-f7b0-4cd0-af20-3b51a540cc40","outcome":"allowed"}
{"component":"player-command","phase":"consequence","correlationId":"fd0940df-ff56-44f9-9d74-ea5bea09583c","replayed":false,"changes":9}
{"component":"player-command","phase":"opportunity","correlationId":"fd0940df-ff56-44f9-9d74-ea5bea09583c","replayed":false,"changes":8}
{"component":"player-command","phase":"response","correlationId":"fd0940df-ff56-44f9-9d74-ea5bea09583c","statusCode":200,"elapsedMs":148}
{"component":"player-command","phase":"response","correlationId":"139c17a2-f7b0-4cd0-af20-3b51a540cc40","statusCode":200,"elapsedMs":83}
{"component":"player-command","phase":"request","correlationId":"612f0283-ed33-4a47-9ed4-68c6d5992ca7"}
{"component":"player-command","phase":"authorization","correlationId":"612f0283-ed33-4a47-9ed4-68c6d5992ca7","outcome":"allowed"}
{"component":"player-command","phase":"response","correlationId":"612f0283-ed33-4a47-9ed4-68c6d5992ca7","statusCode":200,"elapsedMs":67}
{"component":"player-command","phase":"request","correlationId":"c3a5ddfd-1205-4f34-9381-59373f4fd09f"}
{"component":"player-command","phase":"authorization","correlationId":"c3a5ddfd-1205-4f34-9381-59373f4fd09f","outcome":"allowed"}
{"component":"player-command","phase":"response","correlationId":"c3a5ddfd-1205-4f34-9381-59373f4fd09f","statusCode":200,"elapsedMs":59}
{"component":"player-command","phase":"request","correlationId":"1f0b9315-e03a-4adc-bcc9-ff99c8dc677c"}
{"component":"player-command","phase":"authorization","correlationId":"1f0b9315-e03a-4adc-bcc9-ff99c8dc677c","outcome":"allowed"}
{"component":"player-command","phase":"response","correlationId":"1f0b9315-e03a-4adc-bcc9-ff99c8dc677c","statusCode":200,"elapsedMs":57}
{"component":"player-command","phase":"request","correlationId":"2b6468a1-d8ae-4127-b111-dfdf4d5f57e3"}
{"component":"player-command","phase":"authorization","correlationId":"2b6468a1-d8ae-4127-b111-dfdf4d5f57e3","outcome":"allowed"}
{"component":"player-command","phase":"response","correlationId":"2b6468a1-d8ae-4127-b111-dfdf4d5f57e3","statusCode":200,"elapsedMs":55}
{"component":"player-command","phase":"request","correlationId":"6350a638-d13f-4d1c-acc5-aa809348ce4a"}
{"component":"player-command","phase":"authorization","correlationId":"6350a638-d13f-4d1c-acc5-aa809348ce4a","outcome":"allowed"}
{"component":"player-command","phase":"command","correlationId":"6350a638-d13f-4d1c-acc5-aa809348ce4a"}
{"component":"player-command","phase":"mutation","correlationId":"6350a638-d13f-4d1c-acc5-aa809348ce4a","outcome":"completed","replayed":false}
{"component":"player-command","phase":"request","correlationId":"e7552e41-de97-4ad9-b8f9-4f9bf7276044"}
{"component":"player-command","phase":"authorization","correlationId":"e7552e41-de97-4ad9-b8f9-4f9bf7276044","outcome":"allowed"}
{"component":"player-command","phase":"response","correlationId":"e7552e41-de97-4ad9-b8f9-4f9bf7276044","statusCode":200,"elapsedMs":53}
{"component":"player-command","phase":"consequence","correlationId":"6350a638-d13f-4d1c-acc5-aa809348ce4a","replayed":false,"changes":1}
{"component":"player-command","phase":"opportunity","correlationId":"6350a638-d13f-4d1c-acc5-aa809348ce4a","replayed":false,"changes":0}
{"component":"player-command","phase":"response","correlationId":"6350a638-d13f-4d1c-acc5-aa809348ce4a","statusCode":200,"elapsedMs":142}
{"component":"player-command","phase":"request","correlationId":"00900d35-111b-41a8-9784-f9d6f6620ce8"}
{"component":"player-command","phase":"authorization","correlationId":"00900d35-111b-41a8-9784-f9d6f6620ce8","outcome":"allowed"}
{"component":"player-command","phase":"response","correlationId":"00900d35-111b-41a8-9784-f9d6f6620ce8","statusCode":200,"elapsedMs":55}
{"component":"player-command","phase":"request","correlationId":"4e4f2f00-06ab-4143-87f0-5ca9432407b9"}
{"component":"player-command","phase":"authorization","correlationId":"4e4f2f00-06ab-4143-87f0-5ca9432407b9","outcome":"allowed"}
{"component":"player-command","phase":"response","correlationId":"4e4f2f00-06ab-4143-87f0-5ca9432407b9","statusCode":200,"elapsedMs":53}
{"component":"player-command","phase":"request","correlationId":"fe57e967-944a-4ac0-8b9c-612a9eba680d"}
{"component":"player-command","phase":"authorization","correlationId":"fe57e967-944a-4ac0-8b9c-612a9eba680d","outcome":"allowed"}
{"component":"player-command","phase":"response","correlationId":"fe57e967-944a-4ac0-8b9c-612a9eba680d","statusCode":200,"elapsedMs":55}
{"component":"player-command","phase":"request","correlationId":"42a355c6-5c50-43f7-9c5f-2017b120bd8b"}
{"component":"player-command","phase":"authorization","correlationId":"42a355c6-5c50-43f7-9c5f-2017b120bd8b","outcome":"allowed"}
{"component":"player-command","phase":"command","correlationId":"42a355c6-5c50-43f7-9c5f-2017b120bd8b"}
{"component":"player-command","phase":"mutation","correlationId":"42a355c6-5c50-43f7-9c5f-2017b120bd8b","outcome":"completed","replayed":false}
{"component":"player-command","phase":"request","correlationId":"9579c5d6-3d3c-4020-81c7-8918a538db87"}
{"component":"player-command","phase":"authorization","correlationId":"9579c5d6-3d3c-4020-81c7-8918a538db87","outcome":"allowed"}
{"component":"player-command","phase":"response","correlationId":"9579c5d6-3d3c-4020-81c7-8918a538db87","statusCode":200,"elapsedMs":52}
{"component":"player-command","phase":"consequence","correlationId":"42a355c6-5c50-43f7-9c5f-2017b120bd8b","replayed":false,"changes":7}
{"component":"player-command","phase":"opportunity","correlationId":"42a355c6-5c50-43f7-9c5f-2017b120bd8b","replayed":false,"changes":6}
{"component":"player-command","phase":"response","correlationId":"42a355c6-5c50-43f7-9c5f-2017b120bd8b","statusCode":200,"elapsedMs":147}
{"component":"player-command","phase":"request","correlationId":"a9f0207d-7403-4f29-9773-9469247eebb8"}
{"component":"player-command","phase":"authorization","correlationId":"a9f0207d-7403-4f29-9773-9469247eebb8","outcome":"allowed"}
{"component":"player-command","phase":"response","correlationId":"a9f0207d-7403-4f29-9773-9469247eebb8","statusCode":200,"elapsedMs":70}
{"component":"player-command","phase":"request","correlationId":"0e9b18da-42ae-44b3-9fe6-9e6536de56bf"}
{"component":"player-command","phase":"authorization","correlationId":"0e9b18da-42ae-44b3-9fe6-9e6536de56bf","outcome":"allowed"}
{"component":"player-command","phase":"response","correlationId":"0e9b18da-42ae-44b3-9fe6-9e6536de56bf","statusCode":200,"elapsedMs":57}
{"component":"player-command","phase":"request","correlationId":"71978d70-ea19-472c-a1bb-773c56fc087f"}
{"component":"player-command","phase":"authorization","correlationId":"71978d70-ea19-472c-a1bb-773c56fc087f","outcome":"allowed"}
{"component":"player-command","phase":"response","correlationId":"71978d70-ea19-472c-a1bb-773c56fc087f","statusCode":200,"elapsedMs":47}
{"component":"player-command","phase":"request","correlationId":"9366c3db-fb87-453b-9058-abd8a3caef0d"}
{"component":"player-command","phase":"authorization","correlationId":"9366c3db-fb87-453b-9058-abd8a3caef0d","outcome":"allowed"}
{"component":"player-command","phase":"response","correlationId":"9366c3db-fb87-453b-9058-abd8a3caef0d","statusCode":200,"elapsedMs":53}
{"component":"player-command","phase":"request","correlationId":"6dc1a5df-367b-460c-b2fd-b13abc848210"}
{"component":"player-command","phase":"authorization","correlationId":"6dc1a5df-367b-460c-b2fd-b13abc848210","outcome":"allowed"}
{"component":"player-command","phase":"command","correlationId":"6dc1a5df-367b-460c-b2fd-b13abc848210"}
{"component":"player-command","phase":"mutation","correlationId":"6dc1a5df-367b-460c-b2fd-b13abc848210","outcome":"completed","replayed":false}
{"component":"player-command","phase":"request","correlationId":"176366ca-83ee-496a-9d16-4199a96db165"}
{"component":"player-command","phase":"authorization","correlationId":"176366ca-83ee-496a-9d16-4199a96db165","outcome":"allowed"}
{"component":"player-command","phase":"consequence","correlationId":"6dc1a5df-367b-460c-b2fd-b13abc848210","replayed":false,"changes":7}
{"component":"player-command","phase":"opportunity","correlationId":"6dc1a5df-367b-460c-b2fd-b13abc848210","replayed":false,"changes":6}
{"component":"player-command","phase":"response","correlationId":"6dc1a5df-367b-460c-b2fd-b13abc848210","statusCode":200,"elapsedMs":123}
{"component":"player-command","phase":"response","correlationId":"176366ca-83ee-496a-9d16-4199a96db165","statusCode":200,"elapsedMs":74}
{"component":"player-command","phase":"request","correlationId":"9df5ada4-6df0-4e8e-be0d-3c78e19b90b0"}
{"component":"player-command","phase":"authorization","correlationId":"9df5ada4-6df0-4e8e-be0d-3c78e19b90b0","outcome":"allowed"}
{"component":"player-command","phase":"response","correlationId":"9df5ada4-6df0-4e8e-be0d-3c78e19b90b0","statusCode":200,"elapsedMs":54}
{"component":"player-command","phase":"request","correlationId":"955edd4d-ace0-4564-8ddb-de7eb5795138"}
{"component":"player-command","phase":"authorization","correlationId":"955edd4d-ace0-4564-8ddb-de7eb5795138","outcome":"allowed"}
{"component":"player-command","phase":"response","correlationId":"955edd4d-ace0-4564-8ddb-de7eb5795138","statusCode":200,"elapsedMs":55}
{"component":"player-command","phase":"request","correlationId":"94d0ccaa-3e16-4f35-960b-1b657f026c8f"}
{"component":"player-command","phase":"authorization","correlationId":"94d0ccaa-3e16-4f35-960b-1b657f026c8f","outcome":"allowed"}
{"component":"player-command","phase":"response","correlationId":"94d0ccaa-3e16-4f35-960b-1b657f026c8f","statusCode":200,"elapsedMs":61}
{"component":"player-command","phase":"request","correlationId":"2462e417-b521-44e7-94f9-8df5c4223a9c"}
{"component":"player-command","phase":"authorization","correlationId":"2462e417-b521-44e7-94f9-8df5c4223a9c","outcome":"allowed"}
{"component":"player-command","phase":"command","correlationId":"2462e417-b521-44e7-94f9-8df5c4223a9c"}
{"component":"player-command","phase":"mutation","correlationId":"2462e417-b521-44e7-94f9-8df5c4223a9c","outcome":"completed","replayed":false}
{"component":"player-command","phase":"request","correlationId":"4b9bec04-1276-48e5-be73-5cd35faf8318"}
{"component":"player-command","phase":"authorization","correlationId":"4b9bec04-1276-48e5-be73-5cd35faf8318","outcome":"allowed"}
{"component":"player-command","phase":"response","correlationId":"4b9bec04-1276-48e5-be73-5cd35faf8318","statusCode":200,"elapsedMs":61}
{"component":"player-command","phase":"consequence","correlationId":"2462e417-b521-44e7-94f9-8df5c4223a9c","replayed":false,"changes":1}
{"component":"player-command","phase":"opportunity","correlationId":"2462e417-b521-44e7-94f9-8df5c4223a9c","replayed":false,"changes":0}
{"component":"player-command","phase":"response","correlationId":"2462e417-b521-44e7-94f9-8df5c4223a9c","statusCode":200,"elapsedMs":148}
{"component":"player-command","phase":"request","correlationId":"6b6ba00f-71e0-47ff-884d-d6a03e395904"}
{"component":"player-command","phase":"authorization","correlationId":"6b6ba00f-71e0-47ff-884d-d6a03e395904","outcome":"allowed"}
{"component":"player-command","phase":"response","correlationId":"6b6ba00f-71e0-47ff-884d-d6a03e395904","statusCode":200,"elapsedMs":67}
{"component":"player-command","phase":"request","correlationId":"05f82080-a33b-423a-9187-1fbfef7fe060"}
{"component":"player-command","phase":"authorization","correlationId":"05f82080-a33b-423a-9187-1fbfef7fe060","outcome":"allowed"}
{"component":"player-command","phase":"response","correlationId":"05f82080-a33b-423a-9187-1fbfef7fe060","statusCode":200,"elapsedMs":60}
{"component":"player-command","phase":"request","correlationId":"a7fd7f85-b2cc-440a-aee3-a16f1792595b"}
{"component":"player-command","phase":"authorization","correlationId":"a7fd7f85-b2cc-440a-aee3-a16f1792595b","outcome":"allowed"}
{"component":"player-command","phase":"response","correlationId":"a7fd7f85-b2cc-440a-aee3-a16f1792595b","statusCode":200,"elapsedMs":61}
{"component":"player-command","phase":"request","correlationId":"2b58ef48-77c6-4d6b-8d0e-5f9e3af0c62b"}
{"component":"player-command","phase":"authorization","correlationId":"2b58ef48-77c6-4d6b-8d0e-5f9e3af0c62b","outcome":"allowed"}
{"component":"player-command","phase":"command","correlationId":"2b58ef48-77c6-4d6b-8d0e-5f9e3af0c62b"}
{"component":"player-command","phase":"mutation","correlationId":"2b58ef48-77c6-4d6b-8d0e-5f9e3af0c62b","outcome":"completed","replayed":false}
{"component":"player-command","phase":"request","correlationId":"c84bb967-1432-4b68-93c4-f2af909d9c5c"}
{"component":"player-command","phase":"authorization","correlationId":"c84bb967-1432-4b68-93c4-f2af909d9c5c","outcome":"allowed"}
{"component":"player-command","phase":"response","correlationId":"c84bb967-1432-4b68-93c4-f2af909d9c5c","statusCode":200,"elapsedMs":59}
{"component":"player-command","phase":"consequence","correlationId":"2b58ef48-77c6-4d6b-8d0e-5f9e3af0c62b","replayed":false,"changes":1}
{"component":"player-command","phase":"opportunity","correlationId":"2b58ef48-77c6-4d6b-8d0e-5f9e3af0c62b","replayed":false,"changes":0}
{"component":"player-command","phase":"response","correlationId":"2b58ef48-77c6-4d6b-8d0e-5f9e3af0c62b","statusCode":200,"elapsedMs":143}
{"component":"player-command","phase":"request","correlationId":"2ac65ae0-dcfd-4b50-a005-6f2b2816217a"}
{"component":"player-command","phase":"authorization","correlationId":"2ac65ae0-dcfd-4b50-a005-6f2b2816217a","outcome":"allowed"}
{"component":"player-command","phase":"response","correlationId":"2ac65ae0-dcfd-4b50-a005-6f2b2816217a","statusCode":200,"elapsedMs":62}
{"component":"player-command","phase":"request","correlationId":"ce89af9d-6d27-4dd0-a4a9-76acfbf6d01a"}
{"component":"player-command","phase":"authorization","correlationId":"ce89af9d-6d27-4dd0-a4a9-76acfbf6d01a","outcome":"allowed"}
{"component":"player-command","phase":"response","correlationId":"ce89af9d-6d27-4dd0-a4a9-76acfbf6d01a","statusCode":200,"elapsedMs":56}
{"component":"player-command","phase":"request","correlationId":"a22186ae-f320-4a5c-966d-b01e2a6d5a43"}
{"component":"player-command","phase":"authorization","correlationId":"a22186ae-f320-4a5c-966d-b01e2a6d5a43","outcome":"allowed"}
{"component":"player-command","phase":"response","correlationId":"a22186ae-f320-4a5c-966d-b01e2a6d5a43","statusCode":200,"elapsedMs":60}
{"component":"player-command","phase":"request","correlationId":"1fab5ea3-2005-41da-a4f2-eb5ae01ef08f"}
{"component":"player-command","phase":"authorization","correlationId":"1fab5ea3-2005-41da-a4f2-eb5ae01ef08f","outcome":"allowed"}
{"component":"player-command","phase":"command","correlationId":"1fab5ea3-2005-41da-a4f2-eb5ae01ef08f"}
{"component":"player-command","phase":"mutation","correlationId":"1fab5ea3-2005-41da-a4f2-eb5ae01ef08f","outcome":"completed","replayed":false}
{"component":"player-command","phase":"request","correlationId":"f1681d4c-2a92-4084-88c8-b22227b6d133"}
{"component":"player-command","phase":"authorization","correlationId":"f1681d4c-2a92-4084-88c8-b22227b6d133","outcome":"allowed"}
{"component":"player-command","phase":"consequence","correlationId":"1fab5ea3-2005-41da-a4f2-eb5ae01ef08f","replayed":false,"changes":1}
{"component":"player-command","phase":"opportunity","correlationId":"1fab5ea3-2005-41da-a4f2-eb5ae01ef08f","replayed":false,"changes":0}
{"component":"player-command","phase":"response","correlationId":"f1681d4c-2a92-4084-88c8-b22227b6d133","statusCode":200,"elapsedMs":69}
{"component":"player-command","phase":"response","correlationId":"1fab5ea3-2005-41da-a4f2-eb5ae01ef08f","statusCode":200,"elapsedMs":142}
{"component":"player-command","phase":"request","correlationId":"e64b928c-7380-49ca-8873-1c832ce1a3c3"}
{"component":"player-command","phase":"authorization","correlationId":"e64b928c-7380-49ca-8873-1c832ce1a3c3","outcome":"allowed"}
{"component":"player-command","phase":"response","correlationId":"e64b928c-7380-49ca-8873-1c832ce1a3c3","statusCode":200,"elapsedMs":67}
{"component":"player-command","phase":"request","correlationId":"76ca3022-1364-4bf6-a5e1-d52ffa310e01"}
{"component":"player-command","phase":"authorization","correlationId":"76ca3022-1364-4bf6-a5e1-d52ffa310e01","outcome":"allowed"}
{"component":"player-command","phase":"response","correlationId":"76ca3022-1364-4bf6-a5e1-d52ffa310e01","statusCode":200,"elapsedMs":70}
{"component":"player-command","phase":"request","correlationId":"f9ff9070-a439-4e30-82bd-8108954cf045"}
{"component":"player-command","phase":"authorization","correlationId":"f9ff9070-a439-4e30-82bd-8108954cf045","outcome":"allowed"}
{"component":"player-command","phase":"response","correlationId":"f9ff9070-a439-4e30-82bd-8108954cf045","statusCode":200,"elapsedMs":66}
{"component":"player-command","phase":"request","correlationId":"009d0b40-c77e-492b-a43e-f5d101997db4"}
{"component":"player-command","phase":"authorization","correlationId":"009d0b40-c77e-492b-a43e-f5d101997db4","outcome":"allowed"}
{"component":"player-command","phase":"response","correlationId":"009d0b40-c77e-492b-a43e-f5d101997db4","statusCode":200,"elapsedMs":68}
{"component":"player-command","phase":"request","correlationId":"3e248756-31df-47ec-ab35-ba01b91a8c30"}
{"component":"player-command","phase":"authorization","correlationId":"3e248756-31df-47ec-ab35-ba01b91a8c30","outcome":"allowed"}
{"component":"player-command","phase":"command","correlationId":"3e248756-31df-47ec-ab35-ba01b91a8c30"}
{"component":"player-command","phase":"mutation","correlationId":"3e248756-31df-47ec-ab35-ba01b91a8c30","outcome":"completed","replayed":false}
{"component":"player-command","phase":"request","correlationId":"fb2dc04f-3c21-43e3-b7d8-abc946ef2c74"}
{"component":"player-command","phase":"authorization","correlationId":"fb2dc04f-3c21-43e3-b7d8-abc946ef2c74","outcome":"allowed"}
{"component":"player-command","phase":"consequence","correlationId":"3e248756-31df-47ec-ab35-ba01b91a8c30","replayed":false,"changes":1}
{"component":"player-command","phase":"opportunity","correlationId":"3e248756-31df-47ec-ab35-ba01b91a8c30","replayed":false,"changes":0}
{"component":"player-command","phase":"response","correlationId":"fb2dc04f-3c21-43e3-b7d8-abc946ef2c74","statusCode":200,"elapsedMs":83}
{"component":"player-command","phase":"response","correlationId":"3e248756-31df-47ec-ab35-ba01b91a8c30","statusCode":200,"elapsedMs":205}
{"component":"player-command","phase":"request","correlationId":"70587663-fe51-40f2-a54a-051f94ee6cad"}
{"component":"player-command","phase":"authorization","correlationId":"70587663-fe51-40f2-a54a-051f94ee6cad","outcome":"allowed"}
{"component":"player-command","phase":"response","correlationId":"70587663-fe51-40f2-a54a-051f94ee6cad","statusCode":200,"elapsedMs":79}
{"component":"player-command","phase":"request","correlationId":"359f0716-919b-4694-9008-d300714276aa"}
{"component":"player-command","phase":"authorization","correlationId":"359f0716-919b-4694-9008-d300714276aa","outcome":"allowed"}
{"component":"player-command","phase":"response","correlationId":"359f0716-919b-4694-9008-d300714276aa","statusCode":200,"elapsedMs":67}
{"component":"player-command","phase":"request","correlationId":"637347b1-d527-408a-bf35-6cd37f8b6c1c"}
{"component":"player-command","phase":"authorization","correlationId":"637347b1-d527-408a-bf35-6cd37f8b6c1c","outcome":"allowed"}
{"component":"player-command","phase":"response","correlationId":"637347b1-d527-408a-bf35-6cd37f8b6c1c","statusCode":200,"elapsedMs":75}
{"component":"player-command","phase":"request","correlationId":"96e5c0e3-4fef-43db-b4ac-a105d925190d"}
{"component":"player-command","phase":"authorization","correlationId":"96e5c0e3-4fef-43db-b4ac-a105d925190d","outcome":"allowed"}
{"component":"player-command","phase":"response","correlationId":"96e5c0e3-4fef-43db-b4ac-a105d925190d","statusCode":200,"elapsedMs":70}
{"component":"player-command","phase":"request","correlationId":"6b20bac6-4284-4cbd-abbd-6c3fdfb1048e"}
{"component":"player-command","phase":"authorization","correlationId":"6b20bac6-4284-4cbd-abbd-6c3fdfb1048e","outcome":"allowed"}
{"component":"player-command","phase":"command","correlationId":"6b20bac6-4284-4cbd-abbd-6c3fdfb1048e"}
{"component":"player-command","phase":"mutation","correlationId":"6b20bac6-4284-4cbd-abbd-6c3fdfb1048e","outcome":"completed","replayed":false}
{"component":"player-command","phase":"request","correlationId":"de5054a2-df76-41b7-90dd-c0f4bab8400e"}
{"component":"player-command","phase":"authorization","correlationId":"de5054a2-df76-41b7-90dd-c0f4bab8400e","outcome":"allowed"}
{"component":"player-command","phase":"consequence","correlationId":"6b20bac6-4284-4cbd-abbd-6c3fdfb1048e","replayed":false,"changes":3}
{"component":"player-command","phase":"opportunity","correlationId":"6b20bac6-4284-4cbd-abbd-6c3fdfb1048e","replayed":false,"changes":2}
{"component":"player-command","phase":"response","correlationId":"6b20bac6-4284-4cbd-abbd-6c3fdfb1048e","statusCode":200,"elapsedMs":143}
{"component":"player-command","phase":"request","correlationId":"cdcad8b0-c011-4036-9815-8f808843bb9f"}
{"component":"player-command","phase":"authorization","correlationId":"cdcad8b0-c011-4036-9815-8f808843bb9f","outcome":"allowed"}
{"component":"player-command","phase":"response","correlationId":"de5054a2-df76-41b7-90dd-c0f4bab8400e","statusCode":200,"elapsedMs":87}
{"component":"player-command","phase":"response","correlationId":"cdcad8b0-c011-4036-9815-8f808843bb9f","statusCode":200,"elapsedMs":72}
{"component":"player-command","phase":"request","correlationId":"954c0e64-ca3f-49a9-bae2-4aa11d6e3a9e"}
{"component":"player-command","phase":"authorization","correlationId":"954c0e64-ca3f-49a9-bae2-4aa11d6e3a9e","outcome":"allowed"}
{"component":"player-command","phase":"response","correlationId":"954c0e64-ca3f-49a9-bae2-4aa11d6e3a9e","statusCode":200,"elapsedMs":56}
{"component":"player-command","phase":"request","correlationId":"f1f66f48-d5b6-44e2-aca3-264f72cd205a"}
{"component":"player-command","phase":"authorization","correlationId":"f1f66f48-d5b6-44e2-aca3-264f72cd205a","outcome":"allowed"}
{"component":"player-command","phase":"response","correlationId":"f1f66f48-d5b6-44e2-aca3-264f72cd205a","statusCode":200,"elapsedMs":54}
{"component":"player-command","phase":"request","correlationId":"23217251-8c81-4b6d-b378-724313c89dc3"}
{"component":"player-command","phase":"authorization","correlationId":"23217251-8c81-4b6d-b378-724313c89dc3","outcome":"allowed"}
{"component":"player-command","phase":"response","correlationId":"23217251-8c81-4b6d-b378-724313c89dc3","statusCode":200,"elapsedMs":56}
{"component":"player-command","phase":"request","correlationId":"a99c872b-45b4-4bb3-88da-a05f24f36922"}
{"component":"player-command","phase":"authorization","correlationId":"a99c872b-45b4-4bb3-88da-a05f24f36922","outcome":"allowed"}
{"component":"player-command","phase":"command","correlationId":"a99c872b-45b4-4bb3-88da-a05f24f36922"}
{"component":"player-command","phase":"mutation","correlationId":"a99c872b-45b4-4bb3-88da-a05f24f36922","outcome":"completed","replayed":false}
{"component":"player-command","phase":"request","correlationId":"3923d5da-9346-44dd-80d8-aa74c9fc2df4"}
{"component":"player-command","phase":"authorization","correlationId":"3923d5da-9346-44dd-80d8-aa74c9fc2df4","outcome":"allowed"}
{"component":"player-command","phase":"consequence","correlationId":"a99c872b-45b4-4bb3-88da-a05f24f36922","replayed":false,"changes":5}
{"component":"player-command","phase":"opportunity","correlationId":"a99c872b-45b4-4bb3-88da-a05f24f36922","replayed":false,"changes":2}
{"component":"player-command","phase":"response","correlationId":"a99c872b-45b4-4bb3-88da-a05f24f36922","statusCode":200,"elapsedMs":147}
{"component":"player-command","phase":"response","correlationId":"3923d5da-9346-44dd-80d8-aa74c9fc2df4","statusCode":200,"elapsedMs":80}
{"component":"player-command","phase":"request","correlationId":"62dfc610-4899-4714-9895-7b306b26d063"}
{"component":"player-command","phase":"authorization","correlationId":"62dfc610-4899-4714-9895-7b306b26d063","outcome":"allowed"}
{"component":"player-command","phase":"response","correlationId":"62dfc610-4899-4714-9895-7b306b26d063","statusCode":200,"elapsedMs":58}
{"component":"player-command","phase":"request","correlationId":"76bd4a1e-b735-4b79-82d3-e8646375301c"}
{"component":"player-command","phase":"authorization","correlationId":"76bd4a1e-b735-4b79-82d3-e8646375301c","outcome":"allowed"}
{"component":"player-command","phase":"response","correlationId":"76bd4a1e-b735-4b79-82d3-e8646375301c","statusCode":200,"elapsedMs":55}
{"component":"player-command","phase":"request","correlationId":"2e7cfd23-b98c-408c-a627-cbb74eb2a7ad"}
{"component":"player-command","phase":"authorization","correlationId":"2e7cfd23-b98c-408c-a627-cbb74eb2a7ad","outcome":"allowed"}
{"component":"player-command","phase":"response","correlationId":"2e7cfd23-b98c-408c-a627-cbb74eb2a7ad","statusCode":200,"elapsedMs":62}
{"component":"player-command","phase":"request","correlationId":"7cb24f64-a0e6-4a7d-bded-c1009d535dde"}
{"component":"player-command","phase":"authorization","correlationId":"7cb24f64-a0e6-4a7d-bded-c1009d535dde","outcome":"allowed"}
{"component":"player-command","phase":"command","correlationId":"7cb24f64-a0e6-4a7d-bded-c1009d535dde"}
{"component":"player-command","phase":"mutation","correlationId":"7cb24f64-a0e6-4a7d-bded-c1009d535dde","outcome":"completed","replayed":false}
{"component":"player-command","phase":"request","correlationId":"f2bff317-64a4-4bdc-8bbc-496aad169c31"}
{"component":"player-command","phase":"authorization","correlationId":"f2bff317-64a4-4bdc-8bbc-496aad169c31","outcome":"allowed"}
{"component":"player-command","phase":"consequence","correlationId":"7cb24f64-a0e6-4a7d-bded-c1009d535dde","replayed":false,"changes":1}
{"component":"player-command","phase":"opportunity","correlationId":"7cb24f64-a0e6-4a7d-bded-c1009d535dde","replayed":false,"changes":0}
{"component":"player-command","phase":"response","correlationId":"7cb24f64-a0e6-4a7d-bded-c1009d535dde","statusCode":200,"elapsedMs":133}
{"component":"player-command","phase":"response","correlationId":"f2bff317-64a4-4bdc-8bbc-496aad169c31","statusCode":200,"elapsedMs":81}
{"component":"player-command","phase":"request","correlationId":"92398b4a-5cec-497d-a460-3629bd05c190"}
{"component":"player-command","phase":"authorization","correlationId":"92398b4a-5cec-497d-a460-3629bd05c190","outcome":"allowed"}
{"component":"player-command","phase":"response","correlationId":"92398b4a-5cec-497d-a460-3629bd05c190","statusCode":200,"elapsedMs":57}
{"component":"player-command","phase":"request","correlationId":"7f9e714a-943e-450f-b290-1292e1f46809"}
{"component":"player-command","phase":"authorization","correlationId":"7f9e714a-943e-450f-b290-1292e1f46809","outcome":"allowed"}
{"component":"player-command","phase":"response","correlationId":"7f9e714a-943e-450f-b290-1292e1f46809","statusCode":200,"elapsedMs":55}
{"component":"player-command","phase":"request","correlationId":"19e4f68c-dba7-4d50-97cf-afb792609586"}
{"component":"player-command","phase":"authorization","correlationId":"19e4f68c-dba7-4d50-97cf-afb792609586","outcome":"allowed"}
{"component":"player-command","phase":"response","correlationId":"19e4f68c-dba7-4d50-97cf-afb792609586","statusCode":200,"elapsedMs":54}
{"component":"player-command","phase":"request","correlationId":"2d6e6e84-fc2d-4e39-9378-ba0eb804788d"}
{"component":"player-command","phase":"authorization","correlationId":"2d6e6e84-fc2d-4e39-9378-ba0eb804788d","outcome":"allowed"}
{"component":"player-command","phase":"command","correlationId":"2d6e6e84-fc2d-4e39-9378-ba0eb804788d"}
{"component":"player-command","phase":"mutation","correlationId":"2d6e6e84-fc2d-4e39-9378-ba0eb804788d","outcome":"completed","replayed":false}
{"component":"player-command","phase":"request","correlationId":"1492785b-32f6-4f4b-9e09-d5c2f177a5a8"}
{"component":"player-command","phase":"authorization","correlationId":"1492785b-32f6-4f4b-9e09-d5c2f177a5a8","outcome":"allowed"}
{"component":"player-command","phase":"consequence","correlationId":"2d6e6e84-fc2d-4e39-9378-ba0eb804788d","replayed":false,"changes":2}
{"component":"player-command","phase":"opportunity","correlationId":"2d6e6e84-fc2d-4e39-9378-ba0eb804788d","replayed":false,"changes":0}
{"component":"player-command","phase":"response","correlationId":"2d6e6e84-fc2d-4e39-9378-ba0eb804788d","statusCode":200,"elapsedMs":130}
{"component":"player-command","phase":"request","correlationId":"59080ee1-8477-46f9-9821-51a58ed0ae30"}
{"component":"player-command","phase":"authorization","correlationId":"59080ee1-8477-46f9-9821-51a58ed0ae30","outcome":"allowed"}
{"component":"player-command","phase":"response","correlationId":"1492785b-32f6-4f4b-9e09-d5c2f177a5a8","statusCode":200,"elapsedMs":76}
{"component":"player-command","phase":"response","correlationId":"59080ee1-8477-46f9-9821-51a58ed0ae30","statusCode":200,"elapsedMs":69}
{"component":"player-command","phase":"request","correlationId":"0cb9e411-e5f1-4437-a907-eca7ed2b3ac4"}
{"component":"player-command","phase":"authorization","correlationId":"0cb9e411-e5f1-4437-a907-eca7ed2b3ac4","outcome":"allowed"}
{"component":"player-command","phase":"response","correlationId":"0cb9e411-e5f1-4437-a907-eca7ed2b3ac4","statusCode":200,"elapsedMs":62}
{"component":"player-command","phase":"request","correlationId":"d7743fb1-c91c-4c7d-ba6d-cb110a5c88b1"}
{"component":"player-command","phase":"authorization","correlationId":"d7743fb1-c91c-4c7d-ba6d-cb110a5c88b1","outcome":"allowed"}
{"component":"player-command","phase":"response","correlationId":"d7743fb1-c91c-4c7d-ba6d-cb110a5c88b1","statusCode":200,"elapsedMs":51}
{"component":"player-command","phase":"request","correlationId":"61fcffa3-db4b-4356-9dba-8676679d74d4"}
{"component":"player-command","phase":"authorization","correlationId":"61fcffa3-db4b-4356-9dba-8676679d74d4","outcome":"allowed"}
{"component":"player-command","phase":"response","correlationId":"61fcffa3-db4b-4356-9dba-8676679d74d4","statusCode":200,"elapsedMs":59}
{"component":"player-command","phase":"request","correlationId":"723f3d93-8ffe-4fb6-88b2-99f0296aefc8"}
{"component":"player-command","phase":"authorization","correlationId":"723f3d93-8ffe-4fb6-88b2-99f0296aefc8","outcome":"allowed"}
{"component":"player-command","phase":"command","correlationId":"723f3d93-8ffe-4fb6-88b2-99f0296aefc8"}
{"component":"player-command","phase":"mutation","correlationId":"723f3d93-8ffe-4fb6-88b2-99f0296aefc8","outcome":"completed","replayed":false}
{"component":"player-command","phase":"request","correlationId":"c9df9f9e-f5c4-4fee-a3c0-981fc97d5018"}
{"component":"player-command","phase":"authorization","correlationId":"c9df9f9e-f5c4-4fee-a3c0-981fc97d5018","outcome":"allowed"}
{"component":"player-command","phase":"response","correlationId":"c9df9f9e-f5c4-4fee-a3c0-981fc97d5018","statusCode":200,"elapsedMs":58}
{"component":"player-command","phase":"consequence","correlationId":"723f3d93-8ffe-4fb6-88b2-99f0296aefc8","replayed":false,"changes":1}
{"component":"player-command","phase":"opportunity","correlationId":"723f3d93-8ffe-4fb6-88b2-99f0296aefc8","replayed":false,"changes":0}
{"component":"player-command","phase":"response","correlationId":"723f3d93-8ffe-4fb6-88b2-99f0296aefc8","statusCode":200,"elapsedMs":152}
{"component":"player-command","phase":"request","correlationId":"57191830-8548-4aa7-8480-29f1753f6eb6"}
{"component":"player-command","phase":"authorization","correlationId":"57191830-8548-4aa7-8480-29f1753f6eb6","outcome":"allowed"}
{"component":"player-command","phase":"response","correlationId":"57191830-8548-4aa7-8480-29f1753f6eb6","statusCode":200,"elapsedMs":60}
{"component":"player-command","phase":"request","correlationId":"bcaa111c-bc0c-4058-a72d-b8abd2dc5416"}
{"component":"player-command","phase":"authorization","correlationId":"bcaa111c-bc0c-4058-a72d-b8abd2dc5416","outcome":"allowed"}
{"component":"player-command","phase":"response","correlationId":"bcaa111c-bc0c-4058-a72d-b8abd2dc5416","statusCode":200,"elapsedMs":62}
{"component":"player-command","phase":"request","correlationId":"9790407e-e6d1-46e4-b028-4eaba1fb0c39"}
{"component":"player-command","phase":"authorization","correlationId":"9790407e-e6d1-46e4-b028-4eaba1fb0c39","outcome":"allowed"}
{"component":"player-command","phase":"response","correlationId":"9790407e-e6d1-46e4-b028-4eaba1fb0c39","statusCode":200,"elapsedMs":61}
{"component":"player-command","phase":"request","correlationId":"a36e5d91-5727-4a38-9905-9450b6d9a4df"}
{"component":"player-command","phase":"authorization","correlationId":"a36e5d91-5727-4a38-9905-9450b6d9a4df","outcome":"allowed"}
{"component":"player-command","phase":"command","correlationId":"a36e5d91-5727-4a38-9905-9450b6d9a4df"}
{"component":"player-command","phase":"mutation","correlationId":"a36e5d91-5727-4a38-9905-9450b6d9a4df","outcome":"completed","replayed":false}
{"component":"player-command","phase":"request","correlationId":"b59d6d1e-5143-41df-b7b1-3557cc20753d"}
{"component":"player-command","phase":"authorization","correlationId":"b59d6d1e-5143-41df-b7b1-3557cc20753d","outcome":"allowed"}
{"component":"player-command","phase":"response","correlationId":"b59d6d1e-5143-41df-b7b1-3557cc20753d","statusCode":200,"elapsedMs":50}
{"component":"player-command","phase":"request","correlationId":"0e40cb7f-5785-4cd4-b301-89dbea5f778d"}
{"component":"player-command","phase":"authorization","correlationId":"0e40cb7f-5785-4cd4-b301-89dbea5f778d","outcome":"allowed"}
{"component":"player-command","phase":"consequence","correlationId":"a36e5d91-5727-4a38-9905-9450b6d9a4df","replayed":false,"changes":21}
{"component":"player-command","phase":"opportunity","correlationId":"a36e5d91-5727-4a38-9905-9450b6d9a4df","replayed":false,"changes":19}
{"component":"player-command","phase":"response","correlationId":"a36e5d91-5727-4a38-9905-9450b6d9a4df","statusCode":200,"elapsedMs":154}
{"component":"player-command","phase":"request","correlationId":"2b330a1c-6650-418d-a6ad-dc069944c8fa"}
{"component":"player-command","phase":"authorization","correlationId":"2b330a1c-6650-418d-a6ad-dc069944c8fa","outcome":"allowed"}
{"component":"player-command","phase":"response","correlationId":"0e40cb7f-5785-4cd4-b301-89dbea5f778d","statusCode":200,"elapsedMs":79}
{"component":"player-command","phase":"response","correlationId":"2b330a1c-6650-418d-a6ad-dc069944c8fa","statusCode":200,"elapsedMs":79}
{"component":"player-command","phase":"request","correlationId":"cd6f791d-9aed-4825-b860-081826acf9c3"}
{"component":"player-command","phase":"authorization","correlationId":"cd6f791d-9aed-4825-b860-081826acf9c3","outcome":"allowed"}
{"component":"player-command","phase":"response","correlationId":"cd6f791d-9aed-4825-b860-081826acf9c3","statusCode":200,"elapsedMs":62}
{"component":"player-command","phase":"request","correlationId":"bfe231c7-39db-429f-acc4-d2f2b41c59f2"}
{"component":"player-command","phase":"authorization","correlationId":"bfe231c7-39db-429f-acc4-d2f2b41c59f2","outcome":"allowed"}
{"component":"player-command","phase":"response","correlationId":"bfe231c7-39db-429f-acc4-d2f2b41c59f2","statusCode":200,"elapsedMs":63}
{"component":"player-command","phase":"request","correlationId":"8c9858e6-3aa5-4459-b012-6fa5e699d204"}
{"component":"player-command","phase":"authorization","correlationId":"8c9858e6-3aa5-4459-b012-6fa5e699d204","outcome":"allowed"}
{"component":"player-command","phase":"response","correlationId":"8c9858e6-3aa5-4459-b012-6fa5e699d204","statusCode":200,"elapsedMs":60}
{"component":"player-command","phase":"request","correlationId":"b69d20cd-d3f3-47ea-984e-cc1e0c963ea7"}
{"component":"player-command","phase":"authorization","correlationId":"b69d20cd-d3f3-47ea-984e-cc1e0c963ea7","outcome":"allowed"}
{"component":"player-command","phase":"response","correlationId":"b69d20cd-d3f3-47ea-984e-cc1e0c963ea7","statusCode":200,"elapsedMs":50}
{"component":"player-command","phase":"request","correlationId":"e455a806-1c41-42df-9a16-f15f351de22d"}
{"component":"player-command","phase":"authorization","correlationId":"e455a806-1c41-42df-9a16-f15f351de22d","outcome":"allowed"}
{"component":"player-command","phase":"command","correlationId":"e455a806-1c41-42df-9a16-f15f351de22d"}
{"component":"player-command","phase":"mutation","correlationId":"e455a806-1c41-42df-9a16-f15f351de22d","outcome":"completed","replayed":false}
{"component":"player-command","phase":"request","correlationId":"a34fb14f-0f70-47df-a161-eb93c1701141"}
{"component":"player-command","phase":"authorization","correlationId":"a34fb14f-0f70-47df-a161-eb93c1701141","outcome":"allowed"}
{"component":"player-command","phase":"consequence","correlationId":"e455a806-1c41-42df-9a16-f15f351de22d","replayed":false,"changes":4}
{"component":"player-command","phase":"opportunity","correlationId":"e455a806-1c41-42df-9a16-f15f351de22d","replayed":false,"changes":0}
{"component":"player-command","phase":"response","correlationId":"e455a806-1c41-42df-9a16-f15f351de22d","statusCode":200,"elapsedMs":118}
{"component":"player-command","phase":"request","correlationId":"f5a4bb6c-5317-4d64-b214-17644fa3249d"}
{"component":"player-command","phase":"authorization","correlationId":"f5a4bb6c-5317-4d64-b214-17644fa3249d","outcome":"allowed"}
{"component":"player-command","phase":"response","correlationId":"a34fb14f-0f70-47df-a161-eb93c1701141","statusCode":200,"elapsedMs":78}
{"component":"player-command","phase":"response","correlationId":"f5a4bb6c-5317-4d64-b214-17644fa3249d","statusCode":200,"elapsedMs":65}
{"component":"player-command","phase":"request","correlationId":"22b437a8-ad96-49d3-99b1-1ce662161f69"}
{"component":"player-command","phase":"authorization","correlationId":"22b437a8-ad96-49d3-99b1-1ce662161f69","outcome":"allowed"}
{"component":"player-command","phase":"response","correlationId":"22b437a8-ad96-49d3-99b1-1ce662161f69","statusCode":200,"elapsedMs":50}
{"component":"player-command","phase":"request","correlationId":"89120cfd-1827-40ef-9466-a12106c47472"}
{"component":"player-command","phase":"authorization","correlationId":"89120cfd-1827-40ef-9466-a12106c47472","outcome":"allowed"}
{"component":"player-command","phase":"response","correlationId":"89120cfd-1827-40ef-9466-a12106c47472","statusCode":200,"elapsedMs":51}
{"component":"player-command","phase":"request","correlationId":"fb4ba8e3-90ca-4b04-8777-feb8d6cee7af"}
{"component":"player-command","phase":"authorization","correlationId":"fb4ba8e3-90ca-4b04-8777-feb8d6cee7af","outcome":"allowed"}
{"component":"player-command","phase":"response","correlationId":"fb4ba8e3-90ca-4b04-8777-feb8d6cee7af","statusCode":200,"elapsedMs":57}
{"component":"player-command","phase":"request","correlationId":"26a9ac61-4ba7-4a23-a73e-24ad95bb25b5"}
{"component":"player-command","phase":"authorization","correlationId":"26a9ac61-4ba7-4a23-a73e-24ad95bb25b5","outcome":"allowed"}
{"component":"player-command","phase":"command","correlationId":"26a9ac61-4ba7-4a23-a73e-24ad95bb25b5"}
{"component":"player-command","phase":"request","correlationId":"3580903f-47d7-4f3b-ada6-d80d4d43c0c5"}
{"component":"player-command","phase":"authorization","correlationId":"3580903f-47d7-4f3b-ada6-d80d4d43c0c5","outcome":"allowed"}
{"component":"player-command","phase":"mutation","correlationId":"26a9ac61-4ba7-4a23-a73e-24ad95bb25b5","outcome":"completed","replayed":false}
{"component":"player-command","phase":"response","correlationId":"3580903f-47d7-4f3b-ada6-d80d4d43c0c5","statusCode":200,"elapsedMs":62}
{"component":"player-command","phase":"request","correlationId":"ed0d5427-6186-4974-b8bc-2700bdbf3e74"}
{"component":"player-command","phase":"authorization","correlationId":"ed0d5427-6186-4974-b8bc-2700bdbf3e74","outcome":"allowed"}
{"component":"player-command","phase":"consequence","correlationId":"26a9ac61-4ba7-4a23-a73e-24ad95bb25b5","replayed":false,"changes":9}
{"component":"player-command","phase":"opportunity","correlationId":"26a9ac61-4ba7-4a23-a73e-24ad95bb25b5","replayed":false,"changes":8}
{"component":"player-command","phase":"response","correlationId":"26a9ac61-4ba7-4a23-a73e-24ad95bb25b5","statusCode":200,"elapsedMs":152}
{"component":"player-command","phase":"response","correlationId":"ed0d5427-6186-4974-b8bc-2700bdbf3e74","statusCode":200,"elapsedMs":75}
{"component":"player-command","phase":"request","correlationId":"5d9cb18d-002b-49f8-894c-5d5925f3894b"}
{"component":"player-command","phase":"authorization","correlationId":"5d9cb18d-002b-49f8-894c-5d5925f3894b","outcome":"allowed"}
{"component":"player-command","phase":"response","correlationId":"5d9cb18d-002b-49f8-894c-5d5925f3894b","statusCode":200,"elapsedMs":58}
{"component":"player-command","phase":"request","correlationId":"9c8c9d29-2b69-4a9f-a0e9-94aadc986aa2"}
{"component":"player-command","phase":"authorization","correlationId":"9c8c9d29-2b69-4a9f-a0e9-94aadc986aa2","outcome":"allowed"}
{"component":"player-command","phase":"response","correlationId":"9c8c9d29-2b69-4a9f-a0e9-94aadc986aa2","statusCode":200,"elapsedMs":56}
{"component":"player-command","phase":"request","correlationId":"5f025e52-f921-4136-bad1-a9330c17e56d"}
{"component":"player-command","phase":"authorization","correlationId":"5f025e52-f921-4136-bad1-a9330c17e56d","outcome":"allowed"}
{"component":"player-command","phase":"response","correlationId":"5f025e52-f921-4136-bad1-a9330c17e56d","statusCode":200,"elapsedMs":55}
{"component":"player-command","phase":"request","correlationId":"fc7cd97c-d863-4e61-a754-80f14813515a"}
{"component":"player-command","phase":"authorization","correlationId":"fc7cd97c-d863-4e61-a754-80f14813515a","outcome":"allowed"}
{"component":"player-command","phase":"response","correlationId":"fc7cd97c-d863-4e61-a754-80f14813515a","statusCode":200,"elapsedMs":53}
{"component":"player-command","phase":"request","correlationId":"0c732711-927c-494b-aef4-080a414e5541"}
{"component":"player-command","phase":"authorization","correlationId":"0c732711-927c-494b-aef4-080a414e5541","outcome":"allowed"}
{"component":"player-command","phase":"command","correlationId":"0c732711-927c-494b-aef4-080a414e5541"}
{"component":"player-command","phase":"mutation","correlationId":"0c732711-927c-494b-aef4-080a414e5541","outcome":"completed","replayed":false}
{"component":"player-command","phase":"request","correlationId":"8681d8a5-1a8b-47da-bafb-43627229c1dd"}
{"component":"player-command","phase":"authorization","correlationId":"8681d8a5-1a8b-47da-bafb-43627229c1dd","outcome":"allowed"}
{"component":"player-command","phase":"response","correlationId":"8681d8a5-1a8b-47da-bafb-43627229c1dd","statusCode":200,"elapsedMs":56}
{"component":"player-command","phase":"consequence","correlationId":"0c732711-927c-494b-aef4-080a414e5541","replayed":false,"changes":1}
{"component":"player-command","phase":"opportunity","correlationId":"0c732711-927c-494b-aef4-080a414e5541","replayed":false,"changes":0}
{"component":"player-command","phase":"response","correlationId":"0c732711-927c-494b-aef4-080a414e5541","statusCode":200,"elapsedMs":147}
{"component":"player-command","phase":"request","correlationId":"8b3ed2e7-f9c8-438a-a589-8bb4bb318dc4"}
{"component":"player-command","phase":"authorization","correlationId":"8b3ed2e7-f9c8-438a-a589-8bb4bb318dc4","outcome":"allowed"}
{"component":"player-command","phase":"response","correlationId":"8b3ed2e7-f9c8-438a-a589-8bb4bb318dc4","statusCode":200,"elapsedMs":65}
{"component":"player-command","phase":"request","correlationId":"a13f8cac-a08c-4a6b-92cd-d50fa0f05e6b"}
{"component":"player-command","phase":"authorization","correlationId":"a13f8cac-a08c-4a6b-92cd-d50fa0f05e6b","outcome":"allowed"}
{"component":"player-command","phase":"response","correlationId":"a13f8cac-a08c-4a6b-92cd-d50fa0f05e6b","statusCode":200,"elapsedMs":62}
{"component":"player-command","phase":"request","correlationId":"2e6631a0-8e91-40eb-9f60-97a6455f93b4"}
{"component":"player-command","phase":"authorization","correlationId":"2e6631a0-8e91-40eb-9f60-97a6455f93b4","outcome":"allowed"}
{"component":"player-command","phase":"response","correlationId":"2e6631a0-8e91-40eb-9f60-97a6455f93b4","statusCode":200,"elapsedMs":58}
{"component":"player-command","phase":"request","correlationId":"37183a69-8e32-41f7-96b7-dafcaedc0529"}
{"component":"player-command","phase":"authorization","correlationId":"37183a69-8e32-41f7-96b7-dafcaedc0529","outcome":"allowed"}
{"component":"player-command","phase":"command","correlationId":"37183a69-8e32-41f7-96b7-dafcaedc0529"}
{"component":"player-command","phase":"mutation","correlationId":"37183a69-8e32-41f7-96b7-dafcaedc0529","outcome":"completed","replayed":false}
{"component":"player-command","phase":"request","correlationId":"3c426be3-a776-47be-98ad-8bdddbcb4426"}
{"component":"player-command","phase":"authorization","correlationId":"3c426be3-a776-47be-98ad-8bdddbcb4426","outcome":"allowed"}
{"component":"player-command","phase":"response","correlationId":"3c426be3-a776-47be-98ad-8bdddbcb4426","statusCode":200,"elapsedMs":58}
{"component":"player-command","phase":"consequence","correlationId":"37183a69-8e32-41f7-96b7-dafcaedc0529","replayed":false,"changes":7}
{"component":"player-command","phase":"opportunity","correlationId":"37183a69-8e32-41f7-96b7-dafcaedc0529","replayed":false,"changes":6}
{"component":"player-command","phase":"response","correlationId":"37183a69-8e32-41f7-96b7-dafcaedc0529","statusCode":200,"elapsedMs":153}
{"component":"player-command","phase":"request","correlationId":"a59d0d2d-8848-4dd7-b5fb-873b210d5388"}
{"component":"player-command","phase":"authorization","correlationId":"a59d0d2d-8848-4dd7-b5fb-873b210d5388","outcome":"allowed"}
{"component":"player-command","phase":"response","correlationId":"a59d0d2d-8848-4dd7-b5fb-873b210d5388","statusCode":200,"elapsedMs":62}
{"component":"player-command","phase":"request","correlationId":"91cc4559-e360-4429-8041-edd8e329f7dd"}
{"component":"player-command","phase":"authorization","correlationId":"91cc4559-e360-4429-8041-edd8e329f7dd","outcome":"allowed"}
{"component":"player-command","phase":"response","correlationId":"91cc4559-e360-4429-8041-edd8e329f7dd","statusCode":200,"elapsedMs":59}
{"component":"player-command","phase":"request","correlationId":"4a1256dd-bc4a-4a2c-b6bb-9f6f7c8bade2"}
{"component":"player-command","phase":"authorization","correlationId":"4a1256dd-bc4a-4a2c-b6bb-9f6f7c8bade2","outcome":"allowed"}
{"component":"player-command","phase":"response","correlationId":"4a1256dd-bc4a-4a2c-b6bb-9f6f7c8bade2","statusCode":200,"elapsedMs":51}
{"component":"player-command","phase":"request","correlationId":"fe5bbc58-6cb7-43e2-9cdf-0fa088e05238"}
{"component":"player-command","phase":"authorization","correlationId":"fe5bbc58-6cb7-43e2-9cdf-0fa088e05238","outcome":"allowed"}
{"component":"player-command","phase":"response","correlationId":"fe5bbc58-6cb7-43e2-9cdf-0fa088e05238","statusCode":200,"elapsedMs":52}
{"component":"player-command","phase":"request","correlationId":"f02d85f4-5e75-4bf3-b457-8b429649c1a2"}
{"component":"player-command","phase":"authorization","correlationId":"f02d85f4-5e75-4bf3-b457-8b429649c1a2","outcome":"allowed"}
{"component":"player-command","phase":"command","correlationId":"f02d85f4-5e75-4bf3-b457-8b429649c1a2"}
{"component":"player-command","phase":"mutation","correlationId":"f02d85f4-5e75-4bf3-b457-8b429649c1a2","outcome":"completed","replayed":false}
{"component":"player-command","phase":"request","correlationId":"48691782-9a52-41dd-a02b-5e19f2977fce"}
{"component":"player-command","phase":"authorization","correlationId":"48691782-9a52-41dd-a02b-5e19f2977fce","outcome":"allowed"}
{"component":"player-command","phase":"consequence","correlationId":"f02d85f4-5e75-4bf3-b457-8b429649c1a2","replayed":false,"changes":7}
{"component":"player-command","phase":"opportunity","correlationId":"f02d85f4-5e75-4bf3-b457-8b429649c1a2","replayed":false,"changes":6}
{"component":"player-command","phase":"response","correlationId":"f02d85f4-5e75-4bf3-b457-8b429649c1a2","statusCode":200,"elapsedMs":129}
{"component":"player-command","phase":"response","correlationId":"48691782-9a52-41dd-a02b-5e19f2977fce","statusCode":200,"elapsedMs":80}
{"component":"player-command","phase":"request","correlationId":"ab6f56b1-d7e1-43aa-aa32-4e51adb83392"}
{"component":"player-command","phase":"authorization","correlationId":"ab6f56b1-d7e1-43aa-aa32-4e51adb83392","outcome":"allowed"}
{"component":"player-command","phase":"response","correlationId":"ab6f56b1-d7e1-43aa-aa32-4e51adb83392","statusCode":200,"elapsedMs":57}
{"component":"player-command","phase":"request","correlationId":"26324fdf-2d6b-4a2f-ba24-1fc1b27296c8"}
{"component":"player-command","phase":"authorization","correlationId":"26324fdf-2d6b-4a2f-ba24-1fc1b27296c8","outcome":"allowed"}
{"component":"player-command","phase":"response","correlationId":"26324fdf-2d6b-4a2f-ba24-1fc1b27296c8","statusCode":200,"elapsedMs":52}
{"component":"player-command","phase":"request","correlationId":"79cd0477-184e-4463-875c-191d8a7fd779"}
{"component":"player-command","phase":"authorization","correlationId":"79cd0477-184e-4463-875c-191d8a7fd779","outcome":"allowed"}
{"component":"player-command","phase":"response","correlationId":"79cd0477-184e-4463-875c-191d8a7fd779","statusCode":200,"elapsedMs":61}
{"component":"player-command","phase":"request","correlationId":"210557ee-3249-47e0-b4b6-c81701e41f7f"}
{"component":"player-command","phase":"authorization","correlationId":"210557ee-3249-47e0-b4b6-c81701e41f7f","outcome":"allowed"}
{"component":"player-command","phase":"command","correlationId":"210557ee-3249-47e0-b4b6-c81701e41f7f"}
{"component":"player-command","phase":"mutation","correlationId":"210557ee-3249-47e0-b4b6-c81701e41f7f","outcome":"completed","replayed":false}
{"component":"player-command","phase":"request","correlationId":"12e383ec-8574-4b46-8e09-18e32fd5693d"}
{"component":"player-command","phase":"authorization","correlationId":"12e383ec-8574-4b46-8e09-18e32fd5693d","outcome":"allowed"}
{"component":"player-command","phase":"consequence","correlationId":"210557ee-3249-47e0-b4b6-c81701e41f7f","replayed":false,"changes":1}
{"component":"player-command","phase":"opportunity","correlationId":"210557ee-3249-47e0-b4b6-c81701e41f7f","replayed":false,"changes":0}
{"component":"player-command","phase":"response","correlationId":"12e383ec-8574-4b46-8e09-18e32fd5693d","statusCode":200,"elapsedMs":71}
{"component":"player-command","phase":"response","correlationId":"210557ee-3249-47e0-b4b6-c81701e41f7f","statusCode":200,"elapsedMs":150}
{"component":"player-command","phase":"request","correlationId":"a039571d-b7e1-4784-a908-c82482a13300"}
{"component":"player-command","phase":"authorization","correlationId":"a039571d-b7e1-4784-a908-c82482a13300","outcome":"allowed"}
{"component":"player-command","phase":"response","correlationId":"a039571d-b7e1-4784-a908-c82482a13300","statusCode":200,"elapsedMs":71}
{"component":"player-command","phase":"request","correlationId":"ab17b8a2-97b4-42ca-b63f-6144eda3131e"}
{"component":"player-command","phase":"authorization","correlationId":"ab17b8a2-97b4-42ca-b63f-6144eda3131e","outcome":"allowed"}
{"component":"player-command","phase":"response","correlationId":"ab17b8a2-97b4-42ca-b63f-6144eda3131e","statusCode":200,"elapsedMs":64}
{"component":"player-command","phase":"request","correlationId":"b507f236-b7ed-4d43-aa40-4a77a8ad02d6"}
{"component":"player-command","phase":"authorization","correlationId":"b507f236-b7ed-4d43-aa40-4a77a8ad02d6","outcome":"allowed"}
{"component":"player-command","phase":"response","correlationId":"b507f236-b7ed-4d43-aa40-4a77a8ad02d6","statusCode":200,"elapsedMs":63}
{"component":"player-command","phase":"request","correlationId":"692e2c32-1848-46b9-a1b0-16a0d5f2c71b"}
{"component":"player-command","phase":"authorization","correlationId":"692e2c32-1848-46b9-a1b0-16a0d5f2c71b","outcome":"allowed"}
{"component":"player-command","phase":"response","correlationId":"692e2c32-1848-46b9-a1b0-16a0d5f2c71b","statusCode":200,"elapsedMs":65}
{"component":"player-command","phase":"request","correlationId":"030c9877-c506-407c-991f-11188e2689f2"}
{"component":"player-command","phase":"authorization","correlationId":"030c9877-c506-407c-991f-11188e2689f2","outcome":"allowed"}
{"component":"player-command","phase":"command","correlationId":"030c9877-c506-407c-991f-11188e2689f2"}
{"component":"player-command","phase":"mutation","correlationId":"030c9877-c506-407c-991f-11188e2689f2","outcome":"completed","replayed":false}
{"component":"player-command","phase":"request","correlationId":"ce05917d-0834-4e8a-a5ee-2561073b5b7f"}
{"component":"player-command","phase":"authorization","correlationId":"ce05917d-0834-4e8a-a5ee-2561073b5b7f","outcome":"allowed"}
{"component":"player-command","phase":"response","correlationId":"ce05917d-0834-4e8a-a5ee-2561073b5b7f","statusCode":200,"elapsedMs":56}
{"component":"player-command","phase":"consequence","correlationId":"030c9877-c506-407c-991f-11188e2689f2","replayed":false,"changes":1}
{"component":"player-command","phase":"opportunity","correlationId":"030c9877-c506-407c-991f-11188e2689f2","replayed":false,"changes":0}
{"component":"player-command","phase":"response","correlationId":"030c9877-c506-407c-991f-11188e2689f2","statusCode":200,"elapsedMs":158}
{"component":"player-command","phase":"request","correlationId":"c581f79a-5786-4c86-9211-63acfb8d6b2c"}
{"component":"player-command","phase":"authorization","correlationId":"c581f79a-5786-4c86-9211-63acfb8d6b2c","outcome":"allowed"}
{"component":"player-command","phase":"response","correlationId":"c581f79a-5786-4c86-9211-63acfb8d6b2c","statusCode":200,"elapsedMs":70}
{"component":"player-command","phase":"request","correlationId":"0b3a2ea9-546b-470d-b836-1bf2c642d686"}
{"component":"player-command","phase":"authorization","correlationId":"0b3a2ea9-546b-470d-b836-1bf2c642d686","outcome":"allowed"}
{"component":"player-command","phase":"response","correlationId":"0b3a2ea9-546b-470d-b836-1bf2c642d686","statusCode":200,"elapsedMs":62}
{"component":"player-command","phase":"request","correlationId":"864bb802-be36-46bf-88f8-b0f415270b4a"}
{"component":"player-command","phase":"authorization","correlationId":"864bb802-be36-46bf-88f8-b0f415270b4a","outcome":"allowed"}
{"component":"player-command","phase":"response","correlationId":"864bb802-be36-46bf-88f8-b0f415270b4a","statusCode":200,"elapsedMs":59}
{"component":"player-command","phase":"request","correlationId":"5c826ea3-2398-422b-ac0d-38818d14e893"}
{"component":"player-command","phase":"authorization","correlationId":"5c826ea3-2398-422b-ac0d-38818d14e893","outcome":"allowed"}
{"component":"player-command","phase":"response","correlationId":"5c826ea3-2398-422b-ac0d-38818d14e893","statusCode":200,"elapsedMs":63}
{"component":"player-command","phase":"request","correlationId":"14b978c1-23da-4423-b1fb-ca76ab9db400"}
{"component":"player-command","phase":"authorization","correlationId":"14b978c1-23da-4423-b1fb-ca76ab9db400","outcome":"allowed"}
{"component":"player-command","phase":"command","correlationId":"14b978c1-23da-4423-b1fb-ca76ab9db400"}
{"component":"player-command","phase":"mutation","correlationId":"14b978c1-23da-4423-b1fb-ca76ab9db400","outcome":"completed","replayed":false}
{"component":"player-command","phase":"request","correlationId":"5305a856-d271-4364-bed9-0ffbc0fc0512"}
{"component":"player-command","phase":"authorization","correlationId":"5305a856-d271-4364-bed9-0ffbc0fc0512","outcome":"allowed"}
{"component":"player-command","phase":"response","correlationId":"5305a856-d271-4364-bed9-0ffbc0fc0512","statusCode":200,"elapsedMs":71}
{"component":"player-command","phase":"consequence","correlationId":"14b978c1-23da-4423-b1fb-ca76ab9db400","replayed":false,"changes":1}
{"component":"player-command","phase":"opportunity","correlationId":"14b978c1-23da-4423-b1fb-ca76ab9db400","replayed":false,"changes":0}
{"component":"player-command","phase":"response","correlationId":"14b978c1-23da-4423-b1fb-ca76ab9db400","statusCode":200,"elapsedMs":164}
{"component":"player-command","phase":"request","correlationId":"d2bf07ba-c7d7-4467-bb13-9858f90b9d8e"}
{"component":"player-command","phase":"authorization","correlationId":"d2bf07ba-c7d7-4467-bb13-9858f90b9d8e","outcome":"allowed"}
{"component":"player-command","phase":"response","correlationId":"d2bf07ba-c7d7-4467-bb13-9858f90b9d8e","statusCode":200,"elapsedMs":71}
{"component":"player-command","phase":"request","correlationId":"e1b4ad45-0032-4df2-a100-53edefd3bdca"}
{"component":"player-command","phase":"authorization","correlationId":"e1b4ad45-0032-4df2-a100-53edefd3bdca","outcome":"allowed"}
{"component":"player-command","phase":"response","correlationId":"e1b4ad45-0032-4df2-a100-53edefd3bdca","statusCode":200,"elapsedMs":64}
{"component":"player-command","phase":"request","correlationId":"d66da4fc-b8cd-4f27-b04b-74c00fc3d3c8"}
{"component":"player-command","phase":"authorization","correlationId":"d66da4fc-b8cd-4f27-b04b-74c00fc3d3c8","outcome":"allowed"}
{"component":"player-command","phase":"response","correlationId":"d66da4fc-b8cd-4f27-b04b-74c00fc3d3c8","statusCode":200,"elapsedMs":81}
{"component":"player-command","phase":"request","correlationId":"57e9a542-a487-49d7-b4e9-457ce3043d83"}
{"component":"player-command","phase":"authorization","correlationId":"57e9a542-a487-49d7-b4e9-457ce3043d83","outcome":"allowed"}
{"component":"player-command","phase":"command","correlationId":"57e9a542-a487-49d7-b4e9-457ce3043d83"}
{"component":"player-command","phase":"mutation","correlationId":"57e9a542-a487-49d7-b4e9-457ce3043d83","outcome":"completed","replayed":false}
{"component":"player-command","phase":"request","correlationId":"4347e569-72ca-4581-a043-0c0d0ff89f9b"}
{"component":"player-command","phase":"authorization","correlationId":"4347e569-72ca-4581-a043-0c0d0ff89f9b","outcome":"allowed"}
{"component":"player-command","phase":"response","correlationId":"4347e569-72ca-4581-a043-0c0d0ff89f9b","statusCode":200,"elapsedMs":57}
{"component":"player-command","phase":"consequence","correlationId":"57e9a542-a487-49d7-b4e9-457ce3043d83","replayed":false,"changes":1}
{"component":"player-command","phase":"opportunity","correlationId":"57e9a542-a487-49d7-b4e9-457ce3043d83","replayed":false,"changes":0}
{"component":"player-command","phase":"response","correlationId":"57e9a542-a487-49d7-b4e9-457ce3043d83","statusCode":200,"elapsedMs":177}
{"component":"player-command","phase":"request","correlationId":"a207e83b-c1a5-4dcc-842e-e4973f9f472a"}
{"component":"player-command","phase":"authorization","correlationId":"a207e83b-c1a5-4dcc-842e-e4973f9f472a","outcome":"allowed"}
{"component":"player-command","phase":"response","correlationId":"a207e83b-c1a5-4dcc-842e-e4973f9f472a","statusCode":200,"elapsedMs":69}
{"component":"player-command","phase":"request","correlationId":"c65b53fe-2ba9-4b27-a4ef-74aaec18703e"}
{"component":"player-command","phase":"authorization","correlationId":"c65b53fe-2ba9-4b27-a4ef-74aaec18703e","outcome":"allowed"}
{"component":"player-command","phase":"response","correlationId":"c65b53fe-2ba9-4b27-a4ef-74aaec18703e","statusCode":200,"elapsedMs":71}
{"component":"player-command","phase":"request","correlationId":"e6940672-37f4-42ec-a689-7b1432add1a4"}
{"component":"player-command","phase":"authorization","correlationId":"e6940672-37f4-42ec-a689-7b1432add1a4","outcome":"allowed"}
{"component":"player-command","phase":"response","correlationId":"e6940672-37f4-42ec-a689-7b1432add1a4","statusCode":200,"elapsedMs":62}
{"component":"player-command","phase":"request","correlationId":"d05dd706-4ebe-4516-ad3f-a9ae1f52e253"}
{"component":"player-command","phase":"authorization","correlationId":"d05dd706-4ebe-4516-ad3f-a9ae1f52e253","outcome":"allowed"}
{"component":"player-command","phase":"command","correlationId":"d05dd706-4ebe-4516-ad3f-a9ae1f52e253"}
{"component":"player-command","phase":"mutation","correlationId":"d05dd706-4ebe-4516-ad3f-a9ae1f52e253","outcome":"completed","replayed":false}
{"component":"player-command","phase":"request","correlationId":"bd8d580a-268e-4c8a-b5a3-f7c8d2635294"}
{"component":"player-command","phase":"authorization","correlationId":"bd8d580a-268e-4c8a-b5a3-f7c8d2635294","outcome":"allowed"}
{"component":"player-command","phase":"consequence","correlationId":"d05dd706-4ebe-4516-ad3f-a9ae1f52e253","replayed":false,"changes":3}
{"component":"player-command","phase":"opportunity","correlationId":"d05dd706-4ebe-4516-ad3f-a9ae1f52e253","replayed":false,"changes":2}
{"component":"player-command","phase":"response","correlationId":"d05dd706-4ebe-4516-ad3f-a9ae1f52e253","statusCode":200,"elapsedMs":137}
{"component":"player-command","phase":"response","correlationId":"bd8d580a-268e-4c8a-b5a3-f7c8d2635294","statusCode":200,"elapsedMs":80}
{"component":"player-command","phase":"request","correlationId":"6efcfcbb-88ab-4dfd-8945-65b36a798396"}
{"component":"player-command","phase":"authorization","correlationId":"6efcfcbb-88ab-4dfd-8945-65b36a798396","outcome":"allowed"}
{"component":"player-command","phase":"response","correlationId":"6efcfcbb-88ab-4dfd-8945-65b36a798396","statusCode":200,"elapsedMs":58}
{"component":"player-command","phase":"request","correlationId":"bd559b81-1228-4575-89b0-e25dde64d287"}
{"component":"player-command","phase":"authorization","correlationId":"bd559b81-1228-4575-89b0-e25dde64d287","outcome":"allowed"}
{"component":"player-command","phase":"response","correlationId":"bd559b81-1228-4575-89b0-e25dde64d287","statusCode":200,"elapsedMs":54}
{"component":"player-command","phase":"request","correlationId":"cfda4bd4-e399-4dde-a743-cd81b837769e"}
{"component":"player-command","phase":"authorization","correlationId":"cfda4bd4-e399-4dde-a743-cd81b837769e","outcome":"allowed"}
{"component":"player-command","phase":"response","correlationId":"cfda4bd4-e399-4dde-a743-cd81b837769e","statusCode":200,"elapsedMs":54}
{"component":"player-command","phase":"request","correlationId":"6f5edce7-0288-4186-a0b4-a49af01c3bd9"}
{"component":"player-command","phase":"authorization","correlationId":"6f5edce7-0288-4186-a0b4-a49af01c3bd9","outcome":"allowed"}
{"component":"player-command","phase":"command","correlationId":"6f5edce7-0288-4186-a0b4-a49af01c3bd9"}
{"component":"player-command","phase":"mutation","correlationId":"6f5edce7-0288-4186-a0b4-a49af01c3bd9","outcome":"completed","replayed":false}
{"component":"player-command","phase":"request","correlationId":"e6f37d11-ef38-4b31-b8f4-3cc1c8e2bb00"}
{"component":"player-command","phase":"authorization","correlationId":"e6f37d11-ef38-4b31-b8f4-3cc1c8e2bb00","outcome":"allowed"}
{"component":"player-command","phase":"consequence","correlationId":"6f5edce7-0288-4186-a0b4-a49af01c3bd9","replayed":false,"changes":5}
{"component":"player-command","phase":"opportunity","correlationId":"6f5edce7-0288-4186-a0b4-a49af01c3bd9","replayed":false,"changes":2}
{"component":"player-command","phase":"response","correlationId":"6f5edce7-0288-4186-a0b4-a49af01c3bd9","statusCode":200,"elapsedMs":148}
{"component":"player-command","phase":"request","correlationId":"5cea40da-0658-4024-b4c6-70370312c9ef"}
{"component":"player-command","phase":"authorization","correlationId":"5cea40da-0658-4024-b4c6-70370312c9ef","outcome":"allowed"}
{"component":"player-command","phase":"response","correlationId":"e6f37d11-ef38-4b31-b8f4-3cc1c8e2bb00","statusCode":200,"elapsedMs":84}
{"component":"player-command","phase":"response","correlationId":"5cea40da-0658-4024-b4c6-70370312c9ef","statusCode":200,"elapsedMs":77}
{"component":"player-command","phase":"request","correlationId":"b69f0f76-f9d2-40eb-bc1c-3f154c4832f2"}
{"component":"player-command","phase":"authorization","correlationId":"b69f0f76-f9d2-40eb-bc1c-3f154c4832f2","outcome":"allowed"}
{"component":"player-command","phase":"response","correlationId":"b69f0f76-f9d2-40eb-bc1c-3f154c4832f2","statusCode":200,"elapsedMs":58}
{"component":"player-command","phase":"request","correlationId":"fbf9b55e-789d-4a31-be02-9956447d55f7"}
{"component":"player-command","phase":"authorization","correlationId":"fbf9b55e-789d-4a31-be02-9956447d55f7","outcome":"allowed"}
{"component":"player-command","phase":"response","correlationId":"fbf9b55e-789d-4a31-be02-9956447d55f7","statusCode":200,"elapsedMs":51}
{"component":"player-command","phase":"request","correlationId":"a6373a94-6202-4cf9-b756-8b7ebd1452f5"}
{"component":"player-command","phase":"authorization","correlationId":"a6373a94-6202-4cf9-b756-8b7ebd1452f5","outcome":"allowed"}
{"component":"player-command","phase":"response","correlationId":"a6373a94-6202-4cf9-b756-8b7ebd1452f5","statusCode":200,"elapsedMs":52}
{"component":"player-command","phase":"request","correlationId":"db495ee3-7aa9-4516-b761-24da8e8f5230"}
{"component":"player-command","phase":"authorization","correlationId":"db495ee3-7aa9-4516-b761-24da8e8f5230","outcome":"allowed"}
{"component":"player-command","phase":"command","correlationId":"db495ee3-7aa9-4516-b761-24da8e8f5230"}
{"component":"player-command","phase":"mutation","correlationId":"db495ee3-7aa9-4516-b761-24da8e8f5230","outcome":"completed","replayed":false}
{"component":"player-command","phase":"request","correlationId":"1e900a62-7299-4ea0-8c9a-02a2088c3f98"}
{"component":"player-command","phase":"authorization","correlationId":"1e900a62-7299-4ea0-8c9a-02a2088c3f98","outcome":"allowed"}
{"component":"player-command","phase":"consequence","correlationId":"db495ee3-7aa9-4516-b761-24da8e8f5230","replayed":false,"changes":1}
{"component":"player-command","phase":"opportunity","correlationId":"db495ee3-7aa9-4516-b761-24da8e8f5230","replayed":false,"changes":0}
{"component":"player-command","phase":"response","correlationId":"db495ee3-7aa9-4516-b761-24da8e8f5230","statusCode":200,"elapsedMs":150}
{"component":"player-command","phase":"response","correlationId":"1e900a62-7299-4ea0-8c9a-02a2088c3f98","statusCode":200,"elapsedMs":86}
{"component":"player-command","phase":"request","correlationId":"f94a07ee-884f-4e0c-9996-dc342f143a96"}
{"component":"player-command","phase":"authorization","correlationId":"f94a07ee-884f-4e0c-9996-dc342f143a96","outcome":"allowed"}
{"component":"player-command","phase":"response","correlationId":"f94a07ee-884f-4e0c-9996-dc342f143a96","statusCode":200,"elapsedMs":61}
{"component":"player-command","phase":"request","correlationId":"822e078c-0923-480f-8a25-56ee385f994b"}
{"component":"player-command","phase":"authorization","correlationId":"822e078c-0923-480f-8a25-56ee385f994b","outcome":"allowed"}
{"component":"player-command","phase":"response","correlationId":"822e078c-0923-480f-8a25-56ee385f994b","statusCode":200,"elapsedMs":61}
{"component":"player-command","phase":"request","correlationId":"7c6ccd4b-b94c-4e8a-b5a1-93796786ec53"}
{"component":"player-command","phase":"authorization","correlationId":"7c6ccd4b-b94c-4e8a-b5a1-93796786ec53","outcome":"allowed"}
{"component":"player-command","phase":"response","correlationId":"7c6ccd4b-b94c-4e8a-b5a1-93796786ec53","statusCode":200,"elapsedMs":58}
{"component":"player-command","phase":"request","correlationId":"8cef7d89-074d-40cc-82b7-a45498fa9232"}
{"component":"player-command","phase":"authorization","correlationId":"8cef7d89-074d-40cc-82b7-a45498fa9232","outcome":"allowed"}
{"component":"player-command","phase":"command","correlationId":"8cef7d89-074d-40cc-82b7-a45498fa9232"}
{"component":"player-command","phase":"mutation","correlationId":"8cef7d89-074d-40cc-82b7-a45498fa9232","outcome":"completed","replayed":false}
{"component":"player-command","phase":"request","correlationId":"d19ff5cb-3306-4f85-a587-7cacdb203050"}
{"component":"player-command","phase":"authorization","correlationId":"d19ff5cb-3306-4f85-a587-7cacdb203050","outcome":"allowed"}
{"component":"player-command","phase":"consequence","correlationId":"8cef7d89-074d-40cc-82b7-a45498fa9232","replayed":false,"changes":2}
{"component":"player-command","phase":"opportunity","correlationId":"8cef7d89-074d-40cc-82b7-a45498fa9232","replayed":false,"changes":0}
{"component":"player-command","phase":"response","correlationId":"8cef7d89-074d-40cc-82b7-a45498fa9232","statusCode":200,"elapsedMs":133}
{"component":"player-command","phase":"request","correlationId":"78f4405e-2e31-4a8b-9e3c-eb5d50a4dae8"}
{"component":"player-command","phase":"authorization","correlationId":"78f4405e-2e31-4a8b-9e3c-eb5d50a4dae8","outcome":"allowed"}
{"component":"player-command","phase":"response","correlationId":"d19ff5cb-3306-4f85-a587-7cacdb203050","statusCode":200,"elapsedMs":86}
{"component":"player-command","phase":"response","correlationId":"78f4405e-2e31-4a8b-9e3c-eb5d50a4dae8","statusCode":200,"elapsedMs":69}
{"component":"player-command","phase":"request","correlationId":"86cfea56-006d-48d1-9e67-d7f224866d9d"}
{"component":"player-command","phase":"authorization","correlationId":"86cfea56-006d-48d1-9e67-d7f224866d9d","outcome":"allowed"}
{"component":"player-command","phase":"response","correlationId":"86cfea56-006d-48d1-9e67-d7f224866d9d","statusCode":200,"elapsedMs":53}
{"component":"player-command","phase":"request","correlationId":"6cd49ecf-bb01-4488-825f-e621c34db9f9"}
{"component":"player-command","phase":"authorization","correlationId":"6cd49ecf-bb01-4488-825f-e621c34db9f9","outcome":"allowed"}
{"component":"player-command","phase":"response","correlationId":"6cd49ecf-bb01-4488-825f-e621c34db9f9","statusCode":200,"elapsedMs":61}
{"component":"player-command","phase":"request","correlationId":"6df47859-1237-4eca-9c24-ab4469901b3c"}
{"component":"player-command","phase":"authorization","correlationId":"6df47859-1237-4eca-9c24-ab4469901b3c","outcome":"allowed"}
{"component":"player-command","phase":"command","correlationId":"6df47859-1237-4eca-9c24-ab4469901b3c"}
{"component":"player-command","phase":"mutation","correlationId":"6df47859-1237-4eca-9c24-ab4469901b3c","outcome":"completed","replayed":false}
{"component":"player-command","phase":"request","correlationId":"f16f9572-973f-4d06-a64c-24cda8199187"}
{"component":"player-command","phase":"authorization","correlationId":"f16f9572-973f-4d06-a64c-24cda8199187","outcome":"allowed"}
{"component":"player-command","phase":"response","correlationId":"f16f9572-973f-4d06-a64c-24cda8199187","statusCode":200,"elapsedMs":57}
{"component":"player-command","phase":"consequence","correlationId":"6df47859-1237-4eca-9c24-ab4469901b3c","replayed":false,"changes":1}
{"component":"player-command","phase":"opportunity","correlationId":"6df47859-1237-4eca-9c24-ab4469901b3c","replayed":false,"changes":0}
{"component":"player-command","phase":"response","correlationId":"6df47859-1237-4eca-9c24-ab4469901b3c","statusCode":200,"elapsedMs":154}
{"component":"player-command","phase":"request","correlationId":"32ebd370-8d1f-494f-aa76-f45644e0f1a8"}
{"component":"player-command","phase":"authorization","correlationId":"32ebd370-8d1f-494f-aa76-f45644e0f1a8","outcome":"allowed"}
{"component":"player-command","phase":"response","correlationId":"32ebd370-8d1f-494f-aa76-f45644e0f1a8","statusCode":200,"elapsedMs":68}
{"component":"player-command","phase":"request","correlationId":"0a6beee3-91a3-4a65-9336-8deb872d382f"}
{"component":"player-command","phase":"authorization","correlationId":"0a6beee3-91a3-4a65-9336-8deb872d382f","outcome":"allowed"}
{"component":"player-command","phase":"response","correlationId":"0a6beee3-91a3-4a65-9336-8deb872d382f","statusCode":200,"elapsedMs":60}
{"component":"player-command","phase":"request","correlationId":"38bee5e7-b7b2-403a-85f5-6ad48467a3bd"}
{"component":"player-command","phase":"authorization","correlationId":"38bee5e7-b7b2-403a-85f5-6ad48467a3bd","outcome":"allowed"}
{"component":"player-command","phase":"response","correlationId":"38bee5e7-b7b2-403a-85f5-6ad48467a3bd","statusCode":200,"elapsedMs":63}
{"component":"player-command","phase":"request","correlationId":"4ccf3fe9-647b-4182-959d-3fd6c82a10a6"}
{"component":"player-command","phase":"authorization","correlationId":"4ccf3fe9-647b-4182-959d-3fd6c82a10a6","outcome":"allowed"}
{"component":"player-command","phase":"command","correlationId":"4ccf3fe9-647b-4182-959d-3fd6c82a10a6"}
{"component":"player-command","phase":"mutation","correlationId":"4ccf3fe9-647b-4182-959d-3fd6c82a10a6","outcome":"completed","replayed":false}
{"component":"player-command","phase":"request","correlationId":"ca137007-e38e-47aa-84fd-d8ee727af411"}
{"component":"player-command","phase":"authorization","correlationId":"ca137007-e38e-47aa-84fd-d8ee727af411","outcome":"allowed"}
{"component":"player-command","phase":"response","correlationId":"ca137007-e38e-47aa-84fd-d8ee727af411","statusCode":200,"elapsedMs":52}
{"component":"player-command","phase":"request","correlationId":"e8b8105a-0da7-4114-a0a0-4c6211155505"}
{"component":"player-command","phase":"authorization","correlationId":"e8b8105a-0da7-4114-a0a0-4c6211155505","outcome":"allowed"}
{"component":"player-command","phase":"consequence","correlationId":"4ccf3fe9-647b-4182-959d-3fd6c82a10a6","replayed":false,"changes":23}
{"component":"player-command","phase":"opportunity","correlationId":"4ccf3fe9-647b-4182-959d-3fd6c82a10a6","replayed":false,"changes":21}
{"component":"player-command","phase":"response","correlationId":"4ccf3fe9-647b-4182-959d-3fd6c82a10a6","statusCode":200,"elapsedMs":176}
{"component":"player-command","phase":"request","correlationId":"eec09f9b-a66a-44d1-8618-c57c3e2d11ba"}
{"component":"player-command","phase":"authorization","correlationId":"eec09f9b-a66a-44d1-8618-c57c3e2d11ba","outcome":"allowed"}
{"component":"player-command","phase":"response","correlationId":"e8b8105a-0da7-4114-a0a0-4c6211155505","statusCode":200,"elapsedMs":82}
{"component":"player-command","phase":"response","correlationId":"eec09f9b-a66a-44d1-8618-c57c3e2d11ba","statusCode":200,"elapsedMs":88}
{"component":"player-command","phase":"request","correlationId":"e09aeac5-d045-4764-bc0f-4f9be4e282a1"}
{"component":"player-command","phase":"authorization","correlationId":"e09aeac5-d045-4764-bc0f-4f9be4e282a1","outcome":"allowed"}
{"component":"player-command","phase":"response","correlationId":"e09aeac5-d045-4764-bc0f-4f9be4e282a1","statusCode":200,"elapsedMs":79}
{"component":"player-command","phase":"request","correlationId":"ac090987-7d6c-4bcb-9980-09620def5584"}
{"component":"player-command","phase":"authorization","correlationId":"ac090987-7d6c-4bcb-9980-09620def5584","outcome":"allowed"}
{"component":"player-command","phase":"response","correlationId":"ac090987-7d6c-4bcb-9980-09620def5584","statusCode":200,"elapsedMs":79}
{"component":"player-command","phase":"request","correlationId":"0856bde3-13df-4f3c-84c3-ad017fc2c6b3"}
{"component":"player-command","phase":"authorization","correlationId":"0856bde3-13df-4f3c-84c3-ad017fc2c6b3","outcome":"allowed"}
{"component":"player-command","phase":"response","correlationId":"0856bde3-13df-4f3c-84c3-ad017fc2c6b3","statusCode":200,"elapsedMs":70}
{"component":"player-command","phase":"request","correlationId":"39f86d81-df51-4876-a886-a458a3fc19c4"}
{"component":"player-command","phase":"authorization","correlationId":"39f86d81-df51-4876-a886-a458a3fc19c4","outcome":"allowed"}
{"component":"player-command","phase":"response","correlationId":"39f86d81-df51-4876-a886-a458a3fc19c4","statusCode":200,"elapsedMs":71}
{"component":"player-command","phase":"request","correlationId":"1dc02d07-a166-46d8-ae53-fe2ed8ac6af4"}
{"component":"player-command","phase":"authorization","correlationId":"1dc02d07-a166-46d8-ae53-fe2ed8ac6af4","outcome":"allowed"}
{"component":"player-command","phase":"command","correlationId":"1dc02d07-a166-46d8-ae53-fe2ed8ac6af4"}
{"component":"player-command","phase":"mutation","correlationId":"1dc02d07-a166-46d8-ae53-fe2ed8ac6af4","outcome":"completed","replayed":false}
{"component":"player-command","phase":"consequence","correlationId":"1dc02d07-a166-46d8-ae53-fe2ed8ac6af4","replayed":false,"changes":3}
{"component":"player-command","phase":"opportunity","correlationId":"1dc02d07-a166-46d8-ae53-fe2ed8ac6af4","replayed":false,"changes":1}
{"component":"player-command","phase":"response","correlationId":"1dc02d07-a166-46d8-ae53-fe2ed8ac6af4","statusCode":200,"elapsedMs":171}
{"component":"player-command","phase":"request","correlationId":"589c5a93-bd0d-4caa-8422-48f5ea750134"}
{"component":"player-command","phase":"authorization","correlationId":"589c5a93-bd0d-4caa-8422-48f5ea750134","outcome":"allowed"}
{"component":"player-command","phase":"response","correlationId":"589c5a93-bd0d-4caa-8422-48f5ea750134","statusCode":200,"elapsedMs":71}
{"component":"player-command","phase":"request","correlationId":"63c207f8-893b-4b6d-b755-89059cbc70f8"}
{"component":"player-command","phase":"authorization","correlationId":"63c207f8-893b-4b6d-b755-89059cbc70f8","outcome":"allowed"}
{"component":"player-command","phase":"response","correlationId":"63c207f8-893b-4b6d-b755-89059cbc70f8","statusCode":200,"elapsedMs":83}
{"component":"player-command","phase":"request","correlationId":"517daa0e-155c-4b51-b139-51fb294e2619"}
{"component":"player-command","phase":"authorization","correlationId":"517daa0e-155c-4b51-b139-51fb294e2619","outcome":"allowed"}
{"component":"player-command","phase":"response","correlationId":"517daa0e-155c-4b51-b139-51fb294e2619","statusCode":200,"elapsedMs":88}
{"component":"player-command","phase":"request","correlationId":"1036b878-ab5e-4f7e-8667-b37a47c7fdd2"}
{"component":"player-command","phase":"authorization","correlationId":"1036b878-ab5e-4f7e-8667-b37a47c7fdd2","outcome":"allowed"}
{"component":"player-command","phase":"command","correlationId":"1036b878-ab5e-4f7e-8667-b37a47c7fdd2"}
{"component":"player-command","phase":"mutation","correlationId":"1036b878-ab5e-4f7e-8667-b37a47c7fdd2","outcome":"completed","replayed":false}
{"component":"player-command","phase":"consequence","correlationId":"1036b878-ab5e-4f7e-8667-b37a47c7fdd2","replayed":false,"changes":3}
{"component":"player-command","phase":"opportunity","correlationId":"1036b878-ab5e-4f7e-8667-b37a47c7fdd2","replayed":false,"changes":2}
{"component":"player-command","phase":"response","correlationId":"1036b878-ab5e-4f7e-8667-b37a47c7fdd2","statusCode":200,"elapsedMs":179}
{"component":"player-command","phase":"request","correlationId":"cabc9423-a672-4da7-a897-6061113c2c76"}
{"component":"player-command","phase":"authorization","correlationId":"cabc9423-a672-4da7-a897-6061113c2c76","outcome":"allowed"}
{"component":"player-command","phase":"response","correlationId":"cabc9423-a672-4da7-a897-6061113c2c76","statusCode":200,"elapsedMs":77}
{"component":"player-command","phase":"request","correlationId":"db983f58-73a3-46dc-bdc1-83f54ffff375"}
{"component":"player-command","phase":"authorization","correlationId":"db983f58-73a3-46dc-bdc1-83f54ffff375","outcome":"allowed"}
{"component":"player-command","phase":"response","correlationId":"db983f58-73a3-46dc-bdc1-83f54ffff375","statusCode":200,"elapsedMs":82}
{"component":"player-command","phase":"request","correlationId":"a7830bc0-d96a-41e4-8d9b-37cf62f3c8c2"}
{"component":"player-command","phase":"authorization","correlationId":"a7830bc0-d96a-41e4-8d9b-37cf62f3c8c2","outcome":"allowed"}
{"component":"player-command","phase":"response","correlationId":"a7830bc0-d96a-41e4-8d9b-37cf62f3c8c2","statusCode":200,"elapsedMs":82}
{"component":"player-command","phase":"request","correlationId":"373e4c59-4ed9-4f13-a950-e7b15505a77c"}
{"component":"player-command","phase":"authorization","correlationId":"373e4c59-4ed9-4f13-a950-e7b15505a77c","outcome":"allowed"}
{"component":"player-command","phase":"response","correlationId":"373e4c59-4ed9-4f13-a950-e7b15505a77c","statusCode":200,"elapsedMs":72}
{"component":"player-command","phase":"request","correlationId":"37d5e981-fb5c-41c8-a038-47bbd59fda8f"}
{"component":"player-command","phase":"authorization","correlationId":"37d5e981-fb5c-41c8-a038-47bbd59fda8f","outcome":"allowed"}
{"component":"player-command","phase":"command","correlationId":"37d5e981-fb5c-41c8-a038-47bbd59fda8f"}
{"component":"player-command","phase":"mutation","correlationId":"37d5e981-fb5c-41c8-a038-47bbd59fda8f","outcome":"completed","replayed":false}
{"component":"player-command","phase":"consequence","correlationId":"37d5e981-fb5c-41c8-a038-47bbd59fda8f","replayed":false,"changes":2}
{"component":"player-command","phase":"opportunity","correlationId":"37d5e981-fb5c-41c8-a038-47bbd59fda8f","replayed":false,"changes":2}
{"component":"player-command","phase":"response","correlationId":"37d5e981-fb5c-41c8-a038-47bbd59fda8f","statusCode":200,"elapsedMs":169}
{"component":"player-command","phase":"request","correlationId":"f29725a9-0f85-4c9a-92fd-d3ac9eb939fe"}
{"component":"player-command","phase":"authorization","correlationId":"f29725a9-0f85-4c9a-92fd-d3ac9eb939fe","outcome":"allowed"}
{"component":"player-command","phase":"response","correlationId":"f29725a9-0f85-4c9a-92fd-d3ac9eb939fe","statusCode":200,"elapsedMs":77}
{"component":"player-command","phase":"request","correlationId":"30bee458-8049-4a39-be41-3fc7122fbcaf"}
{"component":"player-command","phase":"authorization","correlationId":"30bee458-8049-4a39-be41-3fc7122fbcaf","outcome":"allowed"}
{"component":"player-command","phase":"response","correlationId":"30bee458-8049-4a39-be41-3fc7122fbcaf","statusCode":200,"elapsedMs":77}
{"component":"player-command","phase":"request","correlationId":"a285ce8f-bb0b-429a-a5a0-57613f4c9430"}
{"component":"player-command","phase":"authorization","correlationId":"a285ce8f-bb0b-429a-a5a0-57613f4c9430","outcome":"allowed"}
{"component":"player-command","phase":"response","correlationId":"a285ce8f-bb0b-429a-a5a0-57613f4c9430","statusCode":200,"elapsedMs":82}
{"component":"player-command","phase":"request","correlationId":"5d75517d-01c6-4886-914a-e701b6dc0070"}
{"component":"player-command","phase":"authorization","correlationId":"5d75517d-01c6-4886-914a-e701b6dc0070","outcome":"allowed"}
{"component":"player-command","phase":"response","correlationId":"5d75517d-01c6-4886-914a-e701b6dc0070","statusCode":200,"elapsedMs":85}
{"component":"player-command","phase":"request","correlationId":"6cbeb68b-75f4-43d5-bf04-36b590e12e3e"}
{"component":"player-command","phase":"authorization","correlationId":"6cbeb68b-75f4-43d5-bf04-36b590e12e3e","outcome":"allowed"}
{"component":"player-command","phase":"command","correlationId":"6cbeb68b-75f4-43d5-bf04-36b590e12e3e"}
{"component":"player-command","phase":"mutation","correlationId":"6cbeb68b-75f4-43d5-bf04-36b590e12e3e","outcome":"completed","replayed":false}
{"component":"player-command","phase":"consequence","correlationId":"6cbeb68b-75f4-43d5-bf04-36b590e12e3e","replayed":false,"changes":2}
{"component":"player-command","phase":"opportunity","correlationId":"6cbeb68b-75f4-43d5-bf04-36b590e12e3e","replayed":false,"changes":2}
{"component":"player-command","phase":"response","correlationId":"6cbeb68b-75f4-43d5-bf04-36b590e12e3e","statusCode":200,"elapsedMs":197}
{"component":"player-command","phase":"request","correlationId":"e2faf2e8-43bb-4bcc-b206-4f4d03110f1d"}
{"component":"player-command","phase":"authorization","correlationId":"e2faf2e8-43bb-4bcc-b206-4f4d03110f1d","outcome":"allowed"}
{"component":"player-command","phase":"response","correlationId":"e2faf2e8-43bb-4bcc-b206-4f4d03110f1d","statusCode":200,"elapsedMs":83}
{"component":"player-command","phase":"request","correlationId":"327e825f-2308-43a3-8251-a6748d4dda5d"}
{"component":"player-command","phase":"authorization","correlationId":"327e825f-2308-43a3-8251-a6748d4dda5d","outcome":"allowed"}
{"component":"player-command","phase":"response","correlationId":"327e825f-2308-43a3-8251-a6748d4dda5d","statusCode":200,"elapsedMs":80}
{"component":"player-command","phase":"request","correlationId":"78155e65-d147-4316-86f9-8a79fd9921c9"}
{"component":"player-command","phase":"authorization","correlationId":"78155e65-d147-4316-86f9-8a79fd9921c9","outcome":"allowed"}
{"component":"player-command","phase":"response","correlationId":"78155e65-d147-4316-86f9-8a79fd9921c9","statusCode":200,"elapsedMs":80}
{"component":"player-command","phase":"request","correlationId":"a17dce60-bb2b-43bf-b59c-92cb3dd54701"}
{"component":"player-command","phase":"authorization","correlationId":"a17dce60-bb2b-43bf-b59c-92cb3dd54701","outcome":"allowed"}
{"component":"player-command","phase":"response","correlationId":"a17dce60-bb2b-43bf-b59c-92cb3dd54701","statusCode":200,"elapsedMs":74}
{"component":"player-command","phase":"request","correlationId":"b17441e9-9c55-4d84-a72a-07ecb563cda7"}
{"component":"player-command","phase":"authorization","correlationId":"b17441e9-9c55-4d84-a72a-07ecb563cda7","outcome":"allowed"}
{"component":"player-command","phase":"command","correlationId":"b17441e9-9c55-4d84-a72a-07ecb563cda7"}
{"component":"player-command","phase":"mutation","correlationId":"b17441e9-9c55-4d84-a72a-07ecb563cda7","outcome":"completed","replayed":false}
{"component":"player-command","phase":"consequence","correlationId":"b17441e9-9c55-4d84-a72a-07ecb563cda7","replayed":false,"changes":8}
{"component":"player-command","phase":"opportunity","correlationId":"b17441e9-9c55-4d84-a72a-07ecb563cda7","replayed":false,"changes":6}
{"component":"player-command","phase":"response","correlationId":"b17441e9-9c55-4d84-a72a-07ecb563cda7","statusCode":200,"elapsedMs":170}
{"component":"player-command","phase":"request","correlationId":"0610f99a-1b75-4e94-a0ec-7a61ddc41090"}
{"component":"player-command","phase":"authorization","correlationId":"0610f99a-1b75-4e94-a0ec-7a61ddc41090","outcome":"allowed"}
{"component":"player-command","phase":"response","correlationId":"0610f99a-1b75-4e94-a0ec-7a61ddc41090","statusCode":200,"elapsedMs":77}
{"component":"player-command","phase":"request","correlationId":"86e7cd89-06fa-4725-98c6-300adf9f2562"}
{"component":"player-command","phase":"authorization","correlationId":"86e7cd89-06fa-4725-98c6-300adf9f2562","outcome":"allowed"}
{"component":"player-command","phase":"response","correlationId":"86e7cd89-06fa-4725-98c6-300adf9f2562","statusCode":200,"elapsedMs":80}
{"component":"player-command","phase":"request","correlationId":"2af619a4-c922-4a5d-ab75-acb99744a4e1"}
{"component":"player-command","phase":"authorization","correlationId":"2af619a4-c922-4a5d-ab75-acb99744a4e1","outcome":"allowed"}
{"component":"player-command","phase":"response","correlationId":"2af619a4-c922-4a5d-ab75-acb99744a4e1","statusCode":200,"elapsedMs":85}
{"component":"player-command","phase":"request","correlationId":"76c754a0-2b4a-4404-ab3d-c0267e1dffc3"}
{"component":"player-command","phase":"authorization","correlationId":"76c754a0-2b4a-4404-ab3d-c0267e1dffc3","outcome":"allowed"}
{"component":"player-command","phase":"response","correlationId":"76c754a0-2b4a-4404-ab3d-c0267e1dffc3","statusCode":200,"elapsedMs":78}
{"component":"player-command","phase":"request","correlationId":"f5b5619e-e5f1-4331-a08a-1d5280b17539"}
{"component":"player-command","phase":"authorization","correlationId":"f5b5619e-e5f1-4331-a08a-1d5280b17539","outcome":"allowed"}
{"component":"player-command","phase":"command","correlationId":"f5b5619e-e5f1-4331-a08a-1d5280b17539"}
{"component":"player-command","phase":"mutation","correlationId":"f5b5619e-e5f1-4331-a08a-1d5280b17539","outcome":"completed","replayed":false}
{"component":"player-command","phase":"consequence","correlationId":"f5b5619e-e5f1-4331-a08a-1d5280b17539","replayed":false,"changes":1}
{"component":"player-command","phase":"opportunity","correlationId":"f5b5619e-e5f1-4331-a08a-1d5280b17539","replayed":false,"changes":1}
{"component":"player-command","phase":"response","correlationId":"f5b5619e-e5f1-4331-a08a-1d5280b17539","statusCode":200,"elapsedMs":177}
{"component":"player-command","phase":"request","correlationId":"feaf0217-1e48-4203-914b-c1a3229345e2"}
{"component":"player-command","phase":"authorization","correlationId":"feaf0217-1e48-4203-914b-c1a3229345e2","outcome":"allowed"}
{"component":"player-command","phase":"response","correlationId":"feaf0217-1e48-4203-914b-c1a3229345e2","statusCode":200,"elapsedMs":86}
{"component":"player-command","phase":"request","correlationId":"58d856b5-0ca5-45c7-9b14-ec72f4f87b44"}
{"component":"player-command","phase":"authorization","correlationId":"58d856b5-0ca5-45c7-9b14-ec72f4f87b44","outcome":"allowed"}
{"component":"player-command","phase":"response","correlationId":"58d856b5-0ca5-45c7-9b14-ec72f4f87b44","statusCode":200,"elapsedMs":83}
{"component":"player-command","phase":"request","correlationId":"0d8d3ca6-e992-4ace-a244-99ebdb88f23b"}
{"component":"player-command","phase":"authorization","correlationId":"0d8d3ca6-e992-4ace-a244-99ebdb88f23b","outcome":"allowed"}
{"component":"player-command","phase":"response","correlationId":"0d8d3ca6-e992-4ace-a244-99ebdb88f23b","statusCode":200,"elapsedMs":84}
{"component":"player-command","phase":"request","correlationId":"ec542c6e-66db-4bb5-8959-d20c5a8d7b75"}
{"component":"player-command","phase":"authorization","correlationId":"ec542c6e-66db-4bb5-8959-d20c5a8d7b75","outcome":"allowed"}
{"component":"player-command","phase":"response","correlationId":"ec542c6e-66db-4bb5-8959-d20c5a8d7b75","statusCode":200,"elapsedMs":54}
{"component":"player-command","phase":"request","correlationId":"69fa4fe5-a441-4b66-a770-c6b3c09fe5d0"}
{"component":"player-command","phase":"authorization","correlationId":"69fa4fe5-a441-4b66-a770-c6b3c09fe5d0","outcome":"allowed"}
{"component":"player-command","phase":"response","correlationId":"69fa4fe5-a441-4b66-a770-c6b3c09fe5d0","statusCode":200,"elapsedMs":51}
{"component":"player-command","phase":"request","correlationId":"abe5a8b1-5b90-47ac-88d2-2f99ff69e590"}
{"component":"player-command","phase":"authorization","correlationId":"abe5a8b1-5b90-47ac-88d2-2f99ff69e590","outcome":"allowed"}
{"component":"player-command","phase":"command","correlationId":"abe5a8b1-5b90-47ac-88d2-2f99ff69e590"}
{"component":"player-command","phase":"mutation","correlationId":"abe5a8b1-5b90-47ac-88d2-2f99ff69e590","outcome":"completed","replayed":false}
{"component":"player-command","phase":"consequence","correlationId":"abe5a8b1-5b90-47ac-88d2-2f99ff69e590","replayed":false,"changes":3}
{"component":"player-command","phase":"opportunity","correlationId":"abe5a8b1-5b90-47ac-88d2-2f99ff69e590","replayed":false,"changes":1}
{"component":"player-command","phase":"response","correlationId":"abe5a8b1-5b90-47ac-88d2-2f99ff69e590","statusCode":200,"elapsedMs":126}
{"component":"player-command","phase":"request","correlationId":"ea7f0f14-7b87-40df-bd92-000a0ea2c377"}
{"component":"player-command","phase":"authorization","correlationId":"ea7f0f14-7b87-40df-bd92-000a0ea2c377","outcome":"allowed"}
{"component":"player-command","phase":"response","correlationId":"ea7f0f14-7b87-40df-bd92-000a0ea2c377","statusCode":200,"elapsedMs":58}
{"component":"player-command","phase":"request","correlationId":"82028e92-3897-4c04-ba4e-78a291f2bde3"}
{"component":"player-command","phase":"authorization","correlationId":"82028e92-3897-4c04-ba4e-78a291f2bde3","outcome":"allowed"}
{"component":"player-command","phase":"response","correlationId":"82028e92-3897-4c04-ba4e-78a291f2bde3","statusCode":200,"elapsedMs":68}
{"component":"player-command","phase":"request","correlationId":"c5c3f6bc-85de-4d1e-a7c1-b398d072f125"}
{"component":"player-command","phase":"authorization","correlationId":"c5c3f6bc-85de-4d1e-a7c1-b398d072f125","outcome":"allowed"}
{"component":"player-command","phase":"response","correlationId":"c5c3f6bc-85de-4d1e-a7c1-b398d072f125","statusCode":200,"elapsedMs":69}
{"component":"player-command","phase":"request","correlationId":"1b57d74d-2318-48b5-bc3b-d519387bdebe"}
{"component":"player-command","phase":"authorization","correlationId":"1b57d74d-2318-48b5-bc3b-d519387bdebe","outcome":"allowed"}
{"component":"player-command","phase":"command","correlationId":"1b57d74d-2318-48b5-bc3b-d519387bdebe"}
{"component":"player-command","phase":"mutation","correlationId":"1b57d74d-2318-48b5-bc3b-d519387bdebe","outcome":"completed","replayed":false}
{"component":"player-command","phase":"consequence","correlationId":"1b57d74d-2318-48b5-bc3b-d519387bdebe","replayed":false,"changes":3}
{"component":"player-command","phase":"opportunity","correlationId":"1b57d74d-2318-48b5-bc3b-d519387bdebe","replayed":false,"changes":2}
{"component":"player-command","phase":"response","correlationId":"1b57d74d-2318-48b5-bc3b-d519387bdebe","statusCode":200,"elapsedMs":141}
{"component":"player-command","phase":"request","correlationId":"e50f666e-0d7c-46dd-a8a8-e71e6aa53123"}
{"component":"player-command","phase":"authorization","correlationId":"e50f666e-0d7c-46dd-a8a8-e71e6aa53123","outcome":"allowed"}
{"component":"player-command","phase":"response","correlationId":"e50f666e-0d7c-46dd-a8a8-e71e6aa53123","statusCode":200,"elapsedMs":67}
{"component":"player-command","phase":"request","correlationId":"4fbcd235-7643-450c-af50-bb91e35e4b73"}
{"component":"player-command","phase":"authorization","correlationId":"4fbcd235-7643-450c-af50-bb91e35e4b73","outcome":"allowed"}
{"component":"player-command","phase":"response","correlationId":"4fbcd235-7643-450c-af50-bb91e35e4b73","statusCode":200,"elapsedMs":59}
{"component":"player-command","phase":"request","correlationId":"6adbd1e0-393a-437d-873d-e9187274bb6a"}
{"component":"player-command","phase":"authorization","correlationId":"6adbd1e0-393a-437d-873d-e9187274bb6a","outcome":"allowed"}
{"component":"player-command","phase":"response","correlationId":"6adbd1e0-393a-437d-873d-e9187274bb6a","statusCode":200,"elapsedMs":62}
{"component":"player-command","phase":"request","correlationId":"2aae3678-2e59-4ec8-9a6d-cb84a14b4264"}
{"component":"player-command","phase":"authorization","correlationId":"2aae3678-2e59-4ec8-9a6d-cb84a14b4264","outcome":"allowed"}
{"component":"player-command","phase":"response","correlationId":"2aae3678-2e59-4ec8-9a6d-cb84a14b4264","statusCode":200,"elapsedMs":67}
{"component":"player-command","phase":"request","correlationId":"9e929051-5e92-4aaa-83fd-64d74cd85417"}
{"component":"player-command","phase":"authorization","correlationId":"9e929051-5e92-4aaa-83fd-64d74cd85417","outcome":"allowed"}
{"component":"player-command","phase":"command","correlationId":"9e929051-5e92-4aaa-83fd-64d74cd85417"}
{"component":"player-command","phase":"mutation","correlationId":"9e929051-5e92-4aaa-83fd-64d74cd85417","outcome":"completed","replayed":false}
{"component":"player-command","phase":"consequence","correlationId":"9e929051-5e92-4aaa-83fd-64d74cd85417","replayed":false,"changes":2}
{"component":"player-command","phase":"opportunity","correlationId":"9e929051-5e92-4aaa-83fd-64d74cd85417","replayed":false,"changes":2}
{"component":"player-command","phase":"response","correlationId":"9e929051-5e92-4aaa-83fd-64d74cd85417","statusCode":200,"elapsedMs":142}
{"component":"player-command","phase":"request","correlationId":"f35bfe6d-fee6-4324-9b04-c91edb6b66b8"}
{"component":"player-command","phase":"authorization","correlationId":"f35bfe6d-fee6-4324-9b04-c91edb6b66b8","outcome":"allowed"}
{"component":"player-command","phase":"response","correlationId":"f35bfe6d-fee6-4324-9b04-c91edb6b66b8","statusCode":200,"elapsedMs":74}
{"component":"player-command","phase":"request","correlationId":"d380c0b9-4e9f-415a-be6e-374b027169bc"}
{"component":"player-command","phase":"authorization","correlationId":"d380c0b9-4e9f-415a-be6e-374b027169bc","outcome":"allowed"}
{"component":"player-command","phase":"response","correlationId":"d380c0b9-4e9f-415a-be6e-374b027169bc","statusCode":200,"elapsedMs":67}
{"component":"player-command","phase":"request","correlationId":"484b28bb-eaf4-4380-9eef-8e9fcb7806af"}
{"component":"player-command","phase":"authorization","correlationId":"484b28bb-eaf4-4380-9eef-8e9fcb7806af","outcome":"allowed"}
{"component":"player-command","phase":"response","correlationId":"484b28bb-eaf4-4380-9eef-8e9fcb7806af","statusCode":200,"elapsedMs":76}
{"component":"player-command","phase":"request","correlationId":"3e787d22-49ca-4d47-a1d7-92b09c5ce1aa"}
{"component":"player-command","phase":"authorization","correlationId":"3e787d22-49ca-4d47-a1d7-92b09c5ce1aa","outcome":"allowed"}
{"component":"player-command","phase":"response","correlationId":"3e787d22-49ca-4d47-a1d7-92b09c5ce1aa","statusCode":200,"elapsedMs":69}
{"component":"player-command","phase":"request","correlationId":"d6b830e9-fe5c-432f-a106-0d10724dcb43"}
{"component":"player-command","phase":"authorization","correlationId":"d6b830e9-fe5c-432f-a106-0d10724dcb43","outcome":"allowed"}
{"component":"player-command","phase":"command","correlationId":"d6b830e9-fe5c-432f-a106-0d10724dcb43"}
{"component":"player-command","phase":"mutation","correlationId":"d6b830e9-fe5c-432f-a106-0d10724dcb43","outcome":"completed","replayed":false}
{"component":"player-command","phase":"consequence","correlationId":"d6b830e9-fe5c-432f-a106-0d10724dcb43","replayed":false,"changes":2}
{"component":"player-command","phase":"opportunity","correlationId":"d6b830e9-fe5c-432f-a106-0d10724dcb43","replayed":false,"changes":2}
{"component":"player-command","phase":"response","correlationId":"d6b830e9-fe5c-432f-a106-0d10724dcb43","statusCode":200,"elapsedMs":190}
{"component":"player-command","phase":"request","correlationId":"a48149a7-8d7f-4d54-aca5-be4abe773621"}
{"component":"player-command","phase":"authorization","correlationId":"a48149a7-8d7f-4d54-aca5-be4abe773621","outcome":"allowed"}
{"component":"player-command","phase":"response","correlationId":"a48149a7-8d7f-4d54-aca5-be4abe773621","statusCode":200,"elapsedMs":89}
{"component":"player-command","phase":"request","correlationId":"aa2df03f-1859-4667-9438-f06250807084"}
{"component":"player-command","phase":"authorization","correlationId":"aa2df03f-1859-4667-9438-f06250807084","outcome":"allowed"}
{"component":"player-command","phase":"response","correlationId":"aa2df03f-1859-4667-9438-f06250807084","statusCode":200,"elapsedMs":83}
{"component":"player-command","phase":"request","correlationId":"46999727-54f8-48ca-9b6a-44fa25414f82"}
{"component":"player-command","phase":"authorization","correlationId":"46999727-54f8-48ca-9b6a-44fa25414f82","outcome":"allowed"}
{"component":"player-command","phase":"response","correlationId":"46999727-54f8-48ca-9b6a-44fa25414f82","statusCode":200,"elapsedMs":83}
{"component":"player-command","phase":"request","correlationId":"908eca19-9e5a-4ecd-ba42-df9ec0e3c9b6"}
{"component":"player-command","phase":"authorization","correlationId":"908eca19-9e5a-4ecd-ba42-df9ec0e3c9b6","outcome":"allowed"}
{"component":"player-command","phase":"response","correlationId":"908eca19-9e5a-4ecd-ba42-df9ec0e3c9b6","statusCode":200,"elapsedMs":75}
{"component":"player-command","phase":"request","correlationId":"8e476f2c-589e-4652-b880-f6d28adece6b"}
{"component":"player-command","phase":"authorization","correlationId":"8e476f2c-589e-4652-b880-f6d28adece6b","outcome":"allowed"}
{"component":"player-command","phase":"command","correlationId":"8e476f2c-589e-4652-b880-f6d28adece6b"}
{"component":"player-command","phase":"mutation","correlationId":"8e476f2c-589e-4652-b880-f6d28adece6b","outcome":"completed","replayed":false}
{"component":"player-command","phase":"consequence","correlationId":"8e476f2c-589e-4652-b880-f6d28adece6b","replayed":false,"changes":8}
{"component":"player-command","phase":"opportunity","correlationId":"8e476f2c-589e-4652-b880-f6d28adece6b","replayed":false,"changes":6}
{"component":"player-command","phase":"response","correlationId":"8e476f2c-589e-4652-b880-f6d28adece6b","statusCode":200,"elapsedMs":159}
{"component":"player-command","phase":"request","correlationId":"8607efb6-7248-4789-a04c-b9f7c4fa3fc4"}
{"component":"player-command","phase":"authorization","correlationId":"8607efb6-7248-4789-a04c-b9f7c4fa3fc4","outcome":"allowed"}
{"component":"player-command","phase":"response","correlationId":"8607efb6-7248-4789-a04c-b9f7c4fa3fc4","statusCode":200,"elapsedMs":80}
{"component":"player-command","phase":"request","correlationId":"1feb93da-f593-4dab-802e-aa7b6d679d03"}
{"component":"player-command","phase":"authorization","correlationId":"1feb93da-f593-4dab-802e-aa7b6d679d03","outcome":"allowed"}
{"component":"player-command","phase":"response","correlationId":"1feb93da-f593-4dab-802e-aa7b6d679d03","statusCode":200,"elapsedMs":81}
{"component":"player-command","phase":"request","correlationId":"0495d746-55a3-4565-8b54-a486a6f92399"}
{"component":"player-command","phase":"authorization","correlationId":"0495d746-55a3-4565-8b54-a486a6f92399","outcome":"allowed"}
{"component":"player-command","phase":"response","correlationId":"0495d746-55a3-4565-8b54-a486a6f92399","statusCode":200,"elapsedMs":78}
{"component":"player-command","phase":"request","correlationId":"2905ed48-b11e-4a6c-b7f5-a8e4ed13f4c6"}
{"component":"player-command","phase":"authorization","correlationId":"2905ed48-b11e-4a6c-b7f5-a8e4ed13f4c6","outcome":"allowed"}
{"component":"player-command","phase":"response","correlationId":"2905ed48-b11e-4a6c-b7f5-a8e4ed13f4c6","statusCode":200,"elapsedMs":85}
{"component":"player-command","phase":"request","correlationId":"b3eba7b0-c69f-4c1b-86c5-1533c6cc13bb"}
{"component":"player-command","phase":"authorization","correlationId":"b3eba7b0-c69f-4c1b-86c5-1533c6cc13bb","outcome":"allowed"}
{"component":"player-command","phase":"command","correlationId":"b3eba7b0-c69f-4c1b-86c5-1533c6cc13bb"}
{"component":"player-command","phase":"mutation","correlationId":"b3eba7b0-c69f-4c1b-86c5-1533c6cc13bb","outcome":"completed","replayed":false}
{"component":"player-command","phase":"consequence","correlationId":"b3eba7b0-c69f-4c1b-86c5-1533c6cc13bb","replayed":false,"changes":1}
{"component":"player-command","phase":"opportunity","correlationId":"b3eba7b0-c69f-4c1b-86c5-1533c6cc13bb","replayed":false,"changes":1}
{"component":"player-command","phase":"response","correlationId":"b3eba7b0-c69f-4c1b-86c5-1533c6cc13bb","statusCode":200,"elapsedMs":154}
{"component":"player-command","phase":"request","correlationId":"0e0630e1-150b-4d76-b3d1-cadd956774db"}
{"component":"player-command","phase":"authorization","correlationId":"0e0630e1-150b-4d76-b3d1-cadd956774db","outcome":"allowed"}
{"component":"player-command","phase":"response","correlationId":"0e0630e1-150b-4d76-b3d1-cadd956774db","statusCode":200,"elapsedMs":73}
{"component":"player-command","phase":"request","correlationId":"0e951f7e-0e75-48e3-b045-1c2887346d40"}
{"component":"player-command","phase":"authorization","correlationId":"0e951f7e-0e75-48e3-b045-1c2887346d40","outcome":"allowed"}
{"component":"player-command","phase":"response","correlationId":"0e951f7e-0e75-48e3-b045-1c2887346d40","statusCode":200,"elapsedMs":67}
{"component":"player-command","phase":"request","correlationId":"648b49a5-3cff-43fb-893b-618d39182d6f"}
{"component":"player-command","phase":"authorization","correlationId":"648b49a5-3cff-43fb-893b-618d39182d6f","outcome":"allowed"}
{"component":"player-command","phase":"response","correlationId":"648b49a5-3cff-43fb-893b-618d39182d6f","statusCode":200,"elapsedMs":70}
{"component":"player-command","phase":"request","correlationId":"e5631519-0b82-4bf6-b9f0-2e4e3ff8a3cf"}
{"component":"player-command","phase":"authorization","correlationId":"e5631519-0b82-4bf6-b9f0-2e4e3ff8a3cf","outcome":"allowed"}
{"component":"player-command","phase":"response","correlationId":"e5631519-0b82-4bf6-b9f0-2e4e3ff8a3cf","statusCode":200,"elapsedMs":84}
{"component":"player-command","phase":"request","correlationId":"2055b3b0-ba14-4024-b26a-30c13dff12db"}
{"component":"player-command","phase":"authorization","correlationId":"2055b3b0-ba14-4024-b26a-30c13dff12db","outcome":"allowed"}
{"component":"player-command","phase":"request","correlationId":"10779e34-26c7-454f-843d-4dc1e62223f4"}
{"component":"player-command","phase":"authorization","correlationId":"10779e34-26c7-454f-843d-4dc1e62223f4","outcome":"allowed"}
{"component":"player-command","phase":"command","correlationId":"10779e34-26c7-454f-843d-4dc1e62223f4"}
{"component":"player-command","phase":"response","correlationId":"2055b3b0-ba14-4024-b26a-30c13dff12db","statusCode":200,"elapsedMs":109}
{"component":"player-command","phase":"mutation","correlationId":"10779e34-26c7-454f-843d-4dc1e62223f4","outcome":"completed","replayed":false}
{"component":"player-command","phase":"consequence","correlationId":"10779e34-26c7-454f-843d-4dc1e62223f4","replayed":false,"changes":5}
{"component":"player-command","phase":"opportunity","correlationId":"10779e34-26c7-454f-843d-4dc1e62223f4","replayed":false,"changes":1}
{"component":"player-command","phase":"response","correlationId":"10779e34-26c7-454f-843d-4dc1e62223f4","statusCode":200,"elapsedMs":188}
{"component":"player-command","phase":"request","correlationId":"0a037650-752e-4dbf-9e27-35f90cb2cbad"}
{"component":"player-command","phase":"authorization","correlationId":"0a037650-752e-4dbf-9e27-35f90cb2cbad","outcome":"allowed"}
{"component":"player-command","phase":"response","correlationId":"0a037650-752e-4dbf-9e27-35f90cb2cbad","statusCode":200,"elapsedMs":75}
{"component":"player-command","phase":"request","correlationId":"918fa838-dd7c-4d32-9408-526b0161b079"}
{"component":"player-command","phase":"authorization","correlationId":"918fa838-dd7c-4d32-9408-526b0161b079","outcome":"allowed"}
{"component":"player-command","phase":"response","correlationId":"918fa838-dd7c-4d32-9408-526b0161b079","statusCode":200,"elapsedMs":76}
{"component":"player-command","phase":"request","correlationId":"e1972df6-bcf2-45d7-9cac-63a1867e40e2"}
{"component":"player-command","phase":"authorization","correlationId":"e1972df6-bcf2-45d7-9cac-63a1867e40e2","outcome":"allowed"}
{"component":"player-command","phase":"response","correlationId":"e1972df6-bcf2-45d7-9cac-63a1867e40e2","statusCode":200,"elapsedMs":68}
{"component":"player-command","phase":"request","correlationId":"ae513fc6-5845-4052-ab2f-b6d3fabe12bd"}
{"component":"player-command","phase":"authorization","correlationId":"ae513fc6-5845-4052-ab2f-b6d3fabe12bd","outcome":"allowed"}
{"component":"player-command","phase":"response","correlationId":"ae513fc6-5845-4052-ab2f-b6d3fabe12bd","statusCode":200,"elapsedMs":78}
{"component":"player-command","phase":"request","correlationId":"9449cf75-d286-4d45-bb54-67fa159e822e"}
{"component":"player-command","phase":"authorization","correlationId":"9449cf75-d286-4d45-bb54-67fa159e822e","outcome":"allowed"}
{"component":"player-command","phase":"command","correlationId":"9449cf75-d286-4d45-bb54-67fa159e822e"}
{"component":"player-command","phase":"mutation","correlationId":"9449cf75-d286-4d45-bb54-67fa159e822e","outcome":"completed","replayed":false}
{"component":"player-command","phase":"consequence","correlationId":"9449cf75-d286-4d45-bb54-67fa159e822e","replayed":false,"changes":3}
{"component":"player-command","phase":"opportunity","correlationId":"9449cf75-d286-4d45-bb54-67fa159e822e","replayed":false,"changes":2}
{"component":"player-command","phase":"response","correlationId":"9449cf75-d286-4d45-bb54-67fa159e822e","statusCode":200,"elapsedMs":198}
{"component":"player-command","phase":"request","correlationId":"14b3d7ac-7128-4472-884c-9023895758b6"}
{"component":"player-command","phase":"authorization","correlationId":"14b3d7ac-7128-4472-884c-9023895758b6","outcome":"allowed"}
{"component":"player-command","phase":"response","correlationId":"14b3d7ac-7128-4472-884c-9023895758b6","statusCode":200,"elapsedMs":80}
{"component":"player-command","phase":"request","correlationId":"efe69ff4-5143-4226-94b2-2c085eb0c7bb"}
{"component":"player-command","phase":"authorization","correlationId":"efe69ff4-5143-4226-94b2-2c085eb0c7bb","outcome":"allowed"}
{"component":"player-command","phase":"response","correlationId":"efe69ff4-5143-4226-94b2-2c085eb0c7bb","statusCode":200,"elapsedMs":83}
{"component":"player-command","phase":"request","correlationId":"d447086c-2289-4e86-9db7-b087acb29837"}
{"component":"player-command","phase":"authorization","correlationId":"d447086c-2289-4e86-9db7-b087acb29837","outcome":"allowed"}
{"component":"player-command","phase":"response","correlationId":"d447086c-2289-4e86-9db7-b087acb29837","statusCode":200,"elapsedMs":78}
{"component":"player-command","phase":"request","correlationId":"52a20370-2c2f-4bae-b456-ce7749935a41"}
{"component":"player-command","phase":"authorization","correlationId":"52a20370-2c2f-4bae-b456-ce7749935a41","outcome":"allowed"}
{"component":"player-command","phase":"command","correlationId":"52a20370-2c2f-4bae-b456-ce7749935a41"}
{"component":"player-command","phase":"mutation","correlationId":"52a20370-2c2f-4bae-b456-ce7749935a41","outcome":"completed","replayed":false}
{"component":"player-command","phase":"consequence","correlationId":"52a20370-2c2f-4bae-b456-ce7749935a41","replayed":false,"changes":5}
{"component":"player-command","phase":"opportunity","correlationId":"52a20370-2c2f-4bae-b456-ce7749935a41","replayed":false,"changes":3}
{"component":"player-command","phase":"response","correlationId":"52a20370-2c2f-4bae-b456-ce7749935a41","statusCode":200,"elapsedMs":160}
{"component":"player-command","phase":"request","correlationId":"0b4eee31-54cc-4f4c-8c0c-cd4f1dd5eb79"}
{"component":"player-command","phase":"authorization","correlationId":"0b4eee31-54cc-4f4c-8c0c-cd4f1dd5eb79","outcome":"allowed"}
{"component":"player-command","phase":"response","correlationId":"0b4eee31-54cc-4f4c-8c0c-cd4f1dd5eb79","statusCode":200,"elapsedMs":73}
{"component":"player-command","phase":"request","correlationId":"55e7aa00-683d-4659-af3e-bc813c819077"}
{"component":"player-command","phase":"authorization","correlationId":"55e7aa00-683d-4659-af3e-bc813c819077","outcome":"allowed"}
{"component":"player-command","phase":"response","correlationId":"55e7aa00-683d-4659-af3e-bc813c819077","statusCode":200,"elapsedMs":70}
{"component":"player-command","phase":"request","correlationId":"e5f19d0f-ab93-438d-996a-de262d8eb13e"}
{"component":"player-command","phase":"authorization","correlationId":"e5f19d0f-ab93-438d-996a-de262d8eb13e","outcome":"allowed"}
{"component":"player-command","phase":"response","correlationId":"e5f19d0f-ab93-438d-996a-de262d8eb13e","statusCode":200,"elapsedMs":66}
{"component":"player-command","phase":"request","correlationId":"70eb4d99-eaec-46e8-8417-29e995a65b43"}
{"component":"player-command","phase":"authorization","correlationId":"70eb4d99-eaec-46e8-8417-29e995a65b43","outcome":"allowed"}
{"component":"player-command","phase":"response","correlationId":"70eb4d99-eaec-46e8-8417-29e995a65b43","statusCode":200,"elapsedMs":84}
{"component":"player-command","phase":"request","correlationId":"86008a5e-3348-41cb-92e5-6f05c2e7371e"}
{"component":"player-command","phase":"authorization","correlationId":"86008a5e-3348-41cb-92e5-6f05c2e7371e","outcome":"allowed"}
{"component":"player-command","phase":"command","correlationId":"86008a5e-3348-41cb-92e5-6f05c2e7371e"}
{"component":"player-command","phase":"mutation","correlationId":"86008a5e-3348-41cb-92e5-6f05c2e7371e","outcome":"completed","replayed":false}
{"component":"player-command","phase":"consequence","correlationId":"86008a5e-3348-41cb-92e5-6f05c2e7371e","replayed":false,"changes":5}
{"component":"player-command","phase":"opportunity","correlationId":"86008a5e-3348-41cb-92e5-6f05c2e7371e","replayed":false,"changes":4}
{"component":"player-command","phase":"response","correlationId":"86008a5e-3348-41cb-92e5-6f05c2e7371e","statusCode":200,"elapsedMs":157}
{"component":"player-command","phase":"request","correlationId":"86bb291f-b0ef-44b0-a0a1-956990cb58b4"}
{"component":"player-command","phase":"authorization","correlationId":"86bb291f-b0ef-44b0-a0a1-956990cb58b4","outcome":"allowed"}
{"component":"player-command","phase":"response","correlationId":"86bb291f-b0ef-44b0-a0a1-956990cb58b4","statusCode":200,"elapsedMs":81}
{"component":"player-command","phase":"request","correlationId":"87c2263a-d334-478e-b319-a16829171a60"}
{"component":"player-command","phase":"authorization","correlationId":"87c2263a-d334-478e-b319-a16829171a60","outcome":"allowed"}
{"component":"player-command","phase":"response","correlationId":"87c2263a-d334-478e-b319-a16829171a60","statusCode":200,"elapsedMs":75}
{"component":"player-command","phase":"request","correlationId":"c36bfe5c-17fd-44c2-88cd-851d1c969149"}
{"component":"player-command","phase":"authorization","correlationId":"c36bfe5c-17fd-44c2-88cd-851d1c969149","outcome":"allowed"}
{"component":"player-command","phase":"response","correlationId":"c36bfe5c-17fd-44c2-88cd-851d1c969149","statusCode":200,"elapsedMs":73}
{"component":"player-command","phase":"request","correlationId":"03662196-a706-4c76-a72e-1667e375c8a7"}
{"component":"player-command","phase":"authorization","correlationId":"03662196-a706-4c76-a72e-1667e375c8a7","outcome":"allowed"}
{"component":"player-command","phase":"response","correlationId":"03662196-a706-4c76-a72e-1667e375c8a7","statusCode":200,"elapsedMs":68}
{"component":"player-command","phase":"request","correlationId":"d2a3ba0b-0ce2-4a1e-8d1f-2748f9ced15a"}
{"component":"player-command","phase":"authorization","correlationId":"d2a3ba0b-0ce2-4a1e-8d1f-2748f9ced15a","outcome":"allowed"}
{"component":"player-command","phase":"command","correlationId":"d2a3ba0b-0ce2-4a1e-8d1f-2748f9ced15a"}
{"component":"player-command","phase":"mutation","correlationId":"d2a3ba0b-0ce2-4a1e-8d1f-2748f9ced15a","outcome":"completed","replayed":false}
{"component":"player-command","phase":"consequence","correlationId":"d2a3ba0b-0ce2-4a1e-8d1f-2748f9ced15a","replayed":false,"changes":1}
{"component":"player-command","phase":"opportunity","correlationId":"d2a3ba0b-0ce2-4a1e-8d1f-2748f9ced15a","replayed":false,"changes":1}
{"component":"player-command","phase":"response","correlationId":"d2a3ba0b-0ce2-4a1e-8d1f-2748f9ced15a","statusCode":200,"elapsedMs":150}
{"component":"player-command","phase":"request","correlationId":"bea8011c-90ab-4ed2-bdda-ec2be180edcc"}
{"component":"player-command","phase":"authorization","correlationId":"bea8011c-90ab-4ed2-bdda-ec2be180edcc","outcome":"allowed"}
{"component":"player-command","phase":"response","correlationId":"bea8011c-90ab-4ed2-bdda-ec2be180edcc","statusCode":200,"elapsedMs":69}
{"component":"player-command","phase":"request","correlationId":"74b2b85b-3b75-4694-a957-2a2fa9789c44"}
{"component":"player-command","phase":"authorization","correlationId":"74b2b85b-3b75-4694-a957-2a2fa9789c44","outcome":"allowed"}
{"component":"player-command","phase":"response","correlationId":"74b2b85b-3b75-4694-a957-2a2fa9789c44","statusCode":200,"elapsedMs":69}
{"component":"player-command","phase":"request","correlationId":"1aee7987-0234-4002-951d-11f90401af1b"}
{"component":"player-command","phase":"authorization","correlationId":"1aee7987-0234-4002-951d-11f90401af1b","outcome":"allowed"}
{"component":"player-command","phase":"response","correlationId":"1aee7987-0234-4002-951d-11f90401af1b","statusCode":200,"elapsedMs":68}
{"component":"player-command","phase":"request","correlationId":"62484908-97f7-4165-bd17-143058e26a58"}
{"component":"player-command","phase":"authorization","correlationId":"62484908-97f7-4165-bd17-143058e26a58","outcome":"allowed"}
{"component":"player-command","phase":"response","correlationId":"62484908-97f7-4165-bd17-143058e26a58","statusCode":200,"elapsedMs":83}
{"component":"player-command","phase":"request","correlationId":"6892fdf9-51ec-4f7e-a03d-0b5a2dd62e5c"}
{"component":"player-command","phase":"authorization","correlationId":"6892fdf9-51ec-4f7e-a03d-0b5a2dd62e5c","outcome":"allowed"}
{"component":"player-command","phase":"response","correlationId":"6892fdf9-51ec-4f7e-a03d-0b5a2dd62e5c","statusCode":200,"elapsedMs":82}
{"component":"player-command","phase":"request","correlationId":"ab0b2f85-bee3-4a8f-9f68-5ccba178af8a"}
{"component":"player-command","phase":"authorization","correlationId":"ab0b2f85-bee3-4a8f-9f68-5ccba178af8a","outcome":"allowed"}
{"component":"player-command","phase":"command","correlationId":"ab0b2f85-bee3-4a8f-9f68-5ccba178af8a"}
{"component":"player-command","phase":"mutation","correlationId":"ab0b2f85-bee3-4a8f-9f68-5ccba178af8a","outcome":"completed","replayed":false}
{"component":"player-command","phase":"consequence","correlationId":"ab0b2f85-bee3-4a8f-9f68-5ccba178af8a","replayed":false,"changes":7}
{"component":"player-command","phase":"opportunity","correlationId":"ab0b2f85-bee3-4a8f-9f68-5ccba178af8a","replayed":false,"changes":5}
{"component":"player-command","phase":"response","correlationId":"ab0b2f85-bee3-4a8f-9f68-5ccba178af8a","statusCode":200,"elapsedMs":201}
{"component":"player-command","phase":"request","correlationId":"af1091f8-c843-414f-a67d-45a9fef80f10"}
{"component":"player-command","phase":"authorization","correlationId":"af1091f8-c843-414f-a67d-45a9fef80f10","outcome":"allowed"}
{"component":"player-command","phase":"response","correlationId":"af1091f8-c843-414f-a67d-45a9fef80f10","statusCode":200,"elapsedMs":87}
{"component":"player-command","phase":"request","correlationId":"963505d0-ecf7-4d1d-a8d7-fc13e7f3d057"}
{"component":"player-command","phase":"authorization","correlationId":"963505d0-ecf7-4d1d-a8d7-fc13e7f3d057","outcome":"allowed"}
{"component":"player-command","phase":"response","correlationId":"963505d0-ecf7-4d1d-a8d7-fc13e7f3d057","statusCode":200,"elapsedMs":89}
{"component":"player-command","phase":"request","correlationId":"5059a4c2-04a7-4db2-8793-710e9ff98ca6"}
{"component":"player-command","phase":"authorization","correlationId":"5059a4c2-04a7-4db2-8793-710e9ff98ca6","outcome":"allowed"}
{"component":"player-command","phase":"response","correlationId":"5059a4c2-04a7-4db2-8793-710e9ff98ca6","statusCode":200,"elapsedMs":86}
{"component":"player-command","phase":"request","correlationId":"ca03384b-3776-4cf2-b5f8-c56a8053a2ce"}
{"component":"player-command","phase":"authorization","correlationId":"ca03384b-3776-4cf2-b5f8-c56a8053a2ce","outcome":"allowed"}
{"component":"player-command","phase":"response","correlationId":"ca03384b-3776-4cf2-b5f8-c56a8053a2ce","statusCode":200,"elapsedMs":80}
{"component":"player-command","phase":"request","correlationId":"664d5f55-0e0a-481d-b59c-9575791e9b84"}
{"component":"player-command","phase":"authorization","correlationId":"664d5f55-0e0a-481d-b59c-9575791e9b84","outcome":"allowed"}
{"component":"player-command","phase":"command","correlationId":"664d5f55-0e0a-481d-b59c-9575791e9b84"}
{"component":"player-command","phase":"mutation","correlationId":"664d5f55-0e0a-481d-b59c-9575791e9b84","outcome":"completed","replayed":false}
{"component":"player-command","phase":"consequence","correlationId":"664d5f55-0e0a-481d-b59c-9575791e9b84","replayed":false,"changes":2}
{"component":"player-command","phase":"opportunity","correlationId":"664d5f55-0e0a-481d-b59c-9575791e9b84","replayed":false,"changes":2}
{"component":"player-command","phase":"response","correlationId":"664d5f55-0e0a-481d-b59c-9575791e9b84","statusCode":200,"elapsedMs":179}
{"component":"player-command","phase":"request","correlationId":"a9da6fe2-c0bb-44ca-aa2f-a16004fa980a"}
{"component":"player-command","phase":"authorization","correlationId":"a9da6fe2-c0bb-44ca-aa2f-a16004fa980a","outcome":"allowed"}
{"component":"player-command","phase":"response","correlationId":"a9da6fe2-c0bb-44ca-aa2f-a16004fa980a","statusCode":200,"elapsedMs":86}
{"component":"player-command","phase":"request","correlationId":"5e628ce8-23a6-4c2c-9dff-265f59bc9a40"}
{"component":"player-command","phase":"authorization","correlationId":"5e628ce8-23a6-4c2c-9dff-265f59bc9a40","outcome":"allowed"}
{"component":"player-command","phase":"response","correlationId":"5e628ce8-23a6-4c2c-9dff-265f59bc9a40","statusCode":200,"elapsedMs":80}
{"component":"player-command","phase":"request","correlationId":"89c3e3cb-34d8-41d5-913e-ea691b0c77dd"}
{"component":"player-command","phase":"authorization","correlationId":"89c3e3cb-34d8-41d5-913e-ea691b0c77dd","outcome":"allowed"}
{"component":"player-command","phase":"response","correlationId":"89c3e3cb-34d8-41d5-913e-ea691b0c77dd","statusCode":200,"elapsedMs":81}
{"component":"player-command","phase":"request","correlationId":"ccf408c1-05db-4b40-822a-21c3366023a7"}
{"component":"player-command","phase":"authorization","correlationId":"ccf408c1-05db-4b40-822a-21c3366023a7","outcome":"allowed"}
{"component":"player-command","phase":"response","correlationId":"ccf408c1-05db-4b40-822a-21c3366023a7","statusCode":200,"elapsedMs":79}
{"component":"player-command","phase":"request","correlationId":"0b699563-4706-4418-92dc-962933660cba"}
{"component":"player-command","phase":"authorization","correlationId":"0b699563-4706-4418-92dc-962933660cba","outcome":"allowed"}
{"component":"player-command","phase":"command","correlationId":"0b699563-4706-4418-92dc-962933660cba"}
{"component":"player-command","phase":"mutation","correlationId":"0b699563-4706-4418-92dc-962933660cba","outcome":"completed","replayed":false}
{"component":"player-command","phase":"consequence","correlationId":"0b699563-4706-4418-92dc-962933660cba","replayed":false,"changes":2}
{"component":"player-command","phase":"opportunity","correlationId":"0b699563-4706-4418-92dc-962933660cba","replayed":false,"changes":2}
{"component":"player-command","phase":"response","correlationId":"0b699563-4706-4418-92dc-962933660cba","statusCode":200,"elapsedMs":174}
{"component":"player-command","phase":"request","correlationId":"b0669ad3-ef49-4285-b074-f20ff950fb56"}
{"component":"player-command","phase":"authorization","correlationId":"b0669ad3-ef49-4285-b074-f20ff950fb56","outcome":"allowed"}
{"component":"player-command","phase":"response","correlationId":"b0669ad3-ef49-4285-b074-f20ff950fb56","statusCode":200,"elapsedMs":81}
{"component":"player-command","phase":"request","correlationId":"a960de8d-8841-4d4f-b6c7-44447b479a14"}
{"component":"player-command","phase":"authorization","correlationId":"a960de8d-8841-4d4f-b6c7-44447b479a14","outcome":"allowed"}
{"component":"player-command","phase":"response","correlationId":"a960de8d-8841-4d4f-b6c7-44447b479a14","statusCode":200,"elapsedMs":78}
{"component":"player-command","phase":"request","correlationId":"99c01f9a-3bf2-4ae5-9d82-6a96565d1086"}
{"component":"player-command","phase":"authorization","correlationId":"99c01f9a-3bf2-4ae5-9d82-6a96565d1086","outcome":"allowed"}
{"component":"player-command","phase":"response","correlationId":"99c01f9a-3bf2-4ae5-9d82-6a96565d1086","statusCode":200,"elapsedMs":80}
{"component":"player-command","phase":"request","correlationId":"c94c3102-af3f-40b4-8c5b-a7324599dc5c"}
{"component":"player-command","phase":"authorization","correlationId":"c94c3102-af3f-40b4-8c5b-a7324599dc5c","outcome":"allowed"}
{"component":"player-command","phase":"response","correlationId":"c94c3102-af3f-40b4-8c5b-a7324599dc5c","statusCode":200,"elapsedMs":79}
{"component":"player-command","phase":"request","correlationId":"cdf5949b-31ef-4903-b969-ad8a79d5a421"}
{"component":"player-command","phase":"authorization","correlationId":"cdf5949b-31ef-4903-b969-ad8a79d5a421","outcome":"allowed"}
{"component":"player-command","phase":"command","correlationId":"cdf5949b-31ef-4903-b969-ad8a79d5a421"}
{"component":"player-command","phase":"mutation","correlationId":"cdf5949b-31ef-4903-b969-ad8a79d5a421","outcome":"completed","replayed":false}
{"component":"player-command","phase":"consequence","correlationId":"cdf5949b-31ef-4903-b969-ad8a79d5a421","replayed":false,"changes":1}
{"component":"player-command","phase":"opportunity","correlationId":"cdf5949b-31ef-4903-b969-ad8a79d5a421","replayed":false,"changes":1}
{"component":"player-command","phase":"response","correlationId":"cdf5949b-31ef-4903-b969-ad8a79d5a421","statusCode":200,"elapsedMs":173}
{"component":"player-command","phase":"request","correlationId":"6e7f6229-3c40-49e2-882e-fd2c02576b63"}
{"component":"player-command","phase":"authorization","correlationId":"6e7f6229-3c40-49e2-882e-fd2c02576b63","outcome":"allowed"}
{"component":"player-command","phase":"response","correlationId":"6e7f6229-3c40-49e2-882e-fd2c02576b63","statusCode":200,"elapsedMs":81}
{"component":"player-command","phase":"request","correlationId":"bc021cc5-ad08-4bcf-a4bc-2862590f4ab4"}
{"component":"player-command","phase":"authorization","correlationId":"bc021cc5-ad08-4bcf-a4bc-2862590f4ab4","outcome":"allowed"}
{"component":"player-command","phase":"response","correlationId":"bc021cc5-ad08-4bcf-a4bc-2862590f4ab4","statusCode":200,"elapsedMs":82}
{"component":"player-command","phase":"request","correlationId":"611d4e8d-2e97-4a18-ad98-f20ef40501a5"}
{"component":"player-command","phase":"authorization","correlationId":"611d4e8d-2e97-4a18-ad98-f20ef40501a5","outcome":"allowed"}
{"component":"player-command","phase":"response","correlationId":"611d4e8d-2e97-4a18-ad98-f20ef40501a5","statusCode":200,"elapsedMs":78}
{"component":"player-command","phase":"request","correlationId":"349e2c84-65b8-4865-ac43-4ebadc0ae994"}
{"component":"player-command","phase":"authorization","correlationId":"349e2c84-65b8-4865-ac43-4ebadc0ae994","outcome":"allowed"}
{"component":"player-command","phase":"response","correlationId":"349e2c84-65b8-4865-ac43-4ebadc0ae994","statusCode":200,"elapsedMs":84}
{"component":"player-command","phase":"request","correlationId":"1351d43e-fff7-4035-a5b5-61865ac232d7"}
{"component":"player-command","phase":"authorization","correlationId":"1351d43e-fff7-4035-a5b5-61865ac232d7","outcome":"allowed"}
{"component":"player-command","phase":"response","correlationId":"1351d43e-fff7-4035-a5b5-61865ac232d7","statusCode":200,"elapsedMs":75}
{"component":"player-command","phase":"request","correlationId":"b47f8469-aee2-4da3-89f2-7a7fddf161c7"}
{"component":"player-command","phase":"authorization","correlationId":"b47f8469-aee2-4da3-89f2-7a7fddf161c7","outcome":"allowed"}
{"component":"player-command","phase":"response","correlationId":"b47f8469-aee2-4da3-89f2-7a7fddf161c7","statusCode":200,"elapsedMs":90}
{"component":"player-command","phase":"request","correlationId":"f1368574-5395-4017-8fb8-22659706f976"}
{"component":"player-command","phase":"authorization","correlationId":"f1368574-5395-4017-8fb8-22659706f976","outcome":"allowed"}
{"component":"player-command","phase":"response","correlationId":"f1368574-5395-4017-8fb8-22659706f976","statusCode":200,"elapsedMs":85}
{"component":"player-command","phase":"request","correlationId":"cb1a0052-af23-47f9-bea9-d117ec245130"}
{"component":"player-command","phase":"authorization","correlationId":"cb1a0052-af23-47f9-bea9-d117ec245130","outcome":"allowed"}
{"component":"player-command","phase":"response","correlationId":"cb1a0052-af23-47f9-bea9-d117ec245130","statusCode":200,"elapsedMs":75}
{"component":"player-command","phase":"request","correlationId":"7dface39-8470-46a6-b8cc-0c8eebab0ffb"}
{"component":"player-command","phase":"authorization","correlationId":"7dface39-8470-46a6-b8cc-0c8eebab0ffb","outcome":"allowed"}
{"component":"player-command","phase":"command","correlationId":"7dface39-8470-46a6-b8cc-0c8eebab0ffb"}
{"component":"player-command","phase":"mutation","correlationId":"7dface39-8470-46a6-b8cc-0c8eebab0ffb","outcome":"completed","replayed":false}
{"component":"player-command","phase":"request","correlationId":"550351c3-422c-453f-a315-e9df16b337d1"}
{"component":"player-command","phase":"authorization","correlationId":"550351c3-422c-453f-a315-e9df16b337d1","outcome":"allowed"}
{"component":"player-command","phase":"response","correlationId":"550351c3-422c-453f-a315-e9df16b337d1","statusCode":200,"elapsedMs":73}
{"component":"player-command","phase":"consequence","correlationId":"7dface39-8470-46a6-b8cc-0c8eebab0ffb","replayed":false,"changes":9}
{"component":"player-command","phase":"opportunity","correlationId":"7dface39-8470-46a6-b8cc-0c8eebab0ffb","replayed":false,"changes":8}
{"component":"player-command","phase":"response","correlationId":"7dface39-8470-46a6-b8cc-0c8eebab0ffb","statusCode":200,"elapsedMs":196}
{"component":"player-command","phase":"request","correlationId":"a86f8ba0-9cbb-46a0-b9a0-bf2024e3eb1d"}
{"component":"player-command","phase":"authorization","correlationId":"a86f8ba0-9cbb-46a0-b9a0-bf2024e3eb1d","outcome":"allowed"}
{"component":"player-command","phase":"response","correlationId":"a86f8ba0-9cbb-46a0-b9a0-bf2024e3eb1d","statusCode":200,"elapsedMs":86}
{"component":"player-command","phase":"request","correlationId":"b72e2758-a942-46b3-a427-7c1db50fc1ec"}
{"component":"player-command","phase":"authorization","correlationId":"b72e2758-a942-46b3-a427-7c1db50fc1ec","outcome":"allowed"}
{"component":"player-command","phase":"response","correlationId":"b72e2758-a942-46b3-a427-7c1db50fc1ec","statusCode":200,"elapsedMs":87}
{"component":"player-command","phase":"request","correlationId":"c0edd074-1de6-432b-8b07-9766f73cc9d2"}
{"component":"player-command","phase":"authorization","correlationId":"c0edd074-1de6-432b-8b07-9766f73cc9d2","outcome":"allowed"}
{"component":"player-command","phase":"response","correlationId":"c0edd074-1de6-432b-8b07-9766f73cc9d2","statusCode":200,"elapsedMs":80}
{"component":"player-command","phase":"request","correlationId":"74fdc5ec-bd9e-4bc2-a0a9-ef25dcb568fe"}
{"component":"player-command","phase":"authorization","correlationId":"74fdc5ec-bd9e-4bc2-a0a9-ef25dcb568fe","outcome":"allowed"}
{"component":"player-command","phase":"command","correlationId":"74fdc5ec-bd9e-4bc2-a0a9-ef25dcb568fe"}
{"component":"player-command","phase":"mutation","correlationId":"74fdc5ec-bd9e-4bc2-a0a9-ef25dcb568fe","outcome":"completed","replayed":false}
{"component":"player-command","phase":"request","correlationId":"c549d9d1-766c-40a0-b8ba-3311817d3cb5"}
{"component":"player-command","phase":"authorization","correlationId":"c549d9d1-766c-40a0-b8ba-3311817d3cb5","outcome":"allowed"}
{"component":"player-command","phase":"response","correlationId":"c549d9d1-766c-40a0-b8ba-3311817d3cb5","statusCode":200,"elapsedMs":75}
{"component":"player-command","phase":"consequence","correlationId":"74fdc5ec-bd9e-4bc2-a0a9-ef25dcb568fe","replayed":false,"changes":1}
{"component":"player-command","phase":"opportunity","correlationId":"74fdc5ec-bd9e-4bc2-a0a9-ef25dcb568fe","replayed":false,"changes":0}
{"component":"player-command","phase":"response","correlationId":"74fdc5ec-bd9e-4bc2-a0a9-ef25dcb568fe","statusCode":200,"elapsedMs":202}
{"component":"player-command","phase":"request","correlationId":"fb34c015-f6a5-4435-aba9-63757902f957"}
{"component":"player-command","phase":"authorization","correlationId":"fb34c015-f6a5-4435-aba9-63757902f957","outcome":"allowed"}
{"component":"player-command","phase":"response","correlationId":"fb34c015-f6a5-4435-aba9-63757902f957","statusCode":200,"elapsedMs":94}
{"component":"player-command","phase":"request","correlationId":"a74138aa-86d1-4e88-b13a-eaa68c2f53ef"}
{"component":"player-command","phase":"authorization","correlationId":"a74138aa-86d1-4e88-b13a-eaa68c2f53ef","outcome":"allowed"}
{"component":"player-command","phase":"response","correlationId":"a74138aa-86d1-4e88-b13a-eaa68c2f53ef","statusCode":200,"elapsedMs":78}
{"component":"player-command","phase":"request","correlationId":"2dadf026-8265-417d-a0d7-6f7c6158c12d"}
{"component":"player-command","phase":"authorization","correlationId":"2dadf026-8265-417d-a0d7-6f7c6158c12d","outcome":"allowed"}
{"component":"player-command","phase":"response","correlationId":"2dadf026-8265-417d-a0d7-6f7c6158c12d","statusCode":200,"elapsedMs":82}
{"component":"player-command","phase":"request","correlationId":"2a3e44ff-2f97-458b-9edd-288ca05e4647"}
{"component":"player-command","phase":"authorization","correlationId":"2a3e44ff-2f97-458b-9edd-288ca05e4647","outcome":"allowed"}
{"component":"player-command","phase":"response","correlationId":"2a3e44ff-2f97-458b-9edd-288ca05e4647","statusCode":200,"elapsedMs":82}
{"component":"player-command","phase":"request","correlationId":"4af81aae-13d5-42ff-8639-d3d2b25b4c96"}
{"component":"player-command","phase":"authorization","correlationId":"4af81aae-13d5-42ff-8639-d3d2b25b4c96","outcome":"allowed"}
{"component":"player-command","phase":"command","correlationId":"4af81aae-13d5-42ff-8639-d3d2b25b4c96"}
{"component":"player-command","phase":"mutation","correlationId":"4af81aae-13d5-42ff-8639-d3d2b25b4c96","outcome":"completed","replayed":false}
{"component":"player-command","phase":"request","correlationId":"c66da71f-1df2-4c77-a106-98db4b195e11"}
{"component":"player-command","phase":"authorization","correlationId":"c66da71f-1df2-4c77-a106-98db4b195e11","outcome":"allowed"}
{"component":"player-command","phase":"response","correlationId":"c66da71f-1df2-4c77-a106-98db4b195e11","statusCode":200,"elapsedMs":79}
{"component":"player-command","phase":"consequence","correlationId":"4af81aae-13d5-42ff-8639-d3d2b25b4c96","replayed":false,"changes":10}
{"component":"player-command","phase":"opportunity","correlationId":"4af81aae-13d5-42ff-8639-d3d2b25b4c96","replayed":false,"changes":9}
{"component":"player-command","phase":"response","correlationId":"4af81aae-13d5-42ff-8639-d3d2b25b4c96","statusCode":200,"elapsedMs":206}
{"component":"player-command","phase":"request","correlationId":"a7c0d999-8d68-4aa3-990c-7676b085dbd3"}
{"component":"player-command","phase":"authorization","correlationId":"a7c0d999-8d68-4aa3-990c-7676b085dbd3","outcome":"allowed"}
{"component":"player-command","phase":"response","correlationId":"a7c0d999-8d68-4aa3-990c-7676b085dbd3","statusCode":200,"elapsedMs":84}
{"component":"player-command","phase":"request","correlationId":"b71198d6-f46e-4b97-9a0d-bc66849144cf"}
{"component":"player-command","phase":"authorization","correlationId":"b71198d6-f46e-4b97-9a0d-bc66849144cf","outcome":"allowed"}
{"component":"player-command","phase":"response","correlationId":"b71198d6-f46e-4b97-9a0d-bc66849144cf","statusCode":200,"elapsedMs":83}
{"component":"player-command","phase":"request","correlationId":"9f2a8846-5469-438e-8257-4d1e56197999"}
{"component":"player-command","phase":"authorization","correlationId":"9f2a8846-5469-438e-8257-4d1e56197999","outcome":"allowed"}
{"component":"player-command","phase":"response","correlationId":"9f2a8846-5469-438e-8257-4d1e56197999","statusCode":200,"elapsedMs":73}
{"component":"player-command","phase":"request","correlationId":"6e7e8319-2b5a-480b-a891-e6fa0de0e7f6"}
{"component":"player-command","phase":"authorization","correlationId":"6e7e8319-2b5a-480b-a891-e6fa0de0e7f6","outcome":"allowed"}
{"component":"player-command","phase":"response","correlationId":"6e7e8319-2b5a-480b-a891-e6fa0de0e7f6","statusCode":200,"elapsedMs":76}
{"component":"player-command","phase":"request","correlationId":"11088de7-fa5b-40b6-a213-798f9c480faf"}
{"component":"player-command","phase":"authorization","correlationId":"11088de7-fa5b-40b6-a213-798f9c480faf","outcome":"allowed"}
{"component":"player-command","phase":"command","correlationId":"11088de7-fa5b-40b6-a213-798f9c480faf"}
{"component":"player-command","phase":"mutation","correlationId":"11088de7-fa5b-40b6-a213-798f9c480faf","outcome":"completed","replayed":false}
{"component":"player-command","phase":"request","correlationId":"e1d4f5f2-42ad-4643-8bbe-c49ec9a6dea7"}
{"component":"player-command","phase":"authorization","correlationId":"e1d4f5f2-42ad-4643-8bbe-c49ec9a6dea7","outcome":"allowed"}
{"component":"player-command","phase":"consequence","correlationId":"11088de7-fa5b-40b6-a213-798f9c480faf","replayed":false,"changes":10}
{"component":"player-command","phase":"opportunity","correlationId":"11088de7-fa5b-40b6-a213-798f9c480faf","replayed":false,"changes":9}
{"component":"player-command","phase":"response","correlationId":"11088de7-fa5b-40b6-a213-798f9c480faf","statusCode":200,"elapsedMs":187}
{"component":"player-command","phase":"response","correlationId":"e1d4f5f2-42ad-4643-8bbe-c49ec9a6dea7","statusCode":200,"elapsedMs":111}
{"component":"player-command","phase":"request","correlationId":"32fba044-d9ac-400c-9b27-9836c1238737"}
{"component":"player-command","phase":"authorization","correlationId":"32fba044-d9ac-400c-9b27-9836c1238737","outcome":"allowed"}
{"component":"player-command","phase":"response","correlationId":"32fba044-d9ac-400c-9b27-9836c1238737","statusCode":200,"elapsedMs":75}
{"component":"player-command","phase":"request","correlationId":"d2d18125-ceaf-42c6-b971-d7c983339bfd"}
{"component":"player-command","phase":"authorization","correlationId":"d2d18125-ceaf-42c6-b971-d7c983339bfd","outcome":"allowed"}
{"component":"player-command","phase":"response","correlationId":"d2d18125-ceaf-42c6-b971-d7c983339bfd","statusCode":200,"elapsedMs":87}
{"component":"player-command","phase":"request","correlationId":"76abd215-4fb4-4a9e-9aba-c2ba18c1e08c"}
{"component":"player-command","phase":"authorization","correlationId":"76abd215-4fb4-4a9e-9aba-c2ba18c1e08c","outcome":"allowed"}
{"component":"player-command","phase":"response","correlationId":"76abd215-4fb4-4a9e-9aba-c2ba18c1e08c","statusCode":200,"elapsedMs":82}
{"component":"player-command","phase":"request","correlationId":"8eade46b-e150-4e5b-b537-a800ad00e9b6"}
{"component":"player-command","phase":"authorization","correlationId":"8eade46b-e150-4e5b-b537-a800ad00e9b6","outcome":"allowed"}
{"component":"player-command","phase":"command","correlationId":"8eade46b-e150-4e5b-b537-a800ad00e9b6"}
{"component":"player-command","phase":"mutation","correlationId":"8eade46b-e150-4e5b-b537-a800ad00e9b6","outcome":"completed","replayed":false}
{"component":"player-command","phase":"request","correlationId":"1f462b1c-3e27-4f1d-8ab2-1318b9b37008"}
{"component":"player-command","phase":"authorization","correlationId":"1f462b1c-3e27-4f1d-8ab2-1318b9b37008","outcome":"allowed"}
{"component":"player-command","phase":"response","correlationId":"1f462b1c-3e27-4f1d-8ab2-1318b9b37008","statusCode":200,"elapsedMs":87}
{"component":"player-command","phase":"consequence","correlationId":"8eade46b-e150-4e5b-b537-a800ad00e9b6","replayed":false,"changes":1}
{"component":"player-command","phase":"opportunity","correlationId":"8eade46b-e150-4e5b-b537-a800ad00e9b6","replayed":false,"changes":0}
{"component":"player-command","phase":"response","correlationId":"8eade46b-e150-4e5b-b537-a800ad00e9b6","statusCode":200,"elapsedMs":220}
{"component":"player-command","phase":"request","correlationId":"a94c0009-4590-4ed6-af3d-55bf090a44c0"}
{"component":"player-command","phase":"authorization","correlationId":"a94c0009-4590-4ed6-af3d-55bf090a44c0","outcome":"allowed"}
{"component":"player-command","phase":"response","correlationId":"a94c0009-4590-4ed6-af3d-55bf090a44c0","statusCode":200,"elapsedMs":91}
{"component":"player-command","phase":"request","correlationId":"e5af4a95-6e59-46d0-b348-26608604a4cb"}
{"component":"player-command","phase":"authorization","correlationId":"e5af4a95-6e59-46d0-b348-26608604a4cb","outcome":"allowed"}
{"component":"player-command","phase":"response","correlationId":"e5af4a95-6e59-46d0-b348-26608604a4cb","statusCode":200,"elapsedMs":84}
{"component":"player-command","phase":"request","correlationId":"7fc7b895-1f58-4a7b-8704-546d0f2d5b68"}
{"component":"player-command","phase":"authorization","correlationId":"7fc7b895-1f58-4a7b-8704-546d0f2d5b68","outcome":"allowed"}
{"component":"player-command","phase":"response","correlationId":"7fc7b895-1f58-4a7b-8704-546d0f2d5b68","statusCode":200,"elapsedMs":81}
{"component":"player-command","phase":"request","correlationId":"8a032793-5499-49c1-b194-b8d668f9544b"}
{"component":"player-command","phase":"authorization","correlationId":"8a032793-5499-49c1-b194-b8d668f9544b","outcome":"allowed"}
{"component":"player-command","phase":"command","correlationId":"8a032793-5499-49c1-b194-b8d668f9544b"}
{"component":"player-command","phase":"mutation","correlationId":"8a032793-5499-49c1-b194-b8d668f9544b","outcome":"completed","replayed":false}
{"component":"player-command","phase":"request","correlationId":"94825dab-f989-494d-acb7-69209e6ae13f"}
{"component":"player-command","phase":"authorization","correlationId":"94825dab-f989-494d-acb7-69209e6ae13f","outcome":"allowed"}
{"component":"player-command","phase":"response","correlationId":"94825dab-f989-494d-acb7-69209e6ae13f","statusCode":200,"elapsedMs":90}
{"component":"player-command","phase":"consequence","correlationId":"8a032793-5499-49c1-b194-b8d668f9544b","replayed":false,"changes":1}
{"component":"player-command","phase":"opportunity","correlationId":"8a032793-5499-49c1-b194-b8d668f9544b","replayed":false,"changes":0}
{"component":"player-command","phase":"response","correlationId":"8a032793-5499-49c1-b194-b8d668f9544b","statusCode":200,"elapsedMs":208}
{"component":"player-command","phase":"request","correlationId":"55c7edfc-8078-440d-b9a7-89440ed76ae2"}
{"component":"player-command","phase":"authorization","correlationId":"55c7edfc-8078-440d-b9a7-89440ed76ae2","outcome":"allowed"}
{"component":"player-command","phase":"response","correlationId":"55c7edfc-8078-440d-b9a7-89440ed76ae2","statusCode":200,"elapsedMs":81}
{"component":"player-command","phase":"request","correlationId":"d3addf6a-b9d6-4ea4-bae5-7e9586f45045"}
{"component":"player-command","phase":"authorization","correlationId":"d3addf6a-b9d6-4ea4-bae5-7e9586f45045","outcome":"allowed"}
{"component":"player-command","phase":"response","correlationId":"d3addf6a-b9d6-4ea4-bae5-7e9586f45045","statusCode":200,"elapsedMs":82}
{"component":"player-command","phase":"request","correlationId":"927bbc34-c003-49bb-a1ab-35c87b8d1c02"}
{"component":"player-command","phase":"authorization","correlationId":"927bbc34-c003-49bb-a1ab-35c87b8d1c02","outcome":"allowed"}
{"component":"player-command","phase":"response","correlationId":"927bbc34-c003-49bb-a1ab-35c87b8d1c02","statusCode":200,"elapsedMs":82}
{"component":"player-command","phase":"request","correlationId":"b7c5da87-4cdf-4c29-a5c0-bf170bafee03"}
{"component":"player-command","phase":"authorization","correlationId":"b7c5da87-4cdf-4c29-a5c0-bf170bafee03","outcome":"allowed"}
{"component":"player-command","phase":"command","correlationId":"b7c5da87-4cdf-4c29-a5c0-bf170bafee03"}
{"component":"player-command","phase":"mutation","correlationId":"b7c5da87-4cdf-4c29-a5c0-bf170bafee03","outcome":"completed","replayed":false}
{"component":"player-command","phase":"request","correlationId":"9c746c02-dd62-4f33-8254-767252684a65"}
{"component":"player-command","phase":"authorization","correlationId":"9c746c02-dd62-4f33-8254-767252684a65","outcome":"allowed"}
{"component":"player-command","phase":"response","correlationId":"9c746c02-dd62-4f33-8254-767252684a65","statusCode":200,"elapsedMs":89}
{"component":"player-command","phase":"consequence","correlationId":"b7c5da87-4cdf-4c29-a5c0-bf170bafee03","replayed":false,"changes":1}
{"component":"player-command","phase":"opportunity","correlationId":"b7c5da87-4cdf-4c29-a5c0-bf170bafee03","replayed":false,"changes":0}
{"component":"player-command","phase":"response","correlationId":"b7c5da87-4cdf-4c29-a5c0-bf170bafee03","statusCode":200,"elapsedMs":213}
{"component":"player-command","phase":"request","correlationId":"ac9cd935-18de-498a-9d32-6d03976ddf37"}
{"component":"player-command","phase":"authorization","correlationId":"ac9cd935-18de-498a-9d32-6d03976ddf37","outcome":"allowed"}
{"component":"player-command","phase":"response","correlationId":"ac9cd935-18de-498a-9d32-6d03976ddf37","statusCode":200,"elapsedMs":90}
{"component":"player-command","phase":"request","correlationId":"dac65243-6fc5-4235-9cb7-e2f662ab768e"}
{"component":"player-command","phase":"authorization","correlationId":"dac65243-6fc5-4235-9cb7-e2f662ab768e","outcome":"allowed"}
{"component":"player-command","phase":"response","correlationId":"dac65243-6fc5-4235-9cb7-e2f662ab768e","statusCode":200,"elapsedMs":81}
{"component":"player-command","phase":"request","correlationId":"204e16bc-664e-4973-a7b0-acee1bd4d538"}
{"component":"player-command","phase":"authorization","correlationId":"204e16bc-664e-4973-a7b0-acee1bd4d538","outcome":"allowed"}
{"component":"player-command","phase":"response","correlationId":"204e16bc-664e-4973-a7b0-acee1bd4d538","statusCode":200,"elapsedMs":83}
{"component":"player-command","phase":"request","correlationId":"682a38fc-64ff-4bc1-8e31-5a663a15770f"}
{"component":"player-command","phase":"authorization","correlationId":"682a38fc-64ff-4bc1-8e31-5a663a15770f","outcome":"allowed"}
{"component":"player-command","phase":"response","correlationId":"682a38fc-64ff-4bc1-8e31-5a663a15770f","statusCode":200,"elapsedMs":84}
{"component":"player-command","phase":"request","correlationId":"4096a3da-316a-4630-9f44-9b1ca79d3d3a"}
{"component":"player-command","phase":"authorization","correlationId":"4096a3da-316a-4630-9f44-9b1ca79d3d3a","outcome":"allowed"}
{"component":"player-command","phase":"command","correlationId":"4096a3da-316a-4630-9f44-9b1ca79d3d3a"}
{"component":"player-command","phase":"mutation","correlationId":"4096a3da-316a-4630-9f44-9b1ca79d3d3a","outcome":"completed","replayed":false}
{"component":"player-command","phase":"request","correlationId":"4f6e1f90-e3bc-4042-a7fa-842ba448c568"}
{"component":"player-command","phase":"authorization","correlationId":"4f6e1f90-e3bc-4042-a7fa-842ba448c568","outcome":"allowed"}
{"component":"player-command","phase":"response","correlationId":"4f6e1f90-e3bc-4042-a7fa-842ba448c568","statusCode":200,"elapsedMs":86}
{"component":"player-command","phase":"consequence","correlationId":"4096a3da-316a-4630-9f44-9b1ca79d3d3a","replayed":false,"changes":1}
{"component":"player-command","phase":"opportunity","correlationId":"4096a3da-316a-4630-9f44-9b1ca79d3d3a","replayed":false,"changes":0}
{"component":"player-command","phase":"response","correlationId":"4096a3da-316a-4630-9f44-9b1ca79d3d3a","statusCode":200,"elapsedMs":209}
{"component":"player-command","phase":"request","correlationId":"cd5dbd10-432a-4e4a-95f8-851823b619b0"}
{"component":"player-command","phase":"authorization","correlationId":"cd5dbd10-432a-4e4a-95f8-851823b619b0","outcome":"allowed"}
{"component":"player-command","phase":"response","correlationId":"cd5dbd10-432a-4e4a-95f8-851823b619b0","statusCode":200,"elapsedMs":88}
{"component":"player-command","phase":"request","correlationId":"0fb9caa2-3aed-4e1b-a53a-19a667241082"}
{"component":"player-command","phase":"authorization","correlationId":"0fb9caa2-3aed-4e1b-a53a-19a667241082","outcome":"allowed"}
{"component":"player-command","phase":"response","correlationId":"0fb9caa2-3aed-4e1b-a53a-19a667241082","statusCode":200,"elapsedMs":83}
{"component":"player-command","phase":"request","correlationId":"fc496bac-c857-4e09-8685-52249f8e9d1e"}
{"component":"player-command","phase":"authorization","correlationId":"fc496bac-c857-4e09-8685-52249f8e9d1e","outcome":"allowed"}
{"component":"player-command","phase":"response","correlationId":"fc496bac-c857-4e09-8685-52249f8e9d1e","statusCode":200,"elapsedMs":81}
{"component":"player-command","phase":"request","correlationId":"fa0e7dfe-e25d-4a7a-81ba-a739a946c903"}
{"component":"player-command","phase":"authorization","correlationId":"fa0e7dfe-e25d-4a7a-81ba-a739a946c903","outcome":"allowed"}
{"component":"player-command","phase":"command","correlationId":"fa0e7dfe-e25d-4a7a-81ba-a739a946c903"}
{"component":"player-command","phase":"mutation","correlationId":"fa0e7dfe-e25d-4a7a-81ba-a739a946c903","outcome":"completed","replayed":false}
{"component":"player-command","phase":"request","correlationId":"be9a2f37-ffcc-4aa4-9f60-869de0d2b2af"}
{"component":"player-command","phase":"authorization","correlationId":"be9a2f37-ffcc-4aa4-9f60-869de0d2b2af","outcome":"allowed"}
{"component":"player-command","phase":"response","correlationId":"be9a2f37-ffcc-4aa4-9f60-869de0d2b2af","statusCode":200,"elapsedMs":99}
{"component":"player-command","phase":"consequence","correlationId":"fa0e7dfe-e25d-4a7a-81ba-a739a946c903","replayed":false,"changes":1}
{"component":"player-command","phase":"opportunity","correlationId":"fa0e7dfe-e25d-4a7a-81ba-a739a946c903","replayed":false,"changes":0}
{"component":"player-command","phase":"response","correlationId":"fa0e7dfe-e25d-4a7a-81ba-a739a946c903","statusCode":200,"elapsedMs":218}
{"component":"player-command","phase":"request","correlationId":"29191b0c-84a4-40dc-b672-8760867a9621"}
{"component":"player-command","phase":"authorization","correlationId":"29191b0c-84a4-40dc-b672-8760867a9621","outcome":"allowed"}
{"component":"player-command","phase":"response","correlationId":"29191b0c-84a4-40dc-b672-8760867a9621","statusCode":200,"elapsedMs":98}
{"component":"player-command","phase":"request","correlationId":"75e1ac04-3837-4dd5-9b44-9769af7e34b3"}
{"component":"player-command","phase":"authorization","correlationId":"75e1ac04-3837-4dd5-9b44-9769af7e34b3","outcome":"allowed"}
{"component":"player-command","phase":"response","correlationId":"75e1ac04-3837-4dd5-9b44-9769af7e34b3","statusCode":200,"elapsedMs":92}
{"component":"player-command","phase":"request","correlationId":"f177af2a-0d3d-46a5-a449-56b99b2c75b4"}
{"component":"player-command","phase":"authorization","correlationId":"f177af2a-0d3d-46a5-a449-56b99b2c75b4","outcome":"allowed"}
{"component":"player-command","phase":"response","correlationId":"f177af2a-0d3d-46a5-a449-56b99b2c75b4","statusCode":200,"elapsedMs":91}
{"component":"player-command","phase":"request","correlationId":"74251426-2d7d-4393-93d9-de231ae9c81e"}
{"component":"player-command","phase":"authorization","correlationId":"74251426-2d7d-4393-93d9-de231ae9c81e","outcome":"allowed"}
{"component":"player-command","phase":"response","correlationId":"74251426-2d7d-4393-93d9-de231ae9c81e","statusCode":200,"elapsedMs":96}
{"component":"player-command","phase":"request","correlationId":"6aeb7463-1326-4a74-87d4-15c107b7f4e7"}
{"component":"player-command","phase":"authorization","correlationId":"6aeb7463-1326-4a74-87d4-15c107b7f4e7","outcome":"allowed"}
{"component":"player-command","phase":"command","correlationId":"6aeb7463-1326-4a74-87d4-15c107b7f4e7"}
{"component":"player-command","phase":"mutation","correlationId":"6aeb7463-1326-4a74-87d4-15c107b7f4e7","outcome":"completed","replayed":false}
{"component":"player-command","phase":"request","correlationId":"bcb76af1-192e-4928-95d3-c7f846e679f9"}
{"component":"player-command","phase":"authorization","correlationId":"bcb76af1-192e-4928-95d3-c7f846e679f9","outcome":"allowed"}
{"component":"player-command","phase":"response","correlationId":"bcb76af1-192e-4928-95d3-c7f846e679f9","statusCode":200,"elapsedMs":88}
{"component":"player-command","phase":"consequence","correlationId":"6aeb7463-1326-4a74-87d4-15c107b7f4e7","replayed":false,"changes":1}
{"component":"player-command","phase":"opportunity","correlationId":"6aeb7463-1326-4a74-87d4-15c107b7f4e7","replayed":false,"changes":0}
{"component":"player-command","phase":"response","correlationId":"6aeb7463-1326-4a74-87d4-15c107b7f4e7","statusCode":200,"elapsedMs":215}
{"component":"player-command","phase":"request","correlationId":"e12da01a-8d0d-41b7-8513-05dc94b419f0"}
{"component":"player-command","phase":"authorization","correlationId":"e12da01a-8d0d-41b7-8513-05dc94b419f0","outcome":"allowed"}
{"component":"player-command","phase":"response","correlationId":"e12da01a-8d0d-41b7-8513-05dc94b419f0","statusCode":200,"elapsedMs":87}
{"component":"player-command","phase":"request","correlationId":"5c715eb7-7e48-4f8f-ab8d-3ba7135d3735"}
{"component":"player-command","phase":"authorization","correlationId":"5c715eb7-7e48-4f8f-ab8d-3ba7135d3735","outcome":"allowed"}
{"component":"player-command","phase":"response","correlationId":"5c715eb7-7e48-4f8f-ab8d-3ba7135d3735","statusCode":200,"elapsedMs":88}
{"component":"player-command","phase":"request","correlationId":"ecd0eb3e-9731-4b6d-b614-9db7a85fe28a"}
{"component":"player-command","phase":"authorization","correlationId":"ecd0eb3e-9731-4b6d-b614-9db7a85fe28a","outcome":"allowed"}
{"component":"player-command","phase":"response","correlationId":"ecd0eb3e-9731-4b6d-b614-9db7a85fe28a","statusCode":200,"elapsedMs":81}
{"component":"player-command","phase":"request","correlationId":"4396e987-c1cd-449a-9765-a177ae8fe5f4"}
{"component":"player-command","phase":"authorization","correlationId":"4396e987-c1cd-449a-9765-a177ae8fe5f4","outcome":"allowed"}
{"component":"player-command","phase":"command","correlationId":"4396e987-c1cd-449a-9765-a177ae8fe5f4"}
{"component":"player-command","phase":"mutation","correlationId":"4396e987-c1cd-449a-9765-a177ae8fe5f4","outcome":"completed","replayed":false}
{"component":"player-command","phase":"request","correlationId":"12788a3f-98fb-41b9-82ef-a187435946dc"}
{"component":"player-command","phase":"authorization","correlationId":"12788a3f-98fb-41b9-82ef-a187435946dc","outcome":"allowed"}
{"component":"player-command","phase":"consequence","correlationId":"4396e987-c1cd-449a-9765-a177ae8fe5f4","replayed":false,"changes":3}
{"component":"player-command","phase":"opportunity","correlationId":"4396e987-c1cd-449a-9765-a177ae8fe5f4","replayed":false,"changes":2}
{"component":"player-command","phase":"response","correlationId":"4396e987-c1cd-449a-9765-a177ae8fe5f4","statusCode":200,"elapsedMs":207}
{"component":"player-command","phase":"response","correlationId":"12788a3f-98fb-41b9-82ef-a187435946dc","statusCode":200,"elapsedMs":121}
{"component":"player-command","phase":"request","correlationId":"ab838b25-3b95-495c-85f9-8ff937501a42"}
{"component":"player-command","phase":"authorization","correlationId":"ab838b25-3b95-495c-85f9-8ff937501a42","outcome":"allowed"}
{"component":"player-command","phase":"response","correlationId":"ab838b25-3b95-495c-85f9-8ff937501a42","statusCode":200,"elapsedMs":81}
{"component":"player-command","phase":"request","correlationId":"da94b9cc-f62e-4711-8fef-7c704b7393e3"}
{"component":"player-command","phase":"authorization","correlationId":"da94b9cc-f62e-4711-8fef-7c704b7393e3","outcome":"allowed"}
{"component":"player-command","phase":"response","correlationId":"da94b9cc-f62e-4711-8fef-7c704b7393e3","statusCode":200,"elapsedMs":78}
{"component":"player-command","phase":"request","correlationId":"e16b9b07-a796-4fe9-a26f-2c18d92af6a6"}
{"component":"player-command","phase":"authorization","correlationId":"e16b9b07-a796-4fe9-a26f-2c18d92af6a6","outcome":"allowed"}
{"component":"player-command","phase":"response","correlationId":"e16b9b07-a796-4fe9-a26f-2c18d92af6a6","statusCode":200,"elapsedMs":74}
{"component":"player-command","phase":"request","correlationId":"cbde0e52-0fa3-4048-b2d0-4d4b410fc975"}
{"component":"player-command","phase":"authorization","correlationId":"cbde0e52-0fa3-4048-b2d0-4d4b410fc975","outcome":"allowed"}
{"component":"player-command","phase":"command","correlationId":"cbde0e52-0fa3-4048-b2d0-4d4b410fc975"}
{"component":"player-command","phase":"mutation","correlationId":"cbde0e52-0fa3-4048-b2d0-4d4b410fc975","outcome":"completed","replayed":false}
{"component":"player-command","phase":"request","correlationId":"537074aa-d786-4383-be38-1c5a04bbd70a"}
{"component":"player-command","phase":"authorization","correlationId":"537074aa-d786-4383-be38-1c5a04bbd70a","outcome":"allowed"}
{"component":"player-command","phase":"consequence","correlationId":"cbde0e52-0fa3-4048-b2d0-4d4b410fc975","replayed":false,"changes":6}
{"component":"player-command","phase":"opportunity","correlationId":"cbde0e52-0fa3-4048-b2d0-4d4b410fc975","replayed":false,"changes":2}
{"component":"player-command","phase":"response","correlationId":"cbde0e52-0fa3-4048-b2d0-4d4b410fc975","statusCode":200,"elapsedMs":191}
{"component":"player-command","phase":"request","correlationId":"6486a0df-3316-4c52-ad57-1f1c01243974"}
{"component":"player-command","phase":"authorization","correlationId":"6486a0df-3316-4c52-ad57-1f1c01243974","outcome":"allowed"}
{"component":"player-command","phase":"response","correlationId":"537074aa-d786-4383-be38-1c5a04bbd70a","statusCode":200,"elapsedMs":118}
{"component":"player-command","phase":"response","correlationId":"6486a0df-3316-4c52-ad57-1f1c01243974","statusCode":200,"elapsedMs":96}
{"component":"player-command","phase":"request","correlationId":"68c83f97-8c44-4b6d-be5f-4df5a3933fa7"}
{"component":"player-command","phase":"authorization","correlationId":"68c83f97-8c44-4b6d-be5f-4df5a3933fa7","outcome":"allowed"}
{"component":"player-command","phase":"response","correlationId":"68c83f97-8c44-4b6d-be5f-4df5a3933fa7","statusCode":200,"elapsedMs":79}
{"component":"player-command","phase":"request","correlationId":"06238c9f-5da3-4d25-9059-966057ae8e5e"}
{"component":"player-command","phase":"authorization","correlationId":"06238c9f-5da3-4d25-9059-966057ae8e5e","outcome":"allowed"}
{"component":"player-command","phase":"response","correlationId":"06238c9f-5da3-4d25-9059-966057ae8e5e","statusCode":200,"elapsedMs":81}
{"component":"player-command","phase":"request","correlationId":"38e6b95a-f526-4942-8ab8-0f3345883a23"}
{"component":"player-command","phase":"authorization","correlationId":"38e6b95a-f526-4942-8ab8-0f3345883a23","outcome":"allowed"}
{"component":"player-command","phase":"response","correlationId":"38e6b95a-f526-4942-8ab8-0f3345883a23","statusCode":200,"elapsedMs":77}
{"component":"player-command","phase":"request","correlationId":"87fef221-8bf2-4bd6-bd64-87fa6a24ab8c"}
{"component":"player-command","phase":"authorization","correlationId":"87fef221-8bf2-4bd6-bd64-87fa6a24ab8c","outcome":"allowed"}
{"component":"player-command","phase":"command","correlationId":"87fef221-8bf2-4bd6-bd64-87fa6a24ab8c"}
{"component":"player-command","phase":"mutation","correlationId":"87fef221-8bf2-4bd6-bd64-87fa6a24ab8c","outcome":"completed","replayed":false}
{"component":"player-command","phase":"request","correlationId":"094bbd7d-6767-470f-9155-ae8e88639b46"}
{"component":"player-command","phase":"authorization","correlationId":"094bbd7d-6767-470f-9155-ae8e88639b46","outcome":"allowed"}
{"component":"player-command","phase":"consequence","correlationId":"87fef221-8bf2-4bd6-bd64-87fa6a24ab8c","replayed":false,"changes":1}
{"component":"player-command","phase":"opportunity","correlationId":"87fef221-8bf2-4bd6-bd64-87fa6a24ab8c","replayed":false,"changes":0}
{"component":"player-command","phase":"response","correlationId":"87fef221-8bf2-4bd6-bd64-87fa6a24ab8c","statusCode":200,"elapsedMs":189}
{"component":"player-command","phase":"response","correlationId":"094bbd7d-6767-470f-9155-ae8e88639b46","statusCode":200,"elapsedMs":103}
{"component":"player-command","phase":"request","correlationId":"114ba2de-e132-4bcf-a77a-211a3126e91a"}
{"component":"player-command","phase":"authorization","correlationId":"114ba2de-e132-4bcf-a77a-211a3126e91a","outcome":"allowed"}
{"component":"player-command","phase":"response","correlationId":"114ba2de-e132-4bcf-a77a-211a3126e91a","statusCode":200,"elapsedMs":106}
{"component":"player-command","phase":"request","correlationId":"7be71546-a794-4d8b-90a6-02c3dc9df0d2"}
{"component":"player-command","phase":"authorization","correlationId":"7be71546-a794-4d8b-90a6-02c3dc9df0d2","outcome":"allowed"}
{"component":"player-command","phase":"response","correlationId":"7be71546-a794-4d8b-90a6-02c3dc9df0d2","statusCode":200,"elapsedMs":101}
{"component":"player-command","phase":"request","correlationId":"1183c553-5fe4-4a65-9ec2-a690af75a133"}
{"component":"player-command","phase":"authorization","correlationId":"1183c553-5fe4-4a65-9ec2-a690af75a133","outcome":"allowed"}
{"component":"player-command","phase":"response","correlationId":"1183c553-5fe4-4a65-9ec2-a690af75a133","statusCode":200,"elapsedMs":76}
{"component":"player-command","phase":"request","correlationId":"4ad3297e-d6c6-4614-807b-eb442099c69b"}
{"component":"player-command","phase":"authorization","correlationId":"4ad3297e-d6c6-4614-807b-eb442099c69b","outcome":"allowed"}
{"component":"player-command","phase":"command","correlationId":"4ad3297e-d6c6-4614-807b-eb442099c69b"}
{"component":"player-command","phase":"mutation","correlationId":"4ad3297e-d6c6-4614-807b-eb442099c69b","outcome":"completed","replayed":false}
{"component":"player-command","phase":"request","correlationId":"b87e81be-0745-4d9c-a791-a847bae4dec4"}
{"component":"player-command","phase":"authorization","correlationId":"b87e81be-0745-4d9c-a791-a847bae4dec4","outcome":"allowed"}
{"component":"player-command","phase":"consequence","correlationId":"4ad3297e-d6c6-4614-807b-eb442099c69b","replayed":false,"changes":2}
{"component":"player-command","phase":"opportunity","correlationId":"4ad3297e-d6c6-4614-807b-eb442099c69b","replayed":false,"changes":0}
{"component":"player-command","phase":"response","correlationId":"4ad3297e-d6c6-4614-807b-eb442099c69b","statusCode":200,"elapsedMs":185}
{"component":"player-command","phase":"response","correlationId":"b87e81be-0745-4d9c-a791-a847bae4dec4","statusCode":200,"elapsedMs":107}
{"component":"player-command","phase":"request","correlationId":"abbf8d0a-e0cd-414c-88c7-f5199a45e05a"}
{"component":"player-command","phase":"authorization","correlationId":"abbf8d0a-e0cd-414c-88c7-f5199a45e05a","outcome":"allowed"}
{"component":"player-command","phase":"response","correlationId":"abbf8d0a-e0cd-414c-88c7-f5199a45e05a","statusCode":200,"elapsedMs":84}
{"component":"player-command","phase":"request","correlationId":"c9fa2853-66ee-40b5-917b-93bfb743c967"}
{"component":"player-command","phase":"authorization","correlationId":"c9fa2853-66ee-40b5-917b-93bfb743c967","outcome":"allowed"}
{"component":"player-command","phase":"response","correlationId":"c9fa2853-66ee-40b5-917b-93bfb743c967","statusCode":200,"elapsedMs":73}
{"component":"player-command","phase":"request","correlationId":"8cbbde7d-e276-4d23-93df-2cff63c6dc8d"}
{"component":"player-command","phase":"authorization","correlationId":"8cbbde7d-e276-4d23-93df-2cff63c6dc8d","outcome":"allowed"}
{"component":"player-command","phase":"response","correlationId":"8cbbde7d-e276-4d23-93df-2cff63c6dc8d","statusCode":200,"elapsedMs":72}
{"component":"player-command","phase":"request","correlationId":"9df3460b-8ec4-4cbd-a5e7-d8ed53cfedd1"}
{"component":"player-command","phase":"authorization","correlationId":"9df3460b-8ec4-4cbd-a5e7-d8ed53cfedd1","outcome":"allowed"}
{"component":"player-command","phase":"command","correlationId":"9df3460b-8ec4-4cbd-a5e7-d8ed53cfedd1"}
{"component":"player-command","phase":"mutation","correlationId":"9df3460b-8ec4-4cbd-a5e7-d8ed53cfedd1","outcome":"completed","replayed":false}
{"component":"player-command","phase":"request","correlationId":"31c233ba-d8bd-49a8-9f95-c64c153d5aef"}
{"component":"player-command","phase":"authorization","correlationId":"31c233ba-d8bd-49a8-9f95-c64c153d5aef","outcome":"allowed"}
{"component":"player-command","phase":"consequence","correlationId":"9df3460b-8ec4-4cbd-a5e7-d8ed53cfedd1","replayed":false,"changes":1}
{"component":"player-command","phase":"opportunity","correlationId":"9df3460b-8ec4-4cbd-a5e7-d8ed53cfedd1","replayed":false,"changes":0}
{"component":"player-command","phase":"response","correlationId":"9df3460b-8ec4-4cbd-a5e7-d8ed53cfedd1","statusCode":200,"elapsedMs":180}
{"component":"player-command","phase":"response","correlationId":"31c233ba-d8bd-49a8-9f95-c64c153d5aef","statusCode":200,"elapsedMs":104}
{"component":"player-command","phase":"request","correlationId":"a511797a-8102-47c4-8a26-e71102078717"}
{"component":"player-command","phase":"authorization","correlationId":"a511797a-8102-47c4-8a26-e71102078717","outcome":"allowed"}
{"component":"player-command","phase":"response","correlationId":"a511797a-8102-47c4-8a26-e71102078717","statusCode":200,"elapsedMs":78}
{"component":"player-command","phase":"request","correlationId":"0fddefea-73c3-4474-a5fc-ceb566b9df79"}
{"component":"player-command","phase":"authorization","correlationId":"0fddefea-73c3-4474-a5fc-ceb566b9df79","outcome":"allowed"}
{"component":"player-command","phase":"response","correlationId":"0fddefea-73c3-4474-a5fc-ceb566b9df79","statusCode":200,"elapsedMs":70}
{"component":"player-command","phase":"request","correlationId":"3860576b-9dc0-4b4c-a393-8cd2686a9818"}
{"component":"player-command","phase":"authorization","correlationId":"3860576b-9dc0-4b4c-a393-8cd2686a9818","outcome":"allowed"}
{"component":"player-command","phase":"response","correlationId":"3860576b-9dc0-4b4c-a393-8cd2686a9818","statusCode":200,"elapsedMs":75}
{"component":"player-command","phase":"request","correlationId":"00aee44b-708b-4815-b9ec-8c18bdc3df1d"}
{"component":"player-command","phase":"authorization","correlationId":"00aee44b-708b-4815-b9ec-8c18bdc3df1d","outcome":"allowed"}
{"component":"player-command","phase":"command","correlationId":"00aee44b-708b-4815-b9ec-8c18bdc3df1d"}
{"component":"player-command","phase":"mutation","correlationId":"00aee44b-708b-4815-b9ec-8c18bdc3df1d","outcome":"completed","replayed":false}
{"component":"player-command","phase":"request","correlationId":"10274da1-b969-4dc1-8ab1-3606ea0217b6"}
{"component":"player-command","phase":"authorization","correlationId":"10274da1-b969-4dc1-8ab1-3606ea0217b6","outcome":"allowed"}
{"component":"player-command","phase":"consequence","correlationId":"00aee44b-708b-4815-b9ec-8c18bdc3df1d","replayed":false,"changes":1}
{"component":"player-command","phase":"opportunity","correlationId":"00aee44b-708b-4815-b9ec-8c18bdc3df1d","replayed":false,"changes":0}
{"component":"player-command","phase":"response","correlationId":"00aee44b-708b-4815-b9ec-8c18bdc3df1d","statusCode":200,"elapsedMs":214}
{"component":"player-command","phase":"request","correlationId":"aa6d4af5-f604-4463-a14c-9bd1d3b1043d"}
{"component":"player-command","phase":"authorization","correlationId":"aa6d4af5-f604-4463-a14c-9bd1d3b1043d","outcome":"allowed"}
{"component":"player-command","phase":"response","correlationId":"10274da1-b969-4dc1-8ab1-3606ea0217b6","statusCode":200,"elapsedMs":117}
{"component":"player-command","phase":"response","correlationId":"aa6d4af5-f604-4463-a14c-9bd1d3b1043d","statusCode":200,"elapsedMs":96}
{"component":"player-command","phase":"request","correlationId":"bf0f0c14-c496-41cb-a38e-5b78a7f67be5"}
{"component":"player-command","phase":"authorization","correlationId":"bf0f0c14-c496-41cb-a38e-5b78a7f67be5","outcome":"allowed"}
{"component":"player-command","phase":"response","correlationId":"bf0f0c14-c496-41cb-a38e-5b78a7f67be5","statusCode":200,"elapsedMs":82}
{"component":"player-command","phase":"request","correlationId":"20567cab-c52a-436a-9493-b11f5e27867c"}
{"component":"player-command","phase":"authorization","correlationId":"20567cab-c52a-436a-9493-b11f5e27867c","outcome":"allowed"}
{"component":"player-command","phase":"response","correlationId":"20567cab-c52a-436a-9493-b11f5e27867c","statusCode":200,"elapsedMs":77}
{"component":"player-command","phase":"request","correlationId":"b3688de0-02d1-49d2-99c3-0dd710198a0b"}
{"component":"player-command","phase":"authorization","correlationId":"b3688de0-02d1-49d2-99c3-0dd710198a0b","outcome":"allowed"}
{"component":"player-command","phase":"response","correlationId":"b3688de0-02d1-49d2-99c3-0dd710198a0b","statusCode":200,"elapsedMs":85}
{"component":"player-command","phase":"request","correlationId":"7fb9d568-27f7-4fdf-908c-e123e577a312"}
{"component":"player-command","phase":"authorization","correlationId":"7fb9d568-27f7-4fdf-908c-e123e577a312","outcome":"allowed"}
{"component":"player-command","phase":"command","correlationId":"7fb9d568-27f7-4fdf-908c-e123e577a312"}
{"component":"player-command","phase":"mutation","correlationId":"7fb9d568-27f7-4fdf-908c-e123e577a312","outcome":"completed","replayed":false}
{"component":"player-command","phase":"request","correlationId":"96a1aa40-fb19-40e7-b3cc-8ad786d001e9"}
{"component":"player-command","phase":"authorization","correlationId":"96a1aa40-fb19-40e7-b3cc-8ad786d001e9","outcome":"allowed"}
{"component":"player-command","phase":"response","correlationId":"96a1aa40-fb19-40e7-b3cc-8ad786d001e9","statusCode":200,"elapsedMs":92}
{"component":"player-command","phase":"consequence","correlationId":"7fb9d568-27f7-4fdf-908c-e123e577a312","replayed":false,"changes":1}
{"component":"player-command","phase":"opportunity","correlationId":"7fb9d568-27f7-4fdf-908c-e123e577a312","replayed":false,"changes":0}
{"component":"player-command","phase":"response","correlationId":"7fb9d568-27f7-4fdf-908c-e123e577a312","statusCode":200,"elapsedMs":210}
{"component":"player-command","phase":"request","correlationId":"099bfdf0-159e-4657-a0f6-6f07207e882c"}
{"component":"player-command","phase":"authorization","correlationId":"099bfdf0-159e-4657-a0f6-6f07207e882c","outcome":"allowed"}
{"component":"player-command","phase":"response","correlationId":"099bfdf0-159e-4657-a0f6-6f07207e882c","statusCode":200,"elapsedMs":84}
{"component":"player-command","phase":"request","correlationId":"edd0b514-4a09-4a0a-9d36-304c3e149d1b"}
{"component":"player-command","phase":"authorization","correlationId":"edd0b514-4a09-4a0a-9d36-304c3e149d1b","outcome":"allowed"}
{"component":"player-command","phase":"response","correlationId":"edd0b514-4a09-4a0a-9d36-304c3e149d1b","statusCode":200,"elapsedMs":83}
{"component":"player-command","phase":"request","correlationId":"753a5180-5c72-47c6-85f9-5da4f208f8d0"}
{"component":"player-command","phase":"authorization","correlationId":"753a5180-5c72-47c6-85f9-5da4f208f8d0","outcome":"allowed"}
{"component":"player-command","phase":"response","correlationId":"753a5180-5c72-47c6-85f9-5da4f208f8d0","statusCode":200,"elapsedMs":83}
{"component":"player-command","phase":"request","correlationId":"43129da4-65b2-4b2a-b1ac-2a2f454d89e3"}
{"component":"player-command","phase":"authorization","correlationId":"43129da4-65b2-4b2a-b1ac-2a2f454d89e3","outcome":"allowed"}
{"component":"player-command","phase":"command","correlationId":"43129da4-65b2-4b2a-b1ac-2a2f454d89e3"}
{"component":"player-command","phase":"mutation","correlationId":"43129da4-65b2-4b2a-b1ac-2a2f454d89e3","outcome":"completed","replayed":false}
{"component":"player-command","phase":"request","correlationId":"10432c70-308a-4928-8102-dc1d5cd68ad1"}
{"component":"player-command","phase":"authorization","correlationId":"10432c70-308a-4928-8102-dc1d5cd68ad1","outcome":"allowed"}
{"component":"player-command","phase":"response","correlationId":"10432c70-308a-4928-8102-dc1d5cd68ad1","statusCode":200,"elapsedMs":83}
{"component":"player-command","phase":"consequence","correlationId":"43129da4-65b2-4b2a-b1ac-2a2f454d89e3","replayed":false,"changes":23}
{"component":"player-command","phase":"opportunity","correlationId":"43129da4-65b2-4b2a-b1ac-2a2f454d89e3","replayed":false,"changes":20}
{"component":"player-command","phase":"response","correlationId":"43129da4-65b2-4b2a-b1ac-2a2f454d89e3","statusCode":200,"elapsedMs":235}
{"component":"player-command","phase":"request","correlationId":"e03633ff-ba12-4b21-9f12-3d8c29e0e8e7"}
{"component":"player-command","phase":"authorization","correlationId":"e03633ff-ba12-4b21-9f12-3d8c29e0e8e7","outcome":"allowed"}
{"component":"player-command","phase":"response","correlationId":"e03633ff-ba12-4b21-9f12-3d8c29e0e8e7","statusCode":200,"elapsedMs":97}
{"component":"player-command","phase":"request","correlationId":"c1a0c56e-5ccd-4841-a765-d7193b278a91"}
{"component":"player-command","phase":"authorization","correlationId":"c1a0c56e-5ccd-4841-a765-d7193b278a91","outcome":"allowed"}
{"component":"player-command","phase":"response","correlationId":"c1a0c56e-5ccd-4841-a765-d7193b278a91","statusCode":200,"elapsedMs":83}
PASS 390px informant-public-disclosure: 98 rendered commands
