⚠️  preflight: Neither PUBLIC_URL nor SOCIAL_GAME_URL is set — every referral link, share prompt and social card will point at the built-in default domain, not yours. Set PUBLIC_URL to this server's own origin (it is also what one-click X sign-in derives its callback from).
⚠️  preflight: INVARIANT_WEBHOOK_URL is not set — the §10.4 economy-drift, backup-failure, oracle-halt and real-value-invariant alarms have nowhere to shout and reach only a log line. Set it (a Slack/Discord webhook) on BOTH processes: the worker fires most alarms, and the API is the only one that can page when the WORKER is dead.
[db] Postgres ready — column migration ran 2956 ADD COLUMN IF NOT EXISTS statements.
{"component":"player-command","phase":"request","correlationId":"0e88ea75-1edc-49db-bb0d-1d917d55d18d"}
{"component":"player-command","phase":"authorization","correlationId":"0e88ea75-1edc-49db-bb0d-1d917d55d18d","outcome":"allowed"}
{"component":"player-command","phase":"response","correlationId":"0e88ea75-1edc-49db-bb0d-1d917d55d18d","statusCode":200,"elapsedMs":178}
{"component":"player-command","phase":"request","correlationId":"a69118c2-d260-421e-aa4b-322a2961b59a"}
{"component":"player-command","phase":"authorization","correlationId":"a69118c2-d260-421e-aa4b-322a2961b59a","outcome":"allowed"}
{"component":"player-command","phase":"response","correlationId":"a69118c2-d260-421e-aa4b-322a2961b59a","statusCode":200,"elapsedMs":62}
{"component":"player-command","phase":"request","correlationId":"81f90521-619f-4fb0-a684-c02c991f22cf"}
{"component":"player-command","phase":"authorization","correlationId":"81f90521-619f-4fb0-a684-c02c991f22cf","outcome":"allowed"}
{"component":"player-command","phase":"response","correlationId":"81f90521-619f-4fb0-a684-c02c991f22cf","statusCode":200,"elapsedMs":86}
{"component":"player-command","phase":"request","correlationId":"f70a7578-9702-49d2-a5a0-05efcdc6f337"}
{"component":"player-command","phase":"authorization","correlationId":"f70a7578-9702-49d2-a5a0-05efcdc6f337","outcome":"allowed"}
{"component":"player-command","phase":"response","correlationId":"f70a7578-9702-49d2-a5a0-05efcdc6f337","statusCode":200,"elapsedMs":35}
{"component":"player-command","phase":"request","correlationId":"f06f585d-a2fb-43d2-be1f-1413f657a910"}
{"component":"player-command","phase":"authorization","correlationId":"f06f585d-a2fb-43d2-be1f-1413f657a910","outcome":"allowed"}
{"component":"player-command","phase":"response","correlationId":"f06f585d-a2fb-43d2-be1f-1413f657a910","statusCode":200,"elapsedMs":107}
{"component":"player-command","phase":"request","correlationId":"0a70092b-0496-4c5e-9793-58388ad8f6b6"}
{"component":"player-command","phase":"authorization","correlationId":"0a70092b-0496-4c5e-9793-58388ad8f6b6","outcome":"allowed"}
{"component":"player-command","phase":"response","correlationId":"0a70092b-0496-4c5e-9793-58388ad8f6b6","statusCode":200,"elapsedMs":72}
{"component":"player-command","phase":"request","correlationId":"ab62984b-5b10-427c-9875-5bc4ee99ae92"}
{"component":"player-command","phase":"authorization","correlationId":"ab62984b-5b10-427c-9875-5bc4ee99ae92","outcome":"allowed"}
{"component":"player-command","phase":"response","correlationId":"ab62984b-5b10-427c-9875-5bc4ee99ae92","statusCode":200,"elapsedMs":34}
{"component":"player-command","phase":"request","correlationId":"a28310c4-e955-4847-964d-eae9a5ed6e01"}
{"component":"player-command","phase":"authorization","correlationId":"a28310c4-e955-4847-964d-eae9a5ed6e01","outcome":"allowed"}
{"component":"player-command","phase":"response","correlationId":"a28310c4-e955-4847-964d-eae9a5ed6e01","statusCode":200,"elapsedMs":44}
{"component":"player-command","phase":"request","correlationId":"a62a627b-03cc-436c-9191-44a22619fb2d"}
{"component":"player-command","phase":"authorization","correlationId":"a62a627b-03cc-436c-9191-44a22619fb2d","outcome":"allowed"}
{"component":"player-command","phase":"response","correlationId":"a62a627b-03cc-436c-9191-44a22619fb2d","statusCode":200,"elapsedMs":61}
{"component":"player-command","phase":"request","correlationId":"3d83b263-3f49-46db-bf7a-a5c65ed2e221"}
{"component":"player-command","phase":"authorization","correlationId":"3d83b263-3f49-46db-bf7a-a5c65ed2e221","outcome":"allowed"}
{"component":"player-command","phase":"response","correlationId":"3d83b263-3f49-46db-bf7a-a5c65ed2e221","statusCode":200,"elapsedMs":101}
{"component":"player-command","phase":"request","correlationId":"52f0831e-f570-49d7-a5e7-64e9137aebde"}
{"component":"player-command","phase":"authorization","correlationId":"52f0831e-f570-49d7-a5e7-64e9137aebde","outcome":"allowed"}
{"component":"player-command","phase":"response","correlationId":"52f0831e-f570-49d7-a5e7-64e9137aebde","statusCode":200,"elapsedMs":148}
{"component":"player-command","phase":"request","correlationId":"241bf25b-5992-464c-8511-7aa189137fe6"}
{"component":"player-command","phase":"authorization","correlationId":"241bf25b-5992-464c-8511-7aa189137fe6","outcome":"allowed"}
{"component":"player-command","phase":"response","correlationId":"241bf25b-5992-464c-8511-7aa189137fe6","statusCode":200,"elapsedMs":89}
{"component":"player-command","phase":"request","correlationId":"4748992d-d8a6-41f7-8e61-b4064da76a62"}
{"component":"player-command","phase":"authorization","correlationId":"4748992d-d8a6-41f7-8e61-b4064da76a62","outcome":"allowed"}
{"component":"player-command","phase":"response","correlationId":"4748992d-d8a6-41f7-8e61-b4064da76a62","statusCode":200,"elapsedMs":27}
{"component":"player-command","phase":"request","correlationId":"dbd330b0-dce4-4d7c-ba10-a92bda96e2bb"}
{"component":"player-command","phase":"authorization","correlationId":"dbd330b0-dce4-4d7c-ba10-a92bda96e2bb","outcome":"allowed"}
{"component":"player-command","phase":"request","correlationId":"5e94d93d-1bea-44e3-b126-9e6dae4cc940"}
{"component":"player-command","phase":"authorization","correlationId":"5e94d93d-1bea-44e3-b126-9e6dae4cc940","outcome":"allowed"}
{"component":"player-command","phase":"response","correlationId":"dbd330b0-dce4-4d7c-ba10-a92bda96e2bb","statusCode":200,"elapsedMs":67}
{"component":"player-command","phase":"response","correlationId":"5e94d93d-1bea-44e3-b126-9e6dae4cc940","statusCode":200,"elapsedMs":51}
{"component":"player-command","phase":"request","correlationId":"a44f00e8-949f-4411-bcd8-ed1b21804b49"}
{"component":"player-command","phase":"authorization","correlationId":"a44f00e8-949f-4411-bcd8-ed1b21804b49","outcome":"allowed"}
{"component":"player-command","phase":"response","correlationId":"a44f00e8-949f-4411-bcd8-ed1b21804b49","statusCode":200,"elapsedMs":76}
{"component":"player-command","phase":"request","correlationId":"0a41cd52-3478-4ce6-a6c8-c004fbb3961e"}
{"component":"player-command","phase":"authorization","correlationId":"0a41cd52-3478-4ce6-a6c8-c004fbb3961e","outcome":"allowed"}
{"component":"player-command","phase":"response","correlationId":"0a41cd52-3478-4ce6-a6c8-c004fbb3961e","statusCode":200,"elapsedMs":57}
{"component":"player-command","phase":"request","correlationId":"bec1b5bd-ab79-48b8-ac30-9d362a70082e"}
{"component":"player-command","phase":"authorization","correlationId":"bec1b5bd-ab79-48b8-ac30-9d362a70082e","outcome":"allowed"}
{"component":"player-command","phase":"response","correlationId":"bec1b5bd-ab79-48b8-ac30-9d362a70082e","statusCode":200,"elapsedMs":37}
{"component":"player-command","phase":"request","correlationId":"063f3c0e-6548-43e2-a468-dda6e72fc449"}
{"component":"player-command","phase":"authorization","correlationId":"063f3c0e-6548-43e2-a468-dda6e72fc449","outcome":"allowed"}
{"component":"player-command","phase":"response","correlationId":"063f3c0e-6548-43e2-a468-dda6e72fc449","statusCode":200,"elapsedMs":56}
{"component":"player-command","phase":"request","correlationId":"dc538a2a-f703-4fda-b133-38cb1c15cd9b"}
{"component":"player-command","phase":"authorization","correlationId":"dc538a2a-f703-4fda-b133-38cb1c15cd9b","outcome":"allowed"}
{"component":"player-command","phase":"response","correlationId":"dc538a2a-f703-4fda-b133-38cb1c15cd9b","statusCode":200,"elapsedMs":41}
{"component":"player-command","phase":"request","correlationId":"06d46bb7-4d10-4878-8c82-a3c8e8a9b3ee"}
{"component":"player-command","phase":"authorization","correlationId":"06d46bb7-4d10-4878-8c82-a3c8e8a9b3ee","outcome":"allowed"}
{"component":"player-command","phase":"command","correlationId":"06d46bb7-4d10-4878-8c82-a3c8e8a9b3ee"}
{"component":"player-command","phase":"mutation","correlationId":"06d46bb7-4d10-4878-8c82-a3c8e8a9b3ee","outcome":"completed","replayed":false}
{"component":"player-command","phase":"consequence","correlationId":"06d46bb7-4d10-4878-8c82-a3c8e8a9b3ee","replayed":false,"changes":3}
{"component":"player-command","phase":"opportunity","correlationId":"06d46bb7-4d10-4878-8c82-a3c8e8a9b3ee","replayed":false,"changes":1}
{"component":"player-command","phase":"response","correlationId":"06d46bb7-4d10-4878-8c82-a3c8e8a9b3ee","statusCode":200,"elapsedMs":188}
{"component":"player-command","phase":"request","correlationId":"4fe368da-1778-4e22-b773-ee5337bc78da"}
{"component":"player-command","phase":"authorization","correlationId":"4fe368da-1778-4e22-b773-ee5337bc78da","outcome":"allowed"}
{"component":"player-command","phase":"response","correlationId":"4fe368da-1778-4e22-b773-ee5337bc78da","statusCode":200,"elapsedMs":74}
{"component":"player-command","phase":"request","correlationId":"0235e028-9e86-4cfa-a678-03519000cc45"}
{"component":"player-command","phase":"authorization","correlationId":"0235e028-9e86-4cfa-a678-03519000cc45","outcome":"allowed"}
{"component":"player-command","phase":"response","correlationId":"0235e028-9e86-4cfa-a678-03519000cc45","statusCode":200,"elapsedMs":75}
{"component":"player-command","phase":"request","correlationId":"28156eaf-5c8e-4d50-ac66-0bf9540b22c9"}
{"component":"player-command","phase":"authorization","correlationId":"28156eaf-5c8e-4d50-ac66-0bf9540b22c9","outcome":"allowed"}
{"component":"player-command","phase":"response","correlationId":"28156eaf-5c8e-4d50-ac66-0bf9540b22c9","statusCode":200,"elapsedMs":69}
{"component":"player-command","phase":"request","correlationId":"f555658a-acbf-4027-881d-f68271e7e74f"}
{"component":"player-command","phase":"authorization","correlationId":"f555658a-acbf-4027-881d-f68271e7e74f","outcome":"allowed"}
{"component":"player-command","phase":"command","correlationId":"f555658a-acbf-4027-881d-f68271e7e74f"}
{"component":"player-command","phase":"mutation","correlationId":"f555658a-acbf-4027-881d-f68271e7e74f","outcome":"completed","replayed":false}
{"component":"player-command","phase":"consequence","correlationId":"f555658a-acbf-4027-881d-f68271e7e74f","replayed":false,"changes":2}
{"component":"player-command","phase":"opportunity","correlationId":"f555658a-acbf-4027-881d-f68271e7e74f","replayed":false,"changes":1}
{"component":"player-command","phase":"response","correlationId":"f555658a-acbf-4027-881d-f68271e7e74f","statusCode":200,"elapsedMs":162}
{"component":"player-command","phase":"request","correlationId":"d0de1abe-211e-4279-99b4-a5943fefda4a"}
{"component":"player-command","phase":"authorization","correlationId":"d0de1abe-211e-4279-99b4-a5943fefda4a","outcome":"allowed"}
{"component":"player-command","phase":"response","correlationId":"d0de1abe-211e-4279-99b4-a5943fefda4a","statusCode":200,"elapsedMs":74}
{"component":"player-command","phase":"request","correlationId":"31e61b59-329d-4e9a-808d-c15bc2135108"}
{"component":"player-command","phase":"authorization","correlationId":"31e61b59-329d-4e9a-808d-c15bc2135108","outcome":"allowed"}
{"component":"player-command","phase":"response","correlationId":"31e61b59-329d-4e9a-808d-c15bc2135108","statusCode":200,"elapsedMs":66}
{"component":"player-command","phase":"request","correlationId":"8a7804ab-0236-49b1-b413-8e63d032195a"}
{"component":"player-command","phase":"authorization","correlationId":"8a7804ab-0236-49b1-b413-8e63d032195a","outcome":"allowed"}
{"component":"player-command","phase":"response","correlationId":"8a7804ab-0236-49b1-b413-8e63d032195a","statusCode":200,"elapsedMs":74}
{"component":"player-command","phase":"request","correlationId":"4fed582a-8437-4766-bd53-7e767d46d66c"}
{"component":"player-command","phase":"authorization","correlationId":"4fed582a-8437-4766-bd53-7e767d46d66c","outcome":"allowed"}
{"component":"player-command","phase":"command","correlationId":"4fed582a-8437-4766-bd53-7e767d46d66c"}
{"component":"player-command","phase":"request","correlationId":"608e292e-9415-44be-b7de-de0cb328b5fa"}
{"component":"player-command","phase":"authorization","correlationId":"608e292e-9415-44be-b7de-de0cb328b5fa","outcome":"allowed"}
{"component":"player-command","phase":"response","correlationId":"608e292e-9415-44be-b7de-de0cb328b5fa","statusCode":200,"elapsedMs":44}
{"component":"player-command","phase":"mutation","correlationId":"4fed582a-8437-4766-bd53-7e767d46d66c","outcome":"completed","replayed":false}
{"component":"player-command","phase":"consequence","correlationId":"4fed582a-8437-4766-bd53-7e767d46d66c","replayed":false,"changes":4}
{"component":"player-command","phase":"opportunity","correlationId":"4fed582a-8437-4766-bd53-7e767d46d66c","replayed":false,"changes":1}
{"component":"player-command","phase":"response","correlationId":"4fed582a-8437-4766-bd53-7e767d46d66c","statusCode":200,"elapsedMs":165}
{"component":"player-command","phase":"request","correlationId":"f66fcf39-faba-46ce-beab-9428d03a258f"}
{"component":"player-command","phase":"authorization","correlationId":"f66fcf39-faba-46ce-beab-9428d03a258f","outcome":"allowed"}
{"component":"player-command","phase":"response","correlationId":"f66fcf39-faba-46ce-beab-9428d03a258f","statusCode":200,"elapsedMs":73}
{"component":"player-command","phase":"request","correlationId":"dfb0794a-2ecd-4858-b171-0bd7744a249e"}
{"component":"player-command","phase":"authorization","correlationId":"dfb0794a-2ecd-4858-b171-0bd7744a249e","outcome":"allowed"}
{"component":"player-command","phase":"response","correlationId":"dfb0794a-2ecd-4858-b171-0bd7744a249e","statusCode":200,"elapsedMs":71}
{"component":"player-command","phase":"request","correlationId":"ed853201-c781-419b-9325-1f1b48e334af"}
{"component":"player-command","phase":"authorization","correlationId":"ed853201-c781-419b-9325-1f1b48e334af","outcome":"allowed"}
{"component":"player-command","phase":"response","correlationId":"ed853201-c781-419b-9325-1f1b48e334af","statusCode":200,"elapsedMs":69}
{"component":"player-command","phase":"request","correlationId":"73c13a04-79ad-4b1c-b8c0-ea8419102a6e"}
{"component":"player-command","phase":"authorization","correlationId":"73c13a04-79ad-4b1c-b8c0-ea8419102a6e","outcome":"allowed"}
{"component":"player-command","phase":"response","correlationId":"73c13a04-79ad-4b1c-b8c0-ea8419102a6e","statusCode":200,"elapsedMs":70}
{"component":"player-command","phase":"request","correlationId":"8b2f5e02-4564-44d8-ae96-1daadcbb9065"}
{"component":"player-command","phase":"authorization","correlationId":"8b2f5e02-4564-44d8-ae96-1daadcbb9065","outcome":"allowed"}
{"component":"player-command","phase":"command","correlationId":"8b2f5e02-4564-44d8-ae96-1daadcbb9065"}
{"component":"player-command","phase":"mutation","correlationId":"8b2f5e02-4564-44d8-ae96-1daadcbb9065","outcome":"completed","replayed":false}
{"component":"player-command","phase":"consequence","correlationId":"8b2f5e02-4564-44d8-ae96-1daadcbb9065","replayed":false,"changes":3}
{"component":"player-command","phase":"opportunity","correlationId":"8b2f5e02-4564-44d8-ae96-1daadcbb9065","replayed":false,"changes":2}
{"component":"player-command","phase":"response","correlationId":"8b2f5e02-4564-44d8-ae96-1daadcbb9065","statusCode":200,"elapsedMs":149}
{"component":"player-command","phase":"request","correlationId":"1145fc25-4d84-4dea-b8ae-50e85eb699af"}
{"component":"player-command","phase":"authorization","correlationId":"1145fc25-4d84-4dea-b8ae-50e85eb699af","outcome":"allowed"}
{"component":"player-command","phase":"response","correlationId":"1145fc25-4d84-4dea-b8ae-50e85eb699af","statusCode":200,"elapsedMs":89}
{"component":"player-command","phase":"request","correlationId":"1fab040c-3747-4607-88dc-bd88e3262aa0"}
{"component":"player-command","phase":"authorization","correlationId":"1fab040c-3747-4607-88dc-bd88e3262aa0","outcome":"allowed"}
{"component":"player-command","phase":"response","correlationId":"1fab040c-3747-4607-88dc-bd88e3262aa0","statusCode":200,"elapsedMs":72}
{"component":"player-command","phase":"request","correlationId":"8a5c465f-4253-4e82-b90d-5364a7e39f0e"}
{"component":"player-command","phase":"authorization","correlationId":"8a5c465f-4253-4e82-b90d-5364a7e39f0e","outcome":"allowed"}
{"component":"player-command","phase":"response","correlationId":"8a5c465f-4253-4e82-b90d-5364a7e39f0e","statusCode":200,"elapsedMs":79}
{"component":"player-command","phase":"request","correlationId":"da8b8d09-a16f-4919-9c03-5a242531234c"}
{"component":"player-command","phase":"authorization","correlationId":"da8b8d09-a16f-4919-9c03-5a242531234c","outcome":"allowed"}
{"component":"player-command","phase":"command","correlationId":"da8b8d09-a16f-4919-9c03-5a242531234c"}
{"component":"player-command","phase":"mutation","correlationId":"da8b8d09-a16f-4919-9c03-5a242531234c","outcome":"completed","replayed":false}
{"component":"player-command","phase":"consequence","correlationId":"da8b8d09-a16f-4919-9c03-5a242531234c","replayed":false,"changes":6}
{"component":"player-command","phase":"opportunity","correlationId":"da8b8d09-a16f-4919-9c03-5a242531234c","replayed":false,"changes":3}
{"component":"player-command","phase":"response","correlationId":"da8b8d09-a16f-4919-9c03-5a242531234c","statusCode":200,"elapsedMs":166}
{"component":"player-command","phase":"request","correlationId":"270379db-8f58-494e-97eb-4d6e94eb1b56"}
{"component":"player-command","phase":"authorization","correlationId":"270379db-8f58-494e-97eb-4d6e94eb1b56","outcome":"allowed"}
{"component":"player-command","phase":"response","correlationId":"270379db-8f58-494e-97eb-4d6e94eb1b56","statusCode":200,"elapsedMs":79}
{"component":"player-command","phase":"request","correlationId":"2408b054-3f4e-4049-9601-cf2489366a10"}
{"component":"player-command","phase":"authorization","correlationId":"2408b054-3f4e-4049-9601-cf2489366a10","outcome":"allowed"}
{"component":"player-command","phase":"response","correlationId":"2408b054-3f4e-4049-9601-cf2489366a10","statusCode":200,"elapsedMs":64}
{"component":"player-command","phase":"request","correlationId":"400686b1-657d-41ff-a71b-34784acd2070"}
{"component":"player-command","phase":"authorization","correlationId":"400686b1-657d-41ff-a71b-34784acd2070","outcome":"allowed"}
{"component":"player-command","phase":"response","correlationId":"400686b1-657d-41ff-a71b-34784acd2070","statusCode":200,"elapsedMs":68}
{"component":"player-command","phase":"request","correlationId":"9c416a89-aa87-4bc3-ad12-040f2ec463cf"}
{"component":"player-command","phase":"authorization","correlationId":"9c416a89-aa87-4bc3-ad12-040f2ec463cf","outcome":"allowed"}
{"component":"player-command","phase":"response","correlationId":"9c416a89-aa87-4bc3-ad12-040f2ec463cf","statusCode":200,"elapsedMs":36}
{"component":"player-command","phase":"request","correlationId":"40b1ce6d-6407-46a4-bc64-892d1fa0a650"}
{"component":"player-command","phase":"authorization","correlationId":"40b1ce6d-6407-46a4-bc64-892d1fa0a650","outcome":"allowed"}
{"component":"player-command","phase":"response","correlationId":"40b1ce6d-6407-46a4-bc64-892d1fa0a650","statusCode":200,"elapsedMs":68}
{"component":"player-command","phase":"request","correlationId":"04c39121-2304-4cf3-8ec9-e530d2ad2b98"}
{"component":"player-command","phase":"authorization","correlationId":"04c39121-2304-4cf3-8ec9-e530d2ad2b98","outcome":"allowed"}
{"component":"player-command","phase":"response","correlationId":"04c39121-2304-4cf3-8ec9-e530d2ad2b98","statusCode":200,"elapsedMs":43}
{"component":"player-command","phase":"request","correlationId":"87296075-cb41-4a1f-9269-ce5bc8693fae"}
{"component":"player-command","phase":"authorization","correlationId":"87296075-cb41-4a1f-9269-ce5bc8693fae","outcome":"allowed"}
{"component":"player-command","phase":"response","correlationId":"87296075-cb41-4a1f-9269-ce5bc8693fae","statusCode":200,"elapsedMs":55}
{"component":"player-command","phase":"request","correlationId":"a4a38da9-4352-4983-bd5e-5f5de2cd8b47"}
{"component":"player-command","phase":"authorization","correlationId":"a4a38da9-4352-4983-bd5e-5f5de2cd8b47","outcome":"allowed"}
{"component":"player-command","phase":"command","correlationId":"a4a38da9-4352-4983-bd5e-5f5de2cd8b47"}
{"component":"player-command","phase":"mutation","correlationId":"a4a38da9-4352-4983-bd5e-5f5de2cd8b47","outcome":"completed","replayed":false}
{"component":"player-command","phase":"consequence","correlationId":"a4a38da9-4352-4983-bd5e-5f5de2cd8b47","replayed":false,"changes":2}
{"component":"player-command","phase":"opportunity","correlationId":"a4a38da9-4352-4983-bd5e-5f5de2cd8b47","replayed":false,"changes":2}
{"component":"player-command","phase":"response","correlationId":"a4a38da9-4352-4983-bd5e-5f5de2cd8b47","statusCode":200,"elapsedMs":180}
{"component":"player-command","phase":"request","correlationId":"97125938-452d-4bcb-92b4-26f5092715ae"}
{"component":"player-command","phase":"authorization","correlationId":"97125938-452d-4bcb-92b4-26f5092715ae","outcome":"allowed"}
{"component":"player-command","phase":"response","correlationId":"97125938-452d-4bcb-92b4-26f5092715ae","statusCode":200,"elapsedMs":74}
{"component":"player-command","phase":"request","correlationId":"88b80ed3-5d18-4ac7-b919-eccb6c5d6bd0"}
{"component":"player-command","phase":"authorization","correlationId":"88b80ed3-5d18-4ac7-b919-eccb6c5d6bd0","outcome":"allowed"}
{"component":"player-command","phase":"response","correlationId":"88b80ed3-5d18-4ac7-b919-eccb6c5d6bd0","statusCode":200,"elapsedMs":82}
{"component":"player-command","phase":"request","correlationId":"86b1d331-9227-4534-868a-8fca1ac425ba"}
{"component":"player-command","phase":"authorization","correlationId":"86b1d331-9227-4534-868a-8fca1ac425ba","outcome":"allowed"}
{"component":"player-command","phase":"response","correlationId":"86b1d331-9227-4534-868a-8fca1ac425ba","statusCode":200,"elapsedMs":81}
{"component":"player-command","phase":"request","correlationId":"0175f10e-3291-49c5-8af3-68ab5b9e8479"}
{"component":"player-command","phase":"authorization","correlationId":"0175f10e-3291-49c5-8af3-68ab5b9e8479","outcome":"allowed"}
{"component":"player-command","phase":"response","correlationId":"0175f10e-3291-49c5-8af3-68ab5b9e8479","statusCode":200,"elapsedMs":65}
{"component":"player-command","phase":"request","correlationId":"324f8568-b138-4f76-a0ba-bb03cf89a86b"}
{"component":"player-command","phase":"authorization","correlationId":"324f8568-b138-4f76-a0ba-bb03cf89a86b","outcome":"allowed"}
{"component":"player-command","phase":"command","correlationId":"324f8568-b138-4f76-a0ba-bb03cf89a86b"}
{"component":"player-command","phase":"mutation","correlationId":"324f8568-b138-4f76-a0ba-bb03cf89a86b","outcome":"completed","replayed":false}
{"component":"player-command","phase":"consequence","correlationId":"324f8568-b138-4f76-a0ba-bb03cf89a86b","replayed":false,"changes":2}
{"component":"player-command","phase":"opportunity","correlationId":"324f8568-b138-4f76-a0ba-bb03cf89a86b","replayed":false,"changes":2}
{"component":"player-command","phase":"response","correlationId":"324f8568-b138-4f76-a0ba-bb03cf89a86b","statusCode":200,"elapsedMs":155}
{"component":"player-command","phase":"request","correlationId":"af981dd5-3c6d-41db-b183-22778acc337b"}
{"component":"player-command","phase":"authorization","correlationId":"af981dd5-3c6d-41db-b183-22778acc337b","outcome":"allowed"}
{"component":"player-command","phase":"response","correlationId":"af981dd5-3c6d-41db-b183-22778acc337b","statusCode":200,"elapsedMs":87}
{"component":"player-command","phase":"request","correlationId":"4d7ce5e7-6d11-4327-9f37-dd9822ab4710"}
{"component":"player-command","phase":"authorization","correlationId":"4d7ce5e7-6d11-4327-9f37-dd9822ab4710","outcome":"allowed"}
{"component":"player-command","phase":"response","correlationId":"4d7ce5e7-6d11-4327-9f37-dd9822ab4710","statusCode":200,"elapsedMs":65}
{"component":"player-command","phase":"request","correlationId":"cb5541c2-4fc1-4fc3-96af-16faf7c08521"}
{"component":"player-command","phase":"authorization","correlationId":"cb5541c2-4fc1-4fc3-96af-16faf7c08521","outcome":"allowed"}
{"component":"player-command","phase":"response","correlationId":"cb5541c2-4fc1-4fc3-96af-16faf7c08521","statusCode":200,"elapsedMs":68}
{"component":"player-command","phase":"request","correlationId":"db2bac05-a97b-455f-82ca-69b567827dad"}
{"component":"player-command","phase":"authorization","correlationId":"db2bac05-a97b-455f-82ca-69b567827dad","outcome":"allowed"}
{"component":"player-command","phase":"response","correlationId":"db2bac05-a97b-455f-82ca-69b567827dad","statusCode":200,"elapsedMs":59}
{"component":"player-command","phase":"request","correlationId":"41ddf2da-b3b5-4c2d-90d1-c4a7391165d2"}
{"component":"player-command","phase":"authorization","correlationId":"41ddf2da-b3b5-4c2d-90d1-c4a7391165d2","outcome":"allowed"}
{"component":"player-command","phase":"command","correlationId":"41ddf2da-b3b5-4c2d-90d1-c4a7391165d2"}
{"component":"player-command","phase":"mutation","correlationId":"41ddf2da-b3b5-4c2d-90d1-c4a7391165d2","outcome":"completed","replayed":false}
{"component":"player-command","phase":"consequence","correlationId":"41ddf2da-b3b5-4c2d-90d1-c4a7391165d2","replayed":false,"changes":16}
{"component":"player-command","phase":"opportunity","correlationId":"41ddf2da-b3b5-4c2d-90d1-c4a7391165d2","replayed":false,"changes":13}
{"component":"player-command","phase":"response","correlationId":"41ddf2da-b3b5-4c2d-90d1-c4a7391165d2","statusCode":200,"elapsedMs":183}
{"component":"player-command","phase":"request","correlationId":"c68d9f98-814b-4e09-b028-73110e5f9734"}
{"component":"player-command","phase":"authorization","correlationId":"c68d9f98-814b-4e09-b028-73110e5f9734","outcome":"allowed"}
{"component":"player-command","phase":"response","correlationId":"c68d9f98-814b-4e09-b028-73110e5f9734","statusCode":200,"elapsedMs":103}
{"component":"player-command","phase":"request","correlationId":"b7cbd620-0d8b-4eb2-9190-fcc2dc392f8d"}
{"component":"player-command","phase":"authorization","correlationId":"b7cbd620-0d8b-4eb2-9190-fcc2dc392f8d","outcome":"allowed"}
{"component":"player-command","phase":"response","correlationId":"b7cbd620-0d8b-4eb2-9190-fcc2dc392f8d","statusCode":200,"elapsedMs":88}
{"component":"player-command","phase":"request","correlationId":"fd5e12ca-f1fb-491c-8be5-96f0ca1ff48a"}
{"component":"player-command","phase":"authorization","correlationId":"fd5e12ca-f1fb-491c-8be5-96f0ca1ff48a","outcome":"allowed"}
{"component":"player-command","phase":"response","correlationId":"fd5e12ca-f1fb-491c-8be5-96f0ca1ff48a","statusCode":200,"elapsedMs":111}
{"component":"player-command","phase":"request","correlationId":"aeab0091-4904-4edc-ac48-bb037957c412"}
{"component":"player-command","phase":"authorization","correlationId":"aeab0091-4904-4edc-ac48-bb037957c412","outcome":"allowed"}
{"component":"player-command","phase":"response","correlationId":"aeab0091-4904-4edc-ac48-bb037957c412","statusCode":200,"elapsedMs":99}
{"component":"player-command","phase":"request","correlationId":"7f595b63-5c24-4463-b1e0-88b319d65711"}
{"component":"player-command","phase":"authorization","correlationId":"7f595b63-5c24-4463-b1e0-88b319d65711","outcome":"allowed"}
{"component":"player-command","phase":"command","correlationId":"7f595b63-5c24-4463-b1e0-88b319d65711"}
{"component":"player-command","phase":"mutation","correlationId":"7f595b63-5c24-4463-b1e0-88b319d65711","outcome":"completed","replayed":false}
{"component":"player-command","phase":"consequence","correlationId":"7f595b63-5c24-4463-b1e0-88b319d65711","replayed":false,"changes":2}
{"component":"player-command","phase":"opportunity","correlationId":"7f595b63-5c24-4463-b1e0-88b319d65711","replayed":false,"changes":2}
{"component":"player-command","phase":"response","correlationId":"7f595b63-5c24-4463-b1e0-88b319d65711","statusCode":200,"elapsedMs":168}
{"component":"player-command","phase":"request","correlationId":"07f6b92a-1261-4db3-84a7-56851d342ef1"}
{"component":"player-command","phase":"authorization","correlationId":"07f6b92a-1261-4db3-84a7-56851d342ef1","outcome":"allowed"}
{"component":"player-command","phase":"response","correlationId":"07f6b92a-1261-4db3-84a7-56851d342ef1","statusCode":200,"elapsedMs":51}
{"component":"player-command","phase":"request","correlationId":"7031f831-60aa-42e9-882d-d9a4b6cb3dc3"}
{"component":"player-command","phase":"authorization","correlationId":"7031f831-60aa-42e9-882d-d9a4b6cb3dc3","outcome":"allowed"}
{"component":"player-command","phase":"response","correlationId":"7031f831-60aa-42e9-882d-d9a4b6cb3dc3","statusCode":200,"elapsedMs":53}
{"component":"player-command","phase":"request","correlationId":"b57ee918-0784-4d43-a2ee-33b68381867d"}
{"component":"player-command","phase":"authorization","correlationId":"b57ee918-0784-4d43-a2ee-33b68381867d","outcome":"allowed"}
{"component":"player-command","phase":"response","correlationId":"b57ee918-0784-4d43-a2ee-33b68381867d","statusCode":200,"elapsedMs":57}
{"component":"player-command","phase":"request","correlationId":"3fa96967-fe72-48e4-ad1d-7e1a314b3308"}
{"component":"player-command","phase":"authorization","correlationId":"3fa96967-fe72-48e4-ad1d-7e1a314b3308","outcome":"allowed"}
{"component":"player-command","phase":"response","correlationId":"3fa96967-fe72-48e4-ad1d-7e1a314b3308","statusCode":200,"elapsedMs":59}
{"component":"player-command","phase":"request","correlationId":"0fddf636-6f2e-4827-98b6-5593a60c2665"}
{"component":"player-command","phase":"authorization","correlationId":"0fddf636-6f2e-4827-98b6-5593a60c2665","outcome":"allowed"}
{"component":"player-command","phase":"command","correlationId":"0fddf636-6f2e-4827-98b6-5593a60c2665"}
{"component":"player-command","phase":"mutation","correlationId":"0fddf636-6f2e-4827-98b6-5593a60c2665","outcome":"completed","replayed":false}
{"component":"player-command","phase":"consequence","correlationId":"0fddf636-6f2e-4827-98b6-5593a60c2665","replayed":false,"changes":2}
{"component":"player-command","phase":"opportunity","correlationId":"0fddf636-6f2e-4827-98b6-5593a60c2665","replayed":false,"changes":2}
{"component":"player-command","phase":"response","correlationId":"0fddf636-6f2e-4827-98b6-5593a60c2665","statusCode":200,"elapsedMs":137}
{"component":"player-command","phase":"request","correlationId":"ee159fca-6cfb-47df-a7b6-c7bd268ad991"}
{"component":"player-command","phase":"authorization","correlationId":"ee159fca-6cfb-47df-a7b6-c7bd268ad991","outcome":"allowed"}
{"component":"player-command","phase":"response","correlationId":"ee159fca-6cfb-47df-a7b6-c7bd268ad991","statusCode":200,"elapsedMs":77}
{"component":"player-command","phase":"request","correlationId":"f894a12e-8838-4469-9585-f225a6ddd826"}
{"component":"player-command","phase":"authorization","correlationId":"f894a12e-8838-4469-9585-f225a6ddd826","outcome":"allowed"}
{"component":"player-command","phase":"response","correlationId":"f894a12e-8838-4469-9585-f225a6ddd826","statusCode":200,"elapsedMs":73}
{"component":"player-command","phase":"request","correlationId":"8e51f053-361d-430d-acb7-930340dc1312"}
{"component":"player-command","phase":"authorization","correlationId":"8e51f053-361d-430d-acb7-930340dc1312","outcome":"allowed"}
{"component":"player-command","phase":"response","correlationId":"8e51f053-361d-430d-acb7-930340dc1312","statusCode":200,"elapsedMs":71}
{"component":"player-command","phase":"request","correlationId":"13a3c8d6-9272-4920-957b-6008632e52e9"}
{"component":"player-command","phase":"authorization","correlationId":"13a3c8d6-9272-4920-957b-6008632e52e9","outcome":"allowed"}
{"component":"player-command","phase":"response","correlationId":"13a3c8d6-9272-4920-957b-6008632e52e9","statusCode":200,"elapsedMs":68}
{"component":"player-command","phase":"request","correlationId":"d3240d26-27b4-483b-8801-dc52e3003745"}
{"component":"player-command","phase":"authorization","correlationId":"d3240d26-27b4-483b-8801-dc52e3003745","outcome":"allowed"}
{"component":"player-command","phase":"command","correlationId":"d3240d26-27b4-483b-8801-dc52e3003745"}
{"component":"player-command","phase":"mutation","correlationId":"d3240d26-27b4-483b-8801-dc52e3003745","outcome":"completed","replayed":false}
{"component":"player-command","phase":"consequence","correlationId":"d3240d26-27b4-483b-8801-dc52e3003745","replayed":false,"changes":1}
{"component":"player-command","phase":"opportunity","correlationId":"d3240d26-27b4-483b-8801-dc52e3003745","replayed":false,"changes":1}
{"component":"player-command","phase":"response","correlationId":"d3240d26-27b4-483b-8801-dc52e3003745","statusCode":200,"elapsedMs":148}
{"component":"player-command","phase":"request","correlationId":"988954cb-8dd0-44a4-a320-c7ee2f40867a"}
{"component":"player-command","phase":"authorization","correlationId":"988954cb-8dd0-44a4-a320-c7ee2f40867a","outcome":"allowed"}
{"component":"player-command","phase":"response","correlationId":"988954cb-8dd0-44a4-a320-c7ee2f40867a","statusCode":200,"elapsedMs":77}
{"component":"player-command","phase":"request","correlationId":"5d686cc2-d205-4d5f-bbdf-9365a7e8a46d"}
{"component":"player-command","phase":"authorization","correlationId":"5d686cc2-d205-4d5f-bbdf-9365a7e8a46d","outcome":"allowed"}
{"component":"player-command","phase":"response","correlationId":"5d686cc2-d205-4d5f-bbdf-9365a7e8a46d","statusCode":200,"elapsedMs":75}
{"component":"player-command","phase":"request","correlationId":"6e638dec-f113-4e29-9425-6b93b589072f"}
{"component":"player-command","phase":"authorization","correlationId":"6e638dec-f113-4e29-9425-6b93b589072f","outcome":"allowed"}
{"component":"player-command","phase":"response","correlationId":"6e638dec-f113-4e29-9425-6b93b589072f","statusCode":200,"elapsedMs":80}
{"component":"player-command","phase":"request","correlationId":"750859ad-dbaa-48e8-99c6-c1d848580f86"}
{"component":"player-command","phase":"authorization","correlationId":"750859ad-dbaa-48e8-99c6-c1d848580f86","outcome":"allowed"}
{"component":"player-command","phase":"response","correlationId":"750859ad-dbaa-48e8-99c6-c1d848580f86","statusCode":200,"elapsedMs":58}
{"component":"player-command","phase":"request","correlationId":"0a241a94-fd31-4d09-a7b6-35432a2f02a7"}
{"component":"player-command","phase":"authorization","correlationId":"0a241a94-fd31-4d09-a7b6-35432a2f02a7","outcome":"allowed"}
{"component":"player-command","phase":"response","correlationId":"0a241a94-fd31-4d09-a7b6-35432a2f02a7","statusCode":200,"elapsedMs":113}
{"component":"player-command","phase":"request","correlationId":"e3243047-066c-447c-8288-386083060106"}
{"component":"player-command","phase":"authorization","correlationId":"e3243047-066c-447c-8288-386083060106","outcome":"allowed"}
{"component":"player-command","phase":"command","correlationId":"e3243047-066c-447c-8288-386083060106"}
{"component":"player-command","phase":"mutation","correlationId":"e3243047-066c-447c-8288-386083060106","outcome":"completed","replayed":false}
{"component":"player-command","phase":"consequence","correlationId":"e3243047-066c-447c-8288-386083060106","replayed":false,"changes":4}
{"component":"player-command","phase":"opportunity","correlationId":"e3243047-066c-447c-8288-386083060106","replayed":false,"changes":0}
{"component":"player-command","phase":"response","correlationId":"e3243047-066c-447c-8288-386083060106","statusCode":200,"elapsedMs":147}
{"component":"player-command","phase":"request","correlationId":"b6e2bc3f-5824-4b98-907d-44bb37f16222"}
{"component":"player-command","phase":"authorization","correlationId":"b6e2bc3f-5824-4b98-907d-44bb37f16222","outcome":"allowed"}
{"component":"player-command","phase":"response","correlationId":"b6e2bc3f-5824-4b98-907d-44bb37f16222","statusCode":200,"elapsedMs":65}
{"component":"player-command","phase":"request","correlationId":"76c52c35-ea33-4b18-b70d-8604a9821f5d"}
{"component":"player-command","phase":"authorization","correlationId":"76c52c35-ea33-4b18-b70d-8604a9821f5d","outcome":"allowed"}
{"component":"player-command","phase":"response","correlationId":"76c52c35-ea33-4b18-b70d-8604a9821f5d","statusCode":200,"elapsedMs":53}
{"component":"player-command","phase":"request","correlationId":"3df17d92-5004-412c-8e3f-1ca8c9222f88"}
{"component":"player-command","phase":"authorization","correlationId":"3df17d92-5004-412c-8e3f-1ca8c9222f88","outcome":"allowed"}
{"component":"player-command","phase":"response","correlationId":"3df17d92-5004-412c-8e3f-1ca8c9222f88","statusCode":200,"elapsedMs":49}
{"component":"player-command","phase":"request","correlationId":"ffd2b6eb-83b9-4496-b646-537f72c357e9"}
{"component":"player-command","phase":"authorization","correlationId":"ffd2b6eb-83b9-4496-b646-537f72c357e9","outcome":"allowed"}
{"component":"player-command","phase":"response","correlationId":"ffd2b6eb-83b9-4496-b646-537f72c357e9","statusCode":200,"elapsedMs":69}
{"component":"player-command","phase":"request","correlationId":"9a163b6a-1c12-4ea1-8987-a3b9b4f80891"}
{"component":"player-command","phase":"authorization","correlationId":"9a163b6a-1c12-4ea1-8987-a3b9b4f80891","outcome":"allowed"}
{"component":"player-command","phase":"command","correlationId":"9a163b6a-1c12-4ea1-8987-a3b9b4f80891"}
{"component":"player-command","phase":"request","correlationId":"df1a338a-cc9f-432a-8a4c-968f005a96ab"}
{"component":"player-command","phase":"authorization","correlationId":"df1a338a-cc9f-432a-8a4c-968f005a96ab","outcome":"allowed"}
{"component":"player-command","phase":"mutation","correlationId":"9a163b6a-1c12-4ea1-8987-a3b9b4f80891","outcome":"completed","replayed":false}
{"component":"player-command","phase":"response","correlationId":"df1a338a-cc9f-432a-8a4c-968f005a96ab","statusCode":200,"elapsedMs":66}
{"component":"player-command","phase":"request","correlationId":"c5ece681-bc5c-4518-a667-4369e4ca1663"}
{"component":"player-command","phase":"authorization","correlationId":"c5ece681-bc5c-4518-a667-4369e4ca1663","outcome":"allowed"}
{"component":"player-command","phase":"consequence","correlationId":"9a163b6a-1c12-4ea1-8987-a3b9b4f80891","replayed":false,"changes":9}
{"component":"player-command","phase":"opportunity","correlationId":"9a163b6a-1c12-4ea1-8987-a3b9b4f80891","replayed":false,"changes":8}
{"component":"player-command","phase":"response","correlationId":"9a163b6a-1c12-4ea1-8987-a3b9b4f80891","statusCode":200,"elapsedMs":190}
{"component":"player-command","phase":"response","correlationId":"c5ece681-bc5c-4518-a667-4369e4ca1663","statusCode":200,"elapsedMs":74}
{"component":"player-command","phase":"request","correlationId":"291186bb-88eb-4cdd-86ed-332bc8b5368e"}
{"component":"player-command","phase":"authorization","correlationId":"291186bb-88eb-4cdd-86ed-332bc8b5368e","outcome":"allowed"}
{"component":"player-command","phase":"response","correlationId":"291186bb-88eb-4cdd-86ed-332bc8b5368e","statusCode":200,"elapsedMs":73}
{"component":"player-command","phase":"request","correlationId":"bea0c047-dbdc-4a77-8cfc-53b2d2b70e6d"}
{"component":"player-command","phase":"authorization","correlationId":"bea0c047-dbdc-4a77-8cfc-53b2d2b70e6d","outcome":"allowed"}
{"component":"player-command","phase":"response","correlationId":"bea0c047-dbdc-4a77-8cfc-53b2d2b70e6d","statusCode":200,"elapsedMs":69}
{"component":"player-command","phase":"request","correlationId":"f84e9c6c-1283-4605-9dde-88f26ffd92f4"}
{"component":"player-command","phase":"authorization","correlationId":"f84e9c6c-1283-4605-9dde-88f26ffd92f4","outcome":"allowed"}
{"component":"player-command","phase":"response","correlationId":"f84e9c6c-1283-4605-9dde-88f26ffd92f4","statusCode":200,"elapsedMs":70}
{"component":"player-command","phase":"request","correlationId":"060aa54d-825b-4de8-8715-e7a76809d38c"}
{"component":"player-command","phase":"authorization","correlationId":"060aa54d-825b-4de8-8715-e7a76809d38c","outcome":"allowed"}
{"component":"player-command","phase":"response","correlationId":"060aa54d-825b-4de8-8715-e7a76809d38c","statusCode":200,"elapsedMs":75}
{"component":"player-command","phase":"request","correlationId":"acc79de2-7772-485a-9ad9-2755fd7bbf05"}
{"component":"player-command","phase":"authorization","correlationId":"acc79de2-7772-485a-9ad9-2755fd7bbf05","outcome":"allowed"}
{"component":"player-command","phase":"command","correlationId":"acc79de2-7772-485a-9ad9-2755fd7bbf05"}
{"component":"player-command","phase":"mutation","correlationId":"acc79de2-7772-485a-9ad9-2755fd7bbf05","outcome":"completed","replayed":false}
{"component":"player-command","phase":"request","correlationId":"cd56a29f-8557-49d6-a432-a64b1411c088"}
{"component":"player-command","phase":"authorization","correlationId":"cd56a29f-8557-49d6-a432-a64b1411c088","outcome":"allowed"}
{"component":"player-command","phase":"response","correlationId":"cd56a29f-8557-49d6-a432-a64b1411c088","statusCode":200,"elapsedMs":49}
{"component":"player-command","phase":"consequence","correlationId":"acc79de2-7772-485a-9ad9-2755fd7bbf05","replayed":false,"changes":1}
{"component":"player-command","phase":"opportunity","correlationId":"acc79de2-7772-485a-9ad9-2755fd7bbf05","replayed":false,"changes":0}
{"component":"player-command","phase":"response","correlationId":"acc79de2-7772-485a-9ad9-2755fd7bbf05","statusCode":200,"elapsedMs":188}
{"component":"player-command","phase":"request","correlationId":"1860485c-2f0f-4aaa-b042-f26fb6a6439c"}
{"component":"player-command","phase":"authorization","correlationId":"1860485c-2f0f-4aaa-b042-f26fb6a6439c","outcome":"allowed"}
{"component":"player-command","phase":"response","correlationId":"1860485c-2f0f-4aaa-b042-f26fb6a6439c","statusCode":200,"elapsedMs":77}
{"component":"player-command","phase":"request","correlationId":"e75e0c51-403a-4129-b313-285794b9d48a"}
{"component":"player-command","phase":"authorization","correlationId":"e75e0c51-403a-4129-b313-285794b9d48a","outcome":"allowed"}
{"component":"player-command","phase":"response","correlationId":"e75e0c51-403a-4129-b313-285794b9d48a","statusCode":200,"elapsedMs":75}
{"component":"player-command","phase":"request","correlationId":"124d2557-947c-4b9c-af6e-81da08f57a2e"}
{"component":"player-command","phase":"authorization","correlationId":"124d2557-947c-4b9c-af6e-81da08f57a2e","outcome":"allowed"}
{"component":"player-command","phase":"response","correlationId":"124d2557-947c-4b9c-af6e-81da08f57a2e","statusCode":200,"elapsedMs":79}
{"component":"player-command","phase":"request","correlationId":"6f3e1929-a281-4a4f-b78f-d661be6fedc0"}
{"component":"player-command","phase":"authorization","correlationId":"6f3e1929-a281-4a4f-b78f-d661be6fedc0","outcome":"allowed"}
{"component":"player-command","phase":"response","correlationId":"6f3e1929-a281-4a4f-b78f-d661be6fedc0","statusCode":200,"elapsedMs":73}
{"component":"player-command","phase":"request","correlationId":"319d3688-e998-4440-a65b-226761a59e20"}
{"component":"player-command","phase":"authorization","correlationId":"319d3688-e998-4440-a65b-226761a59e20","outcome":"allowed"}
{"component":"player-command","phase":"command","correlationId":"319d3688-e998-4440-a65b-226761a59e20"}
{"component":"player-command","phase":"mutation","correlationId":"319d3688-e998-4440-a65b-226761a59e20","outcome":"completed","replayed":false}
{"component":"player-command","phase":"request","correlationId":"5c2aa1a2-8154-4901-a60f-eecc4fbb891e"}
{"component":"player-command","phase":"authorization","correlationId":"5c2aa1a2-8154-4901-a60f-eecc4fbb891e","outcome":"allowed"}
{"component":"player-command","phase":"response","correlationId":"5c2aa1a2-8154-4901-a60f-eecc4fbb891e","statusCode":200,"elapsedMs":54}
{"component":"player-command","phase":"consequence","correlationId":"319d3688-e998-4440-a65b-226761a59e20","replayed":false,"changes":10}
{"component":"player-command","phase":"opportunity","correlationId":"319d3688-e998-4440-a65b-226761a59e20","replayed":false,"changes":9}
{"component":"player-command","phase":"response","correlationId":"319d3688-e998-4440-a65b-226761a59e20","statusCode":200,"elapsedMs":180}
{"component":"player-command","phase":"request","correlationId":"76d663ee-50b7-4717-a7a6-624d44b9d0e0"}
{"component":"player-command","phase":"authorization","correlationId":"76d663ee-50b7-4717-a7a6-624d44b9d0e0","outcome":"allowed"}
{"component":"player-command","phase":"response","correlationId":"76d663ee-50b7-4717-a7a6-624d44b9d0e0","statusCode":200,"elapsedMs":76}
{"component":"player-command","phase":"request","correlationId":"1828923b-ea94-4549-b5cf-a2b5da782692"}
{"component":"player-command","phase":"authorization","correlationId":"1828923b-ea94-4549-b5cf-a2b5da782692","outcome":"allowed"}
{"component":"player-command","phase":"response","correlationId":"1828923b-ea94-4549-b5cf-a2b5da782692","statusCode":200,"elapsedMs":76}
{"component":"player-command","phase":"request","correlationId":"502293a2-844c-4df7-bd27-e3be475ddb0f"}
{"component":"player-command","phase":"authorization","correlationId":"502293a2-844c-4df7-bd27-e3be475ddb0f","outcome":"allowed"}
{"component":"player-command","phase":"response","correlationId":"502293a2-844c-4df7-bd27-e3be475ddb0f","statusCode":200,"elapsedMs":46}
{"component":"player-command","phase":"request","correlationId":"dca60056-321f-416d-b626-3945a28dfd5c"}
{"component":"player-command","phase":"authorization","correlationId":"dca60056-321f-416d-b626-3945a28dfd5c","outcome":"allowed"}
{"component":"player-command","phase":"response","correlationId":"dca60056-321f-416d-b626-3945a28dfd5c","statusCode":200,"elapsedMs":58}
{"component":"player-command","phase":"request","correlationId":"758c768e-c386-4c10-af9b-7c0e5d5ffac4"}
{"component":"player-command","phase":"authorization","correlationId":"758c768e-c386-4c10-af9b-7c0e5d5ffac4","outcome":"allowed"}
{"component":"player-command","phase":"command","correlationId":"758c768e-c386-4c10-af9b-7c0e5d5ffac4"}
{"component":"player-command","phase":"mutation","correlationId":"758c768e-c386-4c10-af9b-7c0e5d5ffac4","outcome":"completed","replayed":false}
{"component":"player-command","phase":"request","correlationId":"ea4e50b0-0c4d-49c6-a704-f7ba0a421548"}
{"component":"player-command","phase":"authorization","correlationId":"ea4e50b0-0c4d-49c6-a704-f7ba0a421548","outcome":"allowed"}
{"component":"player-command","phase":"consequence","correlationId":"758c768e-c386-4c10-af9b-7c0e5d5ffac4","replayed":false,"changes":10}
{"component":"player-command","phase":"opportunity","correlationId":"758c768e-c386-4c10-af9b-7c0e5d5ffac4","replayed":false,"changes":9}
{"component":"player-command","phase":"response","correlationId":"758c768e-c386-4c10-af9b-7c0e5d5ffac4","statusCode":200,"elapsedMs":148}
{"component":"player-command","phase":"response","correlationId":"ea4e50b0-0c4d-49c6-a704-f7ba0a421548","statusCode":200,"elapsedMs":101}
{"component":"player-command","phase":"request","correlationId":"531e95bb-1fc5-45f8-aec0-9639bb90ab95"}
{"component":"player-command","phase":"authorization","correlationId":"531e95bb-1fc5-45f8-aec0-9639bb90ab95","outcome":"allowed"}
{"component":"player-command","phase":"response","correlationId":"531e95bb-1fc5-45f8-aec0-9639bb90ab95","statusCode":200,"elapsedMs":58}
{"component":"player-command","phase":"request","correlationId":"4a58cf81-eea0-4804-a9e1-35cfd1a96b64"}
{"component":"player-command","phase":"authorization","correlationId":"4a58cf81-eea0-4804-a9e1-35cfd1a96b64","outcome":"allowed"}
{"component":"player-command","phase":"response","correlationId":"4a58cf81-eea0-4804-a9e1-35cfd1a96b64","statusCode":200,"elapsedMs":53}
{"component":"player-command","phase":"request","correlationId":"fcc42ccb-2332-4813-827a-36a467e08fe4"}
{"component":"player-command","phase":"authorization","correlationId":"fcc42ccb-2332-4813-827a-36a467e08fe4","outcome":"allowed"}
{"component":"player-command","phase":"response","correlationId":"fcc42ccb-2332-4813-827a-36a467e08fe4","statusCode":200,"elapsedMs":78}
{"component":"player-command","phase":"request","correlationId":"d1d9fbad-55fe-4b02-a8bb-9ec6f5dfc164"}
{"component":"player-command","phase":"authorization","correlationId":"d1d9fbad-55fe-4b02-a8bb-9ec6f5dfc164","outcome":"allowed"}
{"component":"player-command","phase":"command","correlationId":"d1d9fbad-55fe-4b02-a8bb-9ec6f5dfc164"}
{"component":"player-command","phase":"mutation","correlationId":"d1d9fbad-55fe-4b02-a8bb-9ec6f5dfc164","outcome":"completed","replayed":false}
{"component":"player-command","phase":"request","correlationId":"74cf9ab6-e840-4e07-b97f-c1fa6537a120"}
{"component":"player-command","phase":"authorization","correlationId":"74cf9ab6-e840-4e07-b97f-c1fa6537a120","outcome":"allowed"}
{"component":"player-command","phase":"response","correlationId":"74cf9ab6-e840-4e07-b97f-c1fa6537a120","statusCode":200,"elapsedMs":59}
{"component":"player-command","phase":"consequence","correlationId":"d1d9fbad-55fe-4b02-a8bb-9ec6f5dfc164","replayed":false,"changes":1}
{"component":"player-command","phase":"opportunity","correlationId":"d1d9fbad-55fe-4b02-a8bb-9ec6f5dfc164","replayed":false,"changes":0}
{"component":"player-command","phase":"response","correlationId":"d1d9fbad-55fe-4b02-a8bb-9ec6f5dfc164","statusCode":200,"elapsedMs":185}
{"component":"player-command","phase":"request","correlationId":"4bf0c961-3807-4a19-8602-ae2c4a328123"}
{"component":"player-command","phase":"authorization","correlationId":"4bf0c961-3807-4a19-8602-ae2c4a328123","outcome":"allowed"}
{"component":"player-command","phase":"response","correlationId":"4bf0c961-3807-4a19-8602-ae2c4a328123","statusCode":200,"elapsedMs":72}
{"component":"player-command","phase":"request","correlationId":"1abb227c-b02f-49c8-a4cc-dcb3cea3f93a"}
{"component":"player-command","phase":"authorization","correlationId":"1abb227c-b02f-49c8-a4cc-dcb3cea3f93a","outcome":"allowed"}
{"component":"player-command","phase":"response","correlationId":"1abb227c-b02f-49c8-a4cc-dcb3cea3f93a","statusCode":200,"elapsedMs":95}
{"component":"player-command","phase":"request","correlationId":"06c18f75-120d-41c2-846c-26a8f0e5d060"}
{"component":"player-command","phase":"authorization","correlationId":"06c18f75-120d-41c2-846c-26a8f0e5d060","outcome":"allowed"}
{"component":"player-command","phase":"response","correlationId":"06c18f75-120d-41c2-846c-26a8f0e5d060","statusCode":200,"elapsedMs":84}
{"component":"player-command","phase":"request","correlationId":"d362d083-44ff-485f-8e35-b3f7bbc1043a"}
{"component":"player-command","phase":"authorization","correlationId":"d362d083-44ff-485f-8e35-b3f7bbc1043a","outcome":"allowed"}
{"component":"player-command","phase":"command","correlationId":"d362d083-44ff-485f-8e35-b3f7bbc1043a"}
{"component":"player-command","phase":"mutation","correlationId":"d362d083-44ff-485f-8e35-b3f7bbc1043a","outcome":"completed","replayed":false}
{"component":"player-command","phase":"request","correlationId":"1f13f233-a3b8-4f80-b351-7aaa8119ff4f"}
{"component":"player-command","phase":"authorization","correlationId":"1f13f233-a3b8-4f80-b351-7aaa8119ff4f","outcome":"allowed"}
{"component":"player-command","phase":"response","correlationId":"1f13f233-a3b8-4f80-b351-7aaa8119ff4f","statusCode":200,"elapsedMs":84}
{"component":"player-command","phase":"consequence","correlationId":"d362d083-44ff-485f-8e35-b3f7bbc1043a","replayed":false,"changes":1}
{"component":"player-command","phase":"opportunity","correlationId":"d362d083-44ff-485f-8e35-b3f7bbc1043a","replayed":false,"changes":0}
{"component":"player-command","phase":"response","correlationId":"d362d083-44ff-485f-8e35-b3f7bbc1043a","statusCode":200,"elapsedMs":238}
{"component":"player-command","phase":"request","correlationId":"7dcdf747-add7-4d16-aff9-752d2349f7ab"}
{"component":"player-command","phase":"authorization","correlationId":"7dcdf747-add7-4d16-aff9-752d2349f7ab","outcome":"allowed"}
{"component":"player-command","phase":"response","correlationId":"7dcdf747-add7-4d16-aff9-752d2349f7ab","statusCode":200,"elapsedMs":104}
{"component":"player-command","phase":"request","correlationId":"5439e119-6400-437f-87ea-67830f3f7988"}
{"component":"player-command","phase":"authorization","correlationId":"5439e119-6400-437f-87ea-67830f3f7988","outcome":"allowed"}
{"component":"player-command","phase":"response","correlationId":"5439e119-6400-437f-87ea-67830f3f7988","statusCode":200,"elapsedMs":93}
{"component":"player-command","phase":"request","correlationId":"70eb4700-4e57-4a13-9298-9528ea0902ff"}
{"component":"player-command","phase":"authorization","correlationId":"70eb4700-4e57-4a13-9298-9528ea0902ff","outcome":"allowed"}
{"component":"player-command","phase":"response","correlationId":"70eb4700-4e57-4a13-9298-9528ea0902ff","statusCode":200,"elapsedMs":85}
{"component":"player-command","phase":"request","correlationId":"d9905370-5aba-40cf-a301-a779d7095f0a"}
{"component":"player-command","phase":"authorization","correlationId":"d9905370-5aba-40cf-a301-a779d7095f0a","outcome":"allowed"}
{"component":"player-command","phase":"response","correlationId":"d9905370-5aba-40cf-a301-a779d7095f0a","statusCode":200,"elapsedMs":77}
{"component":"player-command","phase":"request","correlationId":"570f8262-1269-4874-92b1-b78c32cb1c0b"}
{"component":"player-command","phase":"authorization","correlationId":"570f8262-1269-4874-92b1-b78c32cb1c0b","outcome":"allowed"}
{"component":"player-command","phase":"command","correlationId":"570f8262-1269-4874-92b1-b78c32cb1c0b"}
{"component":"player-command","phase":"mutation","correlationId":"570f8262-1269-4874-92b1-b78c32cb1c0b","outcome":"completed","replayed":false}
{"component":"player-command","phase":"request","correlationId":"ea84f176-c671-45a3-8178-25a287a37dd7"}
{"component":"player-command","phase":"authorization","correlationId":"ea84f176-c671-45a3-8178-25a287a37dd7","outcome":"allowed"}
{"component":"player-command","phase":"response","correlationId":"ea84f176-c671-45a3-8178-25a287a37dd7","statusCode":200,"elapsedMs":77}
{"component":"player-command","phase":"consequence","correlationId":"570f8262-1269-4874-92b1-b78c32cb1c0b","replayed":false,"changes":1}
{"component":"player-command","phase":"opportunity","correlationId":"570f8262-1269-4874-92b1-b78c32cb1c0b","replayed":false,"changes":0}
{"component":"player-command","phase":"response","correlationId":"570f8262-1269-4874-92b1-b78c32cb1c0b","statusCode":200,"elapsedMs":216}
{"component":"player-command","phase":"request","correlationId":"821de96c-178f-4e33-aedf-638be746ac22"}
{"component":"player-command","phase":"authorization","correlationId":"821de96c-178f-4e33-aedf-638be746ac22","outcome":"allowed"}
{"component":"player-command","phase":"response","correlationId":"821de96c-178f-4e33-aedf-638be746ac22","statusCode":200,"elapsedMs":102}
{"component":"player-command","phase":"request","correlationId":"7b554314-8c98-4024-9158-36cf07b8148c"}
{"component":"player-command","phase":"authorization","correlationId":"7b554314-8c98-4024-9158-36cf07b8148c","outcome":"allowed"}
{"component":"player-command","phase":"response","correlationId":"7b554314-8c98-4024-9158-36cf07b8148c","statusCode":200,"elapsedMs":97}
{"component":"player-command","phase":"request","correlationId":"38c7c747-71fb-4e31-82dc-89aeb9825abb"}
{"component":"player-command","phase":"authorization","correlationId":"38c7c747-71fb-4e31-82dc-89aeb9825abb","outcome":"allowed"}
{"component":"player-command","phase":"response","correlationId":"38c7c747-71fb-4e31-82dc-89aeb9825abb","statusCode":200,"elapsedMs":89}
{"component":"player-command","phase":"request","correlationId":"87f13dee-d5f3-4503-b6af-cd2209763460"}
{"component":"player-command","phase":"authorization","correlationId":"87f13dee-d5f3-4503-b6af-cd2209763460","outcome":"allowed"}
{"component":"player-command","phase":"command","correlationId":"87f13dee-d5f3-4503-b6af-cd2209763460"}
{"component":"player-command","phase":"mutation","correlationId":"87f13dee-d5f3-4503-b6af-cd2209763460","outcome":"completed","replayed":false}
{"component":"player-command","phase":"request","correlationId":"a23a6f1b-b68b-4a51-9ff6-cf97ce2c1f12"}
{"component":"player-command","phase":"authorization","correlationId":"a23a6f1b-b68b-4a51-9ff6-cf97ce2c1f12","outcome":"allowed"}
{"component":"player-command","phase":"response","correlationId":"a23a6f1b-b68b-4a51-9ff6-cf97ce2c1f12","statusCode":200,"elapsedMs":64}
{"component":"player-command","phase":"consequence","correlationId":"87f13dee-d5f3-4503-b6af-cd2209763460","replayed":false,"changes":1}
{"component":"player-command","phase":"opportunity","correlationId":"87f13dee-d5f3-4503-b6af-cd2209763460","replayed":false,"changes":0}
{"component":"player-command","phase":"response","correlationId":"87f13dee-d5f3-4503-b6af-cd2209763460","statusCode":200,"elapsedMs":198}
{"component":"player-command","phase":"request","correlationId":"2a00ead8-d507-46aa-87b4-806ffc4d63c7"}
{"component":"player-command","phase":"authorization","correlationId":"2a00ead8-d507-46aa-87b4-806ffc4d63c7","outcome":"allowed"}
{"component":"player-command","phase":"response","correlationId":"2a00ead8-d507-46aa-87b4-806ffc4d63c7","statusCode":200,"elapsedMs":82}
{"component":"player-command","phase":"request","correlationId":"97f2a66d-484c-4132-bf5b-8e32bc4e3d8d"}
{"component":"player-command","phase":"authorization","correlationId":"97f2a66d-484c-4132-bf5b-8e32bc4e3d8d","outcome":"allowed"}
{"component":"player-command","phase":"response","correlationId":"97f2a66d-484c-4132-bf5b-8e32bc4e3d8d","statusCode":200,"elapsedMs":79}
{"component":"player-command","phase":"request","correlationId":"fad78dfa-3a33-4a9f-9bb5-4c6fcb450069"}
{"component":"player-command","phase":"authorization","correlationId":"fad78dfa-3a33-4a9f-9bb5-4c6fcb450069","outcome":"allowed"}
{"component":"player-command","phase":"response","correlationId":"fad78dfa-3a33-4a9f-9bb5-4c6fcb450069","statusCode":200,"elapsedMs":81}
{"component":"player-command","phase":"request","correlationId":"c3eb1f57-b6d8-45e5-bf6e-1fa39a1827b0"}
{"component":"player-command","phase":"authorization","correlationId":"c3eb1f57-b6d8-45e5-bf6e-1fa39a1827b0","outcome":"allowed"}
{"component":"player-command","phase":"response","correlationId":"c3eb1f57-b6d8-45e5-bf6e-1fa39a1827b0","statusCode":200,"elapsedMs":81}
{"component":"player-command","phase":"request","correlationId":"234a72e0-7b9e-4bbf-9b1d-48b043243306"}
{"component":"player-command","phase":"authorization","correlationId":"234a72e0-7b9e-4bbf-9b1d-48b043243306","outcome":"allowed"}
{"component":"player-command","phase":"command","correlationId":"234a72e0-7b9e-4bbf-9b1d-48b043243306"}
{"component":"player-command","phase":"mutation","correlationId":"234a72e0-7b9e-4bbf-9b1d-48b043243306","outcome":"completed","replayed":false}
{"component":"player-command","phase":"request","correlationId":"352a3d77-a152-41b9-9533-f9e72fb4c4b2"}
{"component":"player-command","phase":"authorization","correlationId":"352a3d77-a152-41b9-9533-f9e72fb4c4b2","outcome":"allowed"}
{"component":"player-command","phase":"response","correlationId":"352a3d77-a152-41b9-9533-f9e72fb4c4b2","statusCode":200,"elapsedMs":79}
{"component":"player-command","phase":"consequence","correlationId":"234a72e0-7b9e-4bbf-9b1d-48b043243306","replayed":false,"changes":1}
{"component":"player-command","phase":"opportunity","correlationId":"234a72e0-7b9e-4bbf-9b1d-48b043243306","replayed":false,"changes":0}
{"component":"player-command","phase":"response","correlationId":"234a72e0-7b9e-4bbf-9b1d-48b043243306","statusCode":200,"elapsedMs":211}
{"component":"player-command","phase":"request","correlationId":"ac118cdd-2c3f-48f1-b3f3-dafa78990295"}
{"component":"player-command","phase":"authorization","correlationId":"ac118cdd-2c3f-48f1-b3f3-dafa78990295","outcome":"allowed"}
{"component":"player-command","phase":"response","correlationId":"ac118cdd-2c3f-48f1-b3f3-dafa78990295","statusCode":200,"elapsedMs":86}
{"component":"player-command","phase":"request","correlationId":"a42ecb56-c2fe-4180-8f55-f997f6e2bb9e"}
{"component":"player-command","phase":"authorization","correlationId":"a42ecb56-c2fe-4180-8f55-f997f6e2bb9e","outcome":"allowed"}
{"component":"player-command","phase":"response","correlationId":"a42ecb56-c2fe-4180-8f55-f997f6e2bb9e","statusCode":200,"elapsedMs":72}
{"component":"player-command","phase":"request","correlationId":"2c96e51a-2999-442c-aa2c-8445a788ed96"}
{"component":"player-command","phase":"authorization","correlationId":"2c96e51a-2999-442c-aa2c-8445a788ed96","outcome":"allowed"}
{"component":"player-command","phase":"response","correlationId":"2c96e51a-2999-442c-aa2c-8445a788ed96","statusCode":200,"elapsedMs":81}
{"component":"player-command","phase":"request","correlationId":"7b5e524e-7cda-4d9b-a63d-1fbcb044db10"}
{"component":"player-command","phase":"authorization","correlationId":"7b5e524e-7cda-4d9b-a63d-1fbcb044db10","outcome":"allowed"}
{"component":"player-command","phase":"response","correlationId":"7b5e524e-7cda-4d9b-a63d-1fbcb044db10","statusCode":200,"elapsedMs":73}
{"component":"player-command","phase":"request","correlationId":"efe3debb-73b6-416a-bc38-fe9c1a1cba8f"}
{"component":"player-command","phase":"authorization","correlationId":"efe3debb-73b6-416a-bc38-fe9c1a1cba8f","outcome":"allowed"}
{"component":"player-command","phase":"command","correlationId":"efe3debb-73b6-416a-bc38-fe9c1a1cba8f"}
{"component":"player-command","phase":"mutation","correlationId":"efe3debb-73b6-416a-bc38-fe9c1a1cba8f","outcome":"completed","replayed":false}
{"component":"player-command","phase":"request","correlationId":"f682687d-a80d-45cb-a9d6-a7c29569df26"}
{"component":"player-command","phase":"authorization","correlationId":"f682687d-a80d-45cb-a9d6-a7c29569df26","outcome":"allowed"}
{"component":"player-command","phase":"response","correlationId":"f682687d-a80d-45cb-a9d6-a7c29569df26","statusCode":200,"elapsedMs":64}
{"component":"player-command","phase":"consequence","correlationId":"efe3debb-73b6-416a-bc38-fe9c1a1cba8f","replayed":false,"changes":1}
{"component":"player-command","phase":"opportunity","correlationId":"efe3debb-73b6-416a-bc38-fe9c1a1cba8f","replayed":false,"changes":0}
{"component":"player-command","phase":"response","correlationId":"efe3debb-73b6-416a-bc38-fe9c1a1cba8f","statusCode":200,"elapsedMs":182}
{"component":"player-command","phase":"request","correlationId":"4180824c-cebb-476c-b2e2-6a07a1404abd"}
{"component":"player-command","phase":"authorization","correlationId":"4180824c-cebb-476c-b2e2-6a07a1404abd","outcome":"allowed"}
{"component":"player-command","phase":"response","correlationId":"4180824c-cebb-476c-b2e2-6a07a1404abd","statusCode":200,"elapsedMs":68}
{"component":"player-command","phase":"request","correlationId":"dfe24302-e7a9-40e5-862d-b3e03bc49eb6"}
{"component":"player-command","phase":"authorization","correlationId":"dfe24302-e7a9-40e5-862d-b3e03bc49eb6","outcome":"allowed"}
{"component":"player-command","phase":"response","correlationId":"dfe24302-e7a9-40e5-862d-b3e03bc49eb6","statusCode":200,"elapsedMs":68}
{"component":"player-command","phase":"request","correlationId":"348930e3-ccf9-4ced-8e44-ccf7c902d45b"}
{"component":"player-command","phase":"authorization","correlationId":"348930e3-ccf9-4ced-8e44-ccf7c902d45b","outcome":"allowed"}
{"component":"player-command","phase":"response","correlationId":"348930e3-ccf9-4ced-8e44-ccf7c902d45b","statusCode":200,"elapsedMs":56}
{"component":"player-command","phase":"request","correlationId":"36b600e6-4cf2-4e03-8657-62a3536063c5"}
{"component":"player-command","phase":"authorization","correlationId":"36b600e6-4cf2-4e03-8657-62a3536063c5","outcome":"allowed"}
{"component":"player-command","phase":"command","correlationId":"36b600e6-4cf2-4e03-8657-62a3536063c5"}
{"component":"player-command","phase":"mutation","correlationId":"36b600e6-4cf2-4e03-8657-62a3536063c5","outcome":"completed","replayed":false}
{"component":"player-command","phase":"request","correlationId":"4f872b6a-c3c5-44bb-ac76-9ed68479e27f"}
{"component":"player-command","phase":"authorization","correlationId":"4f872b6a-c3c5-44bb-ac76-9ed68479e27f","outcome":"allowed"}
{"component":"player-command","phase":"consequence","correlationId":"36b600e6-4cf2-4e03-8657-62a3536063c5","replayed":false,"changes":3}
{"component":"player-command","phase":"opportunity","correlationId":"36b600e6-4cf2-4e03-8657-62a3536063c5","replayed":false,"changes":2}
{"component":"player-command","phase":"response","correlationId":"36b600e6-4cf2-4e03-8657-62a3536063c5","statusCode":200,"elapsedMs":161}
{"component":"player-command","phase":"response","correlationId":"4f872b6a-c3c5-44bb-ac76-9ed68479e27f","statusCode":200,"elapsedMs":105}
{"component":"player-command","phase":"request","correlationId":"fd097f87-a418-49df-a931-3a1a778ccd5d"}
{"component":"player-command","phase":"authorization","correlationId":"fd097f87-a418-49df-a931-3a1a778ccd5d","outcome":"allowed"}
{"component":"player-command","phase":"response","correlationId":"fd097f87-a418-49df-a931-3a1a778ccd5d","statusCode":200,"elapsedMs":66}
{"component":"player-command","phase":"request","correlationId":"0b49f194-1a5b-467f-ad97-0717c420ca8b"}
{"component":"player-command","phase":"authorization","correlationId":"0b49f194-1a5b-467f-ad97-0717c420ca8b","outcome":"allowed"}
{"component":"player-command","phase":"response","correlationId":"0b49f194-1a5b-467f-ad97-0717c420ca8b","statusCode":200,"elapsedMs":55}
{"component":"player-command","phase":"request","correlationId":"83e3af02-35ff-4bb8-a5cd-9ff10a7807d2"}
{"component":"player-command","phase":"authorization","correlationId":"83e3af02-35ff-4bb8-a5cd-9ff10a7807d2","outcome":"allowed"}
{"component":"player-command","phase":"response","correlationId":"83e3af02-35ff-4bb8-a5cd-9ff10a7807d2","statusCode":200,"elapsedMs":61}
{"component":"player-command","phase":"request","correlationId":"247d4811-acfd-4832-ae64-0e408c5c667d"}
{"component":"player-command","phase":"authorization","correlationId":"247d4811-acfd-4832-ae64-0e408c5c667d","outcome":"allowed"}
{"component":"player-command","phase":"command","correlationId":"247d4811-acfd-4832-ae64-0e408c5c667d"}
{"component":"player-command","phase":"mutation","correlationId":"247d4811-acfd-4832-ae64-0e408c5c667d","outcome":"completed","replayed":false}
{"component":"player-command","phase":"request","correlationId":"b81d8432-200d-4053-b46a-4915c81a09fa"}
{"component":"player-command","phase":"authorization","correlationId":"b81d8432-200d-4053-b46a-4915c81a09fa","outcome":"allowed"}
{"component":"player-command","phase":"consequence","correlationId":"247d4811-acfd-4832-ae64-0e408c5c667d","replayed":false,"changes":5}
{"component":"player-command","phase":"opportunity","correlationId":"247d4811-acfd-4832-ae64-0e408c5c667d","replayed":false,"changes":2}
{"component":"player-command","phase":"response","correlationId":"247d4811-acfd-4832-ae64-0e408c5c667d","statusCode":200,"elapsedMs":164}
{"component":"player-command","phase":"response","correlationId":"b81d8432-200d-4053-b46a-4915c81a09fa","statusCode":200,"elapsedMs":96}
{"component":"player-command","phase":"request","correlationId":"74ad114a-b298-4254-93be-c68824ac4fca"}
{"component":"player-command","phase":"authorization","correlationId":"74ad114a-b298-4254-93be-c68824ac4fca","outcome":"allowed"}
{"component":"player-command","phase":"response","correlationId":"74ad114a-b298-4254-93be-c68824ac4fca","statusCode":200,"elapsedMs":62}
{"component":"player-command","phase":"request","correlationId":"92afca30-34c8-4ac1-a966-ccca08186050"}
{"component":"player-command","phase":"authorization","correlationId":"92afca30-34c8-4ac1-a966-ccca08186050","outcome":"allowed"}
{"component":"player-command","phase":"response","correlationId":"92afca30-34c8-4ac1-a966-ccca08186050","statusCode":200,"elapsedMs":58}
{"component":"player-command","phase":"request","correlationId":"5031fc65-b4b2-46f1-80c9-1d2505987f48"}
{"component":"player-command","phase":"authorization","correlationId":"5031fc65-b4b2-46f1-80c9-1d2505987f48","outcome":"allowed"}
{"component":"player-command","phase":"response","correlationId":"5031fc65-b4b2-46f1-80c9-1d2505987f48","statusCode":200,"elapsedMs":58}
{"component":"player-command","phase":"request","correlationId":"45c1f7c6-a4ef-424e-8104-63a3dbaea98e"}
{"component":"player-command","phase":"authorization","correlationId":"45c1f7c6-a4ef-424e-8104-63a3dbaea98e","outcome":"allowed"}
{"component":"player-command","phase":"command","correlationId":"45c1f7c6-a4ef-424e-8104-63a3dbaea98e"}
{"component":"player-command","phase":"mutation","correlationId":"45c1f7c6-a4ef-424e-8104-63a3dbaea98e","outcome":"completed","replayed":false}
{"component":"player-command","phase":"request","correlationId":"bd1b8c03-c7af-48c4-9864-ea49fb545ed1"}
{"component":"player-command","phase":"authorization","correlationId":"bd1b8c03-c7af-48c4-9864-ea49fb545ed1","outcome":"allowed"}
{"component":"player-command","phase":"consequence","correlationId":"45c1f7c6-a4ef-424e-8104-63a3dbaea98e","replayed":false,"changes":1}
{"component":"player-command","phase":"opportunity","correlationId":"45c1f7c6-a4ef-424e-8104-63a3dbaea98e","replayed":false,"changes":0}
{"component":"player-command","phase":"response","correlationId":"45c1f7c6-a4ef-424e-8104-63a3dbaea98e","statusCode":200,"elapsedMs":146}
{"component":"player-command","phase":"response","correlationId":"bd1b8c03-c7af-48c4-9864-ea49fb545ed1","statusCode":200,"elapsedMs":98}
{"component":"player-command","phase":"request","correlationId":"d7f2a4c3-6bb1-4a5a-952d-642a783f313d"}
{"component":"player-command","phase":"authorization","correlationId":"d7f2a4c3-6bb1-4a5a-952d-642a783f313d","outcome":"allowed"}
{"component":"player-command","phase":"response","correlationId":"d7f2a4c3-6bb1-4a5a-952d-642a783f313d","statusCode":200,"elapsedMs":60}
{"component":"player-command","phase":"request","correlationId":"db1a8899-eca7-4c61-b61b-bbfe968f53a1"}
{"component":"player-command","phase":"authorization","correlationId":"db1a8899-eca7-4c61-b61b-bbfe968f53a1","outcome":"allowed"}
{"component":"player-command","phase":"response","correlationId":"db1a8899-eca7-4c61-b61b-bbfe968f53a1","statusCode":200,"elapsedMs":51}
{"component":"player-command","phase":"request","correlationId":"e1aa9f46-a826-48dd-a54d-ff4199e2c63c"}
{"component":"player-command","phase":"authorization","correlationId":"e1aa9f46-a826-48dd-a54d-ff4199e2c63c","outcome":"allowed"}
{"component":"player-command","phase":"response","correlationId":"e1aa9f46-a826-48dd-a54d-ff4199e2c63c","statusCode":200,"elapsedMs":68}
{"component":"player-command","phase":"request","correlationId":"d3e31b7c-b7ac-4fde-9098-b7e5815e53e1"}
{"component":"player-command","phase":"authorization","correlationId":"d3e31b7c-b7ac-4fde-9098-b7e5815e53e1","outcome":"allowed"}
{"component":"player-command","phase":"command","correlationId":"d3e31b7c-b7ac-4fde-9098-b7e5815e53e1"}
{"component":"player-command","phase":"mutation","correlationId":"d3e31b7c-b7ac-4fde-9098-b7e5815e53e1","outcome":"completed","replayed":false}
{"component":"player-command","phase":"request","correlationId":"0d7d97a9-1e0c-482f-913b-007f4792a917"}
{"component":"player-command","phase":"authorization","correlationId":"0d7d97a9-1e0c-482f-913b-007f4792a917","outcome":"allowed"}
{"component":"player-command","phase":"consequence","correlationId":"d3e31b7c-b7ac-4fde-9098-b7e5815e53e1","replayed":false,"changes":3}
{"component":"player-command","phase":"opportunity","correlationId":"d3e31b7c-b7ac-4fde-9098-b7e5815e53e1","replayed":false,"changes":0}
{"component":"player-command","phase":"response","correlationId":"d3e31b7c-b7ac-4fde-9098-b7e5815e53e1","statusCode":200,"elapsedMs":180}
{"component":"player-command","phase":"request","correlationId":"d2c5653c-7d76-4aeb-b33b-b8b9eb348506"}
{"component":"player-command","phase":"authorization","correlationId":"d2c5653c-7d76-4aeb-b33b-b8b9eb348506","outcome":"allowed"}
{"component":"player-command","phase":"response","correlationId":"0d7d97a9-1e0c-482f-913b-007f4792a917","statusCode":200,"elapsedMs":118}
{"component":"player-command","phase":"response","correlationId":"d2c5653c-7d76-4aeb-b33b-b8b9eb348506","statusCode":200,"elapsedMs":79}
{"component":"player-command","phase":"request","correlationId":"a182b756-0b1f-4bbe-b1c9-babf2ee3f405"}
{"component":"player-command","phase":"authorization","correlationId":"a182b756-0b1f-4bbe-b1c9-babf2ee3f405","outcome":"allowed"}
{"component":"player-command","phase":"response","correlationId":"a182b756-0b1f-4bbe-b1c9-babf2ee3f405","statusCode":200,"elapsedMs":64}
{"component":"player-command","phase":"request","correlationId":"7cf12207-e2d1-4709-a3fe-ea7afd3988e6"}
{"component":"player-command","phase":"authorization","correlationId":"7cf12207-e2d1-4709-a3fe-ea7afd3988e6","outcome":"allowed"}
{"component":"player-command","phase":"response","correlationId":"7cf12207-e2d1-4709-a3fe-ea7afd3988e6","statusCode":200,"elapsedMs":70}
{"component":"player-command","phase":"request","correlationId":"d38634b6-63a3-45a5-b963-f65974ddc8b1"}
{"component":"player-command","phase":"authorization","correlationId":"d38634b6-63a3-45a5-b963-f65974ddc8b1","outcome":"allowed"}
{"component":"player-command","phase":"command","correlationId":"d38634b6-63a3-45a5-b963-f65974ddc8b1"}
{"component":"player-command","phase":"mutation","correlationId":"d38634b6-63a3-45a5-b963-f65974ddc8b1","outcome":"completed","replayed":false}
{"component":"player-command","phase":"request","correlationId":"bcb454bb-917c-4d45-8852-fdab3392e505"}
{"component":"player-command","phase":"authorization","correlationId":"bcb454bb-917c-4d45-8852-fdab3392e505","outcome":"allowed"}
{"component":"player-command","phase":"consequence","correlationId":"d38634b6-63a3-45a5-b963-f65974ddc8b1","replayed":false,"changes":1}
{"component":"player-command","phase":"opportunity","correlationId":"d38634b6-63a3-45a5-b963-f65974ddc8b1","replayed":false,"changes":0}
{"component":"player-command","phase":"response","correlationId":"d38634b6-63a3-45a5-b963-f65974ddc8b1","statusCode":200,"elapsedMs":184}
{"component":"player-command","phase":"response","correlationId":"bcb454bb-917c-4d45-8852-fdab3392e505","statusCode":200,"elapsedMs":112}
{"component":"player-command","phase":"request","correlationId":"055f703e-bdf2-4896-b83d-c57fd522a156"}
{"component":"player-command","phase":"authorization","correlationId":"055f703e-bdf2-4896-b83d-c57fd522a156","outcome":"allowed"}
{"component":"player-command","phase":"response","correlationId":"055f703e-bdf2-4896-b83d-c57fd522a156","statusCode":200,"elapsedMs":66}
{"component":"player-command","phase":"request","correlationId":"2d87bb4a-21fe-47c5-b360-815a3447d89c"}
{"component":"player-command","phase":"authorization","correlationId":"2d87bb4a-21fe-47c5-b360-815a3447d89c","outcome":"allowed"}
{"component":"player-command","phase":"response","correlationId":"2d87bb4a-21fe-47c5-b360-815a3447d89c","statusCode":200,"elapsedMs":65}
{"component":"player-command","phase":"request","correlationId":"b025b71d-2b5c-4c86-863f-b70d821d98b5"}
{"component":"player-command","phase":"authorization","correlationId":"b025b71d-2b5c-4c86-863f-b70d821d98b5","outcome":"allowed"}
{"component":"player-command","phase":"response","correlationId":"b025b71d-2b5c-4c86-863f-b70d821d98b5","statusCode":200,"elapsedMs":71}
{"component":"player-command","phase":"request","correlationId":"80d44d78-6bcd-4205-8a03-8e06731b5595"}
{"component":"player-command","phase":"authorization","correlationId":"80d44d78-6bcd-4205-8a03-8e06731b5595","outcome":"allowed"}
{"component":"player-command","phase":"command","correlationId":"80d44d78-6bcd-4205-8a03-8e06731b5595"}
{"component":"player-command","phase":"mutation","correlationId":"80d44d78-6bcd-4205-8a03-8e06731b5595","outcome":"completed","replayed":false}
{"component":"player-command","phase":"request","correlationId":"3826a542-8289-42f8-87ac-90d59433bb1d"}
{"component":"player-command","phase":"authorization","correlationId":"3826a542-8289-42f8-87ac-90d59433bb1d","outcome":"allowed"}
{"component":"player-command","phase":"consequence","correlationId":"80d44d78-6bcd-4205-8a03-8e06731b5595","replayed":false,"changes":1}
{"component":"player-command","phase":"opportunity","correlationId":"80d44d78-6bcd-4205-8a03-8e06731b5595","replayed":false,"changes":0}
{"component":"player-command","phase":"response","correlationId":"80d44d78-6bcd-4205-8a03-8e06731b5595","statusCode":200,"elapsedMs":169}
{"component":"player-command","phase":"request","correlationId":"9a16f08f-48a9-40cc-a84f-f910f6332bd0"}
{"component":"player-command","phase":"authorization","correlationId":"9a16f08f-48a9-40cc-a84f-f910f6332bd0","outcome":"allowed"}
{"component":"player-command","phase":"response","correlationId":"3826a542-8289-42f8-87ac-90d59433bb1d","statusCode":200,"elapsedMs":105}
{"component":"player-command","phase":"response","correlationId":"9a16f08f-48a9-40cc-a84f-f910f6332bd0","statusCode":200,"elapsedMs":73}
{"component":"player-command","phase":"request","correlationId":"d7f3876d-de47-404d-aa9d-4db922d6b83b"}
{"component":"player-command","phase":"authorization","correlationId":"d7f3876d-de47-404d-aa9d-4db922d6b83b","outcome":"allowed"}
{"component":"player-command","phase":"response","correlationId":"d7f3876d-de47-404d-aa9d-4db922d6b83b","statusCode":200,"elapsedMs":67}
{"component":"player-command","phase":"request","correlationId":"e63f61e9-2037-45d8-8397-56dd74f7a7fa"}
{"component":"player-command","phase":"authorization","correlationId":"e63f61e9-2037-45d8-8397-56dd74f7a7fa","outcome":"allowed"}
{"component":"player-command","phase":"response","correlationId":"e63f61e9-2037-45d8-8397-56dd74f7a7fa","statusCode":200,"elapsedMs":72}
{"component":"player-command","phase":"request","correlationId":"e02a60a2-e113-46f5-ad5d-61a327867ae7"}
{"component":"player-command","phase":"authorization","correlationId":"e02a60a2-e113-46f5-ad5d-61a327867ae7","outcome":"allowed"}
{"component":"player-command","phase":"command","correlationId":"e02a60a2-e113-46f5-ad5d-61a327867ae7"}
{"component":"player-command","phase":"mutation","correlationId":"e02a60a2-e113-46f5-ad5d-61a327867ae7","outcome":"completed","replayed":false}
{"component":"player-command","phase":"request","correlationId":"10ebab2b-3235-43ef-9a7b-2007bc8e8794"}
{"component":"player-command","phase":"authorization","correlationId":"10ebab2b-3235-43ef-9a7b-2007bc8e8794","outcome":"allowed"}
{"component":"player-command","phase":"response","correlationId":"10ebab2b-3235-43ef-9a7b-2007bc8e8794","statusCode":200,"elapsedMs":88}
{"component":"player-command","phase":"consequence","correlationId":"e02a60a2-e113-46f5-ad5d-61a327867ae7","replayed":false,"changes":1}
{"component":"player-command","phase":"opportunity","correlationId":"e02a60a2-e113-46f5-ad5d-61a327867ae7","replayed":false,"changes":0}
{"component":"player-command","phase":"response","correlationId":"e02a60a2-e113-46f5-ad5d-61a327867ae7","statusCode":200,"elapsedMs":254}
{"component":"player-command","phase":"request","correlationId":"ba830ad1-b072-4b15-a3fe-0ab77c05bc20"}
{"component":"player-command","phase":"authorization","correlationId":"ba830ad1-b072-4b15-a3fe-0ab77c05bc20","outcome":"allowed"}
{"component":"player-command","phase":"response","correlationId":"ba830ad1-b072-4b15-a3fe-0ab77c05bc20","statusCode":200,"elapsedMs":105}
{"component":"player-command","phase":"request","correlationId":"079d3594-03a6-452c-afec-e4a22d40b4cc"}
{"component":"player-command","phase":"authorization","correlationId":"079d3594-03a6-452c-afec-e4a22d40b4cc","outcome":"allowed"}
{"component":"player-command","phase":"response","correlationId":"079d3594-03a6-452c-afec-e4a22d40b4cc","statusCode":200,"elapsedMs":95}
{"component":"player-command","phase":"request","correlationId":"531da6f0-15ac-448c-b167-41add3a801bc"}
{"component":"player-command","phase":"authorization","correlationId":"531da6f0-15ac-448c-b167-41add3a801bc","outcome":"allowed"}
{"component":"player-command","phase":"response","correlationId":"531da6f0-15ac-448c-b167-41add3a801bc","statusCode":200,"elapsedMs":96}
{"component":"player-command","phase":"request","correlationId":"e80baf35-7c77-434b-8eb5-1f10bc9e23c6"}
{"component":"player-command","phase":"authorization","correlationId":"e80baf35-7c77-434b-8eb5-1f10bc9e23c6","outcome":"allowed"}
{"component":"player-command","phase":"command","correlationId":"e80baf35-7c77-434b-8eb5-1f10bc9e23c6"}
{"component":"player-command","phase":"mutation","correlationId":"e80baf35-7c77-434b-8eb5-1f10bc9e23c6","outcome":"completed","replayed":false}
{"component":"player-command","phase":"request","correlationId":"5152b5e9-073a-4b19-8f4e-fad829f2afef"}
{"component":"player-command","phase":"authorization","correlationId":"5152b5e9-073a-4b19-8f4e-fad829f2afef","outcome":"allowed"}
{"component":"player-command","phase":"response","correlationId":"5152b5e9-073a-4b19-8f4e-fad829f2afef","statusCode":200,"elapsedMs":61}
{"component":"player-command","phase":"request","correlationId":"fd378e5b-fba5-4ec2-8ad4-f5578eeb3595"}
{"component":"player-command","phase":"authorization","correlationId":"fd378e5b-fba5-4ec2-8ad4-f5578eeb3595","outcome":"allowed"}
{"component":"player-command","phase":"consequence","correlationId":"e80baf35-7c77-434b-8eb5-1f10bc9e23c6","replayed":false,"changes":26}
{"component":"player-command","phase":"opportunity","correlationId":"e80baf35-7c77-434b-8eb5-1f10bc9e23c6","replayed":false,"changes":23}
{"component":"player-command","phase":"response","correlationId":"e80baf35-7c77-434b-8eb5-1f10bc9e23c6","statusCode":200,"elapsedMs":217}
{"component":"player-command","phase":"request","correlationId":"a8af277d-6a53-499c-b6c0-144900fb476f"}
{"component":"player-command","phase":"authorization","correlationId":"a8af277d-6a53-499c-b6c0-144900fb476f","outcome":"allowed"}
{"component":"player-command","phase":"response","correlationId":"fd378e5b-fba5-4ec2-8ad4-f5578eeb3595","statusCode":200,"elapsedMs":96}
{"component":"player-command","phase":"response","correlationId":"a8af277d-6a53-499c-b6c0-144900fb476f","statusCode":200,"elapsedMs":124}
{"component":"player-command","phase":"request","correlationId":"b1fd7c74-dee7-4b6f-8cb6-efec7445a2e0"}
{"component":"player-command","phase":"authorization","correlationId":"b1fd7c74-dee7-4b6f-8cb6-efec7445a2e0","outcome":"allowed"}
{"component":"player-command","phase":"response","correlationId":"b1fd7c74-dee7-4b6f-8cb6-efec7445a2e0","statusCode":200,"elapsedMs":92}
{"component":"player-command","phase":"request","correlationId":"fbbf7f01-6c4d-4e3e-99fe-b1f1fcff95d2"}
{"component":"player-command","phase":"authorization","correlationId":"fbbf7f01-6c4d-4e3e-99fe-b1f1fcff95d2","outcome":"allowed"}
{"component":"player-command","phase":"response","correlationId":"fbbf7f01-6c4d-4e3e-99fe-b1f1fcff95d2","statusCode":200,"elapsedMs":101}
{"component":"player-command","phase":"request","correlationId":"25da64a3-bb2a-4e92-b30b-f5dc16c92f22"}
{"component":"player-command","phase":"authorization","correlationId":"25da64a3-bb2a-4e92-b30b-f5dc16c92f22","outcome":"allowed"}
{"component":"player-command","phase":"response","correlationId":"25da64a3-bb2a-4e92-b30b-f5dc16c92f22","statusCode":200,"elapsedMs":82}
PASS 320px shipment-redistribution: 30 rendered commands
⚠️  preflight: Neither PUBLIC_URL nor SOCIAL_GAME_URL is set — every referral link, share prompt and social card will point at the built-in default domain, not yours. Set PUBLIC_URL to this server's own origin (it is also what one-click X sign-in derives its callback from).
⚠️  preflight: INVARIANT_WEBHOOK_URL is not set — the §10.4 economy-drift, backup-failure, oracle-halt and real-value-invariant alarms have nowhere to shout and reach only a log line. Set it (a Slack/Discord webhook) on BOTH processes: the worker fires most alarms, and the API is the only one that can page when the WORKER is dead.
[db] Postgres ready — column migration ran 2956 ADD COLUMN IF NOT EXISTS statements.
{"component":"player-command","phase":"request","correlationId":"ec4b6726-9ab9-4817-8310-3a5d6f59b284"}
{"component":"player-command","phase":"authorization","correlationId":"ec4b6726-9ab9-4817-8310-3a5d6f59b284","outcome":"allowed"}
{"component":"player-command","phase":"response","correlationId":"ec4b6726-9ab9-4817-8310-3a5d6f59b284","statusCode":200,"elapsedMs":185}
{"component":"player-command","phase":"request","correlationId":"b5e5081c-3bda-45ec-ac24-3543e6469784"}
{"component":"player-command","phase":"authorization","correlationId":"b5e5081c-3bda-45ec-ac24-3543e6469784","outcome":"allowed"}
{"component":"player-command","phase":"response","correlationId":"b5e5081c-3bda-45ec-ac24-3543e6469784","statusCode":200,"elapsedMs":70}
{"component":"player-command","phase":"request","correlationId":"3545a0e3-6e81-450a-a5a0-e52e664793ea"}
{"component":"player-command","phase":"authorization","correlationId":"3545a0e3-6e81-450a-a5a0-e52e664793ea","outcome":"allowed"}
{"component":"player-command","phase":"response","correlationId":"3545a0e3-6e81-450a-a5a0-e52e664793ea","statusCode":200,"elapsedMs":86}
{"component":"player-command","phase":"request","correlationId":"44515bff-3f59-485c-b508-413b65281f26"}
{"component":"player-command","phase":"authorization","correlationId":"44515bff-3f59-485c-b508-413b65281f26","outcome":"allowed"}
{"component":"player-command","phase":"response","correlationId":"44515bff-3f59-485c-b508-413b65281f26","statusCode":200,"elapsedMs":27}
{"component":"player-command","phase":"request","correlationId":"572ed7f5-6bd6-4881-9fd1-78dd866d287c"}
{"component":"player-command","phase":"authorization","correlationId":"572ed7f5-6bd6-4881-9fd1-78dd866d287c","outcome":"allowed"}
{"component":"player-command","phase":"response","correlationId":"572ed7f5-6bd6-4881-9fd1-78dd866d287c","statusCode":200,"elapsedMs":100}
{"component":"player-command","phase":"request","correlationId":"7bb563aa-f0c2-4c59-a3b3-8df63a12f16a"}
{"component":"player-command","phase":"authorization","correlationId":"7bb563aa-f0c2-4c59-a3b3-8df63a12f16a","outcome":"allowed"}
{"component":"player-command","phase":"response","correlationId":"7bb563aa-f0c2-4c59-a3b3-8df63a12f16a","statusCode":200,"elapsedMs":69}
{"component":"player-command","phase":"request","correlationId":"f6fce3fb-254c-4335-8ff4-4a6d3471a4dd"}
{"component":"player-command","phase":"authorization","correlationId":"f6fce3fb-254c-4335-8ff4-4a6d3471a4dd","outcome":"allowed"}
{"component":"player-command","phase":"response","correlationId":"f6fce3fb-254c-4335-8ff4-4a6d3471a4dd","statusCode":200,"elapsedMs":42}
{"component":"player-command","phase":"request","correlationId":"b02cabd7-4e8f-47e8-b83a-8e8805bf7f16"}
{"component":"player-command","phase":"authorization","correlationId":"b02cabd7-4e8f-47e8-b83a-8e8805bf7f16","outcome":"allowed"}
{"component":"player-command","phase":"response","correlationId":"b02cabd7-4e8f-47e8-b83a-8e8805bf7f16","statusCode":200,"elapsedMs":46}
{"component":"player-command","phase":"request","correlationId":"10c1e8b0-e1b9-42e5-a9e6-ac63bec13903"}
{"component":"player-command","phase":"authorization","correlationId":"10c1e8b0-e1b9-42e5-a9e6-ac63bec13903","outcome":"allowed"}
{"component":"player-command","phase":"response","correlationId":"10c1e8b0-e1b9-42e5-a9e6-ac63bec13903","statusCode":200,"elapsedMs":153}
{"component":"player-command","phase":"request","correlationId":"f951da41-dd6d-47c1-89bd-19287ac2eded"}
{"component":"player-command","phase":"authorization","correlationId":"f951da41-dd6d-47c1-89bd-19287ac2eded","outcome":"allowed"}
{"component":"player-command","phase":"request","correlationId":"361887f7-576c-435b-8eda-ac917a6edb29"}
{"component":"player-command","phase":"authorization","correlationId":"361887f7-576c-435b-8eda-ac917a6edb29","outcome":"allowed"}
{"component":"player-command","phase":"response","correlationId":"361887f7-576c-435b-8eda-ac917a6edb29","statusCode":200,"elapsedMs":59}
{"component":"player-command","phase":"response","correlationId":"f951da41-dd6d-47c1-89bd-19287ac2eded","statusCode":200,"elapsedMs":219}
{"component":"player-command","phase":"request","correlationId":"60d0019e-ebaf-4849-9c4d-5badc84c8ce8"}
{"component":"player-command","phase":"authorization","correlationId":"60d0019e-ebaf-4849-9c4d-5badc84c8ce8","outcome":"allowed"}
{"component":"player-command","phase":"response","correlationId":"60d0019e-ebaf-4849-9c4d-5badc84c8ce8","statusCode":200,"elapsedMs":29}
{"component":"player-command","phase":"request","correlationId":"d8ecb9cc-8788-4b35-a53b-a9ea237f975b"}
{"component":"player-command","phase":"authorization","correlationId":"d8ecb9cc-8788-4b35-a53b-a9ea237f975b","outcome":"allowed"}
{"component":"player-command","phase":"response","correlationId":"d8ecb9cc-8788-4b35-a53b-a9ea237f975b","statusCode":200,"elapsedMs":86}
{"component":"player-command","phase":"request","correlationId":"1c8eb2b7-8410-4b78-a255-75b7441a7c5a"}
{"component":"player-command","phase":"request","correlationId":"06b5cffe-0998-4dde-8168-c4501f3c55e5"}
{"component":"player-command","phase":"authorization","correlationId":"1c8eb2b7-8410-4b78-a255-75b7441a7c5a","outcome":"allowed"}
{"component":"player-command","phase":"authorization","correlationId":"06b5cffe-0998-4dde-8168-c4501f3c55e5","outcome":"allowed"}
{"component":"player-command","phase":"response","correlationId":"1c8eb2b7-8410-4b78-a255-75b7441a7c5a","statusCode":200,"elapsedMs":52}
{"component":"player-command","phase":"response","correlationId":"06b5cffe-0998-4dde-8168-c4501f3c55e5","statusCode":200,"elapsedMs":77}
{"component":"player-command","phase":"request","correlationId":"86af2cc0-e132-45ef-846e-bfbf67d93b58"}
{"component":"player-command","phase":"authorization","correlationId":"86af2cc0-e132-45ef-846e-bfbf67d93b58","outcome":"allowed"}
{"component":"player-command","phase":"response","correlationId":"86af2cc0-e132-45ef-846e-bfbf67d93b58","statusCode":200,"elapsedMs":71}
{"component":"player-command","phase":"request","correlationId":"10e1083b-d738-4894-aec7-2feb4f493500"}
{"component":"player-command","phase":"authorization","correlationId":"10e1083b-d738-4894-aec7-2feb4f493500","outcome":"allowed"}
{"component":"player-command","phase":"response","correlationId":"10e1083b-d738-4894-aec7-2feb4f493500","statusCode":200,"elapsedMs":56}
{"component":"player-command","phase":"request","correlationId":"72fdc6ad-b20b-475a-bb37-4c4d6432e019"}
{"component":"player-command","phase":"authorization","correlationId":"72fdc6ad-b20b-475a-bb37-4c4d6432e019","outcome":"allowed"}
{"component":"player-command","phase":"response","correlationId":"72fdc6ad-b20b-475a-bb37-4c4d6432e019","statusCode":200,"elapsedMs":81}
{"component":"player-command","phase":"request","correlationId":"0ac7c744-693c-4756-812a-3bb21df5e2e0"}
{"component":"player-command","phase":"authorization","correlationId":"0ac7c744-693c-4756-812a-3bb21df5e2e0","outcome":"allowed"}
{"component":"player-command","phase":"command","correlationId":"0ac7c744-693c-4756-812a-3bb21df5e2e0"}
{"component":"player-command","phase":"mutation","correlationId":"0ac7c744-693c-4756-812a-3bb21df5e2e0","outcome":"completed","replayed":false}
{"component":"player-command","phase":"consequence","correlationId":"0ac7c744-693c-4756-812a-3bb21df5e2e0","replayed":false,"changes":3}
{"component":"player-command","phase":"opportunity","correlationId":"0ac7c744-693c-4756-812a-3bb21df5e2e0","replayed":false,"changes":1}
{"component":"player-command","phase":"response","correlationId":"0ac7c744-693c-4756-812a-3bb21df5e2e0","statusCode":200,"elapsedMs":194}
{"component":"player-command","phase":"request","correlationId":"ed0d9ef0-23fd-4c9d-905e-08d07cab56e9"}
{"component":"player-command","phase":"authorization","correlationId":"ed0d9ef0-23fd-4c9d-905e-08d07cab56e9","outcome":"allowed"}
{"component":"player-command","phase":"response","correlationId":"ed0d9ef0-23fd-4c9d-905e-08d07cab56e9","statusCode":200,"elapsedMs":80}
{"component":"player-command","phase":"request","correlationId":"8ddbe714-48a9-40b3-8442-769ed597d07b"}
{"component":"player-command","phase":"authorization","correlationId":"8ddbe714-48a9-40b3-8442-769ed597d07b","outcome":"allowed"}
{"component":"player-command","phase":"response","correlationId":"8ddbe714-48a9-40b3-8442-769ed597d07b","statusCode":200,"elapsedMs":87}
{"component":"player-command","phase":"request","correlationId":"79a94acb-a193-4e64-8242-d2283997b7f7"}
{"component":"player-command","phase":"authorization","correlationId":"79a94acb-a193-4e64-8242-d2283997b7f7","outcome":"allowed"}
{"component":"player-command","phase":"response","correlationId":"79a94acb-a193-4e64-8242-d2283997b7f7","statusCode":200,"elapsedMs":71}
{"component":"player-command","phase":"request","correlationId":"3c031f93-1c55-415f-8d36-0a91067d6e38"}
{"component":"player-command","phase":"authorization","correlationId":"3c031f93-1c55-415f-8d36-0a91067d6e38","outcome":"allowed"}
{"component":"player-command","phase":"command","correlationId":"3c031f93-1c55-415f-8d36-0a91067d6e38"}
{"component":"player-command","phase":"mutation","correlationId":"3c031f93-1c55-415f-8d36-0a91067d6e38","outcome":"completed","replayed":false}
{"component":"player-command","phase":"consequence","correlationId":"3c031f93-1c55-415f-8d36-0a91067d6e38","replayed":false,"changes":2}
{"component":"player-command","phase":"opportunity","correlationId":"3c031f93-1c55-415f-8d36-0a91067d6e38","replayed":false,"changes":1}
{"component":"player-command","phase":"response","correlationId":"3c031f93-1c55-415f-8d36-0a91067d6e38","statusCode":200,"elapsedMs":171}
{"component":"player-command","phase":"request","correlationId":"13804e93-6786-4950-aded-667310dedb67"}
{"component":"player-command","phase":"authorization","correlationId":"13804e93-6786-4950-aded-667310dedb67","outcome":"allowed"}
{"component":"player-command","phase":"response","correlationId":"13804e93-6786-4950-aded-667310dedb67","statusCode":200,"elapsedMs":81}
{"component":"player-command","phase":"request","correlationId":"90046a00-ed27-4628-9752-61ba16852e83"}
{"component":"player-command","phase":"authorization","correlationId":"90046a00-ed27-4628-9752-61ba16852e83","outcome":"allowed"}
{"component":"player-command","phase":"response","correlationId":"90046a00-ed27-4628-9752-61ba16852e83","statusCode":200,"elapsedMs":82}
{"component":"player-command","phase":"request","correlationId":"7b6cc268-0413-4fa5-ae79-5fa405a05b18"}
{"component":"player-command","phase":"authorization","correlationId":"7b6cc268-0413-4fa5-ae79-5fa405a05b18","outcome":"allowed"}
{"component":"player-command","phase":"response","correlationId":"7b6cc268-0413-4fa5-ae79-5fa405a05b18","statusCode":200,"elapsedMs":80}
{"component":"player-command","phase":"request","correlationId":"e3cec82f-1252-4609-9966-2cdf9935230b"}
{"component":"player-command","phase":"authorization","correlationId":"e3cec82f-1252-4609-9966-2cdf9935230b","outcome":"allowed"}
{"component":"player-command","phase":"command","correlationId":"e3cec82f-1252-4609-9966-2cdf9935230b"}
{"component":"player-command","phase":"mutation","correlationId":"e3cec82f-1252-4609-9966-2cdf9935230b","outcome":"completed","replayed":false}
{"component":"player-command","phase":"consequence","correlationId":"e3cec82f-1252-4609-9966-2cdf9935230b","replayed":false,"changes":4}
{"component":"player-command","phase":"opportunity","correlationId":"e3cec82f-1252-4609-9966-2cdf9935230b","replayed":false,"changes":1}
{"component":"player-command","phase":"response","correlationId":"e3cec82f-1252-4609-9966-2cdf9935230b","statusCode":200,"elapsedMs":169}
{"component":"player-command","phase":"request","correlationId":"06349230-d73b-4af0-b82c-b995c7b0f0df"}
{"component":"player-command","phase":"authorization","correlationId":"06349230-d73b-4af0-b82c-b995c7b0f0df","outcome":"allowed"}
{"component":"player-command","phase":"response","correlationId":"06349230-d73b-4af0-b82c-b995c7b0f0df","statusCode":200,"elapsedMs":70}
{"component":"player-command","phase":"request","correlationId":"ac251284-8e3e-4830-9d3b-e6c1fa6dd171"}
{"component":"player-command","phase":"authorization","correlationId":"ac251284-8e3e-4830-9d3b-e6c1fa6dd171","outcome":"allowed"}
{"component":"player-command","phase":"response","correlationId":"ac251284-8e3e-4830-9d3b-e6c1fa6dd171","statusCode":200,"elapsedMs":84}
{"component":"player-command","phase":"request","correlationId":"fe0161fd-1b00-4929-84c1-e938226bf458"}
{"component":"player-command","phase":"authorization","correlationId":"fe0161fd-1b00-4929-84c1-e938226bf458","outcome":"allowed"}
{"component":"player-command","phase":"response","correlationId":"fe0161fd-1b00-4929-84c1-e938226bf458","statusCode":200,"elapsedMs":84}
{"component":"player-command","phase":"request","correlationId":"18c9ba90-0e23-48ea-a5dd-6d6ffeccb985"}
{"component":"player-command","phase":"authorization","correlationId":"18c9ba90-0e23-48ea-a5dd-6d6ffeccb985","outcome":"allowed"}
{"component":"player-command","phase":"request","correlationId":"226bd55f-13af-489a-8654-4bea4f51ada9"}
{"component":"player-command","phase":"authorization","correlationId":"226bd55f-13af-489a-8654-4bea4f51ada9","outcome":"allowed"}
{"component":"player-command","phase":"response","correlationId":"226bd55f-13af-489a-8654-4bea4f51ada9","statusCode":200,"elapsedMs":50}
{"component":"player-command","phase":"response","correlationId":"18c9ba90-0e23-48ea-a5dd-6d6ffeccb985","statusCode":200,"elapsedMs":81}
{"component":"player-command","phase":"request","correlationId":"8e544070-7089-4d05-b7de-6fa4598a1833"}
{"component":"player-command","phase":"authorization","correlationId":"8e544070-7089-4d05-b7de-6fa4598a1833","outcome":"allowed"}
{"component":"player-command","phase":"command","correlationId":"8e544070-7089-4d05-b7de-6fa4598a1833"}
{"component":"player-command","phase":"mutation","correlationId":"8e544070-7089-4d05-b7de-6fa4598a1833","outcome":"completed","replayed":false}
{"component":"player-command","phase":"request","correlationId":"0946e12e-0473-4469-9d1c-f833b3a4a01d"}
{"component":"player-command","phase":"authorization","correlationId":"0946e12e-0473-4469-9d1c-f833b3a4a01d","outcome":"allowed"}
{"component":"player-command","phase":"consequence","correlationId":"8e544070-7089-4d05-b7de-6fa4598a1833","replayed":false,"changes":3}
{"component":"player-command","phase":"opportunity","correlationId":"8e544070-7089-4d05-b7de-6fa4598a1833","replayed":false,"changes":2}
{"component":"player-command","phase":"response","correlationId":"8e544070-7089-4d05-b7de-6fa4598a1833","statusCode":200,"elapsedMs":161}
{"component":"player-command","phase":"request","correlationId":"730df176-1269-4a8a-b82e-22db34de6ebc"}
{"component":"player-command","phase":"authorization","correlationId":"730df176-1269-4a8a-b82e-22db34de6ebc","outcome":"allowed"}
{"component":"player-command","phase":"response","correlationId":"0946e12e-0473-4469-9d1c-f833b3a4a01d","statusCode":200,"elapsedMs":65}
{"component":"player-command","phase":"response","correlationId":"730df176-1269-4a8a-b82e-22db34de6ebc","statusCode":200,"elapsedMs":83}
{"component":"player-command","phase":"request","correlationId":"3f74dc1d-fdb8-405f-a297-87b62ba11a17"}
{"component":"player-command","phase":"authorization","correlationId":"3f74dc1d-fdb8-405f-a297-87b62ba11a17","outcome":"allowed"}
{"component":"player-command","phase":"response","correlationId":"3f74dc1d-fdb8-405f-a297-87b62ba11a17","statusCode":200,"elapsedMs":71}
{"component":"player-command","phase":"request","correlationId":"ea1d33d6-1490-42fe-a2e8-b6f6d556e97e"}
{"component":"player-command","phase":"authorization","correlationId":"ea1d33d6-1490-42fe-a2e8-b6f6d556e97e","outcome":"allowed"}
{"component":"player-command","phase":"response","correlationId":"ea1d33d6-1490-42fe-a2e8-b6f6d556e97e","statusCode":200,"elapsedMs":81}
{"component":"player-command","phase":"request","correlationId":"c923de38-8d19-487f-8115-d21a2bbeed08"}
{"component":"player-command","phase":"authorization","correlationId":"c923de38-8d19-487f-8115-d21a2bbeed08","outcome":"allowed"}
{"component":"player-command","phase":"command","correlationId":"c923de38-8d19-487f-8115-d21a2bbeed08"}
{"component":"player-command","phase":"mutation","correlationId":"c923de38-8d19-487f-8115-d21a2bbeed08","outcome":"completed","replayed":false}
{"component":"player-command","phase":"consequence","correlationId":"c923de38-8d19-487f-8115-d21a2bbeed08","replayed":false,"changes":6}
{"component":"player-command","phase":"opportunity","correlationId":"c923de38-8d19-487f-8115-d21a2bbeed08","replayed":false,"changes":3}
{"component":"player-command","phase":"response","correlationId":"c923de38-8d19-487f-8115-d21a2bbeed08","statusCode":200,"elapsedMs":152}
{"component":"player-command","phase":"request","correlationId":"b5eadbff-be94-47d2-a298-e6fa61c33d77"}
{"component":"player-command","phase":"authorization","correlationId":"b5eadbff-be94-47d2-a298-e6fa61c33d77","outcome":"allowed"}
{"component":"player-command","phase":"response","correlationId":"b5eadbff-be94-47d2-a298-e6fa61c33d77","statusCode":200,"elapsedMs":64}
{"component":"player-command","phase":"request","correlationId":"d45f6338-69c5-4250-af38-0d38c582a512"}
{"component":"player-command","phase":"authorization","correlationId":"d45f6338-69c5-4250-af38-0d38c582a512","outcome":"allowed"}
{"component":"player-command","phase":"response","correlationId":"d45f6338-69c5-4250-af38-0d38c582a512","statusCode":200,"elapsedMs":62}
{"component":"player-command","phase":"request","correlationId":"0c51e4dc-bc20-4159-b9ea-b162110afdd7"}
{"component":"player-command","phase":"authorization","correlationId":"0c51e4dc-bc20-4159-b9ea-b162110afdd7","outcome":"allowed"}
{"component":"player-command","phase":"response","correlationId":"0c51e4dc-bc20-4159-b9ea-b162110afdd7","statusCode":200,"elapsedMs":68}
{"component":"player-command","phase":"request","correlationId":"4e1cb8b6-3a77-4054-86c4-580d750e4d2d"}
{"component":"player-command","phase":"authorization","correlationId":"4e1cb8b6-3a77-4054-86c4-580d750e4d2d","outcome":"allowed"}
{"component":"player-command","phase":"response","correlationId":"4e1cb8b6-3a77-4054-86c4-580d750e4d2d","statusCode":200,"elapsedMs":40}
{"component":"player-command","phase":"request","correlationId":"48ce247f-8c59-4fc7-83ff-bc4ed1070e73"}
{"component":"player-command","phase":"authorization","correlationId":"48ce247f-8c59-4fc7-83ff-bc4ed1070e73","outcome":"allowed"}
{"component":"player-command","phase":"request","correlationId":"5a24230e-c155-4792-bc0d-6d31cbb89414"}
{"component":"player-command","phase":"authorization","correlationId":"5a24230e-c155-4792-bc0d-6d31cbb89414","outcome":"allowed"}
{"component":"player-command","phase":"response","correlationId":"48ce247f-8c59-4fc7-83ff-bc4ed1070e73","statusCode":200,"elapsedMs":46}
{"component":"player-command","phase":"response","correlationId":"5a24230e-c155-4792-bc0d-6d31cbb89414","statusCode":200,"elapsedMs":85}
{"component":"player-command","phase":"request","correlationId":"1410e22b-899f-4693-9a37-b1ab12ecbeb5"}
{"component":"player-command","phase":"authorization","correlationId":"1410e22b-899f-4693-9a37-b1ab12ecbeb5","outcome":"allowed"}
{"component":"player-command","phase":"command","correlationId":"1410e22b-899f-4693-9a37-b1ab12ecbeb5"}
{"component":"player-command","phase":"mutation","correlationId":"1410e22b-899f-4693-9a37-b1ab12ecbeb5","outcome":"completed","replayed":false}
{"component":"player-command","phase":"consequence","correlationId":"1410e22b-899f-4693-9a37-b1ab12ecbeb5","replayed":false,"changes":2}
{"component":"player-command","phase":"opportunity","correlationId":"1410e22b-899f-4693-9a37-b1ab12ecbeb5","replayed":false,"changes":2}
{"component":"player-command","phase":"response","correlationId":"1410e22b-899f-4693-9a37-b1ab12ecbeb5","statusCode":200,"elapsedMs":96}
{"component":"player-command","phase":"request","correlationId":"2d152891-e3eb-49a8-b516-e5fca706206f"}
{"component":"player-command","phase":"authorization","correlationId":"2d152891-e3eb-49a8-b516-e5fca706206f","outcome":"allowed"}
{"component":"player-command","phase":"response","correlationId":"2d152891-e3eb-49a8-b516-e5fca706206f","statusCode":200,"elapsedMs":38}
{"component":"player-command","phase":"request","correlationId":"04a5935e-df5b-49c5-955d-71ffdba51f77"}
{"component":"player-command","phase":"authorization","correlationId":"04a5935e-df5b-49c5-955d-71ffdba51f77","outcome":"allowed"}
{"component":"player-command","phase":"response","correlationId":"04a5935e-df5b-49c5-955d-71ffdba51f77","statusCode":200,"elapsedMs":47}
{"component":"player-command","phase":"request","correlationId":"42bf2340-ee4c-4e7a-b9dd-afad87083272"}
{"component":"player-command","phase":"authorization","correlationId":"42bf2340-ee4c-4e7a-b9dd-afad87083272","outcome":"allowed"}
{"component":"player-command","phase":"response","correlationId":"42bf2340-ee4c-4e7a-b9dd-afad87083272","statusCode":200,"elapsedMs":42}
{"component":"player-command","phase":"request","correlationId":"2af07a20-10d9-459f-b848-446fb460f631"}
{"component":"player-command","phase":"authorization","correlationId":"2af07a20-10d9-459f-b848-446fb460f631","outcome":"allowed"}
{"component":"player-command","phase":"response","correlationId":"2af07a20-10d9-459f-b848-446fb460f631","statusCode":200,"elapsedMs":36}
{"component":"player-command","phase":"request","correlationId":"716e18f6-c59c-4956-baf8-b7ef0e148c64"}
{"component":"player-command","phase":"authorization","correlationId":"716e18f6-c59c-4956-baf8-b7ef0e148c64","outcome":"allowed"}
{"component":"player-command","phase":"command","correlationId":"716e18f6-c59c-4956-baf8-b7ef0e148c64"}
{"component":"player-command","phase":"mutation","correlationId":"716e18f6-c59c-4956-baf8-b7ef0e148c64","outcome":"completed","replayed":false}
{"component":"player-command","phase":"consequence","correlationId":"716e18f6-c59c-4956-baf8-b7ef0e148c64","replayed":false,"changes":2}
{"component":"player-command","phase":"opportunity","correlationId":"716e18f6-c59c-4956-baf8-b7ef0e148c64","replayed":false,"changes":2}
{"component":"player-command","phase":"response","correlationId":"716e18f6-c59c-4956-baf8-b7ef0e148c64","statusCode":200,"elapsedMs":85}
{"component":"player-command","phase":"request","correlationId":"052bb039-9806-4622-8993-a632c1744d9f"}
{"component":"player-command","phase":"authorization","correlationId":"052bb039-9806-4622-8993-a632c1744d9f","outcome":"allowed"}
{"component":"player-command","phase":"response","correlationId":"052bb039-9806-4622-8993-a632c1744d9f","statusCode":200,"elapsedMs":41}
{"component":"player-command","phase":"request","correlationId":"91745823-c919-48bd-889a-0835586dd7d5"}
{"component":"player-command","phase":"authorization","correlationId":"91745823-c919-48bd-889a-0835586dd7d5","outcome":"allowed"}
{"component":"player-command","phase":"response","correlationId":"91745823-c919-48bd-889a-0835586dd7d5","statusCode":200,"elapsedMs":47}
{"component":"player-command","phase":"request","correlationId":"6aa7fd33-fec0-4215-a7a8-44afcf435db4"}
{"component":"player-command","phase":"authorization","correlationId":"6aa7fd33-fec0-4215-a7a8-44afcf435db4","outcome":"allowed"}
{"component":"player-command","phase":"response","correlationId":"6aa7fd33-fec0-4215-a7a8-44afcf435db4","statusCode":200,"elapsedMs":44}
{"component":"player-command","phase":"request","correlationId":"99b8ce31-1c8c-4662-ac4d-34cfd7b8b6b7"}
{"component":"player-command","phase":"authorization","correlationId":"99b8ce31-1c8c-4662-ac4d-34cfd7b8b6b7","outcome":"allowed"}
{"component":"player-command","phase":"response","correlationId":"99b8ce31-1c8c-4662-ac4d-34cfd7b8b6b7","statusCode":200,"elapsedMs":51}
{"component":"player-command","phase":"request","correlationId":"02fb5ba2-a8f3-4b48-a586-ab04db9fde1e"}
{"component":"player-command","phase":"authorization","correlationId":"02fb5ba2-a8f3-4b48-a586-ab04db9fde1e","outcome":"allowed"}
{"component":"player-command","phase":"response","correlationId":"02fb5ba2-a8f3-4b48-a586-ab04db9fde1e","statusCode":200,"elapsedMs":35}
{"component":"player-command","phase":"request","correlationId":"eb4336ca-8a2d-4e7a-9a21-01e95f90d81a"}
{"component":"player-command","phase":"authorization","correlationId":"eb4336ca-8a2d-4e7a-9a21-01e95f90d81a","outcome":"allowed"}
{"component":"player-command","phase":"command","correlationId":"eb4336ca-8a2d-4e7a-9a21-01e95f90d81a"}
{"component":"player-command","phase":"mutation","correlationId":"eb4336ca-8a2d-4e7a-9a21-01e95f90d81a","outcome":"completed","replayed":false}
{"component":"player-command","phase":"consequence","correlationId":"eb4336ca-8a2d-4e7a-9a21-01e95f90d81a","replayed":false,"changes":16}
{"component":"player-command","phase":"opportunity","correlationId":"eb4336ca-8a2d-4e7a-9a21-01e95f90d81a","replayed":false,"changes":13}
{"component":"player-command","phase":"response","correlationId":"eb4336ca-8a2d-4e7a-9a21-01e95f90d81a","statusCode":200,"elapsedMs":95}
{"component":"player-command","phase":"request","correlationId":"70d49443-5a6d-4d47-8f72-f4a054076b15"}
{"component":"player-command","phase":"authorization","correlationId":"70d49443-5a6d-4d47-8f72-f4a054076b15","outcome":"allowed"}
{"component":"player-command","phase":"response","correlationId":"70d49443-5a6d-4d47-8f72-f4a054076b15","statusCode":200,"elapsedMs":48}
{"component":"player-command","phase":"request","correlationId":"17f2eeff-17d3-4d69-92fc-3d458c5c3862"}
{"component":"player-command","phase":"authorization","correlationId":"17f2eeff-17d3-4d69-92fc-3d458c5c3862","outcome":"allowed"}
{"component":"player-command","phase":"response","correlationId":"17f2eeff-17d3-4d69-92fc-3d458c5c3862","statusCode":200,"elapsedMs":47}
{"component":"player-command","phase":"request","correlationId":"e9e4760e-86a5-46cd-a5e5-89c9ebd87099"}
{"component":"player-command","phase":"authorization","correlationId":"e9e4760e-86a5-46cd-a5e5-89c9ebd87099","outcome":"allowed"}
{"component":"player-command","phase":"response","correlationId":"e9e4760e-86a5-46cd-a5e5-89c9ebd87099","statusCode":200,"elapsedMs":45}
{"component":"player-command","phase":"request","correlationId":"a85b4966-c19a-4923-9ee4-a08e485b1e66"}
{"component":"player-command","phase":"authorization","correlationId":"a85b4966-c19a-4923-9ee4-a08e485b1e66","outcome":"allowed"}
{"component":"player-command","phase":"response","correlationId":"a85b4966-c19a-4923-9ee4-a08e485b1e66","statusCode":200,"elapsedMs":46}
{"component":"player-command","phase":"request","correlationId":"ac483153-d738-4c58-bf0f-caeac909032e"}
{"component":"player-command","phase":"authorization","correlationId":"ac483153-d738-4c58-bf0f-caeac909032e","outcome":"allowed"}
{"component":"player-command","phase":"command","correlationId":"ac483153-d738-4c58-bf0f-caeac909032e"}
{"component":"player-command","phase":"mutation","correlationId":"ac483153-d738-4c58-bf0f-caeac909032e","outcome":"completed","replayed":false}
{"component":"player-command","phase":"consequence","correlationId":"ac483153-d738-4c58-bf0f-caeac909032e","replayed":false,"changes":2}
{"component":"player-command","phase":"opportunity","correlationId":"ac483153-d738-4c58-bf0f-caeac909032e","replayed":false,"changes":2}
{"component":"player-command","phase":"response","correlationId":"ac483153-d738-4c58-bf0f-caeac909032e","statusCode":200,"elapsedMs":93}
{"component":"player-command","phase":"request","correlationId":"86cd7e04-e1aa-494d-b416-a652466baf92"}
{"component":"player-command","phase":"authorization","correlationId":"86cd7e04-e1aa-494d-b416-a652466baf92","outcome":"allowed"}
{"component":"player-command","phase":"response","correlationId":"86cd7e04-e1aa-494d-b416-a652466baf92","statusCode":200,"elapsedMs":50}
{"component":"player-command","phase":"request","correlationId":"0529cd7d-e538-4cd3-87ce-d29159e5763b"}
{"component":"player-command","phase":"authorization","correlationId":"0529cd7d-e538-4cd3-87ce-d29159e5763b","outcome":"allowed"}
{"component":"player-command","phase":"response","correlationId":"0529cd7d-e538-4cd3-87ce-d29159e5763b","statusCode":200,"elapsedMs":49}
{"component":"player-command","phase":"request","correlationId":"9cdc2a94-f9ca-4796-abd1-a763e0239372"}
{"component":"player-command","phase":"authorization","correlationId":"9cdc2a94-f9ca-4796-abd1-a763e0239372","outcome":"allowed"}
{"component":"player-command","phase":"response","correlationId":"9cdc2a94-f9ca-4796-abd1-a763e0239372","statusCode":200,"elapsedMs":43}
{"component":"player-command","phase":"request","correlationId":"a9ba0c8c-1d76-4092-b4ae-7d46cec34791"}
{"component":"player-command","phase":"authorization","correlationId":"a9ba0c8c-1d76-4092-b4ae-7d46cec34791","outcome":"allowed"}
{"component":"player-command","phase":"response","correlationId":"a9ba0c8c-1d76-4092-b4ae-7d46cec34791","statusCode":200,"elapsedMs":49}
{"component":"player-command","phase":"request","correlationId":"12767e7b-3ad9-48c6-adec-1aec39297ae0"}
{"component":"player-command","phase":"authorization","correlationId":"12767e7b-3ad9-48c6-adec-1aec39297ae0","outcome":"allowed"}
{"component":"player-command","phase":"command","correlationId":"12767e7b-3ad9-48c6-adec-1aec39297ae0"}
{"component":"player-command","phase":"mutation","correlationId":"12767e7b-3ad9-48c6-adec-1aec39297ae0","outcome":"completed","replayed":false}
{"component":"player-command","phase":"consequence","correlationId":"12767e7b-3ad9-48c6-adec-1aec39297ae0","replayed":false,"changes":2}
{"component":"player-command","phase":"opportunity","correlationId":"12767e7b-3ad9-48c6-adec-1aec39297ae0","replayed":false,"changes":2}
{"component":"player-command","phase":"response","correlationId":"12767e7b-3ad9-48c6-adec-1aec39297ae0","statusCode":200,"elapsedMs":107}
{"component":"player-command","phase":"request","correlationId":"b516e03d-3ae5-4c23-9b93-4641a948fd35"}
{"component":"player-command","phase":"authorization","correlationId":"b516e03d-3ae5-4c23-9b93-4641a948fd35","outcome":"allowed"}
{"component":"player-command","phase":"response","correlationId":"b516e03d-3ae5-4c23-9b93-4641a948fd35","statusCode":200,"elapsedMs":50}
{"component":"player-command","phase":"request","correlationId":"dd7ea2dd-1adc-4d6a-8e29-2e29192038dc"}
{"component":"player-command","phase":"authorization","correlationId":"dd7ea2dd-1adc-4d6a-8e29-2e29192038dc","outcome":"allowed"}
{"component":"player-command","phase":"response","correlationId":"dd7ea2dd-1adc-4d6a-8e29-2e29192038dc","statusCode":200,"elapsedMs":46}
{"component":"player-command","phase":"request","correlationId":"4ba6f327-a33e-45f7-9061-c67d144fd475"}
{"component":"player-command","phase":"authorization","correlationId":"4ba6f327-a33e-45f7-9061-c67d144fd475","outcome":"allowed"}
{"component":"player-command","phase":"response","correlationId":"4ba6f327-a33e-45f7-9061-c67d144fd475","statusCode":200,"elapsedMs":52}
{"component":"player-command","phase":"request","correlationId":"23b18ac5-b2f9-46a6-9d08-f3665429421b"}
{"component":"player-command","phase":"authorization","correlationId":"23b18ac5-b2f9-46a6-9d08-f3665429421b","outcome":"allowed"}
{"component":"player-command","phase":"response","correlationId":"23b18ac5-b2f9-46a6-9d08-f3665429421b","statusCode":200,"elapsedMs":43}
{"component":"player-command","phase":"request","correlationId":"b4fac1c8-cb4a-4ac1-ae3f-68ee5c559cb5"}
{"component":"player-command","phase":"authorization","correlationId":"b4fac1c8-cb4a-4ac1-ae3f-68ee5c559cb5","outcome":"allowed"}
{"component":"player-command","phase":"command","correlationId":"b4fac1c8-cb4a-4ac1-ae3f-68ee5c559cb5"}
{"component":"player-command","phase":"mutation","correlationId":"b4fac1c8-cb4a-4ac1-ae3f-68ee5c559cb5","outcome":"completed","replayed":false}
{"component":"player-command","phase":"consequence","correlationId":"b4fac1c8-cb4a-4ac1-ae3f-68ee5c559cb5","replayed":false,"changes":1}
{"component":"player-command","phase":"opportunity","correlationId":"b4fac1c8-cb4a-4ac1-ae3f-68ee5c559cb5","replayed":false,"changes":1}
{"component":"player-command","phase":"response","correlationId":"b4fac1c8-cb4a-4ac1-ae3f-68ee5c559cb5","statusCode":200,"elapsedMs":107}
{"component":"player-command","phase":"request","correlationId":"6280409e-59cb-486d-8248-125d435a82de"}
{"component":"player-command","phase":"authorization","correlationId":"6280409e-59cb-486d-8248-125d435a82de","outcome":"allowed"}
{"component":"player-command","phase":"response","correlationId":"6280409e-59cb-486d-8248-125d435a82de","statusCode":200,"elapsedMs":50}
{"component":"player-command","phase":"request","correlationId":"4ce0d356-b4f9-4c48-87b6-29605ce4845a"}
{"component":"player-command","phase":"authorization","correlationId":"4ce0d356-b4f9-4c48-87b6-29605ce4845a","outcome":"allowed"}
{"component":"player-command","phase":"response","correlationId":"4ce0d356-b4f9-4c48-87b6-29605ce4845a","statusCode":200,"elapsedMs":57}
{"component":"player-command","phase":"request","correlationId":"3cbe7b29-f2ea-4170-aefd-f5b38a3ccf67"}
{"component":"player-command","phase":"authorization","correlationId":"3cbe7b29-f2ea-4170-aefd-f5b38a3ccf67","outcome":"allowed"}
{"component":"player-command","phase":"response","correlationId":"3cbe7b29-f2ea-4170-aefd-f5b38a3ccf67","statusCode":200,"elapsedMs":43}
{"component":"player-command","phase":"request","correlationId":"070cf541-8343-4c5c-897b-fbca15f3e124"}
{"component":"player-command","phase":"authorization","correlationId":"070cf541-8343-4c5c-897b-fbca15f3e124","outcome":"allowed"}
{"component":"player-command","phase":"response","correlationId":"070cf541-8343-4c5c-897b-fbca15f3e124","statusCode":200,"elapsedMs":61}
{"component":"player-command","phase":"request","correlationId":"a99b41ae-4c0b-42d1-93dd-b66a2a41764d"}
{"component":"player-command","phase":"authorization","correlationId":"a99b41ae-4c0b-42d1-93dd-b66a2a41764d","outcome":"allowed"}
{"component":"player-command","phase":"command","correlationId":"a99b41ae-4c0b-42d1-93dd-b66a2a41764d"}
{"component":"player-command","phase":"request","correlationId":"f8e85399-697d-40e8-8390-097bf2d83a08"}
{"component":"player-command","phase":"authorization","correlationId":"f8e85399-697d-40e8-8390-097bf2d83a08","outcome":"allowed"}
{"component":"player-command","phase":"mutation","correlationId":"a99b41ae-4c0b-42d1-93dd-b66a2a41764d","outcome":"completed","replayed":false}
{"component":"player-command","phase":"response","correlationId":"f8e85399-697d-40e8-8390-097bf2d83a08","statusCode":200,"elapsedMs":87}
{"component":"player-command","phase":"consequence","correlationId":"a99b41ae-4c0b-42d1-93dd-b66a2a41764d","replayed":false,"changes":4}
{"component":"player-command","phase":"opportunity","correlationId":"a99b41ae-4c0b-42d1-93dd-b66a2a41764d","replayed":false,"changes":0}
{"component":"player-command","phase":"response","correlationId":"a99b41ae-4c0b-42d1-93dd-b66a2a41764d","statusCode":200,"elapsedMs":149}
{"component":"player-command","phase":"request","correlationId":"9b0deb26-f401-4ece-b244-c2395f9a86c6"}
{"component":"player-command","phase":"authorization","correlationId":"9b0deb26-f401-4ece-b244-c2395f9a86c6","outcome":"allowed"}
{"component":"player-command","phase":"response","correlationId":"9b0deb26-f401-4ece-b244-c2395f9a86c6","statusCode":200,"elapsedMs":53}
{"component":"player-command","phase":"request","correlationId":"8838e32e-717d-486a-b5f0-2cc36c79cfcd"}
{"component":"player-command","phase":"authorization","correlationId":"8838e32e-717d-486a-b5f0-2cc36c79cfcd","outcome":"allowed"}
{"component":"player-command","phase":"response","correlationId":"8838e32e-717d-486a-b5f0-2cc36c79cfcd","statusCode":200,"elapsedMs":49}
{"component":"player-command","phase":"request","correlationId":"1f8fa170-82ed-46e4-8b34-663396e60706"}
{"component":"player-command","phase":"authorization","correlationId":"1f8fa170-82ed-46e4-8b34-663396e60706","outcome":"allowed"}
{"component":"player-command","phase":"response","correlationId":"1f8fa170-82ed-46e4-8b34-663396e60706","statusCode":200,"elapsedMs":52}
{"component":"player-command","phase":"request","correlationId":"76cb408e-31f3-49d1-9dd0-35813ebe870a"}
{"component":"player-command","phase":"authorization","correlationId":"76cb408e-31f3-49d1-9dd0-35813ebe870a","outcome":"allowed"}
{"component":"player-command","phase":"response","correlationId":"76cb408e-31f3-49d1-9dd0-35813ebe870a","statusCode":200,"elapsedMs":75}
{"component":"player-command","phase":"request","correlationId":"1150fa4a-9523-48fd-bf48-2dfa851904b6"}
{"component":"player-command","phase":"authorization","correlationId":"1150fa4a-9523-48fd-bf48-2dfa851904b6","outcome":"allowed"}
{"component":"player-command","phase":"command","correlationId":"1150fa4a-9523-48fd-bf48-2dfa851904b6"}
{"component":"player-command","phase":"request","correlationId":"7eb4f57b-e82e-4c9f-bcff-8fa0c26a9d0a"}
{"component":"player-command","phase":"authorization","correlationId":"7eb4f57b-e82e-4c9f-bcff-8fa0c26a9d0a","outcome":"allowed"}
{"component":"player-command","phase":"mutation","correlationId":"1150fa4a-9523-48fd-bf48-2dfa851904b6","outcome":"completed","replayed":false}
{"component":"player-command","phase":"response","correlationId":"7eb4f57b-e82e-4c9f-bcff-8fa0c26a9d0a","statusCode":200,"elapsedMs":65}
{"component":"player-command","phase":"request","correlationId":"fa9e317f-4b3a-47ec-b7b5-f8e3fefcbdc2"}
{"component":"player-command","phase":"authorization","correlationId":"fa9e317f-4b3a-47ec-b7b5-f8e3fefcbdc2","outcome":"allowed"}
{"component":"player-command","phase":"response","correlationId":"fa9e317f-4b3a-47ec-b7b5-f8e3fefcbdc2","statusCode":200,"elapsedMs":52}
{"component":"player-command","phase":"consequence","correlationId":"1150fa4a-9523-48fd-bf48-2dfa851904b6","replayed":false,"changes":9}
{"component":"player-command","phase":"opportunity","correlationId":"1150fa4a-9523-48fd-bf48-2dfa851904b6","replayed":false,"changes":8}
{"component":"player-command","phase":"response","correlationId":"1150fa4a-9523-48fd-bf48-2dfa851904b6","statusCode":200,"elapsedMs":195}
{"component":"player-command","phase":"request","correlationId":"23ab2f4e-6e51-409a-b89c-ff0272a56df2"}
{"component":"player-command","phase":"authorization","correlationId":"23ab2f4e-6e51-409a-b89c-ff0272a56df2","outcome":"allowed"}
{"component":"player-command","phase":"response","correlationId":"23ab2f4e-6e51-409a-b89c-ff0272a56df2","statusCode":200,"elapsedMs":72}
{"component":"player-command","phase":"request","correlationId":"bff49abf-8830-46f6-ba00-481126807902"}
{"component":"player-command","phase":"authorization","correlationId":"bff49abf-8830-46f6-ba00-481126807902","outcome":"allowed"}
{"component":"player-command","phase":"response","correlationId":"bff49abf-8830-46f6-ba00-481126807902","statusCode":200,"elapsedMs":70}
{"component":"player-command","phase":"request","correlationId":"72cd098c-d5dd-4e17-bda6-2cd4bf45aabb"}
{"component":"player-command","phase":"authorization","correlationId":"72cd098c-d5dd-4e17-bda6-2cd4bf45aabb","outcome":"allowed"}
{"component":"player-command","phase":"response","correlationId":"72cd098c-d5dd-4e17-bda6-2cd4bf45aabb","statusCode":200,"elapsedMs":66}
{"component":"player-command","phase":"request","correlationId":"e909bd02-dae7-4976-89b1-d3858c71e6c4"}
{"component":"player-command","phase":"authorization","correlationId":"e909bd02-dae7-4976-89b1-d3858c71e6c4","outcome":"allowed"}
{"component":"player-command","phase":"response","correlationId":"e909bd02-dae7-4976-89b1-d3858c71e6c4","statusCode":200,"elapsedMs":73}
{"component":"player-command","phase":"request","correlationId":"5f157135-658a-4216-820d-94691053c0e1"}
{"component":"player-command","phase":"authorization","correlationId":"5f157135-658a-4216-820d-94691053c0e1","outcome":"allowed"}
{"component":"player-command","phase":"command","correlationId":"5f157135-658a-4216-820d-94691053c0e1"}
{"component":"player-command","phase":"mutation","correlationId":"5f157135-658a-4216-820d-94691053c0e1","outcome":"completed","replayed":false}
{"component":"player-command","phase":"request","correlationId":"357a7107-c0de-4c14-8a5e-6f0e7ecec1cf"}
{"component":"player-command","phase":"authorization","correlationId":"357a7107-c0de-4c14-8a5e-6f0e7ecec1cf","outcome":"allowed"}
{"component":"player-command","phase":"response","correlationId":"357a7107-c0de-4c14-8a5e-6f0e7ecec1cf","statusCode":200,"elapsedMs":47}
{"component":"player-command","phase":"consequence","correlationId":"5f157135-658a-4216-820d-94691053c0e1","replayed":false,"changes":1}
{"component":"player-command","phase":"opportunity","correlationId":"5f157135-658a-4216-820d-94691053c0e1","replayed":false,"changes":0}
{"component":"player-command","phase":"response","correlationId":"5f157135-658a-4216-820d-94691053c0e1","statusCode":200,"elapsedMs":176}
{"component":"player-command","phase":"request","correlationId":"33b64863-206b-4adb-bb41-ac7d6cb8277f"}
{"component":"player-command","phase":"authorization","correlationId":"33b64863-206b-4adb-bb41-ac7d6cb8277f","outcome":"allowed"}
{"component":"player-command","phase":"response","correlationId":"33b64863-206b-4adb-bb41-ac7d6cb8277f","statusCode":200,"elapsedMs":96}
{"component":"player-command","phase":"request","correlationId":"386f5d80-9477-4f19-b902-1c2e5ffdb6fa"}
{"component":"player-command","phase":"authorization","correlationId":"386f5d80-9477-4f19-b902-1c2e5ffdb6fa","outcome":"allowed"}
{"component":"player-command","phase":"response","correlationId":"386f5d80-9477-4f19-b902-1c2e5ffdb6fa","statusCode":200,"elapsedMs":94}
{"component":"player-command","phase":"request","correlationId":"ddc36967-a40d-463d-a9df-5c93f7df5072"}
{"component":"player-command","phase":"authorization","correlationId":"ddc36967-a40d-463d-a9df-5c93f7df5072","outcome":"allowed"}
{"component":"player-command","phase":"response","correlationId":"ddc36967-a40d-463d-a9df-5c93f7df5072","statusCode":200,"elapsedMs":81}
{"component":"player-command","phase":"request","correlationId":"b1c2efa8-6b1b-49b6-bf62-69f1b57b9c44"}
{"component":"player-command","phase":"authorization","correlationId":"b1c2efa8-6b1b-49b6-bf62-69f1b57b9c44","outcome":"allowed"}
{"component":"player-command","phase":"command","correlationId":"b1c2efa8-6b1b-49b6-bf62-69f1b57b9c44"}
{"component":"player-command","phase":"mutation","correlationId":"b1c2efa8-6b1b-49b6-bf62-69f1b57b9c44","outcome":"completed","replayed":false}
{"component":"player-command","phase":"request","correlationId":"62ab59c4-18e2-44d7-b6d6-a79970eb9443"}
{"component":"player-command","phase":"authorization","correlationId":"62ab59c4-18e2-44d7-b6d6-a79970eb9443","outcome":"allowed"}
{"component":"player-command","phase":"response","correlationId":"62ab59c4-18e2-44d7-b6d6-a79970eb9443","statusCode":200,"elapsedMs":53}
{"component":"player-command","phase":"consequence","correlationId":"b1c2efa8-6b1b-49b6-bf62-69f1b57b9c44","replayed":false,"changes":10}
{"component":"player-command","phase":"opportunity","correlationId":"b1c2efa8-6b1b-49b6-bf62-69f1b57b9c44","replayed":false,"changes":9}
{"component":"player-command","phase":"response","correlationId":"b1c2efa8-6b1b-49b6-bf62-69f1b57b9c44","statusCode":200,"elapsedMs":193}
{"component":"player-command","phase":"request","correlationId":"529fd44e-73f0-4669-bfe6-dfd7fce03f69"}
{"component":"player-command","phase":"authorization","correlationId":"529fd44e-73f0-4669-bfe6-dfd7fce03f69","outcome":"allowed"}
{"component":"player-command","phase":"response","correlationId":"529fd44e-73f0-4669-bfe6-dfd7fce03f69","statusCode":200,"elapsedMs":76}
{"component":"player-command","phase":"request","correlationId":"2d00feb0-7e98-4a1b-8135-3c226f093e4e"}
{"component":"player-command","phase":"authorization","correlationId":"2d00feb0-7e98-4a1b-8135-3c226f093e4e","outcome":"allowed"}
{"component":"player-command","phase":"response","correlationId":"2d00feb0-7e98-4a1b-8135-3c226f093e4e","statusCode":200,"elapsedMs":72}
{"component":"player-command","phase":"request","correlationId":"dff570de-55a2-4475-88bf-9cdfc8ed34a5"}
{"component":"player-command","phase":"authorization","correlationId":"dff570de-55a2-4475-88bf-9cdfc8ed34a5","outcome":"allowed"}
{"component":"player-command","phase":"response","correlationId":"dff570de-55a2-4475-88bf-9cdfc8ed34a5","statusCode":200,"elapsedMs":49}
{"component":"player-command","phase":"request","correlationId":"831a59b7-17f0-4cd9-b9c7-33dcc379703d"}
{"component":"player-command","phase":"authorization","correlationId":"831a59b7-17f0-4cd9-b9c7-33dcc379703d","outcome":"allowed"}
{"component":"player-command","phase":"response","correlationId":"831a59b7-17f0-4cd9-b9c7-33dcc379703d","statusCode":200,"elapsedMs":60}
{"component":"player-command","phase":"request","correlationId":"bf6d2843-5fb1-44ea-9689-40ec11187b5c"}
{"component":"player-command","phase":"authorization","correlationId":"bf6d2843-5fb1-44ea-9689-40ec11187b5c","outcome":"allowed"}
{"component":"player-command","phase":"command","correlationId":"bf6d2843-5fb1-44ea-9689-40ec11187b5c"}
{"component":"player-command","phase":"mutation","correlationId":"bf6d2843-5fb1-44ea-9689-40ec11187b5c","outcome":"completed","replayed":false}
{"component":"player-command","phase":"request","correlationId":"f8e243b1-d506-45ce-a34c-b68b4401fc11"}
{"component":"player-command","phase":"authorization","correlationId":"f8e243b1-d506-45ce-a34c-b68b4401fc11","outcome":"allowed"}
{"component":"player-command","phase":"consequence","correlationId":"bf6d2843-5fb1-44ea-9689-40ec11187b5c","replayed":false,"changes":10}
{"component":"player-command","phase":"opportunity","correlationId":"bf6d2843-5fb1-44ea-9689-40ec11187b5c","replayed":false,"changes":9}
{"component":"player-command","phase":"response","correlationId":"bf6d2843-5fb1-44ea-9689-40ec11187b5c","statusCode":200,"elapsedMs":176}
{"component":"player-command","phase":"response","correlationId":"f8e243b1-d506-45ce-a34c-b68b4401fc11","statusCode":200,"elapsedMs":121}
{"component":"player-command","phase":"request","correlationId":"c1646a94-3c81-4319-adeb-d879dca04752"}
{"component":"player-command","phase":"authorization","correlationId":"c1646a94-3c81-4319-adeb-d879dca04752","outcome":"allowed"}
{"component":"player-command","phase":"response","correlationId":"c1646a94-3c81-4319-adeb-d879dca04752","statusCode":200,"elapsedMs":63}
{"component":"player-command","phase":"request","correlationId":"dd126f35-6d91-47dd-887f-3d691fc67567"}
{"component":"player-command","phase":"authorization","correlationId":"dd126f35-6d91-47dd-887f-3d691fc67567","outcome":"allowed"}
{"component":"player-command","phase":"response","correlationId":"dd126f35-6d91-47dd-887f-3d691fc67567","statusCode":200,"elapsedMs":64}
{"component":"player-command","phase":"request","correlationId":"a140db3b-18c0-46fb-8931-bc14199e9ca4"}
{"component":"player-command","phase":"authorization","correlationId":"a140db3b-18c0-46fb-8931-bc14199e9ca4","outcome":"allowed"}
{"component":"player-command","phase":"response","correlationId":"a140db3b-18c0-46fb-8931-bc14199e9ca4","statusCode":200,"elapsedMs":72}
{"component":"player-command","phase":"request","correlationId":"6ec7ab1b-7b55-4041-b0f6-1d5ff8ddea85"}
{"component":"player-command","phase":"authorization","correlationId":"6ec7ab1b-7b55-4041-b0f6-1d5ff8ddea85","outcome":"allowed"}
{"component":"player-command","phase":"command","correlationId":"6ec7ab1b-7b55-4041-b0f6-1d5ff8ddea85"}
{"component":"player-command","phase":"mutation","correlationId":"6ec7ab1b-7b55-4041-b0f6-1d5ff8ddea85","outcome":"completed","replayed":false}
{"component":"player-command","phase":"request","correlationId":"39a50b77-df4d-43bd-a334-ad7a1266bd3e"}
{"component":"player-command","phase":"authorization","correlationId":"39a50b77-df4d-43bd-a334-ad7a1266bd3e","outcome":"allowed"}
{"component":"player-command","phase":"response","correlationId":"39a50b77-df4d-43bd-a334-ad7a1266bd3e","statusCode":200,"elapsedMs":64}
{"component":"player-command","phase":"consequence","correlationId":"6ec7ab1b-7b55-4041-b0f6-1d5ff8ddea85","replayed":false,"changes":1}
{"component":"player-command","phase":"opportunity","correlationId":"6ec7ab1b-7b55-4041-b0f6-1d5ff8ddea85","replayed":false,"changes":0}
{"component":"player-command","phase":"response","correlationId":"6ec7ab1b-7b55-4041-b0f6-1d5ff8ddea85","statusCode":200,"elapsedMs":187}
{"component":"player-command","phase":"request","correlationId":"384e9c16-29b2-4c87-93ac-fe2f6c644516"}
{"component":"player-command","phase":"authorization","correlationId":"384e9c16-29b2-4c87-93ac-fe2f6c644516","outcome":"allowed"}
{"component":"player-command","phase":"response","correlationId":"384e9c16-29b2-4c87-93ac-fe2f6c644516","statusCode":200,"elapsedMs":105}
{"component":"player-command","phase":"request","correlationId":"9d5c503e-5089-4c18-8b22-fd5e230bfae1"}
{"component":"player-command","phase":"authorization","correlationId":"9d5c503e-5089-4c18-8b22-fd5e230bfae1","outcome":"allowed"}
{"component":"player-command","phase":"response","correlationId":"9d5c503e-5089-4c18-8b22-fd5e230bfae1","statusCode":200,"elapsedMs":98}
{"component":"player-command","phase":"request","correlationId":"d0c96ab7-672c-45e8-bc12-e827e3fae370"}
{"component":"player-command","phase":"authorization","correlationId":"d0c96ab7-672c-45e8-bc12-e827e3fae370","outcome":"allowed"}
{"component":"player-command","phase":"response","correlationId":"d0c96ab7-672c-45e8-bc12-e827e3fae370","statusCode":200,"elapsedMs":90}
{"component":"player-command","phase":"request","correlationId":"e830fad5-0a98-4116-9685-0d7da703bacf"}
{"component":"player-command","phase":"authorization","correlationId":"e830fad5-0a98-4116-9685-0d7da703bacf","outcome":"allowed"}
{"component":"player-command","phase":"command","correlationId":"e830fad5-0a98-4116-9685-0d7da703bacf"}
{"component":"player-command","phase":"mutation","correlationId":"e830fad5-0a98-4116-9685-0d7da703bacf","outcome":"completed","replayed":false}
{"component":"player-command","phase":"request","correlationId":"7e4fd740-b033-475e-8d4c-8d3abfdd8f28"}
{"component":"player-command","phase":"authorization","correlationId":"7e4fd740-b033-475e-8d4c-8d3abfdd8f28","outcome":"allowed"}
{"component":"player-command","phase":"response","correlationId":"7e4fd740-b033-475e-8d4c-8d3abfdd8f28","statusCode":200,"elapsedMs":60}
{"component":"player-command","phase":"consequence","correlationId":"e830fad5-0a98-4116-9685-0d7da703bacf","replayed":false,"changes":1}
{"component":"player-command","phase":"opportunity","correlationId":"e830fad5-0a98-4116-9685-0d7da703bacf","replayed":false,"changes":0}
{"component":"player-command","phase":"response","correlationId":"e830fad5-0a98-4116-9685-0d7da703bacf","statusCode":200,"elapsedMs":185}
{"component":"player-command","phase":"request","correlationId":"69a5cd96-7dda-4760-b4f9-904e226492eb"}
{"component":"player-command","phase":"authorization","correlationId":"69a5cd96-7dda-4760-b4f9-904e226492eb","outcome":"allowed"}
{"component":"player-command","phase":"response","correlationId":"69a5cd96-7dda-4760-b4f9-904e226492eb","statusCode":200,"elapsedMs":71}
{"component":"player-command","phase":"request","correlationId":"175de340-d944-4387-873d-a7d14f349578"}
{"component":"player-command","phase":"authorization","correlationId":"175de340-d944-4387-873d-a7d14f349578","outcome":"allowed"}
{"component":"player-command","phase":"response","correlationId":"175de340-d944-4387-873d-a7d14f349578","statusCode":200,"elapsedMs":75}
{"component":"player-command","phase":"request","correlationId":"a6c68b55-520c-4a8e-a3f0-92a7196ceb7e"}
{"component":"player-command","phase":"authorization","correlationId":"a6c68b55-520c-4a8e-a3f0-92a7196ceb7e","outcome":"allowed"}
{"component":"player-command","phase":"response","correlationId":"a6c68b55-520c-4a8e-a3f0-92a7196ceb7e","statusCode":200,"elapsedMs":68}
{"component":"player-command","phase":"request","correlationId":"6c06c93f-69f0-4e8f-a2f6-608ef8f6a27b"}
{"component":"player-command","phase":"authorization","correlationId":"6c06c93f-69f0-4e8f-a2f6-608ef8f6a27b","outcome":"allowed"}
{"component":"player-command","phase":"command","correlationId":"6c06c93f-69f0-4e8f-a2f6-608ef8f6a27b"}
{"component":"player-command","phase":"mutation","correlationId":"6c06c93f-69f0-4e8f-a2f6-608ef8f6a27b","outcome":"completed","replayed":false}
{"component":"player-command","phase":"request","correlationId":"04a19f24-bd3f-4806-8e50-b585ac734fb8"}
{"component":"player-command","phase":"authorization","correlationId":"04a19f24-bd3f-4806-8e50-b585ac734fb8","outcome":"allowed"}
{"component":"player-command","phase":"response","correlationId":"04a19f24-bd3f-4806-8e50-b585ac734fb8","statusCode":200,"elapsedMs":58}
{"component":"player-command","phase":"consequence","correlationId":"6c06c93f-69f0-4e8f-a2f6-608ef8f6a27b","replayed":false,"changes":1}
{"component":"player-command","phase":"opportunity","correlationId":"6c06c93f-69f0-4e8f-a2f6-608ef8f6a27b","replayed":false,"changes":0}
{"component":"player-command","phase":"response","correlationId":"6c06c93f-69f0-4e8f-a2f6-608ef8f6a27b","statusCode":200,"elapsedMs":180}
{"component":"player-command","phase":"request","correlationId":"5172a660-3ad4-4e06-ac77-ac6938eed5db"}
{"component":"player-command","phase":"authorization","correlationId":"5172a660-3ad4-4e06-ac77-ac6938eed5db","outcome":"allowed"}
{"component":"player-command","phase":"response","correlationId":"5172a660-3ad4-4e06-ac77-ac6938eed5db","statusCode":200,"elapsedMs":79}
{"component":"player-command","phase":"request","correlationId":"595472d5-6494-4987-8cf6-053cb9272d66"}
{"component":"player-command","phase":"authorization","correlationId":"595472d5-6494-4987-8cf6-053cb9272d66","outcome":"allowed"}
{"component":"player-command","phase":"response","correlationId":"595472d5-6494-4987-8cf6-053cb9272d66","statusCode":200,"elapsedMs":70}
{"component":"player-command","phase":"request","correlationId":"1f459568-7202-4d24-9d35-c70c3ab1488b"}
{"component":"player-command","phase":"authorization","correlationId":"1f459568-7202-4d24-9d35-c70c3ab1488b","outcome":"allowed"}
{"component":"player-command","phase":"response","correlationId":"1f459568-7202-4d24-9d35-c70c3ab1488b","statusCode":200,"elapsedMs":72}
{"component":"player-command","phase":"request","correlationId":"6b428efe-b6b6-4ee3-a7c6-28be24ce2246"}
{"component":"player-command","phase":"authorization","correlationId":"6b428efe-b6b6-4ee3-a7c6-28be24ce2246","outcome":"allowed"}
{"component":"player-command","phase":"command","correlationId":"6b428efe-b6b6-4ee3-a7c6-28be24ce2246"}
{"component":"player-command","phase":"mutation","correlationId":"6b428efe-b6b6-4ee3-a7c6-28be24ce2246","outcome":"completed","replayed":false}
{"component":"player-command","phase":"request","correlationId":"693d1620-1577-4075-9d59-8654ccfacaa9"}
{"component":"player-command","phase":"authorization","correlationId":"693d1620-1577-4075-9d59-8654ccfacaa9","outcome":"allowed"}
{"component":"player-command","phase":"response","correlationId":"693d1620-1577-4075-9d59-8654ccfacaa9","statusCode":200,"elapsedMs":61}
{"component":"player-command","phase":"consequence","correlationId":"6b428efe-b6b6-4ee3-a7c6-28be24ce2246","replayed":false,"changes":1}
{"component":"player-command","phase":"opportunity","correlationId":"6b428efe-b6b6-4ee3-a7c6-28be24ce2246","replayed":false,"changes":0}
{"component":"player-command","phase":"response","correlationId":"6b428efe-b6b6-4ee3-a7c6-28be24ce2246","statusCode":200,"elapsedMs":185}
{"component":"player-command","phase":"request","correlationId":"86264ea7-e598-4f09-b8e0-c02b73483028"}
{"component":"player-command","phase":"authorization","correlationId":"86264ea7-e598-4f09-b8e0-c02b73483028","outcome":"allowed"}
{"component":"player-command","phase":"response","correlationId":"86264ea7-e598-4f09-b8e0-c02b73483028","statusCode":200,"elapsedMs":74}
{"component":"player-command","phase":"request","correlationId":"5a2c1dda-b3b1-490f-bbf4-4b2e58a20b02"}
{"component":"player-command","phase":"authorization","correlationId":"5a2c1dda-b3b1-490f-bbf4-4b2e58a20b02","outcome":"allowed"}
{"component":"player-command","phase":"response","correlationId":"5a2c1dda-b3b1-490f-bbf4-4b2e58a20b02","statusCode":200,"elapsedMs":77}
{"component":"player-command","phase":"request","correlationId":"91f2f851-f548-4593-969c-3e069175acde"}
{"component":"player-command","phase":"authorization","correlationId":"91f2f851-f548-4593-969c-3e069175acde","outcome":"allowed"}
{"component":"player-command","phase":"response","correlationId":"91f2f851-f548-4593-969c-3e069175acde","statusCode":200,"elapsedMs":72}
{"component":"player-command","phase":"request","correlationId":"97180289-7953-4451-b9c5-45bbb166426c"}
{"component":"player-command","phase":"authorization","correlationId":"97180289-7953-4451-b9c5-45bbb166426c","outcome":"allowed"}
{"component":"player-command","phase":"command","correlationId":"97180289-7953-4451-b9c5-45bbb166426c"}
{"component":"player-command","phase":"mutation","correlationId":"97180289-7953-4451-b9c5-45bbb166426c","outcome":"completed","replayed":false}
{"component":"player-command","phase":"request","correlationId":"b80cc08f-3638-4ee6-8db9-d193190855e7"}
{"component":"player-command","phase":"authorization","correlationId":"b80cc08f-3638-4ee6-8db9-d193190855e7","outcome":"allowed"}
{"component":"player-command","phase":"response","correlationId":"b80cc08f-3638-4ee6-8db9-d193190855e7","statusCode":200,"elapsedMs":60}
{"component":"player-command","phase":"consequence","correlationId":"97180289-7953-4451-b9c5-45bbb166426c","replayed":false,"changes":1}
{"component":"player-command","phase":"opportunity","correlationId":"97180289-7953-4451-b9c5-45bbb166426c","replayed":false,"changes":0}
{"component":"player-command","phase":"response","correlationId":"97180289-7953-4451-b9c5-45bbb166426c","statusCode":200,"elapsedMs":180}
{"component":"player-command","phase":"request","correlationId":"b7793da0-4c09-4ab1-a52b-1abc1f789a09"}
{"component":"player-command","phase":"authorization","correlationId":"b7793da0-4c09-4ab1-a52b-1abc1f789a09","outcome":"allowed"}
{"component":"player-command","phase":"response","correlationId":"b7793da0-4c09-4ab1-a52b-1abc1f789a09","statusCode":200,"elapsedMs":70}
{"component":"player-command","phase":"request","correlationId":"df7b4c66-7566-4111-add1-a5aa8aca8e19"}
{"component":"player-command","phase":"authorization","correlationId":"df7b4c66-7566-4111-add1-a5aa8aca8e19","outcome":"allowed"}
{"component":"player-command","phase":"response","correlationId":"df7b4c66-7566-4111-add1-a5aa8aca8e19","statusCode":200,"elapsedMs":79}
{"component":"player-command","phase":"request","correlationId":"53ee6fb1-bbba-45c7-897f-4b5ef96d3b23"}
{"component":"player-command","phase":"authorization","correlationId":"53ee6fb1-bbba-45c7-897f-4b5ef96d3b23","outcome":"allowed"}
{"component":"player-command","phase":"response","correlationId":"53ee6fb1-bbba-45c7-897f-4b5ef96d3b23","statusCode":200,"elapsedMs":75}
{"component":"player-command","phase":"request","correlationId":"27337519-a009-4cfa-8877-5b4f3c708aba"}
{"component":"player-command","phase":"authorization","correlationId":"27337519-a009-4cfa-8877-5b4f3c708aba","outcome":"allowed"}
{"component":"player-command","phase":"command","correlationId":"27337519-a009-4cfa-8877-5b4f3c708aba"}
{"component":"player-command","phase":"mutation","correlationId":"27337519-a009-4cfa-8877-5b4f3c708aba","outcome":"completed","replayed":false}
{"component":"player-command","phase":"request","correlationId":"175180de-155d-4c48-957f-34d4a44bc5a9"}
{"component":"player-command","phase":"authorization","correlationId":"175180de-155d-4c48-957f-34d4a44bc5a9","outcome":"allowed"}
{"component":"player-command","phase":"response","correlationId":"175180de-155d-4c48-957f-34d4a44bc5a9","statusCode":200,"elapsedMs":59}
{"component":"player-command","phase":"consequence","correlationId":"27337519-a009-4cfa-8877-5b4f3c708aba","replayed":false,"changes":1}
{"component":"player-command","phase":"opportunity","correlationId":"27337519-a009-4cfa-8877-5b4f3c708aba","replayed":false,"changes":0}
{"component":"player-command","phase":"response","correlationId":"27337519-a009-4cfa-8877-5b4f3c708aba","statusCode":200,"elapsedMs":184}
{"component":"player-command","phase":"request","correlationId":"184195c4-abd2-4509-bf95-bd5bc69d4ae0"}
{"component":"player-command","phase":"authorization","correlationId":"184195c4-abd2-4509-bf95-bd5bc69d4ae0","outcome":"allowed"}
{"component":"player-command","phase":"response","correlationId":"184195c4-abd2-4509-bf95-bd5bc69d4ae0","statusCode":200,"elapsedMs":76}
{"component":"player-command","phase":"request","correlationId":"82019878-b5e4-4318-ba39-c5562ea9c94c"}
{"component":"player-command","phase":"authorization","correlationId":"82019878-b5e4-4318-ba39-c5562ea9c94c","outcome":"allowed"}
{"component":"player-command","phase":"response","correlationId":"82019878-b5e4-4318-ba39-c5562ea9c94c","statusCode":200,"elapsedMs":70}
{"component":"player-command","phase":"request","correlationId":"193d7f3c-46b7-445a-bb78-dc0cf978c0ad"}
{"component":"player-command","phase":"authorization","correlationId":"193d7f3c-46b7-445a-bb78-dc0cf978c0ad","outcome":"allowed"}
{"component":"player-command","phase":"response","correlationId":"193d7f3c-46b7-445a-bb78-dc0cf978c0ad","statusCode":200,"elapsedMs":59}
{"component":"player-command","phase":"request","correlationId":"c3e2410d-2ab8-47b2-89cd-8d7d09c85c6c"}
{"component":"player-command","phase":"authorization","correlationId":"c3e2410d-2ab8-47b2-89cd-8d7d09c85c6c","outcome":"allowed"}
{"component":"player-command","phase":"command","correlationId":"c3e2410d-2ab8-47b2-89cd-8d7d09c85c6c"}
{"component":"player-command","phase":"mutation","correlationId":"c3e2410d-2ab8-47b2-89cd-8d7d09c85c6c","outcome":"completed","replayed":false}
{"component":"player-command","phase":"request","correlationId":"cce05ee6-521c-4d30-86a2-8a31ec9b4d0e"}
{"component":"player-command","phase":"authorization","correlationId":"cce05ee6-521c-4d30-86a2-8a31ec9b4d0e","outcome":"allowed"}
{"component":"player-command","phase":"consequence","correlationId":"c3e2410d-2ab8-47b2-89cd-8d7d09c85c6c","replayed":false,"changes":3}
{"component":"player-command","phase":"opportunity","correlationId":"c3e2410d-2ab8-47b2-89cd-8d7d09c85c6c","replayed":false,"changes":2}
{"component":"player-command","phase":"response","correlationId":"c3e2410d-2ab8-47b2-89cd-8d7d09c85c6c","statusCode":200,"elapsedMs":151}
{"component":"player-command","phase":"response","correlationId":"cce05ee6-521c-4d30-86a2-8a31ec9b4d0e","statusCode":200,"elapsedMs":100}
{"component":"player-command","phase":"request","correlationId":"90c45013-be9e-4f4d-8307-336b0f1a2d29"}
{"component":"player-command","phase":"authorization","correlationId":"90c45013-be9e-4f4d-8307-336b0f1a2d29","outcome":"allowed"}
{"component":"player-command","phase":"response","correlationId":"90c45013-be9e-4f4d-8307-336b0f1a2d29","statusCode":200,"elapsedMs":61}
{"component":"player-command","phase":"request","correlationId":"1cae5e38-dfbd-4b6d-a2fc-f55e84342e89"}
{"component":"player-command","phase":"authorization","correlationId":"1cae5e38-dfbd-4b6d-a2fc-f55e84342e89","outcome":"allowed"}
{"component":"player-command","phase":"response","correlationId":"1cae5e38-dfbd-4b6d-a2fc-f55e84342e89","statusCode":200,"elapsedMs":55}
{"component":"player-command","phase":"request","correlationId":"bf385742-dc16-4fa9-9a74-3c4f66a1ecdb"}
{"component":"player-command","phase":"authorization","correlationId":"bf385742-dc16-4fa9-9a74-3c4f66a1ecdb","outcome":"allowed"}
{"component":"player-command","phase":"response","correlationId":"bf385742-dc16-4fa9-9a74-3c4f66a1ecdb","statusCode":200,"elapsedMs":63}
{"component":"player-command","phase":"request","correlationId":"e3b138a0-86d7-479d-8590-7f3bf9877180"}
{"component":"player-command","phase":"authorization","correlationId":"e3b138a0-86d7-479d-8590-7f3bf9877180","outcome":"allowed"}
{"component":"player-command","phase":"command","correlationId":"e3b138a0-86d7-479d-8590-7f3bf9877180"}
{"component":"player-command","phase":"mutation","correlationId":"e3b138a0-86d7-479d-8590-7f3bf9877180","outcome":"completed","replayed":false}
{"component":"player-command","phase":"request","correlationId":"18ba9f0c-bfa4-4efc-8023-f19ecb74df71"}
{"component":"player-command","phase":"authorization","correlationId":"18ba9f0c-bfa4-4efc-8023-f19ecb74df71","outcome":"allowed"}
{"component":"player-command","phase":"consequence","correlationId":"e3b138a0-86d7-479d-8590-7f3bf9877180","replayed":false,"changes":5}
{"component":"player-command","phase":"opportunity","correlationId":"e3b138a0-86d7-479d-8590-7f3bf9877180","replayed":false,"changes":2}
{"component":"player-command","phase":"response","correlationId":"e3b138a0-86d7-479d-8590-7f3bf9877180","statusCode":200,"elapsedMs":163}
{"component":"player-command","phase":"response","correlationId":"18ba9f0c-bfa4-4efc-8023-f19ecb74df71","statusCode":200,"elapsedMs":98}
{"component":"player-command","phase":"request","correlationId":"a22c2fbe-a79d-4326-9d3c-59c6fd39f644"}
{"component":"player-command","phase":"authorization","correlationId":"a22c2fbe-a79d-4326-9d3c-59c6fd39f644","outcome":"allowed"}
{"component":"player-command","phase":"response","correlationId":"a22c2fbe-a79d-4326-9d3c-59c6fd39f644","statusCode":200,"elapsedMs":66}
{"component":"player-command","phase":"request","correlationId":"193126d1-6351-42fa-9ec4-f2a1765245f2"}
{"component":"player-command","phase":"authorization","correlationId":"193126d1-6351-42fa-9ec4-f2a1765245f2","outcome":"allowed"}
{"component":"player-command","phase":"response","correlationId":"193126d1-6351-42fa-9ec4-f2a1765245f2","statusCode":200,"elapsedMs":56}
{"component":"player-command","phase":"request","correlationId":"8ed24bb8-edcc-41d8-ab55-a21aa0e1a591"}
{"component":"player-command","phase":"authorization","correlationId":"8ed24bb8-edcc-41d8-ab55-a21aa0e1a591","outcome":"allowed"}
{"component":"player-command","phase":"response","correlationId":"8ed24bb8-edcc-41d8-ab55-a21aa0e1a591","statusCode":200,"elapsedMs":53}
{"component":"player-command","phase":"request","correlationId":"e9ab3ab3-5144-41d9-815d-f2e63fdfac92"}
{"component":"player-command","phase":"authorization","correlationId":"e9ab3ab3-5144-41d9-815d-f2e63fdfac92","outcome":"allowed"}
{"component":"player-command","phase":"command","correlationId":"e9ab3ab3-5144-41d9-815d-f2e63fdfac92"}
{"component":"player-command","phase":"mutation","correlationId":"e9ab3ab3-5144-41d9-815d-f2e63fdfac92","outcome":"completed","replayed":false}
{"component":"player-command","phase":"request","correlationId":"a5d961d1-9ffe-4420-9ee7-e2ee2bdb7016"}
{"component":"player-command","phase":"authorization","correlationId":"a5d961d1-9ffe-4420-9ee7-e2ee2bdb7016","outcome":"allowed"}
{"component":"player-command","phase":"consequence","correlationId":"e9ab3ab3-5144-41d9-815d-f2e63fdfac92","replayed":false,"changes":1}
{"component":"player-command","phase":"opportunity","correlationId":"e9ab3ab3-5144-41d9-815d-f2e63fdfac92","replayed":false,"changes":0}
{"component":"player-command","phase":"response","correlationId":"e9ab3ab3-5144-41d9-815d-f2e63fdfac92","statusCode":200,"elapsedMs":153}
{"component":"player-command","phase":"response","correlationId":"a5d961d1-9ffe-4420-9ee7-e2ee2bdb7016","statusCode":200,"elapsedMs":88}
{"component":"player-command","phase":"request","correlationId":"07659c12-f1b9-439f-aa67-590c86bf8c0a"}
{"component":"player-command","phase":"authorization","correlationId":"07659c12-f1b9-439f-aa67-590c86bf8c0a","outcome":"allowed"}
{"component":"player-command","phase":"response","correlationId":"07659c12-f1b9-439f-aa67-590c86bf8c0a","statusCode":200,"elapsedMs":62}
{"component":"player-command","phase":"request","correlationId":"1ea45c25-f73a-4848-9759-80f15a20fa36"}
{"component":"player-command","phase":"authorization","correlationId":"1ea45c25-f73a-4848-9759-80f15a20fa36","outcome":"allowed"}
{"component":"player-command","phase":"response","correlationId":"1ea45c25-f73a-4848-9759-80f15a20fa36","statusCode":200,"elapsedMs":57}
{"component":"player-command","phase":"request","correlationId":"5cef0e2f-1062-4927-b5e9-d6b1a47b44d8"}
{"component":"player-command","phase":"authorization","correlationId":"5cef0e2f-1062-4927-b5e9-d6b1a47b44d8","outcome":"allowed"}
{"component":"player-command","phase":"response","correlationId":"5cef0e2f-1062-4927-b5e9-d6b1a47b44d8","statusCode":200,"elapsedMs":58}
{"component":"player-command","phase":"request","correlationId":"f2eee148-aaf9-4d23-88ea-2f745f56a084"}
{"component":"player-command","phase":"authorization","correlationId":"f2eee148-aaf9-4d23-88ea-2f745f56a084","outcome":"allowed"}
{"component":"player-command","phase":"command","correlationId":"f2eee148-aaf9-4d23-88ea-2f745f56a084"}
{"component":"player-command","phase":"mutation","correlationId":"f2eee148-aaf9-4d23-88ea-2f745f56a084","outcome":"completed","replayed":false}
{"component":"player-command","phase":"request","correlationId":"422aaf3f-0180-47cd-9837-7358bf12b06d"}
{"component":"player-command","phase":"authorization","correlationId":"422aaf3f-0180-47cd-9837-7358bf12b06d","outcome":"allowed"}
{"component":"player-command","phase":"consequence","correlationId":"f2eee148-aaf9-4d23-88ea-2f745f56a084","replayed":false,"changes":3}
{"component":"player-command","phase":"opportunity","correlationId":"f2eee148-aaf9-4d23-88ea-2f745f56a084","replayed":false,"changes":0}
{"component":"player-command","phase":"response","correlationId":"f2eee148-aaf9-4d23-88ea-2f745f56a084","statusCode":200,"elapsedMs":163}
{"component":"player-command","phase":"response","correlationId":"422aaf3f-0180-47cd-9837-7358bf12b06d","statusCode":200,"elapsedMs":96}
{"component":"player-command","phase":"request","correlationId":"673893bb-b625-4a9b-a803-a4c69f6cf55a"}
{"component":"player-command","phase":"authorization","correlationId":"673893bb-b625-4a9b-a803-a4c69f6cf55a","outcome":"allowed"}
{"component":"player-command","phase":"response","correlationId":"673893bb-b625-4a9b-a803-a4c69f6cf55a","statusCode":200,"elapsedMs":61}
{"component":"player-command","phase":"request","correlationId":"ebc43d56-0ee2-47b7-a064-ed077a21d9f1"}
{"component":"player-command","phase":"authorization","correlationId":"ebc43d56-0ee2-47b7-a064-ed077a21d9f1","outcome":"allowed"}
{"component":"player-command","phase":"response","correlationId":"ebc43d56-0ee2-47b7-a064-ed077a21d9f1","statusCode":200,"elapsedMs":59}
{"component":"player-command","phase":"request","correlationId":"53728e95-f441-4394-9eda-161b2a70b1ba"}
{"component":"player-command","phase":"authorization","correlationId":"53728e95-f441-4394-9eda-161b2a70b1ba","outcome":"allowed"}
{"component":"player-command","phase":"response","correlationId":"53728e95-f441-4394-9eda-161b2a70b1ba","statusCode":200,"elapsedMs":58}
{"component":"player-command","phase":"request","correlationId":"a64f451f-6b8a-4ee2-9fb1-2093f68bcd56"}
{"component":"player-command","phase":"authorization","correlationId":"a64f451f-6b8a-4ee2-9fb1-2093f68bcd56","outcome":"allowed"}
{"component":"player-command","phase":"command","correlationId":"a64f451f-6b8a-4ee2-9fb1-2093f68bcd56"}
{"component":"player-command","phase":"mutation","correlationId":"a64f451f-6b8a-4ee2-9fb1-2093f68bcd56","outcome":"completed","replayed":false}
{"component":"player-command","phase":"request","correlationId":"28197650-ddaf-4222-835a-d16785a09a98"}
{"component":"player-command","phase":"authorization","correlationId":"28197650-ddaf-4222-835a-d16785a09a98","outcome":"allowed"}
{"component":"player-command","phase":"consequence","correlationId":"a64f451f-6b8a-4ee2-9fb1-2093f68bcd56","replayed":false,"changes":1}
{"component":"player-command","phase":"opportunity","correlationId":"a64f451f-6b8a-4ee2-9fb1-2093f68bcd56","replayed":false,"changes":0}
{"component":"player-command","phase":"response","correlationId":"a64f451f-6b8a-4ee2-9fb1-2093f68bcd56","statusCode":200,"elapsedMs":147}
{"component":"player-command","phase":"request","correlationId":"b8eeffd3-849d-4ce5-8326-44dc9d188a8a"}
{"component":"player-command","phase":"authorization","correlationId":"b8eeffd3-849d-4ce5-8326-44dc9d188a8a","outcome":"allowed"}
{"component":"player-command","phase":"response","correlationId":"28197650-ddaf-4222-835a-d16785a09a98","statusCode":200,"elapsedMs":97}
{"component":"player-command","phase":"response","correlationId":"b8eeffd3-849d-4ce5-8326-44dc9d188a8a","statusCode":200,"elapsedMs":76}
{"component":"player-command","phase":"request","correlationId":"3b2024ef-3b93-47fa-aba8-1145f3c9ba78"}
{"component":"player-command","phase":"authorization","correlationId":"3b2024ef-3b93-47fa-aba8-1145f3c9ba78","outcome":"allowed"}
{"component":"player-command","phase":"response","correlationId":"3b2024ef-3b93-47fa-aba8-1145f3c9ba78","statusCode":200,"elapsedMs":58}
{"component":"player-command","phase":"request","correlationId":"aedb6bac-0979-4d3f-8e26-4e382b5486a1"}
{"component":"player-command","phase":"authorization","correlationId":"aedb6bac-0979-4d3f-8e26-4e382b5486a1","outcome":"allowed"}
{"component":"player-command","phase":"response","correlationId":"aedb6bac-0979-4d3f-8e26-4e382b5486a1","statusCode":200,"elapsedMs":53}
{"component":"player-command","phase":"request","correlationId":"d0ea58aa-1928-43bc-bdfa-4beac0db34dd"}
{"component":"player-command","phase":"authorization","correlationId":"d0ea58aa-1928-43bc-bdfa-4beac0db34dd","outcome":"allowed"}
{"component":"player-command","phase":"response","correlationId":"d0ea58aa-1928-43bc-bdfa-4beac0db34dd","statusCode":200,"elapsedMs":62}
{"component":"player-command","phase":"request","correlationId":"de4bdca5-11c7-4a83-8126-a0c8d24ecddb"}
{"component":"player-command","phase":"authorization","correlationId":"de4bdca5-11c7-4a83-8126-a0c8d24ecddb","outcome":"allowed"}
{"component":"player-command","phase":"command","correlationId":"de4bdca5-11c7-4a83-8126-a0c8d24ecddb"}
{"component":"player-command","phase":"mutation","correlationId":"de4bdca5-11c7-4a83-8126-a0c8d24ecddb","outcome":"completed","replayed":false}
{"component":"player-command","phase":"request","correlationId":"4140ebdc-c6b4-41c1-8975-ac0b9fbde5bb"}
{"component":"player-command","phase":"authorization","correlationId":"4140ebdc-c6b4-41c1-8975-ac0b9fbde5bb","outcome":"allowed"}
{"component":"player-command","phase":"consequence","correlationId":"de4bdca5-11c7-4a83-8126-a0c8d24ecddb","replayed":false,"changes":1}
{"component":"player-command","phase":"opportunity","correlationId":"de4bdca5-11c7-4a83-8126-a0c8d24ecddb","replayed":false,"changes":0}
{"component":"player-command","phase":"response","correlationId":"de4bdca5-11c7-4a83-8126-a0c8d24ecddb","statusCode":200,"elapsedMs":152}
{"component":"player-command","phase":"request","correlationId":"7a60d31b-6489-4041-a491-01d1475a33f5"}
{"component":"player-command","phase":"authorization","correlationId":"7a60d31b-6489-4041-a491-01d1475a33f5","outcome":"allowed"}
{"component":"player-command","phase":"response","correlationId":"4140ebdc-c6b4-41c1-8975-ac0b9fbde5bb","statusCode":200,"elapsedMs":90}
{"component":"player-command","phase":"response","correlationId":"7a60d31b-6489-4041-a491-01d1475a33f5","statusCode":200,"elapsedMs":63}
{"component":"player-command","phase":"request","correlationId":"5b6d23eb-a13f-4bdd-a571-ba8b4c5626f0"}
{"component":"player-command","phase":"authorization","correlationId":"5b6d23eb-a13f-4bdd-a571-ba8b4c5626f0","outcome":"allowed"}
{"component":"player-command","phase":"response","correlationId":"5b6d23eb-a13f-4bdd-a571-ba8b4c5626f0","statusCode":200,"elapsedMs":59}
{"component":"player-command","phase":"request","correlationId":"b1d2a9a1-0250-4e9e-88b9-62d3f7b173d2"}
{"component":"player-command","phase":"authorization","correlationId":"b1d2a9a1-0250-4e9e-88b9-62d3f7b173d2","outcome":"allowed"}
{"component":"player-command","phase":"response","correlationId":"b1d2a9a1-0250-4e9e-88b9-62d3f7b173d2","statusCode":200,"elapsedMs":76}
{"component":"player-command","phase":"request","correlationId":"680377b1-ef00-441b-bc64-8c8a1882d584"}
{"component":"player-command","phase":"authorization","correlationId":"680377b1-ef00-441b-bc64-8c8a1882d584","outcome":"allowed"}
{"component":"player-command","phase":"command","correlationId":"680377b1-ef00-441b-bc64-8c8a1882d584"}
{"component":"player-command","phase":"mutation","correlationId":"680377b1-ef00-441b-bc64-8c8a1882d584","outcome":"completed","replayed":false}
{"component":"player-command","phase":"request","correlationId":"be02dd63-d40d-4e84-8082-72e8add486c7"}
{"component":"player-command","phase":"authorization","correlationId":"be02dd63-d40d-4e84-8082-72e8add486c7","outcome":"allowed"}
{"component":"player-command","phase":"response","correlationId":"be02dd63-d40d-4e84-8082-72e8add486c7","statusCode":200,"elapsedMs":59}
{"component":"player-command","phase":"consequence","correlationId":"680377b1-ef00-441b-bc64-8c8a1882d584","replayed":false,"changes":1}
{"component":"player-command","phase":"opportunity","correlationId":"680377b1-ef00-441b-bc64-8c8a1882d584","replayed":false,"changes":0}
{"component":"player-command","phase":"response","correlationId":"680377b1-ef00-441b-bc64-8c8a1882d584","statusCode":200,"elapsedMs":179}
{"component":"player-command","phase":"request","correlationId":"6b6b9f2e-6518-48db-aff1-cb31b65d8e60"}
{"component":"player-command","phase":"authorization","correlationId":"6b6b9f2e-6518-48db-aff1-cb31b65d8e60","outcome":"allowed"}
{"component":"player-command","phase":"response","correlationId":"6b6b9f2e-6518-48db-aff1-cb31b65d8e60","statusCode":200,"elapsedMs":73}
{"component":"player-command","phase":"request","correlationId":"bdba14c2-2cd8-4b07-9147-4eb0887b4d6c"}
{"component":"player-command","phase":"authorization","correlationId":"bdba14c2-2cd8-4b07-9147-4eb0887b4d6c","outcome":"allowed"}
{"component":"player-command","phase":"response","correlationId":"bdba14c2-2cd8-4b07-9147-4eb0887b4d6c","statusCode":200,"elapsedMs":73}
{"component":"player-command","phase":"request","correlationId":"3c373a29-1d7f-4f9f-882b-601cb780ad67"}
{"component":"player-command","phase":"authorization","correlationId":"3c373a29-1d7f-4f9f-882b-601cb780ad67","outcome":"allowed"}
{"component":"player-command","phase":"response","correlationId":"3c373a29-1d7f-4f9f-882b-601cb780ad67","statusCode":200,"elapsedMs":70}
{"component":"player-command","phase":"request","correlationId":"eadb940c-4fa5-4201-a0c6-95531545395b"}
{"component":"player-command","phase":"authorization","correlationId":"eadb940c-4fa5-4201-a0c6-95531545395b","outcome":"allowed"}
{"component":"player-command","phase":"command","correlationId":"eadb940c-4fa5-4201-a0c6-95531545395b"}
{"component":"player-command","phase":"mutation","correlationId":"eadb940c-4fa5-4201-a0c6-95531545395b","outcome":"completed","replayed":false}
{"component":"player-command","phase":"request","correlationId":"9c15ba9c-f73e-4c8d-9a35-c46cdaf2e57b"}
{"component":"player-command","phase":"authorization","correlationId":"9c15ba9c-f73e-4c8d-9a35-c46cdaf2e57b","outcome":"allowed"}
{"component":"player-command","phase":"response","correlationId":"9c15ba9c-f73e-4c8d-9a35-c46cdaf2e57b","statusCode":200,"elapsedMs":57}
{"component":"player-command","phase":"request","correlationId":"3556979f-2b9f-49d4-9b26-b9bad5d53c3e"}
{"component":"player-command","phase":"authorization","correlationId":"3556979f-2b9f-49d4-9b26-b9bad5d53c3e","outcome":"allowed"}
{"component":"player-command","phase":"consequence","correlationId":"eadb940c-4fa5-4201-a0c6-95531545395b","replayed":false,"changes":26}
{"component":"player-command","phase":"opportunity","correlationId":"eadb940c-4fa5-4201-a0c6-95531545395b","replayed":false,"changes":23}
{"component":"player-command","phase":"response","correlationId":"eadb940c-4fa5-4201-a0c6-95531545395b","statusCode":200,"elapsedMs":192}
{"component":"player-command","phase":"request","correlationId":"861a9fa4-6b13-4bb0-9a1f-769a01b8b00b"}
{"component":"player-command","phase":"authorization","correlationId":"861a9fa4-6b13-4bb0-9a1f-769a01b8b00b","outcome":"allowed"}
{"component":"player-command","phase":"response","correlationId":"3556979f-2b9f-49d4-9b26-b9bad5d53c3e","statusCode":200,"elapsedMs":82}
{"component":"player-command","phase":"response","correlationId":"861a9fa4-6b13-4bb0-9a1f-769a01b8b00b","statusCode":200,"elapsedMs":86}
{"component":"player-command","phase":"request","correlationId":"8936cafc-6355-4b1f-ad44-de37bc8e6e3f"}
{"component":"player-command","phase":"authorization","correlationId":"8936cafc-6355-4b1f-ad44-de37bc8e6e3f","outcome":"allowed"}
{"component":"player-command","phase":"response","correlationId":"8936cafc-6355-4b1f-ad44-de37bc8e6e3f","statusCode":200,"elapsedMs":67}
{"component":"player-command","phase":"request","correlationId":"3e397459-1eb3-444b-b2cd-9587f2a6b06b"}
{"component":"player-command","phase":"authorization","correlationId":"3e397459-1eb3-444b-b2cd-9587f2a6b06b","outcome":"allowed"}
{"component":"player-command","phase":"response","correlationId":"3e397459-1eb3-444b-b2cd-9587f2a6b06b","statusCode":200,"elapsedMs":68}
{"component":"player-command","phase":"request","correlationId":"6795e4f4-5498-40f3-a326-f1682967a45c"}
{"component":"player-command","phase":"authorization","correlationId":"6795e4f4-5498-40f3-a326-f1682967a45c","outcome":"allowed"}
{"component":"player-command","phase":"response","correlationId":"6795e4f4-5498-40f3-a326-f1682967a45c","statusCode":200,"elapsedMs":50}
PASS 390px shipment-redistribution: 30 rendered commands
