No files changed, compilation skipped

╭------------------------------------------------------------------------------------------------+------------------+-------------------+--------------------+---------------------╮
| Contract                                                                                       | Runtime Size (B) | Initcode Size (B) | Runtime Margin (B) | Initcode Margin (B) |
+==================================================================================================================================================================================+
| A1Task4ForceSend                                                                               | 194              | 209               | 24,382             | 48,943              |
|------------------------------------------------------------------------------------------------+------------------+-------------------+--------------------+---------------------|
| A1Task4RawCreateFactory                                                                        | 386              | 414               | 24,190             | 48,738              |
|------------------------------------------------------------------------------------------------+------------------+-------------------+--------------------+---------------------|
| A1Task4Registry                                                                                | 117              | 143               | 24,459             | 49,009              |
|------------------------------------------------------------------------------------------------+------------------+-------------------+--------------------+---------------------|
| A1Task4Safe                                                                                    | 492              | 520               | 24,084             | 48,632              |
|------------------------------------------------------------------------------------------------+------------------+-------------------+--------------------+---------------------|
| A1Task5Ingress                                                                                 | 545              | 573               | 24,031             | 48,579              |
|------------------------------------------------------------------------------------------------+------------------+-------------------+--------------------+---------------------|
| A1Task5TimestampHarness                                                                        | 23,279           | 25,205            | 1,297              | 23,947              |
|------------------------------------------------------------------------------------------------+------------------+-------------------+--------------------+---------------------|
| AcquisitionAuditForcedEther                                                                    | 57               | 97                | 24,519             | 49,055              |
|------------------------------------------------------------------------------------------------+------------------+-------------------+--------------------+---------------------|
| AcquisitionAuditIngress                                                                        | 285              | 311               | 24,291             | 48,841              |
|------------------------------------------------------------------------------------------------+------------------+-------------------+--------------------+---------------------|
| AcquisitionAuditNonceFactory                                                                   | 718              | 744               | 23,858             | 48,408              |
|------------------------------------------------------------------------------------------------+------------------+-------------------+--------------------+---------------------|
| AcquisitionAuditRefundingExecutor                                                              | 884              | 1,017             | 23,692             | 48,135              |
|------------------------------------------------------------------------------------------------+------------------+-------------------+--------------------+---------------------|
| AcquisitionAuditSafe                                                                           | 57               | 81                | 24,519             | 49,071              |
|------------------------------------------------------------------------------------------------+------------------+-------------------+--------------------+---------------------|
| AcquisitionAuthority                                                                           | 16,300           | 18,868            | 8,276              | 30,284              |
|------------------------------------------------------------------------------------------------+------------------+-------------------+--------------------+---------------------|
| AcquisitionConstellationFactory                                                                | 6,258            | 8,022             | 18,318             | 41,130              |
|------------------------------------------------------------------------------------------------+------------------+-------------------+--------------------+---------------------|
| AcquisitionIntentExecution                                                                     | 847              | 1,380             | 23,729             | 47,772              |
|------------------------------------------------------------------------------------------------+------------------+-------------------+--------------------+---------------------|
| AcquisitionReconciliation                                                                      | 473              | 676               | 24,103             | 48,476              |
|------------------------------------------------------------------------------------------------+------------------+-------------------+--------------------+---------------------|
| AcquisitionVault                                                                               | 23,212           | 25,120            | 1,364              | 24,032              |
|------------------------------------------------------------------------------------------------+------------------+-------------------+--------------------+---------------------|
| AcquisitionVaultCore                                                                           | 9,988            | 11,264            | 14,588             | 37,888              |
|------------------------------------------------------------------------------------------------+------------------+-------------------+--------------------+---------------------|
| ActionConstants                                                                                | 57               | 85                | 24,519             | 49,067              |
|------------------------------------------------------------------------------------------------+------------------+-------------------+--------------------+---------------------|
| Actions                                                                                        | 57               | 85                | 24,519             | 49,067              |
|------------------------------------------------------------------------------------------------+------------------+-------------------+--------------------+---------------------|
| Actor                                                                                          | 1,250            | 1,267             | 23,326             | 47,885              |
|------------------------------------------------------------------------------------------------+------------------+-------------------+--------------------+---------------------|
| Alchemist                                                                                      | 11,408           | 13,238            | 13,168             | 35,914              |
|------------------------------------------------------------------------------------------------+------------------+-------------------+--------------------+---------------------|
| Arrays                                                                                         | 85               | 135               | 24,491             | 49,017              |
|------------------------------------------------------------------------------------------------+------------------+-------------------+--------------------+---------------------|
| AuctionClaimGateMock                                                                           | 423              | 451               | 24,153             | 48,701              |
|------------------------------------------------------------------------------------------------+------------------+-------------------+--------------------+---------------------|
| AuditExitFeeVault                                                                              | 5,188            | 6,219             | 19,388             | 42,933              |
|------------------------------------------------------------------------------------------------+------------------+-------------------+--------------------+---------------------|
| AuditFeeOnTransferAsset                                                                        | 2,038            | 2,502             | 22,538             | 46,650              |
|------------------------------------------------------------------------------------------------+------------------+-------------------+--------------------+---------------------|
| AuditFeeOnTransferVault                                                                        | 4,550            | 5,368             | 20,026             | 43,784              |
|------------------------------------------------------------------------------------------------+------------------+-------------------+--------------------+---------------------|
| AuditRwaStockToken                                                                             | 1,892            | 2,367             | 22,684             | 46,785              |
|------------------------------------------------------------------------------------------------+------------------+-------------------+--------------------+---------------------|
| AuditStockPool                                                                                 | 1,779            | 1,939             | 22,797             | 47,213              |
|------------------------------------------------------------------------------------------------+------------------+-------------------+--------------------+---------------------|
| AuditStockPoolAdapter                                                                          | 814              | 952               | 23,762             | 48,200              |
|------------------------------------------------------------------------------------------------+------------------+-------------------+--------------------+---------------------|
| AuditStockQuoteOracle                                                                          | 330              | 358               | 24,246             | 48,794              |
|------------------------------------------------------------------------------------------------+------------------+-------------------+--------------------+---------------------|
| AuditUSDC                                                                                      | 1,892            | 2,364             | 22,684             | 46,788              |
|------------------------------------------------------------------------------------------------+------------------+-------------------+--------------------+---------------------|
| AuditVault                                                                                     | 4,550            | 5,371             | 20,026             | 43,781              |
|------------------------------------------------------------------------------------------------+------------------+-------------------+--------------------+---------------------|
| BalanceDeltaLibrary.constellation-via-ir                                                       | 111              | 139               | 24,465             | 49,013              |
|------------------------------------------------------------------------------------------------+------------------+-------------------+--------------------+---------------------|
| BalanceDeltaLibrary.default                                                                    | 132              | 182               | 24,444             | 48,970              |
|------------------------------------------------------------------------------------------------+------------------+-------------------+--------------------+---------------------|
| BankBufferVault                                                                                | 6,008            | 6,978             | 18,568             | 42,174              |
|------------------------------------------------------------------------------------------------+------------------+-------------------+--------------------+---------------------|
| Base64                                                                                         | 85               | 135               | 24,491             | 49,017              |
|------------------------------------------------------------------------------------------------+------------------+-------------------+--------------------+---------------------|
| BeforeSwapDeltaLibrary.constellation-via-ir                                                    | 111              | 139               | 24,465             | 49,013              |
|------------------------------------------------------------------------------------------------+------------------+-------------------+--------------------+---------------------|
| BeforeSwapDeltaLibrary.default                                                                 | 132              | 182               | 24,444             | 48,970              |
|------------------------------------------------------------------------------------------------+------------------+-------------------+--------------------+---------------------|
| BidLib (src/genesis-auction/vendor/cca/libraries/BidLib.sol)                                   | 85               | 135               | 24,491             | 49,017              |
|------------------------------------------------------------------------------------------------+------------------+-------------------+--------------------+---------------------|
| BitMath.constellation-via-ir                                                                   | 57               | 85                | 24,519             | 49,067              |
|------------------------------------------------------------------------------------------------+------------------+-------------------+--------------------+---------------------|
| BitMath.default                                                                                | 85               | 135               | 24,491             | 49,017              |
|------------------------------------------------------------------------------------------------+------------------+-------------------+--------------------+---------------------|
| BlockNumberish (src/genesis-auction/vendor/blocknumberish/src/BlockNumberish.sol)              | 62               | 134               | 24,514             | 49,018              |
|------------------------------------------------------------------------------------------------+------------------+-------------------+--------------------+---------------------|
| BondLiquidityGuard                                                                             | 410              | 450               | 24,166             | 48,702              |
|------------------------------------------------------------------------------------------------+------------------+-------------------+--------------------+---------------------|
| BondLiquidityOracle                                                                            | 239              | 282               | 24,337             | 48,870              |
|------------------------------------------------------------------------------------------------+------------------+-------------------+--------------------+---------------------|
| BondMalformedLiquidityGuard                                                                    | 62               | 88                | 24,514             | 49,064              |
|------------------------------------------------------------------------------------------------+------------------+-------------------+--------------------+---------------------|
| BufferTestAsset                                                                                | 2,839            | 3,400             | 21,737             | 45,752              |
|------------------------------------------------------------------------------------------------+------------------+-------------------+--------------------+---------------------|
| BuybackBoundaryToken                                                                           | 2,414            | 3,626             | 22,162             | 45,526              |
|------------------------------------------------------------------------------------------------+------------------+-------------------+--------------------+---------------------|
| BuybackHealth                                                                                  | 410              | 450               | 24,166             | 48,702              |
|------------------------------------------------------------------------------------------------+------------------+-------------------+--------------------+---------------------|
| BuybackNonconformingHealth                                                                     | 62               | 88                | 24,514             | 49,064              |
|------------------------------------------------------------------------------------------------+------------------+-------------------+--------------------+---------------------|
| BuybackOracle                                                                                  | 494              | 537               | 24,082             | 48,615              |
|------------------------------------------------------------------------------------------------+------------------+-------------------+--------------------+---------------------|
| BuybackReentrantRecipient                                                                      | 1,421            | 1,449             | 23,155             | 47,703              |
|------------------------------------------------------------------------------------------------+------------------+-------------------+--------------------+---------------------|
| Bytes.constellation-via-ir                                                                     | 57               | 85                | 24,519             | 49,067              |
|------------------------------------------------------------------------------------------------+------------------+-------------------+--------------------+---------------------|
| Bytes.default                                                                                  | 85               | 135               | 24,491             | 49,017              |
|------------------------------------------------------------------------------------------------+------------------+-------------------+--------------------+---------------------|
| CalldataDecoder                                                                                | 57               | 85                | 24,519             | 49,067              |
|------------------------------------------------------------------------------------------------+------------------+-------------------+--------------------+---------------------|
| Caller                                                                                         | 477              | 615               | 24,099             | 48,537              |
|------------------------------------------------------------------------------------------------+------------------+-------------------+--------------------+---------------------|
| CapAuctionMock                                                                                 | 967              | 1,105             | 23,609             | 48,047              |
|------------------------------------------------------------------------------------------------+------------------+-------------------+--------------------+---------------------|
| CapControllerMock                                                                              | 337              | 365               | 24,239             | 48,787              |
|------------------------------------------------------------------------------------------------+------------------+-------------------+--------------------+---------------------|
| CapSmartWallet                                                                                 | 364              | 392               | 24,212             | 48,760              |
|------------------------------------------------------------------------------------------------+------------------+-------------------+--------------------+---------------------|
| CharacterAuditFeeReceiver                                                                      | 2,046            | 2,074             | 22,530             | 47,078              |
|------------------------------------------------------------------------------------------------+------------------+-------------------+--------------------+---------------------|
| CharacterAuditForceETH                                                                         | 62               | 86                | 24,514             | 49,066              |
|------------------------------------------------------------------------------------------------+------------------+-------------------+--------------------+---------------------|
| CharacterAuditNftReceiver                                                                      | 3,428            | 3,610             | 21,148             | 45,542              |
|------------------------------------------------------------------------------------------------+------------------+-------------------+--------------------+---------------------|
| CheckpointAccountingLib (src/genesis-auction/vendor/cca/libraries/CheckpointAccountingLib.sol) | 85               | 135               | 24,491             | 49,017              |
|------------------------------------------------------------------------------------------------+------------------+-------------------+--------------------+---------------------|
| CheckpointLib (src/genesis-auction/vendor/cca/libraries/CheckpointLib.sol)                     | 85               | 135               | 24,491             | 49,017              |
|------------------------------------------------------------------------------------------------+------------------+-------------------+--------------------+---------------------|
| Clamp                                                                                          | 62               | 88                | 24,514             | 49,064              |
|------------------------------------------------------------------------------------------------+------------------+-------------------+--------------------+---------------------|
| CollateralEscrow                                                                               | 2,395            | 2,719             | 22,181             | 46,433              |
|------------------------------------------------------------------------------------------------+------------------+-------------------+--------------------+---------------------|
| Comparators                                                                                    | 85               | 135               | 24,491             | 49,017              |
|------------------------------------------------------------------------------------------------+------------------+-------------------+--------------------+---------------------|
| ConstantsLib (src/genesis-auction/vendor/cca/libraries/ConstantsLib.sol)                       | 85               | 135               | 24,491             | 49,017              |
|------------------------------------------------------------------------------------------------+------------------+-------------------+--------------------+---------------------|
| ConstructorCallbackAuthority                                                                   | 841              | 2,026             | 23,735             | 47,126              |
|------------------------------------------------------------------------------------------------+------------------+-------------------+--------------------+---------------------|
| ContinuousClearingAuction                                                                      | 16,293           | 20,616            | 8,283              | 28,536              |
|------------------------------------------------------------------------------------------------+------------------+-------------------+--------------------+---------------------|
| ContinuousClearingAuction.constellation-via-ir                                                 | 16,184           | 20,017            | 8,392              | 29,135              |
|------------------------------------------------------------------------------------------------+------------------+-------------------+--------------------+---------------------|
| CoordinatorAuctionFixture                                                                      | 878              | 1,043             | 23,698             | 48,109              |
|------------------------------------------------------------------------------------------------+------------------+-------------------+--------------------+---------------------|
| CoreAuditBurnDeedReceiver                                                                      | 610              | 748               | 23,966             | 48,404              |
|------------------------------------------------------------------------------------------------+------------------+-------------------+--------------------+---------------------|
| CoreAuditBurnGearReceiver                                                                      | 1,196            | 1,335             | 23,380             | 47,817              |
|------------------------------------------------------------------------------------------------+------------------+-------------------+--------------------+---------------------|
| CoreAuditFalseReturnToken                                                                      | 198              | 224               | 24,378             | 48,928              |
|------------------------------------------------------------------------------------------------+------------------+-------------------+--------------------+---------------------|
| CoreAuditRejectEth                                                                             | 142              | 168               | 24,434             | 48,984              |
|------------------------------------------------------------------------------------------------+------------------+-------------------+--------------------+---------------------|
| CountingObserver                                                                               | 227              | 254               | 24,349             | 48,898              |
|------------------------------------------------------------------------------------------------+------------------+-------------------+--------------------+---------------------|
| CreationHarness                                                                                | 476              | 504               | 24,100             | 48,648              |
|------------------------------------------------------------------------------------------------+------------------+-------------------+--------------------+---------------------|
| CurrencyDelta                                                                                  | 85               | 135               | 24,491             | 49,017              |
|------------------------------------------------------------------------------------------------+------------------+-------------------+--------------------+---------------------|
| CurrencyLibrary (src/genesis-auction/vendor/cca/libraries/CurrencyLibrary.sol)                 | 155              | 205               | 24,421             | 48,947              |
|------------------------------------------------------------------------------------------------+------------------+-------------------+--------------------+---------------------|
| CurrencyLibrary.constellation-via-ir                                                           | 111              | 139               | 24,465             | 49,013              |
|------------------------------------------------------------------------------------------------+------------------+-------------------+--------------------+---------------------|
| CurrencyLibrary.default                                                                        | 155              | 205               | 24,421             | 48,947              |
|------------------------------------------------------------------------------------------------+------------------+-------------------+--------------------+---------------------|
| CurrencyReserves (lib/v4-core/src/libraries/CurrencyReserves.sol)                              | 85               | 135               | 24,491             | 49,017              |
|------------------------------------------------------------------------------------------------+------------------+-------------------+--------------------+---------------------|
| CurrencySettler (lib/v4-core/test/utils/CurrencySettler.sol)                                   | 85               | 135               | 24,491             | 49,017              |
|------------------------------------------------------------------------------------------------+------------------+-------------------+--------------------+---------------------|
| CustomRevert.constellation-via-ir                                                              | 57               | 85                | 24,519             | 49,067              |
|------------------------------------------------------------------------------------------------+------------------+-------------------+--------------------+---------------------|
| CustomRevert.default                                                                           | 85               | 135               | 24,491             | 49,017              |
|------------------------------------------------------------------------------------------------+------------------+-------------------+--------------------+---------------------|
| Deadbeat                                                                                       | 115              | 141               | 24,461             | 49,011              |
|------------------------------------------------------------------------------------------------+------------------+-------------------+--------------------+---------------------|
| DecimalPrinter                                                                                 | 1,506            | 1,558             | 23,070             | 47,594              |
|------------------------------------------------------------------------------------------------+------------------+-------------------+--------------------+---------------------|
| DemandLib (src/genesis-auction/vendor/cca/libraries/DemandLib.sol)                             | 85               | 135               | 24,491             | 49,017              |
|------------------------------------------------------------------------------------------------+------------------+-------------------+--------------------+---------------------|
| Denari                                                                                         | 4,909            | 6,257             | 19,667             | 42,895              |
|------------------------------------------------------------------------------------------------+------------------+-------------------+--------------------+---------------------|
| Deployer                                                                                       | 62               | 88                | 24,514             | 49,064              |
|------------------------------------------------------------------------------------------------+------------------+-------------------+--------------------+---------------------|
| DynastyNFT                                                                                     | 9,599            | 11,553            | 14,977             | 37,599              |
|------------------------------------------------------------------------------------------------+------------------+-------------------+--------------------+---------------------|
| ECDSA.constellation-via-ir                                                                     | 57               | 85                | 24,519             | 49,067              |
|------------------------------------------------------------------------------------------------+------------------+-------------------+--------------------+---------------------|
| ECDSA.default                                                                                  | 85               | 135               | 24,491             | 49,017              |
|------------------------------------------------------------------------------------------------+------------------+-------------------+--------------------+---------------------|
| EIP712_v4                                                                                      | 346              | 682               | 24,230             | 48,470              |
|------------------------------------------------------------------------------------------------+------------------+-------------------+--------------------+---------------------|
| ERC1155Utils                                                                                   | 85               | 135               | 24,491             | 49,017              |
|------------------------------------------------------------------------------------------------+------------------+-------------------+--------------------+---------------------|
| ERC6551Account                                                                                 | 2,444            | 2,472             | 22,132             | 46,680              |
|------------------------------------------------------------------------------------------------+------------------+-------------------+--------------------+---------------------|
| ERC6551Registry                                                                                | 577              | 605               | 23,999             | 48,547              |
|------------------------------------------------------------------------------------------------+------------------+-------------------+--------------------+---------------------|
| ERC721PermitHash                                                                               | 57               | 85                | 24,519             | 49,067              |
|------------------------------------------------------------------------------------------------+------------------+-------------------+--------------------+---------------------|
| ERC721Utils                                                                                    | 85               | 135               | 24,491             | 49,017              |
|------------------------------------------------------------------------------------------------+------------------+-------------------+--------------------+---------------------|
| EntryGasBudgetDataFeeSource                                                                    | 203              | 321               | 24,373             | 48,831              |
|------------------------------------------------------------------------------------------------+------------------+-------------------+--------------------+---------------------|
| EnumerableSet                                                                                  | 85               | 135               | 24,491             | 49,017              |
|------------------------------------------------------------------------------------------------+------------------+-------------------+--------------------+---------------------|
| EvilVault                                                                                      | 4,858            | 5,670             | 19,718             | 43,482              |
|------------------------------------------------------------------------------------------------+------------------+-------------------+--------------------+---------------------|
| ExcessiveAuctionFeeController                                                                  | 297              | 325               | 24,279             | 48,827              |
|------------------------------------------------------------------------------------------------+------------------+-------------------+--------------------+---------------------|
| FactoryGasHarness                                                                              | 6,247            | 8,011             | 18,329             | 41,141              |
|------------------------------------------------------------------------------------------------+------------------+-------------------+--------------------+---------------------|
| FeeQuoteToken                                                                                  | 1,892            | 2,336             | 22,684             | 46,816              |
|------------------------------------------------------------------------------------------------+------------------+-------------------+--------------------+---------------------|
| FeeRevenueRouter                                                                               | 2,247            | 2,818             | 22,329             | 46,334              |
|------------------------------------------------------------------------------------------------+------------------+-------------------+--------------------+---------------------|
| FinalizerGasTarget                                                                             | 156              | 274               | 24,420             | 48,878              |
|------------------------------------------------------------------------------------------------+------------------+-------------------+--------------------+---------------------|
| FixedDataFeeSource                                                                             | 147              | 240               | 24,429             | 48,912              |
|------------------------------------------------------------------------------------------------+------------------+-------------------+--------------------+---------------------|
| FixedPoint128.constellation-via-ir                                                             | 57               | 85                | 24,519             | 49,067              |
|------------------------------------------------------------------------------------------------+------------------+-------------------+--------------------+---------------------|
| FixedPoint128.default                                                                          | 85               | 135               | 24,491             | 49,017              |
|------------------------------------------------------------------------------------------------+------------------+-------------------+--------------------+---------------------|
| FixedPoint96 (lib/v4-core/src/libraries/FixedPoint96.sol)                                      | 85               | 135               | 24,491             | 49,017              |
|------------------------------------------------------------------------------------------------+------------------+-------------------+--------------------+---------------------|
| FixedPoint96 (src/genesis-auction/vendor/cca/libraries/FixedPoint96.sol)                       | 85               | 135               | 24,491             | 49,017              |
|------------------------------------------------------------------------------------------------+------------------+-------------------+--------------------+---------------------|
| FixedPointMathLib (src/genesis-auction/vendor/solady/utils/FixedPointMathLib.sol)              | 85               | 135               | 24,491             | 49,017              |
|------------------------------------------------------------------------------------------------+------------------+-------------------+--------------------+---------------------|
| ForceSendETH                                                                                   | 62               | 77                | 24,514             | 49,075              |
|------------------------------------------------------------------------------------------------+------------------+-------------------+--------------------+---------------------|
| ForkArbSysShim                                                                                 | 115              | 141               | 24,461             | 49,011              |
|------------------------------------------------------------------------------------------------+------------------+-------------------+--------------------+---------------------|
| FullMath.constellation-via-ir                                                                  | 57               | 85                | 24,519             | 49,067              |
|------------------------------------------------------------------------------------------------+------------------+-------------------+--------------------+---------------------|
| FullMath.default                                                                               | 85               | 135               | 24,491             | 49,017              |
|------------------------------------------------------------------------------------------------+------------------+-------------------+--------------------+---------------------|
| FuzzFactory                                                                                    | 655              | 894               | 23,921             | 48,258              |
|------------------------------------------------------------------------------------------------+------------------+-------------------+--------------------+---------------------|
| FuzzPair                                                                                       | 867              | 1,176             | 23,709             | 47,976              |
|------------------------------------------------------------------------------------------------+------------------+-------------------+--------------------+---------------------|
| FuzzUSDC                                                                                       | 1,892            | 2,363             | 22,684             | 46,789              |
|------------------------------------------------------------------------------------------------+------------------+-------------------+--------------------+---------------------|
| FuzzVault                                                                                      | 4,711            | 5,543             | 19,865             | 43,609              |
|------------------------------------------------------------------------------------------------+------------------+-------------------+--------------------+---------------------|
| FuzzWETH                                                                                       | 1,779            | 2,255             | 22,797             | 46,897              |
|------------------------------------------------------------------------------------------------+------------------+-------------------+--------------------+---------------------|
| GameTokenFixtureV2                                                                             | 1,707            | 2,502             | 22,869             | 46,650              |
|------------------------------------------------------------------------------------------------+------------------+-------------------+--------------------+---------------------|
| GearVault                                                                                      | 10,999           | 11,829            | 13,577             | 37,323              |
|------------------------------------------------------------------------------------------------+------------------+-------------------+--------------------+---------------------|
| GenesisCoordinatorToken                                                                        | 1,707            | 2,467             | 22,869             | 46,685              |
|------------------------------------------------------------------------------------------------+------------------+-------------------+--------------------+---------------------|
| GenesisLifecycleController (src/GenesisLifecycleController.sol)                                | 11,146           | 13,643            | 13,430             | 35,509              |
|------------------------------------------------------------------------------------------------+------------------+-------------------+--------------------+---------------------|
| GenesisOracle                                                                                  | 1,020            | 1,424             | 23,556             | 47,728              |
|------------------------------------------------------------------------------------------------+------------------+-------------------+--------------------+---------------------|
| GenesisPlayerSale                                                                              | 7,436            | 8,215             | 17,140             | 40,937              |
|------------------------------------------------------------------------------------------------+------------------+-------------------+--------------------+---------------------|
| GenesisPlayerSale.constellation-via-ir                                                         | 6,809            | 7,513             | 17,767             | 41,639              |
|------------------------------------------------------------------------------------------------+------------------+-------------------+--------------------+---------------------|
| GenesisProceedsSplitter (src/GenesisProceedsSplitter.sol)                                      | 2,712            | 3,180             | 21,864             | 45,972              |
|------------------------------------------------------------------------------------------------+------------------+-------------------+--------------------+---------------------|
| GenesisWalletCap                                                                               | 1,771            | 2,123             | 22,805             | 47,029              |
|------------------------------------------------------------------------------------------------+------------------+-------------------+--------------------+---------------------|
| GreedyObserver                                                                                 | 228              | 255               | 24,348             | 48,897              |
|------------------------------------------------------------------------------------------------+------------------+-------------------+--------------------+---------------------|
| GuardedAuctionToken                                                                            | 1,892            | 2,336             | 22,684             | 46,816              |
|------------------------------------------------------------------------------------------------+------------------+-------------------+--------------------+---------------------|
| Harness                                                                                        | 1,066            | 1,094             | 23,510             | 48,058              |
|------------------------------------------------------------------------------------------------+------------------+-------------------+--------------------+---------------------|
| Hashes (lib/openzeppelin-contracts/contracts/utils/cryptography/Hashes.sol)                    | 85               | 135               | 24,491             | 49,017              |
|------------------------------------------------------------------------------------------------+------------------+-------------------+--------------------+---------------------|
| Hooks.constellation-via-ir                                                                     | 57               | 85                | 24,519             | 49,067              |
|------------------------------------------------------------------------------------------------+------------------+-------------------+--------------------+---------------------|
| Hooks.default                                                                                  | 85               | 135               | 24,491             | 49,017              |
|------------------------------------------------------------------------------------------------+------------------+-------------------+--------------------+---------------------|
| ImmutableState                                                                                 | 169              | 294               | 24,407             | 48,858              |
|------------------------------------------------------------------------------------------------+------------------+-------------------+--------------------+---------------------|
| InvariantStockToken                                                                            | 1,779            | 2,264             | 22,797             | 46,888              |
|------------------------------------------------------------------------------------------------+------------------+-------------------+--------------------+---------------------|
| Junk                                                                                           | 1,779            | 2,658             | 22,797             | 46,494              |
|------------------------------------------------------------------------------------------------+------------------+-------------------+--------------------+---------------------|
| KeeperGasVault                                                                                 | 3,620            | 4,135             | 20,956             | 45,017              |
|------------------------------------------------------------------------------------------------+------------------+-------------------+--------------------+---------------------|
| LPFeeLibrary.constellation-via-ir                                                              | 215              | 244               | 24,361             | 48,908              |
|------------------------------------------------------------------------------------------------+------------------+-------------------+--------------------+---------------------|
| LPFeeLibrary.default                                                                           | 198              | 249               | 24,378             | 48,903              |
|------------------------------------------------------------------------------------------------+------------------+-------------------+--------------------+---------------------|
| LifecycleArbSysFixture                                                                         | 186              | 210               | 24,390             | 48,942              |
|------------------------------------------------------------------------------------------------+------------------+-------------------+--------------------+---------------------|
| LifecycleAuctionFixture                                                                        | 1,916            | 2,164             | 22,660             | 46,988              |
|------------------------------------------------------------------------------------------------+------------------+-------------------+--------------------+---------------------|
| LifecycleFoundationFixture                                                                     | 1,011            | 1,227             | 23,565             | 47,925              |
|------------------------------------------------------------------------------------------------+------------------+-------------------+--------------------+---------------------|
| LifecycleOracleFixture                                                                         | 402              | 428               | 24,174             | 48,724              |
|------------------------------------------------------------------------------------------------+------------------+-------------------+--------------------+---------------------|
| LifecycleStrategyFixture                                                                       | 4,312            | 4,741             | 20,264             | 44,411              |
|------------------------------------------------------------------------------------------------+------------------+-------------------+--------------------+---------------------|
| LiquidityAmounts                                                                               | 57               | 85                | 24,519             | 49,067              |
|------------------------------------------------------------------------------------------------+------------------+-------------------+--------------------+---------------------|
| LiquidityAutomationForceETH                                                                    | 62               | 86                | 24,514             | 49,066              |
|------------------------------------------------------------------------------------------------+------------------+-------------------+--------------------+---------------------|
| LiquidityAutomationMutableRouter                                                               | 1,001            | 1,571             | 23,575             | 47,581              |
|------------------------------------------------------------------------------------------------+------------------+-------------------+--------------------+---------------------|
| LiquidityAutomationReceiver                                                                    | 2,143            | 2,171             | 22,433             | 46,981              |
|------------------------------------------------------------------------------------------------+------------------+-------------------+--------------------+---------------------|
| LiquidityBuybackExecutor (src/LiquidityBuybackExecutor.sol)                                    | 9,076            | 10,953            | 15,500             | 38,199              |
|------------------------------------------------------------------------------------------------+------------------+-------------------+--------------------+---------------------|
| LiquidityMath.constellation-via-ir                                                             | 57               | 85                | 24,519             | 49,067              |
|------------------------------------------------------------------------------------------------+------------------+-------------------+--------------------+---------------------|
| LiquidityMath.default                                                                          | 85               | 135               | 24,491             | 49,017              |
|------------------------------------------------------------------------------------------------+------------------+-------------------+--------------------+---------------------|
| Lock (lib/v4-core/src/libraries/Lock.sol)                                                      | 85               | 135               | 24,491             | 49,017              |
|------------------------------------------------------------------------------------------------+------------------+-------------------+--------------------+---------------------|
| Locker                                                                                         | 57               | 85                | 24,519             | 49,067              |
|------------------------------------------------------------------------------------------------+------------------+-------------------+--------------------+---------------------|
| Logger                                                                                         | 85               | 135               | 24,491             | 49,017              |
|------------------------------------------------------------------------------------------------+------------------+-------------------+--------------------+---------------------|
| LowLevelCall                                                                                   | 85               | 135               | 24,491             | 49,017              |
|------------------------------------------------------------------------------------------------+------------------+-------------------+--------------------+---------------------|
| MalformedDataFeeSource                                                                         | 79               | 105               | 24,497             | 49,047              |
|------------------------------------------------------------------------------------------------+------------------+-------------------+--------------------+---------------------|
| MaliciousSnapshotAuthority                                                                     | 739              | 883               | 23,837             | 48,269              |
|------------------------------------------------------------------------------------------------+------------------+-------------------+--------------------+---------------------|
| MarketGameFixtureV2                                                                            | 1,114            | 1,140             | 23,462             | 48,012              |
|------------------------------------------------------------------------------------------------+------------------+-------------------+--------------------+---------------------|
| Math                                                                                           | 62               | 88                | 24,514             | 49,064              |
|------------------------------------------------------------------------------------------------+------------------+-------------------+--------------------+---------------------|
| Math.constellation-via-ir                                                                      | 57               | 85                | 24,519             | 49,067              |
|------------------------------------------------------------------------------------------------+------------------+-------------------+--------------------+---------------------|
| Math.default                                                                                   | 85               | 135               | 24,491             | 49,017              |
|------------------------------------------------------------------------------------------------+------------------+-------------------+--------------------+---------------------|
| MatrixChild                                                                                    | 956              | 1,218             | 23,620             | 47,934              |
|------------------------------------------------------------------------------------------------+------------------+-------------------+--------------------+---------------------|
| MaxBidPriceLib (src/genesis-auction/vendor/cca/libraries/MaxBidPriceLib.sol)                   | 85               | 135               | 24,491             | 49,017              |
|------------------------------------------------------------------------------------------------+------------------+-------------------+--------------------+---------------------|
| Memory                                                                                         | 85               | 135               | 24,491             | 49,017              |
|------------------------------------------------------------------------------------------------+------------------+-------------------+--------------------+---------------------|
| MerkleProof (lib/openzeppelin-contracts/contracts/utils/cryptography/MerkleProof.sol)          | 85               | 135               | 24,491             | 49,017              |
|------------------------------------------------------------------------------------------------+------------------+-------------------+--------------------+---------------------|
| MessageHashUtils.constellation-via-ir                                                          | 57               | 85                | 24,519             | 49,067              |
|------------------------------------------------------------------------------------------------+------------------+-------------------+--------------------+---------------------|
| MessageHashUtils.default                                                                       | 85               | 135               | 24,491             | 49,017              |
|------------------------------------------------------------------------------------------------+------------------+-------------------+--------------------+---------------------|
| MockERC20                                                                                      | 3,230            | 4,903             | 21,346             | 44,249              |
|------------------------------------------------------------------------------------------------+------------------+-------------------+--------------------+---------------------|
| MockOmrMarketV2                                                                                | 1,707            | 2,497             | 22,869             | 46,655              |
|------------------------------------------------------------------------------------------------+------------------+-------------------+--------------------+---------------------|
| MockOracle                                                                                     | 494              | 582               | 24,082             | 48,570              |
|------------------------------------------------------------------------------------------------+------------------+-------------------+--------------------+---------------------|
| MockPair                                                                                       | 915              | 1,278             | 23,661             | 47,874              |
|------------------------------------------------------------------------------------------------+------------------+-------------------+--------------------+---------------------|
| MockRobinhoodStockToken                                                                        | 1,892            | 2,564             | 22,684             | 46,588              |
|------------------------------------------------------------------------------------------------+------------------+-------------------+--------------------+---------------------|
| MockStock                                                                                      | 1,892            | 2,364             | 22,684             | 46,788              |
|------------------------------------------------------------------------------------------------+------------------+-------------------+--------------------+---------------------|
| MockStockQuoteOracle                                                                           | 452              | 540               | 24,124             | 48,612              |
|------------------------------------------------------------------------------------------------+------------------+-------------------+--------------------+---------------------|
| MockStockSwapAdapter                                                                           | 719              | 804               | 23,857             | 48,348              |
|------------------------------------------------------------------------------------------------+------------------+-------------------+--------------------+---------------------|
| MockStockVaultRecipient                                                                        | 62               | 88                | 24,514             | 49,064              |
|------------------------------------------------------------------------------------------------+------------------+-------------------+--------------------+---------------------|
| MockTwapToken                                                                                  | 1,813            | 2,477             | 22,763             | 46,675              |
|------------------------------------------------------------------------------------------------+------------------+-------------------+--------------------+---------------------|
| MockUSDC                                                                                       | 2,206            | 2,671             | 22,370             | 46,481              |
|------------------------------------------------------------------------------------------------+------------------+-------------------+--------------------+---------------------|
| MockV2Factory                                                                                  | 452              | 480               | 24,124             | 48,672              |
|------------------------------------------------------------------------------------------------+------------------+-------------------+--------------------+---------------------|
| MockV4ObservationSource                                                                        | 996              | 1,122             | 23,580             | 48,030              |
|------------------------------------------------------------------------------------------------+------------------+-------------------+--------------------+---------------------|
| MockV4OracleToken                                                                              | 1,813            | 2,477             | 22,763             | 46,675              |
|------------------------------------------------------------------------------------------------+------------------+-------------------+--------------------+---------------------|
| MockVault                                                                                      | 4,919            | 5,752             | 19,657             | 43,400              |
|------------------------------------------------------------------------------------------------+------------------+-------------------+--------------------+---------------------|
| MutableDecimalsStockToken                                                                      | 1,881            | 2,379             | 22,695             | 46,773              |
|------------------------------------------------------------------------------------------------+------------------+-------------------+--------------------+---------------------|
| MutableMigrationCandidate                                                                      | 1,661            | 1,953             | 22,915             | 47,199              |
|------------------------------------------------------------------------------------------------+------------------+-------------------+--------------------+---------------------|
| NoOpGasObserver                                                                                | 249              | 276               | 24,327             | 48,876              |
|------------------------------------------------------------------------------------------------+------------------+-------------------+--------------------+---------------------|
| NonzeroDeltaCount (lib/v4-core/src/libraries/NonzeroDeltaCount.sol)                            | 85               | 135               | 24,491             | 49,017              |
|------------------------------------------------------------------------------------------------+------------------+-------------------+--------------------+---------------------|
| O1CreateFactory                                                                                | 386              | 414               | 24,190             | 48,738              |
|------------------------------------------------------------------------------------------------+------------------+-------------------+--------------------+---------------------|
| O1ERC1271Mock                                                                                  | 4,648            | 4,676             | 19,928             | 44,476              |
|------------------------------------------------------------------------------------------------+------------------+-------------------+--------------------+---------------------|
| O1RegistryProbe                                                                                | 686              | 771               | 23,890             | 48,381              |
|------------------------------------------------------------------------------------------------+------------------+-------------------+--------------------+---------------------|
| O1SafeActor                                                                                    | 492              | 520               | 24,084             | 48,632              |
|------------------------------------------------------------------------------------------------+------------------+-------------------+--------------------+---------------------|
| O1SignatureGasBoundaryHarness                                                                  | 23,344           | 25,270            | 1,232              | 23,882              |
|------------------------------------------------------------------------------------------------+------------------+-------------------+--------------------+---------------------|
| OMR                                                                                            | 6,838            | 9,022             | 17,738             | 40,130              |
|------------------------------------------------------------------------------------------------+------------------+-------------------+--------------------+---------------------|
| OMR.constellation-via-ir                                                                       | 6,385            | 8,981             | 18,191             | 40,171              |
|------------------------------------------------------------------------------------------------+------------------+-------------------+--------------------+---------------------|
| OMRStaking                                                                                     | 3,791            | 4,306             | 20,785             | 44,846              |
|------------------------------------------------------------------------------------------------+------------------+-------------------+--------------------+---------------------|
| OmertaArbitrageV2                                                                              | 5,341            | 6,183             | 19,235             | 42,969              |
|------------------------------------------------------------------------------------------------+------------------+-------------------+--------------------+---------------------|
| OmertaBond                                                                                     | 10,624           | 12,789            | 13,952             | 36,363              |
|------------------------------------------------------------------------------------------------+------------------+-------------------+--------------------+---------------------|
| OmertaCommitmentVaultV2                                                                        | 12,156           | 13,150            | 12,420             | 36,002              |
|------------------------------------------------------------------------------------------------+------------------+-------------------+--------------------+---------------------|
| OmertaFees                                                                                     | 5,599            | 6,454             | 18,977             | 42,698              |
|------------------------------------------------------------------------------------------------+------------------+-------------------+--------------------+---------------------|
| OmertaGameSettlementV2                                                                         | 6,498            | 6,803             | 18,078             | 42,349              |
|------------------------------------------------------------------------------------------------+------------------+-------------------+--------------------+---------------------|
| OmertaGenesisCoordinatorV2                                                                     | 17,655           | 19,453            | 6,921              | 29,699              |
|------------------------------------------------------------------------------------------------+------------------+-------------------+--------------------+---------------------|
| OmertaGuardedAuction                                                                           | 16,946           | 21,498            | 7,630              | 27,654              |
|------------------------------------------------------------------------------------------------+------------------+-------------------+--------------------+---------------------|
| OmertaGuardedAuction.constellation-via-ir                                                      | 16,873           | 20,954            | 7,703              | 28,198              |
|------------------------------------------------------------------------------------------------+------------------+-------------------+--------------------+---------------------|
| OmertaHook (src/OmertaHook.sol)                                                                | 11,205           | 11,836            | 13,371             | 37,316              |
|------------------------------------------------------------------------------------------------+------------------+-------------------+--------------------+---------------------|
| OmertaHookV2                                                                                   | 11,511           | 13,035            | 13,065             | 36,117              |
|------------------------------------------------------------------------------------------------+------------------+-------------------+--------------------+---------------------|
| OmertaInventoryBondV2                                                                          | 7,949            | 10,077            | 16,627             | 39,075              |
|------------------------------------------------------------------------------------------------+------------------+-------------------+--------------------+---------------------|
| OmertaMarketStateV2                                                                            | 4,895            | 5,422             | 19,681             | 43,730              |
|------------------------------------------------------------------------------------------------+------------------+-------------------+--------------------+---------------------|
| OmertaReserveFundingV2                                                                         | 2,162            | 2,461             | 22,414             | 46,691              |
|------------------------------------------------------------------------------------------------+------------------+-------------------+--------------------+---------------------|
| OmertaStabilityControllerV2                                                                    | 17,686           | 21,559            | 6,890              | 27,593              |
|------------------------------------------------------------------------------------------------+------------------+-------------------+--------------------+---------------------|
| OmertaTurfFeeBridgeV2                                                                          | 6,516            | 7,455             | 18,060             | 41,697              |
|------------------------------------------------------------------------------------------------+------------------+-------------------+--------------------+---------------------|
| OmertaTurfV2                                                                                   | 14,630           | 15,273            | 9,946              | 33,879              |
|------------------------------------------------------------------------------------------------+------------------+-------------------+--------------------+---------------------|
| OmrTwapOracle                                                                                  | 3,163            | 5,629             | 21,413             | 43,523              |
|------------------------------------------------------------------------------------------------+------------------+-------------------+--------------------+---------------------|
| OmrV4TwapOracle                                                                                | 3,840            | 5,689             | 20,736             | 43,463              |
|------------------------------------------------------------------------------------------------+------------------+-------------------+--------------------+---------------------|
| OutOfRangeDecimalsToken                                                                        | 79               | 105               | 24,497             | 49,047              |
|------------------------------------------------------------------------------------------------+------------------+-------------------+--------------------+---------------------|
| Panic.constellation-via-ir                                                                     | 57               | 85                | 24,519             | 49,067              |
|------------------------------------------------------------------------------------------------+------------------+-------------------+--------------------+---------------------|
| Panic.default                                                                                  | 85               | 135               | 24,491             | 49,017              |
|------------------------------------------------------------------------------------------------+------------------+-------------------+--------------------+---------------------|
| ParseBytes.constellation-via-ir                                                                | 57               | 85                | 24,519             | 49,067              |
|------------------------------------------------------------------------------------------------+------------------+-------------------+--------------------+---------------------|
| ParseBytes.default                                                                             | 85               | 135               | 24,491             | 49,017              |
|------------------------------------------------------------------------------------------------+------------------+-------------------+--------------------+---------------------|
| PathKeyLibrary                                                                                 | 57               | 85                | 24,519             | 49,067              |
|------------------------------------------------------------------------------------------------+------------------+-------------------+--------------------+---------------------|
| Permit2Forwarder                                                                               | 1,383            | 1,523             | 23,193             | 47,629              |
|------------------------------------------------------------------------------------------------+------------------+-------------------+--------------------+---------------------|
| PlayerIntegrationMock                                                                          | 685              | 729               | 23,891             | 48,423              |
|------------------------------------------------------------------------------------------------+------------------+-------------------+--------------------+---------------------|
| PlayerRefundReentrant                                                                          | 152              | 178               | 24,424             | 48,974              |
|------------------------------------------------------------------------------------------------+------------------+-------------------+--------------------+---------------------|
| PlayerTokenMock                                                                                | 1,892            | 2,336             | 22,684             | 46,816              |
|------------------------------------------------------------------------------------------------+------------------+-------------------+--------------------+---------------------|
| PolEmergencySafe                                                                               | 1,013            | 1,039             | 23,563             | 48,113              |
|------------------------------------------------------------------------------------------------+------------------+-------------------+--------------------+---------------------|
| PolFeeCallback                                                                                 | 890              | 916               | 23,686             | 48,236              |
|------------------------------------------------------------------------------------------------+------------------+-------------------+--------------------+---------------------|
| PolGenesisFixture                                                                              | 600              | 792               | 23,976             | 48,360              |
|------------------------------------------------------------------------------------------------+------------------+-------------------+--------------------+---------------------|
| PolInventoryFixture                                                                            | 1,001            | 1,218             | 23,575             | 47,934              |
|------------------------------------------------------------------------------------------------+------------------+-------------------+--------------------+---------------------|
| PolOracleFixture                                                                               | 432              | 458               | 24,144             | 48,694              |
|------------------------------------------------------------------------------------------------+------------------+-------------------+--------------------+---------------------|
| PolRejectNative                                                                                | 134              | 158               | 24,442             | 48,994              |
|------------------------------------------------------------------------------------------------+------------------+-------------------+--------------------+---------------------|
| Pool                                                                                           | 85               | 135               | 24,491             | 49,017              |
|------------------------------------------------------------------------------------------------+------------------+-------------------+--------------------+---------------------|
| PoolIdLibrary.constellation-via-ir                                                             | 57               | 85                | 24,519             | 49,067              |
|------------------------------------------------------------------------------------------------+------------------+-------------------+--------------------+---------------------|
| PoolIdLibrary.default                                                                          | 85               | 135               | 24,491             | 49,017              |
|------------------------------------------------------------------------------------------------+------------------+-------------------+--------------------+---------------------|
| PoolManager                                                                                    | 20,670           | 20,864            | 3,906              | 28,288              |
|------------------------------------------------------------------------------------------------+------------------+-------------------+--------------------+---------------------|
| PoolModifyLiquidityTest (lib/v4-core/src/test/PoolModifyLiquidityTest.sol)                     | 5,794            | 5,995             | 18,782             | 43,157              |
|------------------------------------------------------------------------------------------------+------------------+-------------------+--------------------+---------------------|
| PoolSwapTest (lib/v4-core/src/test/PoolSwapTest.sol)                                           | 6,246            | 6,433             | 18,330             | 42,719              |
|------------------------------------------------------------------------------------------------+------------------+-------------------+--------------------+---------------------|
| Position.constellation-via-ir                                                                  | 57               | 85                | 24,519             | 49,067              |
|------------------------------------------------------------------------------------------------+------------------+-------------------+--------------------+---------------------|
| Position.default                                                                               | 85               | 135               | 24,491             | 49,017              |
|------------------------------------------------------------------------------------------------+------------------+-------------------+--------------------+---------------------|
| PositionInfoLibrary                                                                            | 57               | 85                | 24,519             | 49,067              |
|------------------------------------------------------------------------------------------------+------------------+-------------------+--------------------+---------------------|
| PositionManager                                                                                | 19,841           | 21,215            | 4,735              | 27,937              |
|------------------------------------------------------------------------------------------------+------------------+-------------------+--------------------+---------------------|
| PreVoteBudgetBook                                                                              | 3,582            | 4,320             | 20,994             | 44,832              |
|------------------------------------------------------------------------------------------------+------------------+-------------------+--------------------+---------------------|
| PriceLib (src/genesis-auction/vendor/cca/libraries/PriceLib.sol)                               | 85               | 135               | 24,491             | 49,017              |
|------------------------------------------------------------------------------------------------+------------------+-------------------+--------------------+---------------------|
| PropertiesAsserts                                                                              | 62               | 88                | 24,514             | 49,064              |
|------------------------------------------------------------------------------------------------+------------------+-------------------+--------------------+---------------------|
| ProtocolFeeLib (src/genesis-auction/vendor/launcher/src/libraries/ProtocolFeeLib.sol)          | 85               | 135               | 24,491             | 49,017              |
|------------------------------------------------------------------------------------------------+------------------+-------------------+--------------------+---------------------|
| ProtocolFeeLibrary                                                                             | 139              | 189               | 24,437             | 48,963              |
|------------------------------------------------------------------------------------------------+------------------+-------------------+--------------------+---------------------|
| ProtocolLiquidityVault                                                                         | 23,220           | 26,573            | 1,356              | 22,579              |
|------------------------------------------------------------------------------------------------+------------------+-------------------+--------------------+---------------------|
| ReenterOnPol                                                                                   | 424              | 452               | 24,152             | 48,700              |
|------------------------------------------------------------------------------------------------+------------------+-------------------+--------------------+---------------------|
| ReentrancyLock                                                                                 | 57               | 81                | 24,519             | 49,071              |
|------------------------------------------------------------------------------------------------+------------------+-------------------+--------------------+---------------------|
| ReentrantDataFeeSource                                                                         | 966              | 1,062             | 23,610             | 48,090              |
|------------------------------------------------------------------------------------------------+------------------+-------------------+--------------------+---------------------|
| ReentrantDev                                                                                   | 370              | 398               | 24,206             | 48,754              |
|------------------------------------------------------------------------------------------------+------------------+-------------------+--------------------+---------------------|
| ReentrantExecutor                                                                              | 901              | 1,033             | 23,675             | 48,119              |
|------------------------------------------------------------------------------------------------+------------------+-------------------+--------------------+---------------------|
| RefusingRecipientV2                                                                            | 134              | 158               | 24,442             | 48,994              |
|------------------------------------------------------------------------------------------------+------------------+-------------------+--------------------+---------------------|
| RegistryBehaviorMock                                                                           | 170              | 280               | 24,406             | 48,872              |
|------------------------------------------------------------------------------------------------+------------------+-------------------+--------------------+---------------------|
| RegistryCallbackMock                                                                           | 377              | 528               | 24,199             | 48,624              |
|------------------------------------------------------------------------------------------------+------------------+-------------------+--------------------+---------------------|
| RegistryStockToken                                                                             | 1,779            | 2,451             | 22,797             | 46,701              |
|------------------------------------------------------------------------------------------------+------------------+-------------------+--------------------+---------------------|
| RejectETH                                                                                      | 142              | 168               | 24,434             | 48,984              |
|------------------------------------------------------------------------------------------------+------------------+-------------------+--------------------+---------------------|
| RejectETH2                                                                                     | 142              | 168               | 24,434             | 48,984              |
|------------------------------------------------------------------------------------------------+------------------+-------------------+--------------------+---------------------|
| RejectingExecutor                                                                              | 861              | 1,012             | 23,715             | 48,140              |
|------------------------------------------------------------------------------------------------+------------------+-------------------+--------------------+---------------------|
| RevertingDataFeeSource                                                                         | 198              | 224               | 24,378             | 48,928              |
|------------------------------------------------------------------------------------------------+------------------+-------------------+--------------------+---------------------|
| RevertingDecimalsToken                                                                         | 202              | 228               | 24,374             | 48,924              |
|------------------------------------------------------------------------------------------------+------------------+-------------------+--------------------+---------------------|
| RevertingObserver                                                                              | 194              | 220               | 24,382             | 48,932              |
|------------------------------------------------------------------------------------------------+------------------+-------------------+--------------------+---------------------|
| RwaHealthOverlay                                                                               | 3,825            | 4,205             | 20,751             | 44,947              |
|------------------------------------------------------------------------------------------------+------------------+-------------------+--------------------+---------------------|
| RwaHealthOverlayRegistryMock                                                                   | 3,655            | 3,686             | 20,921             | 45,466              |
|------------------------------------------------------------------------------------------------+------------------+-------------------+--------------------+---------------------|
| RwaHealthOverlaySafe                                                                           | 1,120            | 1,146             | 23,456             | 48,006              |
|------------------------------------------------------------------------------------------------+------------------+-------------------+--------------------+---------------------|
| RwaHealthOverlayStockToken                                                                     | 1,553            | 2,364             | 23,023             | 46,788              |
|------------------------------------------------------------------------------------------------+------------------+-------------------+--------------------+---------------------|
| RwaHealthOverlayVectorRegistry                                                                 | 117              | 141               | 24,459             | 49,011              |
|------------------------------------------------------------------------------------------------+------------------+-------------------+--------------------+---------------------|
| RwaStockBuyer                                                                                  | 6,021            | 7,120             | 18,555             | 42,032              |
|------------------------------------------------------------------------------------------------+------------------+-------------------+--------------------+---------------------|
| SSTORE2 (src/genesis-auction/vendor/solady/utils/SSTORE2.sol)                                  | 85               | 135               | 24,491             | 49,017              |
|------------------------------------------------------------------------------------------------+------------------+-------------------+--------------------+---------------------|
| SafeCast.constellation-via-ir (lib/openzeppelin-contracts/contracts/utils/math/SafeCast.sol)   | 57               | 85                | 24,519             | 49,067              |
|------------------------------------------------------------------------------------------------+------------------+-------------------+--------------------+---------------------|
| SafeCast.constellation-via-ir (lib/v4-core/src/libraries/SafeCast.sol)                         | 57               | 85                | 24,519             | 49,067              |
|------------------------------------------------------------------------------------------------+------------------+-------------------+--------------------+---------------------|
| SafeCast.default (lib/openzeppelin-contracts/contracts/utils/math/SafeCast.sol)                | 85               | 135               | 24,491             | 49,017              |
|------------------------------------------------------------------------------------------------+------------------+-------------------+--------------------+---------------------|
| SafeCast.default (lib/v4-core/src/libraries/SafeCast.sol)                                      | 85               | 135               | 24,491             | 49,017              |
|------------------------------------------------------------------------------------------------+------------------+-------------------+--------------------+---------------------|
| SafeERC20.constellation-via-ir                                                                 | 57               | 85                | 24,519             | 49,067              |
|------------------------------------------------------------------------------------------------+------------------+-------------------+--------------------+---------------------|
| SafeERC20.default                                                                              | 85               | 135               | 24,491             | 49,017              |
|------------------------------------------------------------------------------------------------+------------------+-------------------+--------------------+---------------------|
| SafeTransferLib (src/genesis-auction/vendor/solady/utils/SafeTransferLib.sol)                  | 85               | 135               | 24,491             | 49,017              |
|------------------------------------------------------------------------------------------------+------------------+-------------------+--------------------+---------------------|
| SettlementGasPool (src/SettlementGasPool.sol)                                                  | 14,458           | 15,574            | 10,118             | 33,578              |
|------------------------------------------------------------------------------------------------+------------------+-------------------+--------------------+---------------------|
| ShortDecimalsToken                                                                             | 79               | 105               | 24,497             | 49,047              |
|------------------------------------------------------------------------------------------------+------------------+-------------------+--------------------+---------------------|
| ShortStrings.constellation-via-ir                                                              | 57               | 85                | 24,519             | 49,067              |
|------------------------------------------------------------------------------------------------+------------------+-------------------+--------------------+---------------------|
| ShortStrings.default                                                                           | 85               | 135               | 24,491             | 49,017              |
|------------------------------------------------------------------------------------------------+------------------+-------------------+--------------------+---------------------|
| SignatureChecker                                                                               | 85               | 135               | 24,491             | 49,017              |
|------------------------------------------------------------------------------------------------+------------------+-------------------+--------------------+---------------------|
| SignatureVerification                                                                          | 57               | 85                | 24,519             | 49,067              |
|------------------------------------------------------------------------------------------------+------------------+-------------------+--------------------+---------------------|
| SignedMath.constellation-via-ir                                                                | 57               | 85                | 24,519             | 49,067              |
|------------------------------------------------------------------------------------------------+------------------+-------------------+--------------------+---------------------|
| SignedMath.default                                                                             | 85               | 135               | 24,491             | 49,017              |
|------------------------------------------------------------------------------------------------+------------------+-------------------+--------------------+---------------------|
| SlippageCheck                                                                                  | 57               | 85                | 24,519             | 49,067              |
|------------------------------------------------------------------------------------------------+------------------+-------------------+--------------------+---------------------|
| Slot0Library                                                                                   | 85               | 135               | 24,491             | 49,017              |
|------------------------------------------------------------------------------------------------+------------------+-------------------+--------------------+---------------------|
| SlotDerivation                                                                                 | 85               | 135               | 24,491             | 49,017              |
|------------------------------------------------------------------------------------------------+------------------+-------------------+--------------------+---------------------|
| SnapshotAuthorityDeployer                                                                      | 19,243           | 19,269            | 5,333              | 29,883              |
|------------------------------------------------------------------------------------------------+------------------+-------------------+--------------------+---------------------|
| SnapshotForceEther                                                                             | 57               | 97                | 24,519             | 49,055              |
|------------------------------------------------------------------------------------------------+------------------+-------------------+--------------------+---------------------|
| SqrtPriceMath (lib/v4-core/src/libraries/SqrtPriceMath.sol)                                    | 85               | 135               | 24,491             | 49,017              |
|------------------------------------------------------------------------------------------------+------------------+-------------------+--------------------+---------------------|
| StabilityObservationFixture                                                                    | 1,114            | 1,140             | 23,462             | 48,012              |
|------------------------------------------------------------------------------------------------+------------------+-------------------+--------------------+---------------------|
| StabilityRejectRecipient                                                                       | 134              | 158               | 24,442             | 48,994              |
|------------------------------------------------------------------------------------------------+------------------+-------------------+--------------------+---------------------|
| StateLibrary.constellation-via-ir                                                              | 269              | 299               | 24,307             | 48,853              |
|------------------------------------------------------------------------------------------------+------------------+-------------------+--------------------+---------------------|
| StateLibrary.default                                                                           | 225              | 276               | 24,351             | 48,876              |
|------------------------------------------------------------------------------------------------+------------------+-------------------+--------------------+---------------------|
| StaticContextDataFeeSource                                                                     | 397              | 546               | 24,179             | 48,606              |
|------------------------------------------------------------------------------------------------+------------------+-------------------+--------------------+---------------------|
| StaticContextMutationProbe                                                                     | 155              | 181               | 24,421             | 48,971              |
|------------------------------------------------------------------------------------------------+------------------+-------------------+--------------------+---------------------|
| StepLib (src/genesis-auction/vendor/cca/libraries/StepLib.sol)                                 | 133              | 183               | 24,443             | 48,969              |
|------------------------------------------------------------------------------------------------+------------------+-------------------+--------------------+---------------------|
| StepStorage (src/genesis-auction/vendor/cca/StepStorage.sol)                                   | 343              | 2,328             | 24,233             | 46,824              |
|------------------------------------------------------------------------------------------------+------------------+-------------------+--------------------+---------------------|
| StockTokenRegistry                                                                             | 5,045            | 5,420             | 19,531             | 43,732              |
|------------------------------------------------------------------------------------------------+------------------+-------------------+--------------------+---------------------|
| StockTokenRegistryV2 (src/StockTokenRegistryV2.sol)                                            | 8,535            | 8,910             | 16,041             | 40,242              |
|------------------------------------------------------------------------------------------------+------------------+-------------------+--------------------+---------------------|
| StockVault                                                                                     | 7,294            | 8,617             | 17,282             | 40,535              |
|------------------------------------------------------------------------------------------------+------------------+-------------------+--------------------+---------------------|
| StorageSlot.constellation-via-ir                                                               | 57               | 85                | 24,519             | 49,067              |
|------------------------------------------------------------------------------------------------+------------------+-------------------+--------------------+---------------------|
| StorageSlot.default                                                                            | 85               | 135               | 24,491             | 49,017              |
|------------------------------------------------------------------------------------------------+------------------+-------------------+--------------------+---------------------|
| StreetDeed                                                                                     | 12,887           | 14,600            | 11,689             | 34,552              |
|------------------------------------------------------------------------------------------------+------------------+-------------------+--------------------+---------------------|
| StringUtils                                                                                    | 62               | 88                | 24,514             | 49,064              |
|------------------------------------------------------------------------------------------------+------------------+-------------------+--------------------+---------------------|
| Strings.constellation-via-ir                                                                   | 57               | 85                | 24,519             | 49,067              |
|------------------------------------------------------------------------------------------------+------------------+-------------------+--------------------+---------------------|
| Strings.default                                                                                | 85               | 135               | 24,491             | 49,017              |
|------------------------------------------------------------------------------------------------+------------------+-------------------+--------------------+---------------------|
| SwapMath                                                                                       | 85               | 135               | 24,491             | 49,017              |
|------------------------------------------------------------------------------------------------+------------------+-------------------+--------------------+---------------------|
| Task1ForceEther                                                                                | 57               | 97                | 24,519             | 49,055              |
|------------------------------------------------------------------------------------------------+------------------+-------------------+--------------------+---------------------|
| Task1Registry                                                                                  | 147              | 257               | 24,429             | 48,895              |
|------------------------------------------------------------------------------------------------+------------------+-------------------+--------------------+---------------------|
| Task1RuntimeProbe                                                                              | 291              | 317               | 24,285             | 48,835              |
|------------------------------------------------------------------------------------------------+------------------+-------------------+--------------------+---------------------|
| Task1Safe                                                                                      | 57               | 81                | 24,519             | 49,071              |
|------------------------------------------------------------------------------------------------+------------------+-------------------+--------------------+---------------------|
| Task2AuthorityDeployer                                                                         | 19,417           | 19,443            | 5,159              | 29,709              |
|------------------------------------------------------------------------------------------------+------------------+-------------------+--------------------+---------------------|
| Task2ERC1271Fixture                                                                            | 2,250            | 2,276             | 22,326             | 46,876              |
|------------------------------------------------------------------------------------------------+------------------+-------------------+--------------------+---------------------|
| Task2ForceEther                                                                                | 57               | 97                | 24,519             | 49,055              |
|------------------------------------------------------------------------------------------------+------------------+-------------------+--------------------+---------------------|
| Task2Ingress                                                                                   | 57               | 81                | 24,519             | 49,071              |
|------------------------------------------------------------------------------------------------+------------------+-------------------+--------------------+---------------------|
| Task2SafeCandidate                                                                             | 57               | 81                | 24,519             | 49,071              |
|------------------------------------------------------------------------------------------------+------------------+-------------------+--------------------+---------------------|
| Task2SafeProxy                                                                                 | 117              | 242               | 24,459             | 48,910              |
|------------------------------------------------------------------------------------------------+------------------+-------------------+--------------------+---------------------|
| Task3ACapMock                                                                                  | 382              | 408               | 24,194             | 48,744              |
|------------------------------------------------------------------------------------------------+------------------+-------------------+--------------------+---------------------|
| Task3AForceEther                                                                               | 57               | 97                | 24,519             | 49,055              |
|------------------------------------------------------------------------------------------------+------------------+-------------------+--------------------+---------------------|
| Task3AIngress                                                                                  | 57               | 81                | 24,519             | 49,071              |
|------------------------------------------------------------------------------------------------+------------------+-------------------+--------------------+---------------------|
| Task3AMaliciousAuthoritySnapshot                                                               | 739              | 1,255             | 23,837             | 47,897              |
|------------------------------------------------------------------------------------------------+------------------+-------------------+--------------------+---------------------|
| Task3AMaliciousCoreSnapshot                                                                    | 910              | 1,195             | 23,666             | 47,957              |
|------------------------------------------------------------------------------------------------+------------------+-------------------+--------------------+---------------------|
| Task3APrefundERC20                                                                             | 541              | 567               | 24,035             | 48,585              |
|------------------------------------------------------------------------------------------------+------------------+-------------------+--------------------+---------------------|
| Task3ARawCreateDispatcher                                                                      | 291              | 317               | 24,285             | 48,835              |
|------------------------------------------------------------------------------------------------+------------------+-------------------+--------------------+---------------------|
| Task3ARegistry                                                                                 | 296              | 398               | 24,280             | 48,754              |
|------------------------------------------------------------------------------------------------+------------------+-------------------+--------------------+---------------------|
| Task3ASafe                                                                                     | 57               | 81                | 24,519             | 49,071              |
|------------------------------------------------------------------------------------------------+------------------+-------------------+--------------------+---------------------|
| Task3AShell                                                                                    | 381              | 525               | 24,195             | 48,627              |
|------------------------------------------------------------------------------------------------+------------------+-------------------+--------------------+---------------------|
| Task3AVanishingPeer                                                                            | 57               | 11                | 24,519             | 49,141              |
|------------------------------------------------------------------------------------------------+------------------+-------------------+--------------------+---------------------|
| Task3BAuthorityOracle                                                                          | 2,698            | 2,724             | 21,878             | 46,428              |
|------------------------------------------------------------------------------------------------+------------------+-------------------+--------------------+---------------------|
| Task3BCodeStub                                                                                 | 57               | 81                | 24,519             | 49,071              |
|------------------------------------------------------------------------------------------------+------------------+-------------------+--------------------+---------------------|
| Task3BFactoryHarness                                                                           | 570              | 596               | 24,006             | 48,556              |
|------------------------------------------------------------------------------------------------+------------------+-------------------+--------------------+---------------------|
| Task3BIngress                                                                                  | 347              | 373               | 24,229             | 48,779              |
|------------------------------------------------------------------------------------------------+------------------+-------------------+--------------------+---------------------|
| Task3BIngressV2                                                                                | 347              | 373               | 24,229             | 48,779              |
|------------------------------------------------------------------------------------------------+------------------+-------------------+--------------------+---------------------|
| Task3BRawCreateDispatcher                                                                      | 291              | 317               | 24,285             | 48,835              |
|------------------------------------------------------------------------------------------------+------------------+-------------------+--------------------+---------------------|
| Task3BTestToken                                                                                | 938              | 969               | 23,638             | 48,183              |
|------------------------------------------------------------------------------------------------+------------------+-------------------+--------------------+---------------------|
| Task4AuthorityOracle                                                                           | 509              | 535               | 24,067             | 48,617              |
|------------------------------------------------------------------------------------------------+------------------+-------------------+--------------------+---------------------|
| Task4CodeStub                                                                                  | 57               | 81                | 24,519             | 49,071              |
|------------------------------------------------------------------------------------------------+------------------+-------------------+--------------------+---------------------|
| Task4CoreOracle                                                                                | 509              | 535               | 24,067             | 48,617              |
|------------------------------------------------------------------------------------------------+------------------+-------------------+--------------------+---------------------|
| Task4FactoryHarness                                                                            | 628              | 1,861             | 23,948             | 47,291              |
|------------------------------------------------------------------------------------------------+------------------+-------------------+--------------------+---------------------|
| Task4ForceEther                                                                                | 57               | 97                | 24,519             | 49,055              |
|------------------------------------------------------------------------------------------------+------------------+-------------------+--------------------+---------------------|
| Task4InvariantHandler                                                                          | 1,763            | 1,953             | 22,813             | 47,199              |
|------------------------------------------------------------------------------------------------+------------------+-------------------+--------------------+---------------------|
| Task4RawCreateDispatcher                                                                       | 291              | 317               | 24,285             | 48,835              |
|------------------------------------------------------------------------------------------------+------------------+-------------------+--------------------+---------------------|
| Task4RegistrySentinel                                                                          | 133              | 157               | 24,443             | 48,995              |
|------------------------------------------------------------------------------------------------+------------------+-------------------+--------------------+---------------------|
| Task4Safe                                                                                      | 57               | 81                | 24,519             | 49,071              |
|------------------------------------------------------------------------------------------------+------------------+-------------------+--------------------+---------------------|
| Task4TestToken                                                                                 | 370              | 396               | 24,206             | 48,756              |
|------------------------------------------------------------------------------------------------+------------------+-------------------+--------------------+---------------------|
| Task5CodeStub                                                                                  | 57               | 81                | 24,519             | 49,071              |
|------------------------------------------------------------------------------------------------+------------------+-------------------+--------------------+---------------------|
| Task5NonceFactory                                                                              | 2,616            | 2,642             | 21,960             | 46,510              |
|------------------------------------------------------------------------------------------------+------------------+-------------------+--------------------+---------------------|
| TestBankAsset                                                                                  | 1,779            | 2,919             | 22,797             | 46,233              |
|------------------------------------------------------------------------------------------------+------------------+-------------------+--------------------+---------------------|
| TestBankVault                                                                                  | 4,550            | 5,474             | 20,026             | 43,678              |
|------------------------------------------------------------------------------------------------+------------------+-------------------+--------------------+---------------------|
| TestFixedOmrV2Pair                                                                             | 448              | 1,108             | 24,128             | 48,044              |
|------------------------------------------------------------------------------------------------+------------------+-------------------+--------------------+---------------------|
| TestFixedV2Factory                                                                             | 655              | 1,108             | 23,921             | 48,044              |
|------------------------------------------------------------------------------------------------+------------------+-------------------+--------------------+---------------------|
| TestTwapWeth                                                                                   | 1,779            | 2,921             | 22,797             | 46,231              |
|------------------------------------------------------------------------------------------------+------------------+-------------------+--------------------+---------------------|
| TestnetMockOmr                                                                                 | 1,779            | 2,244             | 22,797             | 46,908              |
|------------------------------------------------------------------------------------------------+------------------+-------------------+--------------------+---------------------|
| TickBitmap                                                                                     | 85               | 135               | 24,491             | 49,017              |
|------------------------------------------------------------------------------------------------+------------------+-------------------+--------------------+---------------------|
| TickMath.constellation-via-ir                                                                  | 57               | 85                | 24,519             | 49,067              |
|------------------------------------------------------------------------------------------------+------------------+-------------------+--------------------+---------------------|
| TickMath.default                                                                               | 85               | 135               | 24,491             | 49,017              |
|------------------------------------------------------------------------------------------------+------------------+-------------------+--------------------+---------------------|
| TransientStateLibrary (lib/v4-core/src/libraries/TransientStateLibrary.sol)                    | 85               | 135               | 24,491             | 49,017              |
|------------------------------------------------------------------------------------------------+------------------+-------------------+--------------------+---------------------|
| Transmuter                                                                                     | 4,108            | 5,136             | 20,468             | 44,016              |
|------------------------------------------------------------------------------------------------+------------------+-------------------+--------------------+---------------------|
| TurfFeeFixtureV2                                                                               | 508              | 814               | 24,068             | 48,338              |
|------------------------------------------------------------------------------------------------+------------------+-------------------+--------------------+---------------------|
| TurfRejectRecipientV2                                                                          | 134              | 158               | 24,442             | 48,994              |
|------------------------------------------------------------------------------------------------+------------------+-------------------+--------------------+---------------------|
| TwapCreationHarness                                                                            | 487              | 515               | 24,089             | 48,637              |
|------------------------------------------------------------------------------------------------+------------------+-------------------+--------------------+---------------------|
| UnorderedNonce                                                                                 | 256              | 282               | 24,320             | 48,870              |
|------------------------------------------------------------------------------------------------+------------------+-------------------+--------------------+---------------------|
| UnsafeMath (lib/v4-core/src/libraries/UnsafeMath.sol)                                          | 85               | 135               | 24,491             | 49,017              |
|------------------------------------------------------------------------------------------------+------------------+-------------------+--------------------+---------------------|
| UnsettledTakeObserver                                                                          | 403              | 534               | 24,173             | 48,618              |
|------------------------------------------------------------------------------------------------+------------------+-------------------+--------------------+---------------------|
| UnsupportedV4ObservationSource                                                                 | 285              | 410               | 24,291             | 48,742              |
|------------------------------------------------------------------------------------------------+------------------+-------------------+--------------------+---------------------|
| ValidationHookLib (src/genesis-auction/vendor/cca/libraries/ValidationHookLib.sol)             | 85               | 135               | 24,491             | 49,017              |
|------------------------------------------------------------------------------------------------+------------------+-------------------+--------------------+---------------------|
| VoucherClaim                                                                                   | 6,369            | 7,770             | 18,207             | 41,382              |
╰------------------------------------------------------------------------------------------------+------------------+-------------------+--------------------+---------------------╯

warning[block-timestamp]: usage of `block.timestamp` in a comparison may be manipulated by validators
    ╭▸ src\AcquisitionAuthority.sol:481:13
    │
481 │         if (block.timestamp < p.expiresAt) revert ProposalNotReady(p.expiresAt);
    │             ━━━━━━━━━━━━━━━━━━━━━━━━━━━━━
    │
    ╰ help: https://book.getfoundry.sh/reference/forge/forge-lint#block-timestamp

warning[block-timestamp]: usage of `block.timestamp` in a comparison may be manipulated by validators
    ╭▸ src\AcquisitionAuthority.sol:497:13
    │
497 │         if (block.timestamp < p.validAfter) revert ProposalNotReady(p.validAfter);
    │             ━━━━━━━━━━━━━━━━━━━━━━━━━━━━━━
    │
    ╰ help: https://book.getfoundry.sh/reference/forge/forge-lint#block-timestamp

warning[block-timestamp]: usage of `block.timestamp` in a comparison may be manipulated by validators
    ╭▸ src\AcquisitionAuthority.sol:498:13
    │
498 │         if (block.timestamp >= p.expiresAt) revert ProposalExpired(p.expiresAt);
    │             ━━━━━━━━━━━━━━━━━━━━━━━━━━━━━━
    │
    ╰ help: https://book.getfoundry.sh/reference/forge/forge-lint#block-timestamp

warning[block-timestamp]: usage of `block.timestamp` in a comparison may be manipulated by validators
    ╭▸ src\AcquisitionAuthority.sol:705:13
    │
705 │         if (block.timestamp < pending.expiresAt) revert ProposalNotReady(pending.expiresAt);
    │             ━━━━━━━━━━━━━━━━━━━━━━━━━━━━━━━━━━━
    │
    ╰ help: https://book.getfoundry.sh/reference/forge/forge-lint#block-timestamp

warning[block-timestamp]: usage of `block.timestamp` in a comparison may be manipulated by validators
    ╭▸ src\AcquisitionAuthority.sol:809:13
    │
809 │         if (block.timestamp > type(uint64).max - OPERATOR_NOMINATION_DELAY - OPERATOR_ACCEPTANCE_WINDOW) {
    │             ━━━━━━━━━━━━━━━━━━━━━━━━━━━━━━━━━━━━━━━━━━━━━━━━━━━━━━━━━━━━━━━━━━━━━━━━━━━━━━━━━━━━━━━━━━━
    │
    ╰ help: https://book.getfoundry.sh/reference/forge/forge-lint#block-timestamp

warning[block-timestamp]: usage of `block.timestamp` in a comparison may be manipulated by validators
    ╭▸ src\AcquisitionAuthority.sol:815:13
    │
815 │         if (block.timestamp > type(uint64).max) revert TimestampOverflow();
    │             ━━━━━━━━━━━━━━━━━━━━━━━━━━━━━━━━━━
    │
    ╰ help: https://book.getfoundry.sh/reference/forge/forge-lint#block-timestamp

warning[block-timestamp]: usage of `block.timestamp` in a comparison may be manipulated by validators
     ╭▸ src\AcquisitionAuthority.sol:1082:13
     │
1082 │         if (block.timestamp < issuedAt) revert AuthorizationNotYetValid();
     │             ━━━━━━━━━━━━━━━━━━━━━━━━━━
     │
     ╰ help: https://book.getfoundry.sh/reference/forge/forge-lint#block-timestamp

warning[block-timestamp]: usage of `block.timestamp` in a comparison may be manipulated by validators
     ╭▸ src\AcquisitionAuthority.sol:1083:13
     │
1083 │         if (block.timestamp > deadline) revert AuthorizationExpired();
     │             ━━━━━━━━━━━━━━━━━━━━━━━━━━
     │
     ╰ help: https://book.getfoundry.sh/reference/forge/forge-lint#block-timestamp

warning[unsafe-typecast]: typecasts that can truncate values should be checked
     ╭▸ src\AcquisitionAuthority.sol:1134:34
     │
1134 │         if (!ok || size != 32 || bytes4(result) != _ERC1271_MAGIC) revert InvalidSignature();
     │                                  ━━━━━━━━━━━━━━
     │
     ├ note: consider disabling this lint if you're certain the cast is safe
     │       
     │       // casting to 'bytes4' is safe because [explain why]
     │       // forge-lint: disable-next-line(unsafe-typecast)
     │       
     │       
     ╰ help: https://book.getfoundry.sh/reference/forge/forge-lint#unsafe-typecast

warning[erc20-unchecked-transfer]: ERC20 'transfer' and 'transferFrom' calls should check the return value
    ╭▸ test\audit\AlchemistRedTeam.t.sol:177:9
    │
177 │         usdc.transfer(address(vault), 100_000 * M);
    │         ━━━━━━━━━━━━━━━━━━━━━━━━━━━━━━━━━━━━━━━━━━
    │
    ╰ help: https://book.getfoundry.sh/reference/forge/forge-lint#erc20-unchecked-transfer

warning[unsafe-typecast]: typecasts that can truncate values should be checked
    ╭▸ src\AcquisitionConstellationFactory.sol:330:41
    │
330 │         if (word >> 160 != 0 || address(uint160(word)) != expected) {
    │                                         ━━━━━━━━━━━━━
    │
    ├ note: consider disabling this lint if you're certain the cast is safe
    │       
    │       // casting to 'uint160' is safe because [explain why]
    │       // forge-lint: disable-next-line(unsafe-typecast)
    │       
    │       
    ╰ help: https://book.getfoundry.sh/reference/forge/forge-lint#unsafe-typecast

warning[unsafe-typecast]: typecasts that can truncate values should be checked
    ╭▸ src\AcquisitionConstellationFactory.sol:344:41
    │
344 │         if (word >> 160 != 0 || address(uint160(word)) != expected) {
    │                                         ━━━━━━━━━━━━━
    │
    ├ note: consider disabling this lint if you're certain the cast is safe
    │       
    │       // casting to 'uint160' is safe because [explain why]
    │       // forge-lint: disable-next-line(unsafe-typecast)
    │       
    │       
    ╰ help: https://book.getfoundry.sh/reference/forge/forge-lint#unsafe-typecast

warning[divide-before-multiply]: multiplication should occur before division to avoid loss of precision
    ╭▸ test\audit\ComprehensiveCoreAudit.t.sol:176:27
    │
176 │         uint256 payout = ((principal * 1000e18 / 1e18) * 10000) / (10000 - discount);
    │                           ━━━━━━━━━━━━━━━━━━━━━━━━━━━━━━━━━━━━
    │
    ╰ help: https://book.getfoundry.sh/reference/forge/forge-lint#divide-before-multiply

warning[block-timestamp]: usage of `block.timestamp` in a comparison may be manipulated by validators
    ╭▸ test\audit\ComprehensiveCoreAudit.t.sol:189:13
    │
189 │         if (block.timestamp < start + 14 days) vm.warp(start + 14 days);
    │             ━━━━━━━━━━━━━━━━━━━━━━━━━━━━━━━━━
    │
    ╰ help: https://book.getfoundry.sh/reference/forge/forge-lint#block-timestamp

warning[block-timestamp]: usage of `block.timestamp` in a comparison may be manipulated by validators
    ╭▸ src\AcquisitionVault.sol:180:13
    │
180 │         if (block.timestamp > type(uint64).max - OPERATOR_NOMINATION_DELAY - OPERATOR_ACCEPTANCE_WINDOW) {
    │             ━━━━━━━━━━━━━━━━━━━━━━━━━━━━━━━━━━━━━━━━━━━━━━━━━━━━━━━━━━━━━━━━━━━━━━━━━━━━━━━━━━━━━━━━━━━
    │
    ╰ help: https://book.getfoundry.sh/reference/forge/forge-lint#block-timestamp

warning[block-timestamp]: usage of `block.timestamp` in a comparison may be manipulated by validators
    ╭▸ src\AcquisitionVault.sol:230:13
    │
230 │         if (block.timestamp < p.expiresAt) revert ProposalNotReady(p.expiresAt);
    │             ━━━━━━━━━━━━━━━━━━━━━━━━━━━━━
    │
    ╰ help: https://book.getfoundry.sh/reference/forge/forge-lint#block-timestamp

warning[block-timestamp]: usage of `block.timestamp` in a comparison may be manipulated by validators
   ╭▸ src\KeeperGasVault.sol:61:51
   │
61 │         if (paused() || !allowedKeeper[keeper] || block.timestamp < nextRefillAt[keeper]
   │                                                   ━━━━━━━━━━━━━━━━━━━━━━━━━━━━━━━━━━━━━━
   │
   ╰ help: https://book.getfoundry.sh/reference/forge/forge-lint#block-timestamp

warning[block-timestamp]: usage of `block.timestamp` in a comparison may be manipulated by validators
   ╭▸ src\KeeperGasVault.sol:73:13
   │
73 │         if (block.timestamp < nextRefillAt[keeper]) revert RefillTooSoon(nextRefillAt[keeper]);
   │             ━━━━━━━━━━━━━━━━━━━━━━━━━━━━━━━━━━━━━━
   │
   ╰ help: https://book.getfoundry.sh/reference/forge/forge-lint#block-timestamp

warning[unsafe-typecast]: typecasts that can truncate values should be checked
   ╭▸ src\genesis-auction\vendor\cca\libraries\StepLib.sol:24:22
   │
24 │         mps = uint24(bytes3(data));
   │                      ━━━━━━━━━━━━
   │
   ├ note: consider disabling this lint if you're certain the cast is safe
   │       
   │       // casting to 'bytes3' is safe because [explain why]
   │       // forge-lint: disable-next-line(unsafe-typecast)
   │       
   │       
   ╰ help: https://book.getfoundry.sh/reference/forge/forge-lint#unsafe-typecast

warning[unsafe-typecast]: typecasts that can truncate values should be checked
   ╭▸ src\genesis-auction\vendor\cca\BidStorage.sol:38:25
   │
38 │             startBlock: uint64(_blockNumberIsh),
   │                         ━━━━━━━━━━━━━━━━━━━━━━━
   │
   ├ note: consider disabling this lint if you're certain the cast is safe
   │       
   │       // casting to 'uint64' is safe because [explain why]
   │       // forge-lint: disable-next-line(unsafe-typecast)
   │       
   │       
   ╰ help: https://book.getfoundry.sh/reference/forge/forge-lint#unsafe-typecast

warning[erc20-unchecked-transfer]: ERC20 'transfer' and 'transferFrom' calls should check the return value
    ╭▸ test\audit\ComprehensiveCoreAudit.t.sol:132:9
    │
132 │         omr.transfer(alice, principal);
    │         ━━━━━━━━━━━━━━━━━━━━━━━━━━━━━━
    │
    ╰ help: https://book.getfoundry.sh/reference/forge/forge-lint#erc20-unchecked-transfer

warning[block-timestamp]: usage of `block.timestamp` in a comparison may be manipulated by validators
    ╭▸ script\Deploy.s.sol:191:21
    │
191 │             require(c.genesisValidUntil > block.timestamp, "Deploy: genesis window already closed");
    │                     ━━━━━━━━━━━━━━━━━━━━━━━━━━━━━━━━━━━━━
    │
    ╰ help: https://book.getfoundry.sh/reference/forge/forge-lint#block-timestamp

warning[block-timestamp]: usage of `block.timestamp` in a comparison may be manipulated by validators
    ╭▸ src\AcquisitionVault.sol:241:13
    │
241 │         if (block.timestamp < p.validAfter) revert ProposalNotReady(p.validAfter);
    │             ━━━━━━━━━━━━━━━━━━━━━━━━━━━━━━
    │
    ╰ help: https://book.getfoundry.sh/reference/forge/forge-lint#block-timestamp

warning[block-timestamp]: usage of `block.timestamp` in a comparison may be manipulated by validators
    ╭▸ src\AcquisitionVault.sol:242:13
    │
242 │         if (block.timestamp >= p.expiresAt) revert ProposalExpired(p.expiresAt);
    │             ━━━━━━━━━━━━━━━━━━━━━━━━━━━━━━
    │
    ╰ help: https://book.getfoundry.sh/reference/forge/forge-lint#block-timestamp

warning[erc20-unchecked-transfer]: ERC20 'transfer' and 'transferFrom' calls should check the return value
    ╭▸ test\audit\ComprehensiveCoreAudit.t.sol:288:9
    │
288 │         omr.transfer(address(vault), 100e18);
    │         ━━━━━━━━━━━━━━━━━━━━━━━━━━━━━━━━━━━━
    │
    ╰ help: https://book.getfoundry.sh/reference/forge/forge-lint#erc20-unchecked-transfer

warning[block-timestamp]: usage of `block.timestamp` in a comparison may be manipulated by validators
    ╭▸ src\AcquisitionVault.sol:479:13
    │
479 │         if (block.timestamp > type(uint64).max - INGRESS_PROPOSAL_DELAY - INGRESS_ACCEPTANCE_WINDOW) {
    │             ━━━━━━━━━━━━━━━━━━━━━━━━━━━━━━━━━━━━━━━━━━━━━━━━━━━━━━━━━━━━━━━━━━━━━━━━━━━━━━━━━━━━━━━
    │
    ╰ help: https://book.getfoundry.sh/reference/forge/forge-lint#block-timestamp

warning[block-timestamp]: usage of `block.timestamp` in a comparison may be manipulated by validators
    ╭▸ src\AcquisitionVault.sol:544:13
    │
544 │         if (block.timestamp < p.expiresAt) revert ProposalNotReady(p.expiresAt);
    │             ━━━━━━━━━━━━━━━━━━━━━━━━━━━━━
    │
    ╰ help: https://book.getfoundry.sh/reference/forge/forge-lint#block-timestamp

warning[unsafe-typecast]: typecasts that can truncate values should be checked
   ╭▸ src\genesis-auction\vendor\cca\StepStorage.sol:80:29
   │
80 │                 deltaMps += uint24(blockDelta * mps);
   │                             ━━━━━━━━━━━━━━━━━━━━━━━━
   │
   ├ note: consider disabling this lint if you're certain the cast is safe
   │       
   │       // casting to 'uint24' is safe because [explain why]
   │       // forge-lint: disable-next-line(unsafe-typecast)
   │       
   │       
   ╰ help: https://book.getfoundry.sh/reference/forge/forge-lint#unsafe-typecast

warning[block-timestamp]: usage of `block.timestamp` in a comparison may be manipulated by validators
    ╭▸ src\LiquidityBuybackExecutor.sol:125:31
    │
125 │             if (price == 0 || updatedAt > block.timestamp || block.timestamp - updatedAt > maxOracleAge)
    │                               ━━━━━━━━━━━━━━━━━━━━━━━━━━━
    │
    ╰ help: https://book.getfoundry.sh/reference/forge/forge-lint#block-timestamp

warning[block-timestamp]: usage of `block.timestamp` in a comparison may be manipulated by validators
    ╭▸ src\LiquidityBuybackExecutor.sol:125:62
    │
125 │             if (price == 0 || updatedAt > block.timestamp || block.timestamp - updatedAt > maxOracleAge)
    │                                                              ━━━━━━━━━━━━━━━━━━━━━━━━━━━━━━━━━━━━━━━━━━
    │
    ╰ help: https://book.getfoundry.sh/reference/forge/forge-lint#block-timestamp

warning[block-timestamp]: usage of `block.timestamp` in a comparison may be manipulated by validators
    ╭▸ src\LiquidityBuybackExecutor.sol:137:13
    │
137 │         if (block.timestamp < nextExecutionAt) revert TooSoon();
    │             ━━━━━━━━━━━━━━━━━━━━━━━━━━━━━━━━━
    │
    ╰ help: https://book.getfoundry.sh/reference/forge/forge-lint#block-timestamp

warning[block-timestamp]: usage of `block.timestamp` in a comparison may be manipulated by validators
    ╭▸ src\LiquidityBuybackExecutor.sol:138:13
    │
138 │         if (deadline < block.timestamp || deadline > block.timestamp + 300) revert InvalidDeadline();
    │             ━━━━━━━━━━━━━━━━━━━━━━━━━━
    │
    ╰ help: https://book.getfoundry.sh/reference/forge/forge-lint#block-timestamp

warning[unsafe-typecast]: typecasts that can truncate values should be checked
   ╭▸ test\SettlementGasPoolInvariant.t.sol:81:41
   │
81 │         uint128 nextPriorityFeeCapWei = uint128(prioritySeed % (uint256(priorityFeeCapWei) + 1));
   │                                         ━━━━━━━━━━━━━━━━━━━━━━━━━━━━━━━━━━━━━━━━━━━━━━━━━━━━━━━━
   │
   ├ note: consider disabling this lint if you're certain the cast is safe
   │       
   │       // casting to 'uint128' is safe because [explain why]
   │       // forge-lint: disable-next-line(unsafe-typecast)
   │       
   │       
   ╰ help: https://book.getfoundry.sh/reference/forge/forge-lint#unsafe-typecast

warning[block-timestamp]: usage of `block.timestamp` in a comparison may be manipulated by validators
    ╭▸ src\AcquisitionVault.sol:913:13
    │
913 │         if (block.timestamp < issuedAt) revert AuthorizationNotYetValid();
    │             ━━━━━━━━━━━━━━━━━━━━━━━━━━
    │
    ╰ help: https://book.getfoundry.sh/reference/forge/forge-lint#block-timestamp

warning[unsafe-typecast]: typecasts that can truncate values should be checked
    ╭▸ src\OmertaHook.sol:552:44
    │
552 │         return (IHooks.afterSwap.selector, int128(uint128(total)));
    │                                            ━━━━━━━━━━━━━━━━━━━━━━
    │
    ├ note: consider disabling this lint if you're certain the cast is safe
    │       
    │       // casting to 'int128' is safe because [explain why]
    │       // forge-lint: disable-next-line(unsafe-typecast)
    │       
    │       
    ╰ help: https://book.getfoundry.sh/reference/forge/forge-lint#unsafe-typecast

warning[unsafe-typecast]: typecasts that can truncate values should be checked
    ╭▸ src\OmertaHook.sol:552:51
    │
552 │         return (IHooks.afterSwap.selector, int128(uint128(total)));
    │                                                   ━━━━━━━━━━━━━━
    │
    ├ note: consider disabling this lint if you're certain the cast is safe
    │       
    │       // casting to 'uint128' is safe because [explain why]
    │       // forge-lint: disable-next-line(unsafe-typecast)
    │       
    │       
    ╰ help: https://book.getfoundry.sh/reference/forge/forge-lint#unsafe-typecast

warning[unsafe-typecast]: typecasts that can truncate values should be checked
    ╭▸ src\OmertaHook.sol:570:59
    │
570 │             tickCumulative = accumulator.tickCumulative + int56(int256(accumulator.tick) * int256(elapsed));
    │                                                           ━━━━━━━━━━━━━━━━━━━━━━━━━━━━━━━━━━━━━━━━━━━━━━━━━
    │
    ├ note: consider disabling this lint if you're certain the cast is safe
    │       
    │       // casting to 'int56' is safe because [explain why]
    │       // forge-lint: disable-next-line(unsafe-typecast)
    │       
    │       
    ╰ help: https://book.getfoundry.sh/reference/forge/forge-lint#unsafe-typecast

warning[unsafe-typecast]: typecasts that can truncate values should be checked
    ╭▸ src\OmertaHook.sol:570:92
    │
570 │             tickCumulative = accumulator.tickCumulative + int56(int256(accumulator.tick) * int256(elapsed));
    │                                                                                            ━━━━━━━━━━━━━━━
    │
    ├ note: consider disabling this lint if you're certain the cast is safe
    │       
    │       // casting to 'int256' is safe because [explain why]
    │       // forge-lint: disable-next-line(unsafe-typecast)
    │       
    │       
    ╰ help: https://book.getfoundry.sh/reference/forge/forge-lint#unsafe-typecast

warning[unsafe-typecast]: typecasts that can truncate values should be checked
    ╭▸ src\OmertaHook.sol:585:43
    │
585 │             accumulator.tickCumulative += int56(int256(accumulator.tick) * int256(elapsed));
    │                                           ━━━━━━━━━━━━━━━━━━━━━━━━━━━━━━━━━━━━━━━━━━━━━━━━━
    │
    ├ note: consider disabling this lint if you're certain the cast is safe
    │       
    │       // casting to 'int56' is safe because [explain why]
    │       // forge-lint: disable-next-line(unsafe-typecast)
    │       
    │       
    ╰ help: https://book.getfoundry.sh/reference/forge/forge-lint#unsafe-typecast

warning[unsafe-typecast]: typecasts that can truncate values should be checked
    ╭▸ src\OmertaHook.sol:585:76
    │
585 │             accumulator.tickCumulative += int56(int256(accumulator.tick) * int256(elapsed));
    │                                                                            ━━━━━━━━━━━━━━━
    │
    ├ note: consider disabling this lint if you're certain the cast is safe
    │       
    │       // casting to 'int256' is safe because [explain why]
    │       // forge-lint: disable-next-line(unsafe-typecast)
    │       
    │       
    ╰ help: https://book.getfoundry.sh/reference/forge/forge-lint#unsafe-typecast

warning[unsafe-typecast]: typecasts that can truncate values should be checked
    ╭▸ src\OmertaHook.sol:628:43
    │
628 │         uint256 base = swapperDelta < 0 ? uint256(uint128(-swapperDelta)) : uint256(uint128(swapperDelta));
    │                                           ━━━━━━━━━━━━━━━━━━━━━━━━━━━━━━━
    │
    ├ note: consider disabling this lint if you're certain the cast is safe
    │       
    │       // casting to 'uint256' is safe because [explain why]
    │       // forge-lint: disable-next-line(unsafe-typecast)
    │       
    │       
    ╰ help: https://book.getfoundry.sh/reference/forge/forge-lint#unsafe-typecast

warning[unsafe-typecast]: typecasts that can truncate values should be checked
    ╭▸ src\OmertaHook.sol:628:51
    │
628 │         uint256 base = swapperDelta < 0 ? uint256(uint128(-swapperDelta)) : uint256(uint128(swapperDelta));
    │                                                   ━━━━━━━━━━━━━━━━━━━━━━
    │
    ├ note: consider disabling this lint if you're certain the cast is safe
    │       
    │       // casting to 'uint128' is safe because [explain why]
    │       // forge-lint: disable-next-line(unsafe-typecast)
    │       
    │       
    ╰ help: https://book.getfoundry.sh/reference/forge/forge-lint#unsafe-typecast

warning[unsafe-typecast]: typecasts that can truncate values should be checked
    ╭▸ src\OmertaHook.sol:628:77
    │
628 │         uint256 base = swapperDelta < 0 ? uint256(uint128(-swapperDelta)) : uint256(uint128(swapperDelta));
    │                                                                             ━━━━━━━━━━━━━━━━━━━━━━━━━━━━━━
    │
    ├ note: consider disabling this lint if you're certain the cast is safe
    │       
    │       // casting to 'uint256' is safe because [explain why]
    │       // forge-lint: disable-next-line(unsafe-typecast)
    │       
    │       
    ╰ help: https://book.getfoundry.sh/reference/forge/forge-lint#unsafe-typecast

warning[block-timestamp]: usage of `block.timestamp` in a comparison may be manipulated by validators
    ╭▸ src\AcquisitionVault.sol:914:13
    │
914 │         if (block.timestamp > deadline) revert AuthorizationExpired();
    │             ━━━━━━━━━━━━━━━━━━━━━━━━━━
    │
    ╰ help: https://book.getfoundry.sh/reference/forge/forge-lint#block-timestamp

warning[unsafe-typecast]: typecasts that can truncate values should be checked
   ╭▸ script\DeployTestnetTwap.s.sol:37:13
   │
37 │             uint32(period)
   │             ━━━━━━━━━━━━━━
   │
   ├ note: consider disabling this lint if you're certain the cast is safe
   │       
   │       // casting to 'uint32' is safe because [explain why]
   │       // forge-lint: disable-next-line(unsafe-typecast)
   │       
   │       
   ╰ help: https://book.getfoundry.sh/reference/forge/forge-lint#unsafe-typecast

warning[unsafe-typecast]: typecasts that can truncate values should be checked
    ╭▸ src\OmertaHook.sol:628:85
    │
628 │         uint256 base = swapperDelta < 0 ? uint256(uint128(-swapperDelta)) : uint256(uint128(swapperDelta));
    │                                                                                     ━━━━━━━━━━━━━━━━━━━━━
    │
    ├ note: consider disabling this lint if you're certain the cast is safe
    │       
    │       // casting to 'uint128' is safe because [explain why]
    │       // forge-lint: disable-next-line(unsafe-typecast)
    │       
    │       
    ╰ help: https://book.getfoundry.sh/reference/forge/forge-lint#unsafe-typecast

warning[unsafe-typecast]: typecasts that can truncate values should be checked
    ╭▸ src\genesis-auction\vendor\solady\utils\FixedPointMathLib.sol:201:40
    │
201 │         return expWad((lnWad(x) * y) / int256(WAD));
    │                                        ━━━━━━━━━━━
    │
    ├ note: consider disabling this lint if you're certain the cast is safe
    │       
    │       // casting to 'int256' is safe because [explain why]
    │       // forge-lint: disable-next-line(unsafe-typecast)
    │       
    │       
    ╰ help: https://book.getfoundry.sh/reference/forge/forge-lint#unsafe-typecast

warning[erc20-unchecked-transfer]: ERC20 'transfer' and 'transferFrom' calls should check the return value
    ╭▸ test\audit\ComprehensiveCoreAudit.t.sol:289:9
    │
289 │         omr.transfer(address(other), 100e18);
    │         ━━━━━━━━━━━━━━━━━━━━━━━━━━━━━━━━━━━━
    │
    ╰ help: https://book.getfoundry.sh/reference/forge/forge-lint#erc20-unchecked-transfer

warning[unsafe-typecast]: typecasts that can truncate values should be checked
    ╭▸ src\AcquisitionVault.sol:821:16
    │
821 │         return uint64(timestamp);
    │                ━━━━━━━━━━━━━━━━━
    │
    ├ note: consider disabling this lint if you're certain the cast is safe
    │       
    │       // casting to 'uint64' is safe because [explain why]
    │       // forge-lint: disable-next-line(unsafe-typecast)
    │       
    │       
    ╰ help: https://book.getfoundry.sh/reference/forge/forge-lint#unsafe-typecast

warning[unsafe-typecast]: typecasts that can truncate values should be checked
    ╭▸ src\AcquisitionVault.sol:939:34
    │
939 │         if (!ok || size != 32 || bytes4(result) != _ERC1271_MAGIC) revert InvalidSignature();
    │                                  ━━━━━━━━━━━━━━
    │
    ├ note: consider disabling this lint if you're certain the cast is safe
    │       
    │       // casting to 'bytes4' is safe because [explain why]
    │       // forge-lint: disable-next-line(unsafe-typecast)
    │       
    │       
    ╰ help: https://book.getfoundry.sh/reference/forge/forge-lint#unsafe-typecast

warning[divide-before-multiply]: multiplication should occur before division to avoid loss of precision
    ╭▸ src\OmrTwapOracle.sol:225:37
    │
225 │                 price0Cumulative += ((uint256(reserve1) << 112) / reserve0) * timeElapsed;
    │                                     ━━━━━━━━━━━━━━━━━━━━━━━━━━━━━━━━━━━━━━━━━━━━━━━━━━━━━
    │
    ╰ help: https://book.getfoundry.sh/reference/forge/forge-lint#divide-before-multiply

warning[erc20-unchecked-transfer]: ERC20 'transfer' and 'transferFrom' calls should check the return value
   ╭▸ test\market-v2\GenesisCoordinatorV2.t.sol:98:58
   │
98 │         _buyAndSettle(); vm.prank(address(coordinator)); token.transfer(address(this), 20 ether);
   │                                                          ━━━━━━━━━━━━━━━━━━━━━━━━━━━━━━━━━━━━━━━
   │
   ╰ help: https://book.getfoundry.sh/reference/forge/forge-lint#erc20-unchecked-transfer

warning[erc20-unchecked-transfer]: ERC20 'transfer' and 'transferFrom' calls should check the return value
   ╭▸ test\audit\ComprehensiveMarketAudit.t.sol:58:9
   │
58 │         omr.transfer(address(this), 1_000_000e18);
   │         ━━━━━━━━━━━━━━━━━━━━━━━━━━━━━━━━━━━━━━━━━
   │
   ╰ help: https://book.getfoundry.sh/reference/forge/forge-lint#erc20-unchecked-transfer

warning[unsafe-typecast]: typecasts that can truncate values should be checked
   ╭▸ test\audit\ComprehensiveMarketAudit.t.sol:79:32
   │
79 │             SwapParams(false, -int256(amount), limit),
   │                                ━━━━━━━━━━━━━━
   │
   ├ note: consider disabling this lint if you're certain the cast is safe
   │       
   │       // casting to 'int256' is safe because [explain why]
   │       // forge-lint: disable-next-line(unsafe-typecast)
   │       
   │       
   ╰ help: https://book.getfoundry.sh/reference/forge/forge-lint#unsafe-typecast

warning[unsafe-typecast]: typecasts that can truncate values should be checked
    ╭▸ src\genesis-auction\vendor\solady\utils\FixedPointMathLib.sol:269:18
    │
269 │                 (uint256(r) * 3822833074963236453042738258902158003155416615667) >> uint256(195 - k)
    │                  ━━━━━━━━━━
    │
    ├ note: consider disabling this lint if you're certain the cast is safe
    │       
    │       // casting to 'uint256' is safe because [explain why]
    │       // forge-lint: disable-next-line(unsafe-typecast)
    │       
    │       
    ╰ help: https://book.getfoundry.sh/reference/forge/forge-lint#unsafe-typecast

warning[erc20-unchecked-transfer]: ERC20 'transfer' and 'transferFrom' calls should check the return value
   ╭▸ test\market-v2\IntegrationV2.t.sol:94:9
   │
94 │         token.transfer(address(bridge), 100 ether);
   │         ━━━━━━━━━━━━━━━━━━━━━━━━━━━━━━━━━━━━━━━━━━
   │
   ╰ help: https://book.getfoundry.sh/reference/forge/forge-lint#erc20-unchecked-transfer

warning[divide-before-multiply]: multiplication should occur before division to avoid loss of precision
    ╭▸ src\OmrTwapOracle.sol:226:37
    │
226 │                 price1Cumulative += ((uint256(reserve0) << 112) / reserve1) * timeElapsed;
    │                                     ━━━━━━━━━━━━━━━━━━━━━━━━━━━━━━━━━━━━━━━━━━━━━━━━━━━━━
    │
    ╰ help: https://book.getfoundry.sh/reference/forge/forge-lint#divide-before-multiply

warning[block-timestamp]: usage of `block.timestamp` in a comparison may be manipulated by validators
    ╭▸ src\AcquisitionVaultCore.sol:276:13
    │
276 │         if (block.timestamp > type(uint64).max) revert CoreTimestampOverflow();
    │             ━━━━━━━━━━━━━━━━━━━━━━━━━━━━━━━━━━
    │
    ╰ help: https://book.getfoundry.sh/reference/forge/forge-lint#block-timestamp

warning[unsafe-typecast]: typecasts that can truncate values should be checked
    ╭▸ src\OmrTwapOracle.sol:173:82
    │
173 │             emit Rebaselined(fullElapsed > type(uint32).max ? type(uint32).max : uint32(fullElapsed));
    │                                                                                  ━━━━━━━━━━━━━━━━━━━
    │
    ├ note: consider disabling this lint if you're certain the cast is safe
    │       
    │       // casting to 'uint32' is safe because [explain why]
    │       // forge-lint: disable-next-line(unsafe-typecast)
    │       
    │       
    ╰ help: https://book.getfoundry.sh/reference/forge/forge-lint#unsafe-typecast

warning[unsafe-typecast]: typecasts that can truncate values should be checked
   ╭▸ test\SettlementGasPoolInvariant.t.sol:82:43
   │
82 │         uint128 nextPerSettlementWeiCap = uint128(settlementSeed % (uint256(perSettlementWeiCap) + 1));
   │                                           ━━━━━━━━━━━━━━━━━━━━━━━━━━━━━━━━━━━━━━━━━━━━━━━━━━━━━━━━━━━━
   │
   ├ note: consider disabling this lint if you're certain the cast is safe
   │       
   │       // casting to 'uint128' is safe because [explain why]
   │       // forge-lint: disable-next-line(unsafe-typecast)
   │       
   │       
   ╰ help: https://book.getfoundry.sh/reference/forge/forge-lint#unsafe-typecast

warning[unsafe-typecast]: typecasts that can truncate values should be checked
   ╭▸ test\SettlementGasPoolInvariant.t.sol:83:37
   │
83 │         uint128 nextDataFeeWeiCap = uint128(dataFeeSeed % (uint256(dataFeeWeiCap) + 1));
   │                                     ━━━━━━━━━━━━━━━━━━━━━━━━━━━━━━━━━━━━━━━━━━━━━━━━━━━
   │
   ├ note: consider disabling this lint if you're certain the cast is safe
   │       
   │       // casting to 'uint128' is safe because [explain why]
   │       // forge-lint: disable-next-line(unsafe-typecast)
   │       
   │       
   ╰ help: https://book.getfoundry.sh/reference/forge/forge-lint#unsafe-typecast

warning[block-timestamp]: usage of `block.timestamp` in a comparison may be manipulated by validators
    ╭▸ src\LiquidityBuybackExecutor.sol:138:43
    │
138 │         if (deadline < block.timestamp || deadline > block.timestamp + 300) revert InvalidDeadline();
    │                                           ━━━━━━━━━━━━━━━━━━━━━━━━━━━━━━━━
    │
    ╰ help: https://book.getfoundry.sh/reference/forge/forge-lint#block-timestamp

warning[unsafe-typecast]: typecasts that can truncate values should be checked
    ╭▸ src\LiquidityBuybackExecutor.sol:177:31
    │
177 │             SwapParams(true, -int256(amount), TickMath.MIN_SQRT_PRICE + 1), "");
    │                               ━━━━━━━━━━━━━━
    │
    ├ note: consider disabling this lint if you're certain the cast is safe
    │       
    │       // casting to 'int256' is safe because [explain why]
    │       // forge-lint: disable-next-line(unsafe-typecast)
    │       
    │       
    ╰ help: https://book.getfoundry.sh/reference/forge/forge-lint#unsafe-typecast

warning[block-timestamp]: usage of `block.timestamp` in a comparison may be manipulated by validators
    ╭▸ src\DynastyNFT.sol:147:17
    │
147 │         require(block.timestamp <= v.deadline, "DN: expired");
    │                 ━━━━━━━━━━━━━━━━━━━━━━━━━━━━━
    │
    ╰ help: https://book.getfoundry.sh/reference/forge/forge-lint#block-timestamp

warning[block-timestamp]: usage of `block.timestamp` in a comparison may be manipulated by validators
    ╭▸ src\DynastyNFT.sol:148:17
    │
148 │         require(v.deadline <= block.timestamp + MAX_VOUCHER_TTL, "DN: deadline too far");
    │                 ━━━━━━━━━━━━━━━━━━━━━━━━━━━━━━━━━━━━━━━━━━━━━━━
    │
    ╰ help: https://book.getfoundry.sh/reference/forge/forge-lint#block-timestamp

warning[block-timestamp]: usage of `block.timestamp` in a comparison may be manipulated by validators
    ╭▸ src\market-v2\OmertaArbitrageV2.sol:106:20
    │
106 │                 || plan.deadline < block.timestamp || plan.deadline > block.timestamp + 5 minutes
    │                    ━━━━━━━━━━━━━━━━━━━━━━━━━━━━━━━
    │
    ╰ help: https://book.getfoundry.sh/reference/forge/forge-lint#block-timestamp

warning[block-timestamp]: usage of `block.timestamp` in a comparison may be manipulated by validators
    ╭▸ src\market-v2\OmertaArbitrageV2.sol:106:55
    │
106 │                 || plan.deadline < block.timestamp || plan.deadline > block.timestamp + 5 minutes
    │                                                       ━━━━━━━━━━━━━━━━━━━━━━━━━━━━━━━━━━━━━━━━━━━
    │
    ╰ help: https://book.getfoundry.sh/reference/forge/forge-lint#block-timestamp

warning[block-timestamp]: usage of `block.timestamp` in a comparison may be manipulated by validators
    ╭▸ src\FlashGuard.sol:108:13
    │
108 │         if (block.timestamp >= f.dayStart + 1 days) {
    │             ━━━━━━━━━━━━━━━━━━━━━━━━━━━━━━━━━━━━━━
    │
    ╰ help: https://book.getfoundry.sh/reference/forge/forge-lint#block-timestamp

warning[unsafe-typecast]: typecasts that can truncate values should be checked
    ╭▸ src\market-v2\OmertaArbitrageV2.sol:145:26
    │
145 │         uint256 profit = uint256(net);
    │                          ━━━━━━━━━━━━
    │
    ├ note: consider disabling this lint if you're certain the cast is safe
    │       
    │       // casting to 'uint256' is safe because [explain why]
    │       // forge-lint: disable-next-line(unsafe-typecast)
    │       
    │       
    ╰ help: https://book.getfoundry.sh/reference/forge/forge-lint#unsafe-typecast

warning[block-timestamp]: usage of `block.timestamp` in a comparison may be manipulated by validators
   ╭▸ script\UpdateTestnetTwap.s.sol:29:17
   │
29 │         require(updatedAt == block.timestamp, "UpdateTestnetTwap: wrong update timestamp");
   │                 ━━━━━━━━━━━━━━━━━━━━━━━━━━━━
   │
   ╰ help: https://book.getfoundry.sh/reference/forge/forge-lint#block-timestamp

warning[block-timestamp]: usage of `block.timestamp` in a comparison may be manipulated by validators
    ╭▸ src\market-v2\OmertaCommitmentVaultV2.sol:112:13
    │
112 │         if (terms.startsAt < block.timestamp || terms.endsAt <= terms.startsAt || terms.endsAt - terms.startsAt > 365 days
    │             ━━━━━━━━━━━━━━━━━━━━━━━━━━━━━━━━
    │
    ╰ help: https://book.getfoundry.sh/reference/forge/forge-lint#block-timestamp

warning[block-timestamp]: usage of `block.timestamp` in a comparison may be manipulated by validators
    ╭▸ src\market-v2\OmertaCommitmentVaultV2.sol:126:36
    │
126 │         if (c.terms.endsAt == 0 || block.timestamp >= c.terms.endsAt || msg.value == 0) revert InvalidCampaign();
    │                                    ━━━━━━━━━━━━━━━━━━━━━━━━━━━━━━━━━
    │
    ╰ help: https://book.getfoundry.sh/reference/forge/forge-lint#block-timestamp

warning[block-timestamp]: usage of `block.timestamp` in a comparison may be manipulated by validators
    ╭▸ src\market-v2\OmertaCommitmentVaultV2.sol:140:13
    │
140 │         if (block.timestamp < t.startsAt || block.timestamp >= t.endsAt || duration < t.minLock || duration > t.maxLock
    │             ━━━━━━━━━━━━━━━━━━━━━━━━━━━━
    │
    ╰ help: https://book.getfoundry.sh/reference/forge/forge-lint#block-timestamp

warning[block-timestamp]: usage of `block.timestamp` in a comparison may be manipulated by validators
    ╭▸ src\market-v2\OmertaCommitmentVaultV2.sol:140:45
    │
140 │         if (block.timestamp < t.startsAt || block.timestamp >= t.endsAt || duration < t.minLock || duration > t.maxLock
    │                                             ━━━━━━━━━━━━━━━━━━━━━━━━━━━
    │
    ╰ help: https://book.getfoundry.sh/reference/forge/forge-lint#block-timestamp

warning[block-timestamp]: usage of `block.timestamp` in a comparison may be manipulated by validators
    ╭▸ src\market-v2\OmertaCommitmentVaultV2.sol:141:16
    │
141 │             || block.timestamp + duration > t.endsAt) revert InvalidCampaign();
    │                ━━━━━━━━━━━━━━━━━━━━━━━━━━━━━━━━━━━━━
    │
    ╰ help: https://book.getfoundry.sh/reference/forge/forge-lint#block-timestamp

warning[block-timestamp]: usage of `block.timestamp` in a comparison may be manipulated by validators
    ╭▸ src\market-v2\OmertaCommitmentVaultV2.sol:181:13
    │
181 │         if (block.timestamp < p.maturesAt) revert NotMature();
    │             ━━━━━━━━━━━━━━━━━━━━━━━━━━━━━
    │
    ╰ help: https://book.getfoundry.sh/reference/forge/forge-lint#block-timestamp

warning[block-timestamp]: usage of `block.timestamp` in a comparison may be manipulated by validators
    ╭▸ src\market-v2\OmertaCommitmentVaultV2.sol:202:36
    │
202 │         if (c.terms.endsAt == 0 || block.timestamp <= uint256(c.terms.endsAt) + maxObservationAge
    │                                    ━━━━━━━━━━━━━━━━━━━━━━━━━━━━━━━━━━━━━━━━━━━━━━━━━━━━━━━━━━━━━━
    │
    ╰ help: https://book.getfoundry.sh/reference/forge/forge-lint#block-timestamp

warning[unsafe-typecast]: typecasts that can truncate values should be checked
   ╭▸ script\DeployTwapOracle.s.sol:22:103
   │
22 │         oracle = new OmrTwapOracle(safe, IUniswapV2Factory(factory), IUniswapV2Pair(pair), omr, weth, uint32(period));
   │                                                                                                       ━━━━━━━━━━━━━━
   │
   ├ note: consider disabling this lint if you're certain the cast is safe
   │       
   │       // casting to 'uint32' is safe because [explain why]
   │       // forge-lint: disable-next-line(unsafe-typecast)
   │       
   │       
   ╰ help: https://book.getfoundry.sh/reference/forge/forge-lint#unsafe-typecast

warning[block-timestamp]: usage of `block.timestamp` in a comparison may be manipulated by validators
    ╭▸ test\audit\GenesisOracleBootstrap.t.sol:179:35
    │
179 │                 if (price == 0 || updatedAt != block.timestamp) transitionFailure = true;
    │                                   ━━━━━━━━━━━━━━━━━━━━━━━━━━━━
    │
    ╰ help: https://book.getfoundry.sh/reference/forge/forge-lint#block-timestamp

warning[unsafe-typecast]: typecasts that can truncate values should be checked
   ╭▸ script\DeployV4TwapOracle.s.sol:51:80
   │
51 │         oracle = new OmrV4TwapOracle(source, omr, POOL_FEE, POOL_TICK_SPACING, uint32(period));
   │                                                                                ━━━━━━━━━━━━━━
   │
   ├ note: consider disabling this lint if you're certain the cast is safe
   │       
   │       // casting to 'uint32' is safe because [explain why]
   │       // forge-lint: disable-next-line(unsafe-typecast)
   │       
   │       
   ╰ help: https://book.getfoundry.sh/reference/forge/forge-lint#unsafe-typecast

warning[unsafe-typecast]: typecasts that can truncate values should be checked
    ╭▸ test\audit\GenesisOracleBootstrap.t.sol:160:85
    │
160 │                 : abi.encodeWithSelector(OmrV4TwapOracle.PeriodNotElapsed.selector, uint32(elapsed), PERIOD);
    │                                                                                     ━━━━━━━━━━━━━━━
    │
    ├ note: consider disabling this lint if you're certain the cast is safe
    │       
    │       // casting to 'uint32' is safe because [explain why]
    │       // forge-lint: disable-next-line(unsafe-typecast)
    │       
    │       
    ╰ help: https://book.getfoundry.sh/reference/forge/forge-lint#unsafe-typecast

warning[block-timestamp]: usage of `block.timestamp` in a comparison may be manipulated by validators
   ╭▸ src\GenesisOracle.sol:66:28
   │
66 │         if (price_ != 0 && validUntil_ <= block.timestamp) revert WindowInThePast();
   │                            ━━━━━━━━━━━━━━━━━━━━━━━━━━━━━━
   │
   ╰ help: https://book.getfoundry.sh/reference/forge/forge-lint#block-timestamp

warning[block-timestamp]: usage of `block.timestamp` in a comparison may be manipulated by validators
   ╭▸ src\GenesisOracle.sol:80:28
   │
80 │         if (price_ != 0 && validUntil_ <= block.timestamp) revert WindowInThePast();
   │                            ━━━━━━━━━━━━━━━━━━━━━━━━━━━━━━
   │
   ╰ help: https://book.getfoundry.sh/reference/forge/forge-lint#block-timestamp

warning[block-timestamp]: usage of `block.timestamp` in a comparison may be manipulated by validators
   ╭▸ src\GenesisOracle.sol:88:27
   │
88 │         if (price == 0 || block.timestamp > validUntil) return (0, 0);
   │                           ━━━━━━━━━━━━━━━━━━━━━━━━━━━━
   │
   ╰ help: https://book.getfoundry.sh/reference/forge/forge-lint#block-timestamp

warning[block-timestamp]: usage of `block.timestamp` in a comparison may be manipulated by validators
   ╭▸ src\GenesisPlayerSale.sol:67:35
   │
67 │             || inventory_ == 0 || openDeadline_ <= block.timestamp
   │                                   ━━━━━━━━━━━━━━━━━━━━━━━━━━━━━━━━
   │
   ╰ help: https://book.getfoundry.sh/reference/forge/forge-lint#block-timestamp

warning[block-timestamp]: usage of `block.timestamp` in a comparison may be manipulated by validators
   ╭▸ src\GenesisPlayerSale.sol:87:43
   │
87 │         if (cancelled || closesAt != 0 || block.timestamp >= openDeadline
   │                                           ━━━━━━━━━━━━━━━━━━━━━━━━━━━━━━━
   │
   ╰ help: https://book.getfoundry.sh/reference/forge/forge-lint#block-timestamp

warning[block-timestamp]: usage of `block.timestamp` in a comparison may be manipulated by validators
    ╭▸ src\GenesisLifecycleController.sol:171:31
    │
171 │             if (price == 0 || updatedAt > block.timestamp || block.timestamp - updatedAt > maxOracleAge
    │                               ━━━━━━━━━━━━━━━━━━━━━━━━━━━
    │
    ╰ help: https://book.getfoundry.sh/reference/forge/forge-lint#block-timestamp

warning[block-timestamp]: usage of `block.timestamp` in a comparison may be manipulated by validators
   ╭▸ src\GenesisPlayerSale.sol:96:43
   │
96 │         if (cancelled || closesAt == 0 || block.timestamp >= closesAt || block.chainid != chainId) revert WrongPhase();
   │                                           ━━━━━━━━━━━━━━━━━━━━━━━━━━━
   │
   ╰ help: https://book.getfoundry.sh/reference/forge/forge-lint#block-timestamp

warning[unsafe-typecast]: typecasts that can truncate values should be checked
   ╭▸ test\SettlementGasPoolMigration.t.sol:98:31
   │
98 │         uint64 executableAt = uint64(proposedAt + 48 hours);
   │                               ━━━━━━━━━━━━━━━━━━━━━━━━━━━━━
   │
   ├ note: consider disabling this lint if you're certain the cast is safe
   │       
   │       // casting to 'uint64' is safe because [explain why]
   │       // forge-lint: disable-next-line(unsafe-typecast)
   │       
   │       
   ╰ help: https://book.getfoundry.sh/reference/forge/forge-lint#unsafe-typecast

warning[unsafe-typecast]: typecasts that can truncate values should be checked
   ╭▸ test\SettlementGasPoolMigration.t.sol:99:28
   │
99 │         uint64 expiresAt = uint64(proposedAt + 48 hours + 7 days);
   │                            ━━━━━━━━━━━━━━━━━━━━━━━━━━━━━━━━━━━━━━
   │
   ├ note: consider disabling this lint if you're certain the cast is safe
   │       
   │       // casting to 'uint64' is safe because [explain why]
   │       // forge-lint: disable-next-line(unsafe-typecast)
   │       
   │       
   ╰ help: https://book.getfoundry.sh/reference/forge/forge-lint#unsafe-typecast

warning[block-timestamp]: usage of `block.timestamp` in a comparison may be manipulated by validators
    ╭▸ src\GenesisLifecycleController.sol:171:62
    │
171 │             if (price == 0 || updatedAt > block.timestamp || block.timestamp - updatedAt > maxOracleAge
    │                                                              ━━━━━━━━━━━━━━━━━━━━━━━━━━━━━━━━━━━━━━━━━━
    │
    ╰ help: https://book.getfoundry.sh/reference/forge/forge-lint#block-timestamp

warning[unsafe-typecast]: typecasts that can truncate values should be checked
    ╭▸ src\OmrV4TwapOracle.sol:173:82
    │
173 │             emit Rebaselined(fullElapsed > type(uint32).max ? type(uint32).max : uint32(fullElapsed));
    │                                                                                  ━━━━━━━━━━━━━━━━━━━
    │
    ├ note: consider disabling this lint if you're certain the cast is safe
    │       
    │       // casting to 'uint32' is safe because [explain why]
    │       // forge-lint: disable-next-line(unsafe-typecast)
    │       
    │       
    ╰ help: https://book.getfoundry.sh/reference/forge/forge-lint#unsafe-typecast

warning[unsafe-typecast]: typecasts that can truncate values should be checked
    ╭▸ src\OmrV4TwapOracle.sol:192:28
    │
192 │         int24 meanTick24 = int24(meanTick);
    │                            ━━━━━━━━━━━━━━━
    │
    ├ note: consider disabling this lint if you're certain the cast is safe
    │       
    │       // casting to 'int24' is safe because [explain why]
    │       // forge-lint: disable-next-line(unsafe-typecast)
    │       
    │       
    ╰ help: https://book.getfoundry.sh/reference/forge/forge-lint#unsafe-typecast

warning[block-timestamp]: usage of `block.timestamp` in a comparison may be manipulated by validators
    ╭▸ src\PreVoteBudgetBook.sol:127:13
    │
127 │         if (block.timestamp > type(uint64).max) revert BudgetBookTimestampOverflow();
    │             ━━━━━━━━━━━━━━━━━━━━━━━━━━━━━━━━━━
    │
    ╰ help: https://book.getfoundry.sh/reference/forge/forge-lint#block-timestamp

warning[block-timestamp]: usage of `block.timestamp` in a comparison may be manipulated by validators
    ╭▸ src\PreVoteBudgetBook.sol:129:13
    │
129 │         if (input.ballotDay < block.timestamp / 1 days) revert BudgetDayClosed(input.ballotDay);
    │             ━━━━━━━━━━━━━━━━━━━━━━━━━━━━━━━━━━━━━━━━━━
    │
    ╰ help: https://book.getfoundry.sh/reference/forge/forge-lint#block-timestamp

warning[unsafe-typecast]: typecasts that can truncate values should be checked
    ╭▸ src\PreVoteBudgetBook.sol:259:20
    │
259 │         expected = uint64(value);
    │                    ━━━━━━━━━━━━━
    │
    ├ note: consider disabling this lint if you're certain the cast is safe
    │       
    │       // casting to 'uint64' is safe because [explain why]
    │       // forge-lint: disable-next-line(unsafe-typecast)
    │       
    │       
    ╰ help: https://book.getfoundry.sh/reference/forge/forge-lint#unsafe-typecast

warning[block-timestamp]: usage of `block.timestamp` in a comparison may be manipulated by validators
    ╭▸ src\ProtocolLiquidityVault.sol:265:16
    │
265 │             && block.timestamp >= activationTimestamp + warmup && _foundationValid(positionId);
    │                ━━━━━━━━━━━━━━━━━━━━━━━━━━━━━━━━━━━━━━━━━━━━━━━
    │
    ╰ help: https://book.getfoundry.sh/reference/forge/forge-lint#block-timestamp

warning[block-timestamp]: usage of `block.timestamp` in a comparison may be manipulated by validators
    ╭▸ src\ProtocolLiquidityVault.sol:299:13
    │
299 │         if (deadline < block.timestamp || deadline > block.timestamp + MAX_DEADLINE_DELAY) revert BadDeadline();
    │             ━━━━━━━━━━━━━━━━━━━━━━━━━━
    │
    ╰ help: https://book.getfoundry.sh/reference/forge/forge-lint#block-timestamp

warning[block-timestamp]: usage of `block.timestamp` in a comparison may be manipulated by validators
    ╭▸ src\ProtocolLiquidityVault.sol:299:43
    │
299 │         if (deadline < block.timestamp || deadline > block.timestamp + MAX_DEADLINE_DELAY) revert BadDeadline();
    │                                           ━━━━━━━━━━━━━━━━━━━━━━━━━━━━━━━━━━━━━━━━━━━━━━━
    │
    ╰ help: https://book.getfoundry.sh/reference/forge/forge-lint#block-timestamp

warning[block-timestamp]: usage of `block.timestamp` in a comparison may be manipulated by validators
    ╭▸ src\ProtocolLiquidityVault.sol:380:55
    │
380 │         if (referencePrice == 0 || observedAt == 0 || observedAt > block.timestamp
    │                                                       ━━━━━━━━━━━━━━━━━━━━━━━━━━━━
    │
    ╰ help: https://book.getfoundry.sh/reference/forge/forge-lint#block-timestamp

warning[block-timestamp]: usage of `block.timestamp` in a comparison may be manipulated by validators
    ╭▸ src\ProtocolLiquidityVault.sol:381:16
    │
381 │             || block.timestamp - observedAt > maxOracleAge) revert OracleUnavailable();
    │                ━━━━━━━━━━━━━━━━━━━━━━━━━━━━━━━━━━━━━━━━━━━
    │
    ╰ help: https://book.getfoundry.sh/reference/forge/forge-lint#block-timestamp

warning[block-timestamp]: usage of `block.timestamp` in a comparison may be manipulated by validators
    ╭▸ src\ProtocolLiquidityVault.sol:540:17
    │
540 │             if (block.timestamp < uint256(s.timestamp) + budgetWindow) {
    │                 ━━━━━━━━━━━━━━━━━━━━━━━━━━━━━━━━━━━━━━━━━━━━━━━━━━━━━
    │
    ╰ help: https://book.getfoundry.sh/reference/forge/forge-lint#block-timestamp

warning[block-timestamp]: usage of `block.timestamp` in a comparison may be manipulated by validators
    ╭▸ src\ProtocolLiquidityVault.sol:550:36
    │
550 │         while (_spendCount != 0 && block.timestamp >= uint256(_spends[_spendHead].timestamp) + budgetWindow) {
    │                                    ━━━━━━━━━━━━━━━━━━━━━━━━━━━━━━━━━━━━━━━━━━━━━━━━━━━━━━━━━━━━━━━━━━━━━━━━
    │
    ╰ help: https://book.getfoundry.sh/reference/forge/forge-lint#block-timestamp

warning[unsafe-typecast]: typecasts that can truncate values should be checked
    ╭▸ test\audit\GenesisOracleBootstrap.t.sol:183:59
    │
183 │         if (ghostSeeded && oracle.blockTimestampLast() != uint32(ghostBaselineAt)) transitionFailure = true;
    │                                                           ━━━━━━━━━━━━━━━━━━━━━━━
    │
    ├ note: consider disabling this lint if you're certain the cast is safe
    │       
    │       // casting to 'uint32' is safe because [explain why]
    │       // forge-lint: disable-next-line(unsafe-typecast)
    │       
    │       
    ╰ help: https://book.getfoundry.sh/reference/forge/forge-lint#unsafe-typecast

warning[erc20-unchecked-transfer]: ERC20 'transfer' and 'transferFrom' calls should check the return value
   ╭▸ test\Omerta.t.sol:36:9
   │
36 │         omr.transfer(address(vc), TRANCHE); // tranche 1
   │         ━━━━━━━━━━━━━━━━━━━━━━━━━━━━━━━━━━
   │
   ╰ help: https://book.getfoundry.sh/reference/forge/forge-lint#erc20-unchecked-transfer

warning[unsafe-typecast]: typecasts that can truncate values should be checked
    ╭▸ test\SettlementGasPoolMigration.t.sol:110:17
    │
110 │                 uint64(proposedAt),
    │                 ━━━━━━━━━━━━━━━━━━
    │
    ├ note: consider disabling this lint if you're certain the cast is safe
    │       
    │       // casting to 'uint64' is safe because [explain why]
    │       // forge-lint: disable-next-line(unsafe-typecast)
    │       
    │       
    ╰ help: https://book.getfoundry.sh/reference/forge/forge-lint#unsafe-typecast

warning[erc20-unchecked-transfer]: ERC20 'transfer' and 'transferFrom' calls should check the return value
   ╭▸ test\audit\OmertaHookObserverDoS.t.sol:94:9
   │
94 │         omr.transfer(address(this), 10_000_000e18);
   │         ━━━━━━━━━━━━━━━━━━━━━━━━━━━━━━━━━━━━━━━━━━
   │
   ╰ help: https://book.getfoundry.sh/reference/forge/forge-lint#erc20-unchecked-transfer

warning[erc20-unchecked-transfer]: ERC20 'transfer' and 'transferFrom' calls should check the return value
   ╭▸ test\audit\OmertaHookObserverDoS.t.sol:95:9
   │
95 │         omr.transfer(trader, 1_000_000e18);
   │         ━━━━━━━━━━━━━━━━━━━━━━━━━━━━━━━━━━
   │
   ╰ help: https://book.getfoundry.sh/reference/forge/forge-lint#erc20-unchecked-transfer

warning[unsafe-typecast]: typecasts that can truncate values should be checked
    ╭▸ test\audit\OmertaHookObserverDoS.t.sol:121:62
    │
121 │             SwapParams({zeroForOne: false, amountSpecified: -int256(omrIn), sqrtPriceLimitX96: SQRT_PRICE_1_1 * 2}),
    │                                                              ━━━━━━━━━━━━━
    │
    ├ note: consider disabling this lint if you're certain the cast is safe
    │       
    │       // casting to 'int256' is safe because [explain why]
    │       // forge-lint: disable-next-line(unsafe-typecast)
    │       
    │       
    ╰ help: https://book.getfoundry.sh/reference/forge/forge-lint#unsafe-typecast

warning[unsafe-typecast]: typecasts that can truncate values should be checked
   ╭▸ test\audit\PlayerSaleCapDomain.t.sol:17:43
   │
17 │                 abi.encodeCall(sale.cap, (uint8(tier)))
   │                                           ━━━━━━━━━━━
   │
   ├ note: consider disabling this lint if you're certain the cast is safe
   │       
   │       // casting to 'uint8' is safe because [explain why]
   │       // forge-lint: disable-next-line(unsafe-typecast)
   │       
   │       
   ╰ help: https://book.getfoundry.sh/reference/forge/forge-lint#unsafe-typecast

warning[block-timestamp]: usage of `block.timestamp` in a comparison may be manipulated by validators
    ╭▸ src\GenesisPlayerSale.sol:105:55
    │
105 │         if (cancelled || released || closesAt == 0 || block.timestamp < closesAt
    │                                                       ━━━━━━━━━━━━━━━━━━━━━━━━━━
    │
    ╰ help: https://book.getfoundry.sh/reference/forge/forge-lint#block-timestamp

warning[block-timestamp]: usage of `block.timestamp` in a comparison may be manipulated by validators
    ╭▸ src\GenesisPlayerSale.sol:106:16
    │
106 │             || block.timestamp >= migrationDeadline || requested[wallet] == 0 || settled[wallet]) revert WrongPhase();
    │                ━━━━━━━━━━━━━━━━━━━━━━━━━━━━━━━━━━━━
    │
    ╰ help: https://book.getfoundry.sh/reference/forge/forge-lint#block-timestamp

warning[block-timestamp]: usage of `block.timestamp` in a comparison may be manipulated by validators
    ╭▸ src\GenesisPlayerSale.sol:118:16
    │
118 │             || block.timestamp < closesAt || block.timestamp >= migrationDeadline
    │                ━━━━━━━━━━━━━━━━━━━━━━━━━━
    │
    ╰ help: https://book.getfoundry.sh/reference/forge/forge-lint#block-timestamp

warning[block-timestamp]: usage of `block.timestamp` in a comparison may be manipulated by validators
    ╭▸ src\GenesisPlayerSale.sol:118:46
    │
118 │             || block.timestamp < closesAt || block.timestamp >= migrationDeadline
    │                                              ━━━━━━━━━━━━━━━━━━━━━━━━━━━━━━━━━━━━
    │
    ╰ help: https://book.getfoundry.sh/reference/forge/forge-lint#block-timestamp

warning[block-timestamp]: usage of `block.timestamp` in a comparison may be manipulated by validators
    ╭▸ src\GenesisPlayerSale.sol:127:38
    │
127 │         if (released || cancelled || block.timestamp < migrationDeadline) revert WrongPhase();
    │                                      ━━━━━━━━━━━━━━━━━━━━━━━━━━━━━━━━━━━
    │
    ╰ help: https://book.getfoundry.sh/reference/forge/forge-lint#block-timestamp

warning[erc20-unchecked-transfer]: ERC20 'transfer' and 'transferFrom' calls should check the return value
   ╭▸ test\Omerta.t.sol:39:9
   │
39 │         omr.transfer(player, 10_000e18); // player working capital
   │         ━━━━━━━━━━━━━━━━━━━━━━━━━━━━━━━
   │
   ╰ help: https://book.getfoundry.sh/reference/forge/forge-lint#erc20-unchecked-transfer

warning[unsafe-typecast]: typecasts that can truncate values should be checked
    ╭▸ test\market-v2\OmertaHookV2.t.sol:264:31
    │
264 │         assertEq(beforeWrite, int56(int256(tick) * int256(elapsed)));
    │                               ━━━━━━━━━━━━━━━━━━━━━━━━━━━━━━━━━━━━━
    │
    ├ note: consider disabling this lint if you're certain the cast is safe
    │       
    │       // casting to 'int56' is safe because [explain why]
    │       // forge-lint: disable-next-line(unsafe-typecast)
    │       
    │       
    ╰ help: https://book.getfoundry.sh/reference/forge/forge-lint#unsafe-typecast

warning[erc20-unchecked-transfer]: ERC20 'transfer' and 'transferFrom' calls should check the return value
   ╭▸ test\Bank.t.sol:57:9
   │
57 │         MockUSDC(asset()).transfer(address(0xdead), a);
   │         ━━━━━━━━━━━━━━━━━━━━━━━━━━━━━━━━━━━━━━━━━━━━━━
   │
   ╰ help: https://book.getfoundry.sh/reference/forge/forge-lint#erc20-unchecked-transfer

warning[block-timestamp]: usage of `block.timestamp` in a comparison may be manipulated by validators
    ╭▸ src\market-v2\OmertaCommitmentVaultV2.sol:235:16
    │
235 │             || s.observedAt > block.timestamp || block.timestamp - s.observedAt > maxObservationAge
    │                ━━━━━━━━━━━━━━━━━━━━━━━━━━━━━━
    │
    ╰ help: https://book.getfoundry.sh/reference/forge/forge-lint#block-timestamp

warning[unsafe-typecast]: typecasts that can truncate values should be checked
    ╭▸ src\ProtocolLiquidityVault.sol:421:82
    │
421 │         permit2.approve(address(omr), address(positionManager), uint160(omrMax), uint48(deadline));
    │                                                                                  ━━━━━━━━━━━━━━━━
    │
    ├ note: consider disabling this lint if you're certain the cast is safe
    │       
    │       // casting to 'uint48' is safe because [explain why]
    │       // forge-lint: disable-next-line(unsafe-typecast)
    │       
    │       
    ╰ help: https://book.getfoundry.sh/reference/forge/forge-lint#unsafe-typecast

warning[erc20-unchecked-transfer]: ERC20 'transfer' and 'transferFrom' calls should check the return value
    ╭▸ test\Bank.t.sol:785:9
    │
785 │         usdc.transfer(address(t), 500_000 * M);
    │         ━━━━━━━━━━━━━━━━━━━━━━━━━━━━━━━━━━━━━━
    │
    ╰ help: https://book.getfoundry.sh/reference/forge/forge-lint#erc20-unchecked-transfer

warning[block-timestamp]: usage of `block.timestamp` in a comparison may be manipulated by validators
    ╭▸ src\market-v2\OmertaCommitmentVaultV2.sol:235:50
    │
235 │             || s.observedAt > block.timestamp || block.timestamp - s.observedAt > maxObservationAge
    │                                                  ━━━━━━━━━━━━━━━━━━━━━━━━━━━━━━━━━━━━━━━━━━━━━━━━━━
    │
    ╰ help: https://book.getfoundry.sh/reference/forge/forge-lint#block-timestamp

warning[unsafe-typecast]: typecasts that can truncate values should be checked
    ╭▸ src\ProtocolLiquidityVault.sol:437:38
    │
437 │         _spends[slot].nativeAmount = uint128(nativeUsed);
    │                                      ━━━━━━━━━━━━━━━━━━━
    │
    ├ note: consider disabling this lint if you're certain the cast is safe
    │       
    │       // casting to 'uint128' is safe because [explain why]
    │       // forge-lint: disable-next-line(unsafe-typecast)
    │       
    │       
    ╰ help: https://book.getfoundry.sh/reference/forge/forge-lint#unsafe-typecast

warning[divide-before-multiply]: multiplication should occur before division to avoid loss of precision
    ╭▸ test\StockTokenRegistryV2.t.sol:611:33
    │
611 │         uint256 closeBoundary = (block.timestamp / 1 days) * 1 days;
    │                                 ━━━━━━━━━━━━━━━━━━━━━━━━━━━━━━━━━━━
    │
    ╰ help: https://book.getfoundry.sh/reference/forge/forge-lint#divide-before-multiply

warning[divide-before-multiply]: multiplication should occur before division to avoid loss of precision
    ╭▸ test\OmertaBond.t.sol:652:28
    │
652 │         uint256 ceiling = ((PRICE / 2) * (10000 + TOLERANCE_BPS)) / 10000;
    │                            ━━━━━━━━━━━━━━━━━━━━━━━━━━━━━━━━━━━━━
    │
    ╰ help: https://book.getfoundry.sh/reference/forge/forge-lint#divide-before-multiply

warning[erc20-unchecked-transfer]: ERC20 'transfer' and 'transferFrom' calls should check the return value
   ╭▸ test\OmertaBond.t.sol:96:9
   │
96 │         omr.transfer(address(bond), TRANCHE); // a surplus balance, so `sweep` has something to pull
   │         ━━━━━━━━━━━━━━━━━━━━━━━━━━━━━━━━━━━━
   │
   ╰ help: https://book.getfoundry.sh/reference/forge/forge-lint#erc20-unchecked-transfer

warning[unsafe-typecast]: typecasts that can truncate values should be checked
    ╭▸ src\ProtocolLiquidityVault.sol:438:35
    │
438 │         _spends[slot].omrAmount = uint128(omrUsed);
    │                                   ━━━━━━━━━━━━━━━━
    │
    ├ note: consider disabling this lint if you're certain the cast is safe
    │       
    │       // casting to 'uint128' is safe because [explain why]
    │       // forge-lint: disable-next-line(unsafe-typecast)
    │       
    │       
    ╰ help: https://book.getfoundry.sh/reference/forge/forge-lint#unsafe-typecast

warning[unsafe-typecast]: typecasts that can truncate values should be checked
    ╭▸ src\genesis-auction\vendor\solady\utils\FixedPointMathLib.sol:269:85
    │
269 │                 (uint256(r) * 3822833074963236453042738258902158003155416615667) >> uint256(195 - k)
    │                                                                                     ━━━━━━━━━━━━━━━━
    │
    ├ note: consider disabling this lint if you're certain the cast is safe
    │       
    │       // casting to 'uint256' is safe because [explain why]
    │       // forge-lint: disable-next-line(unsafe-typecast)
    │       
    │       
    ╰ help: https://book.getfoundry.sh/reference/forge/forge-lint#unsafe-typecast

warning[unsafe-typecast]: typecasts that can truncate values should be checked
    ╭▸ src\genesis-auction\vendor\solady\utils\FixedPointMathLib.sol:357:39
    │
357 │             (int256 wad, int256 p) = (int256(WAD), x);
    │                                       ━━━━━━━━━━━
    │
    ├ note: consider disabling this lint if you're certain the cast is safe
    │       
    │       // casting to 'int256' is safe because [explain why]
    │       // forge-lint: disable-next-line(unsafe-typecast)
    │       
    │       
    ╰ help: https://book.getfoundry.sh/reference/forge/forge-lint#unsafe-typecast

warning[block-timestamp]: usage of `block.timestamp` in a comparison may be manipulated by validators
   ╭▸ src\RwaHealthOverlay.sol:99:13
   │
99 │         if (block.timestamp < value.approvedAt || block.timestamp >= value.clearanceDeadline) revert();
   │             ━━━━━━━━━━━━━━━━━━━━━━━━━━━━━━━━━━
   │
   ╰ help: https://book.getfoundry.sh/reference/forge/forge-lint#block-timestamp

warning[block-timestamp]: usage of `block.timestamp` in a comparison may be manipulated by validators
   ╭▸ src\RwaHealthOverlay.sol:99:51
   │
99 │         if (block.timestamp < value.approvedAt || block.timestamp >= value.clearanceDeadline) revert();
   │                                                   ━━━━━━━━━━━━━━━━━━━━━━━━━━━━━━━━━━━━━━━━━━
   │
   ╰ help: https://book.getfoundry.sh/reference/forge/forge-lint#block-timestamp

warning[unsafe-typecast]: typecasts that can truncate values should be checked
    ╭▸ test\market-v2\OmertaHookV2.t.sol:264:52
    │
264 │         assertEq(beforeWrite, int56(int256(tick) * int256(elapsed)));
    │                                                    ━━━━━━━━━━━━━━━
    │
    ├ note: consider disabling this lint if you're certain the cast is safe
    │       
    │       // casting to 'int256' is safe because [explain why]
    │       // forge-lint: disable-next-line(unsafe-typecast)
    │       
    │       
    ╰ help: https://book.getfoundry.sh/reference/forge/forge-lint#unsafe-typecast

warning[unsafe-typecast]: typecasts that can truncate values should be checked
    ╭▸ src\market-v2\OmertaCommitmentVaultV2.sol:223:94
    │
223 │         uint256 nativeDepth = SqrtPriceMath.getAmount0Delta(mid, TickMath.getSqrtPriceAtTick(int24(upper)), liquidity, false);
    │                                                                                              ━━━━━━━━━━━━
    │
    ├ note: consider disabling this lint if you're certain the cast is safe
    │       
    │       // casting to 'int24' is safe because [explain why]
    │       // forge-lint: disable-next-line(unsafe-typecast)
    │       
    │       
    ╰ help: https://book.getfoundry.sh/reference/forge/forge-lint#unsafe-typecast

warning[unsafe-typecast]: typecasts that can truncate values should be checked
    ╭▸ src\market-v2\OmertaCommitmentVaultV2.sol:224:86
    │
224 │         uint256 omrDepth = SqrtPriceMath.getAmount1Delta(TickMath.getSqrtPriceAtTick(int24(lower)), mid, liquidity, false);
    │                                                                                      ━━━━━━━━━━━━
    │
    ├ note: consider disabling this lint if you're certain the cast is safe
    │       
    │       // casting to 'int24' is safe because [explain why]
    │       // forge-lint: disable-next-line(unsafe-typecast)
    │       
    │       
    ╰ help: https://book.getfoundry.sh/reference/forge/forge-lint#unsafe-typecast

warning[unsafe-typecast]: typecasts that can truncate values should be checked
    ╭▸ src\market-v2\OmertaCommitmentVaultV2.sol:227:64
    │
227 │         return depth > type(uint128).max ? type(uint128).max : uint128(depth);
    │                                                                ━━━━━━━━━━━━━━
    │
    ├ note: consider disabling this lint if you're certain the cast is safe
    │       
    │       // casting to 'uint128' is safe because [explain why]
    │       // forge-lint: disable-next-line(unsafe-typecast)
    │       
    │       
    ╰ help: https://book.getfoundry.sh/reference/forge/forge-lint#unsafe-typecast

warning[block-timestamp]: usage of `block.timestamp` in a comparison may be manipulated by validators
   ╭▸ src\market-v2\OmertaGameSettlementV2.sol:53:13
   │
53 │         if (block.timestamp >= startsAt) revert InvalidBinding();
   │             ━━━━━━━━━━━━━━━━━━━━━━━━━━━
   │
   ╰ help: https://book.getfoundry.sh/reference/forge/forge-lint#block-timestamp

warning[unsafe-typecast]: typecasts that can truncate values should be checked
   ╭▸ test\CharacterLaunchAudit.t.sol:83:51
   │
83 │             if (reason.length >= 4) nestedError = bytes4(reason);
   │                                                   ━━━━━━━━━━━━━━
   │
   ├ note: consider disabling this lint if you're certain the cast is safe
   │       
   │       // casting to 'bytes4' is safe because [explain why]
   │       // forge-lint: disable-next-line(unsafe-typecast)
   │       
   │       
   ╰ help: https://book.getfoundry.sh/reference/forge/forge-lint#unsafe-typecast

warning[unsafe-typecast]: typecasts that can truncate values should be checked
    ╭▸ test\CharacterLaunchAudit.t.sol:119:51
    │
119 │             if (reason.length >= 4) nestedError = bytes4(reason);
    │                                                   ━━━━━━━━━━━━━━
    │
    ├ note: consider disabling this lint if you're certain the cast is safe
    │       
    │       // casting to 'bytes4' is safe because [explain why]
    │       // forge-lint: disable-next-line(unsafe-typecast)
    │       
    │       
    ╰ help: https://book.getfoundry.sh/reference/forge/forge-lint#unsafe-typecast

warning[block-timestamp]: usage of `block.timestamp` in a comparison may be manipulated by validators
     ╭▸ test\ProtocolLiquidityVault.t.sol:1103:31
     │
1103 │         if (vault.paused() || block.timestamp < vault.activationTimestamp() + vault.warmup()) {
     │                               ━━━━━━━━━━━━━━━━━━━━━━━━━━━━━━━━━━━━━━━━━━━━━━━━━━━━━━━━━━━━━━
     │
     ╰ help: https://book.getfoundry.sh/reference/forge/forge-lint#block-timestamp

warning[divide-before-multiply]: multiplication should occur before division to avoid loss of precision
   ╭▸ test\OmrTwapOracle.t.sol:60:41
   │
60 │                 price0CumulativeLast += ((uint256(r1) << 112) / r0) * elapsed;
   │                                         ━━━━━━━━━━━━━━━━━━━━━━━━━━━━━━━━━━━━━
   │
   ╰ help: https://book.getfoundry.sh/reference/forge/forge-lint#divide-before-multiply

warning[divide-before-multiply]: multiplication should occur before division to avoid loss of precision
   ╭▸ test\OmrTwapOracle.t.sol:61:41
   │
61 │                 price1CumulativeLast += ((uint256(r0) << 112) / r1) * elapsed;
   │                                         ━━━━━━━━━━━━━━━━━━━━━━━━━━━━━━━━━━━━━
   │
   ╰ help: https://book.getfoundry.sh/reference/forge/forge-lint#divide-before-multiply

warning[erc20-unchecked-transfer]: ERC20 'transfer' and 'transferFrom' calls should check the return value
    ╭▸ test\OmertaHook.t.sol:134:9
    │
134 │         omr.transfer(address(this), 10_000_000e18);
    │         ━━━━━━━━━━━━━━━━━━━━━━━━━━━━━━━━━━━━━━━━━━
    │
    ╰ help: https://book.getfoundry.sh/reference/forge/forge-lint#erc20-unchecked-transfer

warning[erc20-unchecked-transfer]: ERC20 'transfer' and 'transferFrom' calls should check the return value
    ╭▸ test\OmertaHook.t.sol:135:9
    │
135 │         omr.transfer(trader, 1_000_000e18);
    │         ━━━━━━━━━━━━━━━━━━━━━━━━━━━━━━━━━━
    │
    ╰ help: https://book.getfoundry.sh/reference/forge/forge-lint#erc20-unchecked-transfer

warning[unsafe-typecast]: typecasts that can truncate values should be checked
    ╭▸ test\OmertaHook.t.sol:170:61
    │
170 │         uint256 value = zeroForOne && amountSpecified < 0 ? uint256(-amountSpecified) : 0;
    │                                                             ━━━━━━━━━━━━━━━━━━━━━━━━━
    │
    ├ note: consider disabling this lint if you're certain the cast is safe
    │       
    │       // casting to 'uint256' is safe because [explain why]
    │       // forge-lint: disable-next-line(unsafe-typecast)
    │       
    │       
    ╰ help: https://book.getfoundry.sh/reference/forge/forge-lint#unsafe-typecast

warning[unsafe-typecast]: typecasts that can truncate values should be checked
    ╭▸ test\OmertaHook.t.sol:186:30
    │
186 │         return _swap(false, -int256(omrIn));
    │                              ━━━━━━━━━━━━━
    │
    ├ note: consider disabling this lint if you're certain the cast is safe
    │       
    │       // casting to 'int256' is safe because [explain why]
    │       // forge-lint: disable-next-line(unsafe-typecast)
    │       
    │       
    ╰ help: https://book.getfoundry.sh/reference/forge/forge-lint#unsafe-typecast

warning[block-timestamp]: usage of `block.timestamp` in a comparison may be manipulated by validators
    ╭▸ src\market-v2\OmertaGameSettlementV2.sol:141:37
    │
141 │         if (siege.expiresAt == 0 || block.timestamp < siege.expiresAt) revert InvalidBinding();
    │                                     ━━━━━━━━━━━━━━━━━━━━━━━━━━━━━━━━━
    │
    ╰ help: https://book.getfoundry.sh/reference/forge/forge-lint#block-timestamp

warning[unsafe-typecast]: typecasts that can truncate values should be checked
    ╭▸ src\genesis-auction\vendor\solady\utils\FixedPointMathLib.sol:366:24
    │
366 │             } else if (uint256(w >> 63) == uint256(0)) {
    │                        ━━━━━━━━━━━━━━━━
    │
    ├ note: consider disabling this lint if you're certain the cast is safe
    │       
    │       // casting to 'uint256' is safe because [explain why]
    │       // forge-lint: disable-next-line(unsafe-typecast)
    │       
    │       
    ╰ help: https://book.getfoundry.sh/reference/forge/forge-lint#unsafe-typecast

warning[block-timestamp]: usage of `block.timestamp` in a comparison may be manipulated by validators
    ╭▸ src\RwaStockBuyer.sol:210:55
    │
210 │         if (oracleMinUnits == 0 || observedAt == 0 || observedAt > block.timestamp) revert QuoteUnavailable();
    │                                                       ━━━━━━━━━━━━━━━━━━━━━━━━━━━━
    │
    ╰ help: https://book.getfoundry.sh/reference/forge/forge-lint#block-timestamp

warning[unsafe-typecast]: typecasts that can truncate values should be checked
   ╭▸ test\ProtocolLiquidityVault.t.sol:99:39
   │
99 │         reentryRejected = !success && bytes4(result) == ReentrancyGuard.ReentrancyGuardReentrantCall.selector;
   │                                       ━━━━━━━━━━━━━━
   │
   ├ note: consider disabling this lint if you're certain the cast is safe
   │       
   │       // casting to 'bytes4' is safe because [explain why]
   │       // forge-lint: disable-next-line(unsafe-typecast)
   │       
   │       
   ╰ help: https://book.getfoundry.sh/reference/forge/forge-lint#unsafe-typecast

warning[unsafe-typecast]: typecasts that can truncate values should be checked
    ╭▸ test\market-v2\OmertaHookV2.t.sol:275:25
    │
275 │         assertEq(later, int56(int256(tick) * int256(elapsed + 600)));
    │                         ━━━━━━━━━━━━━━━━━━━━━━━━━━━━━━━━━━━━━━━━━━━
    │
    ├ note: consider disabling this lint if you're certain the cast is safe
    │       
    │       // casting to 'int56' is safe because [explain why]
    │       // forge-lint: disable-next-line(unsafe-typecast)
    │       
    │       
    ╰ help: https://book.getfoundry.sh/reference/forge/forge-lint#unsafe-typecast

warning[unsafe-typecast]: typecasts that can truncate values should be checked
     ╭▸ src\genesis-auction\vendor\solady\utils\FixedPointMathLib.sol:1079:18
     │
1079 │             z = (uint256(x) + uint256(x >> 255)) ^ uint256(x >> 255);
     │                  ━━━━━━━━━━
     │
     ├ note: consider disabling this lint if you're certain the cast is safe
     │       
     │       // casting to 'uint256' is safe because [explain why]
     │       // forge-lint: disable-next-line(unsafe-typecast)
     │       
     │       
     ╰ help: https://book.getfoundry.sh/reference/forge/forge-lint#unsafe-typecast

warning[erc20-unchecked-transfer]: ERC20 'transfer' and 'transferFrom' calls should check the return value
    ╭▸ test\fizz\Base.sol:134:13
    │
134 │             oMR.transfer(actors[i], INITIAL_OMR_BALANCE);
    │             ━━━━━━━━━━━━━━━━━━━━━━━━━━━━━━━━━━━━━━━━━━━━
    │
    ╰ help: https://book.getfoundry.sh/reference/forge/forge-lint#erc20-unchecked-transfer

warning[erc20-unchecked-transfer]: ERC20 'transfer' and 'transferFrom' calls should check the return value
    ╭▸ test\ProtocolLiquidityVault.t.sol:172:9
    │
172 │         omr.transfer(address(this), 10_000 ether);
    │         ━━━━━━━━━━━━━━━━━━━━━━━━━━━━━━━━━━━━━━━━━
    │
    ╰ help: https://book.getfoundry.sh/reference/forge/forge-lint#erc20-unchecked-transfer

warning[block-timestamp]: usage of `block.timestamp` in a comparison may be manipulated by validators
    ╭▸ src\RwaStockBuyer.sol:211:13
    │
211 │         if (block.timestamp - observedAt > maxQuoteAge) revert QuoteStale();
    │             ━━━━━━━━━━━━━━━━━━━━━━━━━━━━━━━━━━━━━━━━━━
    │
    ╰ help: https://book.getfoundry.sh/reference/forge/forge-lint#block-timestamp

warning[unsafe-typecast]: typecasts that can truncate values should be checked
     ╭▸ src\genesis-auction\vendor\solady\utils\FixedPointMathLib.sol:1079:31
     │
1079 │             z = (uint256(x) + uint256(x >> 255)) ^ uint256(x >> 255);
     │                               ━━━━━━━━━━━━━━━━━
     │
     ├ note: consider disabling this lint if you're certain the cast is safe
     │       
     │       // casting to 'uint256' is safe because [explain why]
     │       // forge-lint: disable-next-line(unsafe-typecast)
     │       
     │       
     ╰ help: https://book.getfoundry.sh/reference/forge/forge-lint#unsafe-typecast

warning[unsafe-typecast]: typecasts that can truncate values should be checked
   ╭▸ test\OmrV4TwapOracle.t.sol:73:48
   │
73 │             tickCumulative = _tickCumulative + int56(int256(_tick) * int256(elapsed));
   │                                                ━━━━━━━━━━━━━━━━━━━━━━━━━━━━━━━━━━━━━━
   │
   ├ note: consider disabling this lint if you're certain the cast is safe
   │       
   │       // casting to 'int56' is safe because [explain why]
   │       // forge-lint: disable-next-line(unsafe-typecast)
   │       
   │       
   ╰ help: https://book.getfoundry.sh/reference/forge/forge-lint#unsafe-typecast

warning[unsafe-typecast]: typecasts that can truncate values should be checked
    ╭▸ test\market-v2\OmertaHookV2.t.sol:275:46
    │
275 │         assertEq(later, int56(int256(tick) * int256(elapsed + 600)));
    │                                              ━━━━━━━━━━━━━━━━━━━━━
    │
    ├ note: consider disabling this lint if you're certain the cast is safe
    │       
    │       // casting to 'int256' is safe because [explain why]
    │       // forge-lint: disable-next-line(unsafe-typecast)
    │       
    │       
    ╰ help: https://book.getfoundry.sh/reference/forge/forge-lint#unsafe-typecast

warning[erc20-unchecked-transfer]: ERC20 'transfer' and 'transferFrom' calls should check the return value
    ╭▸ test\ProtocolLiquidityVault.t.sol:203:9
    │
203 │         omr.transfer(address(target), 1_000 ether);
    │         ━━━━━━━━━━━━━━━━━━━━━━━━━━━━━━━━━━━━━━━━━━
    │
    ╰ help: https://book.getfoundry.sh/reference/forge/forge-lint#erc20-unchecked-transfer

warning[unsafe-typecast]: typecasts that can truncate values should be checked
     ╭▸ src\genesis-auction\vendor\solady\utils\FixedPointMathLib.sol:1079:52
     │
1079 │             z = (uint256(x) + uint256(x >> 255)) ^ uint256(x >> 255);
     │                                                    ━━━━━━━━━━━━━━━━━
     │
     ├ note: consider disabling this lint if you're certain the cast is safe
     │       
     │       // casting to 'uint256' is safe because [explain why]
     │       // forge-lint: disable-next-line(unsafe-typecast)
     │       
     │       
     ╰ help: https://book.getfoundry.sh/reference/forge/forge-lint#unsafe-typecast

warning[unsafe-typecast]: typecasts that can truncate values should be checked
   ╭▸ test\OmrV4TwapOracle.t.sol:73:70
   │
73 │             tickCumulative = _tickCumulative + int56(int256(_tick) * int256(elapsed));
   │                                                                      ━━━━━━━━━━━━━━━
   │
   ├ note: consider disabling this lint if you're certain the cast is safe
   │       
   │       // casting to 'int256' is safe because [explain why]
   │       // forge-lint: disable-next-line(unsafe-typecast)
   │       
   │       
   ╰ help: https://book.getfoundry.sh/reference/forge/forge-lint#unsafe-typecast

warning[unsafe-typecast]: typecasts that can truncate values should be checked
    ╭▸ test\market-v2\OmertaHookV2.t.sol:280:58
    │
280 │         BalanceDelta result = _swap(false, exactOutput ? int256(amount) : -int256(amount));
    │                                                          ━━━━━━━━━━━━━━
    │
    ├ note: consider disabling this lint if you're certain the cast is safe
    │       
    │       // casting to 'int256' is safe because [explain why]
    │       // forge-lint: disable-next-line(unsafe-typecast)
    │       
    │       
    ╰ help: https://book.getfoundry.sh/reference/forge/forge-lint#unsafe-typecast

warning[unsafe-typecast]: typecasts that can truncate values should be checked
    ╭▸ test\market-v2\OmertaHookV2.t.sol:280:76
    │
280 │         BalanceDelta result = _swap(false, exactOutput ? int256(amount) : -int256(amount));
    │                                                                            ━━━━━━━━━━━━━━
    │
    ├ note: consider disabling this lint if you're certain the cast is safe
    │       
    │       // casting to 'int256' is safe because [explain why]
    │       // forge-lint: disable-next-line(unsafe-typecast)
    │       
    │       
    ╰ help: https://book.getfoundry.sh/reference/forge/forge-lint#unsafe-typecast

warning[unsafe-typecast]: typecasts that can truncate values should be checked
    ╭▸ test\market-v2\OmertaHookV2.t.sol:310:85
    │
310 │         router.swap{value: buy ? 100 ether : 0}(_key, SwapParams(buy, exactOutput ? int256(amount) : -int256(amount),
    │                                                                                     ━━━━━━━━━━━━━━
    │
    ├ note: consider disabling this lint if you're certain the cast is safe
    │       
    │       // casting to 'int256' is safe because [explain why]
    │       // forge-lint: disable-next-line(unsafe-typecast)
    │       
    │       
    ╰ help: https://book.getfoundry.sh/reference/forge/forge-lint#unsafe-typecast

warning[unsafe-typecast]: typecasts that can truncate values should be checked
    ╭▸ test\market-v2\OmertaHookV2.t.sol:310:103
    │
310 │         router.swap{value: buy ? 100 ether : 0}(_key, SwapParams(buy, exactOutput ? int256(amount) : -int256(amount),
    │                                                                                                       ━━━━━━━━━━━━━━
    │
    ├ note: consider disabling this lint if you're certain the cast is safe
    │       
    │       // casting to 'int256' is safe because [explain why]
    │       // forge-lint: disable-next-line(unsafe-typecast)
    │       
    │       
    ╰ help: https://book.getfoundry.sh/reference/forge/forge-lint#unsafe-typecast

warning[unsafe-typecast]: typecasts that can truncate values should be checked
    ╭▸ test\OmertaHook.t.sol:190:29
    │
190 │         return _swap(false, int256(ethOut));
    │                             ━━━━━━━━━━━━━━
    │
    ├ note: consider disabling this lint if you're certain the cast is safe
    │       
    │       // casting to 'int256' is safe because [explain why]
    │       // forge-lint: disable-next-line(unsafe-typecast)
    │       
    │       
    ╰ help: https://book.getfoundry.sh/reference/forge/forge-lint#unsafe-typecast

warning[erc20-unchecked-transfer]: ERC20 'transfer' and 'transferFrom' calls should check the return value
    ╭▸ test\ProtocolLiquidityVault.t.sol:371:9
    │
371 │         omr.transfer(address(vault), 23 ether);
    │         ━━━━━━━━━━━━━━━━━━━━━━━━━━━━━━━━━━━━━━
    │
    ╰ help: https://book.getfoundry.sh/reference/forge/forge-lint#erc20-unchecked-transfer

warning[unsafe-typecast]: typecasts that can truncate values should be checked
   ╭▸ test\OmrV4TwapOracle.t.sol:82:32
   │
82 │             _tickCumulative += int56(int256(_tick) * int256(elapsed));
   │                                ━━━━━━━━━━━━━━━━━━━━━━━━━━━━━━━━━━━━━━
   │
   ├ note: consider disabling this lint if you're certain the cast is safe
   │       
   │       // casting to 'int56' is safe because [explain why]
   │       // forge-lint: disable-next-line(unsafe-typecast)
   │       
   │       
   ╰ help: https://book.getfoundry.sh/reference/forge/forge-lint#unsafe-typecast

warning[unsafe-typecast]: typecasts that can truncate values should be checked
   ╭▸ test\OmrV4TwapOracle.t.sol:82:54
   │
82 │             _tickCumulative += int56(int256(_tick) * int256(elapsed));
   │                                                      ━━━━━━━━━━━━━━━
   │
   ├ note: consider disabling this lint if you're certain the cast is safe
   │       
   │       // casting to 'int256' is safe because [explain why]
   │       // forge-lint: disable-next-line(unsafe-typecast)
   │       
   │       
   ╰ help: https://book.getfoundry.sh/reference/forge/forge-lint#unsafe-typecast

warning[unsafe-typecast]: typecasts that can truncate values should be checked
    ╭▸ test\ProtocolLiquidityVault.t.sol:701:56
    │
701 │         (uint128 added,,) = vault.increase(0.05 ether, uint128(bought), 0.04 ether, block.timestamp);
    │                                                        ━━━━━━━━━━━━━━━
    │
    ├ note: consider disabling this lint if you're certain the cast is safe
    │       
    │       // casting to 'uint128' is safe because [explain why]
    │       // forge-lint: disable-next-line(unsafe-typecast)
    │       
    │       
    ╰ help: https://book.getfoundry.sh/reference/forge/forge-lint#unsafe-typecast

warning[unsafe-typecast]: typecasts that can truncate values should be checked
     ╭▸ test\ProtocolLiquidityVault.t.sol:1008:35
     │
1008 │             SwapParams(nativeIn, -int256(input), nativeIn ? TickMath.MIN_SQRT_PRICE + 1 : TickMath.MAX_SQRT_PRICE - 1),
     │                                   ━━━━━━━━━━━━━
     │
     ├ note: consider disabling this lint if you're certain the cast is safe
     │       
     │       // casting to 'int256' is safe because [explain why]
     │       // forge-lint: disable-next-line(unsafe-typecast)
     │       
     │       
     ╰ help: https://book.getfoundry.sh/reference/forge/forge-lint#unsafe-typecast

warning[block-timestamp]: usage of `block.timestamp` in a comparison may be manipulated by validators
    ╭▸ src\StockVault.sol:188:17
    │
188 │         require(auth.deadline >= block.timestamp, "SV: authorization expired");
    │                 ━━━━━━━━━━━━━━━━━━━━━━━━━━━━━━━━
    │
    ╰ help: https://book.getfoundry.sh/reference/forge/forge-lint#block-timestamp

warning[block-timestamp]: usage of `block.timestamp` in a comparison may be manipulated by validators
    ╭▸ src\StreetDeed.sol:169:17
    │
169 │         require(block.timestamp <= v.deadline, "SD: expired");
    │                 ━━━━━━━━━━━━━━━━━━━━━━━━━━━━━
    │
    ╰ help: https://book.getfoundry.sh/reference/forge/forge-lint#block-timestamp

warning[block-timestamp]: usage of `block.timestamp` in a comparison may be manipulated by validators
    ╭▸ src\StreetDeed.sol:170:17
    │
170 │         require(v.deadline <= block.timestamp + MAX_VOUCHER_TTL, "SD: deadline too far");
    │                 ━━━━━━━━━━━━━━━━━━━━━━━━━━━━━━━━━━━━━━━━━━━━━━━
    │
    ╰ help: https://book.getfoundry.sh/reference/forge/forge-lint#block-timestamp

warning[block-timestamp]: usage of `block.timestamp` in a comparison may be manipulated by validators
    ╭▸ src\VoucherClaim.sol:124:17
    │
124 │         require(block.timestamp <= v.deadline, "VC: expired");
    │                 ━━━━━━━━━━━━━━━━━━━━━━━━━━━━━
    │
    ╰ help: https://book.getfoundry.sh/reference/forge/forge-lint#block-timestamp

warning[block-timestamp]: usage of `block.timestamp` in a comparison may be manipulated by validators
    ╭▸ src\VoucherClaim.sol:125:17
    │
125 │         require(v.deadline <= block.timestamp + MAX_VOUCHER_TTL, "VC: deadline too far");
    │                 ━━━━━━━━━━━━━━━━━━━━━━━━━━━━━━━━━━━━━━━━━━━━━━━
    │
    ╰ help: https://book.getfoundry.sh/reference/forge/forge-lint#block-timestamp

warning[unsafe-typecast]: typecasts that can truncate values should be checked
    ╭▸ test\OmertaHook.t.sol:194:29
    │
194 │         return _swap(true, -int256(ethIn));
    │                             ━━━━━━━━━━━━━
    │
    ├ note: consider disabling this lint if you're certain the cast is safe
    │       
    │       // casting to 'int256' is safe because [explain why]
    │       // forge-lint: disable-next-line(unsafe-typecast)
    │       
    │       
    ╰ help: https://book.getfoundry.sh/reference/forge/forge-lint#unsafe-typecast

warning[unsafe-typecast]: typecasts that can truncate values should be checked
   ╭▸ test\fizz\handlers\AlchemistHandler.sol:69:53
   │
69 │         if (selector == 0) _alchemist_setHarvestFee(uint16(arg0), arg2);
   │                                                     ━━━━━━━━━━━━
   │
   ├ note: consider disabling this lint if you're certain the cast is safe
   │       
   │       // casting to 'uint16' is safe because [explain why]
   │       // forge-lint: disable-next-line(unsafe-typecast)
   │       
   │       
   ╰ help: https://book.getfoundry.sh/reference/forge/forge-lint#unsafe-typecast

warning[unsafe-typecast]: typecasts that can truncate values should be checked
   ╭▸ test\fizz\handlers\AlchemistHandler.sol:70:54
   │
70 │         else if (selector == 1) _alchemist_setLtvBps(uint16(arg0));
   │                                                      ━━━━━━━━━━━━
   │
   ├ note: consider disabling this lint if you're certain the cast is safe
   │       
   │       // casting to 'uint16' is safe because [explain why]
   │       // forge-lint: disable-next-line(unsafe-typecast)
   │       
   │       
   ╰ help: https://book.getfoundry.sh/reference/forge/forge-lint#unsafe-typecast

warning[erc20-unchecked-transfer]: ERC20 'transfer' and 'transferFrom' calls should check the return value
     ╭▸ test\ProtocolLiquidityVault.t.sol:1055:9
     │
1055 │         omr.transfer(address(handler), 1_000 ether);
     │         ━━━━━━━━━━━━━━━━━━━━━━━━━━━━━━━━━━━━━━━━━━━
     │
     ╰ help: https://book.getfoundry.sh/reference/forge/forge-lint#erc20-unchecked-transfer

warning[unsafe-typecast]: typecasts that can truncate values should be checked
     ╭▸ src\genesis-auction\vendor\solady\utils\FixedPointMathLib.sol:1197:39
     │
1197 │             if (b >= a) return int256(uint256(a) + fullMulDiv(uint256(b - a),
     │                                       ━━━━━━━━━━
     │
     ├ note: consider disabling this lint if you're certain the cast is safe
     │       
     │       // casting to 'uint256' is safe because [explain why]
     │       // forge-lint: disable-next-line(unsafe-typecast)
     │       
     │       
     ╰ help: https://book.getfoundry.sh/reference/forge/forge-lint#unsafe-typecast

warning[unsafe-typecast]: typecasts that can truncate values should be checked
    ╭▸ test\OmertaHook.t.sol:644:39
    │
644 │         assertEq(beforeWrite, start + int56(int256(tick) * int256(block.timestamp - initialAt)));
    │                                       ━━━━━━━━━━━━━━━━━━━━━━━━━━━━━━━━━━━━━━━━━━━━━━━━━━━━━━━━━
    │
    ├ note: consider disabling this lint if you're certain the cast is safe
    │       
    │       // casting to 'int56' is safe because [explain why]
    │       // forge-lint: disable-next-line(unsafe-typecast)
    │       
    │       
    ╰ help: https://book.getfoundry.sh/reference/forge/forge-lint#unsafe-typecast

warning[unsafe-typecast]: typecasts that can truncate values should be checked
    ╭▸ test\OmertaHook.t.sol:644:60
    │
644 │         assertEq(beforeWrite, start + int56(int256(tick) * int256(block.timestamp - initialAt)));
    │                                                            ━━━━━━━━━━━━━━━━━━━━━━━━━━━━━━━━━━━
    │
    ├ note: consider disabling this lint if you're certain the cast is safe
    │       
    │       // casting to 'int256' is safe because [explain why]
    │       // forge-lint: disable-next-line(unsafe-typecast)
    │       
    │       
    ╰ help: https://book.getfoundry.sh/reference/forge/forge-lint#unsafe-typecast

warning[erc20-unchecked-transfer]: ERC20 'transfer' and 'transferFrom' calls should check the return value
   ╭▸ test\OMRTax.t.sol:25:9
   │
25 │         omr.transfer(seller, 10_000e18);
   │         ━━━━━━━━━━━━━━━━━━━━━━━━━━━━━━━
   │
   ╰ help: https://book.getfoundry.sh/reference/forge/forge-lint#erc20-unchecked-transfer

warning[erc20-unchecked-transfer]: ERC20 'transfer' and 'transferFrom' calls should check the return value
   ╭▸ test\OMRTax.t.sol:26:9
   │
26 │         omr.transfer(polManager, 10_000e18);
   │         ━━━━━━━━━━━━━━━━━━━━━━━━━━━━━━━━━━━
   │
   ╰ help: https://book.getfoundry.sh/reference/forge/forge-lint#erc20-unchecked-transfer

warning[erc20-unchecked-transfer]: ERC20 'transfer' and 'transferFrom' calls should check the return value
   ╭▸ test\OMRTax.t.sol:41:9
   │
41 │         omr.transfer(pool, 1000e18);
   │         ━━━━━━━━━━━━━━━━━━━━━━━━━━━
   │
   ╰ help: https://book.getfoundry.sh/reference/forge/forge-lint#erc20-unchecked-transfer

warning[erc20-unchecked-transfer]: ERC20 'transfer' and 'transferFrom' calls should check the return value
   ╭▸ test\OMRTax.t.sol:49:9
   │
49 │         omr.transfer(pool, 1000e18);
   │         ━━━━━━━━━━━━━━━━━━━━━━━━━━━
   │
   ╰ help: https://book.getfoundry.sh/reference/forge/forge-lint#erc20-unchecked-transfer

warning[erc20-unchecked-transfer]: ERC20 'transfer' and 'transferFrom' calls should check the return value
   ╭▸ test\OMRTax.t.sol:68:9
   │
68 │         omr.transfer(pool, 1000e18); // a 90e18 tax
   │         ━━━━━━━━━━━━━━━━━━━━━━━━━━━
   │
   ╰ help: https://book.getfoundry.sh/reference/forge/forge-lint#erc20-unchecked-transfer

warning[erc20-unchecked-transfer]: ERC20 'transfer' and 'transferFrom' calls should check the return value
   ╭▸ test\OMRTax.t.sol:83:9
   │
83 │         omr.transfer(pool, 1000e18); // seed the pool (taxed sell)
   │         ━━━━━━━━━━━━━━━━━━━━━━━━━━━
   │
   ╰ help: https://book.getfoundry.sh/reference/forge/forge-lint#erc20-unchecked-transfer

warning[erc20-unchecked-transfer]: ERC20 'transfer' and 'transferFrom' calls should check the return value
   ╭▸ test\OMRTax.t.sol:86:9
   │
86 │         omr.transfer(friend, 100e18);
   │         ━━━━━━━━━━━━━━━━━━━━━━━━━━━━
   │
   ╰ help: https://book.getfoundry.sh/reference/forge/forge-lint#erc20-unchecked-transfer

warning[erc20-unchecked-transfer]: ERC20 'transfer' and 'transferFrom' calls should check the return value
   ╭▸ test\OMRTax.t.sol:91:9
   │
91 │         omr.transfer(seller, 40e18);
   │         ━━━━━━━━━━━━━━━━━━━━━━━━━━━
   │
   ╰ help: https://book.getfoundry.sh/reference/forge/forge-lint#erc20-unchecked-transfer

warning[erc20-unchecked-transfer]: ERC20 'transfer' and 'transferFrom' calls should check the return value
   ╭▸ test\OMRTax.t.sol:95:9
   │
95 │         omr.transfer(otherPool, 100e18);
   │         ━━━━━━━━━━━━━━━━━━━━━━━━━━━━━━━
   │
   ╰ help: https://book.getfoundry.sh/reference/forge/forge-lint#erc20-unchecked-transfer

warning[erc20-unchecked-transfer]: ERC20 'transfer' and 'transferFrom' calls should check the return value
    ╭▸ test\OMRTax.t.sol:104:9
    │
104 │         omr.transfer(pool, 1000e18); // the POL manager adds liquidity tax-free
    │         ━━━━━━━━━━━━━━━━━━━━━━━━━━━
    │
    ╰ help: https://book.getfoundry.sh/reference/forge/forge-lint#erc20-unchecked-transfer

warning[erc20-unchecked-transfer]: ERC20 'transfer' and 'transferFrom' calls should check the return value
    ╭▸ test\OMRTax.t.sol:155:9
    │
155 │         omr.transfer(pool, amount);
    │         ━━━━━━━━━━━━━━━━━━━━━━━━━━
    │
    ╰ help: https://book.getfoundry.sh/reference/forge/forge-lint#erc20-unchecked-transfer

warning[unchecked-call]: Low-level calls should check the success return value
     ╭▸ test\AcquisitionAuthorityTask2.t.sol:1362:9
     │
1362 │ ┏         (, bytes memory snapshot) =
1363 │ ┃             address(authority).staticcall(abi.encodeWithSelector(authority.authoritySnapshot.selector));
     │ ┗━━━━━━━━━━━━━━━━━━━━━━━━━━━━━━━━━━━━━━━━━━━━━━━━━━━━━━━━━━━━━━━━━━━━━━━━━━━━━━━━━━━━━━━━━━━━━━━━━━━━━━━━┛
     │
     ╰ help: https://book.getfoundry.sh/reference/forge/forge-lint#unchecked-call

warning[unsafe-typecast]: typecasts that can truncate values should be checked
   ╭▸ test\fizz\handlers\TransmuterHandler.sol:27:58
   │
27 │         if (selector == 0) _transmuter_setBufferFloorBps(uint16(arg0));
   │                                                          ━━━━━━━━━━━━
   │
   ├ note: consider disabling this lint if you're certain the cast is safe
   │       
   │       // casting to 'uint16' is safe because [explain why]
   │       // forge-lint: disable-next-line(unsafe-typecast)
   │       
   │       
   ╰ help: https://book.getfoundry.sh/reference/forge/forge-lint#unsafe-typecast

warning[unsafe-typecast]: typecasts that can truncate values should be checked
    ╭▸ test\AcquisitionAuthorityTask2.t.sol:104:51
    │
104 │             require(callbackResult.length >= 4 && bytes4(callbackResult) == _callbackError);
    │                                                   ━━━━━━━━━━━━━━━━━━━━━━
    │
    ├ note: consider disabling this lint if you're certain the cast is safe
    │       
    │       // casting to 'bytes4' is safe because [explain why]
    │       // forge-lint: disable-next-line(unsafe-typecast)
    │       
    │       
    ╰ help: https://book.getfoundry.sh/reference/forge/forge-lint#unsafe-typecast

warning[unsafe-typecast]: typecasts that can truncate values should be checked
    ╭▸ test\AcquisitionAuthorityTask2.t.sol:252:45
    │
252 │         assertEq(bytes32(_word(result, 2)), bytes32("2"));
    │                                             ━━━━━━━━━━━━
    │
    ├ note: consider disabling this lint if you're certain the cast is safe
    │       
    │       // casting to 'bytes32' is safe because [explain why]
    │       // forge-lint: disable-next-line(unsafe-typecast)
    │       
    │       
    ╰ help: https://book.getfoundry.sh/reference/forge/forge-lint#unsafe-typecast

warning[unsafe-typecast]: typecasts that can truncate values should be checked
   ╭▸ test\fizz\utils\DecimalPrinter.sol:34:55
   │
34 │             return string(abi.encodePacked("-", toDec(uint256(-_value), decimals)));
   │                                                       ━━━━━━━━━━━━━━━━
   │
   ├ note: consider disabling this lint if you're certain the cast is safe
   │       
   │       // casting to 'uint256' is safe because [explain why]
   │       // forge-lint: disable-next-line(unsafe-typecast)
   │       
   │       
   ╰ help: https://book.getfoundry.sh/reference/forge/forge-lint#unsafe-typecast

warning[unsafe-typecast]: typecasts that can truncate values should be checked
   ╭▸ test\fizz\utils\DecimalPrinter.sol:36:26
   │
36 │             return toDec(uint256(_value), decimals);
   │                          ━━━━━━━━━━━━━━━
   │
   ├ note: consider disabling this lint if you're certain the cast is safe
   │       
   │       // casting to 'uint256' is safe because [explain why]
   │       // forge-lint: disable-next-line(unsafe-typecast)
   │       
   │       
   ╰ help: https://book.getfoundry.sh/reference/forge/forge-lint#unsafe-typecast

warning[unsafe-typecast]: typecasts that can truncate values should be checked
   ╭▸ test\fizz\utils\DecimalPrinter.sol:57:37
   │
57 │             buffer[digits] = bytes1(uint8(48 + _value % 10));
   │                                     ━━━━━━━━━━━━━━━━━━━━━━━
   │
   ├ note: consider disabling this lint if you're certain the cast is safe
   │       
   │       // casting to 'uint8' is safe because [explain why]
   │       // forge-lint: disable-next-line(unsafe-typecast)
   │       
   │       
   ╰ help: https://book.getfoundry.sh/reference/forge/forge-lint#unsafe-typecast

warning[unsafe-typecast]: typecasts that can truncate values should be checked
    ╭▸ test\AcquisitionAuthorityTask2.t.sol:901:22
    │
901 │             assertEq(bytes4(data), AcquisitionAuthority.AuthorityNotFinalized.selector);
    │                      ━━━━━━━━━━━━
    │
    ├ note: consider disabling this lint if you're certain the cast is safe
    │       
    │       // casting to 'bytes4' is safe because [explain why]
    │       // forge-lint: disable-next-line(unsafe-typecast)
    │       
    │       
    ╰ help: https://book.getfoundry.sh/reference/forge/forge-lint#unsafe-typecast

warning[divide-before-multiply]: multiplication should occur before division to avoid loss of precision
   ╭▸ test\fizz\utils\FuzzMocks.sol:76:41
   │
76 │                 price0CumulativeLast += ((uint256(reserve1) << 112) / reserve0) * elapsed;
   │                                         ━━━━━━━━━━━━━━━━━━━━━━━━━━━━━━━━━━━━━━━━━━━━━━━━━
   │
   ╰ help: https://book.getfoundry.sh/reference/forge/forge-lint#divide-before-multiply

warning[divide-before-multiply]: multiplication should occur before division to avoid loss of precision
   ╭▸ test\fizz\utils\FuzzMocks.sol:77:41
   │
77 │                 price1CumulativeLast += ((uint256(reserve0) << 112) / reserve1) * elapsed;
   │                                         ━━━━━━━━━━━━━━━━━━━━━━━━━━━━━━━━━━━━━━━━━━━━━━━━━
   │
   ╰ help: https://book.getfoundry.sh/reference/forge/forge-lint#divide-before-multiply

warning[block-timestamp]: usage of `block.timestamp` in a comparison may be manipulated by validators
    ╭▸ test\fizz\utils\MockERC20.sol:172:17
    │
172 │         require(deadline >= block.timestamp, "PERMIT_DEADLINE_EXPIRED");
    │                 ━━━━━━━━━━━━━━━━━━━━━━━━━━━
    │
    ╰ help: https://book.getfoundry.sh/reference/forge/forge-lint#block-timestamp

warning[block-timestamp]: usage of `block.timestamp` in a comparison may be manipulated by validators
   ╭▸ test\fizz\handlers\OmrTwapOracleHandler.sol:14:13
   │
14 │         if (block.timestamp <= due) skipTime(due - block.timestamp + 1);
   │             ━━━━━━━━━━━━━━━━━━━━━━
   │
   ╰ help: https://book.getfoundry.sh/reference/forge/forge-lint#block-timestamp

warning[unsafe-typecast]: typecasts that can truncate values should be checked
   ╭▸ test\fizz\utils\StringUtils.sol:10:41
   │
10 │         uint256 absValue = value >= 0 ? uint256(value) : uint256(-value);
   │                                         ━━━━━━━━━━━━━━
   │
   ├ note: consider disabling this lint if you're certain the cast is safe
   │       
   │       // casting to 'uint256' is safe because [explain why]
   │       // forge-lint: disable-next-line(unsafe-typecast)
   │       
   │       
   ╰ help: https://book.getfoundry.sh/reference/forge/forge-lint#unsafe-typecast

warning[unsafe-typecast]: typecasts that can truncate values should be checked
   ╭▸ test\fizz\utils\StringUtils.sol:10:58
   │
10 │         uint256 absValue = value >= 0 ? uint256(value) : uint256(-value);
   │                                                          ━━━━━━━━━━━━━━━
   │
   ├ note: consider disabling this lint if you're certain the cast is safe
   │       
   │       // casting to 'uint256' is safe because [explain why]
   │       // forge-lint: disable-next-line(unsafe-typecast)
   │       
   │       
   ╰ help: https://book.getfoundry.sh/reference/forge/forge-lint#unsafe-typecast

warning[unsafe-typecast]: typecasts that can truncate values should be checked
   ╭▸ test\fizz\utils\StringUtils.sol:70:31
   │
70 │             bytes1 b = bytes1(uint8(uint256(uint160(value)) / (2 ** (8 * (19 - i)))));
   │                               ━━━━━━━━━━━━━━━━━━━━━━━━━━━━━━━━━━━━━━━━━━━━━━━━━━━━━━
   │
   ├ note: consider disabling this lint if you're certain the cast is safe
   │       
   │       // casting to 'uint8' is safe because [explain why]
   │       // forge-lint: disable-next-line(unsafe-typecast)
   │       
   │       
   ╰ help: https://book.getfoundry.sh/reference/forge/forge-lint#unsafe-typecast

warning[unsafe-typecast]: typecasts that can truncate values should be checked
     ╭▸ test\AcquisitionAuthorityTask2.t.sol:1004:43
     │
1004 │         bytes memory highS = bytes.concat(bytes32(valid), bytes32(type(uint256).max), bytes1(uint8(27)));
     │                                           ━━━━━━━━━━━━━━
     │
     ├ note: consider disabling this lint if you're certain the cast is safe
     │       
     │       // casting to 'bytes32' is safe because [explain why]
     │       // forge-lint: disable-next-line(unsafe-typecast)
     │       
     │       
     ╰ help: https://book.getfoundry.sh/reference/forge/forge-lint#unsafe-typecast

warning[unsafe-typecast]: typecasts that can truncate values should be checked
     ╭▸ test\AcquisitionAuthorityTask2.t.sol:1005:46
     │
1005 │         bytes memory invalidV = bytes.concat(bytes32(valid), bytes32(uint256(1)), bytes1(uint8(29)));
     │                                              ━━━━━━━━━━━━━━
     │
     ├ note: consider disabling this lint if you're certain the cast is safe
     │       
     │       // casting to 'bytes32' is safe because [explain why]
     │       // forge-lint: disable-next-line(unsafe-typecast)
     │       
     │       
     ╰ help: https://book.getfoundry.sh/reference/forge/forge-lint#unsafe-typecast

warning[unsafe-typecast]: typecasts that can truncate values should be checked
     ╭▸ test\AcquisitionAuthorityTask2.t.sol:1027:68
     │
1027 │             address operator = _installOperator(authority, address(uint160(0xBEEF + i)));
     │                                                                    ━━━━━━━━━━━━━━━━━━━
     │
     ├ note: consider disabling this lint if you're certain the cast is safe
     │       
     │       // casting to 'uint160' is safe because [explain why]
     │       // forge-lint: disable-next-line(unsafe-typecast)
     │       
     │       
     ╰ help: https://book.getfoundry.sh/reference/forge/forge-lint#unsafe-typecast

warning[unsafe-typecast]: typecasts that can truncate values should be checked
     ╭▸ test\AcquisitionAuthorityTask2.t.sol:1031:39
     │
1031 │                 signature[j] = bytes1(uint8(j + 1));
     │                                       ━━━━━━━━━━━━
     │
     ├ note: consider disabling this lint if you're certain the cast is safe
     │       
     │       // casting to 'uint8' is safe because [explain why]
     │       // forge-lint: disable-next-line(unsafe-typecast)
     │       
     │       
     ╰ help: https://book.getfoundry.sh/reference/forge/forge-lint#unsafe-typecast

warning[unsafe-typecast]: typecasts that can truncate values should be checked
     ╭▸ test\AcquisitionAuthorityTask2.t.sol:1048:68
     │
1048 │             address operator = _installOperator(authority, address(uint160(0xCAFE + length)));
     │                                                                    ━━━━━━━━━━━━━━━━━━━━━━━━
     │
     ├ note: consider disabling this lint if you're certain the cast is safe
     │       
     │       // casting to 'uint160' is safe because [explain why]
     │       // forge-lint: disable-next-line(unsafe-typecast)
     │       
     │       
     ╰ help: https://book.getfoundry.sh/reference/forge/forge-lint#unsafe-typecast

warning[unsafe-typecast]: typecasts that can truncate values should be checked
     ╭▸ test\AcquisitionAuthorityTask2.t.sol:1071:68
     │
1071 │             address operator = _installOperator(authority, address(uint160(0xD000 + mode)));
     │                                                                    ━━━━━━━━━━━━━━━━━━━━━━
     │
     ├ note: consider disabling this lint if you're certain the cast is safe
     │       
     │       // casting to 'uint160' is safe because [explain why]
     │       // forge-lint: disable-next-line(unsafe-typecast)
     │       
     │       
     ╰ help: https://book.getfoundry.sh/reference/forge/forge-lint#unsafe-typecast

warning[unsafe-typecast]: typecasts that can truncate values should be checked
     ╭▸ test\AcquisitionAuthorityTask2.t.sol:1112:18
     │
1112 │         assertEq(bytes4(result), IAcquisitionAuthorityV2.InvalidSignature.selector);
     │                  ━━━━━━━━━━━━━━
     │
     ├ note: consider disabling this lint if you're certain the cast is safe
     │       
     │       // casting to 'bytes4' is safe because [explain why]
     │       // forge-lint: disable-next-line(unsafe-typecast)
     │       
     │       
     ╰ help: https://book.getfoundry.sh/reference/forge/forge-lint#unsafe-typecast

warning[unsafe-typecast]: typecasts that can truncate values should be checked
     ╭▸ test\AcquisitionAuthorityTask2.t.sol:1140:46
     │
1140 │             if (!ok && result.length >= 4 && bytes4(result) == expected && sawWallet == requireWalletCall) {
     │                                              ━━━━━━━━━━━━━━
     │
     ├ note: consider disabling this lint if you're certain the cast is safe
     │       
     │       // casting to 'bytes4' is safe because [explain why]
     │       // forge-lint: disable-next-line(unsafe-typecast)
     │       
     │       
     ╰ help: https://book.getfoundry.sh/reference/forge/forge-lint#unsafe-typecast

warning[unsafe-typecast]: typecasts that can truncate values should be checked
    ╭▸ test\RwaHealthOverlayInvariant.t.sol:105:30
    │
105 │             currentSeverity: uint8(seed % 2 + 1),
    │                              ━━━━━━━━━━━━━━━━━━━
    │
    ├ note: consider disabling this lint if you're certain the cast is safe
    │       
    │       // casting to 'uint8' is safe because [explain why]
    │       // forge-lint: disable-next-line(unsafe-typecast)
    │       
    │       
    ╰ help: https://book.getfoundry.sh/reference/forge/forge-lint#unsafe-typecast

warning[unsafe-typecast]: typecasts that can truncate values should be checked
    ╭▸ test\RwaHealthOverlayInvariant.t.sol:106:28
    │
106 │             stateSequence: uint64(nextGeneration % uint256(uint64(type(int64).max)) + 1),
    │                            ━━━━━━━━━━━━━━━━━━━━━━━━━━━━━━━━━━━━━━━━━━━━━━━━━━━━━━━━━━━━━
    │
    ├ note: consider disabling this lint if you're certain the cast is safe
    │       
    │       // casting to 'uint64' is safe because [explain why]
    │       // forge-lint: disable-next-line(unsafe-typecast)
    │       
    │       
    ╰ help: https://book.getfoundry.sh/reference/forge/forge-lint#unsafe-typecast

warning[block-timestamp]: usage of `block.timestamp` in a comparison may be manipulated by validators
   ╭▸ test\GenesisPlayerSaleInvariant.t.sol:34:27
   │
34 │         if (closeFirst && block.timestamp < sale.closesAt()) vm.warp(sale.closesAt());
   │                           ━━━━━━━━━━━━━━━━━━━━━━━━━━━━━━━━━
   │
   ╰ help: https://book.getfoundry.sh/reference/forge/forge-lint#block-timestamp

warning[block-timestamp]: usage of `block.timestamp` in a comparison may be manipulated by validators
   ╭▸ test\GenesisPlayerSaleInvariant.t.sol:38:13
   │
38 │         if (block.timestamp < sale.closesAt()) vm.warp(sale.closesAt());
   │             ━━━━━━━━━━━━━━━━━━━━━━━━━━━━━━━━━
   │
   ╰ help: https://book.getfoundry.sh/reference/forge/forge-lint#block-timestamp

warning[unsafe-typecast]: typecasts that can truncate values should be checked
   ╭▸ test\GenesisPlayerSaleInvariant.t.sol:20:79
   │
20 │     function wallet(uint256 i) public pure returns (address) { return address(uint160(0x1000 + i)); }
   │                                                                               ━━━━━━━━━━━━━━━━━━━
   │
   ├ note: consider disabling this lint if you're certain the cast is safe
   │       
   │       // casting to 'uint160' is safe because [explain why]
   │       // forge-lint: disable-next-line(unsafe-typecast)
   │       
   │       
   ╰ help: https://book.getfoundry.sh/reference/forge/forge-lint#unsafe-typecast

warning[unsafe-typecast]: typecasts that can truncate values should be checked
   ╭▸ test\GenesisPlayerSaleInvariant.t.sol:31:66
   │
31 │         try sale.contribute{value: value}(wrongTier ? uint8(5) : uint8(i + 1), proof) {} catch {}
   │                                                                  ━━━━━━━━━━━━
   │
   ├ note: consider disabling this lint if you're certain the cast is safe
   │       
   │       // casting to 'uint8' is safe because [explain why]
   │       // forge-lint: disable-next-line(unsafe-typecast)
   │       
   │       
   ╰ help: https://book.getfoundry.sh/reference/forge/forge-lint#unsafe-typecast

warning[unsafe-typecast]: typecasts that can truncate values should be checked
   ╭▸ test\GenesisPlayerSaleInvariant.t.sol:76:35
   │
76 │             address who = address(uint160(0x1000 + i)); vm.deal(who, 1000 ether);
   │                                   ━━━━━━━━━━━━━━━━━━━
   │
   ├ note: consider disabling this lint if you're certain the cast is safe
   │       
   │       // casting to 'uint160' is safe because [explain why]
   │       // forge-lint: disable-next-line(unsafe-typecast)
   │       
   │       
   ╰ help: https://book.getfoundry.sh/reference/forge/forge-lint#unsafe-typecast

warning[unsafe-typecast]: typecasts that can truncate values should be checked
   ╭▸ test\GenesisPlayerSaleInvariant.t.sol:77:100
   │
77 │             leaves[i] = keccak256(bytes.concat(keccak256(abi.encode(block.chainid, predicted, who, uint8(i + 1)))));
   │                                                                                                    ━━━━━━━━━━━━
   │
   ├ note: consider disabling this lint if you're certain the cast is safe
   │       
   │       // casting to 'uint8' is safe because [explain why]
   │       // forge-lint: disable-next-line(unsafe-typecast)
   │       
   │       
   ╰ help: https://book.getfoundry.sh/reference/forge/forge-lint#unsafe-typecast

warning[unsafe-typecast]: typecasts that can truncate values should be checked
    ╭▸ test\GenesisPlayerSaleInvariant.t.sol:100:42
    │
100 │             assertLe(deposited, sale.cap(uint8(i + 1)));
    │                                          ━━━━━━━━━━━━
    │
    ├ note: consider disabling this lint if you're certain the cast is safe
    │       
    │       // casting to 'uint8' is safe because [explain why]
    │       // forge-lint: disable-next-line(unsafe-typecast)
    │       
    │       
    ╰ help: https://book.getfoundry.sh/reference/forge/forge-lint#unsafe-typecast

warning[unsafe-typecast]: typecasts that can truncate values should be checked
    ╭▸ test\GenesisPlayerSaleInvariant.t.sol:127:52
    │
127 │         for (uint256 i; i < 4; ++i) handler.refund(uint8(i));
    │                                                    ━━━━━━━━
    │
    ├ note: consider disabling this lint if you're certain the cast is safe
    │       
    │       // casting to 'uint8' is safe because [explain why]
    │       // forge-lint: disable-next-line(unsafe-typecast)
    │       
    │       
    ╰ help: https://book.getfoundry.sh/reference/forge/forge-lint#unsafe-typecast

warning[erc20-unchecked-transfer]: ERC20 'transfer' and 'transferFrom' calls should check the return value
   ╭▸ test\GenesisProceedsSplitter.t.sol:76:9
   │
76 │         omr.transfer(address(splitter), 1_653_750e18);
   │         ━━━━━━━━━━━━━━━━━━━━━━━━━━━━━━━━━━━━━━━━━━━━━
   │
   ╰ help: https://book.getfoundry.sh/reference/forge/forge-lint#erc20-unchecked-transfer

warning[unsafe-typecast]: typecasts that can truncate values should be checked
    ╭▸ test\GenesisWalletCap.t.sol:149:50
    │
149 │             uint256 used = cap.committed(address(uint160(0x1000 + i))); assertLe(used, 0.28 ether); sum += used;
    │                                                  ━━━━━━━━━━━━━━━━━━━
    │
    ├ note: consider disabling this lint if you're certain the cast is safe
    │       
    │       // casting to 'uint160' is safe because [explain why]
    │       // forge-lint: disable-next-line(unsafe-typecast)
    │       
    │       
    ╰ help: https://book.getfoundry.sh/reference/forge/forge-lint#unsafe-typecast

warning[unsafe-typecast]: typecasts that can truncate values should be checked
     ╭▸ src\genesis-auction\vendor\solady\utils\FixedPointMathLib.sol:1197:63
     │
1197 │             if (b >= a) return int256(uint256(a) + fullMulDiv(uint256(b - a),
     │                                                               ━━━━━━━━━━━━━━
     │
     ├ note: consider disabling this lint if you're certain the cast is safe
     │       
     │       // casting to 'uint256' is safe because [explain why]
     │       // forge-lint: disable-next-line(unsafe-typecast)
     │       
     │       
     ╰ help: https://book.getfoundry.sh/reference/forge/forge-lint#unsafe-typecast

warning[unsafe-typecast]: typecasts that can truncate values should be checked
     ╭▸ src\genesis-auction\vendor\solady\utils\FixedPointMathLib.sol:1198:17
     │
1198 │                 uint256(t - begin), uint256(end - begin)));
     │                 ━━━━━━━━━━━━━━━━━━
     │
     ├ note: consider disabling this lint if you're certain the cast is safe
     │       
     │       // casting to 'uint256' is safe because [explain why]
     │       // forge-lint: disable-next-line(unsafe-typecast)
     │       
     │       
     ╰ help: https://book.getfoundry.sh/reference/forge/forge-lint#unsafe-typecast

warning[unsafe-typecast]: typecasts that can truncate values should be checked
     ╭▸ src\genesis-auction\vendor\solady\utils\FixedPointMathLib.sol:1198:37
     │
1198 │                 uint256(t - begin), uint256(end - begin)));
     │                                     ━━━━━━━━━━━━━━━━━━━━
     │
     ├ note: consider disabling this lint if you're certain the cast is safe
     │       
     │       // casting to 'uint256' is safe because [explain why]
     │       // forge-lint: disable-next-line(unsafe-typecast)
     │       
     │       
     ╰ help: https://book.getfoundry.sh/reference/forge/forge-lint#unsafe-typecast

warning[erc20-unchecked-transfer]: ERC20 'transfer' and 'transferFrom' calls should check the return value
   ╭▸ test\GenesisLifecycleController.t.sol:92:9
   │
92 │         IERC20(token).transfer(tokensRecipient, IERC20(token).balanceOf(address(this)));
   │         ━━━━━━━━━━━━━━━━━━━━━━━━━━━━━━━━━━━━━━━━━━━━━━━━━━━━━━━━━━━━━━━━━━━━━━━━━━━━━━━
   │
   ╰ help: https://book.getfoundry.sh/reference/forge/forge-lint#erc20-unchecked-transfer

warning[unsafe-typecast]: typecasts that can truncate values should be checked
   ╭▸ test\LiquidityBuybackExecutor.t.sol:80:47
   │
80 │         if (reason.length >= 4) nestedError = bytes4(reason);
   │                                               ━━━━━━━━━━━━━━
   │
   ├ note: consider disabling this lint if you're certain the cast is safe
   │       
   │       // casting to 'bytes4' is safe because [explain why]
   │       // forge-lint: disable-next-line(unsafe-typecast)
   │       
   │       
   ╰ help: https://book.getfoundry.sh/reference/forge/forge-lint#unsafe-typecast

warning[block-timestamp]: usage of `block.timestamp` in a comparison may be manipulated by validators
    ╭▸ src\SettlementGasPool.sol:490:13
    │
490 │         if (block.timestamp < proposal.executableAt) return ProposalState.WAITING;
    │             ━━━━━━━━━━━━━━━━━━━━━━━━━━━━━━━━━━━━━━━
    │
    ╰ help: https://book.getfoundry.sh/reference/forge/forge-lint#block-timestamp

warning[unsafe-typecast]: typecasts that can truncate values should be checked
    ╭▸ test\AcquisitionConstellationCrosswalk.t.sol:744:25
    │
744 │         m.runtimeSize = uint32(RUNTIME_LIMIT + 1);
    │                         ━━━━━━━━━━━━━━━━━━━━━━━━━
    │
    ├ note: consider disabling this lint if you're certain the cast is safe
    │       
    │       // casting to 'uint32' is safe because [explain why]
    │       // forge-lint: disable-next-line(unsafe-typecast)
    │       
    │       
    ╰ help: https://book.getfoundry.sh/reference/forge/forge-lint#unsafe-typecast

warning[erc20-unchecked-transfer]: ERC20 'transfer' and 'transferFrom' calls should check the return value
   ╭▸ test\market-v2\PlayerGenesisIntegrationV2.t.sol:92:41
   │
92 │         vm.prank(address(coordinator)); token.transfer(address(this),1000 ether);
   │                                         ━━━━━━━━━━━━━━━━━━━━━━━━━━━━━━━━━━━━━━━━
   │
   ╰ help: https://book.getfoundry.sh/reference/forge/forge-lint#erc20-unchecked-transfer

warning[unsafe-typecast]: typecasts that can truncate values should be checked
    ╭▸ src\market-v2\OmertaGenesisCoordinatorV2.sol:181:71
    │
181 │         params[0] = abi.encode(key, lower, upper, uint256(liquidity), uint128(nativeBudget), tokenReserve, liquidityOwner, bytes(""));
    │                                                                       ━━━━━━━━━━━━━━━━━━━━━
    │
    ├ note: consider disabling this lint if you're certain the cast is safe
    │       
    │       // casting to 'uint128' is safe because [explain why]
    │       // forge-lint: disable-next-line(unsafe-typecast)
    │       
    │       
    ╰ help: https://book.getfoundry.sh/reference/forge/forge-lint#unsafe-typecast

warning[unsafe-typecast]: typecasts that can truncate values should be checked
     ╭▸ src\genesis-auction\vendor\solady\utils\FixedPointMathLib.sol:1199:27
     │
1199 │             return int256(uint256(a) - fullMulDiv(uint256(a - b),
     │                           ━━━━━━━━━━
     │
     ├ note: consider disabling this lint if you're certain the cast is safe
     │       
     │       // casting to 'uint256' is safe because [explain why]
     │       // forge-lint: disable-next-line(unsafe-typecast)
     │       
     │       
     ╰ help: https://book.getfoundry.sh/reference/forge/forge-lint#unsafe-typecast

warning[erc20-unchecked-transfer]: ERC20 'transfer' and 'transferFrom' calls should check the return value
    ╭▸ test\GenesisLifecycleController.t.sol:124:26
    │
124 │         if (amount != 0) IERC20(p.token).transfer(p.recipient, amount);
    │                          ━━━━━━━━━━━━━━━━━━━━━━━━━━━━━━━━━━━━━━━━━━━━━
    │
    ╰ help: https://book.getfoundry.sh/reference/forge/forge-lint#erc20-unchecked-transfer

warning[block-timestamp]: usage of `block.timestamp` in a comparison may be manipulated by validators
    ╭▸ src\SettlementGasPool.sol:491:13
    │
491 │         if (block.timestamp > proposal.expiresAt) return ProposalState.EXPIRED;
    │             ━━━━━━━━━━━━━━━━━━━━━━━━━━━━━━━━━━━━
    │
    ╰ help: https://book.getfoundry.sh/reference/forge/forge-lint#block-timestamp

warning[unsafe-typecast]: typecasts that can truncate values should be checked
    ╭▸ test\AcquisitionConstellationCrosswalk.t.sol:750:26
    │
750 │         m.initcodeSize = uint32(INITCODE_LIMIT + 1);
    │                          ━━━━━━━━━━━━━━━━━━━━━━━━━━
    │
    ├ note: consider disabling this lint if you're certain the cast is safe
    │       
    │       // casting to 'uint32' is safe because [explain why]
    │       // forge-lint: disable-next-line(unsafe-typecast)
    │       
    │       
    ╰ help: https://book.getfoundry.sh/reference/forge/forge-lint#unsafe-typecast

warning[block-timestamp]: usage of `block.timestamp` in a comparison may be manipulated by validators
    ╭▸ src\SettlementGasPool.sol:586:13
    │
586 │         if (block.timestamp < proposal.executableAt) return ProposalState.WAITING;
    │             ━━━━━━━━━━━━━━━━━━━━━━━━━━━━━━━━━━━━━━━
    │
    ╰ help: https://book.getfoundry.sh/reference/forge/forge-lint#block-timestamp

warning[erc20-unchecked-transfer]: ERC20 'transfer' and 'transferFrom' calls should check the return value
   ╭▸ test\market-v2\PlayerGenesisIntegrationV2.t.sol:98:9
   │
98 │         token.transfer(address(coordinator),1000 ether); coordinator.migrate();
   │         ━━━━━━━━━━━━━━━━━━━━━━━━━━━━━━━━━━━━━━━━━━━━━━━
   │
   ╰ help: https://book.getfoundry.sh/reference/forge/forge-lint#erc20-unchecked-transfer

warning[erc20-unchecked-transfer]: ERC20 'transfer' and 'transferFrom' calls should check the return value
    ╭▸ test\LiquidityBuybackExecutor.t.sol:327:9
    │
327 │         token.transfer(address(executor), 101);
    │         ━━━━━━━━━━━━━━━━━━━━━━━━━━━━━━━━━━━━━━
    │
    ╰ help: https://book.getfoundry.sh/reference/forge/forge-lint#erc20-unchecked-transfer

warning[erc20-unchecked-transfer]: ERC20 'transfer' and 'transferFrom' calls should check the return value
    ╭▸ test\LiquidityBuybackExecutor.t.sol:339:9
    │
339 │         token.transfer(address(executor), amount);
    │         ━━━━━━━━━━━━━━━━━━━━━━━━━━━━━━━━━━━━━━━━━
    │
    ╰ help: https://book.getfoundry.sh/reference/forge/forge-lint#erc20-unchecked-transfer

warning[unsafe-typecast]: typecasts that can truncate values should be checked
    ╭▸ src\market-v2\OmertaHookV2.sol:239:16
    │
239 │         return int128(uint128(total));
    │                ━━━━━━━━━━━━━━━━━━━━━━
    │
    ├ note: consider disabling this lint if you're certain the cast is safe
    │       
    │       // casting to 'int128' is safe because [explain why]
    │       // forge-lint: disable-next-line(unsafe-typecast)
    │       
    │       
    ╰ help: https://book.getfoundry.sh/reference/forge/forge-lint#unsafe-typecast

warning[unsafe-typecast]: typecasts that can truncate values should be checked
    ╭▸ src\market-v2\OmertaHookV2.sol:239:23
    │
239 │         return int128(uint128(total));
    │                       ━━━━━━━━━━━━━━
    │
    ├ note: consider disabling this lint if you're certain the cast is safe
    │       
    │       // casting to 'uint128' is safe because [explain why]
    │       // forge-lint: disable-next-line(unsafe-typecast)
    │       
    │       
    ╰ help: https://book.getfoundry.sh/reference/forge/forge-lint#unsafe-typecast

warning[unsafe-typecast]: typecasts that can truncate values should be checked
    ╭▸ src\market-v2\OmertaHookV2.sol:289:17
    │
289 │         return (int56(value), uint32(block.timestamp), true);
    │                 ━━━━━━━━━━━━
    │
    ├ note: consider disabling this lint if you're certain the cast is safe
    │       
    │       // casting to 'int56' is safe because [explain why]
    │       // forge-lint: disable-next-line(unsafe-typecast)
    │       
    │       
    ╰ help: https://book.getfoundry.sh/reference/forge/forge-lint#unsafe-typecast

warning[unsafe-typecast]: typecasts that can truncate values should be checked
    ╭▸ src\market-v2\OmertaHookV2.sol:331:60
    │
331 │         uint256 movement = int256(lastTick) > beforeTick ? uint256(int256(lastTick) - beforeTick) : 0;
    │                                                            ━━━━━━━━━━━━━━━━━━━━━━━━━━━━━━━━━━━━━━
    │
    ├ note: consider disabling this lint if you're certain the cast is safe
    │       
    │       // casting to 'uint256' is safe because [explain why]
    │       // forge-lint: disable-next-line(unsafe-typecast)
    │       
    │       
    ╰ help: https://book.getfoundry.sh/reference/forge/forge-lint#unsafe-typecast

warning[unsafe-typecast]: typecasts that can truncate values should be checked
    ╭▸ src\market-v2\OmertaHookV2.sol:336:35
    │
336 │         if (movement == 0) rate = uint16(pressure * MAX_SURGE_BPS / limit);
    │                                   ━━━━━━━━━━━━━━━━━━━━━━━━━━━━━━━━━━━━━━━━
    │
    ├ note: consider disabling this lint if you're certain the cast is safe
    │       
    │       // casting to 'uint16' is safe because [explain why]
    │       // forge-lint: disable-next-line(unsafe-typecast)
    │       
    │       
    ╰ help: https://book.getfoundry.sh/reference/forge/forge-lint#unsafe-typecast

warning[unsafe-typecast]: typecasts that can truncate values should be checked
    ╭▸ src\market-v2\OmertaHookV2.sol:340:20
    │
340 │             rate = uint16(MAX_SURGE_BPS - below * below * MAX_SURGE_BPS / (2 * limit * movement));
    │                    ━━━━━━━━━━━━━━━━━━━━━━━━━━━━━━━━━━━━━━━━━━━━━━━━━━━━━━━━━━━━━━━━━━━━━━━━━━━━━━
    │
    ├ note: consider disabling this lint if you're certain the cast is safe
    │       
    │       // casting to 'uint16' is safe because [explain why]
    │       // forge-lint: disable-next-line(unsafe-typecast)
    │       
    │       
    ╰ help: https://book.getfoundry.sh/reference/forge/forge-lint#unsafe-typecast

warning[unsafe-typecast]: typecasts that can truncate values should be checked
    ╭▸ src\market-v2\OmertaHookV2.sol:358:28
    │
358 │         return value < 0 ? uint256(-int256(value)) : uint256(int256(value));
    │                            ━━━━━━━━━━━━━━━━━━━━━━━
    │
    ├ note: consider disabling this lint if you're certain the cast is safe
    │       
    │       // casting to 'uint256' is safe because [explain why]
    │       // forge-lint: disable-next-line(unsafe-typecast)
    │       
    │       
    ╰ help: https://book.getfoundry.sh/reference/forge/forge-lint#unsafe-typecast

warning[unsafe-typecast]: typecasts that can truncate values should be checked
    ╭▸ src\market-v2\OmertaHookV2.sol:358:54
    │
358 │         return value < 0 ? uint256(-int256(value)) : uint256(int256(value));
    │                                                      ━━━━━━━━━━━━━━━━━━━━━━
    │
    ├ note: consider disabling this lint if you're certain the cast is safe
    │       
    │       // casting to 'uint256' is safe because [explain why]
    │       // forge-lint: disable-next-line(unsafe-typecast)
    │       
    │       
    ╰ help: https://book.getfoundry.sh/reference/forge/forge-lint#unsafe-typecast

warning[unsafe-typecast]: typecasts that can truncate values should be checked
    ╭▸ src\market-v2\OmertaHookV2.sol:363:62
    │
363 │         return sum > type(uint128).max ? type(uint128).max : uint128(sum);
    │                                                              ━━━━━━━━━━━━
    │
    ├ note: consider disabling this lint if you're certain the cast is safe
    │       
    │       // casting to 'uint128' is safe because [explain why]
    │       // forge-lint: disable-next-line(unsafe-typecast)
    │       
    │       
    ╰ help: https://book.getfoundry.sh/reference/forge/forge-lint#unsafe-typecast

warning[unsafe-typecast]: typecasts that can truncate values should be checked
    ╭▸ src\market-v2\OmertaHookV2.sol:376:26
    │
376 │         e.tickSeconds += int128(tick * int256(uint256(seconds_)));
    │                          ━━━━━━━━━━━━━━━━━━━━━━━━━━━━━━━━━━━━━━━━
    │
    ├ note: consider disabling this lint if you're certain the cast is safe
    │       
    │       // casting to 'int128' is safe because [explain why]
    │       // forge-lint: disable-next-line(unsafe-typecast)
    │       
    │       
    ╰ help: https://book.getfoundry.sh/reference/forge/forge-lint#unsafe-typecast

warning[unsafe-typecast]: typecasts that can truncate values should be checked
    ╭▸ src\market-v2\OmertaHookV2.sol:377:33
    │
377 │         e.tickSquaredSeconds += uint128(uint256(tick * tick) * seconds_);
    │                                 ━━━━━━━━━━━━━━━━━━━━━━━━━━━━━━━━━━━━━━━━
    │
    ├ note: consider disabling this lint if you're certain the cast is safe
    │       
    │       // casting to 'uint128' is safe because [explain why]
    │       // forge-lint: disable-next-line(unsafe-typecast)
    │       
    │       
    ╰ help: https://book.getfoundry.sh/reference/forge/forge-lint#unsafe-typecast

warning[unsafe-typecast]: typecasts that can truncate values should be checked
    ╭▸ src\market-v2\OmertaHookV2.sol:377:41
    │
377 │         e.tickSquaredSeconds += uint128(uint256(tick * tick) * seconds_);
    │                                         ━━━━━━━━━━━━━━━━━━━━
    │
    ├ note: consider disabling this lint if you're certain the cast is safe
    │       
    │       // casting to 'uint256' is safe because [explain why]
    │       // forge-lint: disable-next-line(unsafe-typecast)
    │       
    │       
    ╰ help: https://book.getfoundry.sh/reference/forge/forge-lint#unsafe-typecast

warning[unsafe-typecast]: typecasts that can truncate values should be checked
    ╭▸ src\market-v2\OmertaHookV2.sol:389:43
    │
389 │             _active = _integrate(_active, uint32(now_ - lastTimestamp));
    │                                           ━━━━━━━━━━━━━━━━━━━━━━━━━━━━
    │
    ├ note: consider disabling this lint if you're certain the cast is safe
    │       
    │       // casting to 'uint32' is safe because [explain why]
    │       // forge-lint: disable-next-line(unsafe-typecast)
    │       
    │       
    ╰ help: https://book.getfoundry.sh/reference/forge/forge-lint#unsafe-typecast

warning[unsafe-typecast]: typecasts that can truncate values should be checked
    ╭▸ src\market-v2\OmertaHookV2.sol:391:57
    │
391 │             Epoch memory finished = _integrate(_active, uint32(_active.end - lastTimestamp));
    │                                                         ━━━━━━━━━━━━━━━━━━━━━━━━━━━━━━━━━━━
    │
    ├ note: consider disabling this lint if you're certain the cast is safe
    │       
    │       // casting to 'uint32' is safe because [explain why]
    │       // forge-lint: disable-next-line(unsafe-typecast)
    │       
    │       
    ╰ help: https://book.getfoundry.sh/reference/forge/forge-lint#unsafe-typecast

warning[unsafe-typecast]: typecasts that can truncate values should be checked
    ╭▸ src\market-v2\OmertaHookV2.sol:398:52
    │
398 │             _active = _integrate(_newEpoch(epoch), uint32(now_ - epoch * epochDuration));
    │                                                    ━━━━━━━━━━━━━━━━━━━━━━━━━━━━━━━━━━━━
    │
    ├ note: consider disabling this lint if you're certain the cast is safe
    │       
    │       // casting to 'uint32' is safe because [explain why]
    │       // forge-lint: disable-next-line(unsafe-typecast)
    │       
    │       
    ╰ help: https://book.getfoundry.sh/reference/forge/forge-lint#unsafe-typecast

warning[block-timestamp]: usage of `block.timestamp` in a comparison may be manipulated by validators
    ╭▸ src\market-v2\OmertaInventoryBondV2.sol:170:36
    │
170 │             nonce == bytes32(0) || deadline < block.timestamp || deadline > block.timestamp + 5 minutes
    │                                    ━━━━━━━━━━━━━━━━━━━━━━━━━━
    │
    ╰ help: https://book.getfoundry.sh/reference/forge/forge-lint#block-timestamp

warning[block-timestamp]: usage of `block.timestamp` in a comparison may be manipulated by validators
    ╭▸ src\market-v2\OmertaInventoryBondV2.sol:170:66
    │
170 │             nonce == bytes32(0) || deadline < block.timestamp || deadline > block.timestamp + 5 minutes
    │                                                                  ━━━━━━━━━━━━━━━━━━━━━━━━━━━━━━━━━━━━━━
    │
    ╰ help: https://book.getfoundry.sh/reference/forge/forge-lint#block-timestamp

warning[block-timestamp]: usage of `block.timestamp` in a comparison may be manipulated by validators
    ╭▸ src\market-v2\OmertaInventoryBondV2.sol:224:44
    │
224 │         if (n.beneficiary == address(0) || block.timestamp <= n.start) return 0;
    │                                            ━━━━━━━━━━━━━━━━━━━━━━━━━━
    │
    ╰ help: https://book.getfoundry.sh/reference/forge/forge-lint#block-timestamp

warning[block-timestamp]: usage of `block.timestamp` in a comparison may be manipulated by validators
    ╭▸ src\market-v2\OmertaInventoryBondV2.sol:226:13
    │
226 │             block.timestamp >= n.end ? n.amount : Math.mulDiv(n.amount, block.timestamp - n.start, n.end - n.start);
    │             ━━━━━━━━━━━━━━━━━━━━━━━━
    │
    ╰ help: https://book.getfoundry.sh/reference/forge/forge-lint#block-timestamp

warning[block-timestamp]: usage of `block.timestamp` in a comparison may be manipulated by validators
    ╭▸ src\market-v2\OmertaInventoryBondV2.sol:258:82
    │
258 │             !s.valid || s.epoch == 0 || s.epoch != epoch || s.observedAt == 0 || s.observedAt > block.timestamp
    │                                                                                  ━━━━━━━━━━━━━━━━━━━━━━━━━━━━━━
    │
    ╰ help: https://book.getfoundry.sh/reference/forge/forge-lint#block-timestamp

warning[block-timestamp]: usage of `block.timestamp` in a comparison may be manipulated by validators
    ╭▸ src\market-v2\OmertaInventoryBondV2.sol:259:20
    │
259 │                 || block.timestamp - s.observedAt > maxObservationAge || s.omrPerEth == 0 || s.omrPerEth > maxOmrPerEth
    │                    ━━━━━━━━━━━━━━━━━━━━━━━━━━━━━━━━━━━━━━━━━━━━━━━━━━
    │
    ╰ help: https://book.getfoundry.sh/reference/forge/forge-lint#block-timestamp

warning[unsafe-typecast]: typecasts that can truncate values should be checked
    ╭▸ src\market-v2\OmertaInventoryBondV2.sol:201:68
    │
201 │         notes[id] = Note(msg.sender, uint64(block.timestamp), end, uint128(amount), 0);
    │                                                                    ━━━━━━━━━━━━━━━
    │
    ├ note: consider disabling this lint if you're certain the cast is safe
    │       
    │       // casting to 'uint128' is safe because [explain why]
    │       // forge-lint: disable-next-line(unsafe-typecast)
    │       
    │       
    ╰ help: https://book.getfoundry.sh/reference/forge/forge-lint#unsafe-typecast

warning[unsafe-typecast]: typecasts that can truncate values should be checked
    ╭▸ src\market-v2\OmertaInventoryBondV2.sol:216:22
    │
216 │         n.claimed += uint128(amount);
    │                      ━━━━━━━━━━━━━━━
    │
    ├ note: consider disabling this lint if you're certain the cast is safe
    │       
    │       // casting to 'uint128' is safe because [explain why]
    │       // forge-lint: disable-next-line(unsafe-typecast)
    │       
    │       
    ╰ help: https://book.getfoundry.sh/reference/forge/forge-lint#unsafe-typecast

warning[unsafe-typecast]: typecasts that can truncate values should be checked
    ╭▸ src\market-v2\OmertaInventoryBondV2.sol:265:26
    │
265 │         if (spot == 0 || uint256(difference) > maxSpotDeviationTicks) revert InvalidObservation();
    │                          ━━━━━━━━━━━━━━━━━━━
    │
    ├ note: consider disabling this lint if you're certain the cast is safe
    │       
    │       // casting to 'uint256' is safe because [explain why]
    │       // forge-lint: disable-next-line(unsafe-typecast)
    │       
    │       
    ╰ help: https://book.getfoundry.sh/reference/forge/forge-lint#unsafe-typecast

warning[erc20-unchecked-transfer]: ERC20 'transfer' and 'transferFrom' calls should check the return value
    ╭▸ test\GenesisLifecycleController.t.sol:245:9
    │
245 │         omr.transfer(address(strategy), 100 ether); omr.transfer(address(auction), 7 ether);
    │         ━━━━━━━━━━━━━━━━━━━━━━━━━━━━━━━━━━━━━━━━━━
    │
    ╰ help: https://book.getfoundry.sh/reference/forge/forge-lint#erc20-unchecked-transfer

warning[erc20-unchecked-transfer]: ERC20 'transfer' and 'transferFrom' calls should check the return value
    ╭▸ test\LiquidityBuybackExecutor.t.sol:356:9
    │
356 │         token.transfer(address(executor), 101);
    │         ━━━━━━━━━━━━━━━━━━━━━━━━━━━━━━━━━━━━━━
    │
    ╰ help: https://book.getfoundry.sh/reference/forge/forge-lint#erc20-unchecked-transfer

warning[erc20-unchecked-transfer]: ERC20 'transfer' and 'transferFrom' calls should check the return value
    ╭▸ test\LiquidityBuybackExecutor.t.sol:375:9
    │
375 │         token.transfer(address(executor), 1);
    │         ━━━━━━━━━━━━━━━━━━━━━━━━━━━━━━━━━━━━
    │
    ╰ help: https://book.getfoundry.sh/reference/forge/forge-lint#erc20-unchecked-transfer

warning[erc20-unchecked-transfer]: ERC20 'transfer' and 'transferFrom' calls should check the return value
    ╭▸ test\LiquidityBuybackExecutor.t.sol:393:13
    │
393 │             token.transfer(address(executor), 101);
    │             ━━━━━━━━━━━━━━━━━━━━━━━━━━━━━━━━━━━━━━
    │
    ╰ help: https://book.getfoundry.sh/reference/forge/forge-lint#erc20-unchecked-transfer

warning[erc20-unchecked-transfer]: ERC20 'transfer' and 'transferFrom' calls should check the return value
    ╭▸ test\LiquidityBuybackExecutor.t.sol:399:9
    │
399 │         token.transfer(address(executor), 101);
    │         ━━━━━━━━━━━━━━━━━━━━━━━━━━━━━━━━━━━━━━
    │
    ╰ help: https://book.getfoundry.sh/reference/forge/forge-lint#erc20-unchecked-transfer

warning[erc20-unchecked-transfer]: ERC20 'transfer' and 'transferFrom' calls should check the return value
    ╭▸ test\LiquidityBuybackExecutor.t.sol:458:9
    │
458 │         token.transfer(address(executor), 101);
    │         ━━━━━━━━━━━━━━━━━━━━━━━━━━━━━━━━━━━━━━
    │
    ╰ help: https://book.getfoundry.sh/reference/forge/forge-lint#erc20-unchecked-transfer

warning[erc20-unchecked-transfer]: ERC20 'transfer' and 'transferFrom' calls should check the return value
    ╭▸ test\LiquidityBuybackExecutor.t.sol:480:9
    │
480 │         token.transfer(address(executor), 101);
    │         ━━━━━━━━━━━━━━━━━━━━━━━━━━━━━━━━━━━━━━
    │
    ╰ help: https://book.getfoundry.sh/reference/forge/forge-lint#erc20-unchecked-transfer

warning[erc20-unchecked-transfer]: ERC20 'transfer' and 'transferFrom' calls should check the return value
    ╭▸ test\LiquidityBuybackExecutor.t.sol:486:9
    │
486 │         token.transfer(address(executor), 101);
    │         ━━━━━━━━━━━━━━━━━━━━━━━━━━━━━━━━━━━━━━
    │
    ╰ help: https://book.getfoundry.sh/reference/forge/forge-lint#erc20-unchecked-transfer

warning[unsafe-typecast]: typecasts that can truncate values should be checked
    ╭▸ test\AcquisitionConstellationCrosswalk.t.sol:860:25
    │
860 │         m.runtimeSize = uint32(RUNTIME_LIMIT);
    │                         ━━━━━━━━━━━━━━━━━━━━━
    │
    ├ note: consider disabling this lint if you're certain the cast is safe
    │       
    │       // casting to 'uint32' is safe because [explain why]
    │       // forge-lint: disable-next-line(unsafe-typecast)
    │       
    │       
    ╰ help: https://book.getfoundry.sh/reference/forge/forge-lint#unsafe-typecast

warning[erc20-unchecked-transfer]: ERC20 'transfer' and 'transferFrom' calls should check the return value
    ╭▸ test\GenesisLifecycleController.t.sol:245:53
    │
245 │         omr.transfer(address(strategy), 100 ether); omr.transfer(address(auction), 7 ether);
    │                                                     ━━━━━━━━━━━━━━━━━━━━━━━━━━━━━━━━━━━━━━━
    │
    ╰ help: https://book.getfoundry.sh/reference/forge/forge-lint#erc20-unchecked-transfer

warning[erc20-unchecked-transfer]: ERC20 'transfer' and 'transferFrom' calls should check the return value
    ╭▸ test\GenesisLifecycleController.t.sol:271:50
    │
271 │         vm.deal(address(strategy), 5 ether + 7); omr.transfer(address(strategy), 11 ether);
    │                                                  ━━━━━━━━━━━━━━━━━━━━━━━━━━━━━━━━━━━━━━━━━
    │
    ╰ help: https://book.getfoundry.sh/reference/forge/forge-lint#erc20-unchecked-transfer

warning[erc20-unchecked-transfer]: ERC20 'transfer' and 'transferFrom' calls should check the return value
    ╭▸ test\GenesisLifecycleController.t.sol:291:32
    │
291 │         _bind(); vm.roll(201); omr.transfer(address(auction), 100 ether);
    │                                ━━━━━━━━━━━━━━━━━━━━━━━━━━━━━━━━━━━━━━━━━
    │
    ╰ help: https://book.getfoundry.sh/reference/forge/forge-lint#erc20-unchecked-transfer

warning[erc20-unchecked-transfer]: ERC20 'transfer' and 'transferFrom' calls should check the return value
    ╭▸ test\GenesisLifecycleController.t.sol:295:9
    │
295 │         omr.transfer(address(controller), 13); controller.sweepUnsoldTokens();
    │         ━━━━━━━━━━━━━━━━━━━━━━━━━━━━━━━━━━━━━
    │
    ╰ help: https://book.getfoundry.sh/reference/forge/forge-lint#erc20-unchecked-transfer

warning[erc20-unchecked-transfer]: ERC20 'transfer' and 'transferFrom' calls should check the return value
    ╭▸ test\GenesisLifecycleController.t.sol:300:9
    │
300 │         omr.transfer(address(controller), 7); controller.sweepUnsoldTokens();
    │         ━━━━━━━━━━━━━━━━━━━━━━━━━━━━━━━━━━━━
    │
    ╰ help: https://book.getfoundry.sh/reference/forge/forge-lint#erc20-unchecked-transfer

warning[erc20-unchecked-transfer]: ERC20 'transfer' and 'transferFrom' calls should check the return value
    ╭▸ test\GenesisLifecycleController.t.sol:304:32
    │
304 │         _bind(); vm.roll(201); omr.transfer(address(auction), 7 ether); auction.setSweepFailure(true);
    │                                ━━━━━━━━━━━━━━━━━━━━━━━━━━━━━━━━━━━━━━━
    │
    ╰ help: https://book.getfoundry.sh/reference/forge/forge-lint#erc20-unchecked-transfer

warning[erc20-unchecked-transfer]: ERC20 'transfer' and 'transferFrom' calls should check the return value
    ╭▸ test\GenesisLifecycleController.t.sol:320:32
    │
320 │         _bind(); vm.roll(201); omr.transfer(address(auction), 7 ether);
    │                                ━━━━━━━━━━━━━━━━━━━━━━━━━━━━━━━━━━━━━━━
    │
    ╰ help: https://book.getfoundry.sh/reference/forge/forge-lint#erc20-unchecked-transfer

warning[block-timestamp]: usage of `block.timestamp` in a comparison may be manipulated by validators
    ╭▸ test\LiquidityRevenueAutomation.t.sol:710:47
    │
710 │         bool due = !isPaused && allowed[i] && block.timestamp >= expectedNextRefill[i];
    │                                               ━━━━━━━━━━━━━━━━━━━━━━━━━━━━━━━━━━━━━━━━
    │
    ╰ help: https://book.getfoundry.sh/reference/forge/forge-lint#block-timestamp

warning[erc20-unchecked-transfer]: ERC20 'transfer' and 'transferFrom' calls should check the return value
    ╭▸ test\GenesisLifecycleController.t.sol:359:9
    │
359 │         omr.transfer(address(auction), amount);
    │         ━━━━━━━━━━━━━━━━━━━━━━━━━━━━━━━━━━━━━━
    │
    ╰ help: https://book.getfoundry.sh/reference/forge/forge-lint#erc20-unchecked-transfer

warning[block-timestamp]: usage of `block.timestamp` in a comparison may be manipulated by validators
   ╭▸ src\market-v2\OmertaMarketStateV2.sol:43:16
   │
43 │             && e.end <= block.timestamp && block.timestamp - e.end <= maxAge) {
   │                ━━━━━━━━━━━━━━━━━━━━━━━━
   │
   ╰ help: https://book.getfoundry.sh/reference/forge/forge-lint#block-timestamp

warning[block-timestamp]: usage of `block.timestamp` in a comparison may be manipulated by validators
    ╭▸ src\SettlementGasPool.sol:587:13
    │
587 │         if (block.timestamp > proposal.expiresAt) return ProposalState.EXPIRED;
    │             ━━━━━━━━━━━━━━━━━━━━━━━━━━━━━━━━━━━━
    │
    ╰ help: https://book.getfoundry.sh/reference/forge/forge-lint#block-timestamp

warning[unsafe-typecast]: typecasts that can truncate values should be checked
    ╭▸ test\AcquisitionConstellationCrosswalk.t.sol:861:26
    │
861 │         m.initcodeSize = uint32(INITCODE_LIMIT);
    │                          ━━━━━━━━━━━━━━━━━━━━━━
    │
    ├ note: consider disabling this lint if you're certain the cast is safe
    │       
    │       // casting to 'uint32' is safe because [explain why]
    │       // forge-lint: disable-next-line(unsafe-typecast)
    │       
    │       
    ╰ help: https://book.getfoundry.sh/reference/forge/forge-lint#unsafe-typecast

warning[unsafe-typecast]: typecasts that can truncate values should be checked
     ╭▸ src\genesis-auction\vendor\solady\utils\FixedPointMathLib.sol:1199:51
     │
1199 │             return int256(uint256(a) - fullMulDiv(uint256(a - b),
     │                                                   ━━━━━━━━━━━━━━
     │
     ├ note: consider disabling this lint if you're certain the cast is safe
     │       
     │       // casting to 'uint256' is safe because [explain why]
     │       // forge-lint: disable-next-line(unsafe-typecast)
     │       
     │       
     ╰ help: https://book.getfoundry.sh/reference/forge/forge-lint#unsafe-typecast

warning[unsafe-typecast]: typecasts that can truncate values should be checked
     ╭▸ src\genesis-auction\vendor\solady\utils\FixedPointMathLib.sol:1200:17
     │
1200 │                 uint256(t - begin), uint256(end - begin)));
     │                 ━━━━━━━━━━━━━━━━━━
     │
     ├ note: consider disabling this lint if you're certain the cast is safe
     │       
     │       // casting to 'uint256' is safe because [explain why]
     │       // forge-lint: disable-next-line(unsafe-typecast)
     │       
     │       
     ╰ help: https://book.getfoundry.sh/reference/forge/forge-lint#unsafe-typecast

warning[unsafe-typecast]: typecasts that can truncate values should be checked
     ╭▸ src\genesis-auction\vendor\solady\utils\FixedPointMathLib.sol:1200:37
     │
1200 │                 uint256(t - begin), uint256(end - begin)));
     │                                     ━━━━━━━━━━━━━━━━━━━━
     │
     ├ note: consider disabling this lint if you're certain the cast is safe
     │       
     │       // casting to 'uint256' is safe because [explain why]
     │       // forge-lint: disable-next-line(unsafe-typecast)
     │       
     │       
     ╰ help: https://book.getfoundry.sh/reference/forge/forge-lint#unsafe-typecast

warning[block-timestamp]: usage of `block.timestamp` in a comparison may be manipulated by validators
    ╭▸ src\StockTokenRegistry.sol:160:13
    │
160 │         if (day >= block.timestamp / 1 days) revert DayNotClosed();
    │             ━━━━━━━━━━━━━━━━━━━━━━━━━━━━━━━
    │
    ╰ help: https://book.getfoundry.sh/reference/forge/forge-lint#block-timestamp

warning[unsafe-typecast]: typecasts that can truncate values should be checked
   ╭▸ test\LiquidityRevenueAutomation.t.sol:41:51
   │
41 │             if (reason.length >= 4) nestedError = bytes4(reason);
   │                                                   ━━━━━━━━━━━━━━
   │
   ├ note: consider disabling this lint if you're certain the cast is safe
   │       
   │       // casting to 'bytes4' is safe because [explain why]
   │       // forge-lint: disable-next-line(unsafe-typecast)
   │       
   │       
   ╰ help: https://book.getfoundry.sh/reference/forge/forge-lint#unsafe-typecast

warning[block-timestamp]: usage of `block.timestamp` in a comparison may be manipulated by validators
    ╭▸ src\StockTokenRegistryV2.sol:139:13
    │
139 │         if (day >= block.timestamp / 1 days) revert DayNotClosed();
    │             ━━━━━━━━━━━━━━━━━━━━━━━━━━━━━━━
    │
    ╰ help: https://book.getfoundry.sh/reference/forge/forge-lint#block-timestamp

warning[block-timestamp]: usage of `block.timestamp` in a comparison may be manipulated by validators
    ╭▸ src\StockTokenRegistryV2.sol:146:13
    │
146 │         if (purchaseUntil <= block.timestamp) revert InvalidPurchaseUntil();
    │             ━━━━━━━━━━━━━━━━━━━━━━━━━━━━━━━━
    │
    ╰ help: https://book.getfoundry.sh/reference/forge/forge-lint#block-timestamp

warning[block-timestamp]: usage of `block.timestamp` in a comparison may be manipulated by validators
    ╭▸ src\StockTokenRegistryV2.sol:237:13
    │
237 │         if (block.timestamp < activation.approvedAt) revert ApprovalNotYetValid();
    │             ━━━━━━━━━━━━━━━━━━━━━━━━━━━━━━━━━━━━━━━
    │
    ╰ help: https://book.getfoundry.sh/reference/forge/forge-lint#block-timestamp

warning[block-timestamp]: usage of `block.timestamp` in a comparison may be manipulated by validators
    ╭▸ src\StockTokenRegistryV2.sol:238:13
    │
238 │         if (block.timestamp >= activation.validUntil) revert ApprovalStale();
    │             ━━━━━━━━━━━━━━━━━━━━━━━━━━━━━━━━━━━━━━━━
    │
    ╰ help: https://book.getfoundry.sh/reference/forge/forge-lint#block-timestamp

warning[unsafe-typecast]: typecasts that can truncate values should be checked
    ╭▸ test\LiquidityRevenueAutomation.t.sol:538:55
    │
538 │             address payable account = payable(address(uint160(0x10000 + i)));
    │                                                       ━━━━━━━━━━━━━━━━━━━━
    │
    ├ note: consider disabling this lint if you're certain the cast is safe
    │       
    │       // casting to 'uint160' is safe because [explain why]
    │       // forge-lint: disable-next-line(unsafe-typecast)
    │       
    │       
    ╰ help: https://book.getfoundry.sh/reference/forge/forge-lint#unsafe-typecast

warning[unsafe-typecast]: typecasts that can truncate values should be checked
    ╭▸ test\market-v2\StabilityV2.t.sol:520:36
    │
520 │                 SwapParams(false, -int256(amount), TickMath.getSqrtPriceAtTick(400)),
    │                                    ━━━━━━━━━━━━━━
    │
    ├ note: consider disabling this lint if you're certain the cast is safe
    │       
    │       // casting to 'int256' is safe because [explain why]
    │       // forge-lint: disable-next-line(unsafe-typecast)
    │       
    │       
    ╰ help: https://book.getfoundry.sh/reference/forge/forge-lint#unsafe-typecast

warning[unsafe-typecast]: typecasts that can truncate values should be checked
    ╭▸ test\market-v2\StabilityV2.t.sol:527:35
    │
527 │                 SwapParams(true, -int256(amount), TickMath.getSqrtPriceAtTick(-400)),
    │                                   ━━━━━━━━━━━━━━
    │
    ├ note: consider disabling this lint if you're certain the cast is safe
    │       
    │       // casting to 'int256' is safe because [explain why]
    │       // forge-lint: disable-next-line(unsafe-typecast)
    │       
    │       
    ╰ help: https://book.getfoundry.sh/reference/forge/forge-lint#unsafe-typecast

warning[block-timestamp]: usage of `block.timestamp` in a comparison may be manipulated by validators
    ╭▸ test\market-v2\TurfV2.t.sol:276:33
    │
276 │         if (s.expiresAt != 0 && block.timestamp >= s.expiresAt) { turf.expireSiege(seasonId, 0); return; }
    │                                 ━━━━━━━━━━━━━━━━━━━━━━━━━━━━━━
    │
    ╰ help: https://book.getfoundry.sh/reference/forge/forge-lint#block-timestamp

warning[block-timestamp]: usage of `block.timestamp` in a comparison may be manipulated by validators
    ╭▸ test\market-v2\TurfV2.t.sol:282:17
    │
282 │             if (block.timestamp + 1 hours > endsAt) return;
    │                 ━━━━━━━━━━━━━━━━━━━━━━━━━━━━━━━━━━
    │
    ╰ help: https://book.getfoundry.sh/reference/forge/forge-lint#block-timestamp

warning[block-timestamp]: usage of `block.timestamp` in a comparison may be manipulated by validators
    ╭▸ test\market-v2\TurfV2.t.sol:299:104
    │
299 │     function _live() private view returns (bool) { (, uint64 endsAt,) = turf.seasons(seasonId); return block.timestamp < endsAt; }
    │                                                                                                        ━━━━━━━━━━━━━━━━━━━━━━━━
    │
    ╰ help: https://book.getfoundry.sh/reference/forge/forge-lint#block-timestamp

warning[unsafe-typecast]: typecasts that can truncate values should be checked
   ╭▸ test\market-v2\TurfV2.t.sol:58:100
   │
58 │         turf.startSiege(seasonId, 0, _single(2), 1 days, 6000, turf.turf(seasonId, 0).revision, 1, bytes32("start"));
   │                                                                                                    ━━━━━━━━━━━━━━━━
   │
   ├ note: consider disabling this lint if you're certain the cast is safe
   │       
   │       // casting to 'bytes32' is safe because [explain why]
   │       // forge-lint: disable-next-line(unsafe-typecast)
   │       
   │       
   ╰ help: https://book.getfoundry.sh/reference/forge/forge-lint#unsafe-typecast

warning[unsafe-typecast]: typecasts that can truncate values should be checked
   ╭▸ test\market-v2\TurfV2.t.sol:74:61
   │
74 │         turf.settleOwnership(seasonId, 0, _single(2), 1, 1, bytes32("conquest"));
   │                                                             ━━━━━━━━━━━━━━━━━━━
   │
   ├ note: consider disabling this lint if you're certain the cast is safe
   │       
   │       // casting to 'bytes32' is safe because [explain why]
   │       // forge-lint: disable-next-line(unsafe-typecast)
   │       
   │       
   ╰ help: https://book.getfoundry.sh/reference/forge/forge-lint#unsafe-typecast

warning[unsafe-typecast]: typecasts that can truncate values should be checked
    ╭▸ test\market-v2\StabilityV2Invariant.t.sol:109:32
    │
109 │             SwapParams(!sell, -int256(amount), TickMath.getSqrtPriceAtTick(tick + (sell ? int24(60) : int24(-60))));
    │                                ━━━━━━━━━━━━━━
    │
    ├ note: consider disabling this lint if you're certain the cast is safe
    │       
    │       // casting to 'int256' is safe because [explain why]
    │       // forge-lint: disable-next-line(unsafe-typecast)
    │       
    │       
    ╰ help: https://book.getfoundry.sh/reference/forge/forge-lint#unsafe-typecast

warning[unsafe-typecast]: typecasts that can truncate values should be checked
    ╭▸ test\market-v2\TurfV2.t.sol:100:52
    │
100 │         turf.resolveSiege(seasonId, 0, true, 2, 1, bytes32("resolve"));
    │                                                    ━━━━━━━━━━━━━━━━━━
    │
    ├ note: consider disabling this lint if you're certain the cast is safe
    │       
    │       // casting to 'bytes32' is safe because [explain why]
    │       // forge-lint: disable-next-line(unsafe-typecast)
    │       
    │       
    ╰ help: https://book.getfoundry.sh/reference/forge/forge-lint#unsafe-typecast

warning[block-timestamp]: usage of `block.timestamp` in a comparison may be manipulated by validators
   ╭▸ src\market-v2\OmertaMarketStateV2.sol:43:44
   │
43 │             && e.end <= block.timestamp && block.timestamp - e.end <= maxAge) {
   │                                            ━━━━━━━━━━━━━━━━━━━━━━━━━━━━━━━━━
   │
   ╰ help: https://book.getfoundry.sh/reference/forge/forge-lint#block-timestamp

warning[block-timestamp]: usage of `block.timestamp` in a comparison may be manipulated by validators
   ╭▸ src\market-v2\OmertaMarketStateV2.sol:75:40
   │
75 │         if (reading.observedAt == 0 || reading.observedAt > block.timestamp
   │                                        ━━━━━━━━━━━━━━━━━━━━━━━━━━━━━━━━━━━━
   │
   ╰ help: https://book.getfoundry.sh/reference/forge/forge-lint#block-timestamp

warning[block-timestamp]: usage of `block.timestamp` in a comparison may be manipulated by validators
    ╭▸ src\market-v2\OmertaTurfV2.sol:101:57
    │
101 │             || turfId >= seasons[seasonId].turfCount || block.timestamp >= seasons[seasonId].startsAt
    │                                                         ━━━━━━━━━━━━━━━━━━━━━━━━━━━━━━━━━━━━━━━━━━━━━
    │
    ╰ help: https://book.getfoundry.sh/reference/forge/forge-lint#block-timestamp

warning[block-timestamp]: usage of `block.timestamp` in a comparison may be manipulated by validators
    ╭▸ src\market-v2\OmertaTurfV2.sol:119:13
    │
119 │         if (startsAt < block.timestamp || endsAt <= startsAt || endsAt - startsAt > 365 days
    │             ━━━━━━━━━━━━━━━━━━━━━━━━━━
    │
    ╰ help: https://book.getfoundry.sh/reference/forge/forge-lint#block-timestamp

warning[block-timestamp]: usage of `block.timestamp` in a comparison may be manipulated by validators
    ╭▸ src\market-v2\OmertaTurfV2.sol:131:30
    │
131 │         if (s.endsAt == 0 || block.timestamp >= s.startsAt || s.turfCount == MAX_TURFS) revert InvalidSeason();
    │                              ━━━━━━━━━━━━━━━━━━━━━━━━━━━━━
    │
    ╰ help: https://book.getfoundry.sh/reference/forge/forge-lint#block-timestamp

warning[block-timestamp]: usage of `block.timestamp` in a comparison may be manipulated by validators
    ╭▸ src\market-v2\OmertaTurfV2.sol:185:61
    │
185 │         if (duration < MIN_SIEGE || duration > MAX_SIEGE || block.timestamp + duration > seasons[seasonId].endsAt
    │                                                             ━━━━━━━━━━━━━━━━━━━━━━━━━━━━━━━━━━━━━━━━━━━━━━━━━━━━━
    │
    ╰ help: https://book.getfoundry.sh/reference/forge/forge-lint#block-timestamp

warning[block-timestamp]: usage of `block.timestamp` in a comparison may be manipulated by validators
    ╭▸ src\market-v2\OmertaTurfV2.sol:201:33
    │
201 │         if (s.expiresAt == 0 || block.timestamp >= s.expiresAt) revert InvalidSiege();
    │                                 ━━━━━━━━━━━━━━━━━━━━━━━━━━━━━━
    │
    ╰ help: https://book.getfoundry.sh/reference/forge/forge-lint#block-timestamp

warning[block-timestamp]: usage of `block.timestamp` in a comparison may be manipulated by validators
    ╭▸ src\market-v2\OmertaTurfV2.sol:210:30
    │
210 │         if (deadline == 0 || block.timestamp < deadline) revert InvalidSiege();
    │                              ━━━━━━━━━━━━━━━━━━━━━━━━━━
    │
    ╰ help: https://book.getfoundry.sh/reference/forge/forge-lint#block-timestamp

warning[block-timestamp]: usage of `block.timestamp` in a comparison may be manipulated by validators
    ╭▸ src\market-v2\OmertaTurfV2.sol:222:35
    │
222 │         if (season.endsAt == 0 || block.timestamp < season.startsAt || turfId >= season.turfCount) revert InvalidSeason();
    │                                   ━━━━━━━━━━━━━━━━━━━━━━━━━━━━━━━━━
    │
    ╰ help: https://book.getfoundry.sh/reference/forge/forge-lint#block-timestamp

warning[block-timestamp]: usage of `block.timestamp` in a comparison may be manipulated by validators
    ╭▸ src\market-v2\OmertaTurfV2.sol:230:33
    │
230 │         if (s.expiresAt != 0 && block.timestamp >= s.expiresAt) {
    │                                 ━━━━━━━━━━━━━━━━━━━━━━━━━━━━━━
    │
    ╰ help: https://book.getfoundry.sh/reference/forge/forge-lint#block-timestamp

warning[block-timestamp]: usage of `block.timestamp` in a comparison may be manipulated by validators
    ╭▸ src\market-v2\OmertaTurfV2.sol:266:13
    │
266 │         if (block.timestamp < s.startsAt || block.timestamp >= s.endsAt || turfId >= s.turfCount) revert InvalidSeason();
    │             ━━━━━━━━━━━━━━━━━━━━━━━━━━━━
    │
    ╰ help: https://book.getfoundry.sh/reference/forge/forge-lint#block-timestamp

warning[block-timestamp]: usage of `block.timestamp` in a comparison may be manipulated by validators
    ╭▸ src\market-v2\OmertaStabilityControllerV2.sol:278:35
    │
278 │         if (t == Tranche.Turf && (block.timestamp < turfSeasonStart || block.timestamp >= turfSeasonEnd)) {
    │                                   ━━━━━━━━━━━━━━━━━━━━━━━━━━━━━━━━━
    │
    ╰ help: https://book.getfoundry.sh/reference/forge/forge-lint#block-timestamp

warning[unsafe-typecast]: typecasts that can truncate values should be checked
    ╭▸ test\market-v2\TurfV2.t.sol:166:61
    │
166 │         turf.settleOwnership(seasonId, 0, _single(2), 1, 1, bytes32("same"));
    │                                                             ━━━━━━━━━━━━━━━
    │
    ├ note: consider disabling this lint if you're certain the cast is safe
    │       
    │       // casting to 'bytes32' is safe because [explain why]
    │       // forge-lint: disable-next-line(unsafe-typecast)
    │       
    │       
    ╰ help: https://book.getfoundry.sh/reference/forge/forge-lint#unsafe-typecast

warning[erc20-unchecked-transfer]: ERC20 'transfer' and 'transferFrom' calls should check the return value
    ╭▸ test\market-v2\StabilityV2Invariant.t.sol:131:9
    │
131 │         token.transfer(address(handler), 1000 ether);
    │         ━━━━━━━━━━━━━━━━━━━━━━━━━━━━━━━━━━━━━━━━━━━━
    │
    ╰ help: https://book.getfoundry.sh/reference/forge/forge-lint#erc20-unchecked-transfer

warning[block-timestamp]: usage of `block.timestamp` in a comparison may be manipulated by validators
    ╭▸ src\market-v2\OmertaTurfV2.sol:266:45
    │
266 │         if (block.timestamp < s.startsAt || block.timestamp >= s.endsAt || turfId >= s.turfCount) revert InvalidSeason();
    │                                             ━━━━━━━━━━━━━━━━━━━━━━━━━━━
    │
    ╰ help: https://book.getfoundry.sh/reference/forge/forge-lint#block-timestamp

warning[unsafe-typecast]: typecasts that can truncate values should be checked
     ╭▸ test\AcquisitionConstellationTask4BudgetBook.t.sol:1915:27
     │
1915 │             if (row[i] == bytes1("(")) open = i;
     │                           ━━━━━━━━━━━
     │
     ├ note: consider disabling this lint if you're certain the cast is safe
     │       
     │       // casting to 'bytes1' is safe because [explain why]
     │       // forge-lint: disable-next-line(unsafe-typecast)
     │       
     │       
     ╰ help: https://book.getfoundry.sh/reference/forge/forge-lint#unsafe-typecast

warning[unsafe-typecast]: typecasts that can truncate values should be checked
     ╭▸ test\AcquisitionConstellationTask3B.t.sol:2707:73
     │
2707 │         uint256 layoutClosing = _matchingDelimiter(json, layoutOpening, bytes1("{"), bytes1("}"));
     │                                                                         ━━━━━━━━━━━
     │
     ├ note: consider disabling this lint if you're certain the cast is safe
     │       
     │       // casting to 'bytes1' is safe because [explain why]
     │       // forge-lint: disable-next-line(unsafe-typecast)
     │       
     │       
     ╰ help: https://book.getfoundry.sh/reference/forge/forge-lint#unsafe-typecast

warning[unsafe-typecast]: typecasts that can truncate values should be checked
    ╭▸ test\market-v2\TurfV2.t.sol:168:61
    │
168 │         turf.settleOwnership(seasonId, 0, _single(1), 2, 1, bytes32("same"));
    │                                                             ━━━━━━━━━━━━━━━
    │
    ├ note: consider disabling this lint if you're certain the cast is safe
    │       
    │       // casting to 'bytes32' is safe because [explain why]
    │       // forge-lint: disable-next-line(unsafe-typecast)
    │       
    │       
    ╰ help: https://book.getfoundry.sh/reference/forge/forge-lint#unsafe-typecast

warning[block-timestamp]: usage of `block.timestamp` in a comparison may be manipulated by validators
    ╭▸ src\market-v2\OmertaTurfV2.sol:273:16
    │
273 │             || observation.observedAt > block.timestamp || block.timestamp - observation.observedAt > maxObservationAge)
    │                ━━━━━━━━━━━━━━━━━━━━━━━━━━━━━━━━━━━━━━━━
    │
    ╰ help: https://book.getfoundry.sh/reference/forge/forge-lint#block-timestamp

warning[erc20-unchecked-transfer]: ERC20 'transfer' and 'transferFrom' calls should check the return value
   ╭▸ test\market-v2\ReserveFundingV2.t.sol:22:9
   │
22 │         token.transfer(address(funding), 3 ether);
   │         ━━━━━━━━━━━━━━━━━━━━━━━━━━━━━━━━━━━━━━━━━
   │
   ╰ help: https://book.getfoundry.sh/reference/forge/forge-lint#erc20-unchecked-transfer

warning[unsafe-typecast]: typecasts that can truncate values should be checked
     ╭▸ test\AcquisitionConstellationTask4BudgetBook.t.sol:1916:32
     │
1916 │             else if (row[i] == bytes1(")")) close = i;
     │                                ━━━━━━━━━━━
     │
     ├ note: consider disabling this lint if you're certain the cast is safe
     │       
     │       // casting to 'bytes1' is safe because [explain why]
     │       // forge-lint: disable-next-line(unsafe-typecast)
     │       
     │       
     ╰ help: https://book.getfoundry.sh/reference/forge/forge-lint#unsafe-typecast

warning[unsafe-typecast]: typecasts that can truncate values should be checked
     ╭▸ test\AcquisitionConstellationTask3B.t.sol:2707:86
     │
2707 │         uint256 layoutClosing = _matchingDelimiter(json, layoutOpening, bytes1("{"), bytes1("}"));
     │                                                                                      ━━━━━━━━━━━
     │
     ├ note: consider disabling this lint if you're certain the cast is safe
     │       
     │       // casting to 'bytes1' is safe because [explain why]
     │       // forge-lint: disable-next-line(unsafe-typecast)
     │       
     │       
     ╰ help: https://book.getfoundry.sh/reference/forge/forge-lint#unsafe-typecast

warning[unsafe-typecast]: typecasts that can truncate values should be checked
    ╭▸ test\market-v2\TurfV2.t.sol:174:61
    │
174 │         turf.settleOwnership(seasonId, 0, _single(2), 1, 2, bytes32("epoch"));
    │                                                             ━━━━━━━━━━━━━━━━
    │
    ├ note: consider disabling this lint if you're certain the cast is safe
    │       
    │       // casting to 'bytes32' is safe because [explain why]
    │       // forge-lint: disable-next-line(unsafe-typecast)
    │       
    │       
    ╰ help: https://book.getfoundry.sh/reference/forge/forge-lint#unsafe-typecast

warning[block-timestamp]: usage of `block.timestamp` in a comparison may be manipulated by validators
   ╭▸ src\market-v2\OmertaMarketStateV2.sol:76:16
   │
76 │             || block.timestamp - reading.observedAt > maxAge) reading.valid = false;
   │                ━━━━━━━━━━━━━━━━━━━━━━━━━━━━━━━━━━━━━━━━━━━━━
   │
   ╰ help: https://book.getfoundry.sh/reference/forge/forge-lint#block-timestamp

warning[unsafe-typecast]: typecasts that can truncate values should be checked
   ╭▸ src\market-v2\OmertaMarketStateV2.sol:47:32
   │
47 │             reading.meanTick = int24(mean);
   │                                ━━━━━━━━━━━
   │
   ├ note: consider disabling this lint if you're certain the cast is safe
   │       
   │       // casting to 'int24' is safe because [explain why]
   │       // forge-lint: disable-next-line(unsafe-typecast)
   │       
   │       
   ╰ help: https://book.getfoundry.sh/reference/forge/forge-lint#unsafe-typecast

warning[unsafe-typecast]: typecasts that can truncate values should be checked
   ╭▸ src\market-v2\OmertaMarketStateV2.sol:51:56
   │
51 │             reading.volatilityTicks = uint24(Math.sqrt(uint256(varianceNumerator / denom)));
   │                                                        ━━━━━━━━━━━━━━━━━━━━━━━━━━━━━━━━━━
   │
   ├ note: consider disabling this lint if you're certain the cast is safe
   │       
   │       // casting to 'uint256' is safe because [explain why]
   │       // forge-lint: disable-next-line(unsafe-typecast)
   │       
   │       
   ╰ help: https://book.getfoundry.sh/reference/forge/forge-lint#unsafe-typecast

warning[block-timestamp]: usage of `block.timestamp` in a comparison may be manipulated by validators
    ╭▸ src\market-v2\OmertaTurfV2.sol:273:60
    │
273 │             || observation.observedAt > block.timestamp || block.timestamp - observation.observedAt > maxObservationAge)
    │                                                            ━━━━━━━━━━━━━━━━━━━━━━━━━━━━━━━━━━━━━━━━━━━━━━━━━━━━━━━━━━━━
    │
    ╰ help: https://book.getfoundry.sh/reference/forge/forge-lint#block-timestamp

warning[unsafe-typecast]: typecasts that can truncate values should be checked
     ╭▸ test\AcquisitionConstellationTask4BudgetBook.t.sol:1917:32
     │
1917 │             else if (row[i] == bytes1("|")) divider = i;
     │                                ━━━━━━━━━━━
     │
     ├ note: consider disabling this lint if you're certain the cast is safe
     │       
     │       // casting to 'bytes1' is safe because [explain why]
     │       // forge-lint: disable-next-line(unsafe-typecast)
     │       
     │       
     ╰ help: https://book.getfoundry.sh/reference/forge/forge-lint#unsafe-typecast

warning[unsafe-typecast]: typecasts that can truncate values should be checked
     ╭▸ test\AcquisitionConstellationTask4BudgetBook.t.sol:2141:26
     │
2141 │             if (ir[i] == bytes1("(")) {
     │                          ━━━━━━━━━━━
     │
     ├ note: consider disabling this lint if you're certain the cast is safe
     │       
     │       // casting to 'bytes1' is safe because [explain why]
     │       // forge-lint: disable-next-line(unsafe-typecast)
     │       
     │       
     ╰ help: https://book.getfoundry.sh/reference/forge/forge-lint#unsafe-typecast

warning[unsafe-typecast]: typecasts that can truncate values should be checked
    ╭▸ test\AcquisitionVaultAccounting.t.sol:449:37
    │
449 │                 else if (current == bytes1("\\")) escaped = true;
    │                                     ━━━━━━━━━━━━
    │
    ├ note: consider disabling this lint if you're certain the cast is safe
    │       
    │       // casting to 'bytes1' is safe because [explain why]
    │       // forge-lint: disable-next-line(unsafe-typecast)
    │       
    │       
    ╰ help: https://book.getfoundry.sh/reference/forge/forge-lint#unsafe-typecast

warning[unsafe-typecast]: typecasts that can truncate values should be checked
    ╭▸ test\AcquisitionVaultAccounting.t.sol:450:37
    │
450 │                 else if (current == bytes1('"')) quoted = false;
    │                                     ━━━━━━━━━━━
    │
    ├ note: consider disabling this lint if you're certain the cast is safe
    │       
    │       // casting to 'bytes1' is safe because [explain why]
    │       // forge-lint: disable-next-line(unsafe-typecast)
    │       
    │       
    ╰ help: https://book.getfoundry.sh/reference/forge/forge-lint#unsafe-typecast

warning[unsafe-typecast]: typecasts that can truncate values should be checked
    ╭▸ test\AcquisitionVaultAccounting.t.sol:453:28
    │
453 │             if (current == bytes1('"')) {
    │                            ━━━━━━━━━━━
    │
    ├ note: consider disabling this lint if you're certain the cast is safe
    │       
    │       // casting to 'bytes1' is safe because [explain why]
    │       // forge-lint: disable-next-line(unsafe-typecast)
    │       
    │       
    ╰ help: https://book.getfoundry.sh/reference/forge/forge-lint#unsafe-typecast

warning[unsafe-typecast]: typecasts that can truncate values should be checked
    ╭▸ test\AcquisitionVaultAccounting.t.sol:623:83
    │
623 │         uint256 constructorClosing = _matchingDelimiter(json, constructorOpening, bytes1("{"), bytes1("}"));
    │                                                                                   ━━━━━━━━━━━
    │
    ├ note: consider disabling this lint if you're certain the cast is safe
    │       
    │       // casting to 'bytes1' is safe because [explain why]
    │       // forge-lint: disable-next-line(unsafe-typecast)
    │       
    │       
    ╰ help: https://book.getfoundry.sh/reference/forge/forge-lint#unsafe-typecast

warning[unsafe-typecast]: typecasts that can truncate values should be checked
    ╭▸ test\AcquisitionVaultAccounting.t.sol:623:96
    │
623 │         uint256 constructorClosing = _matchingDelimiter(json, constructorOpening, bytes1("{"), bytes1("}"));
    │                                                                                                ━━━━━━━━━━━
    │
    ├ note: consider disabling this lint if you're certain the cast is safe
    │       
    │       // casting to 'bytes1' is safe because [explain why]
    │       // forge-lint: disable-next-line(unsafe-typecast)
    │       
    │       
    ╰ help: https://book.getfoundry.sh/reference/forge/forge-lint#unsafe-typecast

warning[unsafe-typecast]: typecasts that can truncate values should be checked
    ╭▸ test\AcquisitionVaultAccounting.t.sol:973:38
    │
973 │         assertEq(pending.proposedAt, uint64(lastProposalTime));
    │                                      ━━━━━━━━━━━━━━━━━━━━━━━━
    │
    ├ note: consider disabling this lint if you're certain the cast is safe
    │       
    │       // casting to 'uint64' is safe because [explain why]
    │       // forge-lint: disable-next-line(unsafe-typecast)
    │       
    │       
    ╰ help: https://book.getfoundry.sh/reference/forge/forge-lint#unsafe-typecast

warning[block-timestamp]: usage of `block.timestamp` in a comparison may be manipulated by validators
   ╭▸ src\market-v2\OmertaTurfFeeBridgeV2.sol:77:13
   │
77 │         if (block.timestamp < endsAt) revert NotExpired();
   │             ━━━━━━━━━━━━━━━━━━━━━━━━
   │
   ╰ help: https://book.getfoundry.sh/reference/forge/forge-lint#block-timestamp

warning[block-timestamp]: usage of `block.timestamp` in a comparison may be manipulated by validators
   ╭▸ src\market-v2\OmertaTurfFeeBridgeV2.sol:91:17
   │
91 │             if (block.timestamp >= source.turfSeasonEnd()) source.expireTurf();
   │                 ━━━━━━━━━━━━━━━━━━━━━━━━━━━━━━━━━━━━━━━━━
   │
   ╰ help: https://book.getfoundry.sh/reference/forge/forge-lint#block-timestamp

warning[unsafe-typecast]: typecasts that can truncate values should be checked
     ╭▸ test\AcquisitionVaultAccounting.t.sol:1312:61
     │
1312 │         uint256 closing = _matchingDelimiter(json, opening, bytes1("["), bytes1("]"));
     │                                                             ━━━━━━━━━━━
     │
     ├ note: consider disabling this lint if you're certain the cast is safe
     │       
     │       // casting to 'bytes1' is safe because [explain why]
     │       // forge-lint: disable-next-line(unsafe-typecast)
     │       
     │       
     ╰ help: https://book.getfoundry.sh/reference/forge/forge-lint#unsafe-typecast

warning[unsafe-typecast]: typecasts that can truncate values should be checked
     ╭▸ test\AcquisitionVaultAccounting.t.sol:1312:74
     │
1312 │         uint256 closing = _matchingDelimiter(json, opening, bytes1("["), bytes1("]"));
     │                                                                          ━━━━━━━━━━━
     │
     ├ note: consider disabling this lint if you're certain the cast is safe
     │       
     │       // casting to 'bytes1' is safe because [explain why]
     │       // forge-lint: disable-next-line(unsafe-typecast)
     │       
     │       
     ╰ help: https://book.getfoundry.sh/reference/forge/forge-lint#unsafe-typecast

warning[unsafe-typecast]: typecasts that can truncate values should be checked
    ╭▸ test\AcquisitionVaultOperator.t.sol:786:37
    │
786 │                 else if (current == bytes1("\\")) escaped = true;
    │                                     ━━━━━━━━━━━━
    │
    ├ note: consider disabling this lint if you're certain the cast is safe
    │       
    │       // casting to 'bytes1' is safe because [explain why]
    │       // forge-lint: disable-next-line(unsafe-typecast)
    │       
    │       
    ╰ help: https://book.getfoundry.sh/reference/forge/forge-lint#unsafe-typecast

warning[unsafe-typecast]: typecasts that can truncate values should be checked
    ╭▸ test\AcquisitionVaultOperator.t.sol:787:37
    │
787 │                 else if (current == bytes1('"')) quoted = false;
    │                                     ━━━━━━━━━━━
    │
    ├ note: consider disabling this lint if you're certain the cast is safe
    │       
    │       // casting to 'bytes1' is safe because [explain why]
    │       // forge-lint: disable-next-line(unsafe-typecast)
    │       
    │       
    ╰ help: https://book.getfoundry.sh/reference/forge/forge-lint#unsafe-typecast

warning[unsafe-typecast]: typecasts that can truncate values should be checked
    ╭▸ test\AcquisitionVaultOperator.t.sol:790:28
    │
790 │             if (current == bytes1('"')) {
    │                            ━━━━━━━━━━━
    │
    ├ note: consider disabling this lint if you're certain the cast is safe
    │       
    │       // casting to 'bytes1' is safe because [explain why]
    │       // forge-lint: disable-next-line(unsafe-typecast)
    │       
    │       
    ╰ help: https://book.getfoundry.sh/reference/forge/forge-lint#unsafe-typecast

warning[unsafe-typecast]: typecasts that can truncate values should be checked
    ╭▸ test\AcquisitionVaultOperator.t.sol:809:54
    │
809 │         while (end < object.length && object[end] != bytes1('"')) ++end;
    │                                                      ━━━━━━━━━━━
    │
    ├ note: consider disabling this lint if you're certain the cast is safe
    │       
    │       // casting to 'bytes1' is safe because [explain why]
    │       // forge-lint: disable-next-line(unsafe-typecast)
    │       
    │       
    ╰ help: https://book.getfoundry.sh/reference/forge/forge-lint#unsafe-typecast

warning[unsafe-typecast]: typecasts that can truncate values should be checked
    ╭▸ test\AcquisitionVaultOperator.t.sol:819:57
    │
819 │         uint256 end = _matchingDelimiter(object, start, bytes1("["), bytes1("]"));
    │                                                         ━━━━━━━━━━━
    │
    ├ note: consider disabling this lint if you're certain the cast is safe
    │       
    │       // casting to 'bytes1' is safe because [explain why]
    │       // forge-lint: disable-next-line(unsafe-typecast)
    │       
    │       
    ╰ help: https://book.getfoundry.sh/reference/forge/forge-lint#unsafe-typecast

warning[unsafe-typecast]: typecasts that can truncate values should be checked
    ╭▸ test\AcquisitionVaultOperator.t.sol:819:70
    │
819 │         uint256 end = _matchingDelimiter(object, start, bytes1("["), bytes1("]"));
    │                                                                      ━━━━━━━━━━━
    │
    ├ note: consider disabling this lint if you're certain the cast is safe
    │       
    │       // casting to 'bytes1' is safe because [explain why]
    │       // forge-lint: disable-next-line(unsafe-typecast)
    │       
    │       
    ╰ help: https://book.getfoundry.sh/reference/forge/forge-lint#unsafe-typecast

warning[unsafe-typecast]: typecasts that can truncate values should be checked
     ╭▸ test\AcquisitionConstellationTask3B.t.sol:2718:71
     │
2718 │             uint256 rowClosing = _matchingDelimiter(json, rowOpening, bytes1("{"), bytes1("}"));
     │                                                                       ━━━━━━━━━━━
     │
     ├ note: consider disabling this lint if you're certain the cast is safe
     │       
     │       // casting to 'bytes1' is safe because [explain why]
     │       // forge-lint: disable-next-line(unsafe-typecast)
     │       
     │       
     ╰ help: https://book.getfoundry.sh/reference/forge/forge-lint#unsafe-typecast

warning[block-timestamp]: usage of `block.timestamp` in a comparison may be manipulated by validators
    ╭▸ src\market-v2\OmertaStabilityControllerV2.sol:278:72
    │
278 │         if (t == Tranche.Turf && (block.timestamp < turfSeasonStart || block.timestamp >= turfSeasonEnd)) {
    │                                                                        ━━━━━━━━━━━━━━━━━━━━━━━━━━━━━━━━
    │
    ╰ help: https://book.getfoundry.sh/reference/forge/forge-lint#block-timestamp

warning[block-timestamp]: usage of `block.timestamp` in a comparison may be manipulated by validators
    ╭▸ src\market-v2\OmertaStabilityControllerV2.sol:288:49
    │
288 │         if (s.epoch <= a.lastDeploymentEpoch || block.timestamp < uint256(a.lastDeploymentAt) + cooldown) {
    │                                                 ━━━━━━━━━━━━━━━━━━━━━━━━━━━━━━━━━━━━━━━━━━━━━━━━━━━━━━━━
    │
    ╰ help: https://book.getfoundry.sh/reference/forge/forge-lint#block-timestamp

warning[unsafe-typecast]: typecasts that can truncate values should be checked
    ╭▸ test\market-v2\TurfV2.t.sol:177:61
    │
177 │         turf.settleOwnership(seasonId, 0, _single(2), 1, 1, bytes32("stale"));
    │                                                             ━━━━━━━━━━━━━━━━
    │
    ├ note: consider disabling this lint if you're certain the cast is safe
    │       
    │       // casting to 'bytes32' is safe because [explain why]
    │       // forge-lint: disable-next-line(unsafe-typecast)
    │       
    │       
    ╰ help: https://book.getfoundry.sh/reference/forge/forge-lint#unsafe-typecast

warning[unsafe-typecast]: typecasts that can truncate values should be checked
    ╭▸ test\market-v2\TurfV2.t.sol:180:61
    │
180 │         turf.settleOwnership(seasonId, 0, _single(2), 1, 2, bytes32("future"));
    │                                                             ━━━━━━━━━━━━━━━━━
    │
    ├ note: consider disabling this lint if you're certain the cast is safe
    │       
    │       // casting to 'bytes32' is safe because [explain why]
    │       // forge-lint: disable-next-line(unsafe-typecast)
    │       
    │       
    ╰ help: https://book.getfoundry.sh/reference/forge/forge-lint#unsafe-typecast

warning[unsafe-typecast]: typecasts that can truncate values should be checked
     ╭▸ test\AcquisitionConstellationTask4BudgetBook.t.sol:2143:33
     │
2143 │             } else if (ir[i] == bytes1(")")) {
     │                                 ━━━━━━━━━━━
     │
     ├ note: consider disabling this lint if you're certain the cast is safe
     │       
     │       // casting to 'bytes1' is safe because [explain why]
     │       // forge-lint: disable-next-line(unsafe-typecast)
     │       
     │       
     ╰ help: https://book.getfoundry.sh/reference/forge/forge-lint#unsafe-typecast

warning[unsafe-typecast]: typecasts that can truncate values should be checked
     ╭▸ test\AcquisitionConstellationTask4BudgetBook.t.sol:2150:33
     │
2150 │             } else if (ir[i] == bytes1(",") && depth == 1) {
     │                                 ━━━━━━━━━━━
     │
     ├ note: consider disabling this lint if you're certain the cast is safe
     │       
     │       // casting to 'bytes1' is safe because [explain why]
     │       // forge-lint: disable-next-line(unsafe-typecast)
     │       
     │       
     ╰ help: https://book.getfoundry.sh/reference/forge/forge-lint#unsafe-typecast

warning[block-timestamp]: usage of `block.timestamp` in a comparison may be manipulated by validators
    ╭▸ src\OmertaBond.sol:333:31
    │
333 │             if (price == 0 || updatedAt > block.timestamp) revert OracleUnavailable();
    │                               ━━━━━━━━━━━━━━━━━━━━━━━━━━━
    │
    ╰ help: https://book.getfoundry.sh/reference/forge/forge-lint#block-timestamp

warning[unsafe-typecast]: typecasts that can truncate values should be checked
    ╭▸ test\AcquisitionVaultOperator.t.sol:834:72
    │
834 │             while (cursor < parameters.length && parameters[cursor] != bytes1("{")) ++cursor;
    │                                                                        ━━━━━━━━━━━
    │
    ├ note: consider disabling this lint if you're certain the cast is safe
    │       
    │       // casting to 'bytes1' is safe because [explain why]
    │       // forge-lint: disable-next-line(unsafe-typecast)
    │       
    │       
    ╰ help: https://book.getfoundry.sh/reference/forge/forge-lint#unsafe-typecast

warning[unsafe-typecast]: typecasts that can truncate values should be checked
    ╭▸ test\market-v2\TurfV2.t.sol:189:61
    │
189 │         turf.settleOwnership(seasonId, 0, _single(2), 1, 2, bytes32("late"));
    │                                                             ━━━━━━━━━━━━━━━
    │
    ├ note: consider disabling this lint if you're certain the cast is safe
    │       
    │       // casting to 'bytes32' is safe because [explain why]
    │       // forge-lint: disable-next-line(unsafe-typecast)
    │       
    │       
    ╰ help: https://book.getfoundry.sh/reference/forge/forge-lint#unsafe-typecast

warning[block-timestamp]: usage of `block.timestamp` in a comparison may be manipulated by validators
    ╭▸ src\OmertaBond.sol:334:17
    │
334 │             if (block.timestamp - updatedAt > maxOracleAge) revert OracleStale(updatedAt, maxOracleAge);
    │                 ━━━━━━━━━━━━━━━━━━━━━━━━━━━━━━━━━━━━━━━━━━
    │
    ╰ help: https://book.getfoundry.sh/reference/forge/forge-lint#block-timestamp

warning[unsafe-typecast]: typecasts that can truncate values should be checked
     ╭▸ test\AcquisitionConstellationTask3B.t.sol:2718:84
     │
2718 │             uint256 rowClosing = _matchingDelimiter(json, rowOpening, bytes1("{"), bytes1("}"));
     │                                                                                    ━━━━━━━━━━━
     │
     ├ note: consider disabling this lint if you're certain the cast is safe
     │       
     │       // casting to 'bytes1' is safe because [explain why]
     │       // forge-lint: disable-next-line(unsafe-typecast)
     │       
     │       
     ╰ help: https://book.getfoundry.sh/reference/forge/forge-lint#unsafe-typecast

warning[block-timestamp]: usage of `block.timestamp` in a comparison may be manipulated by validators
    ╭▸ src\market-v2\OmertaStabilityControllerV2.sol:329:13
    │
329 │         if (block.timestamp < turfSeasonEnd) revert WrongRegime();
    │             ━━━━━━━━━━━━━━━━━━━━━━━━━━━━━━━
    │
    ╰ help: https://book.getfoundry.sh/reference/forge/forge-lint#block-timestamp

warning[unsafe-typecast]: typecasts that can truncate values should be checked
    ╭▸ test\AcquisitionVaultOperator.t.sol:836:66
    │
836 │             uint256 end = _matchingDelimiter(parameters, cursor, bytes1("{"), bytes1("}"));
    │                                                                  ━━━━━━━━━━━
    │
    ├ note: consider disabling this lint if you're certain the cast is safe
    │       
    │       // casting to 'bytes1' is safe because [explain why]
    │       // forge-lint: disable-next-line(unsafe-typecast)
    │       
    │       
    ╰ help: https://book.getfoundry.sh/reference/forge/forge-lint#unsafe-typecast

warning[block-timestamp]: usage of `block.timestamp` in a comparison may be manipulated by validators
    ╭▸ src\OmertaBond.sol:371:13
    │
371 │         if (block.timestamp > q.deadline) revert Expired();
    │             ━━━━━━━━━━━━━━━━━━━━━━━━━━━━
    │
    ╰ help: https://book.getfoundry.sh/reference/forge/forge-lint#block-timestamp

warning[unsafe-typecast]: typecasts that can truncate values should be checked
     ╭▸ test\AcquisitionConstellationTask3B.t.sol:2819:77
     │
2819 │             uint256 memberClosing = _matchingDelimiter(json, memberOpening, bytes1("{"), bytes1("}"));
     │                                                                             ━━━━━━━━━━━
     │
     ├ note: consider disabling this lint if you're certain the cast is safe
     │       
     │       // casting to 'bytes1' is safe because [explain why]
     │       // forge-lint: disable-next-line(unsafe-typecast)
     │       
     │       
     ╰ help: https://book.getfoundry.sh/reference/forge/forge-lint#unsafe-typecast

warning[unsafe-typecast]: typecasts that can truncate values should be checked
     ╭▸ test\AcquisitionConstellationTask4BudgetBook.t.sol:2246:40
     │
2246 │                 compacted[written++] = bytes1(";");
     │                                        ━━━━━━━━━━━
     │
     ├ note: consider disabling this lint if you're certain the cast is safe
     │       
     │       // casting to 'bytes1' is safe because [explain why]
     │       // forge-lint: disable-next-line(unsafe-typecast)
     │       
     │       
     ╰ help: https://book.getfoundry.sh/reference/forge/forge-lint#unsafe-typecast

warning[block-timestamp]: usage of `block.timestamp` in a comparison may be manipulated by validators
    ╭▸ src\OmertaBond.sol:372:13
    │
372 │         if (q.deadline > block.timestamp + MAX_QUOTE_TTL) revert DeadlineTooFar();
    │             ━━━━━━━━━━━━━━━━━━━━━━━━━━━━━━━━━━━━━━━━━━━━
    │
    ╰ help: https://book.getfoundry.sh/reference/forge/forge-lint#block-timestamp

warning[block-timestamp]: usage of `block.timestamp` in a comparison may be manipulated by validators
    ╭▸ src\market-v2\OmertaStabilityControllerV2.sol:462:82
    │
462 │             !s.valid || s.epoch == 0 || s.epoch != epoch || s.observedAt == 0 || s.observedAt > block.timestamp
    │                                                                                  ━━━━━━━━━━━━━━━━━━━━━━━━━━━━━━
    │
    ╰ help: https://book.getfoundry.sh/reference/forge/forge-lint#block-timestamp

warning[unsafe-typecast]: typecasts that can truncate values should be checked
    ╭▸ test\AcquisitionVaultOperator.t.sol:836:79
    │
836 │             uint256 end = _matchingDelimiter(parameters, cursor, bytes1("{"), bytes1("}"));
    │                                                                               ━━━━━━━━━━━
    │
    ├ note: consider disabling this lint if you're certain the cast is safe
    │       
    │       // casting to 'bytes1' is safe because [explain why]
    │       // forge-lint: disable-next-line(unsafe-typecast)
    │       
    │       
    ╰ help: https://book.getfoundry.sh/reference/forge/forge-lint#unsafe-typecast

warning[unsafe-typecast]: typecasts that can truncate values should be checked
    ╭▸ test\AcquisitionVaultOperator.t.sol:848:72
    │
848 │             while (cursor < parameters.length && parameters[cursor] != bytes1("{")) ++cursor;
    │                                                                        ━━━━━━━━━━━
    │
    ├ note: consider disabling this lint if you're certain the cast is safe
    │       
    │       // casting to 'bytes1' is safe because [explain why]
    │       // forge-lint: disable-next-line(unsafe-typecast)
    │       
    │       
    ╰ help: https://book.getfoundry.sh/reference/forge/forge-lint#unsafe-typecast

warning[unsafe-typecast]: typecasts that can truncate values should be checked
    ╭▸ test\AcquisitionVaultOperator.t.sol:850:66
    │
850 │             uint256 end = _matchingDelimiter(parameters, cursor, bytes1("{"), bytes1("}"));
    │                                                                  ━━━━━━━━━━━
    │
    ├ note: consider disabling this lint if you're certain the cast is safe
    │       
    │       // casting to 'bytes1' is safe because [explain why]
    │       // forge-lint: disable-next-line(unsafe-typecast)
    │       
    │       
    ╰ help: https://book.getfoundry.sh/reference/forge/forge-lint#unsafe-typecast

warning[unsafe-typecast]: typecasts that can truncate values should be checked
    ╭▸ test\AcquisitionVaultOperator.t.sol:850:79
    │
850 │             uint256 end = _matchingDelimiter(parameters, cursor, bytes1("{"), bytes1("}"));
    │                                                                               ━━━━━━━━━━━
    │
    ├ note: consider disabling this lint if you're certain the cast is safe
    │       
    │       // casting to 'bytes1' is safe because [explain why]
    │       // forge-lint: disable-next-line(unsafe-typecast)
    │       
    │       
    ╰ help: https://book.getfoundry.sh/reference/forge/forge-lint#unsafe-typecast

warning[unsafe-typecast]: typecasts that can truncate values should be checked
    ╭▸ test\AcquisitionVaultOperator.t.sol:879:61
    │
879 │         uint256 closing = _matchingDelimiter(json, opening, bytes1("["), bytes1("]"));
    │                                                             ━━━━━━━━━━━
    │
    ├ note: consider disabling this lint if you're certain the cast is safe
    │       
    │       // casting to 'bytes1' is safe because [explain why]
    │       // forge-lint: disable-next-line(unsafe-typecast)
    │       
    │       
    ╰ help: https://book.getfoundry.sh/reference/forge/forge-lint#unsafe-typecast

warning[unsafe-typecast]: typecasts that can truncate values should be checked
    ╭▸ test\AcquisitionVaultOperator.t.sol:879:74
    │
879 │         uint256 closing = _matchingDelimiter(json, opening, bytes1("["), bytes1("]"));
    │                                                                          ━━━━━━━━━━━
    │
    ├ note: consider disabling this lint if you're certain the cast is safe
    │       
    │       // casting to 'bytes1' is safe because [explain why]
    │       // forge-lint: disable-next-line(unsafe-typecast)
    │       
    │       
    ╰ help: https://book.getfoundry.sh/reference/forge/forge-lint#unsafe-typecast

warning[unsafe-typecast]: typecasts that can truncate values should be checked
    ╭▸ test\AcquisitionVaultOperator.t.sol:882:56
    │
882 │             while (cursor < closing && json[cursor] != bytes1("{")) ++cursor;
    │                                                        ━━━━━━━━━━━
    │
    ├ note: consider disabling this lint if you're certain the cast is safe
    │       
    │       // casting to 'bytes1' is safe because [explain why]
    │       // forge-lint: disable-next-line(unsafe-typecast)
    │       
    │       
    ╰ help: https://book.getfoundry.sh/reference/forge/forge-lint#unsafe-typecast

warning[unsafe-typecast]: typecasts that can truncate values should be checked
    ╭▸ test\AcquisitionVaultOperator.t.sol:884:60
    │
884 │             uint256 end = _matchingDelimiter(json, cursor, bytes1("{"), bytes1("}"));
    │                                                            ━━━━━━━━━━━
    │
    ├ note: consider disabling this lint if you're certain the cast is safe
    │       
    │       // casting to 'bytes1' is safe because [explain why]
    │       // forge-lint: disable-next-line(unsafe-typecast)
    │       
    │       
    ╰ help: https://book.getfoundry.sh/reference/forge/forge-lint#unsafe-typecast

warning[unsafe-typecast]: typecasts that can truncate values should be checked
    ╭▸ test\AcquisitionVaultOperator.t.sol:884:73
    │
884 │             uint256 end = _matchingDelimiter(json, cursor, bytes1("{"), bytes1("}"));
    │                                                                         ━━━━━━━━━━━
    │
    ├ note: consider disabling this lint if you're certain the cast is safe
    │       
    │       // casting to 'bytes1' is safe because [explain why]
    │       // forge-lint: disable-next-line(unsafe-typecast)
    │       
    │       
    ╰ help: https://book.getfoundry.sh/reference/forge/forge-lint#unsafe-typecast

warning[unsafe-typecast]: typecasts that can truncate values should be checked
    ╭▸ test\AcquisitionVaultOperator.t.sol:891:56
    │
891 │             while (cursor < closing && json[cursor] != bytes1("{")) ++cursor;
    │                                                        ━━━━━━━━━━━
    │
    ├ note: consider disabling this lint if you're certain the cast is safe
    │       
    │       // casting to 'bytes1' is safe because [explain why]
    │       // forge-lint: disable-next-line(unsafe-typecast)
    │       
    │       
    ╰ help: https://book.getfoundry.sh/reference/forge/forge-lint#unsafe-typecast

warning[unsafe-typecast]: typecasts that can truncate values should be checked
    ╭▸ test\AcquisitionVaultOperator.t.sol:893:60
    │
893 │             uint256 end = _matchingDelimiter(json, cursor, bytes1("{"), bytes1("}"));
    │                                                            ━━━━━━━━━━━
    │
    ├ note: consider disabling this lint if you're certain the cast is safe
    │       
    │       // casting to 'bytes1' is safe because [explain why]
    │       // forge-lint: disable-next-line(unsafe-typecast)
    │       
    │       
    ╰ help: https://book.getfoundry.sh/reference/forge/forge-lint#unsafe-typecast

warning[unsafe-typecast]: typecasts that can truncate values should be checked
    ╭▸ test\AcquisitionVaultOperator.t.sol:893:73
    │
893 │             uint256 end = _matchingDelimiter(json, cursor, bytes1("{"), bytes1("}"));
    │                                                                         ━━━━━━━━━━━
    │
    ├ note: consider disabling this lint if you're certain the cast is safe
    │       
    │       // casting to 'bytes1' is safe because [explain why]
    │       // forge-lint: disable-next-line(unsafe-typecast)
    │       
    │       
    ╰ help: https://book.getfoundry.sh/reference/forge/forge-lint#unsafe-typecast

warning[unsafe-typecast]: typecasts that can truncate values should be checked
    ╭▸ test\AcquisitionVaultOperator.t.sol:936:51
    │
936 │             if (i + 1 < code.length && code[i] == bytes1("/") && code[i + 1] == bytes1("/")) {
    │                                                   ━━━━━━━━━━━
    │
    ├ note: consider disabling this lint if you're certain the cast is safe
    │       
    │       // casting to 'bytes1' is safe because [explain why]
    │       // forge-lint: disable-next-line(unsafe-typecast)
    │       
    │       
    ╰ help: https://book.getfoundry.sh/reference/forge/forge-lint#unsafe-typecast

warning[unsafe-typecast]: typecasts that can truncate values should be checked
    ╭▸ test\AcquisitionVaultOperator.t.sol:936:81
    │
936 │             if (i + 1 < code.length && code[i] == bytes1("/") && code[i + 1] == bytes1("/")) {
    │                                                                                 ━━━━━━━━━━━
    │
    ├ note: consider disabling this lint if you're certain the cast is safe
    │       
    │       // casting to 'bytes1' is safe because [explain why]
    │       // forge-lint: disable-next-line(unsafe-typecast)
    │       
    │       
    ╰ help: https://book.getfoundry.sh/reference/forge/forge-lint#unsafe-typecast

warning[unsafe-typecast]: typecasts that can truncate values should be checked
    ╭▸ test\AcquisitionVaultOperator.t.sol:937:29
    │
937 │                 code[i++] = bytes1(" ");
    │                             ━━━━━━━━━━━
    │
    ├ note: consider disabling this lint if you're certain the cast is safe
    │       
    │       // casting to 'bytes1' is safe because [explain why]
    │       // forge-lint: disable-next-line(unsafe-typecast)
    │       
    │       
    ╰ help: https://book.getfoundry.sh/reference/forge/forge-lint#unsafe-typecast

warning[unsafe-typecast]: typecasts that can truncate values should be checked
    ╭▸ test\AcquisitionVaultOperator.t.sol:938:29
    │
938 │                 code[i++] = bytes1(" ");
    │                             ━━━━━━━━━━━
    │
    ├ note: consider disabling this lint if you're certain the cast is safe
    │       
    │       // casting to 'bytes1' is safe because [explain why]
    │       // forge-lint: disable-next-line(unsafe-typecast)
    │       
    │       
    ╰ help: https://book.getfoundry.sh/reference/forge/forge-lint#unsafe-typecast

warning[unsafe-typecast]: typecasts that can truncate values should be checked
    ╭▸ test\AcquisitionVaultOperator.t.sol:939:54
    │
939 │                 while (i < code.length && code[i] != bytes1("\n")) code[i++] = bytes1(" ");
    │                                                      ━━━━━━━━━━━━
    │
    ├ note: consider disabling this lint if you're certain the cast is safe
    │       
    │       // casting to 'bytes1' is safe because [explain why]
    │       // forge-lint: disable-next-line(unsafe-typecast)
    │       
    │       
    ╰ help: https://book.getfoundry.sh/reference/forge/forge-lint#unsafe-typecast

warning[unsafe-typecast]: typecasts that can truncate values should be checked
    ╭▸ test\AcquisitionVaultOperator.t.sol:939:80
    │
939 │                 while (i < code.length && code[i] != bytes1("\n")) code[i++] = bytes1(" ");
    │                                                                                ━━━━━━━━━━━
    │
    ├ note: consider disabling this lint if you're certain the cast is safe
    │       
    │       // casting to 'bytes1' is safe because [explain why]
    │       // forge-lint: disable-next-line(unsafe-typecast)
    │       
    │       
    ╰ help: https://book.getfoundry.sh/reference/forge/forge-lint#unsafe-typecast

warning[unsafe-typecast]: typecasts that can truncate values should be checked
    ╭▸ test\AcquisitionVaultOperator.t.sol:942:51
    │
942 │             if (i + 1 < code.length && code[i] == bytes1("/") && code[i + 1] == bytes1("*")) {
    │                                                   ━━━━━━━━━━━
    │
    ├ note: consider disabling this lint if you're certain the cast is safe
    │       
    │       // casting to 'bytes1' is safe because [explain why]
    │       // forge-lint: disable-next-line(unsafe-typecast)
    │       
    │       
    ╰ help: https://book.getfoundry.sh/reference/forge/forge-lint#unsafe-typecast

warning[unsafe-typecast]: typecasts that can truncate values should be checked
    ╭▸ test\AcquisitionVaultOperator.t.sol:942:81
    │
942 │             if (i + 1 < code.length && code[i] == bytes1("/") && code[i + 1] == bytes1("*")) {
    │                                                                                 ━━━━━━━━━━━
    │
    ├ note: consider disabling this lint if you're certain the cast is safe
    │       
    │       // casting to 'bytes1' is safe because [explain why]
    │       // forge-lint: disable-next-line(unsafe-typecast)
    │       
    │       
    ╰ help: https://book.getfoundry.sh/reference/forge/forge-lint#unsafe-typecast

warning[unsafe-typecast]: typecasts that can truncate values should be checked
    ╭▸ test\AcquisitionVaultOperator.t.sol:943:29
    │
943 │                 code[i++] = bytes1(" ");
    │                             ━━━━━━━━━━━
    │
    ├ note: consider disabling this lint if you're certain the cast is safe
    │       
    │       // casting to 'bytes1' is safe because [explain why]
    │       // forge-lint: disable-next-line(unsafe-typecast)
    │       
    │       
    ╰ help: https://book.getfoundry.sh/reference/forge/forge-lint#unsafe-typecast

warning[unsafe-typecast]: typecasts that can truncate values should be checked
    ╭▸ test\AcquisitionVaultOperator.t.sol:944:29
    │
944 │                 code[i++] = bytes1(" ");
    │                             ━━━━━━━━━━━
    │
    ├ note: consider disabling this lint if you're certain the cast is safe
    │       
    │       // casting to 'bytes1' is safe because [explain why]
    │       // forge-lint: disable-next-line(unsafe-typecast)
    │       
    │       
    ╰ help: https://book.getfoundry.sh/reference/forge/forge-lint#unsafe-typecast

warning[unsafe-typecast]: typecasts that can truncate values should be checked
    ╭▸ test\AcquisitionVaultOperator.t.sol:945:60
    │
945 │                 while (i + 1 < code.length && !(code[i] == bytes1("*") && code[i + 1] == bytes1("/"))) {
    │                                                            ━━━━━━━━━━━
    │
    ├ note: consider disabling this lint if you're certain the cast is safe
    │       
    │       // casting to 'bytes1' is safe because [explain why]
    │       // forge-lint: disable-next-line(unsafe-typecast)
    │       
    │       
    ╰ help: https://book.getfoundry.sh/reference/forge/forge-lint#unsafe-typecast

warning[unsafe-typecast]: typecasts that can truncate values should be checked
    ╭▸ test\AcquisitionVaultOperator.t.sol:945:90
    │
945 │                 while (i + 1 < code.length && !(code[i] == bytes1("*") && code[i + 1] == bytes1("/"))) {
    │                                                                                          ━━━━━━━━━━━
    │
    ├ note: consider disabling this lint if you're certain the cast is safe
    │       
    │       // casting to 'bytes1' is safe because [explain why]
    │       // forge-lint: disable-next-line(unsafe-typecast)
    │       
    │       
    ╰ help: https://book.getfoundry.sh/reference/forge/forge-lint#unsafe-typecast

warning[unsafe-typecast]: typecasts that can truncate values should be checked
    ╭▸ test\AcquisitionVaultOperator.t.sol:946:33
    │
946 │                     code[i++] = bytes1(" ");
    │                                 ━━━━━━━━━━━
    │
    ├ note: consider disabling this lint if you're certain the cast is safe
    │       
    │       // casting to 'bytes1' is safe because [explain why]
    │       // forge-lint: disable-next-line(unsafe-typecast)
    │       
    │       
    ╰ help: https://book.getfoundry.sh/reference/forge/forge-lint#unsafe-typecast

warning[unsafe-typecast]: typecasts that can truncate values should be checked
    ╭▸ test\AcquisitionVaultOperator.t.sol:949:33
    │
949 │                     code[i++] = bytes1(" ");
    │                                 ━━━━━━━━━━━
    │
    ├ note: consider disabling this lint if you're certain the cast is safe
    │       
    │       // casting to 'bytes1' is safe because [explain why]
    │       // forge-lint: disable-next-line(unsafe-typecast)
    │       
    │       
    ╰ help: https://book.getfoundry.sh/reference/forge/forge-lint#unsafe-typecast

warning[unsafe-typecast]: typecasts that can truncate values should be checked
    ╭▸ test\AcquisitionVaultOperator.t.sol:950:33
    │
950 │                     code[i++] = bytes1(" ");
    │                                 ━━━━━━━━━━━
    │
    ├ note: consider disabling this lint if you're certain the cast is safe
    │       
    │       // casting to 'bytes1' is safe because [explain why]
    │       // forge-lint: disable-next-line(unsafe-typecast)
    │       
    │       
    ╰ help: https://book.getfoundry.sh/reference/forge/forge-lint#unsafe-typecast

warning[unsafe-typecast]: typecasts that can truncate values should be checked
    ╭▸ test\AcquisitionVaultOperator.t.sol:954:28
    │
954 │             if (code[i] == bytes1('"') || code[i] == bytes1("'")) {
    │                            ━━━━━━━━━━━
    │
    ├ note: consider disabling this lint if you're certain the cast is safe
    │       
    │       // casting to 'bytes1' is safe because [explain why]
    │       // forge-lint: disable-next-line(unsafe-typecast)
    │       
    │       
    ╰ help: https://book.getfoundry.sh/reference/forge/forge-lint#unsafe-typecast

warning[unsafe-typecast]: typecasts that can truncate values should be checked
    ╭▸ test\AcquisitionVaultOperator.t.sol:954:54
    │
954 │             if (code[i] == bytes1('"') || code[i] == bytes1("'")) {
    │                                                      ━━━━━━━━━━━
    │
    ├ note: consider disabling this lint if you're certain the cast is safe
    │       
    │       // casting to 'bytes1' is safe because [explain why]
    │       // forge-lint: disable-next-line(unsafe-typecast)
    │       
    │       
    ╰ help: https://book.getfoundry.sh/reference/forge/forge-lint#unsafe-typecast

warning[unsafe-typecast]: typecasts that can truncate values should be checked
    ╭▸ test\AcquisitionVaultOperator.t.sol:956:29
    │
956 │                 code[i++] = bytes1(" ");
    │                             ━━━━━━━━━━━
    │
    ├ note: consider disabling this lint if you're certain the cast is safe
    │       
    │       // casting to 'bytes1' is safe because [explain why]
    │       // forge-lint: disable-next-line(unsafe-typecast)
    │       
    │       
    ╰ help: https://book.getfoundry.sh/reference/forge/forge-lint#unsafe-typecast

warning[unsafe-typecast]: typecasts that can truncate values should be checked
    ╭▸ test\AcquisitionVaultOperator.t.sol:960:33
    │
960 │                     code[i++] = bytes1(" ");
    │                                 ━━━━━━━━━━━
    │
    ├ note: consider disabling this lint if you're certain the cast is safe
    │       
    │       // casting to 'bytes1' is safe because [explain why]
    │       // forge-lint: disable-next-line(unsafe-typecast)
    │       
    │       
    ╰ help: https://book.getfoundry.sh/reference/forge/forge-lint#unsafe-typecast

warning[unsafe-typecast]: typecasts that can truncate values should be checked
    ╭▸ test\AcquisitionVaultOperator.t.sol:962:41
    │
962 │                     else if (current == bytes1("\\")) escaped = true;
    │                                         ━━━━━━━━━━━━
    │
    ├ note: consider disabling this lint if you're certain the cast is safe
    │       
    │       // casting to 'bytes1' is safe because [explain why]
    │       // forge-lint: disable-next-line(unsafe-typecast)
    │       
    │       
    ╰ help: https://book.getfoundry.sh/reference/forge/forge-lint#unsafe-typecast

warning[block-timestamp]: usage of `block.timestamp` in a comparison may be manipulated by validators
    ╭▸ src\market-v2\OmertaStabilityControllerV2.sol:463:20
    │
463 │                 || block.timestamp - s.observedAt > maxObservationAge || s.omrPerEth == 0 || s.stressBps > 10000
    │                    ━━━━━━━━━━━━━━━━━━━━━━━━━━━━━━━━━━━━━━━━━━━━━━━━━━
    │
    ╰ help: https://book.getfoundry.sh/reference/forge/forge-lint#block-timestamp

warning[unsafe-typecast]: typecasts that can truncate values should be checked
    ╭▸ test\market-v2\TurfV2.t.sol:193:61
    │
193 │         turf.settleStatus(seasonId, 0, 2, 10, 10_000, 1, 1, bytes32("status"));
    │                                                             ━━━━━━━━━━━━━━━━━
    │
    ├ note: consider disabling this lint if you're certain the cast is safe
    │       
    │       // casting to 'bytes32' is safe because [explain why]
    │       // forge-lint: disable-next-line(unsafe-typecast)
    │       
    │       
    ╰ help: https://book.getfoundry.sh/reference/forge/forge-lint#unsafe-typecast

warning[unsafe-typecast]: typecasts that can truncate values should be checked
     ╭▸ test\AcquisitionConstellationTask3B.t.sol:2819:90
     │
2819 │             uint256 memberClosing = _matchingDelimiter(json, memberOpening, bytes1("{"), bytes1("}"));
     │                                                                                          ━━━━━━━━━━━
     │
     ├ note: consider disabling this lint if you're certain the cast is safe
     │       
     │       // casting to 'bytes1' is safe because [explain why]
     │       // forge-lint: disable-next-line(unsafe-typecast)
     │       
     │       
     ╰ help: https://book.getfoundry.sh/reference/forge/forge-lint#unsafe-typecast

warning[unsafe-typecast]: typecasts that can truncate values should be checked
    ╭▸ test\market-v2\TurfV2.t.sol:196:61
    │
196 │         turf.settleStatus(seasonId, 0, 4, 10, 10_000, 2, 1, bytes32("invalid"));
    │                                                             ━━━━━━━━━━━━━━━━━━
    │
    ├ note: consider disabling this lint if you're certain the cast is safe
    │       
    │       // casting to 'bytes32' is safe because [explain why]
    │       // forge-lint: disable-next-line(unsafe-typecast)
    │       
    │       
    ╰ help: https://book.getfoundry.sh/reference/forge/forge-lint#unsafe-typecast

warning[unsafe-typecast]: typecasts that can truncate values should be checked
    ╭▸ src\market-v2\OmertaStabilityControllerV2.sol:420:29
    │
420 │         a.nativeCapacity += uint128(amount0);
    │                             ━━━━━━━━━━━━━━━━
    │
    ├ note: consider disabling this lint if you're certain the cast is safe
    │       
    │       // casting to 'uint128' is safe because [explain why]
    │       // forge-lint: disable-next-line(unsafe-typecast)
    │       
    │       
    ╰ help: https://book.getfoundry.sh/reference/forge/forge-lint#unsafe-typecast

warning[unsafe-typecast]: typecasts that can truncate values should be checked
     ╭▸ test\AcquisitionConstellationTask3B.t.sol:2863:53
     │
2863 │         closing = _matchingDelimiter(json, opening, bytes1("["), bytes1("]"));
     │                                                     ━━━━━━━━━━━
     │
     ├ note: consider disabling this lint if you're certain the cast is safe
     │       
     │       // casting to 'bytes1' is safe because [explain why]
     │       // forge-lint: disable-next-line(unsafe-typecast)
     │       
     │       
     ╰ help: https://book.getfoundry.sh/reference/forge/forge-lint#unsafe-typecast

warning[unsafe-typecast]: typecasts that can truncate values should be checked
    ╭▸ test\market-v2\TurfV2.t.sol:198:61
    │
198 │         turf.settleStatus(seasonId, 0, 2, 11, 10_000, 2, 1, bytes32("fort"));
    │                                                             ━━━━━━━━━━━━━━━
    │
    ├ note: consider disabling this lint if you're certain the cast is safe
    │       
    │       // casting to 'bytes32' is safe because [explain why]
    │       // forge-lint: disable-next-line(unsafe-typecast)
    │       
    │       
    ╰ help: https://book.getfoundry.sh/reference/forge/forge-lint#unsafe-typecast

warning[unsafe-typecast]: typecasts that can truncate values should be checked
     ╭▸ test\AcquisitionVaultOperator.t.sol:2137:38
     │
2137 │         assertEq(pending.proposedAt, uint64(lastValid));
     │                                      ━━━━━━━━━━━━━━━━━
     │
     ├ note: consider disabling this lint if you're certain the cast is safe
     │       
     │       // casting to 'uint64' is safe because [explain why]
     │       // forge-lint: disable-next-line(unsafe-typecast)
     │       
     │       
     ╰ help: https://book.getfoundry.sh/reference/forge/forge-lint#unsafe-typecast

warning[unsafe-typecast]: typecasts that can truncate values should be checked
    ╭▸ src\market-v2\OmertaStabilityControllerV2.sol:421:26
    │
421 │         a.omrCapacity += uint128(amount1);
    │                          ━━━━━━━━━━━━━━━━
    │
    ├ note: consider disabling this lint if you're certain the cast is safe
    │       
    │       // casting to 'uint128' is safe because [explain why]
    │       // forge-lint: disable-next-line(unsafe-typecast)
    │       
    │       
    ╰ help: https://book.getfoundry.sh/reference/forge/forge-lint#unsafe-typecast

warning[unsafe-typecast]: typecasts that can truncate values should be checked
    ╭▸ src\market-v2\OmertaStabilityControllerV2.sol:471:13
    │
471 │         if (uint256(difference) > maxSpotDeviationTicks) revert SpotDeviation();
    │             ━━━━━━━━━━━━━━━━━━━
    │
    ├ note: consider disabling this lint if you're certain the cast is safe
    │       
    │       // casting to 'uint256' is safe because [explain why]
    │       // forge-lint: disable-next-line(unsafe-typecast)
    │       
    │       
    ╰ help: https://book.getfoundry.sh/reference/forge/forge-lint#unsafe-typecast

warning[unsafe-typecast]: typecasts that can truncate values should be checked
    ╭▸ src\market-v2\OmertaStabilityControllerV2.sol:494:39
    │
494 │         int256 step = int256((width + uint256(spacing) - 1) / uint256(spacing)) * spacing;
    │                                       ━━━━━━━━━━━━━━━━
    │
    ├ note: consider disabling this lint if you're certain the cast is safe
    │       
    │       // casting to 'uint256' is safe because [explain why]
    │       // forge-lint: disable-next-line(unsafe-typecast)
    │       
    │       
    ╰ help: https://book.getfoundry.sh/reference/forge/forge-lint#unsafe-typecast

warning[unsafe-typecast]: typecasts that can truncate values should be checked
    ╭▸ src\market-v2\OmertaStabilityControllerV2.sol:494:63
    │
494 │         int256 step = int256((width + uint256(spacing) - 1) / uint256(spacing)) * spacing;
    │                                                               ━━━━━━━━━━━━━━━━
    │
    ├ note: consider disabling this lint if you're certain the cast is safe
    │       
    │       // casting to 'uint256' is safe because [explain why]
    │       // forge-lint: disable-next-line(unsafe-typecast)
    │       
    │       
    ╰ help: https://book.getfoundry.sh/reference/forge/forge-lint#unsafe-typecast

warning[unsafe-typecast]: typecasts that can truncate values should be checked
    ╭▸ src\market-v2\OmertaStabilityControllerV2.sol:517:17
    │
517 │         return (int24(lo), int24(hi));
    │                 ━━━━━━━━━
    │
    ├ note: consider disabling this lint if you're certain the cast is safe
    │       
    │       // casting to 'int24' is safe because [explain why]
    │       // forge-lint: disable-next-line(unsafe-typecast)
    │       
    │       
    ╰ help: https://book.getfoundry.sh/reference/forge/forge-lint#unsafe-typecast

warning[unsafe-typecast]: typecasts that can truncate values should be checked
     ╭▸ test\AcquisitionVaultOperator.t.sol:2138:38
     │
2138 │         assertEq(pending.validAfter, uint64(lastValid + NOMINATION_DELAY));
     │                                      ━━━━━━━━━━━━━━━━━━━━━━━━━━━━━━━━━━━━
     │
     ├ note: consider disabling this lint if you're certain the cast is safe
     │       
     │       // casting to 'uint64' is safe because [explain why]
     │       // forge-lint: disable-next-line(unsafe-typecast)
     │       
     │       
     ╰ help: https://book.getfoundry.sh/reference/forge/forge-lint#unsafe-typecast

warning[unsafe-typecast]: typecasts that can truncate values should be checked
    ╭▸ src\market-v2\OmertaStabilityControllerV2.sol:517:28
    │
517 │         return (int24(lo), int24(hi));
    │                            ━━━━━━━━━
    │
    ├ note: consider disabling this lint if you're certain the cast is safe
    │       
    │       // casting to 'int24' is safe because [explain why]
    │       // forge-lint: disable-next-line(unsafe-typecast)
    │       
    │       
    ╰ help: https://book.getfoundry.sh/reference/forge/forge-lint#unsafe-typecast

warning[unsafe-typecast]: typecasts that can truncate values should be checked
    ╭▸ src\market-v2\OmertaStabilityControllerV2.sol:546:53
    │
546 │             if (principal0 > 0 || principal1 > 0 || uint256(-principal0) > budget0 || uint256(-principal1) > budget1) {
    │                                                     ━━━━━━━━━━━━━━━━━━━━
    │
    ├ note: consider disabling this lint if you're certain the cast is safe
    │       
    │       // casting to 'uint256' is safe because [explain why]
    │       // forge-lint: disable-next-line(unsafe-typecast)
    │       
    │       
    ╰ help: https://book.getfoundry.sh/reference/forge/forge-lint#unsafe-typecast

warning[unsafe-typecast]: typecasts that can truncate values should be checked
    ╭▸ src\market-v2\OmertaStabilityControllerV2.sol:546:87
    │
546 │             if (principal0 > 0 || principal1 > 0 || uint256(-principal0) > budget0 || uint256(-principal1) > budget1) {
    │                                                                                       ━━━━━━━━━━━━━━━━━━━━
    │
    ├ note: consider disabling this lint if you're certain the cast is safe
    │       
    │       // casting to 'uint256' is safe because [explain why]
    │       // forge-lint: disable-next-line(unsafe-typecast)
    │       
    │       
    ╰ help: https://book.getfoundry.sh/reference/forge/forge-lint#unsafe-typecast

warning[unsafe-typecast]: typecasts that can truncate values should be checked
    ╭▸ src\market-v2\OmertaStabilityControllerV2.sol:549:31
    │
549 │             uint256 amount0 = uint256(-principal0);
    │                               ━━━━━━━━━━━━━━━━━━━━
    │
    ├ note: consider disabling this lint if you're certain the cast is safe
    │       
    │       // casting to 'uint256' is safe because [explain why]
    │       // forge-lint: disable-next-line(unsafe-typecast)
    │       
    │       
    ╰ help: https://book.getfoundry.sh/reference/forge/forge-lint#unsafe-typecast

warning[unsafe-typecast]: typecasts that can truncate values should be checked
    ╭▸ src\market-v2\OmertaStabilityControllerV2.sol:550:31
    │
550 │             uint256 amount1 = uint256(-principal1);
    │                               ━━━━━━━━━━━━━━━━━━━━
    │
    ├ note: consider disabling this lint if you're certain the cast is safe
    │       
    │       // casting to 'uint256' is safe because [explain why]
    │       // forge-lint: disable-next-line(unsafe-typecast)
    │       
    │       
    ╰ help: https://book.getfoundry.sh/reference/forge/forge-lint#unsafe-typecast

warning[unsafe-typecast]: typecasts that can truncate values should be checked
    ╭▸ src\market-v2\OmertaStabilityControllerV2.sol:555:33
    │
555 │             a.nativeCapacity -= uint128(amount0);
    │                                 ━━━━━━━━━━━━━━━━
    │
    ├ note: consider disabling this lint if you're certain the cast is safe
    │       
    │       // casting to 'uint128' is safe because [explain why]
    │       // forge-lint: disable-next-line(unsafe-typecast)
    │       
    │       
    ╰ help: https://book.getfoundry.sh/reference/forge/forge-lint#unsafe-typecast

warning[unsafe-typecast]: typecasts that can truncate values should be checked
    ╭▸ src\market-v2\OmertaStabilityControllerV2.sol:556:30
    │
556 │             a.omrCapacity -= uint128(amount1);
    │                              ━━━━━━━━━━━━━━━━
    │
    ├ note: consider disabling this lint if you're certain the cast is safe
    │       
    │       // casting to 'uint128' is safe because [explain why]
    │       // forge-lint: disable-next-line(unsafe-typecast)
    │       
    │       
    ╰ help: https://book.getfoundry.sh/reference/forge/forge-lint#unsafe-typecast

warning[unsafe-typecast]: typecasts that can truncate values should be checked
    ╭▸ src\market-v2\OmertaStabilityControllerV2.sol:564:29
    │
564 │             a.idleNative += uint256(principal0);
    │                             ━━━━━━━━━━━━━━━━━━━
    │
    ├ note: consider disabling this lint if you're certain the cast is safe
    │       
    │       // casting to 'uint256' is safe because [explain why]
    │       // forge-lint: disable-next-line(unsafe-typecast)
    │       
    │       
    ╰ help: https://book.getfoundry.sh/reference/forge/forge-lint#unsafe-typecast

warning[unsafe-typecast]: typecasts that can truncate values should be checked
    ╭▸ src\market-v2\OmertaStabilityControllerV2.sol:565:26
    │
565 │             a.idleOmr += uint256(principal1);
    │                          ━━━━━━━━━━━━━━━━━━━
    │
    ├ note: consider disabling this lint if you're certain the cast is safe
    │       
    │       // casting to 'uint256' is safe because [explain why]
    │       // forge-lint: disable-next-line(unsafe-typecast)
    │       
    │       
    ╰ help: https://book.getfoundry.sh/reference/forge/forge-lint#unsafe-typecast

warning[unsafe-typecast]: typecasts that can truncate values should be checked
    ╭▸ src\market-v2\OmertaStabilityControllerV2.sol:566:32
    │
566 │             totalIdleNative += uint256(principal0);
    │                                ━━━━━━━━━━━━━━━━━━━
    │
    ├ note: consider disabling this lint if you're certain the cast is safe
    │       
    │       // casting to 'uint256' is safe because [explain why]
    │       // forge-lint: disable-next-line(unsafe-typecast)
    │       
    │       
    ╰ help: https://book.getfoundry.sh/reference/forge/forge-lint#unsafe-typecast

warning[unsafe-typecast]: typecasts that can truncate values should be checked
    ╭▸ src\market-v2\OmertaStabilityControllerV2.sol:567:29
    │
567 │             totalIdleOmr += uint256(principal1);
    │                             ━━━━━━━━━━━━━━━━━━━
    │
    ├ note: consider disabling this lint if you're certain the cast is safe
    │       
    │       // casting to 'uint256' is safe because [explain why]
    │       // forge-lint: disable-next-line(unsafe-typecast)
    │       
    │       
    ╰ help: https://book.getfoundry.sh/reference/forge/forge-lint#unsafe-typecast

warning[unsafe-typecast]: typecasts that can truncate values should be checked
    ╭▸ src\market-v2\OmertaStabilityControllerV2.sol:568:33
    │
568 │             a.nativeReturned += uint256(principal0);
    │                                 ━━━━━━━━━━━━━━━━━━━
    │
    ├ note: consider disabling this lint if you're certain the cast is safe
    │       
    │       // casting to 'uint256' is safe because [explain why]
    │       // forge-lint: disable-next-line(unsafe-typecast)
    │       
    │       
    ╰ help: https://book.getfoundry.sh/reference/forge/forge-lint#unsafe-typecast

warning[unsafe-typecast]: typecasts that can truncate values should be checked
    ╭▸ src\market-v2\OmertaStabilityControllerV2.sol:569:30
    │
569 │             a.omrReturned += uint256(principal1);
    │                              ━━━━━━━━━━━━━━━━━━━
    │
    ├ note: consider disabling this lint if you're certain the cast is safe
    │       
    │       // casting to 'uint256' is safe because [explain why]
    │       // forge-lint: disable-next-line(unsafe-typecast)
    │       
    │       
    ╰ help: https://book.getfoundry.sh/reference/forge/forge-lint#unsafe-typecast

warning[unsafe-typecast]: typecasts that can truncate values should be checked
    ╭▸ src\market-v2\OmertaStabilityControllerV2.sol:570:69
    │
570 │             if (op == Operation.Exit) emit PrincipalMoved(t, false, uint256(principal0), uint256(principal1));
    │                                                                     ━━━━━━━━━━━━━━━━━━━
    │
    ├ note: consider disabling this lint if you're certain the cast is safe
    │       
    │       // casting to 'uint256' is safe because [explain why]
    │       // forge-lint: disable-next-line(unsafe-typecast)
    │       
    │       
    ╰ help: https://book.getfoundry.sh/reference/forge/forge-lint#unsafe-typecast

warning[unsafe-typecast]: typecasts that can truncate values should be checked
    ╭▸ src\market-v2\OmertaStabilityControllerV2.sol:570:90
    │
570 │             if (op == Operation.Exit) emit PrincipalMoved(t, false, uint256(principal0), uint256(principal1));
    │                                                                                          ━━━━━━━━━━━━━━━━━━━
    │
    ├ note: consider disabling this lint if you're certain the cast is safe
    │       
    │       // casting to 'uint256' is safe because [explain why]
    │       // forge-lint: disable-next-line(unsafe-typecast)
    │       
    │       
    ╰ help: https://book.getfoundry.sh/reference/forge/forge-lint#unsafe-typecast

warning[unsafe-typecast]: typecasts that can truncate values should be checked
    ╭▸ src\market-v2\OmertaStabilityControllerV2.sol:586:51
    │
586 │             manager.take(currency, address(this), uint256(uint128(delta)));
    │                                                   ━━━━━━━━━━━━━━━━━━━━━━━
    │
    ├ note: consider disabling this lint if you're certain the cast is safe
    │       
    │       // casting to 'uint256' is safe because [explain why]
    │       // forge-lint: disable-next-line(unsafe-typecast)
    │       
    │       
    ╰ help: https://book.getfoundry.sh/reference/forge/forge-lint#unsafe-typecast

warning[unsafe-typecast]: typecasts that can truncate values should be checked
    ╭▸ src\market-v2\OmertaStabilityControllerV2.sol:586:59
    │
586 │             manager.take(currency, address(this), uint256(uint128(delta)));
    │                                                           ━━━━━━━━━━━━━━
    │
    ├ note: consider disabling this lint if you're certain the cast is safe
    │       
    │       // casting to 'uint128' is safe because [explain why]
    │       // forge-lint: disable-next-line(unsafe-typecast)
    │       
    │       
    ╰ help: https://book.getfoundry.sh/reference/forge/forge-lint#unsafe-typecast

warning[unsafe-typecast]: typecasts that can truncate values should be checked
    ╭▸ src\market-v2\OmertaStabilityControllerV2.sol:588:30
    │
588 │             uint256 amount = uint256(-int256(delta));
    │                              ━━━━━━━━━━━━━━━━━━━━━━━
    │
    ├ note: consider disabling this lint if you're certain the cast is safe
    │       
    │       // casting to 'uint256' is safe because [explain why]
    │       // forge-lint: disable-next-line(unsafe-typecast)
    │       
    │       
    ╰ help: https://book.getfoundry.sh/reference/forge/forge-lint#unsafe-typecast

warning[unsafe-typecast]: typecasts that can truncate values should be checked
    ╭▸ test\market-v2\TurfV2.t.sol:219:56
    │
219 │         turf.settleOwnership(seasonId, 0, split, 1, 1, bytes32("syndicate"));
    │                                                        ━━━━━━━━━━━━━━━━━━━━
    │
    ├ note: consider disabling this lint if you're certain the cast is safe
    │       
    │       // casting to 'bytes32' is safe because [explain why]
    │       // forge-lint: disable-next-line(unsafe-typecast)
    │       
    │       
    ╰ help: https://book.getfoundry.sh/reference/forge/forge-lint#unsafe-typecast

warning[unsafe-typecast]: typecasts that can truncate values should be checked
     ╭▸ test\AcquisitionConstellationTask3B.t.sol:2863:66
     │
2863 │         closing = _matchingDelimiter(json, opening, bytes1("["), bytes1("]"));
     │                                                                  ━━━━━━━━━━━
     │
     ├ note: consider disabling this lint if you're certain the cast is safe
     │       
     │       // casting to 'bytes1' is safe because [explain why]
     │       // forge-lint: disable-next-line(unsafe-typecast)
     │       
     │       
     ╰ help: https://book.getfoundry.sh/reference/forge/forge-lint#unsafe-typecast

warning[unsafe-typecast]: typecasts that can truncate values should be checked
    ╭▸ test\market-v2\TurfV2.t.sol:222:52
    │
222 │         turf.resolveSiege(seasonId, 0, true, 3, 1, bytes32("victory"));
    │                                                    ━━━━━━━━━━━━━━━━━━
    │
    ├ note: consider disabling this lint if you're certain the cast is safe
    │       
    │       // casting to 'bytes32' is safe because [explain why]
    │       // forge-lint: disable-next-line(unsafe-typecast)
    │       
    │       
    ╰ help: https://book.getfoundry.sh/reference/forge/forge-lint#unsafe-typecast

warning[unsafe-typecast]: typecasts that can truncate values should be checked
     ╭▸ test\AcquisitionConstellationTask3B.t.sol:3319:69
     │
3319 │             objectClosing = _matchingDelimiter(json, objectOpening, bytes1("{"), bytes1("}"));
     │                                                                     ━━━━━━━━━━━
     │
     ├ note: consider disabling this lint if you're certain the cast is safe
     │       
     │       // casting to 'bytes1' is safe because [explain why]
     │       // forge-lint: disable-next-line(unsafe-typecast)
     │       
     │       
     ╰ help: https://book.getfoundry.sh/reference/forge/forge-lint#unsafe-typecast

warning[unsafe-typecast]: typecasts that can truncate values should be checked
     ╭▸ test\AcquisitionConstellationTask3B.t.sol:3319:82
     │
3319 │             objectClosing = _matchingDelimiter(json, objectOpening, bytes1("{"), bytes1("}"));
     │                                                                                  ━━━━━━━━━━━
     │
     ├ note: consider disabling this lint if you're certain the cast is safe
     │       
     │       // casting to 'bytes1' is safe because [explain why]
     │       // forge-lint: disable-next-line(unsafe-typecast)
     │       
     │       
     ╰ help: https://book.getfoundry.sh/reference/forge/forge-lint#unsafe-typecast

warning[unsafe-typecast]: typecasts that can truncate values should be checked
     ╭▸ test\AcquisitionConstellationTask3B.t.sol:3375:77
     │
3375 │             uint256 objectClosing = _matchingDelimiter(json, objectOpening, bytes1("{"), bytes1("}"));
     │                                                                             ━━━━━━━━━━━
     │
     ├ note: consider disabling this lint if you're certain the cast is safe
     │       
     │       // casting to 'bytes1' is safe because [explain why]
     │       // forge-lint: disable-next-line(unsafe-typecast)
     │       
     │       
     ╰ help: https://book.getfoundry.sh/reference/forge/forge-lint#unsafe-typecast

warning[unsafe-typecast]: typecasts that can truncate values should be checked
     ╭▸ test\AcquisitionConstellationTask3B.t.sol:3375:90
     │
3375 │             uint256 objectClosing = _matchingDelimiter(json, objectOpening, bytes1("{"), bytes1("}"));
     │                                                                                          ━━━━━━━━━━━
     │
     ├ note: consider disabling this lint if you're certain the cast is safe
     │       
     │       // casting to 'bytes1' is safe because [explain why]
     │       // forge-lint: disable-next-line(unsafe-typecast)
     │       
     │       
     ╰ help: https://book.getfoundry.sh/reference/forge/forge-lint#unsafe-typecast

warning[unsafe-typecast]: typecasts that can truncate values should be checked
     ╭▸ test\AcquisitionConstellationTask3B.t.sol:3409:77
     │
3409 │             uint256 objectClosing = _matchingDelimiter(json, objectOpening, bytes1("{"), bytes1("}"));
     │                                                                             ━━━━━━━━━━━
     │
     ├ note: consider disabling this lint if you're certain the cast is safe
     │       
     │       // casting to 'bytes1' is safe because [explain why]
     │       // forge-lint: disable-next-line(unsafe-typecast)
     │       
     │       
     ╰ help: https://book.getfoundry.sh/reference/forge/forge-lint#unsafe-typecast

warning[unsafe-typecast]: typecasts that can truncate values should be checked
     ╭▸ test\AcquisitionConstellationTask3B.t.sol:3409:90
     │
3409 │             uint256 objectClosing = _matchingDelimiter(json, objectOpening, bytes1("{"), bytes1("}"));
     │                                                                                          ━━━━━━━━━━━
     │
     ├ note: consider disabling this lint if you're certain the cast is safe
     │       
     │       // casting to 'bytes1' is safe because [explain why]
     │       // forge-lint: disable-next-line(unsafe-typecast)
     │       
     │       
     ╰ help: https://book.getfoundry.sh/reference/forge/forge-lint#unsafe-typecast

warning[unsafe-typecast]: typecasts that can truncate values should be checked
     ╭▸ test\AcquisitionConstellationTask3B.t.sol:3426:77
     │
3426 │             uint256 objectClosing = _matchingDelimiter(json, objectOpening, bytes1("{"), bytes1("}"));
     │                                                                             ━━━━━━━━━━━
     │
     ├ note: consider disabling this lint if you're certain the cast is safe
     │       
     │       // casting to 'bytes1' is safe because [explain why]
     │       // forge-lint: disable-next-line(unsafe-typecast)
     │       
     │       
     ╰ help: https://book.getfoundry.sh/reference/forge/forge-lint#unsafe-typecast

warning[unsafe-typecast]: typecasts that can truncate values should be checked
     ╭▸ test\AcquisitionConstellationTask3B.t.sol:3426:90
     │
3426 │             uint256 objectClosing = _matchingDelimiter(json, objectOpening, bytes1("{"), bytes1("}"));
     │                                                                                          ━━━━━━━━━━━
     │
     ├ note: consider disabling this lint if you're certain the cast is safe
     │       
     │       // casting to 'bytes1' is safe because [explain why]
     │       // forge-lint: disable-next-line(unsafe-typecast)
     │       
     │       
     ╰ help: https://book.getfoundry.sh/reference/forge/forge-lint#unsafe-typecast

warning[unsafe-typecast]: typecasts that can truncate values should be checked
     ╭▸ test\AcquisitionVaultOperator.t.sol:2741:52
     │
2741 │         vm.expectCallMinGas(address(successor), 0, uint64(ERC1271_CALL_GAS), walletCall);
     │                                                    ━━━━━━━━━━━━━━━━━━━━━━━━
     │
     ├ note: consider disabling this lint if you're certain the cast is safe
     │       
     │       // casting to 'uint64' is safe because [explain why]
     │       // forge-lint: disable-next-line(unsafe-typecast)
     │       
     │       
     ╰ help: https://book.getfoundry.sh/reference/forge/forge-lint#unsafe-typecast

warning[unsafe-typecast]: typecasts that can truncate values should be checked
     ╭▸ test\AcquisitionConstellationTask3B.t.sol:3443:77
     │
3443 │             uint256 objectClosing = _matchingDelimiter(json, objectOpening, bytes1("{"), bytes1("}"));
     │                                                                             ━━━━━━━━━━━
     │
     ├ note: consider disabling this lint if you're certain the cast is safe
     │       
     │       // casting to 'bytes1' is safe because [explain why]
     │       // forge-lint: disable-next-line(unsafe-typecast)
     │       
     │       
     ╰ help: https://book.getfoundry.sh/reference/forge/forge-lint#unsafe-typecast

warning[unsafe-typecast]: typecasts that can truncate values should be checked
     ╭▸ test\AcquisitionConstellationTask3B.t.sol:3443:90
     │
3443 │             uint256 objectClosing = _matchingDelimiter(json, objectOpening, bytes1("{"), bytes1("}"));
     │                                                                                          ━━━━━━━━━━━
     │
     ├ note: consider disabling this lint if you're certain the cast is safe
     │       
     │       // casting to 'bytes1' is safe because [explain why]
     │       // forge-lint: disable-next-line(unsafe-typecast)
     │       
     │       
     ╰ help: https://book.getfoundry.sh/reference/forge/forge-lint#unsafe-typecast

warning[unsafe-typecast]: typecasts that can truncate values should be checked
     ╭▸ test\AcquisitionConstellationTask3B.t.sol:3494:77
     │
3494 │             uint256 objectClosing = _matchingDelimiter(json, objectOpening, bytes1("{"), bytes1("}"));
     │                                                                             ━━━━━━━━━━━
     │
     ├ note: consider disabling this lint if you're certain the cast is safe
     │       
     │       // casting to 'bytes1' is safe because [explain why]
     │       // forge-lint: disable-next-line(unsafe-typecast)
     │       
     │       
     ╰ help: https://book.getfoundry.sh/reference/forge/forge-lint#unsafe-typecast

warning[unsafe-typecast]: typecasts that can truncate values should be checked
     ╭▸ test\AcquisitionConstellationTask3B.t.sol:3494:90
     │
3494 │             uint256 objectClosing = _matchingDelimiter(json, objectOpening, bytes1("{"), bytes1("}"));
     │                                                                                          ━━━━━━━━━━━
     │
     ├ note: consider disabling this lint if you're certain the cast is safe
     │       
     │       // casting to 'bytes1' is safe because [explain why]
     │       // forge-lint: disable-next-line(unsafe-typecast)
     │       
     │       
     ╰ help: https://book.getfoundry.sh/reference/forge/forge-lint#unsafe-typecast

warning[unsafe-typecast]: typecasts that can truncate values should be checked
     ╭▸ test\AcquisitionConstellationTask3B.t.sol:3527:77
     │
3527 │             uint256 objectClosing = _matchingDelimiter(json, objectOpening, bytes1("{"), bytes1("}"));
     │                                                                             ━━━━━━━━━━━
     │
     ├ note: consider disabling this lint if you're certain the cast is safe
     │       
     │       // casting to 'bytes1' is safe because [explain why]
     │       // forge-lint: disable-next-line(unsafe-typecast)
     │       
     │       
     ╰ help: https://book.getfoundry.sh/reference/forge/forge-lint#unsafe-typecast

warning[unsafe-typecast]: typecasts that can truncate values should be checked
     ╭▸ test\AcquisitionConstellationTask3B.t.sol:3527:90
     │
3527 │             uint256 objectClosing = _matchingDelimiter(json, objectOpening, bytes1("{"), bytes1("}"));
     │                                                                                          ━━━━━━━━━━━
     │
     ├ note: consider disabling this lint if you're certain the cast is safe
     │       
     │       // casting to 'bytes1' is safe because [explain why]
     │       // forge-lint: disable-next-line(unsafe-typecast)
     │       
     │       
     ╰ help: https://book.getfoundry.sh/reference/forge/forge-lint#unsafe-typecast

warning[unsafe-typecast]: typecasts that can truncate values should be checked
     ╭▸ test\AcquisitionConstellationTask3B.t.sol:3545:63
     │
3545 │         arrayClosing = _matchingDelimiter(json, arrayOpening, bytes1("["), bytes1("]"));
     │                                                               ━━━━━━━━━━━
     │
     ├ note: consider disabling this lint if you're certain the cast is safe
     │       
     │       // casting to 'bytes1' is safe because [explain why]
     │       // forge-lint: disable-next-line(unsafe-typecast)
     │       
     │       
     ╰ help: https://book.getfoundry.sh/reference/forge/forge-lint#unsafe-typecast

warning[unsafe-typecast]: typecasts that can truncate values should be checked
     ╭▸ test\AcquisitionConstellationTask3B.t.sol:3545:76
     │
3545 │         arrayClosing = _matchingDelimiter(json, arrayOpening, bytes1("["), bytes1("]"));
     │                                                                            ━━━━━━━━━━━
     │
     ├ note: consider disabling this lint if you're certain the cast is safe
     │       
     │       // casting to 'bytes1' is safe because [explain why]
     │       // forge-lint: disable-next-line(unsafe-typecast)
     │       
     │       
     ╰ help: https://book.getfoundry.sh/reference/forge/forge-lint#unsafe-typecast

warning[unsafe-typecast]: typecasts that can truncate values should be checked
     ╭▸ test\AcquisitionConstellationTask3B.t.sol:3558:65
     │
3558 │         objectClosing = _matchingDelimiter(json, objectOpening, bytes1("{"), bytes1("}"));
     │                                                                 ━━━━━━━━━━━
     │
     ├ note: consider disabling this lint if you're certain the cast is safe
     │       
     │       // casting to 'bytes1' is safe because [explain why]
     │       // forge-lint: disable-next-line(unsafe-typecast)
     │       
     │       
     ╰ help: https://book.getfoundry.sh/reference/forge/forge-lint#unsafe-typecast

warning[unsafe-typecast]: typecasts that can truncate values should be checked
     ╭▸ test\AcquisitionConstellationTask3B.t.sol:3558:78
     │
3558 │         objectClosing = _matchingDelimiter(json, objectOpening, bytes1("{"), bytes1("}"));
     │                                                                              ━━━━━━━━━━━
     │
     ├ note: consider disabling this lint if you're certain the cast is safe
     │       
     │       // casting to 'bytes1' is safe because [explain why]
     │       // forge-lint: disable-next-line(unsafe-typecast)
     │       
     │       
     ╰ help: https://book.getfoundry.sh/reference/forge/forge-lint#unsafe-typecast

warning[unsafe-typecast]: typecasts that can truncate values should be checked
     ╭▸ test\AcquisitionConstellationTask3B.t.sol:3581:63
     │
3581 │             value = value * 10 + (uint8(json[cursor]) - uint8(bytes1("0")));
     │                                                               ━━━━━━━━━━━
     │
     ├ note: consider disabling this lint if you're certain the cast is safe
     │       
     │       // casting to 'bytes1' is safe because [explain why]
     │       // forge-lint: disable-next-line(unsafe-typecast)
     │       
     │       
     ╰ help: https://book.getfoundry.sh/reference/forge/forge-lint#unsafe-typecast

warning[unsafe-typecast]: typecasts that can truncate values should be checked
     ╭▸ test\AcquisitionConstellationTask3B.t.sol:3595:77
     │
3595 │             uint256 objectClosing = _matchingDelimiter(json, objectOpening, bytes1("{"), bytes1("}"));
     │                                                                             ━━━━━━━━━━━
     │
     ├ note: consider disabling this lint if you're certain the cast is safe
     │       
     │       // casting to 'bytes1' is safe because [explain why]
     │       // forge-lint: disable-next-line(unsafe-typecast)
     │       
     │       
     ╰ help: https://book.getfoundry.sh/reference/forge/forge-lint#unsafe-typecast

warning[unsafe-typecast]: typecasts that can truncate values should be checked
     ╭▸ test\AcquisitionConstellationTask3B.t.sol:3595:90
     │
3595 │             uint256 objectClosing = _matchingDelimiter(json, objectOpening, bytes1("{"), bytes1("}"));
     │                                                                                          ━━━━━━━━━━━
     │
     ├ note: consider disabling this lint if you're certain the cast is safe
     │       
     │       // casting to 'bytes1' is safe because [explain why]
     │       // forge-lint: disable-next-line(unsafe-typecast)
     │       
     │       
     ╰ help: https://book.getfoundry.sh/reference/forge/forge-lint#unsafe-typecast

warning[unsafe-typecast]: typecasts that can truncate values should be checked
     ╭▸ test\AcquisitionConstellationTask3B.t.sol:3611:69
     │
3611 │             objectClosing = _matchingDelimiter(json, objectOpening, bytes1("{"), bytes1("}"));
     │                                                                     ━━━━━━━━━━━
     │
     ├ note: consider disabling this lint if you're certain the cast is safe
     │       
     │       // casting to 'bytes1' is safe because [explain why]
     │       // forge-lint: disable-next-line(unsafe-typecast)
     │       
     │       
     ╰ help: https://book.getfoundry.sh/reference/forge/forge-lint#unsafe-typecast

warning[unsafe-typecast]: typecasts that can truncate values should be checked
     ╭▸ test\AcquisitionConstellationTask3B.t.sol:3611:82
     │
3611 │             objectClosing = _matchingDelimiter(json, objectOpening, bytes1("{"), bytes1("}"));
     │                                                                                  ━━━━━━━━━━━
     │
     ├ note: consider disabling this lint if you're certain the cast is safe
     │       
     │       // casting to 'bytes1' is safe because [explain why]
     │       // forge-lint: disable-next-line(unsafe-typecast)
     │       
     │       
     ╰ help: https://book.getfoundry.sh/reference/forge/forge-lint#unsafe-typecast

