linux-sigterm	Set up job	﻿2026-09-20T23:41:37.0830413Z Current runner version: '2.337.0'
linux-sigterm	Set up job	2026-09-20T23:41:37.0849630Z ##[group]Runner Image Provisioner
linux-sigterm	Set up job	2026-09-20T23:41:37.0850321Z Hosted Compute Agent
linux-sigterm	Set up job	2026-09-20T23:41:37.0850682Z Version: 20260828.587
linux-sigterm	Set up job	2026-09-20T23:41:37.0851131Z Commit: abac92662cab4cc7352de4f9f9d2e2419aad9c29
linux-sigterm	Set up job	2026-09-20T23:41:37.0851577Z Build Date: 2026-08-28T16:44:25Z
linux-sigterm	Set up job	2026-09-20T23:41:37.0851983Z Worker ID: {2187735b-0eb6-4f6e-ae47-32d7bccf3752}
linux-sigterm	Set up job	2026-09-20T23:41:37.0852492Z Azure Region: westus2
linux-sigterm	Set up job	2026-09-20T23:41:37.0852843Z ##[endgroup]
linux-sigterm	Set up job	2026-09-20T23:41:37.0853741Z ##[group]Operating System
linux-sigterm	Set up job	2026-09-20T23:41:37.0854134Z Ubuntu
linux-sigterm	Set up job	2026-09-20T23:41:37.0854487Z 24.04.5
linux-sigterm	Set up job	2026-09-20T23:41:37.0854896Z LTS
linux-sigterm	Set up job	2026-09-20T23:41:37.0855231Z ##[endgroup]
linux-sigterm	Set up job	2026-09-20T23:41:37.0855632Z ##[group]Runner Image
linux-sigterm	Set up job	2026-09-20T23:41:37.0856032Z Image: ubuntu-24.04
linux-sigterm	Set up job	2026-09-20T23:41:37.0856566Z Version: 20260907.300.1
linux-sigterm	Set up job	2026-09-20T23:41:37.0857285Z Included Software: https://github.com/actions/runner-images/blob/ubuntu24/20260907.300/images/ubuntu/Ubuntu2404-Readme.md
linux-sigterm	Set up job	2026-09-20T23:41:37.0858450Z Image Release: https://github.com/actions/runner-images/releases/tag/ubuntu24%2F20260907.300
linux-sigterm	Set up job	2026-09-20T23:41:37.0859074Z ##[endgroup]
linux-sigterm	Set up job	2026-09-20T23:41:37.0859804Z ##[group]GITHUB_TOKEN Permissions
linux-sigterm	Set up job	2026-09-20T23:41:37.0861167Z Contents: read
linux-sigterm	Set up job	2026-09-20T23:41:37.0861526Z Metadata: read
linux-sigterm	Set up job	2026-09-20T23:41:37.0861927Z ##[endgroup]
linux-sigterm	Set up job	2026-09-20T23:41:37.0863385Z Secret source: Actions
linux-sigterm	Set up job	2026-09-20T23:41:37.0864066Z Cache mode: write
linux-sigterm	Set up job	2026-09-20T23:41:37.0864517Z Prepare workflow directory
linux-sigterm	Set up job	2026-09-20T23:41:37.1233693Z Prepare all required actions
linux-sigterm	Set up job	2026-09-20T23:41:37.1267487Z Getting action download info
linux-sigterm	Set up job	2026-09-20T23:41:37.4467590Z Download action repository 'actions/checkout@v7' (SHA:3d3c42e5aac5ba805825da76410c181273ba90b1)
linux-sigterm	Set up job	2026-09-20T23:41:37.8505071Z Download action repository 'actions/setup-node@v7' (SHA:820762786026740c76f36085b0efc47a31fe5020)
linux-sigterm	Set up job	2026-09-20T23:41:37.9635423Z Download action repository 'actions/upload-artifact@v4' (SHA:ea165f8d65b6e75b540449e92b4886f43607fa02)
linux-sigterm	Set up job	2026-09-20T23:41:38.1803901Z Complete job name: linux-sigterm
linux-sigterm	Initialize containers	﻿2026-09-20T23:41:38.2147843Z ##[group]Checking docker version
linux-sigterm	Initialize containers	2026-09-20T23:41:38.2156066Z ##[command]/usr/bin/docker version --format '{{.Server.APIVersion}}'
linux-sigterm	Initialize containers	2026-09-20T23:41:38.5281042Z '1.48'
linux-sigterm	Initialize containers	2026-09-20T23:41:38.5298410Z Docker daemon API version: '1.48'
linux-sigterm	Initialize containers	2026-09-20T23:41:38.5299064Z ##[command]/usr/bin/docker version --format '{{.Client.APIVersion}}'
linux-sigterm	Initialize containers	2026-09-20T23:41:38.5435544Z '1.48'
linux-sigterm	Initialize containers	2026-09-20T23:41:38.5446441Z Docker client API version: '1.48'
linux-sigterm	Initialize containers	2026-09-20T23:41:38.5451920Z ##[endgroup]
linux-sigterm	Initialize containers	2026-09-20T23:41:38.5454280Z ##[group]Clean up resources from previous jobs
linux-sigterm	Initialize containers	2026-09-20T23:41:38.5458342Z ##[command]/usr/bin/docker ps --all --quiet --no-trunc --filter "label=ab9421"
linux-sigterm	Initialize containers	2026-09-20T23:41:38.5574270Z ##[command]/usr/bin/docker network prune --force --filter "label=ab9421"
linux-sigterm	Initialize containers	2026-09-20T23:41:38.5679148Z ##[endgroup]
linux-sigterm	Initialize containers	2026-09-20T23:41:38.5679727Z ##[group]Create local container network
linux-sigterm	Initialize containers	2026-09-20T23:41:38.5687385Z ##[command]/usr/bin/docker network create --label ab9421 github_network_fb2359e5f27a4b968db5b085458423b7
linux-sigterm	Initialize containers	2026-09-20T23:41:38.6612263Z 4bb4fd55d8d137b6b3e3824459bcc5dece1bc77fc28f9f5b6407f10338326f1a
linux-sigterm	Initialize containers	2026-09-20T23:41:38.6629746Z ##[endgroup]
linux-sigterm	Initialize containers	2026-09-20T23:41:38.6646471Z ##[group]Starting postgres service container
linux-sigterm	Initialize containers	2026-09-20T23:41:38.6660202Z ##[command]/usr/bin/docker pull postgres:16
linux-sigterm	Initialize containers	2026-09-20T23:41:39.7895734Z 16: Pulling from library/postgres
linux-sigterm	Initialize containers	2026-09-20T23:41:40.0665892Z 6b37362b3da7: Pulling fs layer
linux-sigterm	Initialize containers	2026-09-20T23:41:40.0666615Z b1fdda8975a0: Pulling fs layer
linux-sigterm	Initialize containers	2026-09-20T23:41:40.0666891Z 106e7e3cf19a: Pulling fs layer
linux-sigterm	Initialize containers	2026-09-20T23:41:40.0667151Z ba0e979d0818: Pulling fs layer
linux-sigterm	Initialize containers	2026-09-20T23:41:40.0667409Z ad29720ebbb9: Pulling fs layer
linux-sigterm	Initialize containers	2026-09-20T23:41:40.0667676Z 3a749597affc: Pulling fs layer
linux-sigterm	Initialize containers	2026-09-20T23:41:40.0667950Z 483fb6941c15: Pulling fs layer
linux-sigterm	Initialize containers	2026-09-20T23:41:40.0668224Z 359ae0fc975d: Pulling fs layer
linux-sigterm	Initialize containers	2026-09-20T23:41:40.0668538Z 56d4d190ef07: Pulling fs layer
linux-sigterm	Initialize containers	2026-09-20T23:41:40.0668841Z 74156cf9f063: Pulling fs layer
linux-sigterm	Initialize containers	2026-09-20T23:41:40.0669118Z f7c7d4dd80ba: Pulling fs layer
linux-sigterm	Initialize containers	2026-09-20T23:41:40.0669679Z 749acf6dc637: Pulling fs layer
linux-sigterm	Initialize containers	2026-09-20T23:41:40.0669881Z 4d848243a73e: Pulling fs layer
linux-sigterm	Initialize containers	2026-09-20T23:41:40.0670060Z 6ad4758748c1: Pulling fs layer
linux-sigterm	Initialize containers	2026-09-20T23:41:40.0670210Z 483fb6941c15: Waiting
linux-sigterm	Initialize containers	2026-09-20T23:41:40.0670375Z 359ae0fc975d: Waiting
linux-sigterm	Initialize containers	2026-09-20T23:41:40.0670513Z 56d4d190ef07: Waiting
linux-sigterm	Initialize containers	2026-09-20T23:41:40.0670648Z 74156cf9f063: Waiting
linux-sigterm	Initialize containers	2026-09-20T23:41:40.0670787Z f7c7d4dd80ba: Waiting
linux-sigterm	Initialize containers	2026-09-20T23:41:40.0670943Z 749acf6dc637: Waiting
linux-sigterm	Initialize containers	2026-09-20T23:41:40.0671076Z 4d848243a73e: Waiting
linux-sigterm	Initialize containers	2026-09-20T23:41:40.0671216Z 6ad4758748c1: Waiting
linux-sigterm	Initialize containers	2026-09-20T23:41:40.0671350Z 3a749597affc: Waiting
linux-sigterm	Initialize containers	2026-09-20T23:41:40.0671497Z ba0e979d0818: Waiting
linux-sigterm	Initialize containers	2026-09-20T23:41:40.0671634Z ad29720ebbb9: Waiting
linux-sigterm	Initialize containers	2026-09-20T23:41:40.3344244Z b1fdda8975a0: Download complete
linux-sigterm	Initialize containers	2026-09-20T23:41:40.4286143Z 106e7e3cf19a: Verifying Checksum
linux-sigterm	Initialize containers	2026-09-20T23:41:40.4286755Z 106e7e3cf19a: Download complete
linux-sigterm	Initialize containers	2026-09-20T23:41:40.4796857Z 6b37362b3da7: Verifying Checksum
linux-sigterm	Initialize containers	2026-09-20T23:41:40.4797337Z 6b37362b3da7: Download complete
linux-sigterm	Initialize containers	2026-09-20T23:41:40.6271540Z ba0e979d0818: Verifying Checksum
linux-sigterm	Initialize containers	2026-09-20T23:41:40.6272030Z ba0e979d0818: Download complete
linux-sigterm	Initialize containers	2026-09-20T23:41:40.7678337Z 3a749597affc: Verifying Checksum
linux-sigterm	Initialize containers	2026-09-20T23:41:40.7679516Z 3a749597affc: Download complete
linux-sigterm	Initialize containers	2026-09-20T23:41:40.7684218Z ad29720ebbb9: Verifying Checksum
linux-sigterm	Initialize containers	2026-09-20T23:41:40.7684813Z ad29720ebbb9: Download complete
linux-sigterm	Initialize containers	2026-09-20T23:41:40.8655894Z 483fb6941c15: Verifying Checksum
linux-sigterm	Initialize containers	2026-09-20T23:41:40.8656957Z 483fb6941c15: Download complete
linux-sigterm	Initialize containers	2026-09-20T23:41:41.0285642Z 359ae0fc975d: Verifying Checksum
linux-sigterm	Initialize containers	2026-09-20T23:41:41.0285945Z 359ae0fc975d: Download complete
linux-sigterm	Initialize containers	2026-09-20T23:41:41.1094152Z 74156cf9f063: Verifying Checksum
linux-sigterm	Initialize containers	2026-09-20T23:41:41.1095349Z 74156cf9f063: Download complete
linux-sigterm	Initialize containers	2026-09-20T23:41:41.1667596Z 6b37362b3da7: Pull complete
linux-sigterm	Initialize containers	2026-09-20T23:41:41.2745618Z f7c7d4dd80ba: Download complete
linux-sigterm	Initialize containers	2026-09-20T23:41:41.3446029Z 749acf6dc637: Verifying Checksum
linux-sigterm	Initialize containers	2026-09-20T23:41:41.3446873Z 749acf6dc637: Download complete
linux-sigterm	Initialize containers	2026-09-20T23:41:41.5092632Z 4d848243a73e: Verifying Checksum
linux-sigterm	Initialize containers	2026-09-20T23:41:41.5093373Z 4d848243a73e: Download complete
linux-sigterm	Initialize containers	2026-09-20T23:41:41.5664165Z 56d4d190ef07: Verifying Checksum
linux-sigterm	Initialize containers	2026-09-20T23:41:41.5664640Z 56d4d190ef07: Download complete
linux-sigterm	Initialize containers	2026-09-20T23:41:41.5873119Z 6ad4758748c1: Download complete
linux-sigterm	Initialize containers	2026-09-20T23:41:48.5387887Z b1fdda8975a0: Pull complete
linux-sigterm	Initialize containers	2026-09-20T23:41:48.7880909Z 106e7e3cf19a: Pull complete
linux-sigterm	Initialize containers	2026-09-20T23:41:48.8657925Z ba0e979d0818: Pull complete
linux-sigterm	Initialize containers	2026-09-20T23:41:49.4176952Z ad29720ebbb9: Pull complete
linux-sigterm	Initialize containers	2026-09-20T23:41:49.5366828Z 3a749597affc: Pull complete
linux-sigterm	Initialize containers	2026-09-20T23:41:49.5664809Z 483fb6941c15: Pull complete
linux-sigterm	Initialize containers	2026-09-20T23:41:49.6087881Z 359ae0fc975d: Pull complete
linux-sigterm	Initialize containers	2026-09-20T23:41:53.5841259Z 56d4d190ef07: Pull complete
linux-sigterm	Initialize containers	2026-09-20T23:41:53.5963280Z 74156cf9f063: Pull complete
linux-sigterm	Initialize containers	2026-09-20T23:41:53.6045159Z f7c7d4dd80ba: Pull complete
linux-sigterm	Initialize containers	2026-09-20T23:41:53.6210592Z 749acf6dc637: Pull complete
linux-sigterm	Initialize containers	2026-09-20T23:41:53.8091178Z 4d848243a73e: Pull complete
linux-sigterm	Initialize containers	2026-09-20T23:41:53.8164257Z 6ad4758748c1: Pull complete
linux-sigterm	Initialize containers	2026-09-20T23:41:53.8198553Z Digest: sha256:a3b7f434b2dc57ce85a67e171163eb8ab1a1ebcb39d27484661f26b1dfbe30d6
linux-sigterm	Initialize containers	2026-09-20T23:41:53.8208491Z Status: Downloaded newer image for postgres:16
linux-sigterm	Initialize containers	2026-09-20T23:41:53.8215723Z docker.io/library/postgres:16
linux-sigterm	Initialize containers	2026-09-20T23:41:53.8270210Z ##[command]/usr/bin/docker create --name f05ca5ce072445739223b6807bb81d88_postgres16_f82a38 --label ab9421 --network github_network_fb2359e5f27a4b968db5b085458423b7 --network-alias postgres -p 5432:5432 --health-cmd pg_isready --health-interval 5s --health-timeout 5s --health-retries 12 -e "POSTGRES_USER=postgres" -e "POSTGRES_PASSWORD=postgres" -e "POSTGRES_DB=rc1_recovery" -e GITHUB_ACTIONS=true -e CI=true postgres:16
linux-sigterm	Initialize containers	2026-09-20T23:41:53.9040423Z 679d167a28f46293a8109d9302128c52939e84758987b9036670dc175155d5c9
linux-sigterm	Initialize containers	2026-09-20T23:41:53.9059993Z ##[command]/usr/bin/docker start 679d167a28f46293a8109d9302128c52939e84758987b9036670dc175155d5c9
linux-sigterm	Initialize containers	2026-09-20T23:41:54.3459663Z 679d167a28f46293a8109d9302128c52939e84758987b9036670dc175155d5c9
linux-sigterm	Initialize containers	2026-09-20T23:41:54.3477759Z ##[command]/usr/bin/docker ps --all --filter id=679d167a28f46293a8109d9302128c52939e84758987b9036670dc175155d5c9 --filter status=running --no-trunc --format "{{.ID}} {{.Status}}"
linux-sigterm	Initialize containers	2026-09-20T23:41:54.3574631Z 679d167a28f46293a8109d9302128c52939e84758987b9036670dc175155d5c9 Up Less than a second (health: starting)
linux-sigterm	Initialize containers	2026-09-20T23:41:54.3592956Z ##[command]/usr/bin/docker port 679d167a28f46293a8109d9302128c52939e84758987b9036670dc175155d5c9
linux-sigterm	Initialize containers	2026-09-20T23:41:54.3678901Z 5432/tcp -> 0.0.0.0:5432
linux-sigterm	Initialize containers	2026-09-20T23:41:54.3679134Z 5432/tcp -> [::]:5432
linux-sigterm	Initialize containers	2026-09-20T23:41:54.3718420Z ##[endgroup]
linux-sigterm	Initialize containers	2026-09-20T23:41:54.3725960Z ##[group]Waiting for all services to be ready
linux-sigterm	Initialize containers	2026-09-20T23:41:54.3737496Z ##[command]/usr/bin/docker inspect --format="{{if .Config.Healthcheck}}{{print .State.Health.Status}}{{end}}" 679d167a28f46293a8109d9302128c52939e84758987b9036670dc175155d5c9
linux-sigterm	Initialize containers	2026-09-20T23:41:54.3830206Z starting
linux-sigterm	Initialize containers	2026-09-20T23:41:54.3849360Z postgres service is starting, waiting 2 seconds before checking again.
linux-sigterm	Initialize containers	2026-09-20T23:41:56.3855970Z ##[command]/usr/bin/docker inspect --format="{{if .Config.Healthcheck}}{{print .State.Health.Status}}{{end}}" 679d167a28f46293a8109d9302128c52939e84758987b9036670dc175155d5c9
linux-sigterm	Initialize containers	2026-09-20T23:41:56.3945267Z starting
linux-sigterm	Initialize containers	2026-09-20T23:41:56.3955733Z postgres service is starting, waiting 3 seconds before checking again.
linux-sigterm	Initialize containers	2026-09-20T23:42:00.1292671Z ##[command]/usr/bin/docker inspect --format="{{if .Config.Healthcheck}}{{print .State.Health.Status}}{{end}}" 679d167a28f46293a8109d9302128c52939e84758987b9036670dc175155d5c9
linux-sigterm	Initialize containers	2026-09-20T23:42:00.1382716Z healthy
linux-sigterm	Initialize containers	2026-09-20T23:42:00.1411321Z postgres service is healthy.
linux-sigterm	Initialize containers	2026-09-20T23:42:00.1411860Z ##[endgroup]
linux-sigterm	Run actions/checkout@v7	﻿2026-09-20T23:42:00.1624746Z ##[group]Run actions/checkout@v7
linux-sigterm	Run actions/checkout@v7	2026-09-20T23:42:00.1624993Z with:
linux-sigterm	Run actions/checkout@v7	2026-09-20T23:42:00.1625115Z   repository: OmertaDev/Omerta
linux-sigterm	Run actions/checkout@v7	2026-09-20T23:42:00.1626797Z   token: ***
linux-sigterm	Run actions/checkout@v7	2026-09-20T23:42:00.1626910Z   ssh-strict: true
linux-sigterm	Run actions/checkout@v7	2026-09-20T23:42:00.1627025Z   ssh-user: git
linux-sigterm	Run actions/checkout@v7	2026-09-20T23:42:00.1627156Z   persist-credentials: true
linux-sigterm	Run actions/checkout@v7	2026-09-20T23:42:00.1627284Z   clean: true
linux-sigterm	Run actions/checkout@v7	2026-09-20T23:42:00.1627403Z   sparse-checkout-cone-mode: true
linux-sigterm	Run actions/checkout@v7	2026-09-20T23:42:00.1627541Z   fetch-depth: 1
linux-sigterm	Run actions/checkout@v7	2026-09-20T23:42:00.1627650Z   fetch-tags: false
linux-sigterm	Run actions/checkout@v7	2026-09-20T23:42:00.1627762Z   show-progress: true
linux-sigterm	Run actions/checkout@v7	2026-09-20T23:42:00.1627874Z   lfs: false
linux-sigterm	Run actions/checkout@v7	2026-09-20T23:42:00.1627977Z   submodules: false
linux-sigterm	Run actions/checkout@v7	2026-09-20T23:42:00.1628089Z   set-safe-directory: true
linux-sigterm	Run actions/checkout@v7	2026-09-20T23:42:00.1628222Z   allow-unsafe-pr-checkout: false
linux-sigterm	Run actions/checkout@v7	2026-09-20T23:42:00.1628431Z env:
linux-sigterm	Run actions/checkout@v7	2026-09-20T23:42:00.1628693Z   COORDINATION_TEST_DATABASE_URL: ***127.0.0.1:5432/rc1_recovery
linux-sigterm	Run actions/checkout@v7	2026-09-20T23:42:00.1628965Z   DATABASE_URL: ***127.0.0.1:5432/rc1_recovery
linux-sigterm	Run actions/checkout@v7	2026-09-20T23:42:00.1629186Z   RC1_SHUTDOWN_EVIDENCE: /home/runner/work/Omerta/Omerta/tmp/rc1-linux-recovery
linux-sigterm	Run actions/checkout@v7	2026-09-20T23:42:00.1629433Z ##[endgroup]
linux-sigterm	Run actions/checkout@v7	2026-09-20T23:42:00.2305907Z Syncing repository: OmertaDev/Omerta
linux-sigterm	Run actions/checkout@v7	2026-09-20T23:42:00.2307265Z ##[group]Getting Git version info
linux-sigterm	Run actions/checkout@v7	2026-09-20T23:42:00.2307588Z Working directory is '/home/runner/work/Omerta/Omerta'
linux-sigterm	Run actions/checkout@v7	2026-09-20T23:42:00.2308071Z [command]/usr/bin/git version
linux-sigterm	Run actions/checkout@v7	2026-09-20T23:42:00.2427351Z git version 2.55.0
linux-sigterm	Run actions/checkout@v7	2026-09-20T23:42:00.2448314Z ##[endgroup]
linux-sigterm	Run actions/checkout@v7	2026-09-20T23:42:00.2456647Z Temporarily overriding HOME='/home/runner/work/_temp/b4db286c-7804-4a77-8996-17c6022ff491' before making global git config changes
linux-sigterm	Run actions/checkout@v7	2026-09-20T23:42:00.2457319Z Adding repository directory to the temporary git global config as a safe directory
linux-sigterm	Run actions/checkout@v7	2026-09-20T23:42:00.2462144Z [command]/usr/bin/git config --global --add safe.directory /home/runner/work/Omerta/Omerta
linux-sigterm	Run actions/checkout@v7	2026-09-20T23:42:00.2516641Z Deleting the contents of '/home/runner/work/Omerta/Omerta'
linux-sigterm	Run actions/checkout@v7	2026-09-20T23:42:00.2517240Z ##[group]Determining repository object format
linux-sigterm	Run actions/checkout@v7	2026-09-20T23:42:00.2518571Z ##[endgroup]
linux-sigterm	Run actions/checkout@v7	2026-09-20T23:42:00.2518777Z ##[group]Initializing the repository
linux-sigterm	Run actions/checkout@v7	2026-09-20T23:42:00.2523083Z [command]/usr/bin/git init /home/runner/work/Omerta/Omerta
linux-sigterm	Run actions/checkout@v7	2026-09-20T23:42:00.2628089Z hint: Using 'master' as the name for the initial branch. This default branch name
linux-sigterm	Run actions/checkout@v7	2026-09-20T23:42:00.2629148Z hint: will change to "main" in Git 3.0. To configure the initial branch name
linux-sigterm	Run actions/checkout@v7	2026-09-20T23:42:00.2629943Z hint: to use in all of your new repositories, which will suppress this warning,
linux-sigterm	Run actions/checkout@v7	2026-09-20T23:42:00.2630407Z hint: call:
linux-sigterm	Run actions/checkout@v7	2026-09-20T23:42:00.2630580Z hint:
linux-sigterm	Run actions/checkout@v7	2026-09-20T23:42:00.2630837Z hint: 	git config --global init.defaultBranch <name>
linux-sigterm	Run actions/checkout@v7	2026-09-20T23:42:00.2631099Z hint:
linux-sigterm	Run actions/checkout@v7	2026-09-20T23:42:00.2631356Z hint: Names commonly chosen instead of 'master' are 'main', 'trunk' and
linux-sigterm	Run actions/checkout@v7	2026-09-20T23:42:00.2631783Z hint: 'development'. The just-created branch can be renamed via this command:
linux-sigterm	Run actions/checkout@v7	2026-09-20T23:42:00.2632097Z hint:
linux-sigterm	Run actions/checkout@v7	2026-09-20T23:42:00.2632273Z hint: 	git branch -m <name>
linux-sigterm	Run actions/checkout@v7	2026-09-20T23:42:00.2632481Z hint:
linux-sigterm	Run actions/checkout@v7	2026-09-20T23:42:00.2632759Z hint: Disable this message with "git config set advice.defaultBranchName false"
linux-sigterm	Run actions/checkout@v7	2026-09-20T23:42:00.2633206Z Initialized empty Git repository in /home/runner/work/Omerta/Omerta/.git/
linux-sigterm	Run actions/checkout@v7	2026-09-20T23:42:00.2641377Z [command]/usr/bin/git remote add origin https://github.com/OmertaDev/Omerta
linux-sigterm	Run actions/checkout@v7	2026-09-20T23:42:00.2693003Z ##[endgroup]
linux-sigterm	Run actions/checkout@v7	2026-09-20T23:42:00.2693379Z ##[group]Disabling automatic garbage collection
linux-sigterm	Run actions/checkout@v7	2026-09-20T23:42:00.2696899Z [command]/usr/bin/git config --local gc.auto 0
linux-sigterm	Run actions/checkout@v7	2026-09-20T23:42:00.2730115Z ##[endgroup]
linux-sigterm	Run actions/checkout@v7	2026-09-20T23:42:00.2730866Z ##[group]Setting up auth
linux-sigterm	Run actions/checkout@v7	2026-09-20T23:42:00.2731166Z Removing SSH command configuration
linux-sigterm	Run actions/checkout@v7	2026-09-20T23:42:00.2735917Z [command]/usr/bin/git config --local --name-only --get-regexp core\.sshCommand
linux-sigterm	Run actions/checkout@v7	2026-09-20T23:42:00.2771702Z [command]/usr/bin/git submodule foreach --recursive sh -c "git config --local --name-only --get-regexp 'core\.sshCommand' && git config --local --unset-all 'core.sshCommand' || :"
linux-sigterm	Run actions/checkout@v7	2026-09-20T23:42:00.3077914Z Removing HTTP extra header
linux-sigterm	Run actions/checkout@v7	2026-09-20T23:42:00.3081933Z [command]/usr/bin/git config --local --name-only --get-regexp http\.https\:\/\/github\.com\/\.extraheader
linux-sigterm	Run actions/checkout@v7	2026-09-20T23:42:00.3110847Z [command]/usr/bin/git submodule foreach --recursive sh -c "git config --local --name-only --get-regexp 'http\.https\:\/\/github\.com\/\.extraheader' && git config --local --unset-all 'http.https://github.com/.extraheader' || :"
linux-sigterm	Run actions/checkout@v7	2026-09-20T23:42:00.3276810Z Removing includeIf entries pointing to credentials config files
linux-sigterm	Run actions/checkout@v7	2026-09-20T23:42:00.3280558Z [command]/usr/bin/git config --local --name-only --get-regexp ^includeIf\.gitdir:
linux-sigterm	Run actions/checkout@v7	2026-09-20T23:42:00.3309299Z [command]/usr/bin/git submodule foreach --recursive git config --local --show-origin --name-only --get-regexp remote.origin.url
linux-sigterm	Run actions/checkout@v7	2026-09-20T23:42:00.3485518Z [command]/usr/bin/git config --file /home/runner/work/_temp/git-credentials-a1fec096-69c0-4260-b2c3-3ad651fd07a2.config http.https://github.com/.extraheader AUTHORIZATION: basic ***
linux-sigterm	Run actions/checkout@v7	2026-09-20T23:42:00.3517700Z [command]/usr/bin/git config --local includeIf.gitdir:/home/runner/work/Omerta/Omerta/.git.path /home/runner/work/_temp/git-credentials-a1fec096-69c0-4260-b2c3-3ad651fd07a2.config
linux-sigterm	Run actions/checkout@v7	2026-09-20T23:42:00.3544742Z [command]/usr/bin/git config --local includeIf.gitdir:/home/runner/work/Omerta/Omerta/.git/worktrees/*.path /home/runner/work/_temp/git-credentials-a1fec096-69c0-4260-b2c3-3ad651fd07a2.config
linux-sigterm	Run actions/checkout@v7	2026-09-20T23:42:00.3607821Z [command]/usr/bin/git config --local includeIf.gitdir:/github/workspace/.git.path /github/runner_temp/git-credentials-a1fec096-69c0-4260-b2c3-3ad651fd07a2.config
linux-sigterm	Run actions/checkout@v7	2026-09-20T23:42:00.3635031Z [command]/usr/bin/git config --local includeIf.gitdir:/github/workspace/.git/worktrees/*.path /github/runner_temp/git-credentials-a1fec096-69c0-4260-b2c3-3ad651fd07a2.config
linux-sigterm	Run actions/checkout@v7	2026-09-20T23:42:00.3659079Z ##[endgroup]
linux-sigterm	Run actions/checkout@v7	2026-09-20T23:42:00.3659403Z ##[group]Fetching the repository
linux-sigterm	Run actions/checkout@v7	2026-09-20T23:42:00.3663959Z [command]/usr/bin/git -c protocol.version=2 fetch --no-tags --prune --no-recurse-submodules --depth=1 origin +cce721029c86de7c6f0d875fef7cb8de29504dda:refs/remotes/origin/codex/rc1-closure-proof
linux-sigterm	Run actions/checkout@v7	2026-09-20T23:42:28.7603264Z From https://github.com/OmertaDev/Omerta
linux-sigterm	Run actions/checkout@v7	2026-09-20T23:42:28.7603866Z  * [new ref]         cce721029c86de7c6f0d875fef7cb8de29504dda -> origin/codex/rc1-closure-proof
linux-sigterm	Run actions/checkout@v7	2026-09-20T23:42:28.7611595Z [command]/usr/bin/git branch --list --remote origin/codex/rc1-closure-proof
linux-sigterm	Run actions/checkout@v7	2026-09-20T23:42:28.7636883Z   origin/codex/rc1-closure-proof
linux-sigterm	Run actions/checkout@v7	2026-09-20T23:42:28.7641993Z [command]/usr/bin/git rev-parse refs/remotes/origin/codex/rc1-closure-proof
linux-sigterm	Run actions/checkout@v7	2026-09-20T23:42:28.7663125Z cce721029c86de7c6f0d875fef7cb8de29504dda
linux-sigterm	Run actions/checkout@v7	2026-09-20T23:42:28.7665916Z ##[endgroup]
linux-sigterm	Run actions/checkout@v7	2026-09-20T23:42:28.7666226Z ##[group]Determining the checkout info
linux-sigterm	Run actions/checkout@v7	2026-09-20T23:42:28.7668749Z ##[endgroup]
linux-sigterm	Run actions/checkout@v7	2026-09-20T23:42:28.7668997Z [command]/usr/bin/git sparse-checkout disable
linux-sigterm	Run actions/checkout@v7	2026-09-20T23:42:28.7715603Z [command]/usr/bin/git config --local --unset-all extensions.worktreeConfig
linux-sigterm	Run actions/checkout@v7	2026-09-20T23:42:28.7741014Z ##[group]Checking out the ref
linux-sigterm	Run actions/checkout@v7	2026-09-20T23:42:28.7744059Z [command]/usr/bin/git checkout --progress --force -B codex/rc1-closure-proof refs/remotes/origin/codex/rc1-closure-proof
linux-sigterm	Run actions/checkout@v7	2026-09-20T23:42:29.7804285Z Updating files:  51% (1700/3299)
linux-sigterm	Run actions/checkout@v7	2026-09-20T23:42:29.7821745Z Updating files:  52% (1716/3299)
linux-sigterm	Run actions/checkout@v7	2026-09-20T23:42:29.7841827Z Updating files:  53% (1749/3299)
linux-sigterm	Run actions/checkout@v7	2026-09-20T23:42:29.7860637Z Updating files:  54% (1782/3299)
linux-sigterm	Run actions/checkout@v7	2026-09-20T23:42:29.7891957Z Updating files:  55% (1815/3299)
linux-sigterm	Run actions/checkout@v7	2026-09-20T23:42:29.7913838Z Updating files:  56% (1848/3299)
linux-sigterm	Run actions/checkout@v7	2026-09-20T23:42:29.7925879Z Updating files:  57% (1881/3299)
linux-sigterm	Run actions/checkout@v7	2026-09-20T23:42:29.8019276Z Updating files:  58% (1914/3299)
linux-sigterm	Run actions/checkout@v7	2026-09-20T23:42:29.8042707Z Updating files:  59% (1947/3299)
linux-sigterm	Run actions/checkout@v7	2026-09-20T23:42:29.8067965Z Updating files:  60% (1980/3299)
linux-sigterm	Run actions/checkout@v7	2026-09-20T23:42:29.8113753Z Updating files:  61% (2013/3299)
linux-sigterm	Run actions/checkout@v7	2026-09-20T23:42:29.8199174Z Updating files:  62% (2046/3299)
linux-sigterm	Run actions/checkout@v7	2026-09-20T23:42:29.8296169Z Updating files:  63% (2079/3299)
linux-sigterm	Run actions/checkout@v7	2026-09-20T23:42:29.8381150Z Updating files:  64% (2112/3299)
linux-sigterm	Run actions/checkout@v7	2026-09-20T23:42:29.8446894Z Updating files:  65% (2145/3299)
linux-sigterm	Run actions/checkout@v7	2026-09-20T23:42:29.8679797Z Updating files:  66% (2178/3299)
linux-sigterm	Run actions/checkout@v7	2026-09-20T23:42:29.8930415Z Updating files:  67% (2211/3299)
linux-sigterm	Run actions/checkout@v7	2026-09-20T23:42:29.9031178Z Updating files:  68% (2244/3299)
linux-sigterm	Run actions/checkout@v7	2026-09-20T23:42:29.9358164Z Updating files:  69% (2277/3299)
linux-sigterm	Run actions/checkout@v7	2026-09-20T23:42:30.1304380Z Updating files:  70% (2310/3299)
linux-sigterm	Run actions/checkout@v7	2026-09-20T23:42:30.1446614Z Updating files:  71% (2343/3299)
linux-sigterm	Run actions/checkout@v7	2026-09-20T23:42:30.1547346Z Updating files:  72% (2376/3299)
linux-sigterm	Run actions/checkout@v7	2026-09-20T23:42:30.1670943Z Updating files:  73% (2409/3299)
linux-sigterm	Run actions/checkout@v7	2026-09-20T23:42:30.1802149Z Updating files:  74% (2442/3299)
linux-sigterm	Run actions/checkout@v7	2026-09-20T23:42:30.1991040Z Updating files:  75% (2475/3299)
linux-sigterm	Run actions/checkout@v7	2026-09-20T23:42:30.2181404Z Updating files:  76% (2508/3299)
linux-sigterm	Run actions/checkout@v7	2026-09-20T23:42:30.2254984Z Updating files:  77% (2541/3299)
linux-sigterm	Run actions/checkout@v7	2026-09-20T23:42:30.2549104Z Updating files:  78% (2574/3299)
linux-sigterm	Run actions/checkout@v7	2026-09-20T23:42:30.2630907Z Updating files:  79% (2607/3299)
linux-sigterm	Run actions/checkout@v7	2026-09-20T23:42:30.2716201Z Updating files:  80% (2640/3299)
linux-sigterm	Run actions/checkout@v7	2026-09-20T23:42:30.2743919Z Updating files:  81% (2673/3299)
linux-sigterm	Run actions/checkout@v7	2026-09-20T23:42:30.2771708Z Updating files:  82% (2706/3299)
linux-sigterm	Run actions/checkout@v7	2026-09-20T23:42:30.2803559Z Updating files:  83% (2739/3299)
linux-sigterm	Run actions/checkout@v7	2026-09-20T23:42:30.2834446Z Updating files:  84% (2772/3299)
linux-sigterm	Run actions/checkout@v7	2026-09-20T23:42:30.2864044Z Updating files:  85% (2805/3299)
linux-sigterm	Run actions/checkout@v7	2026-09-20T23:42:30.2895440Z Updating files:  86% (2838/3299)
linux-sigterm	Run actions/checkout@v7	2026-09-20T23:42:30.2936577Z Updating files:  87% (2871/3299)
linux-sigterm	Run actions/checkout@v7	2026-09-20T23:42:30.2969784Z Updating files:  88% (2904/3299)
linux-sigterm	Run actions/checkout@v7	2026-09-20T23:42:30.3015521Z Updating files:  89% (2937/3299)
linux-sigterm	Run actions/checkout@v7	2026-09-20T23:42:30.3037949Z Updating files:  90% (2970/3299)
linux-sigterm	Run actions/checkout@v7	2026-09-20T23:42:30.3077327Z Updating files:  91% (3003/3299)
linux-sigterm	Run actions/checkout@v7	2026-09-20T23:42:30.3116467Z Updating files:  92% (3036/3299)
linux-sigterm	Run actions/checkout@v7	2026-09-20T23:42:30.3144741Z Updating files:  93% (3069/3299)
linux-sigterm	Run actions/checkout@v7	2026-09-20T23:42:30.3176517Z Updating files:  94% (3102/3299)
linux-sigterm	Run actions/checkout@v7	2026-09-20T23:42:30.3211246Z Updating files:  95% (3135/3299)
linux-sigterm	Run actions/checkout@v7	2026-09-20T23:42:30.3238510Z Updating files:  96% (3168/3299)
linux-sigterm	Run actions/checkout@v7	2026-09-20T23:42:30.3264047Z Updating files:  97% (3201/3299)
linux-sigterm	Run actions/checkout@v7	2026-09-20T23:42:30.3292919Z Updating files:  98% (3234/3299)
linux-sigterm	Run actions/checkout@v7	2026-09-20T23:42:30.3317729Z Updating files:  99% (3267/3299)
linux-sigterm	Run actions/checkout@v7	2026-09-20T23:42:30.3317975Z Updating files: 100% (3299/3299)
linux-sigterm	Run actions/checkout@v7	2026-09-20T23:42:30.3318258Z Updating files: 100% (3299/3299), done.
linux-sigterm	Run actions/checkout@v7	2026-09-20T23:42:30.3348623Z Switched to a new branch 'codex/rc1-closure-proof'
linux-sigterm	Run actions/checkout@v7	2026-09-20T23:42:30.3353812Z branch 'codex/rc1-closure-proof' set up to track 'origin/codex/rc1-closure-proof'.
linux-sigterm	Run actions/checkout@v7	2026-09-20T23:42:30.3497457Z ##[endgroup]
linux-sigterm	Run actions/checkout@v7	2026-09-20T23:42:30.3540474Z [command]/usr/bin/git log -1 --format=%H
linux-sigterm	Run actions/checkout@v7	2026-09-20T23:42:30.3565427Z cce721029c86de7c6f0d875fef7cb8de29504dda
linux-sigterm	Run actions/setup-node@v7	﻿2026-09-20T23:42:30.3735385Z ##[group]Run actions/setup-node@v7
linux-sigterm	Run actions/setup-node@v7	2026-09-20T23:42:30.3735547Z with:
linux-sigterm	Run actions/setup-node@v7	2026-09-20T23:42:30.3735654Z   node-version: 22
linux-sigterm	Run actions/setup-node@v7	2026-09-20T23:42:30.3735763Z   cache: npm
linux-sigterm	Run actions/setup-node@v7	2026-09-20T23:42:30.3735868Z   check-latest: false
linux-sigterm	Run actions/setup-node@v7	2026-09-20T23:42:30.3737445Z   token: ***
linux-sigterm	Run actions/setup-node@v7	2026-09-20T23:42:30.3737563Z   package-manager-cache: true
linux-sigterm	Run actions/setup-node@v7	2026-09-20T23:42:30.3737693Z env:
linux-sigterm	Run actions/setup-node@v7	2026-09-20T23:42:30.3737927Z   COORDINATION_TEST_DATABASE_URL: ***127.0.0.1:5432/rc1_recovery
linux-sigterm	Run actions/setup-node@v7	2026-09-20T23:42:30.3738191Z   DATABASE_URL: ***127.0.0.1:5432/rc1_recovery
linux-sigterm	Run actions/setup-node@v7	2026-09-20T23:42:30.3738406Z   RC1_SHUTDOWN_EVIDENCE: /home/runner/work/Omerta/Omerta/tmp/rc1-linux-recovery
linux-sigterm	Run actions/setup-node@v7	2026-09-20T23:42:30.3738623Z ##[endgroup]
linux-sigterm	Run actions/setup-node@v7	2026-09-20T23:42:30.4554604Z Found in cache @ /opt/hostedtoolcache/node/22.23.2/x64
linux-sigterm	Run actions/setup-node@v7	2026-09-20T23:42:30.4557057Z ##[group]Environment details
linux-sigterm	Run actions/setup-node@v7	2026-09-20T23:42:31.6239595Z node: v22.23.2
linux-sigterm	Run actions/setup-node@v7	2026-09-20T23:42:31.6239869Z npm: 10.9.8
linux-sigterm	Run actions/setup-node@v7	2026-09-20T23:42:31.6239988Z yarn: 1.22.22
linux-sigterm	Run actions/setup-node@v7	2026-09-20T23:42:31.6240595Z ##[endgroup]
linux-sigterm	Run actions/setup-node@v7	2026-09-20T23:42:31.6249939Z [command]/opt/hostedtoolcache/node/22.23.2/x64/bin/npm config get cache
linux-sigterm	Run actions/setup-node@v7	2026-09-20T23:42:31.8934649Z /home/runner/.npm
linux-sigterm	Run actions/setup-node@v7	2026-09-20T23:42:32.1344078Z Cache hit for: node-cache-Linux-x64-npm-08335a2c38c1e792b2f470fe8262ee4aed19102649a638186cb6f1a346595d77
linux-sigterm	Run actions/setup-node@v7	2026-09-20T23:42:33.4330520Z Received 4194304 of 23793481 (17.6%), 4.0 MBs/sec
linux-sigterm	Run actions/setup-node@v7	2026-09-20T23:42:33.5959463Z Received 23793481 of 23793481 (100.0%), 19.5 MBs/sec
linux-sigterm	Run actions/setup-node@v7	2026-09-20T23:42:33.5959873Z Cache Size: ~23 MB (23793481 B)
linux-sigterm	Run actions/setup-node@v7	2026-09-20T23:42:33.5975512Z [command]/usr/bin/tar -xf /home/runner/work/_temp/727047dc-931c-4cd6-980e-dd880f7dd444/cache.tzst -P -C /home/runner/work/Omerta/Omerta --use-compress-program unzstd
linux-sigterm	Run actions/setup-node@v7	2026-09-20T23:42:33.6631743Z Cache restored successfully
linux-sigterm	Run actions/setup-node@v7	2026-09-20T23:42:33.6648369Z Cache restored from key: node-cache-Linux-x64-npm-08335a2c38c1e792b2f470fe8262ee4aed19102649a638186cb6f1a346595d77
linux-sigterm	Run npm ci	﻿2026-09-20T23:42:33.6760249Z ##[group]Run npm ci
linux-sigterm	Run npm ci	2026-09-20T23:42:33.6760443Z ^[[36;1mnpm ci^[[0m
linux-sigterm	Run npm ci	2026-09-20T23:42:33.7234429Z shell: /usr/bin/bash -e {0}
linux-sigterm	Run npm ci	2026-09-20T23:42:33.7234612Z env:
linux-sigterm	Run npm ci	2026-09-20T23:42:33.7235019Z   COORDINATION_TEST_DATABASE_URL: ***127.0.0.1:5432/rc1_recovery
linux-sigterm	Run npm ci	2026-09-20T23:42:33.7235292Z   DATABASE_URL: ***127.0.0.1:5432/rc1_recovery
linux-sigterm	Run npm ci	2026-09-20T23:42:33.7235525Z   RC1_SHUTDOWN_EVIDENCE: /home/runner/work/Omerta/Omerta/tmp/rc1-linux-recovery
linux-sigterm	Run npm ci	2026-09-20T23:42:33.7235770Z ##[endgroup]
linux-sigterm	Run npm ci	2026-09-20T23:42:37.4457072Z 
linux-sigterm	Run npm ci	2026-09-20T23:42:37.4480772Z added 248 packages, and audited 249 packages in 4s
linux-sigterm	Run npm ci	2026-09-20T23:42:37.4481179Z 
linux-sigterm	Run npm ci	2026-09-20T23:42:37.4481381Z 70 packages are looking for funding
linux-sigterm	Run npm ci	2026-09-20T23:42:37.4481570Z   run `npm fund` for details
linux-sigterm	Run npm ci	2026-09-20T23:42:37.4481856Z 
linux-sigterm	Run npm ci	2026-09-20T23:42:37.4482002Z found 0 vulnerabilities
linux-sigterm	Record exact candidate and runtime	﻿2026-09-20T23:42:37.4958286Z ##[group]Run mkdir -p "$RC1_SHUTDOWN_EVIDENCE"
linux-sigterm	Record exact candidate and runtime	2026-09-20T23:42:37.4958534Z ^[[36;1mmkdir -p "$RC1_SHUTDOWN_EVIDENCE"^[[0m
linux-sigterm	Record exact candidate and runtime	2026-09-20T23:42:37.4958754Z ^[[36;1mgit rev-parse HEAD | tee "$RC1_SHUTDOWN_EVIDENCE/source-sha.txt"^[[0m
linux-sigterm	Record exact candidate and runtime	2026-09-20T23:42:37.4959009Z ^[[36;1mnode --version | tee "$RC1_SHUTDOWN_EVIDENCE/node-version.txt"^[[0m
linux-sigterm	Record exact candidate and runtime	2026-09-20T23:42:37.4959313Z ^[[36;1mpsql "$DATABASE_URL" -Atc 'SELECT version()' | tee "$RC1_SHUTDOWN_EVIDENCE/postgres-version.txt"^[[0m
linux-sigterm	Record exact candidate and runtime	2026-09-20T23:42:37.4988699Z shell: /usr/bin/bash -e {0}
linux-sigterm	Record exact candidate and runtime	2026-09-20T23:42:37.4988842Z env:
linux-sigterm	Record exact candidate and runtime	2026-09-20T23:42:37.4989393Z   COORDINATION_TEST_DATABASE_URL: ***127.0.0.1:5432/rc1_recovery
linux-sigterm	Record exact candidate and runtime	2026-09-20T23:42:37.4989690Z   DATABASE_URL: ***127.0.0.1:5432/rc1_recovery
linux-sigterm	Record exact candidate and runtime	2026-09-20T23:42:37.4989915Z   RC1_SHUTDOWN_EVIDENCE: /home/runner/work/Omerta/Omerta/tmp/rc1-linux-recovery
linux-sigterm	Record exact candidate and runtime	2026-09-20T23:42:37.4990134Z ##[endgroup]
linux-sigterm	Record exact candidate and runtime	2026-09-20T23:42:37.5059363Z cce721029c86de7c6f0d875fef7cb8de29504dda
linux-sigterm	Record exact candidate and runtime	2026-09-20T23:42:37.5088356Z v22.23.2
linux-sigterm	Record exact candidate and runtime	2026-09-20T23:42:37.6228514Z PostgreSQL 16.15 (Debian 16.15-1.pgdg13+2) on x86_64-pc-linux-gnu, compiled by gcc (Debian 14.2.0-19) 14.2.0, 64-bit
linux-sigterm	PostgreSQL16 partial migration failure and retry	﻿2026-09-20T23:42:37.6258733Z ##[group]Run set -o pipefail
linux-sigterm	PostgreSQL16 partial migration failure and retry	2026-09-20T23:42:37.6258923Z ^[[36;1mset -o pipefail^[[0m
linux-sigterm	PostgreSQL16 partial migration failure and retry	2026-09-20T23:42:37.6259156Z ^[[36;1mnpm run test:db-migration:postgres 2>&1 | tee "$RC1_SHUTDOWN_EVIDENCE/migration-failure.log"^[[0m
linux-sigterm	PostgreSQL16 partial migration failure and retry	2026-09-20T23:42:37.6287728Z shell: /usr/bin/bash -e {0}
linux-sigterm	PostgreSQL16 partial migration failure and retry	2026-09-20T23:42:37.6287867Z env:
linux-sigterm	PostgreSQL16 partial migration failure and retry	2026-09-20T23:42:37.6288202Z   COORDINATION_TEST_DATABASE_URL: ***127.0.0.1:5432/rc1_recovery
linux-sigterm	PostgreSQL16 partial migration failure and retry	2026-09-20T23:42:37.6288465Z   DATABASE_URL: ***127.0.0.1:5432/rc1_recovery
linux-sigterm	PostgreSQL16 partial migration failure and retry	2026-09-20T23:42:37.6288688Z   RC1_SHUTDOWN_EVIDENCE: /home/runner/work/Omerta/Omerta/tmp/rc1-linux-recovery
linux-sigterm	PostgreSQL16 partial migration failure and retry	2026-09-20T23:42:37.6288901Z ##[endgroup]
linux-sigterm	PostgreSQL16 partial migration failure and retry	2026-09-20T23:42:37.6950339Z 
linux-sigterm	PostgreSQL16 partial migration failure and retry	2026-09-20T23:42:37.6951151Z > omerta-backend@1.2.0 test:db-migration:postgres
linux-sigterm	PostgreSQL16 partial migration failure and retry	2026-09-20T23:42:37.6951599Z > node test/rc1-postgres-migration-failure.js
linux-sigterm	PostgreSQL16 partial migration failure and retry	2026-09-20T23:42:37.6951830Z 
linux-sigterm	PostgreSQL16 partial migration failure and retry	2026-09-20T23:42:45.0542835Z [migrate] skipped: ALTER TABLE characters ADD COLUMN IF NOT EXISTS bank_credit_ms BIGINT NOT NULL DEFAULT 28800000 — RC1 injected DDL interruption
linux-sigterm	PostgreSQL16 partial migration failure and retry	2026-09-20T23:42:49.3978173Z {"faultObserved":true,"stamp":{"app_version":"0.0.0","schema_sha":"rc1-before-fault"}}
linux-sigterm	PostgreSQL16 partial migration failure and retry	2026-09-20T23:42:58.2153665Z RC1: real DDL interruption refuses startup/stamp; retry and restart migration succeed
linux-sigterm	RC1 command tampering and concurrent replay on PostgreSQL	﻿2026-09-20T23:42:58.4278355Z ##[group]Run node test/rc1-command-redteam.js
linux-sigterm	RC1 command tampering and concurrent replay on PostgreSQL	2026-09-20T23:42:58.4278579Z ^[[36;1mnode test/rc1-command-redteam.js^[[0m
linux-sigterm	RC1 command tampering and concurrent replay on PostgreSQL	2026-09-20T23:42:58.4307090Z shell: /usr/bin/bash -e {0}
linux-sigterm	RC1 command tampering and concurrent replay on PostgreSQL	2026-09-20T23:42:58.4307224Z env:
linux-sigterm	RC1 command tampering and concurrent replay on PostgreSQL	2026-09-20T23:42:58.4307580Z   COORDINATION_TEST_DATABASE_URL: ***127.0.0.1:5432/rc1_recovery
linux-sigterm	RC1 command tampering and concurrent replay on PostgreSQL	2026-09-20T23:42:58.4307840Z   DATABASE_URL: ***127.0.0.1:5432/rc1_recovery
linux-sigterm	RC1 command tampering and concurrent replay on PostgreSQL	2026-09-20T23:42:58.4308058Z   RC1_SHUTDOWN_EVIDENCE: /home/runner/work/Omerta/Omerta/tmp/rc1-linux-recovery
linux-sigterm	RC1 command tampering and concurrent replay on PostgreSQL	2026-09-20T23:42:58.4308346Z   RC1_TEST_DATABASE_URL: ***127.0.0.1:5432/postgres
linux-sigterm	RC1 command tampering and concurrent replay on PostgreSQL	2026-09-20T23:42:58.4308515Z ##[endgroup]
linux-sigterm	RC1 command tampering and concurrent replay on PostgreSQL	2026-09-20T23:42:58.9437259Z ⚠️  preflight: Neither PUBLIC_URL nor SOCIAL_GAME_URL is set — every referral link, share prompt and social card will point at the built-in default domain, not yours. Set PUBLIC_URL to this server's own origin (it is also what one-click X sign-in derives its callback from).
linux-sigterm	RC1 command tampering and concurrent replay on PostgreSQL	2026-09-20T23:42:58.9439935Z ⚠️  preflight: INVARIANT_WEBHOOK_URL is not set — the §10.4 economy-drift, backup-failure, oracle-halt and real-value-invariant alarms have nowhere to shout and reach only a log line. Set it (a Slack/Discord webhook) on BOTH processes: the worker fires most alarms, and the API is the only one that can page when the WORKER is dead.
linux-sigterm	RC1 command tampering and concurrent replay on PostgreSQL	2026-09-20T23:43:03.8160158Z [db] Postgres ready — column migration ran 2956 ADD COLUMN IF NOT EXISTS statements.
linux-sigterm	RC1 command tampering and concurrent replay on PostgreSQL	2026-09-20T23:43:04.0713707Z {"component":"player-command","phase":"request","correlationId":"692b5edc-6fed-4bb8-8e13-da747aff4527"}
linux-sigterm	RC1 command tampering and concurrent replay on PostgreSQL	2026-09-20T23:43:04.0743929Z {"component":"player-command","phase":"authorization","correlationId":"692b5edc-6fed-4bb8-8e13-da747aff4527","outcome":"allowed"}
linux-sigterm	RC1 command tampering and concurrent replay on PostgreSQL	2026-09-20T23:43:04.1030398Z {"component":"player-command","phase":"response","correlationId":"692b5edc-6fed-4bb8-8e13-da747aff4527","statusCode":200,"elapsedMs":32}
linux-sigterm	RC1 command tampering and concurrent replay on PostgreSQL	2026-09-20T23:43:04.1062729Z {"component":"player-command","phase":"request","correlationId":"548d0a9d-c72b-4f44-a459-0a20cc5d34bc"}
linux-sigterm	RC1 command tampering and concurrent replay on PostgreSQL	2026-09-20T23:43:04.1078054Z {"component":"player-command","phase":"failure","correlationId":"548d0a9d-c72b-4f44-a459-0a20cc5d34bc","outcome":"unavailable"}
linux-sigterm	RC1 command tampering and concurrent replay on PostgreSQL	2026-09-20T23:43:04.1085770Z {"component":"player-command","phase":"response","correlationId":"548d0a9d-c72b-4f44-a459-0a20cc5d34bc","statusCode":400,"elapsedMs":2}
linux-sigterm	RC1 command tampering and concurrent replay on PostgreSQL	2026-09-20T23:43:04.1089977Z {"component":"player-command","phase":"request","correlationId":"6c3a3e27-80c6-41c0-995f-5c6d61f521e5"}
linux-sigterm	RC1 command tampering and concurrent replay on PostgreSQL	2026-09-20T23:43:04.1093094Z {"component":"player-command","phase":"failure","correlationId":"6c3a3e27-80c6-41c0-995f-5c6d61f521e5","outcome":"unavailable"}
linux-sigterm	RC1 command tampering and concurrent replay on PostgreSQL	2026-09-20T23:43:04.1095191Z {"component":"player-command","phase":"response","correlationId":"6c3a3e27-80c6-41c0-995f-5c6d61f521e5","statusCode":400,"elapsedMs":1}
linux-sigterm	RC1 command tampering and concurrent replay on PostgreSQL	2026-09-20T23:43:04.1097664Z {"component":"player-command","phase":"request","correlationId":"3f622708-db94-48de-b6f5-39ce761f4c51"}
linux-sigterm	RC1 command tampering and concurrent replay on PostgreSQL	2026-09-20T23:43:04.1099770Z {"component":"player-command","phase":"failure","correlationId":"3f622708-db94-48de-b6f5-39ce761f4c51","outcome":"unavailable"}
linux-sigterm	RC1 command tampering and concurrent replay on PostgreSQL	2026-09-20T23:43:04.1101722Z {"component":"player-command","phase":"response","correlationId":"3f622708-db94-48de-b6f5-39ce761f4c51","statusCode":400,"elapsedMs":0}
linux-sigterm	RC1 command tampering and concurrent replay on PostgreSQL	2026-09-20T23:43:04.1102943Z {"component":"player-command","phase":"request","correlationId":"c8dc2dca-09e3-467c-9d8b-366c2feb0a47"}
linux-sigterm	RC1 command tampering and concurrent replay on PostgreSQL	2026-09-20T23:43:04.1105088Z {"component":"player-command","phase":"failure","correlationId":"c8dc2dca-09e3-467c-9d8b-366c2feb0a47","outcome":"unavailable"}
linux-sigterm	RC1 command tampering and concurrent replay on PostgreSQL	2026-09-20T23:43:04.1107458Z {"component":"player-command","phase":"response","correlationId":"c8dc2dca-09e3-467c-9d8b-366c2feb0a47","statusCode":400,"elapsedMs":0}
linux-sigterm	RC1 command tampering and concurrent replay on PostgreSQL	2026-09-20T23:43:04.1109617Z {"component":"player-command","phase":"request","correlationId":"7d26309e-e211-4db6-90af-642a34941e0f"}
linux-sigterm	RC1 command tampering and concurrent replay on PostgreSQL	2026-09-20T23:43:04.1111041Z {"component":"player-command","phase":"failure","correlationId":"7d26309e-e211-4db6-90af-642a34941e0f","outcome":"unavailable"}
linux-sigterm	RC1 command tampering and concurrent replay on PostgreSQL	2026-09-20T23:43:04.1113608Z {"component":"player-command","phase":"response","correlationId":"7d26309e-e211-4db6-90af-642a34941e0f","statusCode":400,"elapsedMs":0}
linux-sigterm	RC1 command tampering and concurrent replay on PostgreSQL	2026-09-20T23:43:04.1114908Z {"component":"player-command","phase":"request","correlationId":"07c2b751-7af7-4152-b944-6fce516f9e2f"}
linux-sigterm	RC1 command tampering and concurrent replay on PostgreSQL	2026-09-20T23:43:04.1116395Z {"component":"player-command","phase":"failure","correlationId":"07c2b751-7af7-4152-b944-6fce516f9e2f","outcome":"unavailable"}
linux-sigterm	RC1 command tampering and concurrent replay on PostgreSQL	2026-09-20T23:43:04.1118633Z {"component":"player-command","phase":"response","correlationId":"07c2b751-7af7-4152-b944-6fce516f9e2f","statusCode":400,"elapsedMs":0}
linux-sigterm	RC1 command tampering and concurrent replay on PostgreSQL	2026-09-20T23:43:04.1119854Z {"component":"player-command","phase":"request","correlationId":"bae00177-886d-4b6e-8e67-f3637707e553"}
linux-sigterm	RC1 command tampering and concurrent replay on PostgreSQL	2026-09-20T23:43:04.1121564Z {"component":"player-command","phase":"failure","correlationId":"bae00177-886d-4b6e-8e67-f3637707e553","outcome":"unavailable"}
linux-sigterm	RC1 command tampering and concurrent replay on PostgreSQL	2026-09-20T23:43:04.1124309Z {"component":"player-command","phase":"response","correlationId":"bae00177-886d-4b6e-8e67-f3637707e553","statusCode":400,"elapsedMs":0}
linux-sigterm	RC1 command tampering and concurrent replay on PostgreSQL	2026-09-20T23:43:04.1128879Z {"component":"player-command","phase":"request","correlationId":"0eba641d-413f-4ac9-bb43-bb67f27128f1"}
linux-sigterm	RC1 command tampering and concurrent replay on PostgreSQL	2026-09-20T23:43:04.1131515Z {"component":"player-command","phase":"failure","correlationId":"0eba641d-413f-4ac9-bb43-bb67f27128f1","outcome":"unavailable"}
linux-sigterm	RC1 command tampering and concurrent replay on PostgreSQL	2026-09-20T23:43:04.1135930Z {"component":"player-command","phase":"response","correlationId":"0eba641d-413f-4ac9-bb43-bb67f27128f1","statusCode":400,"elapsedMs":1}
linux-sigterm	RC1 command tampering and concurrent replay on PostgreSQL	2026-09-20T23:43:04.1138534Z {"component":"player-command","phase":"request","correlationId":"a8b41e9a-a51c-4bef-97af-d9f4ad187afa"}
linux-sigterm	RC1 command tampering and concurrent replay on PostgreSQL	2026-09-20T23:43:04.1142307Z {"component":"player-command","phase":"failure","correlationId":"a8b41e9a-a51c-4bef-97af-d9f4ad187afa","outcome":"unavailable"}
linux-sigterm	RC1 command tampering and concurrent replay on PostgreSQL	2026-09-20T23:43:04.1146663Z {"component":"player-command","phase":"response","correlationId":"a8b41e9a-a51c-4bef-97af-d9f4ad187afa","statusCode":400,"elapsedMs":1}
linux-sigterm	RC1 command tampering and concurrent replay on PostgreSQL	2026-09-20T23:43:04.1157344Z {"component":"player-command","phase":"request","correlationId":"4829e7ae-54ce-47a1-8edd-c7aee9106c97"}
linux-sigterm	RC1 command tampering and concurrent replay on PostgreSQL	2026-09-20T23:43:04.1158506Z {"component":"player-command","phase":"failure","correlationId":"4829e7ae-54ce-47a1-8edd-c7aee9106c97","outcome":"unavailable"}
linux-sigterm	RC1 command tampering and concurrent replay on PostgreSQL	2026-09-20T23:43:04.1159631Z {"component":"player-command","phase":"response","correlationId":"4829e7ae-54ce-47a1-8edd-c7aee9106c97","statusCode":400,"elapsedMs":0}
linux-sigterm	RC1 command tampering and concurrent replay on PostgreSQL	2026-09-20T23:43:04.1160624Z {"component":"player-command","phase":"request","correlationId":"3a5f4a15-e437-4c18-83ba-223b871fd816"}
linux-sigterm	RC1 command tampering and concurrent replay on PostgreSQL	2026-09-20T23:43:04.1161698Z {"component":"player-command","phase":"failure","correlationId":"3a5f4a15-e437-4c18-83ba-223b871fd816","outcome":"unavailable"}
linux-sigterm	RC1 command tampering and concurrent replay on PostgreSQL	2026-09-20T23:43:04.1162961Z {"component":"player-command","phase":"response","correlationId":"3a5f4a15-e437-4c18-83ba-223b871fd816","statusCode":400,"elapsedMs":0}
linux-sigterm	RC1 command tampering and concurrent replay on PostgreSQL	2026-09-20T23:43:04.1163823Z {"component":"player-command","phase":"request","correlationId":"e7af3b68-5edd-4e07-8408-4e7abf7fb63d"}
linux-sigterm	RC1 command tampering and concurrent replay on PostgreSQL	2026-09-20T23:43:04.1164680Z {"component":"player-command","phase":"failure","correlationId":"e7af3b68-5edd-4e07-8408-4e7abf7fb63d","outcome":"unavailable"}
linux-sigterm	RC1 command tampering and concurrent replay on PostgreSQL	2026-09-20T23:43:04.1165677Z {"component":"player-command","phase":"response","correlationId":"e7af3b68-5edd-4e07-8408-4e7abf7fb63d","statusCode":400,"elapsedMs":0}
linux-sigterm	RC1 command tampering and concurrent replay on PostgreSQL	2026-09-20T23:43:04.1166706Z {"component":"player-command","phase":"request","correlationId":"f9dbee50-f065-4a0b-ac10-f9e9dc13bd23"}
linux-sigterm	RC1 command tampering and concurrent replay on PostgreSQL	2026-09-20T23:43:04.1167564Z {"component":"player-command","phase":"failure","correlationId":"f9dbee50-f065-4a0b-ac10-f9e9dc13bd23","outcome":"unavailable"}
linux-sigterm	RC1 command tampering and concurrent replay on PostgreSQL	2026-09-20T23:43:04.1168541Z {"component":"player-command","phase":"response","correlationId":"f9dbee50-f065-4a0b-ac10-f9e9dc13bd23","statusCode":400,"elapsedMs":0}
linux-sigterm	RC1 command tampering and concurrent replay on PostgreSQL	2026-09-20T23:43:04.1169404Z {"component":"player-command","phase":"request","correlationId":"124891f7-cafa-40d3-bc39-ca527d0cd900"}
linux-sigterm	RC1 command tampering and concurrent replay on PostgreSQL	2026-09-20T23:43:04.1170243Z {"component":"player-command","phase":"failure","correlationId":"124891f7-cafa-40d3-bc39-ca527d0cd900","outcome":"unavailable"}
linux-sigterm	RC1 command tampering and concurrent replay on PostgreSQL	2026-09-20T23:43:04.1171202Z {"component":"player-command","phase":"response","correlationId":"124891f7-cafa-40d3-bc39-ca527d0cd900","statusCode":400,"elapsedMs":0}
linux-sigterm	RC1 command tampering and concurrent replay on PostgreSQL	2026-09-20T23:43:04.1172304Z {"component":"player-command","phase":"request","correlationId":"70f9890b-a0e1-4630-8a81-0c653905a9c5"}
linux-sigterm	RC1 command tampering and concurrent replay on PostgreSQL	2026-09-20T23:43:04.1173135Z {"component":"player-command","phase":"failure","correlationId":"70f9890b-a0e1-4630-8a81-0c653905a9c5","outcome":"unavailable"}
linux-sigterm	RC1 command tampering and concurrent replay on PostgreSQL	2026-09-20T23:43:04.1175324Z {"component":"player-command","phase":"response","correlationId":"70f9890b-a0e1-4630-8a81-0c653905a9c5","statusCode":400,"elapsedMs":0}
linux-sigterm	RC1 command tampering and concurrent replay on PostgreSQL	2026-09-20T23:43:04.1176177Z {"component":"player-command","phase":"request","correlationId":"0641d071-123f-430a-89f4-10ab74b8980c"}
linux-sigterm	RC1 command tampering and concurrent replay on PostgreSQL	2026-09-20T23:43:04.1177624Z {"component":"player-command","phase":"failure","correlationId":"0641d071-123f-430a-89f4-10ab74b8980c","outcome":"unavailable"}
linux-sigterm	RC1 command tampering and concurrent replay on PostgreSQL	2026-09-20T23:43:04.1179133Z {"component":"player-command","phase":"response","correlationId":"0641d071-123f-430a-89f4-10ab74b8980c","statusCode":400,"elapsedMs":0}
linux-sigterm	RC1 command tampering and concurrent replay on PostgreSQL	2026-09-20T23:43:04.1180090Z {"component":"player-command","phase":"request","correlationId":"4755c60b-a9cb-4a40-bf65-9796d49bb892"}
linux-sigterm	RC1 command tampering and concurrent replay on PostgreSQL	2026-09-20T23:43:04.1181515Z {"component":"player-command","phase":"failure","correlationId":"4755c60b-a9cb-4a40-bf65-9796d49bb892","outcome":"unavailable"}
linux-sigterm	RC1 command tampering and concurrent replay on PostgreSQL	2026-09-20T23:43:04.1182989Z {"component":"player-command","phase":"response","correlationId":"4755c60b-a9cb-4a40-bf65-9796d49bb892","statusCode":400,"elapsedMs":0}
linux-sigterm	RC1 command tampering and concurrent replay on PostgreSQL	2026-09-20T23:43:04.1184291Z {"component":"player-command","phase":"request","correlationId":"ceec489f-7f20-410a-9c56-726abba0f3d9"}
linux-sigterm	RC1 command tampering and concurrent replay on PostgreSQL	2026-09-20T23:43:04.1187707Z {"component":"player-command","phase":"failure","correlationId":"ceec489f-7f20-410a-9c56-726abba0f3d9","outcome":"unavailable"}
linux-sigterm	RC1 command tampering and concurrent replay on PostgreSQL	2026-09-20T23:43:04.1190290Z {"component":"player-command","phase":"response","correlationId":"ceec489f-7f20-410a-9c56-726abba0f3d9","statusCode":409,"elapsedMs":1}
linux-sigterm	RC1 command tampering and concurrent replay on PostgreSQL	2026-09-20T23:43:04.1191633Z {"component":"player-command","phase":"request","correlationId":"185a35ce-e905-482d-ab77-22d31acc2af2"}
linux-sigterm	RC1 command tampering and concurrent replay on PostgreSQL	2026-09-20T23:43:04.1193125Z {"component":"player-command","phase":"failure","correlationId":"185a35ce-e905-482d-ab77-22d31acc2af2","outcome":"unavailable"}
linux-sigterm	RC1 command tampering and concurrent replay on PostgreSQL	2026-09-20T23:43:04.1195592Z {"component":"player-command","phase":"response","correlationId":"185a35ce-e905-482d-ab77-22d31acc2af2","statusCode":409,"elapsedMs":0}
linux-sigterm	RC1 command tampering and concurrent replay on PostgreSQL	2026-09-20T23:43:04.1196785Z {"component":"player-command","phase":"request","correlationId":"175f8933-b505-45c7-99d8-a603295ffbb0"}
linux-sigterm	RC1 command tampering and concurrent replay on PostgreSQL	2026-09-20T23:43:04.1218557Z {"component":"player-command","phase":"authorization","correlationId":"175f8933-b505-45c7-99d8-a603295ffbb0","outcome":"allowed"}
linux-sigterm	RC1 command tampering and concurrent replay on PostgreSQL	2026-09-20T23:43:04.1221275Z {"component":"player-command","phase":"command","correlationId":"175f8933-b505-45c7-99d8-a603295ffbb0"}
linux-sigterm	RC1 command tampering and concurrent replay on PostgreSQL	2026-09-20T23:43:04.1222316Z {"component":"player-command","phase":"failure","correlationId":"175f8933-b505-45c7-99d8-a603295ffbb0","outcome":"unavailable"}
linux-sigterm	RC1 command tampering and concurrent replay on PostgreSQL	2026-09-20T23:43:04.1230123Z {"component":"player-command","phase":"response","correlationId":"175f8933-b505-45c7-99d8-a603295ffbb0","statusCode":400,"elapsedMs":3}
linux-sigterm	RC1 command tampering and concurrent replay on PostgreSQL	2026-09-20T23:43:04.1231029Z {"component":"player-command","phase":"request","correlationId":"041b8534-3673-4913-aad3-91a0edbf2718"}
linux-sigterm	RC1 command tampering and concurrent replay on PostgreSQL	2026-09-20T23:43:04.1249345Z {"component":"player-command","phase":"authorization","correlationId":"041b8534-3673-4913-aad3-91a0edbf2718","outcome":"allowed"}
linux-sigterm	RC1 command tampering and concurrent replay on PostgreSQL	2026-09-20T23:43:04.1250204Z {"component":"player-command","phase":"command","correlationId":"041b8534-3673-4913-aad3-91a0edbf2718"}
linux-sigterm	RC1 command tampering and concurrent replay on PostgreSQL	2026-09-20T23:43:04.1251014Z {"component":"player-command","phase":"failure","correlationId":"041b8534-3673-4913-aad3-91a0edbf2718","outcome":"unavailable"}
linux-sigterm	RC1 command tampering and concurrent replay on PostgreSQL	2026-09-20T23:43:04.1258073Z {"component":"player-command","phase":"response","correlationId":"041b8534-3673-4913-aad3-91a0edbf2718","statusCode":400,"elapsedMs":3}
linux-sigterm	RC1 command tampering and concurrent replay on PostgreSQL	2026-09-20T23:43:04.1259178Z {"component":"player-command","phase":"request","correlationId":"6de7ab3d-1324-4669-a12a-cbe69b40d6d6"}
linux-sigterm	RC1 command tampering and concurrent replay on PostgreSQL	2026-09-20T23:43:04.1274572Z {"component":"player-command","phase":"authorization","correlationId":"6de7ab3d-1324-4669-a12a-cbe69b40d6d6","outcome":"allowed"}
linux-sigterm	RC1 command tampering and concurrent replay on PostgreSQL	2026-09-20T23:43:04.1275267Z {"component":"player-command","phase":"command","correlationId":"6de7ab3d-1324-4669-a12a-cbe69b40d6d6"}
linux-sigterm	RC1 command tampering and concurrent replay on PostgreSQL	2026-09-20T23:43:04.1275960Z {"component":"player-command","phase":"failure","correlationId":"6de7ab3d-1324-4669-a12a-cbe69b40d6d6","outcome":"unavailable"}
linux-sigterm	RC1 command tampering and concurrent replay on PostgreSQL	2026-09-20T23:43:04.1282024Z {"component":"player-command","phase":"response","correlationId":"6de7ab3d-1324-4669-a12a-cbe69b40d6d6","statusCode":400,"elapsedMs":2}
linux-sigterm	RC1 command tampering and concurrent replay on PostgreSQL	2026-09-20T23:43:04.1282973Z {"component":"player-command","phase":"request","correlationId":"a4850bd9-2f33-4b1a-8400-cf6f87b51f38"}
linux-sigterm	RC1 command tampering and concurrent replay on PostgreSQL	2026-09-20T23:43:04.1297818Z {"component":"player-command","phase":"authorization","correlationId":"a4850bd9-2f33-4b1a-8400-cf6f87b51f38","outcome":"allowed"}
linux-sigterm	RC1 command tampering and concurrent replay on PostgreSQL	2026-09-20T23:43:04.1298509Z {"component":"player-command","phase":"command","correlationId":"a4850bd9-2f33-4b1a-8400-cf6f87b51f38"}
linux-sigterm	RC1 command tampering and concurrent replay on PostgreSQL	2026-09-20T23:43:04.1299139Z {"component":"player-command","phase":"failure","correlationId":"a4850bd9-2f33-4b1a-8400-cf6f87b51f38","outcome":"unavailable"}
linux-sigterm	RC1 command tampering and concurrent replay on PostgreSQL	2026-09-20T23:43:04.1304575Z {"component":"player-command","phase":"response","correlationId":"a4850bd9-2f33-4b1a-8400-cf6f87b51f38","statusCode":400,"elapsedMs":2}
linux-sigterm	RC1 command tampering and concurrent replay on PostgreSQL	2026-09-20T23:43:04.1305679Z {"component":"player-command","phase":"request","correlationId":"d62f5577-3d86-4b68-a5b4-5a9dce2fd796"}
linux-sigterm	RC1 command tampering and concurrent replay on PostgreSQL	2026-09-20T23:43:04.1319457Z {"component":"player-command","phase":"authorization","correlationId":"d62f5577-3d86-4b68-a5b4-5a9dce2fd796","outcome":"allowed"}
linux-sigterm	RC1 command tampering and concurrent replay on PostgreSQL	2026-09-20T23:43:04.1320289Z {"component":"player-command","phase":"command","correlationId":"d62f5577-3d86-4b68-a5b4-5a9dce2fd796"}
linux-sigterm	RC1 command tampering and concurrent replay on PostgreSQL	2026-09-20T23:43:04.1321113Z {"component":"player-command","phase":"failure","correlationId":"d62f5577-3d86-4b68-a5b4-5a9dce2fd796","outcome":"unavailable"}
linux-sigterm	RC1 command tampering and concurrent replay on PostgreSQL	2026-09-20T23:43:04.1436426Z {"component":"player-command","phase":"response","correlationId":"d62f5577-3d86-4b68-a5b4-5a9dce2fd796","statusCode":400,"elapsedMs":13}
linux-sigterm	RC1 command tampering and concurrent replay on PostgreSQL	2026-09-20T23:43:04.1437704Z {"component":"player-command","phase":"request","correlationId":"33eed636-c4e9-41bb-8e5d-0f1533238184"}
linux-sigterm	RC1 command tampering and concurrent replay on PostgreSQL	2026-09-20T23:43:04.1452593Z {"component":"player-command","phase":"authorization","correlationId":"33eed636-c4e9-41bb-8e5d-0f1533238184","outcome":"allowed"}
linux-sigterm	RC1 command tampering and concurrent replay on PostgreSQL	2026-09-20T23:43:04.1453419Z {"component":"player-command","phase":"command","correlationId":"33eed636-c4e9-41bb-8e5d-0f1533238184"}
linux-sigterm	RC1 command tampering and concurrent replay on PostgreSQL	2026-09-20T23:43:04.1454054Z {"component":"player-command","phase":"failure","correlationId":"33eed636-c4e9-41bb-8e5d-0f1533238184","outcome":"unavailable"}
linux-sigterm	RC1 command tampering and concurrent replay on PostgreSQL	2026-09-20T23:43:04.1460165Z {"component":"player-command","phase":"response","correlationId":"33eed636-c4e9-41bb-8e5d-0f1533238184","statusCode":400,"elapsedMs":2}
linux-sigterm	RC1 command tampering and concurrent replay on PostgreSQL	2026-09-20T23:43:04.1461071Z {"component":"player-command","phase":"request","correlationId":"e0a683be-3552-4d0d-ae23-d74ee4c70673"}
linux-sigterm	RC1 command tampering and concurrent replay on PostgreSQL	2026-09-20T23:43:04.1479393Z {"component":"player-command","phase":"authorization","correlationId":"e0a683be-3552-4d0d-ae23-d74ee4c70673","outcome":"allowed"}
linux-sigterm	RC1 command tampering and concurrent replay on PostgreSQL	2026-09-20T23:43:04.1480312Z {"component":"player-command","phase":"command","correlationId":"e0a683be-3552-4d0d-ae23-d74ee4c70673"}
linux-sigterm	RC1 command tampering and concurrent replay on PostgreSQL	2026-09-20T23:43:04.1481130Z {"component":"player-command","phase":"failure","correlationId":"e0a683be-3552-4d0d-ae23-d74ee4c70673","outcome":"unavailable"}
linux-sigterm	RC1 command tampering and concurrent replay on PostgreSQL	2026-09-20T23:43:04.1694580Z {"component":"player-command","phase":"response","correlationId":"e0a683be-3552-4d0d-ae23-d74ee4c70673","statusCode":400,"elapsedMs":23}
linux-sigterm	RC1 command tampering and concurrent replay on PostgreSQL	2026-09-20T23:43:04.1695527Z {"component":"player-command","phase":"request","correlationId":"1a7716df-044e-4c57-9f27-049ac0208b09"}
linux-sigterm	RC1 command tampering and concurrent replay on PostgreSQL	2026-09-20T23:43:04.1709489Z {"component":"player-command","phase":"authorization","correlationId":"1a7716df-044e-4c57-9f27-049ac0208b09","outcome":"allowed"}
linux-sigterm	RC1 command tampering and concurrent replay on PostgreSQL	2026-09-20T23:43:04.1709994Z {"component":"player-command","phase":"command","correlationId":"1a7716df-044e-4c57-9f27-049ac0208b09"}
linux-sigterm	RC1 command tampering and concurrent replay on PostgreSQL	2026-09-20T23:43:04.1710494Z {"component":"player-command","phase":"failure","correlationId":"1a7716df-044e-4c57-9f27-049ac0208b09","outcome":"unavailable"}
linux-sigterm	RC1 command tampering and concurrent replay on PostgreSQL	2026-09-20T23:43:04.1716081Z {"component":"player-command","phase":"response","correlationId":"1a7716df-044e-4c57-9f27-049ac0208b09","statusCode":400,"elapsedMs":2}
linux-sigterm	RC1 command tampering and concurrent replay on PostgreSQL	2026-09-20T23:43:04.1717341Z {"component":"player-command","phase":"request","correlationId":"49c79e99-c601-41c8-9f92-6294516512bc"}
linux-sigterm	RC1 command tampering and concurrent replay on PostgreSQL	2026-09-20T23:43:04.1730512Z {"component":"player-command","phase":"authorization","correlationId":"49c79e99-c601-41c8-9f92-6294516512bc","outcome":"allowed"}
linux-sigterm	RC1 command tampering and concurrent replay on PostgreSQL	2026-09-20T23:43:04.1731173Z {"component":"player-command","phase":"command","correlationId":"49c79e99-c601-41c8-9f92-6294516512bc"}
linux-sigterm	RC1 command tampering and concurrent replay on PostgreSQL	2026-09-20T23:43:04.1731917Z {"component":"player-command","phase":"failure","correlationId":"49c79e99-c601-41c8-9f92-6294516512bc","outcome":"unavailable"}
linux-sigterm	RC1 command tampering and concurrent replay on PostgreSQL	2026-09-20T23:43:04.1737769Z {"component":"player-command","phase":"response","correlationId":"49c79e99-c601-41c8-9f92-6294516512bc","statusCode":400,"elapsedMs":2}
linux-sigterm	RC1 command tampering and concurrent replay on PostgreSQL	2026-09-20T23:43:04.1738699Z {"component":"player-command","phase":"request","correlationId":"7b8bc289-06a7-435b-aa5a-146554111535"}
linux-sigterm	RC1 command tampering and concurrent replay on PostgreSQL	2026-09-20T23:43:04.1750541Z {"component":"player-command","phase":"authorization","correlationId":"7b8bc289-06a7-435b-aa5a-146554111535","outcome":"allowed"}
linux-sigterm	RC1 command tampering and concurrent replay on PostgreSQL	2026-09-20T23:43:04.1751031Z {"component":"player-command","phase":"command","correlationId":"7b8bc289-06a7-435b-aa5a-146554111535"}
linux-sigterm	RC1 command tampering and concurrent replay on PostgreSQL	2026-09-20T23:43:04.1751592Z {"component":"player-command","phase":"failure","correlationId":"7b8bc289-06a7-435b-aa5a-146554111535","outcome":"unavailable"}
linux-sigterm	RC1 command tampering and concurrent replay on PostgreSQL	2026-09-20T23:43:04.1759406Z {"component":"player-command","phase":"response","correlationId":"7b8bc289-06a7-435b-aa5a-146554111535","statusCode":400,"elapsedMs":2}
linux-sigterm	RC1 command tampering and concurrent replay on PostgreSQL	2026-09-20T23:43:04.1760176Z {"component":"player-command","phase":"request","correlationId":"3584747f-c6d6-4bc1-bfb7-b57062f887fb"}
linux-sigterm	RC1 command tampering and concurrent replay on PostgreSQL	2026-09-20T23:43:04.1771432Z {"component":"player-command","phase":"authorization","correlationId":"3584747f-c6d6-4bc1-bfb7-b57062f887fb","outcome":"allowed"}
linux-sigterm	RC1 command tampering and concurrent replay on PostgreSQL	2026-09-20T23:43:04.1772019Z {"component":"player-command","phase":"command","correlationId":"3584747f-c6d6-4bc1-bfb7-b57062f887fb"}
linux-sigterm	RC1 command tampering and concurrent replay on PostgreSQL	2026-09-20T23:43:04.1772503Z {"component":"player-command","phase":"failure","correlationId":"3584747f-c6d6-4bc1-bfb7-b57062f887fb","outcome":"unavailable"}
linux-sigterm	RC1 command tampering and concurrent replay on PostgreSQL	2026-09-20T23:43:04.1862269Z {"component":"player-command","phase":"response","correlationId":"3584747f-c6d6-4bc1-bfb7-b57062f887fb","statusCode":400,"elapsedMs":10}
linux-sigterm	RC1 command tampering and concurrent replay on PostgreSQL	2026-09-20T23:43:04.1863324Z {"component":"player-command","phase":"request","correlationId":"26e871bc-8d5b-412f-9ea0-d208e93d6de7"}
linux-sigterm	RC1 command tampering and concurrent replay on PostgreSQL	2026-09-20T23:43:04.1876532Z {"component":"player-command","phase":"authorization","correlationId":"26e871bc-8d5b-412f-9ea0-d208e93d6de7","outcome":"allowed"}
linux-sigterm	RC1 command tampering and concurrent replay on PostgreSQL	2026-09-20T23:43:04.1877333Z {"component":"player-command","phase":"command","correlationId":"26e871bc-8d5b-412f-9ea0-d208e93d6de7"}
linux-sigterm	RC1 command tampering and concurrent replay on PostgreSQL	2026-09-20T23:43:04.1877968Z {"component":"player-command","phase":"failure","correlationId":"26e871bc-8d5b-412f-9ea0-d208e93d6de7","outcome":"unavailable"}
linux-sigterm	RC1 command tampering and concurrent replay on PostgreSQL	2026-09-20T23:43:04.1883532Z {"component":"player-command","phase":"response","correlationId":"26e871bc-8d5b-412f-9ea0-d208e93d6de7","statusCode":400,"elapsedMs":2}
linux-sigterm	RC1 command tampering and concurrent replay on PostgreSQL	2026-09-20T23:43:04.1885037Z {"component":"player-command","phase":"request","correlationId":"5fdb484d-1c3a-46fc-9c40-75813f0cd231"}
linux-sigterm	RC1 command tampering and concurrent replay on PostgreSQL	2026-09-20T23:43:04.1886558Z {"component":"player-command","phase":"failure","correlationId":"5fdb484d-1c3a-46fc-9c40-75813f0cd231","outcome":"unavailable"}
linux-sigterm	RC1 command tampering and concurrent replay on PostgreSQL	2026-09-20T23:43:04.1888063Z {"component":"player-command","phase":"response","correlationId":"5fdb484d-1c3a-46fc-9c40-75813f0cd231","statusCode":409,"elapsedMs":0}
linux-sigterm	RC1 command tampering and concurrent replay on PostgreSQL	2026-09-20T23:43:04.1909912Z {"component":"player-command","phase":"request","correlationId":"5437807d-6b97-459e-9b97-4fcc00616d0d"}
linux-sigterm	RC1 command tampering and concurrent replay on PostgreSQL	2026-09-20T23:43:04.1911051Z {"component":"player-command","phase":"failure","correlationId":"5437807d-6b97-459e-9b97-4fcc00616d0d","outcome":"unavailable"}
linux-sigterm	RC1 command tampering and concurrent replay on PostgreSQL	2026-09-20T23:43:04.1912566Z {"component":"player-command","phase":"response","correlationId":"5437807d-6b97-459e-9b97-4fcc00616d0d","statusCode":409,"elapsedMs":0}
linux-sigterm	RC1 command tampering and concurrent replay on PostgreSQL	2026-09-20T23:43:04.1916176Z {"component":"player-command","phase":"request","correlationId":"db8af307-6d4b-4fbc-83c3-ac54b0990e10"}
linux-sigterm	RC1 command tampering and concurrent replay on PostgreSQL	2026-09-20T23:43:04.1917622Z {"component":"player-command","phase":"failure","correlationId":"db8af307-6d4b-4fbc-83c3-ac54b0990e10","outcome":"unavailable"}
linux-sigterm	RC1 command tampering and concurrent replay on PostgreSQL	2026-09-20T23:43:04.1919168Z {"component":"player-command","phase":"response","correlationId":"db8af307-6d4b-4fbc-83c3-ac54b0990e10","statusCode":400,"elapsedMs":0}
linux-sigterm	RC1 command tampering and concurrent replay on PostgreSQL	2026-09-20T23:43:04.1920318Z {"component":"player-command","phase":"request","correlationId":"9b677009-3b25-4a03-8479-3ed2cd344600"}
linux-sigterm	RC1 command tampering and concurrent replay on PostgreSQL	2026-09-20T23:43:04.1932195Z {"component":"player-command","phase":"authorization","correlationId":"9b677009-3b25-4a03-8479-3ed2cd344600","outcome":"allowed"}
linux-sigterm	RC1 command tampering and concurrent replay on PostgreSQL	2026-09-20T23:43:04.1933000Z {"component":"player-command","phase":"command","correlationId":"9b677009-3b25-4a03-8479-3ed2cd344600"}
linux-sigterm	RC1 command tampering and concurrent replay on PostgreSQL	2026-09-20T23:43:04.1933790Z {"component":"player-command","phase":"failure","correlationId":"9b677009-3b25-4a03-8479-3ed2cd344600","outcome":"unavailable"}
linux-sigterm	RC1 command tampering and concurrent replay on PostgreSQL	2026-09-20T23:43:04.1939160Z {"component":"player-command","phase":"response","correlationId":"9b677009-3b25-4a03-8479-3ed2cd344600","statusCode":400,"elapsedMs":2}
linux-sigterm	RC1 command tampering and concurrent replay on PostgreSQL	2026-09-20T23:43:04.1940456Z {"component":"player-command","phase":"request","correlationId":"939f1525-debf-47af-9a42-9edd2b2fa8cf"}
linux-sigterm	RC1 command tampering and concurrent replay on PostgreSQL	2026-09-20T23:43:04.1942893Z {"component":"player-command","phase":"authorization","correlationId":"939f1525-debf-47af-9a42-9edd2b2fa8cf","outcome":"denied"}
linux-sigterm	RC1 command tampering and concurrent replay on PostgreSQL	2026-09-20T23:43:04.1944244Z {"component":"player-command","phase":"response","correlationId":"939f1525-debf-47af-9a42-9edd2b2fa8cf","statusCode":401,"elapsedMs":0}
linux-sigterm	RC1 command tampering and concurrent replay on PostgreSQL	2026-09-20T23:43:04.1945412Z {"component":"player-command","phase":"request","correlationId":"922ad629-1c34-4133-adbb-fed1b356783f"}
linux-sigterm	RC1 command tampering and concurrent replay on PostgreSQL	2026-09-20T23:43:04.1949336Z {"component":"player-command","phase":"authorization","correlationId":"922ad629-1c34-4133-adbb-fed1b356783f","outcome":"denied"}
linux-sigterm	RC1 command tampering and concurrent replay on PostgreSQL	2026-09-20T23:43:04.1950618Z {"component":"player-command","phase":"response","correlationId":"922ad629-1c34-4133-adbb-fed1b356783f","statusCode":401,"elapsedMs":0}
linux-sigterm	RC1 command tampering and concurrent replay on PostgreSQL	2026-09-20T23:43:04.1951831Z {"component":"player-command","phase":"request","correlationId":"24b8bebb-dada-48bc-a567-add60c8a7ea3"}
linux-sigterm	RC1 command tampering and concurrent replay on PostgreSQL	2026-09-20T23:43:04.1966456Z {"component":"player-command","phase":"authorization","correlationId":"24b8bebb-dada-48bc-a567-add60c8a7ea3","outcome":"allowed"}
linux-sigterm	RC1 command tampering and concurrent replay on PostgreSQL	2026-09-20T23:43:04.1967564Z {"component":"player-command","phase":"command","correlationId":"24b8bebb-dada-48bc-a567-add60c8a7ea3"}
linux-sigterm	RC1 command tampering and concurrent replay on PostgreSQL	2026-09-20T23:43:04.1970755Z {"component":"player-command","phase":"failure","correlationId":"24b8bebb-dada-48bc-a567-add60c8a7ea3","outcome":"unavailable"}
linux-sigterm	RC1 command tampering and concurrent replay on PostgreSQL	2026-09-20T23:43:04.1977569Z {"component":"player-command","phase":"response","correlationId":"24b8bebb-dada-48bc-a567-add60c8a7ea3","statusCode":409,"elapsedMs":2}
linux-sigterm	RC1 command tampering and concurrent replay on PostgreSQL	2026-09-20T23:43:04.1978698Z {"component":"player-command","phase":"request","correlationId":"a90c15c3-029f-477c-a50f-f83ba5d1e387"}
linux-sigterm	RC1 command tampering and concurrent replay on PostgreSQL	2026-09-20T23:43:04.1990538Z {"component":"player-command","phase":"authorization","correlationId":"a90c15c3-029f-477c-a50f-f83ba5d1e387","outcome":"allowed"}
linux-sigterm	RC1 command tampering and concurrent replay on PostgreSQL	2026-09-20T23:43:04.1991192Z {"component":"player-command","phase":"command","correlationId":"a90c15c3-029f-477c-a50f-f83ba5d1e387"}
linux-sigterm	RC1 command tampering and concurrent replay on PostgreSQL	2026-09-20T23:43:04.1993768Z {"component":"player-command","phase":"failure","correlationId":"a90c15c3-029f-477c-a50f-f83ba5d1e387","outcome":"unavailable"}
linux-sigterm	RC1 command tampering and concurrent replay on PostgreSQL	2026-09-20T23:43:04.1999389Z {"component":"player-command","phase":"response","correlationId":"a90c15c3-029f-477c-a50f-f83ba5d1e387","statusCode":409,"elapsedMs":2}
linux-sigterm	RC1 command tampering and concurrent replay on PostgreSQL	2026-09-20T23:43:04.2000396Z {"component":"player-command","phase":"request","correlationId":"46181834-b9f7-4cc8-acd5-ef61c02c1903"}
linux-sigterm	RC1 command tampering and concurrent replay on PostgreSQL	2026-09-20T23:43:04.2022727Z {"component":"player-command","phase":"authorization","correlationId":"46181834-b9f7-4cc8-acd5-ef61c02c1903","outcome":"allowed"}
linux-sigterm	RC1 command tampering and concurrent replay on PostgreSQL	2026-09-20T23:43:04.2023217Z {"component":"player-command","phase":"command","correlationId":"46181834-b9f7-4cc8-acd5-ef61c02c1903"}
linux-sigterm	RC1 command tampering and concurrent replay on PostgreSQL	2026-09-20T23:43:04.2023666Z {"component":"player-command","phase":"failure","correlationId":"46181834-b9f7-4cc8-acd5-ef61c02c1903","outcome":"unavailable"}
linux-sigterm	RC1 command tampering and concurrent replay on PostgreSQL	2026-09-20T23:43:04.2029539Z {"component":"player-command","phase":"response","correlationId":"46181834-b9f7-4cc8-acd5-ef61c02c1903","statusCode":400,"elapsedMs":3}
linux-sigterm	RC1 command tampering and concurrent replay on PostgreSQL	2026-09-20T23:43:04.2030271Z {"component":"player-command","phase":"request","correlationId":"6e840c49-ff1c-4e78-9e68-d76ea7d3e7ce"}
linux-sigterm	RC1 command tampering and concurrent replay on PostgreSQL	2026-09-20T23:43:04.2041152Z {"component":"player-command","phase":"authorization","correlationId":"6e840c49-ff1c-4e78-9e68-d76ea7d3e7ce","outcome":"allowed"}
linux-sigterm	RC1 command tampering and concurrent replay on PostgreSQL	2026-09-20T23:43:04.2041786Z {"component":"player-command","phase":"command","correlationId":"6e840c49-ff1c-4e78-9e68-d76ea7d3e7ce"}
linux-sigterm	RC1 command tampering and concurrent replay on PostgreSQL	2026-09-20T23:43:04.2052839Z {"component":"player-command","phase":"failure","correlationId":"6e840c49-ff1c-4e78-9e68-d76ea7d3e7ce","outcome":"unavailable"}
linux-sigterm	RC1 command tampering and concurrent replay on PostgreSQL	2026-09-20T23:43:04.2059761Z {"component":"player-command","phase":"response","correlationId":"6e840c49-ff1c-4e78-9e68-d76ea7d3e7ce","statusCode":409,"elapsedMs":3}
linux-sigterm	RC1 command tampering and concurrent replay on PostgreSQL	2026-09-20T23:43:04.2060504Z {"component":"player-command","phase":"request","correlationId":"575ec3df-4942-45b2-bcd7-e08c579b01d4"}
linux-sigterm	RC1 command tampering and concurrent replay on PostgreSQL	2026-09-20T23:43:04.2072141Z {"component":"player-command","phase":"authorization","correlationId":"575ec3df-4942-45b2-bcd7-e08c579b01d4","outcome":"allowed"}
linux-sigterm	RC1 command tampering and concurrent replay on PostgreSQL	2026-09-20T23:43:04.2073178Z {"component":"player-command","phase":"command","correlationId":"575ec3df-4942-45b2-bcd7-e08c579b01d4"}
linux-sigterm	RC1 command tampering and concurrent replay on PostgreSQL	2026-09-20T23:43:04.2087215Z {"component":"player-command","phase":"failure","correlationId":"575ec3df-4942-45b2-bcd7-e08c579b01d4","outcome":"unavailable"}
linux-sigterm	RC1 command tampering and concurrent replay on PostgreSQL	2026-09-20T23:43:04.2090606Z {"component":"player-command","phase":"response","correlationId":"575ec3df-4942-45b2-bcd7-e08c579b01d4","statusCode":409,"elapsedMs":3}
linux-sigterm	RC1 command tampering and concurrent replay on PostgreSQL	2026-09-20T23:43:04.2126796Z {"component":"player-command","phase":"request","correlationId":"e25aaae6-ed56-4ec2-9422-ee4171ff4ad7"}
linux-sigterm	RC1 command tampering and concurrent replay on PostgreSQL	2026-09-20T23:43:04.2127493Z {"component":"player-command","phase":"request","correlationId":"23425fab-1a21-4893-952d-856a4a835ae6"}
linux-sigterm	RC1 command tampering and concurrent replay on PostgreSQL	2026-09-20T23:43:04.2128138Z {"component":"player-command","phase":"request","correlationId":"67c9032c-b22a-4d83-a2fb-028309c49b71"}
linux-sigterm	RC1 command tampering and concurrent replay on PostgreSQL	2026-09-20T23:43:04.2128793Z {"component":"player-command","phase":"request","correlationId":"f2d24a56-7f85-469a-a4aa-6a12d2d65951"}
linux-sigterm	RC1 command tampering and concurrent replay on PostgreSQL	2026-09-20T23:43:04.2129429Z {"component":"player-command","phase":"request","correlationId":"5c228c2c-9eb3-42a4-824a-6c06518b75a2"}
linux-sigterm	RC1 command tampering and concurrent replay on PostgreSQL	2026-09-20T23:43:04.2129845Z {"component":"player-command","phase":"request","correlationId":"fdaca5b1-e810-48db-80dd-687eb9f91ac4"}
linux-sigterm	RC1 command tampering and concurrent replay on PostgreSQL	2026-09-20T23:43:04.2130236Z {"component":"player-command","phase":"request","correlationId":"1dbaa39f-3960-4883-a7ac-5173a5d9fbf0"}
linux-sigterm	RC1 command tampering and concurrent replay on PostgreSQL	2026-09-20T23:43:04.2130846Z {"component":"player-command","phase":"request","correlationId":"a04e69f5-3023-441f-8a7c-82672a660e18"}
linux-sigterm	RC1 command tampering and concurrent replay on PostgreSQL	2026-09-20T23:43:04.2181715Z {"component":"player-command","phase":"authorization","correlationId":"e25aaae6-ed56-4ec2-9422-ee4171ff4ad7","outcome":"allowed"}
linux-sigterm	RC1 command tampering and concurrent replay on PostgreSQL	2026-09-20T23:43:04.2182433Z {"component":"player-command","phase":"command","correlationId":"e25aaae6-ed56-4ec2-9422-ee4171ff4ad7"}
linux-sigterm	RC1 command tampering and concurrent replay on PostgreSQL	2026-09-20T23:43:04.2557136Z {"component":"player-command","phase":"authorization","correlationId":"f2d24a56-7f85-469a-a4aa-6a12d2d65951","outcome":"allowed"}
linux-sigterm	RC1 command tampering and concurrent replay on PostgreSQL	2026-09-20T23:43:04.2568923Z {"component":"player-command","phase":"command","correlationId":"f2d24a56-7f85-469a-a4aa-6a12d2d65951"}
linux-sigterm	RC1 command tampering and concurrent replay on PostgreSQL	2026-09-20T23:43:04.2580940Z {"component":"player-command","phase":"authorization","correlationId":"fdaca5b1-e810-48db-80dd-687eb9f91ac4","outcome":"allowed"}
linux-sigterm	RC1 command tampering and concurrent replay on PostgreSQL	2026-09-20T23:43:04.2587022Z {"component":"player-command","phase":"command","correlationId":"fdaca5b1-e810-48db-80dd-687eb9f91ac4"}
linux-sigterm	RC1 command tampering and concurrent replay on PostgreSQL	2026-09-20T23:43:04.2587961Z {"component":"player-command","phase":"authorization","correlationId":"5c228c2c-9eb3-42a4-824a-6c06518b75a2","outcome":"allowed"}
linux-sigterm	RC1 command tampering and concurrent replay on PostgreSQL	2026-09-20T23:43:04.2588584Z {"component":"player-command","phase":"command","correlationId":"5c228c2c-9eb3-42a4-824a-6c06518b75a2"}
linux-sigterm	RC1 command tampering and concurrent replay on PostgreSQL	2026-09-20T23:43:04.2589197Z {"component":"player-command","phase":"authorization","correlationId":"67c9032c-b22a-4d83-a2fb-028309c49b71","outcome":"allowed"}
linux-sigterm	RC1 command tampering and concurrent replay on PostgreSQL	2026-09-20T23:43:04.2589760Z {"component":"player-command","phase":"command","correlationId":"67c9032c-b22a-4d83-a2fb-028309c49b71"}
linux-sigterm	RC1 command tampering and concurrent replay on PostgreSQL	2026-09-20T23:43:04.2590626Z {"component":"player-command","phase":"authorization","correlationId":"23425fab-1a21-4893-952d-856a4a835ae6","outcome":"allowed"}
linux-sigterm	RC1 command tampering and concurrent replay on PostgreSQL	2026-09-20T23:43:04.2591181Z {"component":"player-command","phase":"command","correlationId":"23425fab-1a21-4893-952d-856a4a835ae6"}
linux-sigterm	RC1 command tampering and concurrent replay on PostgreSQL	2026-09-20T23:43:04.2591749Z {"component":"player-command","phase":"authorization","correlationId":"1dbaa39f-3960-4883-a7ac-5173a5d9fbf0","outcome":"allowed"}
linux-sigterm	RC1 command tampering and concurrent replay on PostgreSQL	2026-09-20T23:43:04.2592302Z {"component":"player-command","phase":"command","correlationId":"1dbaa39f-3960-4883-a7ac-5173a5d9fbf0"}
linux-sigterm	RC1 command tampering and concurrent replay on PostgreSQL	2026-09-20T23:43:04.2638240Z {"component":"player-command","phase":"failure","correlationId":"f2d24a56-7f85-469a-a4aa-6a12d2d65951","outcome":"unavailable"}
linux-sigterm	RC1 command tampering and concurrent replay on PostgreSQL	2026-09-20T23:43:04.2640617Z {"component":"player-command","phase":"failure","correlationId":"67c9032c-b22a-4d83-a2fb-028309c49b71","outcome":"unavailable"}
linux-sigterm	RC1 command tampering and concurrent replay on PostgreSQL	2026-09-20T23:43:04.2647623Z {"component":"player-command","phase":"failure","correlationId":"5c228c2c-9eb3-42a4-824a-6c06518b75a2","outcome":"unavailable"}
linux-sigterm	RC1 command tampering and concurrent replay on PostgreSQL	2026-09-20T23:43:04.2653122Z {"component":"player-command","phase":"response","correlationId":"f2d24a56-7f85-469a-a4aa-6a12d2d65951","statusCode":409,"elapsedMs":52}
linux-sigterm	RC1 command tampering and concurrent replay on PostgreSQL	2026-09-20T23:43:04.2654459Z {"component":"player-command","phase":"response","correlationId":"67c9032c-b22a-4d83-a2fb-028309c49b71","statusCode":409,"elapsedMs":53}
linux-sigterm	RC1 command tampering and concurrent replay on PostgreSQL	2026-09-20T23:43:04.2655304Z {"component":"player-command","phase":"failure","correlationId":"fdaca5b1-e810-48db-80dd-687eb9f91ac4","outcome":"unavailable"}
linux-sigterm	RC1 command tampering and concurrent replay on PostgreSQL	2026-09-20T23:43:04.2660744Z {"component":"player-command","phase":"response","correlationId":"5c228c2c-9eb3-42a4-824a-6c06518b75a2","statusCode":409,"elapsedMs":53}
linux-sigterm	RC1 command tampering and concurrent replay on PostgreSQL	2026-09-20T23:43:04.2673185Z {"component":"player-command","phase":"response","correlationId":"fdaca5b1-e810-48db-80dd-687eb9f91ac4","statusCode":409,"elapsedMs":54}
linux-sigterm	RC1 command tampering and concurrent replay on PostgreSQL	2026-09-20T23:43:04.2674257Z {"component":"player-command","phase":"failure","correlationId":"1dbaa39f-3960-4883-a7ac-5173a5d9fbf0","outcome":"unavailable"}
linux-sigterm	RC1 command tampering and concurrent replay on PostgreSQL	2026-09-20T23:43:04.2699875Z {"component":"player-command","phase":"response","correlationId":"1dbaa39f-3960-4883-a7ac-5173a5d9fbf0","statusCode":409,"elapsedMs":57}
linux-sigterm	RC1 command tampering and concurrent replay on PostgreSQL	2026-09-20T23:43:04.2702515Z {"component":"player-command","phase":"failure","correlationId":"23425fab-1a21-4893-952d-856a4a835ae6","outcome":"unavailable"}
linux-sigterm	RC1 command tampering and concurrent replay on PostgreSQL	2026-09-20T23:43:04.2711464Z {"component":"player-command","phase":"response","correlationId":"23425fab-1a21-4893-952d-856a4a835ae6","statusCode":409,"elapsedMs":58}
linux-sigterm	RC1 command tampering and concurrent replay on PostgreSQL	2026-09-20T23:43:04.2713902Z {"component":"player-command","phase":"authorization","correlationId":"a04e69f5-3023-441f-8a7c-82672a660e18","outcome":"allowed"}
linux-sigterm	RC1 command tampering and concurrent replay on PostgreSQL	2026-09-20T23:43:04.2714778Z {"component":"player-command","phase":"command","correlationId":"a04e69f5-3023-441f-8a7c-82672a660e18"}
linux-sigterm	RC1 command tampering and concurrent replay on PostgreSQL	2026-09-20T23:43:04.2748716Z {"component":"player-command","phase":"failure","correlationId":"a04e69f5-3023-441f-8a7c-82672a660e18","outcome":"unavailable"}
linux-sigterm	RC1 command tampering and concurrent replay on PostgreSQL	2026-09-20T23:43:04.2753941Z {"component":"player-command","phase":"response","correlationId":"a04e69f5-3023-441f-8a7c-82672a660e18","statusCode":409,"elapsedMs":62}
linux-sigterm	RC1 command tampering and concurrent replay on PostgreSQL	2026-09-20T23:43:04.2944340Z {"component":"player-command","phase":"mutation","correlationId":"e25aaae6-ed56-4ec2-9422-ee4171ff4ad7","outcome":"completed","replayed":false}
linux-sigterm	RC1 command tampering and concurrent replay on PostgreSQL	2026-09-20T23:43:04.3267703Z {"component":"player-command","phase":"consequence","correlationId":"e25aaae6-ed56-4ec2-9422-ee4171ff4ad7","replayed":false,"changes":3}
linux-sigterm	RC1 command tampering and concurrent replay on PostgreSQL	2026-09-20T23:43:04.3268328Z {"component":"player-command","phase":"opportunity","correlationId":"e25aaae6-ed56-4ec2-9422-ee4171ff4ad7","replayed":false,"changes":1}
linux-sigterm	RC1 command tampering and concurrent replay on PostgreSQL	2026-09-20T23:43:04.3317319Z {"component":"player-command","phase":"request","correlationId":"e73334b8-934e-4127-b81e-d3a3b0340623"}
linux-sigterm	RC1 command tampering and concurrent replay on PostgreSQL	2026-09-20T23:43:04.3377400Z {"component":"player-command","phase":"response","correlationId":"e25aaae6-ed56-4ec2-9422-ee4171ff4ad7","statusCode":200,"elapsedMs":117}
linux-sigterm	RC1 command tampering and concurrent replay on PostgreSQL	2026-09-20T23:43:04.3459374Z {"component":"player-command","phase":"authorization","correlationId":"e73334b8-934e-4127-b81e-d3a3b0340623","outcome":"allowed"}
linux-sigterm	RC1 command tampering and concurrent replay on PostgreSQL	2026-09-20T23:43:04.3460311Z {"component":"player-command","phase":"command","correlationId":"e73334b8-934e-4127-b81e-d3a3b0340623"}
linux-sigterm	RC1 command tampering and concurrent replay on PostgreSQL	2026-09-20T23:43:04.3472252Z {"component":"player-command","phase":"mutation","correlationId":"e73334b8-934e-4127-b81e-d3a3b0340623","outcome":"completed","replayed":true}
linux-sigterm	RC1 command tampering and concurrent replay on PostgreSQL	2026-09-20T23:43:04.3681379Z {"component":"player-command","phase":"consequence","correlationId":"e73334b8-934e-4127-b81e-d3a3b0340623","replayed":true,"changes":0}
linux-sigterm	RC1 command tampering and concurrent replay on PostgreSQL	2026-09-20T23:43:04.3682038Z {"component":"player-command","phase":"opportunity","correlationId":"e73334b8-934e-4127-b81e-d3a3b0340623","replayed":true,"changes":0}
linux-sigterm	RC1 command tampering and concurrent replay on PostgreSQL	2026-09-20T23:43:04.3697164Z {"component":"player-command","phase":"response","correlationId":"e73334b8-934e-4127-b81e-d3a3b0340623","statusCode":200,"elapsedMs":40}
linux-sigterm	RC1 command tampering and concurrent replay on PostgreSQL	2026-09-20T23:43:04.3750892Z ⚠️  preflight: Neither PUBLIC_URL nor SOCIAL_GAME_URL is set — every referral link, share prompt and social card will point at the built-in default domain, not yours. Set PUBLIC_URL to this server's own origin (it is also what one-click X sign-in derives its callback from).
linux-sigterm	RC1 command tampering and concurrent replay on PostgreSQL	2026-09-20T23:43:04.3753490Z ⚠️  preflight: INVARIANT_WEBHOOK_URL is not set — the §10.4 economy-drift, backup-failure, oracle-halt and real-value-invariant alarms have nowhere to shout and reach only a log line. Set it (a Slack/Discord webhook) on BOTH processes: the worker fires most alarms, and the API is the only one that can page when the WORKER is dead.
linux-sigterm	RC1 command tampering and concurrent replay on PostgreSQL	2026-09-20T23:43:05.7178411Z [db] Postgres ready — column migration ran 2956 ADD COLUMN IF NOT EXISTS statements.
linux-sigterm	RC1 command tampering and concurrent replay on PostgreSQL	2026-09-20T23:43:05.8430645Z {"component":"player-command","phase":"request","correlationId":"28380b5a-1610-4ee0-9591-ef5a13a02363"}
linux-sigterm	RC1 command tampering and concurrent replay on PostgreSQL	2026-09-20T23:43:05.8508554Z {"component":"player-command","phase":"authorization","correlationId":"28380b5a-1610-4ee0-9591-ef5a13a02363","outcome":"allowed"}
linux-sigterm	RC1 command tampering and concurrent replay on PostgreSQL	2026-09-20T23:43:05.8509408Z {"component":"player-command","phase":"command","correlationId":"28380b5a-1610-4ee0-9591-ef5a13a02363"}
linux-sigterm	RC1 command tampering and concurrent replay on PostgreSQL	2026-09-20T23:43:05.8523786Z {"component":"player-command","phase":"mutation","correlationId":"28380b5a-1610-4ee0-9591-ef5a13a02363","outcome":"completed","replayed":true}
linux-sigterm	RC1 command tampering and concurrent replay on PostgreSQL	2026-09-20T23:43:05.8759822Z {"component":"player-command","phase":"consequence","correlationId":"28380b5a-1610-4ee0-9591-ef5a13a02363","replayed":true,"changes":0}
linux-sigterm	RC1 command tampering and concurrent replay on PostgreSQL	2026-09-20T23:43:05.8760844Z {"component":"player-command","phase":"opportunity","correlationId":"28380b5a-1610-4ee0-9591-ef5a13a02363","replayed":true,"changes":0}
linux-sigterm	RC1 command tampering and concurrent replay on PostgreSQL	2026-09-20T23:43:05.8773825Z {"component":"player-command","phase":"response","correlationId":"28380b5a-1610-4ee0-9591-ef5a13a02363","statusCode":200,"elapsedMs":34}
linux-sigterm	RC1 command tampering and concurrent replay on PostgreSQL	2026-09-20T23:43:05.8833350Z {"gate":"RC1 command HTTP redteam","database":"real PostgreSQL","deniedCases":42,"concurrentRequests":8,"concurrentStatuses":[200,409,409,409,409,409,409,409],"freshExecutions":1,"uniqueMysteryInstances":1,"restartReplay":true,"gameStateUnchangedOnDenialAndReplay":true,"status":"PASS"}
linux-sigterm	Install Chromium for the real PostgreSQL phone journey	﻿2026-09-20T23:43:06.1117434Z ##[group]Run npx playwright-core install --with-deps chromium
linux-sigterm	Install Chromium for the real PostgreSQL phone journey	2026-09-20T23:43:06.1117723Z ^[[36;1mnpx playwright-core install --with-deps chromium^[[0m
linux-sigterm	Install Chromium for the real PostgreSQL phone journey	2026-09-20T23:43:06.1148211Z shell: /usr/bin/bash -e {0}
linux-sigterm	Install Chromium for the real PostgreSQL phone journey	2026-09-20T23:43:06.1148359Z env:
linux-sigterm	Install Chromium for the real PostgreSQL phone journey	2026-09-20T23:43:06.1148679Z   COORDINATION_TEST_DATABASE_URL: ***127.0.0.1:5432/rc1_recovery
linux-sigterm	Install Chromium for the real PostgreSQL phone journey	2026-09-20T23:43:06.1148947Z   DATABASE_URL: ***127.0.0.1:5432/rc1_recovery
linux-sigterm	Install Chromium for the real PostgreSQL phone journey	2026-09-20T23:43:06.1149176Z   RC1_SHUTDOWN_EVIDENCE: /home/runner/work/Omerta/Omerta/tmp/rc1-linux-recovery
linux-sigterm	Install Chromium for the real PostgreSQL phone journey	2026-09-20T23:43:06.1149400Z ##[endgroup]
linux-sigterm	Install Chromium for the real PostgreSQL phone journey	2026-09-20T23:43:06.5100071Z Installing dependencies...
linux-sigterm	Install Chromium for the real PostgreSQL phone journey	2026-09-20T23:43:06.5161876Z Switching to root user to install dependencies...
linux-sigterm	Install Chromium for the real PostgreSQL phone journey	2026-09-20T23:43:06.6181817Z Get:1 file:/etc/apt/apt-mirrors.txt Mirrorlist [144 B]
linux-sigterm	Install Chromium for the real PostgreSQL phone journey	2026-09-20T23:43:06.6938804Z Hit:2 http://azure.archive.ubuntu.com/ubuntu noble InRelease
linux-sigterm	Install Chromium for the real PostgreSQL phone journey	2026-09-20T23:43:06.6939301Z Get:6 https://packages.microsoft.com/ubuntu/24.04/prod noble InRelease [3600 B]
linux-sigterm	Install Chromium for the real PostgreSQL phone journey	2026-09-20T23:43:06.6948849Z Get:3 http://azure.archive.ubuntu.com/ubuntu noble-updates InRelease [126 kB]
linux-sigterm	Install Chromium for the real PostgreSQL phone journey	2026-09-20T23:43:06.6980338Z Get:4 http://azure.archive.ubuntu.com/ubuntu noble-backports InRelease [126 kB]
linux-sigterm	Install Chromium for the real PostgreSQL phone journey	2026-09-20T23:43:06.7080183Z Get:5 http://azure.archive.ubuntu.com/ubuntu noble-security InRelease [126 kB]
linux-sigterm	Install Chromium for the real PostgreSQL phone journey	2026-09-20T23:43:06.7160349Z Get:7 https://dl.google.com/linux/chrome-stable/deb stable InRelease [2548 B]
linux-sigterm	Install Chromium for the real PostgreSQL phone journey	2026-09-20T23:43:06.8745702Z Get:8 https://packages.microsoft.com/ubuntu/24.04/prod noble/main arm64 Packages [429 kB]
linux-sigterm	Install Chromium for the real PostgreSQL phone journey	2026-09-20T23:43:06.8922235Z Get:9 https://packages.microsoft.com/ubuntu/24.04/prod noble/main amd64 Packages [478 kB]
linux-sigterm	Install Chromium for the real PostgreSQL phone journey	2026-09-20T23:43:06.9087111Z Get:10 http://azure.archive.ubuntu.com/ubuntu noble-updates/main amd64 Packages [1275 kB]
linux-sigterm	Install Chromium for the real PostgreSQL phone journey	2026-09-20T23:43:06.9147763Z Get:11 http://azure.archive.ubuntu.com/ubuntu noble-updates/main Translation-en [294 kB]
linux-sigterm	Install Chromium for the real PostgreSQL phone journey	2026-09-20T23:43:06.9178410Z Get:12 http://azure.archive.ubuntu.com/ubuntu noble-updates/main amd64 Components [180 kB]
linux-sigterm	Install Chromium for the real PostgreSQL phone journey	2026-09-20T23:43:06.9208140Z Get:13 http://azure.archive.ubuntu.com/ubuntu noble-updates/universe amd64 Packages [1689 kB]
linux-sigterm	Install Chromium for the real PostgreSQL phone journey	2026-09-20T23:43:06.9267413Z Get:14 http://azure.archive.ubuntu.com/ubuntu noble-updates/universe Translation-en [338 kB]
linux-sigterm	Install Chromium for the real PostgreSQL phone journey	2026-09-20T23:43:06.9273748Z Get:15 http://azure.archive.ubuntu.com/ubuntu noble-updates/universe amd64 Components [388 kB]
linux-sigterm	Install Chromium for the real PostgreSQL phone journey	2026-09-20T23:43:06.9296668Z Get:16 http://azure.archive.ubuntu.com/ubuntu noble-updates/restricted amd64 Packages [1580 kB]
linux-sigterm	Install Chromium for the real PostgreSQL phone journey	2026-09-20T23:43:06.9363522Z Get:17 http://azure.archive.ubuntu.com/ubuntu noble-updates/restricted Translation-en [359 kB]
linux-sigterm	Install Chromium for the real PostgreSQL phone journey	2026-09-20T23:43:06.9385782Z Get:18 http://azure.archive.ubuntu.com/ubuntu noble-updates/multiverse amd64 Packages [45.7 kB]
linux-sigterm	Install Chromium for the real PostgreSQL phone journey	2026-09-20T23:43:06.9396240Z Get:19 http://azure.archive.ubuntu.com/ubuntu noble-updates/multiverse Translation-en [13.1 kB]
linux-sigterm	Install Chromium for the real PostgreSQL phone journey	2026-09-20T23:43:06.9827796Z Get:20 http://azure.archive.ubuntu.com/ubuntu noble-updates/multiverse amd64 Components [940 B]
linux-sigterm	Install Chromium for the real PostgreSQL phone journey	2026-09-20T23:43:06.9833942Z Get:21 http://azure.archive.ubuntu.com/ubuntu noble-backports/main amd64 Packages [65.9 kB]
linux-sigterm	Install Chromium for the real PostgreSQL phone journey	2026-09-20T23:43:06.9847500Z Get:22 http://azure.archive.ubuntu.com/ubuntu noble-backports/main amd64 Components [5768 B]
linux-sigterm	Install Chromium for the real PostgreSQL phone journey	2026-09-20T23:43:06.9859100Z Get:23 http://azure.archive.ubuntu.com/ubuntu noble-backports/universe amd64 Packages [34.6 kB]
linux-sigterm	Install Chromium for the real PostgreSQL phone journey	2026-09-20T23:43:06.9889820Z Get:24 http://azure.archive.ubuntu.com/ubuntu noble-backports/universe Translation-en [18.7 kB]
linux-sigterm	Install Chromium for the real PostgreSQL phone journey	2026-09-20T23:43:06.9909259Z Get:25 http://azure.archive.ubuntu.com/ubuntu noble-backports/universe amd64 Components [12.6 kB]
linux-sigterm	Install Chromium for the real PostgreSQL phone journey	2026-09-20T23:43:06.9997302Z Get:26 http://azure.archive.ubuntu.com/ubuntu noble-security/main amd64 Packages [1009 kB]
linux-sigterm	Install Chromium for the real PostgreSQL phone journey	2026-09-20T23:43:07.0015370Z Get:27 http://azure.archive.ubuntu.com/ubuntu noble-security/main Translation-en [214 kB]
linux-sigterm	Install Chromium for the real PostgreSQL phone journey	2026-09-20T23:43:07.0033254Z Get:28 http://azure.archive.ubuntu.com/ubuntu noble-security/main amd64 Components [46.4 kB]
linux-sigterm	Install Chromium for the real PostgreSQL phone journey	2026-09-20T23:43:07.0067018Z Get:29 http://azure.archive.ubuntu.com/ubuntu noble-security/universe amd64 Packages [1208 kB]
linux-sigterm	Install Chromium for the real PostgreSQL phone journey	2026-09-20T23:43:07.0101605Z Get:30 http://azure.archive.ubuntu.com/ubuntu noble-security/universe Translation-en [243 kB]
linux-sigterm	Install Chromium for the real PostgreSQL phone journey	2026-09-20T23:43:07.0113516Z Get:31 http://azure.archive.ubuntu.com/ubuntu noble-security/universe amd64 Components [76.2 kB]
linux-sigterm	Install Chromium for the real PostgreSQL phone journey	2026-09-20T23:43:07.0123784Z Get:32 http://azure.archive.ubuntu.com/ubuntu noble-security/restricted amd64 Packages [1449 kB]
linux-sigterm	Install Chromium for the real PostgreSQL phone journey	2026-09-20T23:43:07.0192822Z Get:33 http://azure.archive.ubuntu.com/ubuntu noble-security/restricted Translation-en [336 kB]
linux-sigterm	Install Chromium for the real PostgreSQL phone journey	2026-09-20T23:43:07.0509231Z Get:35 https://dl.google.com/linux/chrome-stable/deb stable/main amd64 Packages [1408 B]
linux-sigterm	Install Chromium for the real PostgreSQL phone journey	2026-09-20T23:43:07.0619499Z Get:34 http://azure.archive.ubuntu.com/ubuntu noble-security/multiverse Translation-en [11.3 kB]
linux-sigterm	Install Chromium for the real PostgreSQL phone journey	2026-09-20T23:43:12.1404822Z Fetched 12.2 MB in 1s (10.8 MB/s)
linux-sigterm	Install Chromium for the real PostgreSQL phone journey	2026-09-20T23:43:12.7104093Z Reading package lists...
linux-sigterm	Install Chromium for the real PostgreSQL phone journey	2026-09-20T23:43:12.7298993Z Reading package lists...
linux-sigterm	Install Chromium for the real PostgreSQL phone journey	2026-09-20T23:43:12.9163435Z Building dependency tree...
linux-sigterm	Install Chromium for the real PostgreSQL phone journey	2026-09-20T23:43:12.9168775Z Reading state information...
linux-sigterm	Install Chromium for the real PostgreSQL phone journey	2026-09-20T23:43:13.1040145Z libasound2t64 is already the newest version (1.2.11-1ubuntu0.3).
linux-sigterm	Install Chromium for the real PostgreSQL phone journey	2026-09-20T23:43:13.1040779Z libasound2t64 set to manually installed.
linux-sigterm	Install Chromium for the real PostgreSQL phone journey	2026-09-20T23:43:13.1041289Z libatk-bridge2.0-0t64 is already the newest version (2.52.0-1build1).
linux-sigterm	Install Chromium for the real PostgreSQL phone journey	2026-09-20T23:43:13.1041837Z libatk-bridge2.0-0t64 set to manually installed.
linux-sigterm	Install Chromium for the real PostgreSQL phone journey	2026-09-20T23:43:13.1042319Z libatk1.0-0t64 is already the newest version (2.52.0-1build1).
linux-sigterm	Install Chromium for the real PostgreSQL phone journey	2026-09-20T23:43:13.1042747Z libatk1.0-0t64 set to manually installed.
linux-sigterm	Install Chromium for the real PostgreSQL phone journey	2026-09-20T23:43:13.1043262Z libatspi2.0-0t64 is already the newest version (2.52.0-1build1).
linux-sigterm	Install Chromium for the real PostgreSQL phone journey	2026-09-20T23:43:13.1043722Z libatspi2.0-0t64 set to manually installed.
linux-sigterm	Install Chromium for the real PostgreSQL phone journey	2026-09-20T23:43:13.1044168Z libcairo2 is already the newest version (1.18.0-3build1).
linux-sigterm	Install Chromium for the real PostgreSQL phone journey	2026-09-20T23:43:13.1044589Z libcairo2 set to manually installed.
linux-sigterm	Install Chromium for the real PostgreSQL phone journey	2026-09-20T23:43:13.1045057Z libcups2t64 is already the newest version (2.4.7-1.2ubuntu7.14).
linux-sigterm	Install Chromium for the real PostgreSQL phone journey	2026-09-20T23:43:13.1045518Z libcups2t64 set to manually installed.
linux-sigterm	Install Chromium for the real PostgreSQL phone journey	2026-09-20T23:43:13.1045996Z libdbus-1-3 is already the newest version (1.14.10-4ubuntu4.1).
linux-sigterm	Install Chromium for the real PostgreSQL phone journey	2026-09-20T23:43:13.1046639Z libdbus-1-3 set to manually installed.
linux-sigterm	Install Chromium for the real PostgreSQL phone journey	2026-09-20T23:43:13.1047104Z libdrm2 is already the newest version (2.4.125-1ubuntu0.1~24.04.2).
linux-sigterm	Install Chromium for the real PostgreSQL phone journey	2026-09-20T23:43:13.1047454Z libdrm2 set to manually installed.
linux-sigterm	Install Chromium for the real PostgreSQL phone journey	2026-09-20T23:43:13.1047785Z libgbm1 is already the newest version (25.2.8-0ubuntu0.24.04.2).
linux-sigterm	Install Chromium for the real PostgreSQL phone journey	2026-09-20T23:43:13.1048100Z libgbm1 set to manually installed.
linux-sigterm	Install Chromium for the real PostgreSQL phone journey	2026-09-20T23:43:13.1048431Z libglib2.0-0t64 is already the newest version (2.80.0-6ubuntu3.8).
linux-sigterm	Install Chromium for the real PostgreSQL phone journey	2026-09-20T23:43:13.1048689Z libglib2.0-0t64 set to manually installed.
linux-sigterm	Install Chromium for the real PostgreSQL phone journey	2026-09-20T23:43:13.1048920Z libnspr4 is already the newest version (2:4.35-1.1build1).
linux-sigterm	Install Chromium for the real PostgreSQL phone journey	2026-09-20T23:43:13.1049125Z libnspr4 set to manually installed.
linux-sigterm	Install Chromium for the real PostgreSQL phone journey	2026-09-20T23:43:13.1049330Z libnss3 is already the newest version (2:3.98-1ubuntu0.2).
linux-sigterm	Install Chromium for the real PostgreSQL phone journey	2026-09-20T23:43:13.1049536Z libnss3 set to manually installed.
linux-sigterm	Install Chromium for the real PostgreSQL phone journey	2026-09-20T23:43:13.1049751Z libpango-1.0-0 is already the newest version (1.52.1+ds-1build1).
linux-sigterm	Install Chromium for the real PostgreSQL phone journey	2026-09-20T23:43:13.1049974Z libpango-1.0-0 set to manually installed.
linux-sigterm	Install Chromium for the real PostgreSQL phone journey	2026-09-20T23:43:13.1050190Z libx11-6 is already the newest version (2:1.8.7-1build1).
linux-sigterm	Install Chromium for the real PostgreSQL phone journey	2026-09-20T23:43:13.1050386Z libx11-6 set to manually installed.
linux-sigterm	Install Chromium for the real PostgreSQL phone journey	2026-09-20T23:43:13.1050578Z libxcb1 is already the newest version (1.15-1ubuntu2).
linux-sigterm	Install Chromium for the real PostgreSQL phone journey	2026-09-20T23:43:13.1050843Z libxcb1 set to manually installed.
linux-sigterm	Install Chromium for the real PostgreSQL phone journey	2026-09-20T23:43:13.1051173Z libxcomposite1 is already the newest version (1:0.4.5-1build3).
linux-sigterm	Install Chromium for the real PostgreSQL phone journey	2026-09-20T23:43:13.1051393Z libxcomposite1 set to manually installed.
linux-sigterm	Install Chromium for the real PostgreSQL phone journey	2026-09-20T23:43:13.1051931Z libxdamage1 is already the newest version (1:1.1.6-1build1).
linux-sigterm	Install Chromium for the real PostgreSQL phone journey	2026-09-20T23:43:13.1052137Z libxdamage1 set to manually installed.
linux-sigterm	Install Chromium for the real PostgreSQL phone journey	2026-09-20T23:43:13.1052340Z libxext6 is already the newest version (2:1.3.4-1build2).
linux-sigterm	Install Chromium for the real PostgreSQL phone journey	2026-09-20T23:43:13.1052533Z libxext6 set to manually installed.
linux-sigterm	Install Chromium for the real PostgreSQL phone journey	2026-09-20T23:43:13.1052740Z libxfixes3 is already the newest version (1:6.0.0-2build1).
linux-sigterm	Install Chromium for the real PostgreSQL phone journey	2026-09-20T23:43:13.1052943Z libxfixes3 set to manually installed.
linux-sigterm	Install Chromium for the real PostgreSQL phone journey	2026-09-20T23:43:13.1053272Z libxkbcommon0 is already the newest version (1.6.0-1build1).
linux-sigterm	Install Chromium for the real PostgreSQL phone journey	2026-09-20T23:43:13.1053484Z libxkbcommon0 set to manually installed.
linux-sigterm	Install Chromium for the real PostgreSQL phone journey	2026-09-20T23:43:13.1053764Z libxrandr2 is already the newest version (2:1.5.2-2build1).
linux-sigterm	Install Chromium for the real PostgreSQL phone journey	2026-09-20T23:43:13.1054012Z libxrandr2 set to manually installed.
linux-sigterm	Install Chromium for the real PostgreSQL phone journey	2026-09-20T23:43:13.1054230Z xvfb is already the newest version (2:21.1.12-1ubuntu1.6).
linux-sigterm	Install Chromium for the real PostgreSQL phone journey	2026-09-20T23:43:13.1054515Z fonts-noto-color-emoji is already the newest version (2.047-0ubuntu0.24.04.1).
linux-sigterm	Install Chromium for the real PostgreSQL phone journey	2026-09-20T23:43:13.1054816Z libfontconfig1 is already the newest version (2.15.0-1.1ubuntu2).
linux-sigterm	Install Chromium for the real PostgreSQL phone journey	2026-09-20T23:43:13.1055047Z libfontconfig1 set to manually installed.
linux-sigterm	Install Chromium for the real PostgreSQL phone journey	2026-09-20T23:43:13.1055282Z libfreetype6 is already the newest version (2.13.2+dfsg-1ubuntu0.1).
linux-sigterm	Install Chromium for the real PostgreSQL phone journey	2026-09-20T23:43:13.1055506Z libfreetype6 set to manually installed.
linux-sigterm	Install Chromium for the real PostgreSQL phone journey	2026-09-20T23:43:13.1055736Z fonts-liberation is already the newest version (1:2.1.5-3).
linux-sigterm	Install Chromium for the real PostgreSQL phone journey	2026-09-20T23:43:13.1056048Z fonts-liberation set to manually installed.
linux-sigterm	Install Chromium for the real PostgreSQL phone journey	2026-09-20T23:43:13.1056536Z The following additional packages will be installed:
linux-sigterm	Install Chromium for the real PostgreSQL phone journey	2026-09-20T23:43:13.1056846Z   xfonts-encodings xfonts-utils
linux-sigterm	Install Chromium for the real PostgreSQL phone journey	2026-09-20T23:43:13.1057222Z Recommended packages:
linux-sigterm	Install Chromium for the real PostgreSQL phone journey	2026-09-20T23:43:13.1057506Z   fonts-ipafont-mincho fonts-tlwg-loma
linux-sigterm	Install Chromium for the real PostgreSQL phone journey	2026-09-20T23:43:13.3198585Z The following NEW packages will be installed:
linux-sigterm	Install Chromium for the real PostgreSQL phone journey	2026-09-20T23:43:13.3199233Z   fonts-freefont-ttf fonts-ipafont-gothic fonts-tlwg-loma-otf fonts-unifont
linux-sigterm	Install Chromium for the real PostgreSQL phone journey	2026-09-20T23:43:13.3206259Z   fonts-wqy-zenhei xfonts-cyrillic xfonts-encodings xfonts-scalable
linux-sigterm	Install Chromium for the real PostgreSQL phone journey	2026-09-20T23:43:13.3206854Z   xfonts-utils
linux-sigterm	Install Chromium for the real PostgreSQL phone journey	2026-09-20T23:43:13.3378201Z 0 upgraded, 9 newly installed, 0 to remove and 73 not upgraded.
linux-sigterm	Install Chromium for the real PostgreSQL phone journey	2026-09-20T23:43:13.3378654Z Need to get 21.1 MB of archives.
linux-sigterm	Install Chromium for the real PostgreSQL phone journey	2026-09-20T23:43:13.3379026Z After this operation, 79.5 MB of additional disk space will be used.
linux-sigterm	Install Chromium for the real PostgreSQL phone journey	2026-09-20T23:43:13.3379453Z Get:1 file:/etc/apt/apt-mirrors.txt Mirrorlist [144 B]
linux-sigterm	Install Chromium for the real PostgreSQL phone journey	2026-09-20T23:43:13.4409004Z Get:2 http://azure.archive.ubuntu.com/ubuntu noble/universe amd64 fonts-ipafont-gothic all 00303-21ubuntu1 [3513 kB]
linux-sigterm	Install Chromium for the real PostgreSQL phone journey	2026-09-20T23:43:13.5876716Z Get:3 http://azure.archive.ubuntu.com/ubuntu noble/main amd64 fonts-freefont-ttf all 20211204+svn4273-2 [5641 kB]
linux-sigterm	Install Chromium for the real PostgreSQL phone journey	2026-09-20T23:43:13.7836934Z Get:4 http://azure.archive.ubuntu.com/ubuntu noble/universe amd64 fonts-tlwg-loma-otf all 1:0.7.3-1 [107 kB]
linux-sigterm	Install Chromium for the real PostgreSQL phone journey	2026-09-20T23:43:13.8558055Z Get:5 http://azure.archive.ubuntu.com/ubuntu noble/universe amd64 fonts-unifont all 1:15.1.01-1build1 [2993 kB]
linux-sigterm	Install Chromium for the real PostgreSQL phone journey	2026-09-20T23:43:13.9927122Z Get:6 http://azure.archive.ubuntu.com/ubuntu noble/universe amd64 fonts-wqy-zenhei all 0.9.45-8 [7472 kB]
linux-sigterm	Install Chromium for the real PostgreSQL phone journey	2026-09-20T23:43:14.2299410Z Get:7 http://azure.archive.ubuntu.com/ubuntu noble/main amd64 xfonts-encodings all 1:1.0.5-0ubuntu2 [578 kB]
linux-sigterm	Install Chromium for the real PostgreSQL phone journey	2026-09-20T23:43:14.3123655Z Get:8 http://azure.archive.ubuntu.com/ubuntu noble/main amd64 xfonts-utils amd64 1:7.7+6build3 [94.4 kB]
linux-sigterm	Install Chromium for the real PostgreSQL phone journey	2026-09-20T23:43:14.3838542Z Get:9 http://azure.archive.ubuntu.com/ubuntu noble/universe amd64 xfonts-cyrillic all 1:1.0.5+nmu1 [384 kB]
linux-sigterm	Install Chromium for the real PostgreSQL phone journey	2026-09-20T23:43:14.4623503Z Get:10 http://azure.archive.ubuntu.com/ubuntu noble/main amd64 xfonts-scalable all 1:1.0.3-1.3 [304 kB]
linux-sigterm	Install Chromium for the real PostgreSQL phone journey	2026-09-20T23:43:14.6760672Z Fetched 21.1 MB in 1s (18.5 MB/s)
linux-sigterm	Install Chromium for the real PostgreSQL phone journey	2026-09-20T23:43:14.6941825Z Selecting previously unselected package fonts-ipafont-gothic.
linux-sigterm	Install Chromium for the real PostgreSQL phone journey	2026-09-20T23:43:14.7939079Z (Reading database ... 
linux-sigterm	Install Chromium for the real PostgreSQL phone journey	2026-09-20T23:43:14.7939350Z (Reading database ... 5%
linux-sigterm	Install Chromium for the real PostgreSQL phone journey	2026-09-20T23:43:14.7939512Z (Reading database ... 10%
linux-sigterm	Install Chromium for the real PostgreSQL phone journey	2026-09-20T23:43:14.7939657Z (Reading database ... 15%
linux-sigterm	Install Chromium for the real PostgreSQL phone journey	2026-09-20T23:43:14.7939809Z (Reading database ... 20%
linux-sigterm	Install Chromium for the real PostgreSQL phone journey	2026-09-20T23:43:14.7940373Z (Reading database ... 25%
linux-sigterm	Install Chromium for the real PostgreSQL phone journey	2026-09-20T23:43:14.7940614Z (Reading database ... 30%
linux-sigterm	Install Chromium for the real PostgreSQL phone journey	2026-09-20T23:43:14.7940851Z (Reading database ... 35%
linux-sigterm	Install Chromium for the real PostgreSQL phone journey	2026-09-20T23:43:14.7941084Z (Reading database ... 40%
linux-sigterm	Install Chromium for the real PostgreSQL phone journey	2026-09-20T23:43:14.7941319Z (Reading database ... 45%
linux-sigterm	Install Chromium for the real PostgreSQL phone journey	2026-09-20T23:43:14.7941549Z (Reading database ... 50%
linux-sigterm	Install Chromium for the real PostgreSQL phone journey	2026-09-20T23:43:14.7977879Z (Reading database ... 55%
linux-sigterm	Install Chromium for the real PostgreSQL phone journey	2026-09-20T23:43:14.9591003Z (Reading database ... 60%
linux-sigterm	Install Chromium for the real PostgreSQL phone journey	2026-09-20T23:43:15.1440587Z (Reading database ... 65%
linux-sigterm	Install Chromium for the real PostgreSQL phone journey	2026-09-20T23:43:15.5288797Z (Reading database ... 70%
linux-sigterm	Install Chromium for the real PostgreSQL phone journey	2026-09-20T23:43:15.6509929Z (Reading database ... 75%
linux-sigterm	Install Chromium for the real PostgreSQL phone journey	2026-09-20T23:43:15.8746503Z (Reading database ... 80%
linux-sigterm	Install Chromium for the real PostgreSQL phone journey	2026-09-20T23:43:16.1059314Z (Reading database ... 85%
linux-sigterm	Install Chromium for the real PostgreSQL phone journey	2026-09-20T23:43:16.3962358Z (Reading database ... 90%
linux-sigterm	Install Chromium for the real PostgreSQL phone journey	2026-09-20T23:43:16.5582079Z (Reading database ... 95%
linux-sigterm	Install Chromium for the real PostgreSQL phone journey	2026-09-20T23:43:16.5582347Z (Reading database ... 100%
linux-sigterm	Install Chromium for the real PostgreSQL phone journey	2026-09-20T23:43:16.5582618Z (Reading database ... 201818 files and directories currently installed.)
linux-sigterm	Install Chromium for the real PostgreSQL phone journey	2026-09-20T23:43:16.5617769Z Preparing to unpack .../0-fonts-ipafont-gothic_00303-21ubuntu1_all.deb ...
linux-sigterm	Install Chromium for the real PostgreSQL phone journey	2026-09-20T23:43:16.5707122Z Unpacking fonts-ipafont-gothic (00303-21ubuntu1) ...
linux-sigterm	Install Chromium for the real PostgreSQL phone journey	2026-09-20T23:43:16.8198460Z Selecting previously unselected package fonts-freefont-ttf.
linux-sigterm	Install Chromium for the real PostgreSQL phone journey	2026-09-20T23:43:16.8291680Z Preparing to unpack .../1-fonts-freefont-ttf_20211204+svn4273-2_all.deb ...
linux-sigterm	Install Chromium for the real PostgreSQL phone journey	2026-09-20T23:43:16.8300636Z Unpacking fonts-freefont-ttf (20211204+svn4273-2) ...
linux-sigterm	Install Chromium for the real PostgreSQL phone journey	2026-09-20T23:43:16.9686490Z Selecting previously unselected package fonts-tlwg-loma-otf.
linux-sigterm	Install Chromium for the real PostgreSQL phone journey	2026-09-20T23:43:16.9784691Z Preparing to unpack .../2-fonts-tlwg-loma-otf_1%3a0.7.3-1_all.deb ...
linux-sigterm	Install Chromium for the real PostgreSQL phone journey	2026-09-20T23:43:16.9806861Z Unpacking fonts-tlwg-loma-otf (1:0.7.3-1) ...
linux-sigterm	Install Chromium for the real PostgreSQL phone journey	2026-09-20T23:43:17.0257318Z Selecting previously unselected package fonts-unifont.
linux-sigterm	Install Chromium for the real PostgreSQL phone journey	2026-09-20T23:43:17.0355574Z Preparing to unpack .../3-fonts-unifont_1%3a15.1.01-1build1_all.deb ...
linux-sigterm	Install Chromium for the real PostgreSQL phone journey	2026-09-20T23:43:17.0508862Z Unpacking fonts-unifont (1:15.1.01-1build1) ...
linux-sigterm	Install Chromium for the real PostgreSQL phone journey	2026-09-20T23:43:17.3659492Z Selecting previously unselected package fonts-wqy-zenhei.
linux-sigterm	Install Chromium for the real PostgreSQL phone journey	2026-09-20T23:43:17.3758175Z Preparing to unpack .../4-fonts-wqy-zenhei_0.9.45-8_all.deb ...
linux-sigterm	Install Chromium for the real PostgreSQL phone journey	2026-09-20T23:43:17.3846068Z Unpacking fonts-wqy-zenhei (0.9.45-8) ...
linux-sigterm	Install Chromium for the real PostgreSQL phone journey	2026-09-20T23:43:17.8311333Z Selecting previously unselected package xfonts-encodings.
linux-sigterm	Install Chromium for the real PostgreSQL phone journey	2026-09-20T23:43:17.8406196Z Preparing to unpack .../5-xfonts-encodings_1%3a1.0.5-0ubuntu2_all.deb ...
linux-sigterm	Install Chromium for the real PostgreSQL phone journey	2026-09-20T23:43:17.8437787Z Unpacking xfonts-encodings (1:1.0.5-0ubuntu2) ...
linux-sigterm	Install Chromium for the real PostgreSQL phone journey	2026-09-20T23:43:17.9560885Z Selecting previously unselected package xfonts-utils.
linux-sigterm	Install Chromium for the real PostgreSQL phone journey	2026-09-20T23:43:17.9658022Z Preparing to unpack .../6-xfonts-utils_1%3a7.7+6build3_amd64.deb ...
linux-sigterm	Install Chromium for the real PostgreSQL phone journey	2026-09-20T23:43:17.9671541Z Unpacking xfonts-utils (1:7.7+6build3) ...
linux-sigterm	Install Chromium for the real PostgreSQL phone journey	2026-09-20T23:43:18.0041896Z Selecting previously unselected package xfonts-cyrillic.
linux-sigterm	Install Chromium for the real PostgreSQL phone journey	2026-09-20T23:43:18.0138771Z Preparing to unpack .../7-xfonts-cyrillic_1%3a1.0.5+nmu1_all.deb ...
linux-sigterm	Install Chromium for the real PostgreSQL phone journey	2026-09-20T23:43:18.0257983Z Unpacking xfonts-cyrillic (1:1.0.5+nmu1) ...
linux-sigterm	Install Chromium for the real PostgreSQL phone journey	2026-09-20T23:43:18.0671849Z Selecting previously unselected package xfonts-scalable.
linux-sigterm	Install Chromium for the real PostgreSQL phone journey	2026-09-20T23:43:18.0769786Z Preparing to unpack .../8-xfonts-scalable_1%3a1.0.3-1.3_all.deb ...
linux-sigterm	Install Chromium for the real PostgreSQL phone journey	2026-09-20T23:43:18.0778950Z Unpacking xfonts-scalable (1:1.0.3-1.3) ...
linux-sigterm	Install Chromium for the real PostgreSQL phone journey	2026-09-20T23:43:18.1226799Z Setting up fonts-wqy-zenhei (0.9.45-8) ...
linux-sigterm	Install Chromium for the real PostgreSQL phone journey	2026-09-20T23:43:18.2262606Z Setting up fonts-freefont-ttf (20211204+svn4273-2) ...
linux-sigterm	Install Chromium for the real PostgreSQL phone journey	2026-09-20T23:43:18.2621349Z Setting up fonts-tlwg-loma-otf (1:0.7.3-1) ...
linux-sigterm	Install Chromium for the real PostgreSQL phone journey	2026-09-20T23:43:18.2644282Z Setting up xfonts-encodings (1:1.0.5-0ubuntu2) ...
linux-sigterm	Install Chromium for the real PostgreSQL phone journey	2026-09-20T23:43:18.2914843Z Setting up fonts-ipafont-gothic (00303-21ubuntu1) ...
linux-sigterm	Install Chromium for the real PostgreSQL phone journey	2026-09-20T23:43:18.2987713Z update-alternatives: using /usr/share/fonts/opentype/ipafont-gothic/ipag.ttf to provide /usr/share/fonts/truetype/fonts-japanese-gothic.ttf (fonts-japanese-gothic.ttf) in auto mode
linux-sigterm	Install Chromium for the real PostgreSQL phone journey	2026-09-20T23:43:18.3002672Z Setting up fonts-unifont (1:15.1.01-1build1) ...
linux-sigterm	Install Chromium for the real PostgreSQL phone journey	2026-09-20T23:43:18.3023375Z Setting up xfonts-utils (1:7.7+6build3) ...
linux-sigterm	Install Chromium for the real PostgreSQL phone journey	2026-09-20T23:43:18.3064087Z Setting up xfonts-cyrillic (1:1.0.5+nmu1) ...
linux-sigterm	Install Chromium for the real PostgreSQL phone journey	2026-09-20T23:43:18.3409024Z Setting up xfonts-scalable (1:1.0.3-1.3) ...
linux-sigterm	Install Chromium for the real PostgreSQL phone journey	2026-09-20T23:43:18.4046770Z Processing triggers for man-db (2.12.0-4build2) ...
linux-sigterm	Install Chromium for the real PostgreSQL phone journey	2026-09-20T23:43:18.4068009Z Not building database; man-db/auto-update is not 'true'.
linux-sigterm	Install Chromium for the real PostgreSQL phone journey	2026-09-20T23:43:18.4168155Z Processing triggers for fontconfig (2.15.0-1.1ubuntu2) ...
linux-sigterm	Install Chromium for the real PostgreSQL phone journey	2026-09-20T23:43:19.1527400Z 
linux-sigterm	Install Chromium for the real PostgreSQL phone journey	2026-09-20T23:43:19.1528135Z Running kernel seems to be up-to-date.
linux-sigterm	Install Chromium for the real PostgreSQL phone journey	2026-09-20T23:43:19.1528317Z 
linux-sigterm	Install Chromium for the real PostgreSQL phone journey	2026-09-20T23:43:19.1528409Z No services need to be restarted.
linux-sigterm	Install Chromium for the real PostgreSQL phone journey	2026-09-20T23:43:19.1528830Z 
linux-sigterm	Install Chromium for the real PostgreSQL phone journey	2026-09-20T23:43:19.1528910Z No containers need to be restarted.
linux-sigterm	Install Chromium for the real PostgreSQL phone journey	2026-09-20T23:43:19.1529012Z 
linux-sigterm	Install Chromium for the real PostgreSQL phone journey	2026-09-20T23:43:19.1529107Z No user sessions are running outdated binaries.
linux-sigterm	Install Chromium for the real PostgreSQL phone journey	2026-09-20T23:43:19.1529227Z 
linux-sigterm	Install Chromium for the real PostgreSQL phone journey	2026-09-20T23:43:19.1529384Z No VM guests are running outdated hypervisor (qemu) binaries on this host.
linux-sigterm	Install Chromium for the real PostgreSQL phone journey	2026-09-20T23:43:20.0300699Z Downloading Chrome for Testing 151.0.7922.34 (playwright chromium v1234) from https://cdn.playwright.dev/builds/cft/151.0.7922.34/linux64/chrome-linux64.zip
linux-sigterm	Install Chromium for the real PostgreSQL phone journey	2026-09-20T23:43:20.9447913Z |                                                                                |   0% of 184.3 MiB
linux-sigterm	Install Chromium for the real PostgreSQL phone journey	2026-09-20T23:43:21.1338314Z |■■■■■■■■                                                                        |  10% of 184.3 MiB
linux-sigterm	Install Chromium for the real PostgreSQL phone journey	2026-09-20T23:43:21.1905013Z |■■■■■■■■■■■■■■■■                                                                |  20% of 184.3 MiB
linux-sigterm	Install Chromium for the real PostgreSQL phone journey	2026-09-20T23:43:21.2301519Z |■■■■■■■■■■■■■■■■■■■■■■■■                                                        |  30% of 184.3 MiB
linux-sigterm	Install Chromium for the real PostgreSQL phone journey	2026-09-20T23:43:21.2687838Z |■■■■■■■■■■■■■■■■■■■■■■■■■■■■■■■■                                                |  40% of 184.3 MiB
linux-sigterm	Install Chromium for the real PostgreSQL phone journey	2026-09-20T23:43:21.3088313Z |■■■■■■■■■■■■■■■■■■■■■■■■■■■■■■■■■■■■■■■■                                        |  50% of 184.3 MiB
linux-sigterm	Install Chromium for the real PostgreSQL phone journey	2026-09-20T23:43:21.3614768Z |■■■■■■■■■■■■■■■■■■■■■■■■■■■■■■■■■■■■■■■■■■■■■■■■                                |  60% of 184.3 MiB
linux-sigterm	Install Chromium for the real PostgreSQL phone journey	2026-09-20T23:43:21.4071491Z |■■■■■■■■■■■■■■■■■■■■■■■■■■■■■■■■■■■■■■■■■■■■■■■■■■■■■■■■                        |  70% of 184.3 MiB
linux-sigterm	Install Chromium for the real PostgreSQL phone journey	2026-09-20T23:43:21.4517347Z |■■■■■■■■■■■■■■■■■■■■■■■■■■■■■■■■■■■■■■■■■■■■■■■■■■■■■■■■■■■■■■■■                |  80% of 184.3 MiB
linux-sigterm	Install Chromium for the real PostgreSQL phone journey	2026-09-20T23:43:21.4919810Z |■■■■■■■■■■■■■■■■■■■■■■■■■■■■■■■■■■■■■■■■■■■■■■■■■■■■■■■■■■■■■■■■■■■■■■■■        |  90% of 184.3 MiB
linux-sigterm	Install Chromium for the real PostgreSQL phone journey	2026-09-20T23:43:21.5319231Z |■■■■■■■■■■■■■■■■■■■■■■■■■■■■■■■■■■■■■■■■■■■■■■■■■■■■■■■■■■■■■■■■■■■■■■■■■■■■■■■■| 100% of 184.3 MiB
linux-sigterm	Install Chromium for the real PostgreSQL phone journey	2026-09-20T23:43:23.3337681Z Chrome for Testing 151.0.7922.34 (playwright chromium v1234) downloaded to /home/runner/.cache/ms-playwright/chromium-1234
linux-sigterm	Install Chromium for the real PostgreSQL phone journey	2026-09-20T23:43:23.3341000Z Downloading FFmpeg (playwright ffmpeg v1011) from https://cdn.playwright.dev/dbazure/download/playwright/builds/ffmpeg/1011/ffmpeg-linux.zip
linux-sigterm	Install Chromium for the real PostgreSQL phone journey	2026-09-20T23:43:24.2347277Z |                                                                                |   0% of 2.3 MiB
linux-sigterm	Install Chromium for the real PostgreSQL phone journey	2026-09-20T23:43:24.2470743Z |■■■■■■■■                                                                        |  10% of 2.3 MiB
linux-sigterm	Install Chromium for the real PostgreSQL phone journey	2026-09-20T23:43:24.2545152Z |■■■■■■■■■■■■■■■■                                                                |  20% of 2.3 MiB
linux-sigterm	Install Chromium for the real PostgreSQL phone journey	2026-09-20T23:43:24.2595755Z |■■■■■■■■■■■■■■■■■■■■■■■■                                                        |  30% of 2.3 MiB
linux-sigterm	Install Chromium for the real PostgreSQL phone journey	2026-09-20T23:43:24.2612840Z |■■■■■■■■■■■■■■■■■■■■■■■■■■■■■■■■                                                |  40% of 2.3 MiB
linux-sigterm	Install Chromium for the real PostgreSQL phone journey	2026-09-20T23:43:24.2760867Z |■■■■■■■■■■■■■■■■■■■■■■■■■■■■■■■■■■■■■■■■                                        |  50% of 2.3 MiB
linux-sigterm	Install Chromium for the real PostgreSQL phone journey	2026-09-20T23:43:24.2762335Z |■■■■■■■■■■■■■■■■■■■■■■■■■■■■■■■■■■■■■■■■■■■■■■■■                                |  60% of 2.3 MiB
linux-sigterm	Install Chromium for the real PostgreSQL phone journey	2026-09-20T23:43:24.2801016Z |■■■■■■■■■■■■■■■■■■■■■■■■■■■■■■■■■■■■■■■■■■■■■■■■■■■■■■■■                        |  70% of 2.3 MiB
linux-sigterm	Install Chromium for the real PostgreSQL phone journey	2026-09-20T23:43:24.2806643Z |■■■■■■■■■■■■■■■■■■■■■■■■■■■■■■■■■■■■■■■■■■■■■■■■■■■■■■■■■■■■■■■■                |  80% of 2.3 MiB
linux-sigterm	Install Chromium for the real PostgreSQL phone journey	2026-09-20T23:43:24.2854078Z |■■■■■■■■■■■■■■■■■■■■■■■■■■■■■■■■■■■■■■■■■■■■■■■■■■■■■■■■■■■■■■■■■■■■■■■■        |  90% of 2.3 MiB
linux-sigterm	Install Chromium for the real PostgreSQL phone journey	2026-09-20T23:43:24.2859569Z |■■■■■■■■■■■■■■■■■■■■■■■■■■■■■■■■■■■■■■■■■■■■■■■■■■■■■■■■■■■■■■■■■■■■■■■■■■■■■■■■| 100% of 2.3 MiB
linux-sigterm	Install Chromium for the real PostgreSQL phone journey	2026-09-20T23:43:24.3278860Z FFmpeg (playwright ffmpeg v1011) downloaded to /home/runner/.cache/ms-playwright/ffmpeg-1011
linux-sigterm	Install Chromium for the real PostgreSQL phone journey	2026-09-20T23:43:24.3281878Z Downloading Chrome Headless Shell 151.0.7922.34 (playwright chromium-headless-shell v1234) from https://cdn.playwright.dev/builds/cft/151.0.7922.34/linux64/chrome-headless-shell-linux64.zip
linux-sigterm	Install Chromium for the real PostgreSQL phone journey	2026-09-20T23:43:25.2342740Z |                                                                                |   0% of 114.7 MiB
linux-sigterm	Install Chromium for the real PostgreSQL phone journey	2026-09-20T23:43:25.3415455Z |■■■■■■■■                                                                        |  10% of 114.7 MiB
linux-sigterm	Install Chromium for the real PostgreSQL phone journey	2026-09-20T23:43:25.4124491Z |■■■■■■■■■■■■■■■■                                                                |  20% of 114.7 MiB
linux-sigterm	Install Chromium for the real PostgreSQL phone journey	2026-09-20T23:43:25.4750661Z |■■■■■■■■■■■■■■■■■■■■■■■■                                                        |  30% of 114.7 MiB
linux-sigterm	Install Chromium for the real PostgreSQL phone journey	2026-09-20T23:43:25.5449685Z |■■■■■■■■■■■■■■■■■■■■■■■■■■■■■■■■                                                |  40% of 114.7 MiB
linux-sigterm	Install Chromium for the real PostgreSQL phone journey	2026-09-20T23:43:25.6115910Z |■■■■■■■■■■■■■■■■■■■■■■■■■■■■■■■■■■■■■■■■                                        |  50% of 114.7 MiB
linux-sigterm	Install Chromium for the real PostgreSQL phone journey	2026-09-20T23:43:25.6740689Z |■■■■■■■■■■■■■■■■■■■■■■■■■■■■■■■■■■■■■■■■■■■■■■■■                                |  60% of 114.7 MiB
linux-sigterm	Install Chromium for the real PostgreSQL phone journey	2026-09-20T23:43:25.7387927Z |■■■■■■■■■■■■■■■■■■■■■■■■■■■■■■■■■■■■■■■■■■■■■■■■■■■■■■■■                        |  70% of 114.7 MiB
linux-sigterm	Install Chromium for the real PostgreSQL phone journey	2026-09-20T23:43:25.8082055Z |■■■■■■■■■■■■■■■■■■■■■■■■■■■■■■■■■■■■■■■■■■■■■■■■■■■■■■■■■■■■■■■■                |  80% of 114.7 MiB
linux-sigterm	Install Chromium for the real PostgreSQL phone journey	2026-09-20T23:43:25.8871897Z |■■■■■■■■■■■■■■■■■■■■■■■■■■■■■■■■■■■■■■■■■■■■■■■■■■■■■■■■■■■■■■■■■■■■■■■■        |  90% of 114.7 MiB
linux-sigterm	Install Chromium for the real PostgreSQL phone journey	2026-09-20T23:43:25.9740173Z |■■■■■■■■■■■■■■■■■■■■■■■■■■■■■■■■■■■■■■■■■■■■■■■■■■■■■■■■■■■■■■■■■■■■■■■■■■■■■■■■| 100% of 114.7 MiB
linux-sigterm	Install Chromium for the real PostgreSQL phone journey	2026-09-20T23:43:27.2398352Z Chrome Headless Shell 151.0.7922.34 (playwright chromium-headless-shell v1234) downloaded to /home/runner/.cache/ms-playwright/chromium_headless_shell-1234
linux-sigterm	RC1 newcomer and returning phone journey on PostgreSQL	﻿2026-09-20T23:43:27.2609868Z ##[group]Run npm run test:rc1:mobile:postgres
linux-sigterm	RC1 newcomer and returning phone journey on PostgreSQL	2026-09-20T23:43:27.2610110Z ^[[36;1mnpm run test:rc1:mobile:postgres^[[0m
linux-sigterm	RC1 newcomer and returning phone journey on PostgreSQL	2026-09-20T23:43:27.2640367Z shell: /usr/bin/bash -e {0}
linux-sigterm	RC1 newcomer and returning phone journey on PostgreSQL	2026-09-20T23:43:27.2640526Z env:
linux-sigterm	RC1 newcomer and returning phone journey on PostgreSQL	2026-09-20T23:43:27.2640879Z   COORDINATION_TEST_DATABASE_URL: ***127.0.0.1:5432/rc1_recovery
linux-sigterm	RC1 newcomer and returning phone journey on PostgreSQL	2026-09-20T23:43:27.2641149Z   DATABASE_URL: ***127.0.0.1:5432/rc1_recovery
linux-sigterm	RC1 newcomer and returning phone journey on PostgreSQL	2026-09-20T23:43:27.2641388Z   RC1_SHUTDOWN_EVIDENCE: /home/runner/work/Omerta/Omerta/tmp/rc1-linux-recovery
linux-sigterm	RC1 newcomer and returning phone journey on PostgreSQL	2026-09-20T23:43:27.2641706Z   RC1_TEST_DATABASE_URL: ***127.0.0.1:5432/postgres
linux-sigterm	RC1 newcomer and returning phone journey on PostgreSQL	2026-09-20T23:43:27.2641869Z ##[endgroup]
linux-sigterm	RC1 newcomer and returning phone journey on PostgreSQL	2026-09-20T23:43:27.3315902Z 
linux-sigterm	RC1 newcomer and returning phone journey on PostgreSQL	2026-09-20T23:43:27.3316875Z > omerta-backend@1.2.0 test:rc1:mobile:postgres
linux-sigterm	RC1 newcomer and returning phone journey on PostgreSQL	2026-09-20T23:43:27.3317286Z > node test/rc1-mobile-postgres.js
linux-sigterm	RC1 newcomer and returning phone journey on PostgreSQL	2026-09-20T23:43:27.3317565Z 
linux-sigterm	RC1 newcomer and returning phone journey on PostgreSQL	2026-09-20T23:43:27.9314279Z ⚠️  preflight: Neither PUBLIC_URL nor SOCIAL_GAME_URL is set — every referral link, share prompt and social card will point at the built-in default domain, not yours. Set PUBLIC_URL to this server's own origin (it is also what one-click X sign-in derives its callback from).
linux-sigterm	RC1 newcomer and returning phone journey on PostgreSQL	2026-09-20T23:43:27.9316561Z ⚠️  preflight: INVARIANT_WEBHOOK_URL is not set — the §10.4 economy-drift, backup-failure, oracle-halt and real-value-invariant alarms have nowhere to shout and reach only a log line. Set it (a Slack/Discord webhook) on BOTH processes: the worker fires most alarms, and the API is the only one that can page when the WORKER is dead.
linux-sigterm	RC1 newcomer and returning phone journey on PostgreSQL	2026-09-20T23:43:27.9317652Z ⚠️  preflight: TRUST_PROXY is off: behind a load balancer every request looks like one IP, so the per-IP auth throttle collapses to a single shared bucket.
linux-sigterm	RC1 newcomer and returning phone journey on PostgreSQL	2026-09-20T23:43:32.1964350Z [db] Postgres ready — column migration ran 2956 ADD COLUMN IF NOT EXISTS statements.
linux-sigterm	RC1 newcomer and returning phone journey on PostgreSQL	2026-09-20T23:43:34.4938210Z {"component":"player-command","phase":"request","correlationId":"434f323b-6c7c-4ac3-a85d-c1e4fd4b04a0"}
linux-sigterm	RC1 newcomer and returning phone journey on PostgreSQL	2026-09-20T23:43:34.4949866Z {"component":"player-command","phase":"authorization","correlationId":"434f323b-6c7c-4ac3-a85d-c1e4fd4b04a0","outcome":"allowed"}
linux-sigterm	RC1 newcomer and returning phone journey on PostgreSQL	2026-09-20T23:43:34.6057009Z {"component":"player-command","phase":"response","correlationId":"434f323b-6c7c-4ac3-a85d-c1e4fd4b04a0","statusCode":200,"elapsedMs":113}
linux-sigterm	RC1 newcomer and returning phone journey on PostgreSQL	2026-09-20T23:43:35.8288076Z {"component":"player-command","phase":"request","correlationId":"7e85744b-1604-4d3d-ba87-e13788182eac"}
linux-sigterm	RC1 newcomer and returning phone journey on PostgreSQL	2026-09-20T23:43:35.8307656Z {"component":"player-command","phase":"authorization","correlationId":"7e85744b-1604-4d3d-ba87-e13788182eac","outcome":"allowed"}
linux-sigterm	RC1 newcomer and returning phone journey on PostgreSQL	2026-09-20T23:43:35.8824660Z {"component":"player-command","phase":"response","correlationId":"7e85744b-1604-4d3d-ba87-e13788182eac","statusCode":200,"elapsedMs":53}
linux-sigterm	RC1 newcomer and returning phone journey on PostgreSQL	2026-09-20T23:43:39.2580288Z {"component":"player-command","phase":"request","correlationId":"f1ec2d70-0007-4d0a-86df-b46af24dfc92"}
linux-sigterm	RC1 newcomer and returning phone journey on PostgreSQL	2026-09-20T23:43:39.2595234Z {"component":"player-command","phase":"authorization","correlationId":"f1ec2d70-0007-4d0a-86df-b46af24dfc92","outcome":"allowed"}
linux-sigterm	RC1 newcomer and returning phone journey on PostgreSQL	2026-09-20T23:43:39.2903081Z {"component":"player-command","phase":"response","correlationId":"f1ec2d70-0007-4d0a-86df-b46af24dfc92","statusCode":200,"elapsedMs":32}
linux-sigterm	RC1 newcomer and returning phone journey on PostgreSQL	2026-09-20T23:43:41.3567047Z {"component":"player-command","phase":"request","correlationId":"9d405dc2-d01c-4d38-8901-6044dbc02e6f"}
linux-sigterm	RC1 newcomer and returning phone journey on PostgreSQL	2026-09-20T23:43:41.3603566Z {"component":"player-command","phase":"authorization","correlationId":"9d405dc2-d01c-4d38-8901-6044dbc02e6f","outcome":"allowed"}
linux-sigterm	RC1 newcomer and returning phone journey on PostgreSQL	2026-09-20T23:43:41.3606739Z {"component":"player-command","phase":"command","correlationId":"9d405dc2-d01c-4d38-8901-6044dbc02e6f"}
linux-sigterm	RC1 newcomer and returning phone journey on PostgreSQL	2026-09-20T23:43:41.4207557Z {"component":"player-command","phase":"mutation","correlationId":"9d405dc2-d01c-4d38-8901-6044dbc02e6f","outcome":"completed","replayed":false}
linux-sigterm	RC1 newcomer and returning phone journey on PostgreSQL	2026-09-20T23:43:41.4549214Z {"component":"player-command","phase":"consequence","correlationId":"9d405dc2-d01c-4d38-8901-6044dbc02e6f","replayed":false,"changes":2}
linux-sigterm	RC1 newcomer and returning phone journey on PostgreSQL	2026-09-20T23:43:41.4550478Z {"component":"player-command","phase":"opportunity","correlationId":"9d405dc2-d01c-4d38-8901-6044dbc02e6f","replayed":false,"changes":2}
linux-sigterm	RC1 newcomer and returning phone journey on PostgreSQL	2026-09-20T23:43:41.4683763Z {"component":"player-command","phase":"response","correlationId":"9d405dc2-d01c-4d38-8901-6044dbc02e6f","statusCode":200,"elapsedMs":110}
linux-sigterm	RC1 newcomer and returning phone journey on PostgreSQL	2026-09-20T23:43:41.4700188Z {"component":"player-command","phase":"request","correlationId":"0376cad9-e13d-46a8-a572-71d901c051eb"}
linux-sigterm	RC1 newcomer and returning phone journey on PostgreSQL	2026-09-20T23:43:41.4710533Z {"component":"player-command","phase":"authorization","correlationId":"0376cad9-e13d-46a8-a572-71d901c051eb","outcome":"allowed"}
linux-sigterm	RC1 newcomer and returning phone journey on PostgreSQL	2026-09-20T23:43:41.5674505Z {"component":"player-command","phase":"response","correlationId":"0376cad9-e13d-46a8-a572-71d901c051eb","statusCode":200,"elapsedMs":97}
linux-sigterm	RC1 newcomer and returning phone journey on PostgreSQL	2026-09-20T23:43:41.5985943Z {"component":"player-command","phase":"request","correlationId":"d50fe1bc-af3b-44b2-b54a-94e4cacf1065"}
linux-sigterm	RC1 newcomer and returning phone journey on PostgreSQL	2026-09-20T23:43:41.6009928Z {"component":"player-command","phase":"authorization","correlationId":"d50fe1bc-af3b-44b2-b54a-94e4cacf1065","outcome":"allowed"}
linux-sigterm	RC1 newcomer and returning phone journey on PostgreSQL	2026-09-20T23:43:41.6454600Z {"component":"player-command","phase":"response","correlationId":"d50fe1bc-af3b-44b2-b54a-94e4cacf1065","statusCode":200,"elapsedMs":46}
linux-sigterm	RC1 newcomer and returning phone journey on PostgreSQL	2026-09-20T23:43:41.8583096Z {"component":"player-command","phase":"request","correlationId":"3db259aa-a6bb-4be4-a633-464f31caed03"}
linux-sigterm	RC1 newcomer and returning phone journey on PostgreSQL	2026-09-20T23:43:41.8600629Z {"component":"player-command","phase":"authorization","correlationId":"3db259aa-a6bb-4be4-a633-464f31caed03","outcome":"allowed"}
linux-sigterm	RC1 newcomer and returning phone journey on PostgreSQL	2026-09-20T23:43:41.9014915Z {"component":"player-command","phase":"response","correlationId":"3db259aa-a6bb-4be4-a633-464f31caed03","statusCode":200,"elapsedMs":44}
linux-sigterm	RC1 newcomer and returning phone journey on PostgreSQL	2026-09-20T23:43:42.9383947Z {"component":"player-command","phase":"request","correlationId":"bdfd81e8-5ba0-4137-9659-1b7ee0c8aa61"}
linux-sigterm	RC1 newcomer and returning phone journey on PostgreSQL	2026-09-20T23:43:42.9396917Z {"component":"player-command","phase":"authorization","correlationId":"bdfd81e8-5ba0-4137-9659-1b7ee0c8aa61","outcome":"allowed"}
linux-sigterm	RC1 newcomer and returning phone journey on PostgreSQL	2026-09-20T23:43:42.9739706Z {"component":"player-command","phase":"response","correlationId":"bdfd81e8-5ba0-4137-9659-1b7ee0c8aa61","statusCode":200,"elapsedMs":36}
linux-sigterm	RC1 newcomer and returning phone journey on PostgreSQL	2026-09-20T23:43:44.0594221Z {"component":"player-command","phase":"request","correlationId":"f849efba-1054-4087-8514-fae4de03768c"}
linux-sigterm	RC1 newcomer and returning phone journey on PostgreSQL	2026-09-20T23:43:44.0601310Z {"component":"player-command","phase":"authorization","correlationId":"f849efba-1054-4087-8514-fae4de03768c","outcome":"allowed"}
linux-sigterm	RC1 newcomer and returning phone journey on PostgreSQL	2026-09-20T23:43:44.1003437Z {"component":"player-command","phase":"response","correlationId":"f849efba-1054-4087-8514-fae4de03768c","statusCode":200,"elapsedMs":41}
linux-sigterm	RC1 newcomer and returning phone journey on PostgreSQL	2026-09-20T23:43:44.7505942Z {"component":"player-command","phase":"request","correlationId":"7b014229-9148-45d4-a937-762490188166"}
linux-sigterm	RC1 newcomer and returning phone journey on PostgreSQL	2026-09-20T23:43:44.7514176Z {"component":"player-command","phase":"authorization","correlationId":"7b014229-9148-45d4-a937-762490188166","outcome":"allowed"}
linux-sigterm	RC1 newcomer and returning phone journey on PostgreSQL	2026-09-20T23:43:44.7996241Z {"component":"player-command","phase":"response","correlationId":"7b014229-9148-45d4-a937-762490188166","statusCode":200,"elapsedMs":50}
linux-sigterm	RC1 newcomer and returning phone journey on PostgreSQL	2026-09-20T23:43:48.2754822Z {"component":"player-command","phase":"request","correlationId":"224ef775-99a3-4865-93e8-a8a9f82204e0"}
linux-sigterm	RC1 newcomer and returning phone journey on PostgreSQL	2026-09-20T23:43:48.2769543Z {"component":"player-command","phase":"authorization","correlationId":"224ef775-99a3-4865-93e8-a8a9f82204e0","outcome":"allowed"}
linux-sigterm	RC1 newcomer and returning phone journey on PostgreSQL	2026-09-20T23:43:48.3259715Z {"component":"player-command","phase":"response","correlationId":"224ef775-99a3-4865-93e8-a8a9f82204e0","statusCode":200,"elapsedMs":50}
linux-sigterm	RC1 newcomer and returning phone journey on PostgreSQL	2026-09-20T23:43:50.4262808Z {"component":"player-command","phase":"request","correlationId":"0f036e79-0524-4c6c-a657-a2ad6a588971"}
linux-sigterm	RC1 newcomer and returning phone journey on PostgreSQL	2026-09-20T23:43:50.5315336Z {"component":"player-command","phase":"authorization","correlationId":"0f036e79-0524-4c6c-a657-a2ad6a588971","outcome":"allowed"}
linux-sigterm	RC1 newcomer and returning phone journey on PostgreSQL	2026-09-20T23:43:50.5318734Z {"component":"player-command","phase":"command","correlationId":"0f036e79-0524-4c6c-a657-a2ad6a588971"}
linux-sigterm	RC1 newcomer and returning phone journey on PostgreSQL	2026-09-20T23:43:50.6028323Z {"component":"player-command","phase":"mutation","correlationId":"0f036e79-0524-4c6c-a657-a2ad6a588971","outcome":"completed","replayed":false}
linux-sigterm	RC1 newcomer and returning phone journey on PostgreSQL	2026-09-20T23:43:50.7213264Z {"component":"player-command","phase":"consequence","correlationId":"0f036e79-0524-4c6c-a657-a2ad6a588971","replayed":false,"changes":2}
linux-sigterm	RC1 newcomer and returning phone journey on PostgreSQL	2026-09-20T23:43:50.7221287Z {"component":"player-command","phase":"opportunity","correlationId":"0f036e79-0524-4c6c-a657-a2ad6a588971","replayed":false,"changes":2}
linux-sigterm	RC1 newcomer and returning phone journey on PostgreSQL	2026-09-20T23:43:50.7243067Z {"component":"player-command","phase":"response","correlationId":"0f036e79-0524-4c6c-a657-a2ad6a588971","statusCode":200,"elapsedMs":297}
linux-sigterm	RC1 newcomer and returning phone journey on PostgreSQL	2026-09-20T23:43:50.7283151Z {"component":"player-command","phase":"request","correlationId":"ea133aac-b2ed-42ef-9966-d93925cfecfb"}
linux-sigterm	RC1 newcomer and returning phone journey on PostgreSQL	2026-09-20T23:43:50.7294071Z {"component":"player-command","phase":"authorization","correlationId":"ea133aac-b2ed-42ef-9966-d93925cfecfb","outcome":"allowed"}
linux-sigterm	RC1 newcomer and returning phone journey on PostgreSQL	2026-09-20T23:43:50.7831281Z {"component":"player-command","phase":"response","correlationId":"ea133aac-b2ed-42ef-9966-d93925cfecfb","statusCode":200,"elapsedMs":53}
linux-sigterm	RC1 newcomer and returning phone journey on PostgreSQL	2026-09-20T23:43:50.8537379Z {"component":"player-command","phase":"request","correlationId":"f959636b-a2d9-420a-98b6-2d0c1fe5f74b"}
linux-sigterm	RC1 newcomer and returning phone journey on PostgreSQL	2026-09-20T23:43:50.8581309Z {"component":"player-command","phase":"authorization","correlationId":"f959636b-a2d9-420a-98b6-2d0c1fe5f74b","outcome":"allowed"}
linux-sigterm	RC1 newcomer and returning phone journey on PostgreSQL	2026-09-20T23:43:50.9282442Z {"component":"player-command","phase":"response","correlationId":"f959636b-a2d9-420a-98b6-2d0c1fe5f74b","statusCode":200,"elapsedMs":75}
linux-sigterm	RC1 newcomer and returning phone journey on PostgreSQL	2026-09-20T23:43:51.1294102Z {"component":"player-command","phase":"request","correlationId":"56b87743-add5-4279-ad96-c959edc49999"}
linux-sigterm	RC1 newcomer and returning phone journey on PostgreSQL	2026-09-20T23:43:51.1300836Z {"component":"player-command","phase":"authorization","correlationId":"56b87743-add5-4279-ad96-c959edc49999","outcome":"allowed"}
linux-sigterm	RC1 newcomer and returning phone journey on PostgreSQL	2026-09-20T23:43:51.1872943Z {"component":"player-command","phase":"response","correlationId":"56b87743-add5-4279-ad96-c959edc49999","statusCode":200,"elapsedMs":58}
linux-sigterm	RC1 newcomer and returning phone journey on PostgreSQL	2026-09-20T23:43:52.3255477Z {"component":"player-command","phase":"request","correlationId":"ddd48667-04bd-4c5b-b187-505c2135b01a"}
linux-sigterm	RC1 newcomer and returning phone journey on PostgreSQL	2026-09-20T23:43:52.3268786Z {"component":"player-command","phase":"authorization","correlationId":"ddd48667-04bd-4c5b-b187-505c2135b01a","outcome":"allowed"}
linux-sigterm	RC1 newcomer and returning phone journey on PostgreSQL	2026-09-20T23:43:52.3708228Z {"component":"player-command","phase":"response","correlationId":"ddd48667-04bd-4c5b-b187-505c2135b01a","statusCode":200,"elapsedMs":45}
linux-sigterm	RC1 newcomer and returning phone journey on PostgreSQL	2026-09-20T23:43:52.4124562Z {"status":"PASS","results":[{"viewport":{"width":390,"height":844},"firstActionMs":2948,"firstCanonicalAction":"Investigate: The Missing Carbon Index","commandCompleted":true,"consequenceVisible":true,"reload":true,"javascriptErrors":[]},{"viewport":{"width":360,"height":800},"firstActionMs":1706,"firstCanonicalAction":"Investigate: The Missing Carbon Index","commandCompleted":true,"consequenceVisible":true,"reload":true,"javascriptErrors":[]}]}
linux-sigterm	Native backup, private file permissions and restore on Linux	﻿2026-09-20T23:43:52.5832815Z ##[group]Run set -o pipefail
linux-sigterm	Native backup, private file permissions and restore on Linux	2026-09-20T23:43:52.5833016Z ^[[36;1mset -o pipefail^[[0m
linux-sigterm	Native backup, private file permissions and restore on Linux	2026-09-20T23:43:52.5833226Z ^[[36;1mnpm run backup:selftest 2>&1 | tee "$RC1_SHUTDOWN_EVIDENCE/backup-selftest.log"^[[0m
linux-sigterm	Native backup, private file permissions and restore on Linux	2026-09-20T23:43:52.5862515Z shell: /usr/bin/bash -e {0}
linux-sigterm	Native backup, private file permissions and restore on Linux	2026-09-20T23:43:52.5862659Z env:
linux-sigterm	Native backup, private file permissions and restore on Linux	2026-09-20T23:43:52.5862990Z   COORDINATION_TEST_DATABASE_URL: ***127.0.0.1:5432/rc1_recovery
linux-sigterm	Native backup, private file permissions and restore on Linux	2026-09-20T23:43:52.5863294Z   DATABASE_URL: ***127.0.0.1:5432/rc1_recovery
linux-sigterm	Native backup, private file permissions and restore on Linux	2026-09-20T23:43:52.5863521Z   RC1_SHUTDOWN_EVIDENCE: /home/runner/work/Omerta/Omerta/tmp/rc1-linux-recovery
linux-sigterm	Native backup, private file permissions and restore on Linux	2026-09-20T23:43:52.5863735Z ##[endgroup]
linux-sigterm	Native backup, private file permissions and restore on Linux	2026-09-20T23:43:52.6526692Z 
linux-sigterm	Native backup, private file permissions and restore on Linux	2026-09-20T23:43:52.6527426Z > omerta-backend@1.2.0 backup:selftest
linux-sigterm	Native backup, private file permissions and restore on Linux	2026-09-20T23:43:52.6527703Z > bash tools/backup-selftest.sh
linux-sigterm	Native backup, private file permissions and restore on Linux	2026-09-20T23:43:52.6527808Z 
linux-sigterm	Native backup, private file permissions and restore on Linux	2026-09-20T23:44:01.7340690Z client: pg_dump 16.15, pg_restore 16.15, psql 16.15
linux-sigterm	Native backup, private file permissions and restore on Linux	2026-09-20T23:44:01.7584654Z server: 16.15(Debian16.15-1.pgdg13+2)   fixture: 2/2/1/2/4/4/1/2/1/1/1/4/1/1 linked Phase 1 rows
linux-sigterm	Native backup, private file permissions and restore on Linux	2026-09-20T23:44:01.7585504Z 
linux-sigterm	Native backup, private file permissions and restore on Linux	2026-09-20T23:44:01.7586025Z 0. THE REQUIRED-TABLE CHECK DOES NOT PIPE INTO grep -q
linux-sigterm	Native backup, private file permissions and restore on Linux	2026-09-20T23:44:01.7600702Z   ✓ backup.sh matches TOC entries without a grep -q pipeline
linux-sigterm	Native backup, private file permissions and restore on Linux	2026-09-20T23:44:01.7602322Z 
linux-sigterm	Native backup, private file permissions and restore on Linux	2026-09-20T23:44:01.7602506Z 1. A GOOD BACKUP IS KEPT
linux-sigterm	Native backup, private file permissions and restore on Linux	2026-09-20T23:44:02.0309931Z   ✓ a populated database backs up cleanly
linux-sigterm	Native backup, private file permissions and restore on Linux	2026-09-20T23:44:02.0312955Z   ✓ the dump lands under its real name
linux-sigterm	Native backup, private file permissions and restore on Linux	2026-09-20T23:44:02.0330330Z   ✓ no .part left behind
linux-sigterm	Native backup, private file permissions and restore on Linux	2026-09-20T23:44:02.0347860Z   ✓ the dump is owner-only (0600)
linux-sigterm	Native backup, private file permissions and restore on Linux	2026-09-20T23:44:02.2692928Z 
linux-sigterm	Native backup, private file permissions and restore on Linux	2026-09-20T23:44:02.2693830Z 2. THE SCHEMA-ONLY TRAP — the hole that passed before
linux-sigterm	Native backup, private file permissions and restore on Linux	2026-09-20T23:44:02.2694196Z   ✓ a schema-only database is REFUSED, not silently kept
linux-sigterm	Native backup, private file permissions and restore on Linux	2026-09-20T23:44:02.2697293Z   ✓ …and says why (zero rows, not 'looks fine')
linux-sigterm	Native backup, private file permissions and restore on Linux	2026-09-20T23:44:02.2716603Z   ✓ the refused dump is not kept
linux-sigterm	Native backup, private file permissions and restore on Linux	2026-09-20T23:44:02.2735148Z   ✓ no .part survives the refusal
linux-sigterm	Native backup, private file permissions and restore on Linux	2026-09-20T23:44:02.4891259Z   ✓ BACKUP_MIN_ROWS=0 allows a genuinely cold database through
linux-sigterm	Native backup, private file permissions and restore on Linux	2026-09-20T23:44:02.4891629Z 
linux-sigterm	Native backup, private file permissions and restore on Linux	2026-09-20T23:44:02.4891765Z 3. A TRUNCATED DUMP IS CAUGHT
linux-sigterm	Native backup, private file permissions and restore on Linux	2026-09-20T23:44:02.6874988Z   ✓ a truncated dump is REFUSED
linux-sigterm	Native backup, private file permissions and restore on Linux	2026-09-20T23:44:02.6892586Z   ✓ the truncated dump is not kept
linux-sigterm	Native backup, private file permissions and restore on Linux	2026-09-20T23:44:02.6911157Z   ✓ no .part survives a truncated dump
linux-sigterm	Native backup, private file permissions and restore on Linux	2026-09-20T23:44:02.6911325Z 
linux-sigterm	Native backup, private file permissions and restore on Linux	2026-09-20T23:44:02.6911486Z 4. THE WRONG DATABASE IS CAUGHT
linux-sigterm	Native backup, private file permissions and restore on Linux	2026-09-20T23:44:02.7724699Z   ✓ a stale DATABASE_URL pointing elsewhere is REFUSED
linux-sigterm	Native backup, private file permissions and restore on Linux	2026-09-20T23:44:02.7728075Z   ✓ …and names the reason (wrong database / no schema)
linux-sigterm	Native backup, private file permissions and restore on Linux	2026-09-20T23:44:02.7728272Z 
linux-sigterm	Native backup, private file permissions and restore on Linux	2026-09-20T23:44:02.7728430Z 5. AN UNREACHABLE DATABASE FAILS LOUDLY
linux-sigterm	Native backup, private file permissions and restore on Linux	2026-09-20T23:44:02.7966962Z   ✓ an unreachable database is a failure, not an empty success
linux-sigterm	Native backup, private file permissions and restore on Linux	2026-09-20T23:44:02.7984397Z   ✓ nothing is kept when the dump never ran
linux-sigterm	Native backup, private file permissions and restore on Linux	2026-09-20T23:44:02.7984681Z 
linux-sigterm	Native backup, private file permissions and restore on Linux	2026-09-20T23:44:02.7984883Z 6. THE SIZE FLOOR STILL BITES
linux-sigterm	Native backup, private file permissions and restore on Linux	2026-09-20T23:44:03.0542565Z   ✓ a dump under the size floor is REFUSED
linux-sigterm	Native backup, private file permissions and restore on Linux	2026-09-20T23:44:03.0542845Z 
linux-sigterm	Native backup, private file permissions and restore on Linux	2026-09-20T23:44:03.0543055Z 7. RETENTION HOLDS FIRE AFTER A BAD NIGHT
linux-sigterm	Native backup, private file permissions and restore on Linux	2026-09-20T23:44:03.2896467Z   ✓ the bad run fails
linux-sigterm	Native backup, private file permissions and restore on Linux	2026-09-20T23:44:03.2899907Z   ✓ a 60-day-old GOOD backup survives the failed run
linux-sigterm	Native backup, private file permissions and restore on Linux	2026-09-20T23:44:03.5462862Z   ✓ a good run succeeds in the same directory
linux-sigterm	Native backup, private file permissions and restore on Linux	2026-09-20T23:44:03.5466038Z   ✓ …and only then is the expired dump pruned
linux-sigterm	Native backup, private file permissions and restore on Linux	2026-09-20T23:44:03.5466250Z 
linux-sigterm	Native backup, private file permissions and restore on Linux	2026-09-20T23:44:03.5466627Z 8. THE DUMP CAN ACTUALLY BE RESTORED
linux-sigterm	Native backup, private file permissions and restore on Linux	2026-09-20T23:44:08.1481583Z   ✓ the dump restores into an empty database with its rows
linux-sigterm	Native backup, private file permissions and restore on Linux	2026-09-20T23:44:08.1773295Z   ✓ the restore preserves the complete 14-table Phase 1 fixture census
linux-sigterm	Native backup, private file permissions and restore on Linux	2026-09-20T23:44:08.2067739Z   ✓ every restored Phase 1 fixture row keeps its exact ID, custody, provenance and graph state
linux-sigterm	Native backup, private file permissions and restore on Linux	2026-09-20T23:44:08.2357381Z   ✓ restored Phase 1 graph has no orphan or duplicate custody
linux-sigterm	Native backup, private file permissions and restore on Linux	2026-09-20T23:44:09.0897019Z 
linux-sigterm	Native backup, private file permissions and restore on Linux	2026-09-20T23:44:09.0897863Z 26 passed, 0 failed
linux-sigterm	Native backup, private file permissions and restore on Linux	2026-09-20T23:44:09.0899255Z ✅ backup-selftest passed — every verification in backup.sh refuses what it should, keeps what it should, and the dump restores.
linux-sigterm	Nine production-process termination barriers	﻿2026-09-20T23:44:09.7327101Z ##[group]Run set -o pipefail
linux-sigterm	Nine production-process termination barriers	2026-09-20T23:44:09.7327303Z ^[[36;1mset -o pipefail^[[0m
linux-sigterm	Nine production-process termination barriers	2026-09-20T23:44:09.7327506Z ^[[36;1mnode tools/rc1-shutdown.js 2>&1 | tee "$RC1_SHUTDOWN_EVIDENCE/shutdown.log"^[[0m
linux-sigterm	Nine production-process termination barriers	2026-09-20T23:44:09.7356438Z shell: /usr/bin/bash -e {0}
linux-sigterm	Nine production-process termination barriers	2026-09-20T23:44:09.7356576Z env:
linux-sigterm	Nine production-process termination barriers	2026-09-20T23:44:09.7356903Z   COORDINATION_TEST_DATABASE_URL: ***127.0.0.1:5432/rc1_recovery
linux-sigterm	Nine production-process termination barriers	2026-09-20T23:44:09.7357161Z   DATABASE_URL: ***127.0.0.1:5432/rc1_recovery
linux-sigterm	Nine production-process termination barriers	2026-09-20T23:44:09.7357382Z   RC1_SHUTDOWN_EVIDENCE: /home/runner/work/Omerta/Omerta/tmp/rc1-linux-recovery
linux-sigterm	Nine production-process termination barriers	2026-09-20T23:44:09.7357594Z ##[endgroup]
linux-sigterm	Nine production-process termination barriers	2026-09-20T23:44:45.3811675Z PASS director-selection: barrier, SIGTERM, restart, replay and invariants
linux-sigterm	Nine production-process termination barriers	2026-09-20T23:45:21.6329368Z PASS campaign-progression: barrier, SIGTERM, restart, replay and invariants
linux-sigterm	Nine production-process termination barriers	2026-09-20T23:45:31.1673884Z PASS world-kernel-mutation: barrier, SIGTERM, restart, replay and invariants
linux-sigterm	Nine production-process termination barriers	2026-09-20T23:45:42.7435380Z PASS operation-resolution: barrier, SIGTERM, restart, replay and invariants
linux-sigterm	Nine production-process termination barriers	2026-09-20T23:45:53.4559389Z PASS item-consumption: barrier, SIGTERM, restart, replay and invariants
linux-sigterm	Nine production-process termination barriers	2026-09-20T23:46:05.9466622Z PASS crafting: barrier, SIGTERM, restart, replay and invariants
linux-sigterm	Nine production-process termination barriers	2026-09-20T23:46:19.6052813Z PASS player-command: barrier, SIGTERM, restart, replay and invariants
linux-sigterm	Nine production-process termination barriers	2026-09-20T23:46:36.4271098Z PASS consequence-generation: barrier, SIGTERM, restart, replay and invariants
linux-sigterm	Nine production-process termination barriers	2026-09-20T23:46:59.1237422Z PASS scheduled-worker-processing: barrier, SIGTERM, restart, replay and invariants
linux-sigterm	Retain exact-revision process logs and verdict	﻿2026-09-20T23:46:59.4171825Z Node 20 is being deprecated. This workflow is running with Node 24 by default. If you need to temporarily use Node 20, you can set the ACTIONS_ALLOW_USE_UNSECURE_NODE_VERSION=true environment variable. For more information see: https://github.blog/changelog/2025-09-19-deprecation-of-node-20-on-github-actions-runners/
linux-sigterm	Retain exact-revision process logs and verdict	2026-09-20T23:46:59.4172523Z ##[group]Run actions/upload-artifact@v4
linux-sigterm	Retain exact-revision process logs and verdict	2026-09-20T23:46:59.4172674Z with:
linux-sigterm	Retain exact-revision process logs and verdict	2026-09-20T23:46:59.4172850Z   name: rc1-linux-recovery-cce721029c86de7c6f0d875fef7cb8de29504dda
linux-sigterm	Retain exact-revision process logs and verdict	2026-09-20T23:46:59.4173093Z   path: tmp/rc1-linux-recovery/
linux-sigterm	Retain exact-revision process logs and verdict	docs/release/evidence/mobile/
linux-sigterm	Retain exact-revision process logs and verdict	
linux-sigterm	Retain exact-revision process logs and verdict	2026-09-20T23:46:59.4173281Z   if-no-files-found: error
linux-sigterm	Retain exact-revision process logs and verdict	2026-09-20T23:46:59.4173412Z   retention-days: 30
linux-sigterm	Retain exact-revision process logs and verdict	2026-09-20T23:46:59.4173529Z   compression-level: 6
linux-sigterm	Retain exact-revision process logs and verdict	2026-09-20T23:46:59.4173660Z   overwrite: false
linux-sigterm	Retain exact-revision process logs and verdict	2026-09-20T23:46:59.4173777Z   include-hidden-files: false
linux-sigterm	Retain exact-revision process logs and verdict	2026-09-20T23:46:59.4173906Z env:
linux-sigterm	Retain exact-revision process logs and verdict	2026-09-20T23:46:59.4174201Z   COORDINATION_TEST_DATABASE_URL: ***127.0.0.1:5432/rc1_recovery
linux-sigterm	Retain exact-revision process logs and verdict	2026-09-20T23:46:59.4174490Z   DATABASE_URL: ***127.0.0.1:5432/rc1_recovery
linux-sigterm	Retain exact-revision process logs and verdict	2026-09-20T23:46:59.4174714Z   RC1_SHUTDOWN_EVIDENCE: /home/runner/work/Omerta/Omerta/tmp/rc1-linux-recovery
linux-sigterm	Retain exact-revision process logs and verdict	2026-09-20T23:46:59.4174923Z ##[endgroup]
linux-sigterm	Retain exact-revision process logs and verdict	2026-09-20T23:46:59.5250752Z (node:5496) [DEP0040] DeprecationWarning: The `punycode` module is deprecated. Please use a userland alternative instead.
linux-sigterm	Retain exact-revision process logs and verdict	2026-09-20T23:46:59.5251296Z (Use `node --trace-deprecation ...` to show where the warning was created)
linux-sigterm	Retain exact-revision process logs and verdict	2026-09-20T23:46:59.5316429Z Multiple search paths detected. Calculating the least common ancestor of all paths
linux-sigterm	Retain exact-revision process logs and verdict	2026-09-20T23:46:59.5317461Z The least common ancestor is /home/runner/work/Omerta/Omerta. This will be the root directory of the artifact
linux-sigterm	Retain exact-revision process logs and verdict	2026-09-20T23:46:59.5318038Z With the provided path, there will be 31 files uploaded
linux-sigterm	Retain exact-revision process logs and verdict	2026-09-20T23:46:59.5326801Z Artifact name is valid!
linux-sigterm	Retain exact-revision process logs and verdict	2026-09-20T23:46:59.5327907Z Root directory input is valid!
linux-sigterm	Retain exact-revision process logs and verdict	2026-09-20T23:46:59.9132624Z Beginning upload of artifact content to blob storage
linux-sigterm	Retain exact-revision process logs and verdict	2026-09-20T23:46:59.9515849Z (node:5496) [DEP0169] DeprecationWarning: `url.parse()` behavior is not standardized and prone to errors that have security implications. Use the WHATWG URL API instead. CVEs are not issued for `url.parse()` vulnerabilities.
linux-sigterm	Retain exact-revision process logs and verdict	2026-09-20T23:47:00.5178265Z Uploaded bytes 395721
linux-sigterm	Retain exact-revision process logs and verdict	2026-09-20T23:47:00.5950037Z Finished uploading artifact content to blob storage!
linux-sigterm	Retain exact-revision process logs and verdict	2026-09-20T23:47:00.5950886Z SHA256 digest of uploaded artifact zip is 6e8d56d8f035c45c9bb20bc0b95c9dc2be03a20d8ec6078fe8489e77d157e38a
linux-sigterm	Retain exact-revision process logs and verdict	2026-09-20T23:47:00.5951544Z Finalizing artifact upload
linux-sigterm	Retain exact-revision process logs and verdict	2026-09-20T23:47:00.8759834Z Artifact rc1-linux-recovery-cce721029c86de7c6f0d875fef7cb8de29504dda.zip successfully finalized. Artifact ID 10616281904
linux-sigterm	Retain exact-revision process logs and verdict	2026-09-20T23:47:00.8760938Z Artifact rc1-linux-recovery-cce721029c86de7c6f0d875fef7cb8de29504dda has been successfully uploaded! Final size is 395721 bytes. Artifact ID is 10616281904
linux-sigterm	Retain exact-revision process logs and verdict	2026-09-20T23:47:00.8765097Z Artifact download URL: https://github.com/OmertaDev/Omerta/actions/runs/35545394093/artifacts/10616281904
linux-sigterm	Post Run actions/setup-node@v7	﻿2026-09-20T23:47:00.8900852Z Post job cleanup.
linux-sigterm	Post Run actions/setup-node@v7	2026-09-20T23:47:00.9682286Z Cache hit occurred on the primary key node-cache-Linux-x64-npm-08335a2c38c1e792b2f470fe8262ee4aed19102649a638186cb6f1a346595d77, not saving cache.
linux-sigterm	Post Run actions/checkout@v7	﻿2026-09-20T23:47:00.9780388Z Post job cleanup.
linux-sigterm	Post Run actions/checkout@v7	2026-09-20T23:47:01.0363564Z [command]/usr/bin/git version
linux-sigterm	Post Run actions/checkout@v7	2026-09-20T23:47:01.0401059Z git version 2.55.0
linux-sigterm	Post Run actions/checkout@v7	2026-09-20T23:47:01.0432571Z Temporarily overriding HOME='/home/runner/work/_temp/46e7faa0-75bb-4b58-a9be-2ed963e2c986' before making global git config changes
linux-sigterm	Post Run actions/checkout@v7	2026-09-20T23:47:01.0433393Z Adding repository directory to the temporary git global config as a safe directory
linux-sigterm	Post Run actions/checkout@v7	2026-09-20T23:47:01.0436402Z [command]/usr/bin/git config --global --add safe.directory /home/runner/work/Omerta/Omerta
linux-sigterm	Post Run actions/checkout@v7	2026-09-20T23:47:01.0467723Z Removing SSH command configuration
linux-sigterm	Post Run actions/checkout@v7	2026-09-20T23:47:01.0472545Z [command]/usr/bin/git config --local --name-only --get-regexp core\.sshCommand
linux-sigterm	Post Run actions/checkout@v7	2026-09-20T23:47:01.0503986Z [command]/usr/bin/git submodule foreach --recursive sh -c "git config --local --name-only --get-regexp 'core\.sshCommand' && git config --local --unset-all 'core.sshCommand' || :"
linux-sigterm	Post Run actions/checkout@v7	2026-09-20T23:47:01.0704139Z Removing HTTP extra header
linux-sigterm	Post Run actions/checkout@v7	2026-09-20T23:47:01.0720992Z [command]/usr/bin/git config --local --name-only --get-regexp http\.https\:\/\/github\.com\/\.extraheader
linux-sigterm	Post Run actions/checkout@v7	2026-09-20T23:47:01.0767515Z [command]/usr/bin/git submodule foreach --recursive sh -c "git config --local --name-only --get-regexp 'http\.https\:\/\/github\.com\/\.extraheader' && git config --local --unset-all 'http.https://github.com/.extraheader' || :"
linux-sigterm	Post Run actions/checkout@v7	2026-09-20T23:47:01.0994732Z Removing includeIf entries pointing to credentials config files
linux-sigterm	Post Run actions/checkout@v7	2026-09-20T23:47:01.1002135Z [command]/usr/bin/git config --local --name-only --get-regexp ^includeIf\.gitdir:
linux-sigterm	Post Run actions/checkout@v7	2026-09-20T23:47:01.1031404Z includeif.gitdir:/home/runner/work/Omerta/Omerta/.git.path
linux-sigterm	Post Run actions/checkout@v7	2026-09-20T23:47:01.1032198Z includeif.gitdir:/home/runner/work/Omerta/Omerta/.git/worktrees/*.path
linux-sigterm	Post Run actions/checkout@v7	2026-09-20T23:47:01.1033039Z includeif.gitdir:/github/workspace/.git.path
linux-sigterm	Post Run actions/checkout@v7	2026-09-20T23:47:01.1033534Z includeif.gitdir:/github/workspace/.git/worktrees/*.path
linux-sigterm	Post Run actions/checkout@v7	2026-09-20T23:47:01.1040908Z [command]/usr/bin/git config --local --get-all includeif.gitdir:/home/runner/work/Omerta/Omerta/.git.path
linux-sigterm	Post Run actions/checkout@v7	2026-09-20T23:47:01.1065883Z /home/runner/work/_temp/git-credentials-a1fec096-69c0-4260-b2c3-3ad651fd07a2.config
linux-sigterm	Post Run actions/checkout@v7	2026-09-20T23:47:01.1074680Z [command]/usr/bin/git config --local --unset includeif.gitdir:/home/runner/work/Omerta/Omerta/.git.path \/home\/runner\/work\/_temp\/git\-credentials\-a1fec096\-69c0\-4260\-b2c3\-3ad651fd07a2\.config
linux-sigterm	Post Run actions/checkout@v7	2026-09-20T23:47:01.1110928Z [command]/usr/bin/git config --local --get-all includeif.gitdir:/home/runner/work/Omerta/Omerta/.git/worktrees/*.path
linux-sigterm	Post Run actions/checkout@v7	2026-09-20T23:47:01.1135480Z /home/runner/work/_temp/git-credentials-a1fec096-69c0-4260-b2c3-3ad651fd07a2.config
linux-sigterm	Post Run actions/checkout@v7	2026-09-20T23:47:01.1149294Z [command]/usr/bin/git config --local --unset includeif.gitdir:/home/runner/work/Omerta/Omerta/.git/worktrees/*.path \/home\/runner\/work\/_temp\/git\-credentials\-a1fec096\-69c0\-4260\-b2c3\-3ad651fd07a2\.config
linux-sigterm	Post Run actions/checkout@v7	2026-09-20T23:47:01.1180724Z [command]/usr/bin/git config --local --get-all includeif.gitdir:/github/workspace/.git.path
linux-sigterm	Post Run actions/checkout@v7	2026-09-20T23:47:01.1204254Z /github/runner_temp/git-credentials-a1fec096-69c0-4260-b2c3-3ad651fd07a2.config
linux-sigterm	Post Run actions/checkout@v7	2026-09-20T23:47:01.1210200Z [command]/usr/bin/git config --local --unset includeif.gitdir:/github/workspace/.git.path \/github\/runner_temp\/git\-credentials\-a1fec096\-69c0\-4260\-b2c3\-3ad651fd07a2\.config
linux-sigterm	Post Run actions/checkout@v7	2026-09-20T23:47:01.1240206Z [command]/usr/bin/git config --local --get-all includeif.gitdir:/github/workspace/.git/worktrees/*.path
linux-sigterm	Post Run actions/checkout@v7	2026-09-20T23:47:01.1262943Z /github/runner_temp/git-credentials-a1fec096-69c0-4260-b2c3-3ad651fd07a2.config
linux-sigterm	Post Run actions/checkout@v7	2026-09-20T23:47:01.1269002Z [command]/usr/bin/git config --local --unset includeif.gitdir:/github/workspace/.git/worktrees/*.path \/github\/runner_temp\/git\-credentials\-a1fec096\-69c0\-4260\-b2c3\-3ad651fd07a2\.config
linux-sigterm	Post Run actions/checkout@v7	2026-09-20T23:47:01.1304933Z [command]/usr/bin/git submodule foreach --recursive git config --local --show-origin --name-only --get-regexp remote.origin.url
linux-sigterm	Post Run actions/checkout@v7	2026-09-20T23:47:01.1490605Z Removing credentials config '/home/runner/work/_temp/git-credentials-a1fec096-69c0-4260-b2c3-3ad651fd07a2.config'
linux-sigterm	Stop containers	﻿2026-09-20T23:47:01.1605877Z Print service container logs: f05ca5ce072445739223b6807bb81d88_postgres16_f82a38
linux-sigterm	Stop containers	2026-09-20T23:47:01.1609043Z ##[command]/usr/bin/docker logs --details 679d167a28f46293a8109d9302128c52939e84758987b9036670dc175155d5c9
linux-sigterm	Stop containers	2026-09-20T23:47:01.1715733Z  initdb: warning: enabling "trust" authentication for local connections
linux-sigterm	Stop containers	2026-09-20T23:47:01.1716736Z  initdb: hint: You can change this by editing pg_hba.conf or using the option -A, or --auth-local and --auth-host, the next time you run initdb.
linux-sigterm	Stop containers	2026-09-20T23:47:01.1718211Z  2026-09-20 23:41:56.193 UTC [1] LOG:  starting PostgreSQL 16.15 (Debian 16.15-1.pgdg13+2) on x86_64-pc-linux-gnu, compiled by gcc (Debian 14.2.0-19) 14.2.0, 64-bit
linux-sigterm	Stop containers	2026-09-20T23:47:01.1718886Z  2026-09-20 23:41:56.193 UTC [1] LOG:  listening on IPv4 address "0.0.0.0", port 5432
linux-sigterm	Stop containers	2026-09-20T23:47:01.1719184Z  2026-09-20 23:41:56.193 UTC [1] LOG:  listening on IPv6 address "::", port 5432
linux-sigterm	Stop containers	2026-09-20T23:47:01.1719774Z  2026-09-20 23:41:56.194 UTC [1] LOG:  listening on Unix socket "/var/run/postgresql/.s.PGSQL.5432"
linux-sigterm	Stop containers	2026-09-20T23:47:01.1720444Z  2026-09-20 23:41:56.196 UTC [64] LOG:  database system was shut down at 2026-09-20 23:41:55 UTC
linux-sigterm	Stop containers	2026-09-20T23:47:01.1720906Z  2026-09-20 23:41:56.199 UTC [1] LOG:  database system is ready to accept connections
linux-sigterm	Stop containers	2026-09-20T23:47:01.1721433Z  2026-09-20 23:41:59.383 UTC [75] FATAL:  role "root" does not exist
linux-sigterm	Stop containers	2026-09-20T23:47:01.1721979Z  2026-09-20 23:42:04.421 UTC [83] FATAL:  role "root" does not exist
linux-sigterm	Stop containers	2026-09-20T23:47:01.1722429Z  2026-09-20 23:42:09.460 UTC [91] FATAL:  role "root" does not exist
linux-sigterm	Stop containers	2026-09-20T23:47:01.1722890Z  2026-09-20 23:42:14.502 UTC [99] FATAL:  role "root" does not exist
linux-sigterm	Stop containers	2026-09-20T23:47:01.1723710Z  2026-09-20 23:42:19.546 UTC [107] FATAL:  role "root" does not exist
linux-sigterm	Stop containers	2026-09-20T23:47:01.1724035Z  2026-09-20 23:42:24.592 UTC [115] FATAL:  role "root" does not exist
linux-sigterm	Stop containers	2026-09-20T23:47:01.1724414Z  2026-09-20 23:42:29.635 UTC [125] FATAL:  role "root" does not exist
linux-sigterm	Stop containers	2026-09-20T23:47:01.1724768Z  2026-09-20 23:42:34.687 UTC [133] FATAL:  role "root" does not exist
linux-sigterm	Stop containers	2026-09-20T23:47:01.1725132Z  2026-09-20 23:42:39.728 UTC [144] FATAL:  role "root" does not exist
linux-sigterm	Stop containers	2026-09-20T23:47:01.1725470Z  2026-09-20 23:42:44.771 UTC [153] FATAL:  role "root" does not exist
linux-sigterm	Stop containers	2026-09-20T23:47:01.1725834Z  2026-09-20 23:42:45.053 UTC [136] ERROR:  RC1 injected DDL interruption
linux-sigterm	Stop containers	2026-09-20T23:47:01.1726386Z  2026-09-20 23:42:45.053 UTC [136] CONTEXT:  PL/pgSQL function reject_column() line 4 at RAISE
linux-sigterm	Stop containers	2026-09-20T23:47:01.1727002Z  2026-09-20 23:42:45.053 UTC [136] STATEMENT:  ALTER TABLE characters ADD COLUMN IF NOT EXISTS bank_credit_ms BIGINT NOT NULL DEFAULT 28800000
linux-sigterm	Stop containers	2026-09-20T23:47:01.1727580Z  2026-09-20 23:42:49.810 UTC [161] FATAL:  role "root" does not exist
linux-sigterm	Stop containers	2026-09-20T23:47:01.1727949Z  2026-09-20 23:42:54.849 UTC [169] FATAL:  role "root" does not exist
linux-sigterm	Stop containers	2026-09-20T23:47:01.1728191Z  2026-09-20 23:42:59.889 UTC [181] FATAL:  role "root" does not exist
linux-sigterm	Stop containers	2026-09-20T23:47:01.1728487Z  2026-09-20 23:43:04.227 UTC [184] ERROR:  duplicate key value violates unique constraint "idempotency_pkey"
linux-sigterm	Stop containers	2026-09-20T23:47:01.1729124Z  2026-09-20 23:43:04.227 UTC [184] DETAIL:  Key (account_id, key)=(rc1-security-owner, cbc59a198c966c7de05f106a7a385926e182763d73294986e1675156eac39677.fd9c03b54928594c7b2b47f85f80a3161bc9c948d3aaff4c1c21fbcd8ca81435) already exists.
linux-sigterm	Stop containers	2026-09-20T23:47:01.1729774Z  The files belonging to this database system will be owned by user "postgres".
linux-sigterm	Stop containers	2026-09-20T23:47:01.1730012Z  This user must also own the server process.
linux-sigterm	Stop containers	2026-09-20T23:47:01.1730175Z  
linux-sigterm	Stop containers	2026-09-20T23:47:01.1730340Z  The database cluster will be initialized with locale "en_US.utf8".
linux-sigterm	Stop containers	2026-09-20T23:47:01.1730601Z  The default database encoding has accordingly been set to "UTF8".
linux-sigterm	Stop containers	2026-09-20T23:47:01.1730855Z  The default text search configuration will be set to "english".
linux-sigterm	Stop containers	2026-09-20T23:47:01.1731050Z  
linux-sigterm	Stop containers	2026-09-20T23:47:01.1731172Z  Data page checksums are disabled.
linux-sigterm	Stop containers	2026-09-20T23:47:01.1731314Z  
linux-sigterm	Stop containers	2026-09-20T23:47:01.1731478Z  fixing permissions on existing directory /var/lib/postgresql/data ... ok
linux-sigterm	Stop containers	2026-09-20T23:47:01.1731913Z  creating subdirectories ... ok
linux-sigterm	Stop containers	2026-09-20T23:47:01.1732102Z  selecting dynamic shared memory implementation ... posix
linux-sigterm	Stop containers	2026-09-20T23:47:01.1732305Z  selecting default max_connections ... 100
linux-sigterm	Stop containers	2026-09-20T23:47:01.1732480Z  selecting default shared_buffers ... 128MB
linux-sigterm	Stop containers	2026-09-20T23:47:01.1732655Z  selecting default time zone ... Etc/UTC
linux-sigterm	Stop containers	2026-09-20T23:47:01.1732839Z  creating configuration files ... ok
linux-sigterm	Stop containers	2026-09-20T23:47:01.1733005Z  running bootstrap script ... ok
linux-sigterm	Stop containers	2026-09-20T23:47:01.1733277Z  performing post-bootstrap initialization ... ok
linux-sigterm	Stop containers	2026-09-20T23:47:01.1733453Z  syncing data to disk ... ok
linux-sigterm	Stop containers	2026-09-20T23:47:01.1733585Z  
linux-sigterm	Stop containers	2026-09-20T23:47:01.1733682Z  
linux-sigterm	Stop containers	2026-09-20T23:47:01.1733820Z  Success. You can now start the database server using:
linux-sigterm	Stop containers	2026-09-20T23:47:01.1733986Z  
linux-sigterm	Stop containers	2026-09-20T23:47:01.1734124Z      pg_ctl -D /var/lib/postgresql/data -l logfile start
linux-sigterm	Stop containers	2026-09-20T23:47:01.1734287Z  
linux-sigterm	Stop containers	2026-09-20T23:47:01.1734628Z  waiting for server to start....2026-09-20 23:41:55.433 UTC [48] LOG:  starting PostgreSQL 16.15 (Debian 16.15-1.pgdg13+2) on x86_64-pc-linux-gnu, compiled by gcc (Debian 14.2.0-19) 14.2.0, 64-bit
linux-sigterm	Stop containers	2026-09-20T23:47:01.1735100Z  2026-09-20 23:41:55.478 UTC [48] LOG:  listening on Unix socket "/var/run/postgresql/.s.PGSQL.5432"
linux-sigterm	Stop containers	2026-09-20T23:47:01.1735410Z  2026-09-20 23:41:55.487 UTC [51] LOG:  database system was shut down at 2026-09-20 23:41:54 UTC
linux-sigterm	Stop containers	2026-09-20T23:47:01.1735693Z  2026-09-20 23:41:55.490 UTC [48] LOG:  database system is ready to accept connections
linux-sigterm	Stop containers	2026-09-20T23:47:01.1735985Z   done
linux-sigterm	Stop containers	2026-09-20T23:47:01.1736090Z  server started
linux-sigterm	Stop containers	2026-09-20T23:47:01.1736235Z  CREATE DATABASE
linux-sigterm	Stop containers	2026-09-20T23:47:01.1736560Z  
linux-sigterm	Stop containers	2026-09-20T23:47:01.1736656Z  
linux-sigterm	Stop containers	2026-09-20T23:47:01.1736843Z  /usr/local/bin/docker-entrypoint.sh: ignoring /docker-entrypoint-initdb.d/*
linux-sigterm	Stop containers	2026-09-20T23:47:01.1737056Z  
linux-sigterm	Stop containers	2026-09-20T23:47:01.1737252Z  waiting for server to shut down...2026-09-20 23:41:55.713 UTC [48] LOG:  received fast shutdown request
linux-sigterm	Stop containers	2026-09-20T23:47:01.1737535Z  .2026-09-20 23:41:55.747 UTC [48] LOG:  aborting any active transactions
linux-sigterm	Stop containers	2026-09-20T23:47:01.1737856Z  2026-09-20 23:41:55.749 UTC [48] LOG:  background worker "logical replication launcher" (PID 54) exited with exit code 1
linux-sigterm	Stop containers	2026-09-20T23:47:01.1738153Z  2026-09-20 23:41:55.750 UTC [49] LOG:  shutting down
linux-sigterm	Stop containers	2026-09-20T23:47:01.1738370Z  2026-09-20 23:41:55.750 UTC [49] LOG:  checkpoint starting: shutdown immediate
linux-sigterm	Stop containers	2026-09-20T23:47:01.1739006Z  2026-09-20 23:41:55.952 UTC [49] LOG:  checkpoint complete: wrote 926 buffers (5.7%); 0 WAL file(s) added, 0 removed, 0 recycled; write=0.066 s, sync=0.135 s, total=0.203 s; sync files=301, longest=0.096 s, average=0.001 s; distance=4273 kB, estimate=4273 kB; lsn=0/191F0F0, redo lsn=0/191F0F0
linux-sigterm	Stop containers	2026-09-20T23:47:01.1739606Z  2026-09-20 23:41:55.958 UTC [48] LOG:  database system is shut down
linux-sigterm	Stop containers	2026-09-20T23:47:01.1739790Z   done
linux-sigterm	Stop containers	2026-09-20T23:47:01.1739894Z  server stopped
linux-sigterm	Stop containers	2026-09-20T23:47:01.1740001Z  
linux-sigterm	Stop containers	2026-09-20T23:47:01.1740134Z  PostgreSQL init process complete; ready for start up.
linux-sigterm	Stop containers	2026-09-20T23:47:01.1740298Z  
linux-sigterm	Stop containers	2026-09-20T23:47:01.1740596Z  2026-09-20 23:43:04.227 UTC [184] STATEMENT:  INSERT INTO idempotency (account_id, key, status, body_hash, response) VALUES ($1,$2,0,$3,$4)
linux-sigterm	Stop containers	2026-09-20T23:47:01.1740989Z  2026-09-20 23:43:04.227 UTC [183] ERROR:  duplicate key value violates unique constraint "idempotency_pkey"
linux-sigterm	Stop containers	2026-09-20T23:47:01.1741575Z  2026-09-20 23:43:04.227 UTC [183] DETAIL:  Key (account_id, key)=(rc1-security-owner, cbc59a198c966c7de05f106a7a385926e182763d73294986e1675156eac39677.fd9c03b54928594c7b2b47f85f80a3161bc9c948d3aaff4c1c21fbcd8ca81435) already exists.
linux-sigterm	Stop containers	2026-09-20T23:47:01.1742204Z  2026-09-20 23:43:04.227 UTC [183] STATEMENT:  INSERT INTO idempotency (account_id, key, status, body_hash, response) VALUES ($1,$2,0,$3,$4)
linux-sigterm	Stop containers	2026-09-20T23:47:01.1742590Z  2026-09-20 23:43:04.227 UTC [186] ERROR:  duplicate key value violates unique constraint "idempotency_pkey"
linux-sigterm	Stop containers	2026-09-20T23:47:01.1743165Z  2026-09-20 23:43:04.227 UTC [186] DETAIL:  Key (account_id, key)=(rc1-security-owner, cbc59a198c966c7de05f106a7a385926e182763d73294986e1675156eac39677.fd9c03b54928594c7b2b47f85f80a3161bc9c948d3aaff4c1c21fbcd8ca81435) already exists.
linux-sigterm	Stop containers	2026-09-20T23:47:01.1743895Z  2026-09-20 23:43:04.227 UTC [186] STATEMENT:  INSERT INTO idempotency (account_id, key, status, body_hash, response) VALUES ($1,$2,0,$3,$4)
linux-sigterm	Stop containers	2026-09-20T23:47:01.1744284Z  2026-09-20 23:43:04.228 UTC [182] ERROR:  duplicate key value violates unique constraint "idempotency_pkey"
linux-sigterm	Stop containers	2026-09-20T23:47:01.1744850Z  2026-09-20 23:43:04.228 UTC [182] DETAIL:  Key (account_id, key)=(rc1-security-owner, cbc59a198c966c7de05f106a7a385926e182763d73294986e1675156eac39677.fd9c03b54928594c7b2b47f85f80a3161bc9c948d3aaff4c1c21fbcd8ca81435) already exists.
linux-sigterm	Stop containers	2026-09-20T23:47:01.1745545Z  2026-09-20 23:43:04.228 UTC [182] STATEMENT:  INSERT INTO idempotency (account_id, key, status, body_hash, response) VALUES ($1,$2,0,$3,$4)
linux-sigterm	Stop containers	2026-09-20T23:47:01.1745925Z  2026-09-20 23:43:04.233 UTC [185] ERROR:  duplicate key value violates unique constraint "idempotency_pkey"
linux-sigterm	Stop containers	2026-09-20T23:47:01.1747211Z  2026-09-20 23:43:04.233 UTC [185] DETAIL:  Key (account_id, key)=(rc1-security-owner, cbc59a198c966c7de05f106a7a385926e182763d73294986e1675156eac39677.fd9c03b54928594c7b2b47f85f80a3161bc9c948d3aaff4c1c21fbcd8ca81435) already exists.
linux-sigterm	Stop containers	2026-09-20T23:47:01.1747845Z  2026-09-20 23:43:04.233 UTC [185] STATEMENT:  INSERT INTO idempotency (account_id, key, status, body_hash, response) VALUES ($1,$2,0,$3,$4)
linux-sigterm	Stop containers	2026-09-20T23:47:01.1748232Z  2026-09-20 23:43:04.237 UTC [187] ERROR:  duplicate key value violates unique constraint "idempotency_pkey"
linux-sigterm	Stop containers	2026-09-20T23:47:01.1748796Z  2026-09-20 23:43:04.237 UTC [187] DETAIL:  Key (account_id, key)=(rc1-security-owner, cbc59a198c966c7de05f106a7a385926e182763d73294986e1675156eac39677.fd9c03b54928594c7b2b47f85f80a3161bc9c948d3aaff4c1c21fbcd8ca81435) already exists.
linux-sigterm	Stop containers	2026-09-20T23:47:01.1749403Z  2026-09-20 23:43:04.237 UTC [187] STATEMENT:  INSERT INTO idempotency (account_id, key, status, body_hash, response) VALUES ($1,$2,0,$3,$4)
linux-sigterm	Stop containers	2026-09-20T23:47:01.1749819Z  2026-09-20 23:43:04.246 UTC [188] ERROR:  duplicate key value violates unique constraint "idempotency_pkey"
linux-sigterm	Stop containers	2026-09-20T23:47:01.1750387Z  2026-09-20 23:43:04.246 UTC [188] DETAIL:  Key (account_id, key)=(rc1-security-owner, cbc59a198c966c7de05f106a7a385926e182763d73294986e1675156eac39677.fd9c03b54928594c7b2b47f85f80a3161bc9c948d3aaff4c1c21fbcd8ca81435) already exists.
linux-sigterm	Stop containers	2026-09-20T23:47:01.1751001Z  2026-09-20 23:43:04.246 UTC [188] STATEMENT:  INSERT INTO idempotency (account_id, key, status, body_hash, response) VALUES ($1,$2,0,$3,$4)
linux-sigterm	Stop containers	2026-09-20T23:47:01.1751387Z  2026-09-20 23:43:04.261 UTC [190] ERROR:  could not obtain lock on row in relation "player_command_boards"
linux-sigterm	Stop containers	2026-09-20T23:47:01.1751763Z  2026-09-20 23:43:04.261 UTC [190] STATEMENT:  SELECT id FROM player_command_boards WHERE id=$1 AND account_id=$2 FOR UPDATE NOWAIT
linux-sigterm	Stop containers	2026-09-20T23:47:01.1752136Z  2026-09-20 23:43:04.261 UTC [192] ERROR:  could not obtain lock on row in relation "player_command_boards"
linux-sigterm	Stop containers	2026-09-20T23:47:01.1752508Z  2026-09-20 23:43:04.261 UTC [192] STATEMENT:  SELECT id FROM player_command_boards WHERE id=$1 AND account_id=$2 FOR UPDATE NOWAIT
linux-sigterm	Stop containers	2026-09-20T23:47:01.1752878Z  2026-09-20 23:43:04.262 UTC [194] ERROR:  could not obtain lock on row in relation "player_command_boards"
linux-sigterm	Stop containers	2026-09-20T23:47:01.1753245Z  2026-09-20 23:43:04.262 UTC [194] STATEMENT:  SELECT id FROM player_command_boards WHERE id=$1 AND account_id=$2 FOR UPDATE NOWAIT
linux-sigterm	Stop containers	2026-09-20T23:47:01.1753610Z  2026-09-20 23:43:04.263 UTC [193] ERROR:  could not obtain lock on row in relation "player_command_boards"
linux-sigterm	Stop containers	2026-09-20T23:47:01.1753983Z  2026-09-20 23:43:04.263 UTC [193] STATEMENT:  SELECT id FROM player_command_boards WHERE id=$1 AND account_id=$2 FOR UPDATE NOWAIT
linux-sigterm	Stop containers	2026-09-20T23:47:01.1754352Z  2026-09-20 23:43:04.266 UTC [191] ERROR:  could not obtain lock on row in relation "player_command_boards"
linux-sigterm	Stop containers	2026-09-20T23:47:01.1754720Z  2026-09-20 23:43:04.266 UTC [191] STATEMENT:  SELECT id FROM player_command_boards WHERE id=$1 AND account_id=$2 FOR UPDATE NOWAIT
linux-sigterm	Stop containers	2026-09-20T23:47:01.1755086Z  2026-09-20 23:43:04.266 UTC [195] ERROR:  could not obtain lock on row in relation "player_command_boards"
linux-sigterm	Stop containers	2026-09-20T23:47:01.1755553Z  2026-09-20 23:43:04.266 UTC [195] STATEMENT:  SELECT id FROM player_command_boards WHERE id=$1 AND account_id=$2 FOR UPDATE NOWAIT
linux-sigterm	Stop containers	2026-09-20T23:47:01.1755916Z  2026-09-20 23:43:04.274 UTC [196] ERROR:  could not obtain lock on row in relation "player_command_boards"
linux-sigterm	Stop containers	2026-09-20T23:47:01.1756402Z  2026-09-20 23:43:04.274 UTC [196] STATEMENT:  SELECT id FROM player_command_boards WHERE id=$1 AND account_id=$2 FOR UPDATE NOWAIT
linux-sigterm	Stop containers	2026-09-20T23:47:01.1756813Z  2026-09-20 23:43:04.931 UTC [205] FATAL:  role "root" does not exist
linux-sigterm	Stop containers	2026-09-20T23:47:01.1757094Z  2026-09-20 23:43:05.844 UTC [197] ERROR:  duplicate key value violates unique constraint "idempotency_pkey"
linux-sigterm	Stop containers	2026-09-20T23:47:01.1757665Z  2026-09-20 23:43:05.844 UTC [197] DETAIL:  Key (account_id, key)=(rc1-security-owner, cbc59a198c966c7de05f106a7a385926e182763d73294986e1675156eac39677.fd9c03b54928594c7b2b47f85f80a3161bc9c948d3aaff4c1c21fbcd8ca81435) already exists.
linux-sigterm	Stop containers	2026-09-20T23:47:01.1758281Z  2026-09-20 23:43:05.844 UTC [197] STATEMENT:  INSERT INTO idempotency (account_id, key, status, body_hash, response) VALUES ($1,$2,0,$3,$4)
linux-sigterm	Stop containers	2026-09-20T23:47:01.1758626Z  2026-09-20 23:43:05.885 UTC [62] LOG:  checkpoint starting: immediate force wait
linux-sigterm	Stop containers	2026-09-20T23:47:01.1759193Z  2026-09-20 23:43:06.043 UTC [62] LOG:  checkpoint complete: wrote 964 buffers (5.9%); 0 WAL file(s) added, 0 removed, 2 recycled; write=0.039 s, sync=0.097 s, total=0.159 s; sync files=1855, longest=0.001 s, average=0.001 s; distance=29561 kB, estimate=29561 kB; lsn=0/35FD828, redo lsn=0/35FD7F0
linux-sigterm	Stop containers	2026-09-20T23:47:01.1759741Z  2026-09-20 23:43:09.973 UTC [215] FATAL:  role "root" does not exist
linux-sigterm	Stop containers	2026-09-20T23:47:01.1759963Z  2026-09-20 23:43:15.013 UTC [223] FATAL:  role "root" does not exist
linux-sigterm	Stop containers	2026-09-20T23:47:01.1760176Z  2026-09-20 23:43:20.060 UTC [231] FATAL:  role "root" does not exist
linux-sigterm	Stop containers	2026-09-20T23:47:01.1760389Z  2026-09-20 23:43:25.101 UTC [239] FATAL:  role "root" does not exist
linux-sigterm	Stop containers	2026-09-20T23:47:01.1760602Z  2026-09-20 23:43:30.144 UTC [251] FATAL:  role "root" does not exist
linux-sigterm	Stop containers	2026-09-20T23:47:01.1760811Z  2026-09-20 23:43:35.189 UTC [261] FATAL:  role "root" does not exist
linux-sigterm	Stop containers	2026-09-20T23:47:01.1761018Z  2026-09-20 23:43:40.238 UTC [269] FATAL:  role "root" does not exist
linux-sigterm	Stop containers	2026-09-20T23:47:01.1761228Z  2026-09-20 23:43:45.290 UTC [277] FATAL:  role "root" does not exist
linux-sigterm	Stop containers	2026-09-20T23:47:01.1761437Z  2026-09-20 23:43:50.349 UTC [286] FATAL:  role "root" does not exist
linux-sigterm	Stop containers	2026-09-20T23:47:01.1761673Z  2026-09-20 23:43:52.446 UTC [62] LOG:  checkpoint starting: immediate force wait
linux-sigterm	Stop containers	2026-09-20T23:47:01.1762223Z  2026-09-20 23:43:52.502 UTC [62] LOG:  checkpoint complete: wrote 387 buffers (2.4%); 0 WAL file(s) added, 0 removed, 1 recycled; write=0.015 s, sync=0.012 s, total=0.056 s; sync files=56, longest=0.008 s, average=0.001 s; distance=16868 kB, estimate=28292 kB; lsn=0/4676AB8, redo lsn=0/4676A80
linux-sigterm	Stop containers	2026-09-20T23:47:01.1762762Z  2026-09-20 23:43:55.396 UTC [299] FATAL:  role "root" does not exist
linux-sigterm	Stop containers	2026-09-20T23:47:01.1762976Z  2026-09-20 23:44:00.441 UTC [310] FATAL:  role "root" does not exist
linux-sigterm	Stop containers	2026-09-20T23:47:01.1763188Z  2026-09-20 23:44:05.481 UTC [350] FATAL:  role "root" does not exist
linux-sigterm	Stop containers	2026-09-20T23:47:01.1763413Z  2026-09-20 23:44:08.261 UTC [62] LOG:  checkpoint starting: immediate force wait
linux-sigterm	Stop containers	2026-09-20T23:47:01.1763978Z  2026-09-20 23:44:09.033 UTC [62] LOG:  checkpoint complete: wrote 4595 buffers (28.0%); 0 WAL file(s) added, 0 removed, 3 recycled; write=0.420 s, sync=0.309 s, total=0.773 s; sync files=4464, longest=0.035 s, average=0.001 s; distance=47634 kB, estimate=47634 kB; lsn=0/74FB660, redo lsn=0/74FB628
linux-sigterm	Stop containers	2026-09-20T23:47:01.1764539Z  2026-09-20 23:44:09.114 UTC [62] LOG:  checkpoint starting: immediate force wait
linux-sigterm	Stop containers	2026-09-20T23:47:01.1765079Z  2026-09-20 23:44:09.123 UTC [62] LOG:  checkpoint complete: wrote 2 buffers (0.0%); 0 WAL file(s) added, 0 removed, 0 recycled; write=0.001 s, sync=0.006 s, total=0.010 s; sync files=2, longest=0.006 s, average=0.003 s; distance=2 kB, estimate=42871 kB; lsn=0/74FBEF8, redo lsn=0/74FBEC0
linux-sigterm	Stop containers	2026-09-20T23:47:01.1765704Z  2026-09-20 23:44:09.225 UTC [62] LOG:  checkpoint starting: immediate force wait
linux-sigterm	Stop containers	2026-09-20T23:47:01.1766243Z  2026-09-20 23:44:09.329 UTC [62] LOG:  checkpoint complete: wrote 2 buffers (0.0%); 0 WAL file(s) added, 0 removed, 0 recycled; write=0.001 s, sync=0.001 s, total=0.105 s; sync files=2, longest=0.001 s, average=0.001 s; distance=2 kB, estimate=38584 kB; lsn=0/74FC7A8, redo lsn=0/74FC770
linux-sigterm	Stop containers	2026-09-20T23:47:01.1766957Z  2026-09-20 23:44:09.448 UTC [62] LOG:  checkpoint starting: immediate force wait
linux-sigterm	Stop containers	2026-09-20T23:47:01.1767495Z  2026-09-20 23:44:09.702 UTC [62] LOG:  checkpoint complete: wrote 2 buffers (0.0%); 0 WAL file(s) added, 0 removed, 0 recycled; write=0.047 s, sync=0.001 s, total=0.254 s; sync files=2, longest=0.001 s, average=0.001 s; distance=2 kB, estimate=34726 kB; lsn=0/74FD040, redo lsn=0/74FD008
linux-sigterm	Stop containers	2026-09-20T23:47:01.1768018Z  2026-09-20 23:44:10.522 UTC [368] FATAL:  role "root" does not exist
linux-sigterm	Stop containers	2026-09-20T23:47:01.1768239Z  2026-09-20 23:44:15.568 UTC [380] FATAL:  role "root" does not exist
linux-sigterm	Stop containers	2026-09-20T23:47:01.1768451Z  2026-09-20 23:44:20.608 UTC [388] FATAL:  role "root" does not exist
linux-sigterm	Stop containers	2026-09-20T23:47:01.1768687Z  2026-09-20 23:44:23.487 UTC [372] ERROR:  canceling statement due to lock timeout
linux-sigterm	Stop containers	2026-09-20T23:47:01.1768967Z  2026-09-20 23:44:23.487 UTC [372] CONTEXT:  SQL statement "SELECT pg_advisory_xact_lock(1901000, 2)"
linux-sigterm	Stop containers	2026-09-20T23:47:01.1769241Z  	PL/pgSQL function rc1_heartbeat_barrier() line 2 at PERFORM
linux-sigterm	Stop containers	2026-09-20T23:47:01.1769520Z  2026-09-20 23:44:23.487 UTC [372] STATEMENT:  UPDATE worker_heartbeat SET beat_at = now() WHERE id = 1
linux-sigterm	Stop containers	2026-09-20T23:47:01.1769811Z  2026-09-20 23:44:23.511 UTC [370] ERROR:  canceling statement due to lock timeout
linux-sigterm	Stop containers	2026-09-20T23:47:01.1770087Z  2026-09-20 23:44:23.511 UTC [370] CONTEXT:  SQL statement "SELECT pg_advisory_xact_lock(1901000, 1)"
linux-sigterm	Stop containers	2026-09-20T23:47:01.1770351Z  	PL/pgSQL function rc1_target_barrier() line 2 at PERFORM
linux-sigterm	Stop containers	2026-09-20T23:47:01.1770684Z  2026-09-20 23:44:23.511 UTC [370] STATEMENT:  INSERT INTO director_selections(id,mode,evaluated_at,facts_json,candidates_json,selected_json)
linux-sigterm	Stop containers	2026-09-20T23:47:01.1770996Z  	          VALUES($1,$2,$3,$4,$5,$6)
linux-sigterm	Stop containers	2026-09-20T23:47:01.1771171Z  2026-09-20 23:44:25.663 UTC [396] FATAL:  role "root" does not exist
linux-sigterm	Stop containers	2026-09-20T23:47:01.1771388Z  2026-09-20 23:44:30.705 UTC [406] FATAL:  role "root" does not exist
linux-sigterm	Stop containers	2026-09-20T23:47:01.1771620Z  2026-09-20 23:44:33.815 UTC [397] ERROR:  canceling statement due to lock timeout
linux-sigterm	Stop containers	2026-09-20T23:47:01.1771903Z  2026-09-20 23:44:33.815 UTC [397] CONTEXT:  SQL statement "SELECT pg_advisory_xact_lock(1901000, 2)"
linux-sigterm	Stop containers	2026-09-20T23:47:01.1772166Z  	PL/pgSQL function rc1_heartbeat_barrier() line 2 at PERFORM
linux-sigterm	Stop containers	2026-09-20T23:47:01.1772435Z  2026-09-20 23:44:33.815 UTC [397] STATEMENT:  UPDATE worker_heartbeat SET beat_at = now() WHERE id = 1
linux-sigterm	Stop containers	2026-09-20T23:47:01.1772706Z  2026-09-20 23:44:35.749 UTC [416] FATAL:  role "root" does not exist
linux-sigterm	Stop containers	2026-09-20T23:47:01.1772917Z  2026-09-20 23:44:40.789 UTC [426] FATAL:  role "root" does not exist
linux-sigterm	Stop containers	2026-09-20T23:47:01.1773173Z  2026-09-20 23:44:45.328 UTC [417] ERROR:  canceling statement due to lock timeout
linux-sigterm	Stop containers	2026-09-20T23:47:01.1773447Z  2026-09-20 23:44:45.328 UTC [417] CONTEXT:  SQL statement "SELECT pg_advisory_xact_lock(1901000, 2)"
linux-sigterm	Stop containers	2026-09-20T23:47:01.1773713Z  	PL/pgSQL function rc1_heartbeat_barrier() line 2 at PERFORM
linux-sigterm	Stop containers	2026-09-20T23:47:01.1773976Z  2026-09-20 23:44:45.328 UTC [417] STATEMENT:  UPDATE worker_heartbeat SET beat_at = now() WHERE id = 1
linux-sigterm	Stop containers	2026-09-20T23:47:01.1774249Z  2026-09-20 23:44:45.832 UTC [437] FATAL:  role "root" does not exist
linux-sigterm	Stop containers	2026-09-20T23:47:01.1774463Z  2026-09-20 23:44:50.876 UTC [447] FATAL:  role "root" does not exist
linux-sigterm	Stop containers	2026-09-20T23:47:01.1774676Z  2026-09-20 23:44:55.916 UTC [458] FATAL:  role "root" does not exist
linux-sigterm	Stop containers	2026-09-20T23:47:01.1774904Z  2026-09-20 23:45:00.011 UTC [448] ERROR:  canceling statement due to lock timeout
linux-sigterm	Stop containers	2026-09-20T23:47:01.1775183Z  2026-09-20 23:45:00.011 UTC [448] CONTEXT:  SQL statement "SELECT pg_advisory_xact_lock(1901001, 2)"
linux-sigterm	Stop containers	2026-09-20T23:47:01.1775534Z  	PL/pgSQL function rc1_heartbeat_barrier() line 2 at PERFORM
linux-sigterm	Stop containers	2026-09-20T23:47:01.1775800Z  2026-09-20 23:45:00.011 UTC [448] STATEMENT:  UPDATE worker_heartbeat SET beat_at = now() WHERE id = 1
linux-sigterm	Stop containers	2026-09-20T23:47:01.1776086Z  2026-09-20 23:45:00.023 UTC [439] ERROR:  canceling statement due to lock timeout
linux-sigterm	Stop containers	2026-09-20T23:47:01.1776511Z  2026-09-20 23:45:00.023 UTC [439] CONTEXT:  SQL statement "SELECT pg_advisory_xact_lock(1901001, 1)"
linux-sigterm	Stop containers	2026-09-20T23:47:01.1776855Z  	PL/pgSQL function rc1_target_barrier() line 2 at PERFORM
linux-sigterm	Stop containers	2026-09-20T23:47:01.1777170Z  2026-09-20 23:45:00.023 UTC [439] STATEMENT:  UPDATE director_campaigns SET node_id=$2,status=$3,revision=$4,updated_at=$5 WHERE id=$1
linux-sigterm	Stop containers	2026-09-20T23:47:01.1777496Z  2026-09-20 23:45:00.962 UTC [467] FATAL:  role "root" does not exist
linux-sigterm	Stop containers	2026-09-20T23:47:01.1777709Z  2026-09-20 23:45:06.004 UTC [477] FATAL:  role "root" does not exist
linux-sigterm	Stop containers	2026-09-20T23:47:01.1777938Z  2026-09-20 23:45:11.032 UTC [469] ERROR:  canceling statement due to lock timeout
linux-sigterm	Stop containers	2026-09-20T23:47:01.1778214Z  2026-09-20 23:45:11.032 UTC [469] CONTEXT:  SQL statement "SELECT pg_advisory_xact_lock(1901001, 2)"
linux-sigterm	Stop containers	2026-09-20T23:47:01.1778476Z  	PL/pgSQL function rc1_heartbeat_barrier() line 2 at PERFORM
linux-sigterm	Stop containers	2026-09-20T23:47:01.1778741Z  2026-09-20 23:45:11.032 UTC [469] STATEMENT:  UPDATE worker_heartbeat SET beat_at = now() WHERE id = 1
linux-sigterm	Stop containers	2026-09-20T23:47:01.1779011Z  2026-09-20 23:45:11.047 UTC [485] FATAL:  role "root" does not exist
linux-sigterm	Stop containers	2026-09-20T23:47:01.1779227Z  2026-09-20 23:45:16.088 UTC [497] FATAL:  role "root" does not exist
linux-sigterm	Stop containers	2026-09-20T23:47:01.1779440Z  2026-09-20 23:45:21.129 UTC [506] FATAL:  role "root" does not exist
linux-sigterm	Stop containers	2026-09-20T23:47:01.1779667Z  2026-09-20 23:45:21.615 UTC [489] ERROR:  canceling statement due to lock timeout
linux-sigterm	Stop containers	2026-09-20T23:47:01.1779943Z  2026-09-20 23:45:21.615 UTC [489] CONTEXT:  SQL statement "SELECT pg_advisory_xact_lock(1901001, 2)"
linux-sigterm	Stop containers	2026-09-20T23:47:01.1780206Z  	PL/pgSQL function rc1_heartbeat_barrier() line 2 at PERFORM
linux-sigterm	Stop containers	2026-09-20T23:47:01.1780474Z  2026-09-20 23:45:21.615 UTC [489] STATEMENT:  UPDATE worker_heartbeat SET beat_at = now() WHERE id = 1
linux-sigterm	Stop containers	2026-09-20T23:47:01.1780742Z  2026-09-20 23:45:26.171 UTC [519] FATAL:  role "root" does not exist
linux-sigterm	Stop containers	2026-09-20T23:47:01.1781019Z  2026-09-20 23:45:31.017 UTC [522] ERROR:  duplicate key value violates unique constraint "idempotency_pkey"
linux-sigterm	Stop containers	2026-09-20T23:47:01.1781602Z  2026-09-20 23:45:31.017 UTC [522] DETAIL:  Key (account_id, key)=(rc1_shutdown_2-aBoss, 1708d3365e6271d334e66b44bf37d179ab3baf54ce698066dc48c45d91ce7e76.7abb3748c82d81d4091f71708616d521a882f3aff9c44f6bc17d99ce599487d9) already exists.
linux-sigterm	Stop containers	2026-09-20T23:47:01.1782226Z  2026-09-20 23:45:31.017 UTC [522] STATEMENT:  INSERT INTO idempotency (account_id, key, status, body_hash, response) VALUES ($1,$2,0,$3,$4)
linux-sigterm	Stop containers	2026-09-20T23:47:01.1782554Z  2026-09-20 23:45:31.211 UTC [531] FATAL:  role "root" does not exist
linux-sigterm	Stop containers	2026-09-20T23:47:01.1782767Z  2026-09-20 23:45:36.253 UTC [544] FATAL:  role "root" does not exist
linux-sigterm	Stop containers	2026-09-20T23:47:01.1782980Z  2026-09-20 23:45:41.291 UTC [555] FATAL:  role "root" does not exist
linux-sigterm	Stop containers	2026-09-20T23:47:01.1783254Z  2026-09-20 23:45:42.601 UTC [547] ERROR:  duplicate key value violates unique constraint "idempotency_pkey"
linux-sigterm	Stop containers	2026-09-20T23:47:01.1783832Z  2026-09-20 23:45:42.601 UTC [547] DETAIL:  Key (account_id, key)=(rc1_shutdown_3-aBoss, 15699cf288ac186685de5b83eb37a4eb91655f5e3ac36c16e6a381d087510c36.b17a1c2f9f65099ad0e9b5df0e914d5a42d6819b26c75f83d1f0d96ae27a7612) already exists.
linux-sigterm	Stop containers	2026-09-20T23:47:01.1784448Z  2026-09-20 23:45:42.601 UTC [547] STATEMENT:  INSERT INTO idempotency (account_id, key, status, body_hash, response) VALUES ($1,$2,0,$3,$4)
linux-sigterm	Stop containers	2026-09-20T23:47:01.1784772Z  2026-09-20 23:45:46.330 UTC [569] FATAL:  role "root" does not exist
linux-sigterm	Stop containers	2026-09-20T23:47:01.1784986Z  2026-09-20 23:45:51.370 UTC [580] FATAL:  role "root" does not exist
linux-sigterm	Stop containers	2026-09-20T23:47:01.1785259Z  2026-09-20 23:45:53.316 UTC [572] ERROR:  duplicate key value violates unique constraint "idempotency_pkey"
linux-sigterm	Stop containers	2026-09-20T23:47:01.1785846Z  2026-09-20 23:45:53.316 UTC [572] DETAIL:  Key (account_id, key)=(rc1_shutdown_4-aBoss, 9f1c54b58dfab06725a679bcfe26ab2b4b1ea5edb00ea22a331d288e63d8a2c5.f2fa762915d10e5246576908f792c7dcbee6d40cc2e4acfb00e5438e6042ef1c) already exists.
linux-sigterm	Stop containers	2026-09-20T23:47:01.1786772Z  2026-09-20 23:45:53.316 UTC [572] STATEMENT:  INSERT INTO idempotency (account_id, key, status, body_hash, response) VALUES ($1,$2,0,$3,$4)
linux-sigterm	Stop containers	2026-09-20T23:47:01.1787098Z  2026-09-20 23:45:56.418 UTC [594] FATAL:  role "root" does not exist
linux-sigterm	Stop containers	2026-09-20T23:47:01.1787404Z  2026-09-20 23:46:01.461 UTC [605] FATAL:  role "root" does not exist
linux-sigterm	Stop containers	2026-09-20T23:47:01.1787678Z  2026-09-20 23:46:05.817 UTC [597] ERROR:  duplicate key value violates unique constraint "idempotency_pkey"
linux-sigterm	Stop containers	2026-09-20T23:47:01.1788263Z  2026-09-20 23:46:05.817 UTC [597] DETAIL:  Key (account_id, key)=(rc1_shutdown_5-aRunner, adb3089950b0f4d88df5ec3d4d8a6cdfd743700903ba1c03e86b8f7d73332b4e.511e674b41efe2112a2544c4760e915a3f11acbb26dab797a72a0406db2d4ec9) already exists.
linux-sigterm	Stop containers	2026-09-20T23:47:01.1788902Z  2026-09-20 23:46:05.817 UTC [597] STATEMENT:  INSERT INTO idempotency (account_id, key, status, body_hash, response) VALUES ($1,$2,0,$3,$4)
linux-sigterm	Stop containers	2026-09-20T23:47:01.1789229Z  2026-09-20 23:46:06.503 UTC [617] FATAL:  role "root" does not exist
linux-sigterm	Stop containers	2026-09-20T23:47:01.1789444Z  2026-09-20 23:46:11.542 UTC [627] FATAL:  role "root" does not exist
linux-sigterm	Stop containers	2026-09-20T23:47:01.1789655Z  2026-09-20 23:46:16.581 UTC [639] FATAL:  role "root" does not exist
linux-sigterm	Stop containers	2026-09-20T23:47:01.1789928Z  2026-09-20 23:46:19.458 UTC [631] ERROR:  duplicate key value violates unique constraint "idempotency_pkey"
linux-sigterm	Stop containers	2026-09-20T23:47:01.1790514Z  2026-09-20 23:46:19.458 UTC [631] DETAIL:  Key (account_id, key)=(rc1_shutdown_6-aBoss, d85ad53e7d38a82ee5d6c762d9b6d9dc6353986bfa236e30c92eb3f84bda0dd7.24502a6fabd49a0dd7b2aaec88e2a77ae2d54881c7de2f5bc391cf8f973af30d) already exists.
linux-sigterm	Stop containers	2026-09-20T23:47:01.1791143Z  2026-09-20 23:46:19.458 UTC [631] STATEMENT:  INSERT INTO idempotency (account_id, key, status, body_hash, response) VALUES ($1,$2,0,$3,$4)
linux-sigterm	Stop containers	2026-09-20T23:47:01.1791471Z  2026-09-20 23:46:21.621 UTC [651] FATAL:  role "root" does not exist
linux-sigterm	Stop containers	2026-09-20T23:47:01.1791685Z  2026-09-20 23:46:26.661 UTC [661] FATAL:  role "root" does not exist
linux-sigterm	Stop containers	2026-09-20T23:47:01.1791895Z  2026-09-20 23:46:31.708 UTC [671] FATAL:  role "root" does not exist
linux-sigterm	Stop containers	2026-09-20T23:47:01.1792168Z  2026-09-20 23:46:36.263 UTC [672] ERROR:  duplicate key value violates unique constraint "idempotency_pkey"
linux-sigterm	Stop containers	2026-09-20T23:47:01.1792736Z  2026-09-20 23:46:36.263 UTC [672] DETAIL:  Key (account_id, key)=(rc1_shutdown_7-aBoss, 32052185b9dee381857b136d1bc556dbb5d49a8b664950b3f90b0d2e819f293b.2c9a94f98436fb2e54f14f453f644c3ac43acd800411984ddc0ce274129deed6) already exists.
linux-sigterm	Stop containers	2026-09-20T23:47:01.1793358Z  2026-09-20 23:46:36.263 UTC [672] STATEMENT:  INSERT INTO idempotency (account_id, key, status, body_hash, response) VALUES ($1,$2,0,$3,$4)
linux-sigterm	Stop containers	2026-09-20T23:47:01.1793683Z  2026-09-20 23:46:36.752 UTC [685] FATAL:  role "root" does not exist
linux-sigterm	Stop containers	2026-09-20T23:47:01.1793896Z  2026-09-20 23:46:41.797 UTC [695] FATAL:  role "root" does not exist
linux-sigterm	Stop containers	2026-09-20T23:47:01.1794110Z  2026-09-20 23:46:46.839 UTC [705] FATAL:  role "root" does not exist
linux-sigterm	Stop containers	2026-09-20T23:47:01.1794340Z  2026-09-20 23:46:51.603 UTC [697] ERROR:  canceling statement due to lock timeout
linux-sigterm	Stop containers	2026-09-20T23:47:01.1794620Z  2026-09-20 23:46:51.603 UTC [697] CONTEXT:  SQL statement "SELECT pg_advisory_xact_lock(1901008, 1)"
linux-sigterm	Stop containers	2026-09-20T23:47:01.1794882Z  	PL/pgSQL function rc1_target_barrier() line 2 at PERFORM
linux-sigterm	Stop containers	2026-09-20T23:47:01.1795176Z  2026-09-20 23:46:51.603 UTC [697] STATEMENT:  UPDATE npc_wars SET resolved=true WHERE attacker_gang=$1 AND npc_gang=$2
linux-sigterm	Stop containers	2026-09-20T23:47:01.1795478Z  2026-09-20 23:46:51.892 UTC [714] FATAL:  role "root" does not exist
linux-sigterm	Stop containers	2026-09-20T23:47:01.1795692Z  2026-09-20 23:46:56.935 UTC [726] FATAL:  role "root" does not exist
linux-sigterm	Stop containers	2026-09-20T23:47:01.1800432Z Stop and remove container: f05ca5ce072445739223b6807bb81d88_postgres16_f82a38
linux-sigterm	Stop containers	2026-09-20T23:47:01.1804274Z ##[command]/usr/bin/docker rm --force 679d167a28f46293a8109d9302128c52939e84758987b9036670dc175155d5c9
linux-sigterm	Stop containers	2026-09-20T23:47:01.4087764Z 679d167a28f46293a8109d9302128c52939e84758987b9036670dc175155d5c9
linux-sigterm	Stop containers	2026-09-20T23:47:01.4112871Z Remove container network: github_network_fb2359e5f27a4b968db5b085458423b7
linux-sigterm	Stop containers	2026-09-20T23:47:01.4115847Z ##[command]/usr/bin/docker network rm github_network_fb2359e5f27a4b968db5b085458423b7
linux-sigterm	Stop containers	2026-09-20T23:47:01.5414439Z github_network_fb2359e5f27a4b968db5b085458423b7
linux-sigterm	Complete job	﻿2026-09-20T23:47:01.5470215Z Cleaning up orphan processes
linux-sigterm	Complete job	2026-09-20T23:47:01.5687946Z ##[warning]Node.js 20 is deprecated. The following actions target Node.js 20 but are being forced to run on Node.js 24: actions/upload-artifact@v4. For more information see: https://github.blog/changelog/2025-09-19-deprecation-of-node-20-on-github-actions-runners/
