linux-sigterm	Set up job	﻿2026-09-20T23:26:28.2593296Z Current runner version: '2.337.0'
linux-sigterm	Set up job	2026-09-20T23:26:28.2619766Z ##[group]Runner Image Provisioner
linux-sigterm	Set up job	2026-09-20T23:26:28.2621006Z Hosted Compute Agent
linux-sigterm	Set up job	2026-09-20T23:26:28.2621673Z Version: 20260828.587
linux-sigterm	Set up job	2026-09-20T23:26:28.2622410Z Commit: abac92662cab4cc7352de4f9f9d2e2419aad9c29
linux-sigterm	Set up job	2026-09-20T23:26:28.2623677Z Build Date: 2026-08-28T16:44:25Z
linux-sigterm	Set up job	2026-09-20T23:26:28.2624458Z Worker ID: {e664e8d2-9cc6-417a-80aa-338c9417adea}
linux-sigterm	Set up job	2026-09-20T23:26:28.2625298Z Azure Region: northcentralus
linux-sigterm	Set up job	2026-09-20T23:26:28.2625986Z ##[endgroup]
linux-sigterm	Set up job	2026-09-20T23:26:28.2627723Z ##[group]Operating System
linux-sigterm	Set up job	2026-09-20T23:26:28.2628511Z Ubuntu
linux-sigterm	Set up job	2026-09-20T23:26:28.2629081Z 24.04.5
linux-sigterm	Set up job	2026-09-20T23:26:28.2629655Z LTS
linux-sigterm	Set up job	2026-09-20T23:26:28.2630244Z ##[endgroup]
linux-sigterm	Set up job	2026-09-20T23:26:28.2630848Z ##[group]Runner Image
linux-sigterm	Set up job	2026-09-20T23:26:28.2631545Z Image: ubuntu-24.04
linux-sigterm	Set up job	2026-09-20T23:26:28.2632143Z Version: 20260907.300.1
linux-sigterm	Set up job	2026-09-20T23:26:28.2633747Z Included Software: https://github.com/actions/runner-images/blob/ubuntu24/20260907.300/images/ubuntu/Ubuntu2404-Readme.md
linux-sigterm	Set up job	2026-09-20T23:26:28.2635623Z Image Release: https://github.com/actions/runner-images/releases/tag/ubuntu24%2F20260907.300
linux-sigterm	Set up job	2026-09-20T23:26:28.2636714Z ##[endgroup]
linux-sigterm	Set up job	2026-09-20T23:26:28.2637830Z ##[group]GITHUB_TOKEN Permissions
linux-sigterm	Set up job	2026-09-20T23:26:28.2640159Z Contents: read
linux-sigterm	Set up job	2026-09-20T23:26:28.2640819Z Metadata: read
linux-sigterm	Set up job	2026-09-20T23:26:28.2641466Z ##[endgroup]
linux-sigterm	Set up job	2026-09-20T23:26:28.2643856Z Secret source: Actions
linux-sigterm	Set up job	2026-09-20T23:26:28.2644964Z Cache mode: write
linux-sigterm	Set up job	2026-09-20T23:26:28.2645753Z Prepare workflow directory
linux-sigterm	Set up job	2026-09-20T23:26:28.3273817Z Prepare all required actions
linux-sigterm	Set up job	2026-09-20T23:26:28.3324552Z Getting action download info
linux-sigterm	Set up job	2026-09-20T23:26:28.5492311Z Download action repository 'actions/checkout@v7' (SHA:3d3c42e5aac5ba805825da76410c181273ba90b1)
linux-sigterm	Set up job	2026-09-20T23:26:28.6823622Z Download action repository 'actions/setup-node@v7' (SHA:820762786026740c76f36085b0efc47a31fe5020)
linux-sigterm	Set up job	2026-09-20T23:26:28.7716114Z Download action repository 'actions/upload-artifact@v4' (SHA:ea165f8d65b6e75b540449e92b4886f43607fa02)
linux-sigterm	Set up job	2026-09-20T23:26:29.0022580Z Complete job name: linux-sigterm
linux-sigterm	Initialize containers	﻿2026-09-20T23:26:29.0539910Z ##[group]Checking docker version
linux-sigterm	Initialize containers	2026-09-20T23:26:29.0553816Z ##[command]/usr/bin/docker version --format '{{.Server.APIVersion}}'
linux-sigterm	Initialize containers	2026-09-20T23:26:29.1618143Z '1.48'
linux-sigterm	Initialize containers	2026-09-20T23:26:29.1636559Z Docker daemon API version: '1.48'
linux-sigterm	Initialize containers	2026-09-20T23:26:29.1637502Z ##[command]/usr/bin/docker version --format '{{.Client.APIVersion}}'
linux-sigterm	Initialize containers	2026-09-20T23:26:29.1819433Z '1.48'
linux-sigterm	Initialize containers	2026-09-20T23:26:29.1832467Z Docker client API version: '1.48'
linux-sigterm	Initialize containers	2026-09-20T23:26:29.1841067Z ##[endgroup]
linux-sigterm	Initialize containers	2026-09-20T23:26:29.1846276Z ##[group]Clean up resources from previous jobs
linux-sigterm	Initialize containers	2026-09-20T23:26:29.1852387Z ##[command]/usr/bin/docker ps --all --quiet --no-trunc --filter "label=127661"
linux-sigterm	Initialize containers	2026-09-20T23:26:29.2027232Z ##[command]/usr/bin/docker network prune --force --filter "label=127661"
linux-sigterm	Initialize containers	2026-09-20T23:26:29.2176047Z ##[endgroup]
linux-sigterm	Initialize containers	2026-09-20T23:26:29.2176679Z ##[group]Create local container network
linux-sigterm	Initialize containers	2026-09-20T23:26:29.2187749Z ##[command]/usr/bin/docker network create --label 127661 github_network_3dd619701cb441c89c4cf5cb2edbe8c4
linux-sigterm	Initialize containers	2026-09-20T23:26:29.2760706Z ce2235b792723b4199290d05dc187dc36f15e945baa54f608c7a19e3840e011d
linux-sigterm	Initialize containers	2026-09-20T23:26:29.2785514Z ##[endgroup]
linux-sigterm	Initialize containers	2026-09-20T23:26:29.2822138Z ##[group]Starting postgres service container
linux-sigterm	Initialize containers	2026-09-20T23:26:29.2855780Z ##[command]/usr/bin/docker pull postgres:16
linux-sigterm	Initialize containers	2026-09-20T23:26:29.7126545Z 16: Pulling from library/postgres
linux-sigterm	Initialize containers	2026-09-20T23:26:29.8299197Z 6b37362b3da7: Pulling fs layer
linux-sigterm	Initialize containers	2026-09-20T23:26:29.8301281Z b1fdda8975a0: Pulling fs layer
linux-sigterm	Initialize containers	2026-09-20T23:26:29.8303059Z 106e7e3cf19a: Pulling fs layer
linux-sigterm	Initialize containers	2026-09-20T23:26:29.8304728Z ba0e979d0818: Pulling fs layer
linux-sigterm	Initialize containers	2026-09-20T23:26:29.8306695Z ad29720ebbb9: Pulling fs layer
linux-sigterm	Initialize containers	2026-09-20T23:26:29.8307963Z 3a749597affc: Pulling fs layer
linux-sigterm	Initialize containers	2026-09-20T23:26:29.8308968Z 483fb6941c15: Pulling fs layer
linux-sigterm	Initialize containers	2026-09-20T23:26:29.8310023Z 359ae0fc975d: Pulling fs layer
linux-sigterm	Initialize containers	2026-09-20T23:26:29.8310911Z 56d4d190ef07: Pulling fs layer
linux-sigterm	Initialize containers	2026-09-20T23:26:29.8311602Z 74156cf9f063: Pulling fs layer
linux-sigterm	Initialize containers	2026-09-20T23:26:29.8312606Z f7c7d4dd80ba: Pulling fs layer
linux-sigterm	Initialize containers	2026-09-20T23:26:29.8313603Z 749acf6dc637: Pulling fs layer
linux-sigterm	Initialize containers	2026-09-20T23:26:29.8314470Z 4d848243a73e: Pulling fs layer
linux-sigterm	Initialize containers	2026-09-20T23:26:29.8315082Z 6ad4758748c1: Pulling fs layer
linux-sigterm	Initialize containers	2026-09-20T23:26:29.8315828Z ba0e979d0818: Waiting
linux-sigterm	Initialize containers	2026-09-20T23:26:29.8316339Z ad29720ebbb9: Waiting
linux-sigterm	Initialize containers	2026-09-20T23:26:29.8316987Z 56d4d190ef07: Waiting
linux-sigterm	Initialize containers	2026-09-20T23:26:29.8317488Z 74156cf9f063: Waiting
linux-sigterm	Initialize containers	2026-09-20T23:26:29.8318145Z 749acf6dc637: Waiting
linux-sigterm	Initialize containers	2026-09-20T23:26:29.8318650Z 4d848243a73e: Waiting
linux-sigterm	Initialize containers	2026-09-20T23:26:29.8319285Z 6ad4758748c1: Waiting
linux-sigterm	Initialize containers	2026-09-20T23:26:29.8319784Z 359ae0fc975d: Waiting
linux-sigterm	Initialize containers	2026-09-20T23:26:29.8320427Z 483fb6941c15: Waiting
linux-sigterm	Initialize containers	2026-09-20T23:26:29.8320941Z f7c7d4dd80ba: Waiting
linux-sigterm	Initialize containers	2026-09-20T23:26:29.9275350Z b1fdda8975a0: Verifying Checksum
linux-sigterm	Initialize containers	2026-09-20T23:26:29.9276847Z b1fdda8975a0: Download complete
linux-sigterm	Initialize containers	2026-09-20T23:26:29.9610449Z 106e7e3cf19a: Verifying Checksum
linux-sigterm	Initialize containers	2026-09-20T23:26:29.9612133Z 106e7e3cf19a: Download complete
linux-sigterm	Initialize containers	2026-09-20T23:26:30.0196063Z ba0e979d0818: Verifying Checksum
linux-sigterm	Initialize containers	2026-09-20T23:26:30.0198526Z ba0e979d0818: Download complete
linux-sigterm	Initialize containers	2026-09-20T23:26:30.0460288Z 6b37362b3da7: Verifying Checksum
linux-sigterm	Initialize containers	2026-09-20T23:26:30.0462074Z 6b37362b3da7: Download complete
linux-sigterm	Initialize containers	2026-09-20T23:26:30.0891879Z ad29720ebbb9: Verifying Checksum
linux-sigterm	Initialize containers	2026-09-20T23:26:30.0895069Z ad29720ebbb9: Download complete
linux-sigterm	Initialize containers	2026-09-20T23:26:30.1182213Z 483fb6941c15: Verifying Checksum
linux-sigterm	Initialize containers	2026-09-20T23:26:30.1189923Z 483fb6941c15: Download complete
linux-sigterm	Initialize containers	2026-09-20T23:26:30.1250539Z 3a749597affc: Verifying Checksum
linux-sigterm	Initialize containers	2026-09-20T23:26:30.1253018Z 3a749597affc: Download complete
linux-sigterm	Initialize containers	2026-09-20T23:26:30.1669932Z 359ae0fc975d: Verifying Checksum
linux-sigterm	Initialize containers	2026-09-20T23:26:30.1672108Z 359ae0fc975d: Download complete
linux-sigterm	Initialize containers	2026-09-20T23:26:30.1967696Z 74156cf9f063: Verifying Checksum
linux-sigterm	Initialize containers	2026-09-20T23:26:30.2398910Z 74156cf9f063: Download complete
linux-sigterm	Initialize containers	2026-09-20T23:26:30.2401366Z f7c7d4dd80ba: Verifying Checksum
linux-sigterm	Initialize containers	2026-09-20T23:26:30.2407464Z f7c7d4dd80ba: Download complete
linux-sigterm	Initialize containers	2026-09-20T23:26:30.2771371Z 749acf6dc637: Verifying Checksum
linux-sigterm	Initialize containers	2026-09-20T23:26:30.2773184Z 749acf6dc637: Download complete
linux-sigterm	Initialize containers	2026-09-20T23:26:30.3270073Z 4d848243a73e: Verifying Checksum
linux-sigterm	Initialize containers	2026-09-20T23:26:30.3274871Z 4d848243a73e: Download complete
linux-sigterm	Initialize containers	2026-09-20T23:26:30.3538834Z 6ad4758748c1: Verifying Checksum
linux-sigterm	Initialize containers	2026-09-20T23:26:30.6186551Z 6ad4758748c1: Download complete
linux-sigterm	Initialize containers	2026-09-20T23:26:30.6187366Z 56d4d190ef07: Verifying Checksum
linux-sigterm	Initialize containers	2026-09-20T23:26:30.6196333Z 56d4d190ef07: Download complete
linux-sigterm	Initialize containers	2026-09-20T23:26:31.2013694Z 6b37362b3da7: Pull complete
linux-sigterm	Initialize containers	2026-09-20T23:26:34.1284108Z b1fdda8975a0: Pull complete
linux-sigterm	Initialize containers	2026-09-20T23:26:34.3158919Z 106e7e3cf19a: Pull complete
linux-sigterm	Initialize containers	2026-09-20T23:26:34.3617284Z ba0e979d0818: Pull complete
linux-sigterm	Initialize containers	2026-09-20T23:26:34.6774526Z ad29720ebbb9: Pull complete
linux-sigterm	Initialize containers	2026-09-20T23:26:34.7704938Z 3a749597affc: Pull complete
linux-sigterm	Initialize containers	2026-09-20T23:26:34.7796227Z 483fb6941c15: Pull complete
linux-sigterm	Initialize containers	2026-09-20T23:26:34.7904161Z 359ae0fc975d: Pull complete
linux-sigterm	Initialize containers	2026-09-20T23:26:37.8448245Z 56d4d190ef07: Pull complete
linux-sigterm	Initialize containers	2026-09-20T23:26:37.8614873Z 74156cf9f063: Pull complete
linux-sigterm	Initialize containers	2026-09-20T23:26:37.8731608Z f7c7d4dd80ba: Pull complete
linux-sigterm	Initialize containers	2026-09-20T23:26:37.8828485Z 749acf6dc637: Pull complete
linux-sigterm	Initialize containers	2026-09-20T23:26:37.8942200Z 4d848243a73e: Pull complete
linux-sigterm	Initialize containers	2026-09-20T23:26:37.9049997Z 6ad4758748c1: Pull complete
linux-sigterm	Initialize containers	2026-09-20T23:26:37.9094050Z Digest: sha256:a3b7f434b2dc57ce85a67e171163eb8ab1a1ebcb39d27484661f26b1dfbe30d6
linux-sigterm	Initialize containers	2026-09-20T23:26:37.9106139Z Status: Downloaded newer image for postgres:16
linux-sigterm	Initialize containers	2026-09-20T23:26:37.9114998Z docker.io/library/postgres:16
linux-sigterm	Initialize containers	2026-09-20T23:26:37.9176642Z ##[command]/usr/bin/docker create --name 5f75fb48e09b4d388c17e6a344b4f9bb_postgres16_77e4e5 --label 127661 --network github_network_3dd619701cb441c89c4cf5cb2edbe8c4 --network-alias postgres -p 5432:5432 --health-cmd pg_isready --health-interval 5s --health-timeout 5s --health-retries 12 -e "POSTGRES_USER=postgres" -e "POSTGRES_PASSWORD=postgres" -e "POSTGRES_DB=rc1_recovery" -e GITHUB_ACTIONS=true -e CI=true postgres:16
linux-sigterm	Initialize containers	2026-09-20T23:26:37.9490274Z a487915c8f3d4b4ac45dccc99d315ae4e6e296afe05f2c58789360bc4d13d581
linux-sigterm	Initialize containers	2026-09-20T23:26:37.9514889Z ##[command]/usr/bin/docker start a487915c8f3d4b4ac45dccc99d315ae4e6e296afe05f2c58789360bc4d13d581
linux-sigterm	Initialize containers	2026-09-20T23:26:38.1887177Z a487915c8f3d4b4ac45dccc99d315ae4e6e296afe05f2c58789360bc4d13d581
linux-sigterm	Initialize containers	2026-09-20T23:26:38.1909019Z ##[command]/usr/bin/docker ps --all --filter id=a487915c8f3d4b4ac45dccc99d315ae4e6e296afe05f2c58789360bc4d13d581 --filter status=running --no-trunc --format "{{.ID}} {{.Status}}"
linux-sigterm	Initialize containers	2026-09-20T23:26:38.2050187Z a487915c8f3d4b4ac45dccc99d315ae4e6e296afe05f2c58789360bc4d13d581 Up Less than a second (health: starting)
linux-sigterm	Initialize containers	2026-09-20T23:26:38.2077610Z ##[command]/usr/bin/docker port a487915c8f3d4b4ac45dccc99d315ae4e6e296afe05f2c58789360bc4d13d581
linux-sigterm	Initialize containers	2026-09-20T23:26:38.2223202Z 5432/tcp -> 0.0.0.0:5432
linux-sigterm	Initialize containers	2026-09-20T23:26:38.2223684Z 5432/tcp -> [::]:5432
linux-sigterm	Initialize containers	2026-09-20T23:26:38.2273487Z ##[endgroup]
linux-sigterm	Initialize containers	2026-09-20T23:26:38.2282097Z ##[group]Waiting for all services to be ready
linux-sigterm	Initialize containers	2026-09-20T23:26:38.2296630Z ##[command]/usr/bin/docker inspect --format="{{if .Config.Healthcheck}}{{print .State.Health.Status}}{{end}}" a487915c8f3d4b4ac45dccc99d315ae4e6e296afe05f2c58789360bc4d13d581
linux-sigterm	Initialize containers	2026-09-20T23:26:38.2455786Z starting
linux-sigterm	Initialize containers	2026-09-20T23:26:38.2479178Z postgres service is starting, waiting 2 seconds before checking again.
linux-sigterm	Initialize containers	2026-09-20T23:26:40.2483237Z ##[command]/usr/bin/docker inspect --format="{{if .Config.Healthcheck}}{{print .State.Health.Status}}{{end}}" a487915c8f3d4b4ac45dccc99d315ae4e6e296afe05f2c58789360bc4d13d581
linux-sigterm	Initialize containers	2026-09-20T23:26:40.2609460Z starting
linux-sigterm	Initialize containers	2026-09-20T23:26:40.2622647Z postgres service is starting, waiting 4 seconds before checking again.
linux-sigterm	Initialize containers	2026-09-20T23:26:44.4594381Z ##[command]/usr/bin/docker inspect --format="{{if .Config.Healthcheck}}{{print .State.Health.Status}}{{end}}" a487915c8f3d4b4ac45dccc99d315ae4e6e296afe05f2c58789360bc4d13d581
linux-sigterm	Initialize containers	2026-09-20T23:26:44.4730849Z healthy
linux-sigterm	Initialize containers	2026-09-20T23:26:44.4748631Z postgres service is healthy.
linux-sigterm	Initialize containers	2026-09-20T23:26:44.4749412Z ##[endgroup]
linux-sigterm	Run actions/checkout@v7	﻿2026-09-20T23:26:44.5114435Z ##[group]Run actions/checkout@v7
linux-sigterm	Run actions/checkout@v7	2026-09-20T23:26:44.5115026Z with:
linux-sigterm	Run actions/checkout@v7	2026-09-20T23:26:44.5115246Z   repository: OmertaDev/Omerta
linux-sigterm	Run actions/checkout@v7	2026-09-20T23:26:44.5117716Z   token: ***
linux-sigterm	Run actions/checkout@v7	2026-09-20T23:26:44.5117920Z   ssh-strict: true
linux-sigterm	Run actions/checkout@v7	2026-09-20T23:26:44.5118123Z   ssh-user: git
linux-sigterm	Run actions/checkout@v7	2026-09-20T23:26:44.5118327Z   persist-credentials: true
linux-sigterm	Run actions/checkout@v7	2026-09-20T23:26:44.5118556Z   clean: true
linux-sigterm	Run actions/checkout@v7	2026-09-20T23:26:44.5118759Z   sparse-checkout-cone-mode: true
linux-sigterm	Run actions/checkout@v7	2026-09-20T23:26:44.5119007Z   fetch-depth: 1
linux-sigterm	Run actions/checkout@v7	2026-09-20T23:26:44.5119201Z   fetch-tags: false
linux-sigterm	Run actions/checkout@v7	2026-09-20T23:26:44.5119401Z   show-progress: true
linux-sigterm	Run actions/checkout@v7	2026-09-20T23:26:44.5119599Z   lfs: false
linux-sigterm	Run actions/checkout@v7	2026-09-20T23:26:44.5119780Z   submodules: false
linux-sigterm	Run actions/checkout@v7	2026-09-20T23:26:44.5119979Z   set-safe-directory: true
linux-sigterm	Run actions/checkout@v7	2026-09-20T23:26:44.5120221Z   allow-unsafe-pr-checkout: false
linux-sigterm	Run actions/checkout@v7	2026-09-20T23:26:44.5120816Z env:
linux-sigterm	Run actions/checkout@v7	2026-09-20T23:26:44.5121346Z   COORDINATION_TEST_DATABASE_URL: ***127.0.0.1:5432/rc1_recovery
linux-sigterm	Run actions/checkout@v7	2026-09-20T23:26:44.5121875Z   DATABASE_URL: ***127.0.0.1:5432/rc1_recovery
linux-sigterm	Run actions/checkout@v7	2026-09-20T23:26:44.5122287Z   RC1_SHUTDOWN_EVIDENCE: /home/runner/work/Omerta/Omerta/tmp/rc1-linux-recovery
linux-sigterm	Run actions/checkout@v7	2026-09-20T23:26:44.5122734Z ##[endgroup]
linux-sigterm	Run actions/checkout@v7	2026-09-20T23:26:44.6176312Z Syncing repository: OmertaDev/Omerta
linux-sigterm	Run actions/checkout@v7	2026-09-20T23:26:44.6178576Z ##[group]Getting Git version info
linux-sigterm	Run actions/checkout@v7	2026-09-20T23:26:44.6179213Z Working directory is '/home/runner/work/Omerta/Omerta'
linux-sigterm	Run actions/checkout@v7	2026-09-20T23:26:44.6180100Z [command]/usr/bin/git version
linux-sigterm	Run actions/checkout@v7	2026-09-20T23:26:44.6259112Z git version 2.55.0
linux-sigterm	Run actions/checkout@v7	2026-09-20T23:26:44.6282586Z ##[endgroup]
linux-sigterm	Run actions/checkout@v7	2026-09-20T23:26:44.6295096Z Temporarily overriding HOME='/home/runner/work/_temp/ef049399-275f-4569-ae14-0bc1e1cbc8f3' before making global git config changes
linux-sigterm	Run actions/checkout@v7	2026-09-20T23:26:44.6296414Z Adding repository directory to the temporary git global config as a safe directory
linux-sigterm	Run actions/checkout@v7	2026-09-20T23:26:44.6302110Z [command]/usr/bin/git config --global --add safe.directory /home/runner/work/Omerta/Omerta
linux-sigterm	Run actions/checkout@v7	2026-09-20T23:26:44.6357622Z Deleting the contents of '/home/runner/work/Omerta/Omerta'
linux-sigterm	Run actions/checkout@v7	2026-09-20T23:26:44.6361288Z ##[group]Determining repository object format
linux-sigterm	Run actions/checkout@v7	2026-09-20T23:26:44.6362998Z ##[endgroup]
linux-sigterm	Run actions/checkout@v7	2026-09-20T23:26:44.6363821Z ##[group]Initializing the repository
linux-sigterm	Run actions/checkout@v7	2026-09-20T23:26:44.6367740Z [command]/usr/bin/git init /home/runner/work/Omerta/Omerta
linux-sigterm	Run actions/checkout@v7	2026-09-20T23:26:44.6496453Z hint: Using 'master' as the name for the initial branch. This default branch name
linux-sigterm	Run actions/checkout@v7	2026-09-20T23:26:44.6497413Z hint: will change to "main" in Git 3.0. To configure the initial branch name
linux-sigterm	Run actions/checkout@v7	2026-09-20T23:26:44.6498240Z hint: to use in all of your new repositories, which will suppress this warning,
linux-sigterm	Run actions/checkout@v7	2026-09-20T23:26:44.6498868Z hint: call:
linux-sigterm	Run actions/checkout@v7	2026-09-20T23:26:44.6499155Z hint:
linux-sigterm	Run actions/checkout@v7	2026-09-20T23:26:44.6499614Z hint: 	git config --global init.defaultBranch <name>
linux-sigterm	Run actions/checkout@v7	2026-09-20T23:26:44.6500180Z hint:
linux-sigterm	Run actions/checkout@v7	2026-09-20T23:26:44.6500676Z hint: Names commonly chosen instead of 'master' are 'main', 'trunk' and
linux-sigterm	Run actions/checkout@v7	2026-09-20T23:26:44.6501512Z hint: 'development'. The just-created branch can be renamed via this command:
linux-sigterm	Run actions/checkout@v7	2026-09-20T23:26:44.6502134Z hint:
linux-sigterm	Run actions/checkout@v7	2026-09-20T23:26:44.6502440Z hint: 	git branch -m <name>
linux-sigterm	Run actions/checkout@v7	2026-09-20T23:26:44.6503062Z hint:
linux-sigterm	Run actions/checkout@v7	2026-09-20T23:26:44.6503595Z hint: Disable this message with "git config set advice.defaultBranchName false"
linux-sigterm	Run actions/checkout@v7	2026-09-20T23:26:44.6504624Z Initialized empty Git repository in /home/runner/work/Omerta/Omerta/.git/
linux-sigterm	Run actions/checkout@v7	2026-09-20T23:26:44.6511549Z [command]/usr/bin/git remote add origin https://github.com/OmertaDev/Omerta
linux-sigterm	Run actions/checkout@v7	2026-09-20T23:26:44.6569717Z ##[endgroup]
linux-sigterm	Run actions/checkout@v7	2026-09-20T23:26:44.6570150Z ##[group]Disabling automatic garbage collection
linux-sigterm	Run actions/checkout@v7	2026-09-20T23:26:44.6576810Z [command]/usr/bin/git config --local gc.auto 0
linux-sigterm	Run actions/checkout@v7	2026-09-20T23:26:44.6615000Z ##[endgroup]
linux-sigterm	Run actions/checkout@v7	2026-09-20T23:26:44.6615948Z ##[group]Setting up auth
linux-sigterm	Run actions/checkout@v7	2026-09-20T23:26:44.6616540Z Removing SSH command configuration
linux-sigterm	Run actions/checkout@v7	2026-09-20T23:26:44.6633759Z [command]/usr/bin/git config --local --name-only --get-regexp core\.sshCommand
linux-sigterm	Run actions/checkout@v7	2026-09-20T23:26:44.6663489Z [command]/usr/bin/git submodule foreach --recursive sh -c "git config --local --name-only --get-regexp 'core\.sshCommand' && git config --local --unset-all 'core.sshCommand' || :"
linux-sigterm	Run actions/checkout@v7	2026-09-20T23:26:44.7071368Z Removing HTTP extra header
linux-sigterm	Run actions/checkout@v7	2026-09-20T23:26:44.7077670Z [command]/usr/bin/git config --local --name-only --get-regexp http\.https\:\/\/github\.com\/\.extraheader
linux-sigterm	Run actions/checkout@v7	2026-09-20T23:26:44.7121258Z [command]/usr/bin/git submodule foreach --recursive sh -c "git config --local --name-only --get-regexp 'http\.https\:\/\/github\.com\/\.extraheader' && git config --local --unset-all 'http.https://github.com/.extraheader' || :"
linux-sigterm	Run actions/checkout@v7	2026-09-20T23:26:44.7353932Z Removing includeIf entries pointing to credentials config files
linux-sigterm	Run actions/checkout@v7	2026-09-20T23:26:44.7360105Z [command]/usr/bin/git config --local --name-only --get-regexp ^includeIf\.gitdir:
linux-sigterm	Run actions/checkout@v7	2026-09-20T23:26:44.7399222Z [command]/usr/bin/git submodule foreach --recursive git config --local --show-origin --name-only --get-regexp remote.origin.url
linux-sigterm	Run actions/checkout@v7	2026-09-20T23:26:44.7650274Z [command]/usr/bin/git config --file /home/runner/work/_temp/git-credentials-33cf7110-f408-43f0-83a7-4ece15e9b3b7.config http.https://github.com/.extraheader AUTHORIZATION: basic ***
linux-sigterm	Run actions/checkout@v7	2026-09-20T23:26:44.7695896Z [command]/usr/bin/git config --local includeIf.gitdir:/home/runner/work/Omerta/Omerta/.git.path /home/runner/work/_temp/git-credentials-33cf7110-f408-43f0-83a7-4ece15e9b3b7.config
linux-sigterm	Run actions/checkout@v7	2026-09-20T23:26:44.7732643Z [command]/usr/bin/git config --local includeIf.gitdir:/home/runner/work/Omerta/Omerta/.git/worktrees/*.path /home/runner/work/_temp/git-credentials-33cf7110-f408-43f0-83a7-4ece15e9b3b7.config
linux-sigterm	Run actions/checkout@v7	2026-09-20T23:26:44.7773071Z [command]/usr/bin/git config --local includeIf.gitdir:/github/workspace/.git.path /github/runner_temp/git-credentials-33cf7110-f408-43f0-83a7-4ece15e9b3b7.config
linux-sigterm	Run actions/checkout@v7	2026-09-20T23:26:44.7811280Z [command]/usr/bin/git config --local includeIf.gitdir:/github/workspace/.git/worktrees/*.path /github/runner_temp/git-credentials-33cf7110-f408-43f0-83a7-4ece15e9b3b7.config
linux-sigterm	Run actions/checkout@v7	2026-09-20T23:26:44.7844615Z ##[endgroup]
linux-sigterm	Run actions/checkout@v7	2026-09-20T23:26:44.7845226Z ##[group]Fetching the repository
linux-sigterm	Run actions/checkout@v7	2026-09-20T23:26:44.7853781Z [command]/usr/bin/git -c protocol.version=2 fetch --no-tags --prune --no-recurse-submodules --depth=1 origin +21d0589a8b1f15cbb712e574becd507b813e4b0c:refs/remotes/origin/codex/rc1-closure-proof
linux-sigterm	Run actions/checkout@v7	2026-09-20T23:27:09.0628197Z From https://github.com/OmertaDev/Omerta
linux-sigterm	Run actions/checkout@v7	2026-09-20T23:27:09.0629208Z  * [new ref]         21d0589a8b1f15cbb712e574becd507b813e4b0c -> origin/codex/rc1-closure-proof
linux-sigterm	Run actions/checkout@v7	2026-09-20T23:27:09.0643201Z [command]/usr/bin/git branch --list --remote origin/codex/rc1-closure-proof
linux-sigterm	Run actions/checkout@v7	2026-09-20T23:27:09.0676386Z   origin/codex/rc1-closure-proof
linux-sigterm	Run actions/checkout@v7	2026-09-20T23:27:09.0685806Z [command]/usr/bin/git rev-parse refs/remotes/origin/codex/rc1-closure-proof
linux-sigterm	Run actions/checkout@v7	2026-09-20T23:27:09.0713751Z 21d0589a8b1f15cbb712e574becd507b813e4b0c
linux-sigterm	Run actions/checkout@v7	2026-09-20T23:27:09.0720290Z ##[endgroup]
linux-sigterm	Run actions/checkout@v7	2026-09-20T23:27:09.0720699Z ##[group]Determining the checkout info
linux-sigterm	Run actions/checkout@v7	2026-09-20T23:27:09.0721378Z ##[endgroup]
linux-sigterm	Run actions/checkout@v7	2026-09-20T23:27:09.0726955Z [command]/usr/bin/git sparse-checkout disable
linux-sigterm	Run actions/checkout@v7	2026-09-20T23:27:09.0789582Z [command]/usr/bin/git config --local --unset-all extensions.worktreeConfig
linux-sigterm	Run actions/checkout@v7	2026-09-20T23:27:09.0826530Z ##[group]Checking out the ref
linux-sigterm	Run actions/checkout@v7	2026-09-20T23:27:09.0830202Z [command]/usr/bin/git checkout --progress --force -B codex/rc1-closure-proof refs/remotes/origin/codex/rc1-closure-proof
linux-sigterm	Run actions/checkout@v7	2026-09-20T23:27:10.1100802Z Updating files:  33% (1118/3299)
linux-sigterm	Run actions/checkout@v7	2026-09-20T23:27:10.2367377Z Updating files:  34% (1122/3299)
linux-sigterm	Run actions/checkout@v7	2026-09-20T23:27:10.3630481Z Updating files:  35% (1155/3299)
linux-sigterm	Run actions/checkout@v7	2026-09-20T23:27:10.4108902Z Updating files:  36% (1188/3299)
linux-sigterm	Run actions/checkout@v7	2026-09-20T23:27:10.4294465Z Updating files:  37% (1221/3299)
linux-sigterm	Run actions/checkout@v7	2026-09-20T23:27:10.4519808Z Updating files:  38% (1254/3299)
linux-sigterm	Run actions/checkout@v7	2026-09-20T23:27:10.4532659Z Updating files:  39% (1287/3299)
linux-sigterm	Run actions/checkout@v7	2026-09-20T23:27:10.4548275Z Updating files:  40% (1320/3299)
linux-sigterm	Run actions/checkout@v7	2026-09-20T23:27:10.4578675Z Updating files:  41% (1353/3299)
linux-sigterm	Run actions/checkout@v7	2026-09-20T23:27:10.4621188Z Updating files:  42% (1386/3299)
linux-sigterm	Run actions/checkout@v7	2026-09-20T23:27:10.4646107Z Updating files:  43% (1419/3299)
linux-sigterm	Run actions/checkout@v7	2026-09-20T23:27:10.4669335Z Updating files:  44% (1452/3299)
linux-sigterm	Run actions/checkout@v7	2026-09-20T23:27:10.4694536Z Updating files:  45% (1485/3299)
linux-sigterm	Run actions/checkout@v7	2026-09-20T23:27:10.4719398Z Updating files:  46% (1518/3299)
linux-sigterm	Run actions/checkout@v7	2026-09-20T23:27:10.4777191Z Updating files:  47% (1551/3299)
linux-sigterm	Run actions/checkout@v7	2026-09-20T23:27:10.5012636Z Updating files:  48% (1584/3299)
linux-sigterm	Run actions/checkout@v7	2026-09-20T23:27:10.5065361Z Updating files:  49% (1617/3299)
linux-sigterm	Run actions/checkout@v7	2026-09-20T23:27:10.5167432Z Updating files:  50% (1650/3299)
linux-sigterm	Run actions/checkout@v7	2026-09-20T23:27:10.5204128Z Updating files:  51% (1683/3299)
linux-sigterm	Run actions/checkout@v7	2026-09-20T23:27:10.5231621Z Updating files:  52% (1716/3299)
linux-sigterm	Run actions/checkout@v7	2026-09-20T23:27:10.5260116Z Updating files:  53% (1749/3299)
linux-sigterm	Run actions/checkout@v7	2026-09-20T23:27:10.5298976Z Updating files:  54% (1782/3299)
linux-sigterm	Run actions/checkout@v7	2026-09-20T23:27:10.5356967Z Updating files:  55% (1815/3299)
linux-sigterm	Run actions/checkout@v7	2026-09-20T23:27:10.5389356Z Updating files:  56% (1848/3299)
linux-sigterm	Run actions/checkout@v7	2026-09-20T23:27:10.5407781Z Updating files:  57% (1881/3299)
linux-sigterm	Run actions/checkout@v7	2026-09-20T23:27:10.5539280Z Updating files:  58% (1914/3299)
linux-sigterm	Run actions/checkout@v7	2026-09-20T23:27:10.5575261Z Updating files:  59% (1947/3299)
linux-sigterm	Run actions/checkout@v7	2026-09-20T23:27:10.5611789Z Updating files:  60% (1980/3299)
linux-sigterm	Run actions/checkout@v7	2026-09-20T23:27:10.5679419Z Updating files:  61% (2013/3299)
linux-sigterm	Run actions/checkout@v7	2026-09-20T23:27:10.5806418Z Updating files:  62% (2046/3299)
linux-sigterm	Run actions/checkout@v7	2026-09-20T23:27:10.5950011Z Updating files:  63% (2079/3299)
linux-sigterm	Run actions/checkout@v7	2026-09-20T23:27:10.6076133Z Updating files:  64% (2112/3299)
linux-sigterm	Run actions/checkout@v7	2026-09-20T23:27:10.6173308Z Updating files:  65% (2145/3299)
linux-sigterm	Run actions/checkout@v7	2026-09-20T23:27:10.6502777Z Updating files:  66% (2178/3299)
linux-sigterm	Run actions/checkout@v7	2026-09-20T23:27:10.6858472Z Updating files:  67% (2211/3299)
linux-sigterm	Run actions/checkout@v7	2026-09-20T23:27:10.7001258Z Updating files:  68% (2244/3299)
linux-sigterm	Run actions/checkout@v7	2026-09-20T23:27:10.7470549Z Updating files:  69% (2277/3299)
linux-sigterm	Run actions/checkout@v7	2026-09-20T23:27:11.0192770Z Updating files:  70% (2310/3299)
linux-sigterm	Run actions/checkout@v7	2026-09-20T23:27:11.0404229Z Updating files:  71% (2343/3299)
linux-sigterm	Run actions/checkout@v7	2026-09-20T23:27:11.0551482Z Updating files:  72% (2376/3299)
linux-sigterm	Run actions/checkout@v7	2026-09-20T23:27:11.0736275Z Updating files:  73% (2409/3299)
linux-sigterm	Run actions/checkout@v7	2026-09-20T23:27:11.0913744Z Updating files:  74% (2442/3299)
linux-sigterm	Run actions/checkout@v7	2026-09-20T23:27:11.0926477Z Updating files:  74% (2474/3299)
linux-sigterm	Run actions/checkout@v7	2026-09-20T23:27:11.1200396Z Updating files:  75% (2475/3299)
linux-sigterm	Run actions/checkout@v7	2026-09-20T23:27:11.1472125Z Updating files:  76% (2508/3299)
linux-sigterm	Run actions/checkout@v7	2026-09-20T23:27:11.1579564Z Updating files:  77% (2541/3299)
linux-sigterm	Run actions/checkout@v7	2026-09-20T23:27:11.1994481Z Updating files:  78% (2574/3299)
linux-sigterm	Run actions/checkout@v7	2026-09-20T23:27:11.2115065Z Updating files:  79% (2607/3299)
linux-sigterm	Run actions/checkout@v7	2026-09-20T23:27:11.2231228Z Updating files:  80% (2640/3299)
linux-sigterm	Run actions/checkout@v7	2026-09-20T23:27:11.2270400Z Updating files:  81% (2673/3299)
linux-sigterm	Run actions/checkout@v7	2026-09-20T23:27:11.2310273Z Updating files:  82% (2706/3299)
linux-sigterm	Run actions/checkout@v7	2026-09-20T23:27:11.2354398Z Updating files:  83% (2739/3299)
linux-sigterm	Run actions/checkout@v7	2026-09-20T23:27:11.2398536Z Updating files:  84% (2772/3299)
linux-sigterm	Run actions/checkout@v7	2026-09-20T23:27:11.2439410Z Updating files:  85% (2805/3299)
linux-sigterm	Run actions/checkout@v7	2026-09-20T23:27:11.2484167Z Updating files:  86% (2838/3299)
linux-sigterm	Run actions/checkout@v7	2026-09-20T23:27:11.2541879Z Updating files:  87% (2871/3299)
linux-sigterm	Run actions/checkout@v7	2026-09-20T23:27:11.2588399Z Updating files:  88% (2904/3299)
linux-sigterm	Run actions/checkout@v7	2026-09-20T23:27:11.2651286Z Updating files:  89% (2937/3299)
linux-sigterm	Run actions/checkout@v7	2026-09-20T23:27:11.2682941Z Updating files:  90% (2970/3299)
linux-sigterm	Run actions/checkout@v7	2026-09-20T23:27:11.2737994Z Updating files:  91% (3003/3299)
linux-sigterm	Run actions/checkout@v7	2026-09-20T23:27:11.2791856Z Updating files:  92% (3036/3299)
linux-sigterm	Run actions/checkout@v7	2026-09-20T23:27:11.2832409Z Updating files:  93% (3069/3299)
linux-sigterm	Run actions/checkout@v7	2026-09-20T23:27:11.2877367Z Updating files:  94% (3102/3299)
linux-sigterm	Run actions/checkout@v7	2026-09-20T23:27:11.2926176Z Updating files:  95% (3135/3299)
linux-sigterm	Run actions/checkout@v7	2026-09-20T23:27:11.2964787Z Updating files:  96% (3168/3299)
linux-sigterm	Run actions/checkout@v7	2026-09-20T23:27:11.3001906Z Updating files:  97% (3201/3299)
linux-sigterm	Run actions/checkout@v7	2026-09-20T23:27:11.3043458Z Updating files:  98% (3234/3299)
linux-sigterm	Run actions/checkout@v7	2026-09-20T23:27:11.3078819Z Updating files:  99% (3267/3299)
linux-sigterm	Run actions/checkout@v7	2026-09-20T23:27:11.3079333Z Updating files: 100% (3299/3299)
linux-sigterm	Run actions/checkout@v7	2026-09-20T23:27:11.3079846Z Updating files: 100% (3299/3299), done.
linux-sigterm	Run actions/checkout@v7	2026-09-20T23:27:11.3125142Z Switched to a new branch 'codex/rc1-closure-proof'
linux-sigterm	Run actions/checkout@v7	2026-09-20T23:27:11.3132408Z branch 'codex/rc1-closure-proof' set up to track 'origin/codex/rc1-closure-proof'.
linux-sigterm	Run actions/checkout@v7	2026-09-20T23:27:11.3250814Z ##[endgroup]
linux-sigterm	Run actions/checkout@v7	2026-09-20T23:27:11.3313393Z [command]/usr/bin/git log -1 --format=%H
linux-sigterm	Run actions/checkout@v7	2026-09-20T23:27:11.3350891Z 21d0589a8b1f15cbb712e574becd507b813e4b0c
linux-sigterm	Run actions/setup-node@v7	﻿2026-09-20T23:27:11.3631296Z ##[group]Run actions/setup-node@v7
linux-sigterm	Run actions/setup-node@v7	2026-09-20T23:27:11.3631629Z with:
linux-sigterm	Run actions/setup-node@v7	2026-09-20T23:27:11.3631845Z   node-version: 22
linux-sigterm	Run actions/setup-node@v7	2026-09-20T23:27:11.3632066Z   cache: npm
linux-sigterm	Run actions/setup-node@v7	2026-09-20T23:27:11.3632287Z   check-latest: false
linux-sigterm	Run actions/setup-node@v7	2026-09-20T23:27:11.3635182Z   token: ***
linux-sigterm	Run actions/setup-node@v7	2026-09-20T23:27:11.3635429Z   package-manager-cache: true
linux-sigterm	Run actions/setup-node@v7	2026-09-20T23:27:11.3635702Z env:
linux-sigterm	Run actions/setup-node@v7	2026-09-20T23:27:11.3636151Z   COORDINATION_TEST_DATABASE_URL: ***127.0.0.1:5432/rc1_recovery
linux-sigterm	Run actions/setup-node@v7	2026-09-20T23:27:11.3636681Z   DATABASE_URL: ***127.0.0.1:5432/rc1_recovery
linux-sigterm	Run actions/setup-node@v7	2026-09-20T23:27:11.3637105Z   RC1_SHUTDOWN_EVIDENCE: /home/runner/work/Omerta/Omerta/tmp/rc1-linux-recovery
linux-sigterm	Run actions/setup-node@v7	2026-09-20T23:27:11.3637507Z ##[endgroup]
linux-sigterm	Run actions/setup-node@v7	2026-09-20T23:27:11.5002561Z Found in cache @ /opt/hostedtoolcache/node/22.23.2/x64
linux-sigterm	Run actions/setup-node@v7	2026-09-20T23:27:11.5017657Z ##[group]Environment details
linux-sigterm	Run actions/setup-node@v7	2026-09-20T23:27:11.9617136Z node: v22.23.2
linux-sigterm	Run actions/setup-node@v7	2026-09-20T23:27:11.9617538Z npm: 10.9.8
linux-sigterm	Run actions/setup-node@v7	2026-09-20T23:27:11.9617804Z yarn: 1.22.22
linux-sigterm	Run actions/setup-node@v7	2026-09-20T23:27:11.9618835Z ##[endgroup]
linux-sigterm	Run actions/setup-node@v7	2026-09-20T23:27:11.9638296Z [command]/opt/hostedtoolcache/node/22.23.2/x64/bin/npm config get cache
linux-sigterm	Run actions/setup-node@v7	2026-09-20T23:27:12.0806390Z /home/runner/.npm
linux-sigterm	Run actions/setup-node@v7	2026-09-20T23:27:12.1987872Z Cache hit for: node-cache-Linux-x64-npm-08335a2c38c1e792b2f470fe8262ee4aed19102649a638186cb6f1a346595d77
linux-sigterm	Run actions/setup-node@v7	2026-09-20T23:27:12.8588341Z Received 23793481 of 23793481 (100.0%), 42.7 MBs/sec
linux-sigterm	Run actions/setup-node@v7	2026-09-20T23:27:12.8589258Z Cache Size: ~23 MB (23793481 B)
linux-sigterm	Run actions/setup-node@v7	2026-09-20T23:27:12.8616034Z [command]/usr/bin/tar -xf /home/runner/work/_temp/a8781b6f-ccc8-41ca-a7ad-48bc15a1db3d/cache.tzst -P -C /home/runner/work/Omerta/Omerta --use-compress-program unzstd
linux-sigterm	Run actions/setup-node@v7	2026-09-20T23:27:12.9547969Z Cache restored successfully
linux-sigterm	Run actions/setup-node@v7	2026-09-20T23:27:12.9563998Z Cache restored from key: node-cache-Linux-x64-npm-08335a2c38c1e792b2f470fe8262ee4aed19102649a638186cb6f1a346595d77
linux-sigterm	Run npm ci	﻿2026-09-20T23:27:12.9705989Z ##[group]Run npm ci
linux-sigterm	Run npm ci	2026-09-20T23:27:12.9706298Z ^[[36;1mnpm ci^[[0m
linux-sigterm	Run npm ci	2026-09-20T23:27:12.9757967Z shell: /usr/bin/bash -e {0}
linux-sigterm	Run npm ci	2026-09-20T23:27:12.9758270Z env:
linux-sigterm	Run npm ci	2026-09-20T23:27:12.9758831Z   COORDINATION_TEST_DATABASE_URL: ***127.0.0.1:5432/rc1_recovery
linux-sigterm	Run npm ci	2026-09-20T23:27:12.9759329Z   DATABASE_URL: ***127.0.0.1:5432/rc1_recovery
linux-sigterm	Run npm ci	2026-09-20T23:27:12.9759741Z   RC1_SHUTDOWN_EVIDENCE: /home/runner/work/Omerta/Omerta/tmp/rc1-linux-recovery
linux-sigterm	Run npm ci	2026-09-20T23:27:12.9760142Z ##[endgroup]
linux-sigterm	Run npm ci	2026-09-20T23:27:19.9698196Z 
linux-sigterm	Run npm ci	2026-09-20T23:27:19.9707688Z added 248 packages, and audited 249 packages in 7s
linux-sigterm	Run npm ci	2026-09-20T23:27:19.9708735Z 
linux-sigterm	Run npm ci	2026-09-20T23:27:19.9709348Z 70 packages are looking for funding
linux-sigterm	Run npm ci	2026-09-20T23:27:19.9709915Z   run `npm fund` for details
linux-sigterm	Run npm ci	2026-09-20T23:27:19.9712520Z 
linux-sigterm	Run npm ci	2026-09-20T23:27:19.9713111Z found 0 vulnerabilities
linux-sigterm	Record exact candidate and runtime	﻿2026-09-20T23:27:20.0331763Z ##[group]Run mkdir -p "$RC1_SHUTDOWN_EVIDENCE"
linux-sigterm	Record exact candidate and runtime	2026-09-20T23:27:20.0332197Z ^[[36;1mmkdir -p "$RC1_SHUTDOWN_EVIDENCE"^[[0m
linux-sigterm	Record exact candidate and runtime	2026-09-20T23:27:20.0332607Z ^[[36;1mgit rev-parse HEAD | tee "$RC1_SHUTDOWN_EVIDENCE/source-sha.txt"^[[0m
linux-sigterm	Record exact candidate and runtime	2026-09-20T23:27:20.0334094Z ^[[36;1mnode --version | tee "$RC1_SHUTDOWN_EVIDENCE/node-version.txt"^[[0m
linux-sigterm	Record exact candidate and runtime	2026-09-20T23:27:20.0335010Z ^[[36;1mpsql "$DATABASE_URL" -Atc 'SELECT version()' | tee "$RC1_SHUTDOWN_EVIDENCE/postgres-version.txt"^[[0m
linux-sigterm	Record exact candidate and runtime	2026-09-20T23:27:20.0374574Z shell: /usr/bin/bash -e {0}
linux-sigterm	Record exact candidate and runtime	2026-09-20T23:27:20.0374837Z env:
linux-sigterm	Record exact candidate and runtime	2026-09-20T23:27:20.0375374Z   COORDINATION_TEST_DATABASE_URL: ***127.0.0.1:5432/rc1_recovery
linux-sigterm	Record exact candidate and runtime	2026-09-20T23:27:20.0375880Z   DATABASE_URL: ***127.0.0.1:5432/rc1_recovery
linux-sigterm	Record exact candidate and runtime	2026-09-20T23:27:20.0376309Z   RC1_SHUTDOWN_EVIDENCE: /home/runner/work/Omerta/Omerta/tmp/rc1-linux-recovery
linux-sigterm	Record exact candidate and runtime	2026-09-20T23:27:20.0376709Z ##[endgroup]
linux-sigterm	Record exact candidate and runtime	2026-09-20T23:27:20.0470937Z 21d0589a8b1f15cbb712e574becd507b813e4b0c
linux-sigterm	Record exact candidate and runtime	2026-09-20T23:27:20.0508025Z v22.23.2
linux-sigterm	Record exact candidate and runtime	2026-09-20T23:27:20.1324453Z PostgreSQL 16.15 (Debian 16.15-1.pgdg13+2) on x86_64-pc-linux-gnu, compiled by gcc (Debian 14.2.0-19) 14.2.0, 64-bit
linux-sigterm	PostgreSQL16 partial migration failure and retry	﻿2026-09-20T23:27:20.1360743Z ##[group]Run set -o pipefail
linux-sigterm	PostgreSQL16 partial migration failure and retry	2026-09-20T23:27:20.1361074Z ^[[36;1mset -o pipefail^[[0m
linux-sigterm	PostgreSQL16 partial migration failure and retry	2026-09-20T23:27:20.1361533Z ^[[36;1mnpm run test:db-migration:postgres 2>&1 | tee "$RC1_SHUTDOWN_EVIDENCE/migration-failure.log"^[[0m
linux-sigterm	PostgreSQL16 partial migration failure and retry	2026-09-20T23:27:20.1399732Z shell: /usr/bin/bash -e {0}
linux-sigterm	PostgreSQL16 partial migration failure and retry	2026-09-20T23:27:20.1400022Z env:
linux-sigterm	PostgreSQL16 partial migration failure and retry	2026-09-20T23:27:20.1400520Z   COORDINATION_TEST_DATABASE_URL: ***127.0.0.1:5432/rc1_recovery
linux-sigterm	PostgreSQL16 partial migration failure and retry	2026-09-20T23:27:20.1401021Z   DATABASE_URL: ***127.0.0.1:5432/rc1_recovery
linux-sigterm	PostgreSQL16 partial migration failure and retry	2026-09-20T23:27:20.1401438Z   RC1_SHUTDOWN_EVIDENCE: /home/runner/work/Omerta/Omerta/tmp/rc1-linux-recovery
linux-sigterm	PostgreSQL16 partial migration failure and retry	2026-09-20T23:27:20.1401862Z ##[endgroup]
linux-sigterm	PostgreSQL16 partial migration failure and retry	2026-09-20T23:27:20.2752296Z 
linux-sigterm	PostgreSQL16 partial migration failure and retry	2026-09-20T23:27:20.2754406Z > omerta-backend@1.2.0 test:db-migration:postgres
linux-sigterm	PostgreSQL16 partial migration failure and retry	2026-09-20T23:27:20.2755784Z > node test/rc1-postgres-migration-failure.js
linux-sigterm	PostgreSQL16 partial migration failure and retry	2026-09-20T23:27:20.2756436Z 
linux-sigterm	PostgreSQL16 partial migration failure and retry	2026-09-20T23:27:26.2493458Z [migrate] skipped: ALTER TABLE characters ADD COLUMN IF NOT EXISTS bank_credit_ms BIGINT NOT NULL DEFAULT 28800000 — RC1 injected DDL interruption
linux-sigterm	PostgreSQL16 partial migration failure and retry	2026-09-20T23:27:27.3147419Z {"faultObserved":true,"stamp":{"app_version":"0.0.0","schema_sha":"rc1-before-fault"}}
linux-sigterm	PostgreSQL16 partial migration failure and retry	2026-09-20T23:27:29.6212394Z RC1: real DDL interruption refuses startup/stamp; retry and restart migration succeed
linux-sigterm	RC1 command tampering and concurrent replay on PostgreSQL	﻿2026-09-20T23:27:29.9473986Z ##[group]Run node test/rc1-command-redteam.js
linux-sigterm	RC1 command tampering and concurrent replay on PostgreSQL	2026-09-20T23:27:29.9474422Z ^[[36;1mnode test/rc1-command-redteam.js^[[0m
linux-sigterm	RC1 command tampering and concurrent replay on PostgreSQL	2026-09-20T23:27:29.9511450Z shell: /usr/bin/bash -e {0}
linux-sigterm	RC1 command tampering and concurrent replay on PostgreSQL	2026-09-20T23:27:29.9511713Z env:
linux-sigterm	RC1 command tampering and concurrent replay on PostgreSQL	2026-09-20T23:27:29.9512285Z   COORDINATION_TEST_DATABASE_URL: ***127.0.0.1:5432/rc1_recovery
linux-sigterm	RC1 command tampering and concurrent replay on PostgreSQL	2026-09-20T23:27:29.9513105Z   DATABASE_URL: ***127.0.0.1:5432/rc1_recovery
linux-sigterm	RC1 command tampering and concurrent replay on PostgreSQL	2026-09-20T23:27:29.9513554Z   RC1_SHUTDOWN_EVIDENCE: /home/runner/work/Omerta/Omerta/tmp/rc1-linux-recovery
linux-sigterm	RC1 command tampering and concurrent replay on PostgreSQL	2026-09-20T23:27:29.9514131Z   RC1_TEST_DATABASE_URL: ***127.0.0.1:5432/postgres
linux-sigterm	RC1 command tampering and concurrent replay on PostgreSQL	2026-09-20T23:27:29.9514429Z ##[endgroup]
linux-sigterm	RC1 command tampering and concurrent replay on PostgreSQL	2026-09-20T23:27:31.2331418Z ⚠️  preflight: Neither PUBLIC_URL nor SOCIAL_GAME_URL is set — every referral link, share prompt and social card will point at the built-in default domain, not yours. Set PUBLIC_URL to this server's own origin (it is also what one-click X sign-in derives its callback from).
linux-sigterm	RC1 command tampering and concurrent replay on PostgreSQL	2026-09-20T23:27:31.2335218Z ⚠️  preflight: INVARIANT_WEBHOOK_URL is not set — the §10.4 economy-drift, backup-failure, oracle-halt and real-value-invariant alarms have nowhere to shout and reach only a log line. Set it (a Slack/Discord webhook) on BOTH processes: the worker fires most alarms, and the API is the only one that can page when the WORKER is dead.
linux-sigterm	RC1 command tampering and concurrent replay on PostgreSQL	2026-09-20T23:27:33.9124820Z [db] Postgres ready — column migration ran 2956 ADD COLUMN IF NOT EXISTS statements.
linux-sigterm	RC1 command tampering and concurrent replay on PostgreSQL	2026-09-20T23:27:34.3953761Z {"component":"player-command","phase":"request","correlationId":"d40bb9f5-4c35-4b31-87ae-e6e5df9d7808"}
linux-sigterm	RC1 command tampering and concurrent replay on PostgreSQL	2026-09-20T23:27:34.3997318Z {"component":"player-command","phase":"authorization","correlationId":"d40bb9f5-4c35-4b31-87ae-e6e5df9d7808","outcome":"allowed"}
linux-sigterm	RC1 command tampering and concurrent replay on PostgreSQL	2026-09-20T23:27:34.4442627Z {"component":"player-command","phase":"response","correlationId":"d40bb9f5-4c35-4b31-87ae-e6e5df9d7808","statusCode":200,"elapsedMs":49}
linux-sigterm	RC1 command tampering and concurrent replay on PostgreSQL	2026-09-20T23:27:34.4497974Z {"component":"player-command","phase":"request","correlationId":"987930e0-7bf4-4353-8b14-5a4fd97bddf5"}
linux-sigterm	RC1 command tampering and concurrent replay on PostgreSQL	2026-09-20T23:27:34.4522264Z {"component":"player-command","phase":"failure","correlationId":"987930e0-7bf4-4353-8b14-5a4fd97bddf5","outcome":"unavailable"}
linux-sigterm	RC1 command tampering and concurrent replay on PostgreSQL	2026-09-20T23:27:34.4534398Z {"component":"player-command","phase":"response","correlationId":"987930e0-7bf4-4353-8b14-5a4fd97bddf5","statusCode":400,"elapsedMs":4}
linux-sigterm	RC1 command tampering and concurrent replay on PostgreSQL	2026-09-20T23:27:34.4539754Z {"component":"player-command","phase":"request","correlationId":"6cb42d05-5fc0-402b-b3f8-883e8d926ec5"}
linux-sigterm	RC1 command tampering and concurrent replay on PostgreSQL	2026-09-20T23:27:34.4544607Z {"component":"player-command","phase":"failure","correlationId":"6cb42d05-5fc0-402b-b3f8-883e8d926ec5","outcome":"unavailable"}
linux-sigterm	RC1 command tampering and concurrent replay on PostgreSQL	2026-09-20T23:27:34.4548055Z {"component":"player-command","phase":"response","correlationId":"6cb42d05-5fc0-402b-b3f8-883e8d926ec5","statusCode":400,"elapsedMs":1}
linux-sigterm	RC1 command tampering and concurrent replay on PostgreSQL	2026-09-20T23:27:34.4551206Z {"component":"player-command","phase":"request","correlationId":"5ea1170b-e628-40eb-a5d6-5d00d3879ee2"}
linux-sigterm	RC1 command tampering and concurrent replay on PostgreSQL	2026-09-20T23:27:34.4554733Z {"component":"player-command","phase":"failure","correlationId":"5ea1170b-e628-40eb-a5d6-5d00d3879ee2","outcome":"unavailable"}
linux-sigterm	RC1 command tampering and concurrent replay on PostgreSQL	2026-09-20T23:27:34.4558061Z {"component":"player-command","phase":"response","correlationId":"5ea1170b-e628-40eb-a5d6-5d00d3879ee2","statusCode":400,"elapsedMs":1}
linux-sigterm	RC1 command tampering and concurrent replay on PostgreSQL	2026-09-20T23:27:34.4559851Z {"component":"player-command","phase":"request","correlationId":"81d2ba1a-1c80-412c-9003-cf318065691c"}
linux-sigterm	RC1 command tampering and concurrent replay on PostgreSQL	2026-09-20T23:27:34.4563473Z {"component":"player-command","phase":"failure","correlationId":"81d2ba1a-1c80-412c-9003-cf318065691c","outcome":"unavailable"}
linux-sigterm	RC1 command tampering and concurrent replay on PostgreSQL	2026-09-20T23:27:34.4567342Z {"component":"player-command","phase":"response","correlationId":"81d2ba1a-1c80-412c-9003-cf318065691c","statusCode":400,"elapsedMs":1}
linux-sigterm	RC1 command tampering and concurrent replay on PostgreSQL	2026-09-20T23:27:34.4570543Z {"component":"player-command","phase":"request","correlationId":"0d8c1e50-3e93-45b8-b760-854739a1751e"}
linux-sigterm	RC1 command tampering and concurrent replay on PostgreSQL	2026-09-20T23:27:34.4573405Z {"component":"player-command","phase":"failure","correlationId":"0d8c1e50-3e93-45b8-b760-854739a1751e","outcome":"unavailable"}
linux-sigterm	RC1 command tampering and concurrent replay on PostgreSQL	2026-09-20T23:27:34.4577664Z {"component":"player-command","phase":"response","correlationId":"0d8c1e50-3e93-45b8-b760-854739a1751e","statusCode":400,"elapsedMs":1}
linux-sigterm	RC1 command tampering and concurrent replay on PostgreSQL	2026-09-20T23:27:34.4579766Z {"component":"player-command","phase":"request","correlationId":"85976173-4f43-4ded-9417-790a90f3a12e"}
linux-sigterm	RC1 command tampering and concurrent replay on PostgreSQL	2026-09-20T23:27:34.4582344Z {"component":"player-command","phase":"failure","correlationId":"85976173-4f43-4ded-9417-790a90f3a12e","outcome":"unavailable"}
linux-sigterm	RC1 command tampering and concurrent replay on PostgreSQL	2026-09-20T23:27:34.4586002Z {"component":"player-command","phase":"response","correlationId":"85976173-4f43-4ded-9417-790a90f3a12e","statusCode":400,"elapsedMs":1}
linux-sigterm	RC1 command tampering and concurrent replay on PostgreSQL	2026-09-20T23:27:34.4587966Z {"component":"player-command","phase":"request","correlationId":"89168d41-960e-4633-8bca-22862a4ffbc5"}
linux-sigterm	RC1 command tampering and concurrent replay on PostgreSQL	2026-09-20T23:27:34.4590594Z {"component":"player-command","phase":"failure","correlationId":"89168d41-960e-4633-8bca-22862a4ffbc5","outcome":"unavailable"}
linux-sigterm	RC1 command tampering and concurrent replay on PostgreSQL	2026-09-20T23:27:34.4595371Z {"component":"player-command","phase":"response","correlationId":"89168d41-960e-4633-8bca-22862a4ffbc5","statusCode":400,"elapsedMs":1}
linux-sigterm	RC1 command tampering and concurrent replay on PostgreSQL	2026-09-20T23:27:34.4602336Z {"component":"player-command","phase":"request","correlationId":"acfb3535-5603-4348-bc2c-9907dfd1d851"}
linux-sigterm	RC1 command tampering and concurrent replay on PostgreSQL	2026-09-20T23:27:34.4606908Z {"component":"player-command","phase":"failure","correlationId":"acfb3535-5603-4348-bc2c-9907dfd1d851","outcome":"unavailable"}
linux-sigterm	RC1 command tampering and concurrent replay on PostgreSQL	2026-09-20T23:27:34.4613630Z {"component":"player-command","phase":"response","correlationId":"acfb3535-5603-4348-bc2c-9907dfd1d851","statusCode":400,"elapsedMs":1}
linux-sigterm	RC1 command tampering and concurrent replay on PostgreSQL	2026-09-20T23:27:34.4617707Z {"component":"player-command","phase":"request","correlationId":"0d60a0f3-e00b-42a7-952b-8bb939fc9736"}
linux-sigterm	RC1 command tampering and concurrent replay on PostgreSQL	2026-09-20T23:27:34.4623390Z {"component":"player-command","phase":"failure","correlationId":"0d60a0f3-e00b-42a7-952b-8bb939fc9736","outcome":"unavailable"}
linux-sigterm	RC1 command tampering and concurrent replay on PostgreSQL	2026-09-20T23:27:34.4629854Z {"component":"player-command","phase":"response","correlationId":"0d60a0f3-e00b-42a7-952b-8bb939fc9736","statusCode":400,"elapsedMs":1}
linux-sigterm	RC1 command tampering and concurrent replay on PostgreSQL	2026-09-20T23:27:34.4650119Z {"component":"player-command","phase":"request","correlationId":"315307a4-3fe1-4ea5-bf98-c69da2dd0904"}
linux-sigterm	RC1 command tampering and concurrent replay on PostgreSQL	2026-09-20T23:27:34.4651976Z {"component":"player-command","phase":"failure","correlationId":"315307a4-3fe1-4ea5-bf98-c69da2dd0904","outcome":"unavailable"}
linux-sigterm	RC1 command tampering and concurrent replay on PostgreSQL	2026-09-20T23:27:34.4654336Z {"component":"player-command","phase":"response","correlationId":"315307a4-3fe1-4ea5-bf98-c69da2dd0904","statusCode":400,"elapsedMs":1}
linux-sigterm	RC1 command tampering and concurrent replay on PostgreSQL	2026-09-20T23:27:34.4656163Z {"component":"player-command","phase":"request","correlationId":"45974cfe-2972-45e2-9b09-c3b5fd6cd26e"}
linux-sigterm	RC1 command tampering and concurrent replay on PostgreSQL	2026-09-20T23:27:34.4657982Z {"component":"player-command","phase":"failure","correlationId":"45974cfe-2972-45e2-9b09-c3b5fd6cd26e","outcome":"unavailable"}
linux-sigterm	RC1 command tampering and concurrent replay on PostgreSQL	2026-09-20T23:27:34.4660051Z {"component":"player-command","phase":"response","correlationId":"45974cfe-2972-45e2-9b09-c3b5fd6cd26e","statusCode":400,"elapsedMs":0}
linux-sigterm	RC1 command tampering and concurrent replay on PostgreSQL	2026-09-20T23:27:34.4661903Z {"component":"player-command","phase":"request","correlationId":"df08abf2-3a59-4d78-a809-105a8cda519f"}
linux-sigterm	RC1 command tampering and concurrent replay on PostgreSQL	2026-09-20T23:27:34.4663997Z {"component":"player-command","phase":"failure","correlationId":"df08abf2-3a59-4d78-a809-105a8cda519f","outcome":"unavailable"}
linux-sigterm	RC1 command tampering and concurrent replay on PostgreSQL	2026-09-20T23:27:34.4666111Z {"component":"player-command","phase":"response","correlationId":"df08abf2-3a59-4d78-a809-105a8cda519f","statusCode":400,"elapsedMs":1}
linux-sigterm	RC1 command tampering and concurrent replay on PostgreSQL	2026-09-20T23:27:34.4667945Z {"component":"player-command","phase":"request","correlationId":"0b174704-b65a-4241-a1f1-aae0bc8db076"}
linux-sigterm	RC1 command tampering and concurrent replay on PostgreSQL	2026-09-20T23:27:34.4669762Z {"component":"player-command","phase":"failure","correlationId":"0b174704-b65a-4241-a1f1-aae0bc8db076","outcome":"unavailable"}
linux-sigterm	RC1 command tampering and concurrent replay on PostgreSQL	2026-09-20T23:27:34.4671830Z {"component":"player-command","phase":"response","correlationId":"0b174704-b65a-4241-a1f1-aae0bc8db076","statusCode":400,"elapsedMs":1}
linux-sigterm	RC1 command tampering and concurrent replay on PostgreSQL	2026-09-20T23:27:34.4673901Z {"component":"player-command","phase":"request","correlationId":"851e463a-8748-43ea-87d5-7d36482794ec"}
linux-sigterm	RC1 command tampering and concurrent replay on PostgreSQL	2026-09-20T23:27:34.4675725Z {"component":"player-command","phase":"failure","correlationId":"851e463a-8748-43ea-87d5-7d36482794ec","outcome":"unavailable"}
linux-sigterm	RC1 command tampering and concurrent replay on PostgreSQL	2026-09-20T23:27:34.4677817Z {"component":"player-command","phase":"response","correlationId":"851e463a-8748-43ea-87d5-7d36482794ec","statusCode":400,"elapsedMs":0}
linux-sigterm	RC1 command tampering and concurrent replay on PostgreSQL	2026-09-20T23:27:34.4680019Z {"component":"player-command","phase":"request","correlationId":"828882b9-1b6b-4eee-8db7-465a5615f5ce"}
linux-sigterm	RC1 command tampering and concurrent replay on PostgreSQL	2026-09-20T23:27:34.4681817Z {"component":"player-command","phase":"failure","correlationId":"828882b9-1b6b-4eee-8db7-465a5615f5ce","outcome":"unavailable"}
linux-sigterm	RC1 command tampering and concurrent replay on PostgreSQL	2026-09-20T23:27:34.4684187Z {"component":"player-command","phase":"response","correlationId":"828882b9-1b6b-4eee-8db7-465a5615f5ce","statusCode":400,"elapsedMs":0}
linux-sigterm	RC1 command tampering and concurrent replay on PostgreSQL	2026-09-20T23:27:34.4686019Z {"component":"player-command","phase":"request","correlationId":"428d1924-3493-4683-9443-92f41f7ccb4b"}
linux-sigterm	RC1 command tampering and concurrent replay on PostgreSQL	2026-09-20T23:27:34.4687786Z {"component":"player-command","phase":"failure","correlationId":"428d1924-3493-4683-9443-92f41f7ccb4b","outcome":"unavailable"}
linux-sigterm	RC1 command tampering and concurrent replay on PostgreSQL	2026-09-20T23:27:34.4689850Z {"component":"player-command","phase":"response","correlationId":"428d1924-3493-4683-9443-92f41f7ccb4b","statusCode":400,"elapsedMs":0}
linux-sigterm	RC1 command tampering and concurrent replay on PostgreSQL	2026-09-20T23:27:34.4691647Z {"component":"player-command","phase":"request","correlationId":"ec6e363c-d719-44de-ad4f-363638a70a27"}
linux-sigterm	RC1 command tampering and concurrent replay on PostgreSQL	2026-09-20T23:27:34.4693827Z {"component":"player-command","phase":"failure","correlationId":"ec6e363c-d719-44de-ad4f-363638a70a27","outcome":"unavailable"}
linux-sigterm	RC1 command tampering and concurrent replay on PostgreSQL	2026-09-20T23:27:34.4695915Z {"component":"player-command","phase":"response","correlationId":"ec6e363c-d719-44de-ad4f-363638a70a27","statusCode":400,"elapsedMs":0}
linux-sigterm	RC1 command tampering and concurrent replay on PostgreSQL	2026-09-20T23:27:34.4698118Z {"component":"player-command","phase":"request","correlationId":"e2c2d69b-6f85-41da-ab6d-9973d3476fa8"}
linux-sigterm	RC1 command tampering and concurrent replay on PostgreSQL	2026-09-20T23:27:34.4699965Z {"component":"player-command","phase":"failure","correlationId":"e2c2d69b-6f85-41da-ab6d-9973d3476fa8","outcome":"unavailable"}
linux-sigterm	RC1 command tampering and concurrent replay on PostgreSQL	2026-09-20T23:27:34.4702057Z {"component":"player-command","phase":"response","correlationId":"e2c2d69b-6f85-41da-ab6d-9973d3476fa8","statusCode":409,"elapsedMs":1}
linux-sigterm	RC1 command tampering and concurrent replay on PostgreSQL	2026-09-20T23:27:34.4704162Z {"component":"player-command","phase":"request","correlationId":"2fac3a71-5538-472b-930f-5d12cef13607"}
linux-sigterm	RC1 command tampering and concurrent replay on PostgreSQL	2026-09-20T23:27:34.4705962Z {"component":"player-command","phase":"failure","correlationId":"2fac3a71-5538-472b-930f-5d12cef13607","outcome":"unavailable"}
linux-sigterm	RC1 command tampering and concurrent replay on PostgreSQL	2026-09-20T23:27:34.4708120Z {"component":"player-command","phase":"response","correlationId":"2fac3a71-5538-472b-930f-5d12cef13607","statusCode":409,"elapsedMs":1}
linux-sigterm	RC1 command tampering and concurrent replay on PostgreSQL	2026-09-20T23:27:34.4709978Z {"component":"player-command","phase":"request","correlationId":"d91ed7c9-7002-4dc8-b3dd-b6264fccad21"}
linux-sigterm	RC1 command tampering and concurrent replay on PostgreSQL	2026-09-20T23:27:34.4741221Z {"component":"player-command","phase":"authorization","correlationId":"d91ed7c9-7002-4dc8-b3dd-b6264fccad21","outcome":"allowed"}
linux-sigterm	RC1 command tampering and concurrent replay on PostgreSQL	2026-09-20T23:27:34.4745585Z {"component":"player-command","phase":"command","correlationId":"d91ed7c9-7002-4dc8-b3dd-b6264fccad21"}
linux-sigterm	RC1 command tampering and concurrent replay on PostgreSQL	2026-09-20T23:27:34.4747443Z {"component":"player-command","phase":"failure","correlationId":"d91ed7c9-7002-4dc8-b3dd-b6264fccad21","outcome":"unavailable"}
linux-sigterm	RC1 command tampering and concurrent replay on PostgreSQL	2026-09-20T23:27:34.4757106Z {"component":"player-command","phase":"response","correlationId":"d91ed7c9-7002-4dc8-b3dd-b6264fccad21","statusCode":400,"elapsedMs":5}
linux-sigterm	RC1 command tampering and concurrent replay on PostgreSQL	2026-09-20T23:27:34.4759119Z {"component":"player-command","phase":"request","correlationId":"1b158d11-b8fe-4de6-99e7-6425e66db67e"}
linux-sigterm	RC1 command tampering and concurrent replay on PostgreSQL	2026-09-20T23:27:34.4783258Z {"component":"player-command","phase":"authorization","correlationId":"1b158d11-b8fe-4de6-99e7-6425e66db67e","outcome":"allowed"}
linux-sigterm	RC1 command tampering and concurrent replay on PostgreSQL	2026-09-20T23:27:34.4784350Z {"component":"player-command","phase":"command","correlationId":"1b158d11-b8fe-4de6-99e7-6425e66db67e"}
linux-sigterm	RC1 command tampering and concurrent replay on PostgreSQL	2026-09-20T23:27:34.4785627Z {"component":"player-command","phase":"failure","correlationId":"1b158d11-b8fe-4de6-99e7-6425e66db67e","outcome":"unavailable"}
linux-sigterm	RC1 command tampering and concurrent replay on PostgreSQL	2026-09-20T23:27:34.4792017Z {"component":"player-command","phase":"response","correlationId":"1b158d11-b8fe-4de6-99e7-6425e66db67e","statusCode":400,"elapsedMs":3}
linux-sigterm	RC1 command tampering and concurrent replay on PostgreSQL	2026-09-20T23:27:34.4793581Z {"component":"player-command","phase":"request","correlationId":"eea471df-9551-4870-a3f2-e6717dfe1296"}
linux-sigterm	RC1 command tampering and concurrent replay on PostgreSQL	2026-09-20T23:27:34.4816529Z {"component":"player-command","phase":"authorization","correlationId":"eea471df-9551-4870-a3f2-e6717dfe1296","outcome":"allowed"}
linux-sigterm	RC1 command tampering and concurrent replay on PostgreSQL	2026-09-20T23:27:34.4817907Z {"component":"player-command","phase":"command","correlationId":"eea471df-9551-4870-a3f2-e6717dfe1296"}
linux-sigterm	RC1 command tampering and concurrent replay on PostgreSQL	2026-09-20T23:27:34.4819211Z {"component":"player-command","phase":"failure","correlationId":"eea471df-9551-4870-a3f2-e6717dfe1296","outcome":"unavailable"}
linux-sigterm	RC1 command tampering and concurrent replay on PostgreSQL	2026-09-20T23:27:34.4825177Z {"component":"player-command","phase":"response","correlationId":"eea471df-9551-4870-a3f2-e6717dfe1296","statusCode":400,"elapsedMs":3}
linux-sigterm	RC1 command tampering and concurrent replay on PostgreSQL	2026-09-20T23:27:34.4826666Z {"component":"player-command","phase":"request","correlationId":"de8bd229-b411-4831-9e88-aaca781d2ca9"}
linux-sigterm	RC1 command tampering and concurrent replay on PostgreSQL	2026-09-20T23:27:34.4849032Z {"component":"player-command","phase":"authorization","correlationId":"de8bd229-b411-4831-9e88-aaca781d2ca9","outcome":"allowed"}
linux-sigterm	RC1 command tampering and concurrent replay on PostgreSQL	2026-09-20T23:27:34.4850159Z {"component":"player-command","phase":"command","correlationId":"de8bd229-b411-4831-9e88-aaca781d2ca9"}
linux-sigterm	RC1 command tampering and concurrent replay on PostgreSQL	2026-09-20T23:27:34.4851672Z {"component":"player-command","phase":"failure","correlationId":"de8bd229-b411-4831-9e88-aaca781d2ca9","outcome":"unavailable"}
linux-sigterm	RC1 command tampering and concurrent replay on PostgreSQL	2026-09-20T23:27:34.4858359Z {"component":"player-command","phase":"response","correlationId":"de8bd229-b411-4831-9e88-aaca781d2ca9","statusCode":400,"elapsedMs":3}
linux-sigterm	RC1 command tampering and concurrent replay on PostgreSQL	2026-09-20T23:27:34.4859810Z {"component":"player-command","phase":"request","correlationId":"a9edd85a-bb17-406e-97fd-09443c33b4a6"}
linux-sigterm	RC1 command tampering and concurrent replay on PostgreSQL	2026-09-20T23:27:34.4879855Z {"component":"player-command","phase":"authorization","correlationId":"a9edd85a-bb17-406e-97fd-09443c33b4a6","outcome":"allowed"}
linux-sigterm	RC1 command tampering and concurrent replay on PostgreSQL	2026-09-20T23:27:34.4881140Z {"component":"player-command","phase":"command","correlationId":"a9edd85a-bb17-406e-97fd-09443c33b4a6"}
linux-sigterm	RC1 command tampering and concurrent replay on PostgreSQL	2026-09-20T23:27:34.4883132Z {"component":"player-command","phase":"failure","correlationId":"a9edd85a-bb17-406e-97fd-09443c33b4a6","outcome":"unavailable"}
linux-sigterm	RC1 command tampering and concurrent replay on PostgreSQL	2026-09-20T23:27:34.4890713Z {"component":"player-command","phase":"response","correlationId":"a9edd85a-bb17-406e-97fd-09443c33b4a6","statusCode":400,"elapsedMs":3}
linux-sigterm	RC1 command tampering and concurrent replay on PostgreSQL	2026-09-20T23:27:34.4892551Z {"component":"player-command","phase":"request","correlationId":"c5e97d34-083a-408f-b748-4c4554c0e2d2"}
linux-sigterm	RC1 command tampering and concurrent replay on PostgreSQL	2026-09-20T23:27:34.4912695Z {"component":"player-command","phase":"authorization","correlationId":"c5e97d34-083a-408f-b748-4c4554c0e2d2","outcome":"allowed"}
linux-sigterm	RC1 command tampering and concurrent replay on PostgreSQL	2026-09-20T23:27:34.4914376Z {"component":"player-command","phase":"command","correlationId":"c5e97d34-083a-408f-b748-4c4554c0e2d2"}
linux-sigterm	RC1 command tampering and concurrent replay on PostgreSQL	2026-09-20T23:27:34.4915614Z {"component":"player-command","phase":"failure","correlationId":"c5e97d34-083a-408f-b748-4c4554c0e2d2","outcome":"unavailable"}
linux-sigterm	RC1 command tampering and concurrent replay on PostgreSQL	2026-09-20T23:27:34.4921939Z {"component":"player-command","phase":"response","correlationId":"c5e97d34-083a-408f-b748-4c4554c0e2d2","statusCode":400,"elapsedMs":3}
linux-sigterm	RC1 command tampering and concurrent replay on PostgreSQL	2026-09-20T23:27:34.4923662Z {"component":"player-command","phase":"request","correlationId":"2ee577df-9651-4162-846c-8d681db6b0e3"}
linux-sigterm	RC1 command tampering and concurrent replay on PostgreSQL	2026-09-20T23:27:34.4948517Z {"component":"player-command","phase":"authorization","correlationId":"2ee577df-9651-4162-846c-8d681db6b0e3","outcome":"allowed"}
linux-sigterm	RC1 command tampering and concurrent replay on PostgreSQL	2026-09-20T23:27:34.4950624Z {"component":"player-command","phase":"command","correlationId":"2ee577df-9651-4162-846c-8d681db6b0e3"}
linux-sigterm	RC1 command tampering and concurrent replay on PostgreSQL	2026-09-20T23:27:34.4952095Z {"component":"player-command","phase":"failure","correlationId":"2ee577df-9651-4162-846c-8d681db6b0e3","outcome":"unavailable"}
linux-sigterm	RC1 command tampering and concurrent replay on PostgreSQL	2026-09-20T23:27:34.4959860Z {"component":"player-command","phase":"response","correlationId":"2ee577df-9651-4162-846c-8d681db6b0e3","statusCode":400,"elapsedMs":4}
linux-sigterm	RC1 command tampering and concurrent replay on PostgreSQL	2026-09-20T23:27:34.4961710Z {"component":"player-command","phase":"request","correlationId":"fa1a22c6-01ad-42cb-af25-3aa462068c3f"}
linux-sigterm	RC1 command tampering and concurrent replay on PostgreSQL	2026-09-20T23:27:34.4982482Z {"component":"player-command","phase":"authorization","correlationId":"fa1a22c6-01ad-42cb-af25-3aa462068c3f","outcome":"allowed"}
linux-sigterm	RC1 command tampering and concurrent replay on PostgreSQL	2026-09-20T23:27:34.4984057Z {"component":"player-command","phase":"command","correlationId":"fa1a22c6-01ad-42cb-af25-3aa462068c3f"}
linux-sigterm	RC1 command tampering and concurrent replay on PostgreSQL	2026-09-20T23:27:34.4985204Z {"component":"player-command","phase":"failure","correlationId":"fa1a22c6-01ad-42cb-af25-3aa462068c3f","outcome":"unavailable"}
linux-sigterm	RC1 command tampering and concurrent replay on PostgreSQL	2026-09-20T23:27:34.4991994Z {"component":"player-command","phase":"response","correlationId":"fa1a22c6-01ad-42cb-af25-3aa462068c3f","statusCode":400,"elapsedMs":3}
linux-sigterm	RC1 command tampering and concurrent replay on PostgreSQL	2026-09-20T23:27:34.4993909Z {"component":"player-command","phase":"request","correlationId":"725257df-8123-4a1b-9709-ac217512d570"}
linux-sigterm	RC1 command tampering and concurrent replay on PostgreSQL	2026-09-20T23:27:34.5014748Z {"component":"player-command","phase":"authorization","correlationId":"725257df-8123-4a1b-9709-ac217512d570","outcome":"allowed"}
linux-sigterm	RC1 command tampering and concurrent replay on PostgreSQL	2026-09-20T23:27:34.5015754Z {"component":"player-command","phase":"command","correlationId":"725257df-8123-4a1b-9709-ac217512d570"}
linux-sigterm	RC1 command tampering and concurrent replay on PostgreSQL	2026-09-20T23:27:34.5017148Z {"component":"player-command","phase":"failure","correlationId":"725257df-8123-4a1b-9709-ac217512d570","outcome":"unavailable"}
linux-sigterm	RC1 command tampering and concurrent replay on PostgreSQL	2026-09-20T23:27:34.5025173Z {"component":"player-command","phase":"response","correlationId":"725257df-8123-4a1b-9709-ac217512d570","statusCode":400,"elapsedMs":3}
linux-sigterm	RC1 command tampering and concurrent replay on PostgreSQL	2026-09-20T23:27:34.5026572Z {"component":"player-command","phase":"request","correlationId":"0b744b15-9b87-4e21-9b8f-348e0773fda6"}
linux-sigterm	RC1 command tampering and concurrent replay on PostgreSQL	2026-09-20T23:27:34.5045950Z {"component":"player-command","phase":"authorization","correlationId":"0b744b15-9b87-4e21-9b8f-348e0773fda6","outcome":"allowed"}
linux-sigterm	RC1 command tampering and concurrent replay on PostgreSQL	2026-09-20T23:27:34.5047315Z {"component":"player-command","phase":"command","correlationId":"0b744b15-9b87-4e21-9b8f-348e0773fda6"}
linux-sigterm	RC1 command tampering and concurrent replay on PostgreSQL	2026-09-20T23:27:34.5048518Z {"component":"player-command","phase":"failure","correlationId":"0b744b15-9b87-4e21-9b8f-348e0773fda6","outcome":"unavailable"}
linux-sigterm	RC1 command tampering and concurrent replay on PostgreSQL	2026-09-20T23:27:34.5055723Z {"component":"player-command","phase":"response","correlationId":"0b744b15-9b87-4e21-9b8f-348e0773fda6","statusCode":400,"elapsedMs":3}
linux-sigterm	RC1 command tampering and concurrent replay on PostgreSQL	2026-09-20T23:27:34.5057294Z {"component":"player-command","phase":"request","correlationId":"ca5d57cf-cd99-43be-95db-65bb874e1aac"}
linux-sigterm	RC1 command tampering and concurrent replay on PostgreSQL	2026-09-20T23:27:34.5076208Z {"component":"player-command","phase":"authorization","correlationId":"ca5d57cf-cd99-43be-95db-65bb874e1aac","outcome":"allowed"}
linux-sigterm	RC1 command tampering and concurrent replay on PostgreSQL	2026-09-20T23:27:34.5077735Z {"component":"player-command","phase":"command","correlationId":"ca5d57cf-cd99-43be-95db-65bb874e1aac"}
linux-sigterm	RC1 command tampering and concurrent replay on PostgreSQL	2026-09-20T23:27:34.5079047Z {"component":"player-command","phase":"failure","correlationId":"ca5d57cf-cd99-43be-95db-65bb874e1aac","outcome":"unavailable"}
linux-sigterm	RC1 command tampering and concurrent replay on PostgreSQL	2026-09-20T23:27:34.5085936Z {"component":"player-command","phase":"response","correlationId":"ca5d57cf-cd99-43be-95db-65bb874e1aac","statusCode":400,"elapsedMs":3}
linux-sigterm	RC1 command tampering and concurrent replay on PostgreSQL	2026-09-20T23:27:34.5087349Z {"component":"player-command","phase":"request","correlationId":"219e6a6f-1c61-4f6f-98ad-6e525466baaa"}
linux-sigterm	RC1 command tampering and concurrent replay on PostgreSQL	2026-09-20T23:27:34.5110343Z {"component":"player-command","phase":"authorization","correlationId":"219e6a6f-1c61-4f6f-98ad-6e525466baaa","outcome":"allowed"}
linux-sigterm	RC1 command tampering and concurrent replay on PostgreSQL	2026-09-20T23:27:34.5111353Z {"component":"player-command","phase":"command","correlationId":"219e6a6f-1c61-4f6f-98ad-6e525466baaa"}
linux-sigterm	RC1 command tampering and concurrent replay on PostgreSQL	2026-09-20T23:27:34.5112687Z {"component":"player-command","phase":"failure","correlationId":"219e6a6f-1c61-4f6f-98ad-6e525466baaa","outcome":"unavailable"}
linux-sigterm	RC1 command tampering and concurrent replay on PostgreSQL	2026-09-20T23:27:34.5119773Z {"component":"player-command","phase":"response","correlationId":"219e6a6f-1c61-4f6f-98ad-6e525466baaa","statusCode":400,"elapsedMs":3}
linux-sigterm	RC1 command tampering and concurrent replay on PostgreSQL	2026-09-20T23:27:34.5122006Z {"component":"player-command","phase":"request","correlationId":"48adc572-64a2-4e64-a688-e52fea99a907"}
linux-sigterm	RC1 command tampering and concurrent replay on PostgreSQL	2026-09-20T23:27:34.5124374Z {"component":"player-command","phase":"failure","correlationId":"48adc572-64a2-4e64-a688-e52fea99a907","outcome":"unavailable"}
linux-sigterm	RC1 command tampering and concurrent replay on PostgreSQL	2026-09-20T23:27:34.5126943Z {"component":"player-command","phase":"response","correlationId":"48adc572-64a2-4e64-a688-e52fea99a907","statusCode":409,"elapsedMs":0}
linux-sigterm	RC1 command tampering and concurrent replay on PostgreSQL	2026-09-20T23:27:34.5175941Z {"component":"player-command","phase":"request","correlationId":"9df87cc5-8a8d-4497-ae41-c3667556fe30"}
linux-sigterm	RC1 command tampering and concurrent replay on PostgreSQL	2026-09-20T23:27:34.5177255Z {"component":"player-command","phase":"failure","correlationId":"9df87cc5-8a8d-4497-ae41-c3667556fe30","outcome":"unavailable"}
linux-sigterm	RC1 command tampering and concurrent replay on PostgreSQL	2026-09-20T23:27:34.5179522Z {"component":"player-command","phase":"response","correlationId":"9df87cc5-8a8d-4497-ae41-c3667556fe30","statusCode":409,"elapsedMs":0}
linux-sigterm	RC1 command tampering and concurrent replay on PostgreSQL	2026-09-20T23:27:34.5184156Z {"component":"player-command","phase":"request","correlationId":"bb7ce1de-744a-4b2c-a5ad-61e1183508ea"}
linux-sigterm	RC1 command tampering and concurrent replay on PostgreSQL	2026-09-20T23:27:34.5186391Z {"component":"player-command","phase":"failure","correlationId":"bb7ce1de-744a-4b2c-a5ad-61e1183508ea","outcome":"unavailable"}
linux-sigterm	RC1 command tampering and concurrent replay on PostgreSQL	2026-09-20T23:27:34.5188841Z {"component":"player-command","phase":"response","correlationId":"bb7ce1de-744a-4b2c-a5ad-61e1183508ea","statusCode":400,"elapsedMs":0}
linux-sigterm	RC1 command tampering and concurrent replay on PostgreSQL	2026-09-20T23:27:34.5190519Z {"component":"player-command","phase":"request","correlationId":"aa5d0fe4-da2a-4fab-a363-ee79c35d7799"}
linux-sigterm	RC1 command tampering and concurrent replay on PostgreSQL	2026-09-20T23:27:34.5211721Z {"component":"player-command","phase":"authorization","correlationId":"aa5d0fe4-da2a-4fab-a363-ee79c35d7799","outcome":"allowed"}
linux-sigterm	RC1 command tampering and concurrent replay on PostgreSQL	2026-09-20T23:27:34.5213033Z {"component":"player-command","phase":"command","correlationId":"aa5d0fe4-da2a-4fab-a363-ee79c35d7799"}
linux-sigterm	RC1 command tampering and concurrent replay on PostgreSQL	2026-09-20T23:27:34.5214393Z {"component":"player-command","phase":"failure","correlationId":"aa5d0fe4-da2a-4fab-a363-ee79c35d7799","outcome":"unavailable"}
linux-sigterm	RC1 command tampering and concurrent replay on PostgreSQL	2026-09-20T23:27:34.5220440Z {"component":"player-command","phase":"response","correlationId":"aa5d0fe4-da2a-4fab-a363-ee79c35d7799","statusCode":400,"elapsedMs":3}
linux-sigterm	RC1 command tampering and concurrent replay on PostgreSQL	2026-09-20T23:27:34.5222555Z {"component":"player-command","phase":"request","correlationId":"3f896915-9fa5-490a-b23a-3fe470eda6cf"}
linux-sigterm	RC1 command tampering and concurrent replay on PostgreSQL	2026-09-20T23:27:34.5226000Z {"component":"player-command","phase":"authorization","correlationId":"3f896915-9fa5-490a-b23a-3fe470eda6cf","outcome":"denied"}
linux-sigterm	RC1 command tampering and concurrent replay on PostgreSQL	2026-09-20T23:27:34.5228492Z {"component":"player-command","phase":"response","correlationId":"3f896915-9fa5-490a-b23a-3fe470eda6cf","statusCode":401,"elapsedMs":1}
linux-sigterm	RC1 command tampering and concurrent replay on PostgreSQL	2026-09-20T23:27:34.5230157Z {"component":"player-command","phase":"request","correlationId":"ecb01ca3-e6d5-468e-8a3e-ba1aac79b020"}
linux-sigterm	RC1 command tampering and concurrent replay on PostgreSQL	2026-09-20T23:27:34.5235895Z {"component":"player-command","phase":"authorization","correlationId":"ecb01ca3-e6d5-468e-8a3e-ba1aac79b020","outcome":"denied"}
linux-sigterm	RC1 command tampering and concurrent replay on PostgreSQL	2026-09-20T23:27:34.5238257Z {"component":"player-command","phase":"response","correlationId":"ecb01ca3-e6d5-468e-8a3e-ba1aac79b020","statusCode":401,"elapsedMs":1}
linux-sigterm	RC1 command tampering and concurrent replay on PostgreSQL	2026-09-20T23:27:34.5239949Z {"component":"player-command","phase":"request","correlationId":"cae315ef-1d2d-492e-a9c3-6c3b86da80ed"}
linux-sigterm	RC1 command tampering and concurrent replay on PostgreSQL	2026-09-20T23:27:34.5261582Z {"component":"player-command","phase":"authorization","correlationId":"cae315ef-1d2d-492e-a9c3-6c3b86da80ed","outcome":"allowed"}
linux-sigterm	RC1 command tampering and concurrent replay on PostgreSQL	2026-09-20T23:27:34.5263524Z {"component":"player-command","phase":"command","correlationId":"cae315ef-1d2d-492e-a9c3-6c3b86da80ed"}
linux-sigterm	RC1 command tampering and concurrent replay on PostgreSQL	2026-09-20T23:27:34.5271189Z {"component":"player-command","phase":"failure","correlationId":"cae315ef-1d2d-492e-a9c3-6c3b86da80ed","outcome":"unavailable"}
linux-sigterm	RC1 command tampering and concurrent replay on PostgreSQL	2026-09-20T23:27:34.5280011Z {"component":"player-command","phase":"response","correlationId":"cae315ef-1d2d-492e-a9c3-6c3b86da80ed","statusCode":409,"elapsedMs":4}
linux-sigterm	RC1 command tampering and concurrent replay on PostgreSQL	2026-09-20T23:27:34.5281839Z {"component":"player-command","phase":"request","correlationId":"fadd579a-8202-462e-ab73-7b8083d7dc6a"}
linux-sigterm	RC1 command tampering and concurrent replay on PostgreSQL	2026-09-20T23:27:34.5301558Z {"component":"player-command","phase":"authorization","correlationId":"fadd579a-8202-462e-ab73-7b8083d7dc6a","outcome":"allowed"}
linux-sigterm	RC1 command tampering and concurrent replay on PostgreSQL	2026-09-20T23:27:34.5302949Z {"component":"player-command","phase":"command","correlationId":"fadd579a-8202-462e-ab73-7b8083d7dc6a"}
linux-sigterm	RC1 command tampering and concurrent replay on PostgreSQL	2026-09-20T23:27:34.5307329Z {"component":"player-command","phase":"failure","correlationId":"fadd579a-8202-462e-ab73-7b8083d7dc6a","outcome":"unavailable"}
linux-sigterm	RC1 command tampering and concurrent replay on PostgreSQL	2026-09-20T23:27:34.5315647Z {"component":"player-command","phase":"response","correlationId":"fadd579a-8202-462e-ab73-7b8083d7dc6a","statusCode":409,"elapsedMs":3}
linux-sigterm	RC1 command tampering and concurrent replay on PostgreSQL	2026-09-20T23:27:34.5316997Z {"component":"player-command","phase":"request","correlationId":"b510752f-7992-44df-8a9f-be921db68d6f"}
linux-sigterm	RC1 command tampering and concurrent replay on PostgreSQL	2026-09-20T23:27:34.5336755Z {"component":"player-command","phase":"authorization","correlationId":"b510752f-7992-44df-8a9f-be921db68d6f","outcome":"allowed"}
linux-sigterm	RC1 command tampering and concurrent replay on PostgreSQL	2026-09-20T23:27:34.5338025Z {"component":"player-command","phase":"command","correlationId":"b510752f-7992-44df-8a9f-be921db68d6f"}
linux-sigterm	RC1 command tampering and concurrent replay on PostgreSQL	2026-09-20T23:27:34.5339108Z {"component":"player-command","phase":"failure","correlationId":"b510752f-7992-44df-8a9f-be921db68d6f","outcome":"unavailable"}
linux-sigterm	RC1 command tampering and concurrent replay on PostgreSQL	2026-09-20T23:27:34.5345801Z {"component":"player-command","phase":"response","correlationId":"b510752f-7992-44df-8a9f-be921db68d6f","statusCode":400,"elapsedMs":3}
linux-sigterm	RC1 command tampering and concurrent replay on PostgreSQL	2026-09-20T23:27:34.5347292Z {"component":"player-command","phase":"request","correlationId":"b207cd1f-f3c2-43b7-807f-6c6fa7ed9854"}
linux-sigterm	RC1 command tampering and concurrent replay on PostgreSQL	2026-09-20T23:27:34.5366158Z {"component":"player-command","phase":"authorization","correlationId":"b207cd1f-f3c2-43b7-807f-6c6fa7ed9854","outcome":"allowed"}
linux-sigterm	RC1 command tampering and concurrent replay on PostgreSQL	2026-09-20T23:27:34.5367308Z {"component":"player-command","phase":"command","correlationId":"b207cd1f-f3c2-43b7-807f-6c6fa7ed9854"}
linux-sigterm	RC1 command tampering and concurrent replay on PostgreSQL	2026-09-20T23:27:34.5383597Z {"component":"player-command","phase":"failure","correlationId":"b207cd1f-f3c2-43b7-807f-6c6fa7ed9854","outcome":"unavailable"}
linux-sigterm	RC1 command tampering and concurrent replay on PostgreSQL	2026-09-20T23:27:34.5393388Z {"component":"player-command","phase":"response","correlationId":"b207cd1f-f3c2-43b7-807f-6c6fa7ed9854","statusCode":409,"elapsedMs":5}
linux-sigterm	RC1 command tampering and concurrent replay on PostgreSQL	2026-09-20T23:27:34.5394853Z {"component":"player-command","phase":"request","correlationId":"a47e8e70-5d3e-415a-9af5-f4f35f5ed3f8"}
linux-sigterm	RC1 command tampering and concurrent replay on PostgreSQL	2026-09-20T23:27:34.5413672Z {"component":"player-command","phase":"authorization","correlationId":"a47e8e70-5d3e-415a-9af5-f4f35f5ed3f8","outcome":"allowed"}
linux-sigterm	RC1 command tampering and concurrent replay on PostgreSQL	2026-09-20T23:27:34.5415634Z {"component":"player-command","phase":"command","correlationId":"a47e8e70-5d3e-415a-9af5-f4f35f5ed3f8"}
linux-sigterm	RC1 command tampering and concurrent replay on PostgreSQL	2026-09-20T23:27:34.5430353Z {"component":"player-command","phase":"failure","correlationId":"a47e8e70-5d3e-415a-9af5-f4f35f5ed3f8","outcome":"unavailable"}
linux-sigterm	RC1 command tampering and concurrent replay on PostgreSQL	2026-09-20T23:27:34.5439825Z {"component":"player-command","phase":"response","correlationId":"a47e8e70-5d3e-415a-9af5-f4f35f5ed3f8","statusCode":409,"elapsedMs":4}
linux-sigterm	RC1 command tampering and concurrent replay on PostgreSQL	2026-09-20T23:27:34.5499281Z {"component":"player-command","phase":"request","correlationId":"359fe70b-b2c5-4ee3-a365-f9225e765e84"}
linux-sigterm	RC1 command tampering and concurrent replay on PostgreSQL	2026-09-20T23:27:34.5500770Z {"component":"player-command","phase":"request","correlationId":"6e46d5b9-63ae-4465-a45f-ef9d5c6172b5"}
linux-sigterm	RC1 command tampering and concurrent replay on PostgreSQL	2026-09-20T23:27:34.5502191Z {"component":"player-command","phase":"request","correlationId":"0b14401d-3029-41de-989e-70f1e68cfcac"}
linux-sigterm	RC1 command tampering and concurrent replay on PostgreSQL	2026-09-20T23:27:34.5503776Z {"component":"player-command","phase":"request","correlationId":"c8a9001a-3f97-4c53-96aa-008de3601d58"}
linux-sigterm	RC1 command tampering and concurrent replay on PostgreSQL	2026-09-20T23:27:34.5505098Z {"component":"player-command","phase":"request","correlationId":"21cfdcb1-f407-4aac-ba54-1947eccee658"}
linux-sigterm	RC1 command tampering and concurrent replay on PostgreSQL	2026-09-20T23:27:34.5506477Z {"component":"player-command","phase":"request","correlationId":"526ac0d2-2069-4db6-89df-5e9517fe4409"}
linux-sigterm	RC1 command tampering and concurrent replay on PostgreSQL	2026-09-20T23:27:34.5507501Z {"component":"player-command","phase":"request","correlationId":"3ec95a10-9944-48b9-aa15-09db278daab1"}
linux-sigterm	RC1 command tampering and concurrent replay on PostgreSQL	2026-09-20T23:27:34.5508290Z {"component":"player-command","phase":"request","correlationId":"cdb3fa31-ec4d-4542-bd44-5652de2ce71a"}
linux-sigterm	RC1 command tampering and concurrent replay on PostgreSQL	2026-09-20T23:27:34.5624767Z {"component":"player-command","phase":"authorization","correlationId":"359fe70b-b2c5-4ee3-a365-f9225e765e84","outcome":"allowed"}
linux-sigterm	RC1 command tampering and concurrent replay on PostgreSQL	2026-09-20T23:27:34.5627089Z {"component":"player-command","phase":"command","correlationId":"359fe70b-b2c5-4ee3-a365-f9225e765e84"}
linux-sigterm	RC1 command tampering and concurrent replay on PostgreSQL	2026-09-20T23:27:34.6066867Z {"component":"player-command","phase":"authorization","correlationId":"0b14401d-3029-41de-989e-70f1e68cfcac","outcome":"allowed"}
linux-sigterm	RC1 command tampering and concurrent replay on PostgreSQL	2026-09-20T23:27:34.6069468Z {"component":"player-command","phase":"command","correlationId":"0b14401d-3029-41de-989e-70f1e68cfcac"}
linux-sigterm	RC1 command tampering and concurrent replay on PostgreSQL	2026-09-20T23:27:34.6076420Z {"component":"player-command","phase":"authorization","correlationId":"526ac0d2-2069-4db6-89df-5e9517fe4409","outcome":"allowed"}
linux-sigterm	RC1 command tampering and concurrent replay on PostgreSQL	2026-09-20T23:27:34.6081356Z {"component":"player-command","phase":"command","correlationId":"526ac0d2-2069-4db6-89df-5e9517fe4409"}
linux-sigterm	RC1 command tampering and concurrent replay on PostgreSQL	2026-09-20T23:27:34.6090617Z {"component":"player-command","phase":"authorization","correlationId":"6e46d5b9-63ae-4465-a45f-ef9d5c6172b5","outcome":"allowed"}
linux-sigterm	RC1 command tampering and concurrent replay on PostgreSQL	2026-09-20T23:27:34.6093143Z {"component":"player-command","phase":"command","correlationId":"6e46d5b9-63ae-4465-a45f-ef9d5c6172b5"}
linux-sigterm	RC1 command tampering and concurrent replay on PostgreSQL	2026-09-20T23:27:34.6094915Z {"component":"player-command","phase":"authorization","correlationId":"cdb3fa31-ec4d-4542-bd44-5652de2ce71a","outcome":"allowed"}
linux-sigterm	RC1 command tampering and concurrent replay on PostgreSQL	2026-09-20T23:27:34.6096588Z {"component":"player-command","phase":"command","correlationId":"cdb3fa31-ec4d-4542-bd44-5652de2ce71a"}
linux-sigterm	RC1 command tampering and concurrent replay on PostgreSQL	2026-09-20T23:27:34.6137656Z {"component":"player-command","phase":"authorization","correlationId":"c8a9001a-3f97-4c53-96aa-008de3601d58","outcome":"allowed"}
linux-sigterm	RC1 command tampering and concurrent replay on PostgreSQL	2026-09-20T23:27:34.6139057Z {"component":"player-command","phase":"command","correlationId":"c8a9001a-3f97-4c53-96aa-008de3601d58"}
linux-sigterm	RC1 command tampering and concurrent replay on PostgreSQL	2026-09-20T23:27:34.6140305Z {"component":"player-command","phase":"authorization","correlationId":"21cfdcb1-f407-4aac-ba54-1947eccee658","outcome":"allowed"}
linux-sigterm	RC1 command tampering and concurrent replay on PostgreSQL	2026-09-20T23:27:34.6141610Z {"component":"player-command","phase":"command","correlationId":"21cfdcb1-f407-4aac-ba54-1947eccee658"}
linux-sigterm	RC1 command tampering and concurrent replay on PostgreSQL	2026-09-20T23:27:34.6151863Z {"component":"player-command","phase":"authorization","correlationId":"3ec95a10-9944-48b9-aa15-09db278daab1","outcome":"allowed"}
linux-sigterm	RC1 command tampering and concurrent replay on PostgreSQL	2026-09-20T23:27:34.6155181Z {"component":"player-command","phase":"command","correlationId":"3ec95a10-9944-48b9-aa15-09db278daab1"}
linux-sigterm	RC1 command tampering and concurrent replay on PostgreSQL	2026-09-20T23:27:34.6178321Z {"component":"player-command","phase":"failure","correlationId":"0b14401d-3029-41de-989e-70f1e68cfcac","outcome":"unavailable"}
linux-sigterm	RC1 command tampering and concurrent replay on PostgreSQL	2026-09-20T23:27:34.6223720Z {"component":"player-command","phase":"response","correlationId":"0b14401d-3029-41de-989e-70f1e68cfcac","statusCode":409,"elapsedMs":72}
linux-sigterm	RC1 command tampering and concurrent replay on PostgreSQL	2026-09-20T23:27:34.6253116Z {"component":"player-command","phase":"failure","correlationId":"526ac0d2-2069-4db6-89df-5e9517fe4409","outcome":"unavailable"}
linux-sigterm	RC1 command tampering and concurrent replay on PostgreSQL	2026-09-20T23:27:34.6262278Z {"component":"player-command","phase":"failure","correlationId":"21cfdcb1-f407-4aac-ba54-1947eccee658","outcome":"unavailable"}
linux-sigterm	RC1 command tampering and concurrent replay on PostgreSQL	2026-09-20T23:27:34.6268668Z {"component":"player-command","phase":"failure","correlationId":"6e46d5b9-63ae-4465-a45f-ef9d5c6172b5","outcome":"unavailable"}
linux-sigterm	RC1 command tampering and concurrent replay on PostgreSQL	2026-09-20T23:27:34.6271700Z {"component":"player-command","phase":"failure","correlationId":"cdb3fa31-ec4d-4542-bd44-5652de2ce71a","outcome":"unavailable"}
linux-sigterm	RC1 command tampering and concurrent replay on PostgreSQL	2026-09-20T23:27:34.6277448Z {"component":"player-command","phase":"response","correlationId":"526ac0d2-2069-4db6-89df-5e9517fe4409","statusCode":409,"elapsedMs":77}
linux-sigterm	RC1 command tampering and concurrent replay on PostgreSQL	2026-09-20T23:27:34.6285417Z {"component":"player-command","phase":"response","correlationId":"21cfdcb1-f407-4aac-ba54-1947eccee658","statusCode":409,"elapsedMs":78}
linux-sigterm	RC1 command tampering and concurrent replay on PostgreSQL	2026-09-20T23:27:34.6287856Z {"component":"player-command","phase":"response","correlationId":"6e46d5b9-63ae-4465-a45f-ef9d5c6172b5","statusCode":409,"elapsedMs":79}
linux-sigterm	RC1 command tampering and concurrent replay on PostgreSQL	2026-09-20T23:27:34.6290288Z {"component":"player-command","phase":"response","correlationId":"cdb3fa31-ec4d-4542-bd44-5652de2ce71a","statusCode":409,"elapsedMs":78}
linux-sigterm	RC1 command tampering and concurrent replay on PostgreSQL	2026-09-20T23:27:34.6297057Z {"component":"player-command","phase":"failure","correlationId":"c8a9001a-3f97-4c53-96aa-008de3601d58","outcome":"unavailable"}
linux-sigterm	RC1 command tampering and concurrent replay on PostgreSQL	2026-09-20T23:27:34.6303462Z {"component":"player-command","phase":"failure","correlationId":"3ec95a10-9944-48b9-aa15-09db278daab1","outcome":"unavailable"}
linux-sigterm	RC1 command tampering and concurrent replay on PostgreSQL	2026-09-20T23:27:34.6308915Z {"component":"player-command","phase":"response","correlationId":"c8a9001a-3f97-4c53-96aa-008de3601d58","statusCode":409,"elapsedMs":81}
linux-sigterm	RC1 command tampering and concurrent replay on PostgreSQL	2026-09-20T23:27:34.6314051Z {"component":"player-command","phase":"response","correlationId":"3ec95a10-9944-48b9-aa15-09db278daab1","statusCode":409,"elapsedMs":81}
linux-sigterm	RC1 command tampering and concurrent replay on PostgreSQL	2026-09-20T23:27:34.6733086Z {"component":"player-command","phase":"mutation","correlationId":"359fe70b-b2c5-4ee3-a365-f9225e765e84","outcome":"completed","replayed":false}
linux-sigterm	RC1 command tampering and concurrent replay on PostgreSQL	2026-09-20T23:27:34.7171233Z {"component":"player-command","phase":"consequence","correlationId":"359fe70b-b2c5-4ee3-a365-f9225e765e84","replayed":false,"changes":3}
linux-sigterm	RC1 command tampering and concurrent replay on PostgreSQL	2026-09-20T23:27:34.7172963Z {"component":"player-command","phase":"opportunity","correlationId":"359fe70b-b2c5-4ee3-a365-f9225e765e84","replayed":false,"changes":1}
linux-sigterm	RC1 command tampering and concurrent replay on PostgreSQL	2026-09-20T23:27:34.7185876Z {"component":"player-command","phase":"request","correlationId":"dcdc2fb0-0a94-4ef6-b96d-c1d839b35990"}
linux-sigterm	RC1 command tampering and concurrent replay on PostgreSQL	2026-09-20T23:27:34.7195721Z {"component":"player-command","phase":"response","correlationId":"359fe70b-b2c5-4ee3-a365-f9225e765e84","statusCode":200,"elapsedMs":168}
linux-sigterm	RC1 command tampering and concurrent replay on PostgreSQL	2026-09-20T23:27:34.7213562Z {"component":"player-command","phase":"authorization","correlationId":"dcdc2fb0-0a94-4ef6-b96d-c1d839b35990","outcome":"allowed"}
linux-sigterm	RC1 command tampering and concurrent replay on PostgreSQL	2026-09-20T23:27:34.7215127Z {"component":"player-command","phase":"command","correlationId":"dcdc2fb0-0a94-4ef6-b96d-c1d839b35990"}
linux-sigterm	RC1 command tampering and concurrent replay on PostgreSQL	2026-09-20T23:27:34.7233871Z {"component":"player-command","phase":"mutation","correlationId":"dcdc2fb0-0a94-4ef6-b96d-c1d839b35990","outcome":"completed","replayed":true}
linux-sigterm	RC1 command tampering and concurrent replay on PostgreSQL	2026-09-20T23:27:34.7596925Z {"component":"player-command","phase":"consequence","correlationId":"dcdc2fb0-0a94-4ef6-b96d-c1d839b35990","replayed":true,"changes":0}
linux-sigterm	RC1 command tampering and concurrent replay on PostgreSQL	2026-09-20T23:27:34.7598125Z {"component":"player-command","phase":"opportunity","correlationId":"dcdc2fb0-0a94-4ef6-b96d-c1d839b35990","replayed":true,"changes":0}
linux-sigterm	RC1 command tampering and concurrent replay on PostgreSQL	2026-09-20T23:27:34.7618653Z {"component":"player-command","phase":"response","correlationId":"dcdc2fb0-0a94-4ef6-b96d-c1d839b35990","statusCode":200,"elapsedMs":43}
linux-sigterm	RC1 command tampering and concurrent replay on PostgreSQL	2026-09-20T23:27:34.7686855Z ⚠️  preflight: Neither PUBLIC_URL nor SOCIAL_GAME_URL is set — every referral link, share prompt and social card will point at the built-in default domain, not yours. Set PUBLIC_URL to this server's own origin (it is also what one-click X sign-in derives its callback from).
linux-sigterm	RC1 command tampering and concurrent replay on PostgreSQL	2026-09-20T23:27:34.7703021Z ⚠️  preflight: INVARIANT_WEBHOOK_URL is not set — the §10.4 economy-drift, backup-failure, oracle-halt and real-value-invariant alarms have nowhere to shout and reach only a log line. Set it (a Slack/Discord webhook) on BOTH processes: the worker fires most alarms, and the API is the only one that can page when the WORKER is dead.
linux-sigterm	RC1 command tampering and concurrent replay on PostgreSQL	2026-09-20T23:27:36.1164749Z [db] Postgres ready — column migration ran 2956 ADD COLUMN IF NOT EXISTS statements.
linux-sigterm	RC1 command tampering and concurrent replay on PostgreSQL	2026-09-20T23:27:36.3397417Z {"component":"player-command","phase":"request","correlationId":"b049d5c3-5a7a-4e2f-9dc8-1cfcaf0f4408"}
linux-sigterm	RC1 command tampering and concurrent replay on PostgreSQL	2026-09-20T23:27:36.3513867Z {"component":"player-command","phase":"authorization","correlationId":"b049d5c3-5a7a-4e2f-9dc8-1cfcaf0f4408","outcome":"allowed"}
linux-sigterm	RC1 command tampering and concurrent replay on PostgreSQL	2026-09-20T23:27:36.3514980Z {"component":"player-command","phase":"command","correlationId":"b049d5c3-5a7a-4e2f-9dc8-1cfcaf0f4408"}
linux-sigterm	RC1 command tampering and concurrent replay on PostgreSQL	2026-09-20T23:27:36.3540675Z {"component":"player-command","phase":"mutation","correlationId":"b049d5c3-5a7a-4e2f-9dc8-1cfcaf0f4408","outcome":"completed","replayed":true}
linux-sigterm	RC1 command tampering and concurrent replay on PostgreSQL	2026-09-20T23:27:36.3918672Z {"component":"player-command","phase":"consequence","correlationId":"b049d5c3-5a7a-4e2f-9dc8-1cfcaf0f4408","replayed":true,"changes":0}
linux-sigterm	RC1 command tampering and concurrent replay on PostgreSQL	2026-09-20T23:27:36.3920868Z {"component":"player-command","phase":"opportunity","correlationId":"b049d5c3-5a7a-4e2f-9dc8-1cfcaf0f4408","replayed":true,"changes":0}
linux-sigterm	RC1 command tampering and concurrent replay on PostgreSQL	2026-09-20T23:27:36.3936982Z {"component":"player-command","phase":"response","correlationId":"b049d5c3-5a7a-4e2f-9dc8-1cfcaf0f4408","statusCode":200,"elapsedMs":53}
linux-sigterm	RC1 command tampering and concurrent replay on PostgreSQL	2026-09-20T23:27:36.4036698Z {"gate":"RC1 command HTTP redteam","database":"real PostgreSQL","deniedCases":42,"concurrentRequests":8,"concurrentStatuses":[200,409,409,409,409,409,409,409],"freshExecutions":1,"uniqueMysteryInstances":1,"restartReplay":true,"gameStateUnchangedOnDenialAndReplay":true,"status":"PASS"}
linux-sigterm	Install Chromium for the real PostgreSQL phone journey	﻿2026-09-20T23:27:36.5437798Z ##[group]Run npx playwright-core install --with-deps chromium
linux-sigterm	Install Chromium for the real PostgreSQL phone journey	2026-09-20T23:27:36.5438628Z ^[[36;1mnpx playwright-core install --with-deps chromium^[[0m
linux-sigterm	Install Chromium for the real PostgreSQL phone journey	2026-09-20T23:27:36.5493421Z shell: /usr/bin/bash -e {0}
linux-sigterm	Install Chromium for the real PostgreSQL phone journey	2026-09-20T23:27:36.5493702Z env:
linux-sigterm	Install Chromium for the real PostgreSQL phone journey	2026-09-20T23:27:36.5494431Z   COORDINATION_TEST_DATABASE_URL: ***127.0.0.1:5432/rc1_recovery
linux-sigterm	Install Chromium for the real PostgreSQL phone journey	2026-09-20T23:27:36.5494960Z   DATABASE_URL: ***127.0.0.1:5432/rc1_recovery
linux-sigterm	Install Chromium for the real PostgreSQL phone journey	2026-09-20T23:27:36.5495386Z   RC1_SHUTDOWN_EVIDENCE: /home/runner/work/Omerta/Omerta/tmp/rc1-linux-recovery
linux-sigterm	Install Chromium for the real PostgreSQL phone journey	2026-09-20T23:27:36.5495790Z ##[endgroup]
linux-sigterm	Install Chromium for the real PostgreSQL phone journey	2026-09-20T23:27:37.1531603Z Installing dependencies...
linux-sigterm	Install Chromium for the real PostgreSQL phone journey	2026-09-20T23:27:37.1619835Z Switching to root user to install dependencies...
linux-sigterm	Install Chromium for the real PostgreSQL phone journey	2026-09-20T23:27:37.2814678Z Get:1 file:/etc/apt/apt-mirrors.txt Mirrorlist [144 B]
linux-sigterm	Install Chromium for the real PostgreSQL phone journey	2026-09-20T23:27:37.3268204Z Hit:2 http://azure.archive.ubuntu.com/ubuntu noble InRelease
linux-sigterm	Install Chromium for the real PostgreSQL phone journey	2026-09-20T23:27:37.3384554Z Get:3 http://azure.archive.ubuntu.com/ubuntu noble-updates InRelease [126 kB]
linux-sigterm	Install Chromium for the real PostgreSQL phone journey	2026-09-20T23:27:37.3386219Z Get:6 https://packages.microsoft.com/ubuntu/24.04/prod noble InRelease [3600 B]
linux-sigterm	Install Chromium for the real PostgreSQL phone journey	2026-09-20T23:27:37.3487241Z Get:4 http://azure.archive.ubuntu.com/ubuntu noble-backports InRelease [126 kB]
linux-sigterm	Install Chromium for the real PostgreSQL phone journey	2026-09-20T23:27:37.3614330Z Get:5 http://azure.archive.ubuntu.com/ubuntu noble-security InRelease [126 kB]
linux-sigterm	Install Chromium for the real PostgreSQL phone journey	2026-09-20T23:27:37.4269079Z Get:7 https://dl.google.com/linux/chrome-stable/deb stable InRelease [2548 B]
linux-sigterm	Install Chromium for the real PostgreSQL phone journey	2026-09-20T23:27:37.4722496Z Get:8 https://packages.microsoft.com/ubuntu/24.04/prod noble/main arm64 Packages [429 kB]
linux-sigterm	Install Chromium for the real PostgreSQL phone journey	2026-09-20T23:27:37.4894409Z Get:9 https://packages.microsoft.com/ubuntu/24.04/prod noble/main amd64 Packages [478 kB]
linux-sigterm	Install Chromium for the real PostgreSQL phone journey	2026-09-20T23:27:37.5255802Z Get:10 http://azure.archive.ubuntu.com/ubuntu noble-updates/main amd64 Packages [1275 kB]
linux-sigterm	Install Chromium for the real PostgreSQL phone journey	2026-09-20T23:27:37.5350377Z Get:11 http://azure.archive.ubuntu.com/ubuntu noble-updates/main Translation-en [294 kB]
linux-sigterm	Install Chromium for the real PostgreSQL phone journey	2026-09-20T23:27:37.5362333Z Get:12 http://azure.archive.ubuntu.com/ubuntu noble-updates/main amd64 Components [180 kB]
linux-sigterm	Install Chromium for the real PostgreSQL phone journey	2026-09-20T23:27:37.5384598Z Get:13 http://azure.archive.ubuntu.com/ubuntu noble-updates/universe amd64 Packages [1689 kB]
linux-sigterm	Install Chromium for the real PostgreSQL phone journey	2026-09-20T23:27:37.5480702Z Get:14 http://azure.archive.ubuntu.com/ubuntu noble-updates/universe Translation-en [338 kB]
linux-sigterm	Install Chromium for the real PostgreSQL phone journey	2026-09-20T23:27:37.5516822Z Get:15 http://azure.archive.ubuntu.com/ubuntu noble-updates/universe amd64 Components [388 kB]
linux-sigterm	Install Chromium for the real PostgreSQL phone journey	2026-09-20T23:27:37.5544187Z Get:16 http://azure.archive.ubuntu.com/ubuntu noble-updates/restricted amd64 Packages [1580 kB]
linux-sigterm	Install Chromium for the real PostgreSQL phone journey	2026-09-20T23:27:37.5611494Z Get:17 http://azure.archive.ubuntu.com/ubuntu noble-updates/restricted Translation-en [359 kB]
linux-sigterm	Install Chromium for the real PostgreSQL phone journey	2026-09-20T23:27:37.5639490Z Get:18 http://azure.archive.ubuntu.com/ubuntu noble-updates/multiverse amd64 Packages [45.7 kB]
linux-sigterm	Install Chromium for the real PostgreSQL phone journey	2026-09-20T23:27:37.5656061Z Get:19 http://azure.archive.ubuntu.com/ubuntu noble-updates/multiverse Translation-en [13.1 kB]
linux-sigterm	Install Chromium for the real PostgreSQL phone journey	2026-09-20T23:27:37.6100349Z Get:20 http://azure.archive.ubuntu.com/ubuntu noble-updates/multiverse amd64 Components [940 B]
linux-sigterm	Install Chromium for the real PostgreSQL phone journey	2026-09-20T23:27:37.6123393Z Get:21 http://azure.archive.ubuntu.com/ubuntu noble-backports/main amd64 Packages [65.9 kB]
linux-sigterm	Install Chromium for the real PostgreSQL phone journey	2026-09-20T23:27:37.6134919Z Get:22 http://azure.archive.ubuntu.com/ubuntu noble-backports/main amd64 Components [5768 B]
linux-sigterm	Install Chromium for the real PostgreSQL phone journey	2026-09-20T23:27:37.6153915Z Get:23 http://azure.archive.ubuntu.com/ubuntu noble-backports/universe amd64 Packages [34.6 kB]
linux-sigterm	Install Chromium for the real PostgreSQL phone journey	2026-09-20T23:27:37.6165816Z Get:24 http://azure.archive.ubuntu.com/ubuntu noble-backports/universe Translation-en [18.7 kB]
linux-sigterm	Install Chromium for the real PostgreSQL phone journey	2026-09-20T23:27:37.6184572Z Get:25 http://azure.archive.ubuntu.com/ubuntu noble-backports/universe amd64 Components [12.6 kB]
linux-sigterm	Install Chromium for the real PostgreSQL phone journey	2026-09-20T23:27:37.6357479Z Get:26 http://azure.archive.ubuntu.com/ubuntu noble-security/main amd64 Packages [1009 kB]
linux-sigterm	Install Chromium for the real PostgreSQL phone journey	2026-09-20T23:27:37.6418660Z Get:27 http://azure.archive.ubuntu.com/ubuntu noble-security/main Translation-en [214 kB]
linux-sigterm	Install Chromium for the real PostgreSQL phone journey	2026-09-20T23:27:37.6442241Z Get:28 http://azure.archive.ubuntu.com/ubuntu noble-security/main amd64 Components [46.4 kB]
linux-sigterm	Install Chromium for the real PostgreSQL phone journey	2026-09-20T23:27:37.6459735Z Get:29 http://azure.archive.ubuntu.com/ubuntu noble-security/universe amd64 Packages [1208 kB]
linux-sigterm	Install Chromium for the real PostgreSQL phone journey	2026-09-20T23:27:37.6527208Z Get:30 http://azure.archive.ubuntu.com/ubuntu noble-security/universe Translation-en [243 kB]
linux-sigterm	Install Chromium for the real PostgreSQL phone journey	2026-09-20T23:27:37.6548639Z Get:31 http://azure.archive.ubuntu.com/ubuntu noble-security/universe amd64 Components [76.2 kB]
linux-sigterm	Install Chromium for the real PostgreSQL phone journey	2026-09-20T23:27:37.6566114Z Get:32 http://azure.archive.ubuntu.com/ubuntu noble-security/restricted amd64 Packages [1449 kB]
linux-sigterm	Install Chromium for the real PostgreSQL phone journey	2026-09-20T23:27:37.6642724Z Get:33 http://azure.archive.ubuntu.com/ubuntu noble-security/restricted Translation-en [336 kB]
linux-sigterm	Install Chromium for the real PostgreSQL phone journey	2026-09-20T23:27:37.7102676Z Get:34 http://azure.archive.ubuntu.com/ubuntu noble-security/multiverse Translation-en [11.3 kB]
linux-sigterm	Install Chromium for the real PostgreSQL phone journey	2026-09-20T23:27:37.7184880Z Get:35 https://dl.google.com/linux/chrome-stable/deb stable/main amd64 Packages [1408 B]
linux-sigterm	Install Chromium for the real PostgreSQL phone journey	2026-09-20T23:27:42.5182560Z Fetched 12.2 MB in 1s (8768 kB/s)
linux-sigterm	Install Chromium for the real PostgreSQL phone journey	2026-09-20T23:27:43.4790708Z Reading package lists...
linux-sigterm	Install Chromium for the real PostgreSQL phone journey	2026-09-20T23:27:43.5065598Z Reading package lists...
linux-sigterm	Install Chromium for the real PostgreSQL phone journey	2026-09-20T23:27:43.7743675Z Building dependency tree...
linux-sigterm	Install Chromium for the real PostgreSQL phone journey	2026-09-20T23:27:43.7751917Z Reading state information...
linux-sigterm	Install Chromium for the real PostgreSQL phone journey	2026-09-20T23:27:43.9821905Z libasound2t64 is already the newest version (1.2.11-1ubuntu0.3).
linux-sigterm	Install Chromium for the real PostgreSQL phone journey	2026-09-20T23:27:43.9823055Z libasound2t64 set to manually installed.
linux-sigterm	Install Chromium for the real PostgreSQL phone journey	2026-09-20T23:27:43.9823882Z libatk-bridge2.0-0t64 is already the newest version (2.52.0-1build1).
linux-sigterm	Install Chromium for the real PostgreSQL phone journey	2026-09-20T23:27:43.9824894Z libatk-bridge2.0-0t64 set to manually installed.
linux-sigterm	Install Chromium for the real PostgreSQL phone journey	2026-09-20T23:27:43.9825827Z libatk1.0-0t64 is already the newest version (2.52.0-1build1).
linux-sigterm	Install Chromium for the real PostgreSQL phone journey	2026-09-20T23:27:43.9826543Z libatk1.0-0t64 set to manually installed.
linux-sigterm	Install Chromium for the real PostgreSQL phone journey	2026-09-20T23:27:43.9827379Z libatspi2.0-0t64 is already the newest version (2.52.0-1build1).
linux-sigterm	Install Chromium for the real PostgreSQL phone journey	2026-09-20T23:27:43.9828119Z libatspi2.0-0t64 set to manually installed.
linux-sigterm	Install Chromium for the real PostgreSQL phone journey	2026-09-20T23:27:43.9828825Z libcairo2 is already the newest version (1.18.0-3build1).
linux-sigterm	Install Chromium for the real PostgreSQL phone journey	2026-09-20T23:27:43.9829467Z libcairo2 set to manually installed.
linux-sigterm	Install Chromium for the real PostgreSQL phone journey	2026-09-20T23:27:43.9830144Z libcups2t64 is already the newest version (2.4.7-1.2ubuntu7.14).
linux-sigterm	Install Chromium for the real PostgreSQL phone journey	2026-09-20T23:27:43.9830796Z libcups2t64 set to manually installed.
linux-sigterm	Install Chromium for the real PostgreSQL phone journey	2026-09-20T23:27:43.9831297Z libdbus-1-3 is already the newest version (1.14.10-4ubuntu4.1).
linux-sigterm	Install Chromium for the real PostgreSQL phone journey	2026-09-20T23:27:43.9831727Z libdbus-1-3 set to manually installed.
linux-sigterm	Install Chromium for the real PostgreSQL phone journey	2026-09-20T23:27:43.9832172Z libdrm2 is already the newest version (2.4.125-1ubuntu0.1~24.04.2).
linux-sigterm	Install Chromium for the real PostgreSQL phone journey	2026-09-20T23:27:43.9832587Z libdrm2 set to manually installed.
linux-sigterm	Install Chromium for the real PostgreSQL phone journey	2026-09-20T23:27:43.9833831Z libgbm1 is already the newest version (25.2.8-0ubuntu0.24.04.2).
linux-sigterm	Install Chromium for the real PostgreSQL phone journey	2026-09-20T23:27:43.9834341Z libgbm1 set to manually installed.
linux-sigterm	Install Chromium for the real PostgreSQL phone journey	2026-09-20T23:27:43.9835022Z libglib2.0-0t64 is already the newest version (2.80.0-6ubuntu3.8).
linux-sigterm	Install Chromium for the real PostgreSQL phone journey	2026-09-20T23:27:43.9835483Z libglib2.0-0t64 set to manually installed.
linux-sigterm	Install Chromium for the real PostgreSQL phone journey	2026-09-20T23:27:43.9835921Z libnspr4 is already the newest version (2:4.35-1.1build1).
linux-sigterm	Install Chromium for the real PostgreSQL phone journey	2026-09-20T23:27:43.9836326Z libnspr4 set to manually installed.
linux-sigterm	Install Chromium for the real PostgreSQL phone journey	2026-09-20T23:27:43.9836729Z libnss3 is already the newest version (2:3.98-1ubuntu0.2).
linux-sigterm	Install Chromium for the real PostgreSQL phone journey	2026-09-20T23:27:43.9837119Z libnss3 set to manually installed.
linux-sigterm	Install Chromium for the real PostgreSQL phone journey	2026-09-20T23:27:43.9837607Z libpango-1.0-0 is already the newest version (1.52.1+ds-1build1).
linux-sigterm	Install Chromium for the real PostgreSQL phone journey	2026-09-20T23:27:43.9838198Z libpango-1.0-0 set to manually installed.
linux-sigterm	Install Chromium for the real PostgreSQL phone journey	2026-09-20T23:27:43.9838621Z libx11-6 is already the newest version (2:1.8.7-1build1).
linux-sigterm	Install Chromium for the real PostgreSQL phone journey	2026-09-20T23:27:43.9838999Z libx11-6 set to manually installed.
linux-sigterm	Install Chromium for the real PostgreSQL phone journey	2026-09-20T23:27:43.9839374Z libxcb1 is already the newest version (1.15-1ubuntu2).
linux-sigterm	Install Chromium for the real PostgreSQL phone journey	2026-09-20T23:27:43.9839739Z libxcb1 set to manually installed.
linux-sigterm	Install Chromium for the real PostgreSQL phone journey	2026-09-20T23:27:43.9840152Z libxcomposite1 is already the newest version (1:0.4.5-1build3).
linux-sigterm	Install Chromium for the real PostgreSQL phone journey	2026-09-20T23:27:43.9840574Z libxcomposite1 set to manually installed.
linux-sigterm	Install Chromium for the real PostgreSQL phone journey	2026-09-20T23:27:43.9840990Z libxdamage1 is already the newest version (1:1.1.6-1build1).
linux-sigterm	Install Chromium for the real PostgreSQL phone journey	2026-09-20T23:27:43.9841378Z libxdamage1 set to manually installed.
linux-sigterm	Install Chromium for the real PostgreSQL phone journey	2026-09-20T23:27:43.9841961Z libxext6 is already the newest version (2:1.3.4-1build2).
linux-sigterm	Install Chromium for the real PostgreSQL phone journey	2026-09-20T23:27:43.9842571Z libxext6 set to manually installed.
linux-sigterm	Install Chromium for the real PostgreSQL phone journey	2026-09-20T23:27:43.9843510Z libxfixes3 is already the newest version (1:6.0.0-2build1).
linux-sigterm	Install Chromium for the real PostgreSQL phone journey	2026-09-20T23:27:43.9844216Z libxfixes3 set to manually installed.
linux-sigterm	Install Chromium for the real PostgreSQL phone journey	2026-09-20T23:27:43.9845298Z libxkbcommon0 is already the newest version (1.6.0-1build1).
linux-sigterm	Install Chromium for the real PostgreSQL phone journey	2026-09-20T23:27:43.9845741Z libxkbcommon0 set to manually installed.
linux-sigterm	Install Chromium for the real PostgreSQL phone journey	2026-09-20T23:27:43.9846163Z libxrandr2 is already the newest version (2:1.5.2-2build1).
linux-sigterm	Install Chromium for the real PostgreSQL phone journey	2026-09-20T23:27:43.9846559Z libxrandr2 set to manually installed.
linux-sigterm	Install Chromium for the real PostgreSQL phone journey	2026-09-20T23:27:43.9846969Z xvfb is already the newest version (2:21.1.12-1ubuntu1.6).
linux-sigterm	Install Chromium for the real PostgreSQL phone journey	2026-09-20T23:27:43.9847528Z fonts-noto-color-emoji is already the newest version (2.047-0ubuntu0.24.04.1).
linux-sigterm	Install Chromium for the real PostgreSQL phone journey	2026-09-20T23:27:43.9848109Z libfontconfig1 is already the newest version (2.15.0-1.1ubuntu2).
linux-sigterm	Install Chromium for the real PostgreSQL phone journey	2026-09-20T23:27:43.9848531Z libfontconfig1 set to manually installed.
linux-sigterm	Install Chromium for the real PostgreSQL phone journey	2026-09-20T23:27:43.9849329Z libfreetype6 is already the newest version (2.13.2+dfsg-1ubuntu0.1).
linux-sigterm	Install Chromium for the real PostgreSQL phone journey	2026-09-20T23:27:43.9850129Z libfreetype6 set to manually installed.
linux-sigterm	Install Chromium for the real PostgreSQL phone journey	2026-09-20T23:27:43.9850878Z fonts-liberation is already the newest version (1:2.1.5-3).
linux-sigterm	Install Chromium for the real PostgreSQL phone journey	2026-09-20T23:27:43.9851346Z fonts-liberation set to manually installed.
linux-sigterm	Install Chromium for the real PostgreSQL phone journey	2026-09-20T23:27:43.9851769Z The following additional packages will be installed:
linux-sigterm	Install Chromium for the real PostgreSQL phone journey	2026-09-20T23:27:43.9852141Z   xfonts-encodings xfonts-utils
linux-sigterm	Install Chromium for the real PostgreSQL phone journey	2026-09-20T23:27:43.9852418Z Recommended packages:
linux-sigterm	Install Chromium for the real PostgreSQL phone journey	2026-09-20T23:27:43.9852690Z   fonts-ipafont-mincho fonts-tlwg-loma
linux-sigterm	Install Chromium for the real PostgreSQL phone journey	2026-09-20T23:27:44.0078243Z The following NEW packages will be installed:
linux-sigterm	Install Chromium for the real PostgreSQL phone journey	2026-09-20T23:27:44.0079545Z   fonts-freefont-ttf fonts-ipafont-gothic fonts-tlwg-loma-otf fonts-unifont
linux-sigterm	Install Chromium for the real PostgreSQL phone journey	2026-09-20T23:27:44.0091129Z   fonts-wqy-zenhei xfonts-cyrillic xfonts-encodings xfonts-scalable
linux-sigterm	Install Chromium for the real PostgreSQL phone journey	2026-09-20T23:27:44.0091921Z   xfonts-utils
linux-sigterm	Install Chromium for the real PostgreSQL phone journey	2026-09-20T23:27:44.0294961Z 0 upgraded, 9 newly installed, 0 to remove and 73 not upgraded.
linux-sigterm	Install Chromium for the real PostgreSQL phone journey	2026-09-20T23:27:44.0295614Z Need to get 21.1 MB of archives.
linux-sigterm	Install Chromium for the real PostgreSQL phone journey	2026-09-20T23:27:44.0296498Z After this operation, 79.5 MB of additional disk space will be used.
linux-sigterm	Install Chromium for the real PostgreSQL phone journey	2026-09-20T23:27:44.0297663Z Get:1 file:/etc/apt/apt-mirrors.txt Mirrorlist [144 B]
linux-sigterm	Install Chromium for the real PostgreSQL phone journey	2026-09-20T23:27:44.0907410Z Get:2 http://azure.archive.ubuntu.com/ubuntu noble/universe amd64 fonts-ipafont-gothic all 00303-21ubuntu1 [3513 kB]
linux-sigterm	Install Chromium for the real PostgreSQL phone journey	2026-09-20T23:27:44.2875167Z Get:3 http://azure.archive.ubuntu.com/ubuntu noble/main amd64 fonts-freefont-ttf all 20211204+svn4273-2 [5641 kB]
linux-sigterm	Install Chromium for the real PostgreSQL phone journey	2026-09-20T23:27:44.3828379Z Get:4 http://azure.archive.ubuntu.com/ubuntu noble/universe amd64 fonts-tlwg-loma-otf all 1:0.7.3-1 [107 kB]
linux-sigterm	Install Chromium for the real PostgreSQL phone journey	2026-09-20T23:27:44.4059510Z Get:5 http://azure.archive.ubuntu.com/ubuntu noble/universe amd64 fonts-unifont all 1:15.1.01-1build1 [2993 kB]
linux-sigterm	Install Chromium for the real PostgreSQL phone journey	2026-09-20T23:27:44.4553506Z Get:6 http://azure.archive.ubuntu.com/ubuntu noble/universe amd64 fonts-wqy-zenhei all 0.9.45-8 [7472 kB]
linux-sigterm	Install Chromium for the real PostgreSQL phone journey	2026-09-20T23:27:44.5527852Z Get:7 http://azure.archive.ubuntu.com/ubuntu noble/main amd64 xfonts-encodings all 1:1.0.5-0ubuntu2 [578 kB]
linux-sigterm	Install Chromium for the real PostgreSQL phone journey	2026-09-20T23:27:44.5800665Z Get:8 http://azure.archive.ubuntu.com/ubuntu noble/main amd64 xfonts-utils amd64 1:7.7+6build3 [94.4 kB]
linux-sigterm	Install Chromium for the real PostgreSQL phone journey	2026-09-20T23:27:44.6029761Z Get:9 http://azure.archive.ubuntu.com/ubuntu noble/universe amd64 xfonts-cyrillic all 1:1.0.5+nmu1 [384 kB]
linux-sigterm	Install Chromium for the real PostgreSQL phone journey	2026-09-20T23:27:44.6288316Z Get:10 http://azure.archive.ubuntu.com/ubuntu noble/main amd64 xfonts-scalable all 1:1.0.3-1.3 [304 kB]
linux-sigterm	Install Chromium for the real PostgreSQL phone journey	2026-09-20T23:27:44.9048671Z Fetched 21.1 MB in 1s (34.4 MB/s)
linux-sigterm	Install Chromium for the real PostgreSQL phone journey	2026-09-20T23:27:44.9357211Z Selecting previously unselected package fonts-ipafont-gothic.
linux-sigterm	Install Chromium for the real PostgreSQL phone journey	2026-09-20T23:27:44.9727488Z (Reading database ... 
linux-sigterm	Install Chromium for the real PostgreSQL phone journey	2026-09-20T23:27:44.9728244Z (Reading database ... 5%
linux-sigterm	Install Chromium for the real PostgreSQL phone journey	2026-09-20T23:27:44.9728610Z (Reading database ... 10%
linux-sigterm	Install Chromium for the real PostgreSQL phone journey	2026-09-20T23:27:44.9728944Z (Reading database ... 15%
linux-sigterm	Install Chromium for the real PostgreSQL phone journey	2026-09-20T23:27:44.9729240Z (Reading database ... 20%
linux-sigterm	Install Chromium for the real PostgreSQL phone journey	2026-09-20T23:27:44.9729530Z (Reading database ... 25%
linux-sigterm	Install Chromium for the real PostgreSQL phone journey	2026-09-20T23:27:44.9729809Z (Reading database ... 30%
linux-sigterm	Install Chromium for the real PostgreSQL phone journey	2026-09-20T23:27:44.9730086Z (Reading database ... 35%
linux-sigterm	Install Chromium for the real PostgreSQL phone journey	2026-09-20T23:27:44.9730474Z (Reading database ... 40%
linux-sigterm	Install Chromium for the real PostgreSQL phone journey	2026-09-20T23:27:44.9730997Z (Reading database ... 45%
linux-sigterm	Install Chromium for the real PostgreSQL phone journey	2026-09-20T23:27:44.9731651Z (Reading database ... 50%
linux-sigterm	Install Chromium for the real PostgreSQL phone journey	2026-09-20T23:27:44.9785815Z (Reading database ... 55%
linux-sigterm	Install Chromium for the real PostgreSQL phone journey	2026-09-20T23:27:45.1338653Z (Reading database ... 60%
linux-sigterm	Install Chromium for the real PostgreSQL phone journey	2026-09-20T23:27:45.2740288Z (Reading database ... 65%
linux-sigterm	Install Chromium for the real PostgreSQL phone journey	2026-09-20T23:27:45.4687220Z (Reading database ... 70%
linux-sigterm	Install Chromium for the real PostgreSQL phone journey	2026-09-20T23:27:45.6256302Z (Reading database ... 75%
linux-sigterm	Install Chromium for the real PostgreSQL phone journey	2026-09-20T23:27:45.7828022Z (Reading database ... 80%
linux-sigterm	Install Chromium for the real PostgreSQL phone journey	2026-09-20T23:27:45.9329453Z (Reading database ... 85%
linux-sigterm	Install Chromium for the real PostgreSQL phone journey	2026-09-20T23:27:46.1146050Z (Reading database ... 90%
linux-sigterm	Install Chromium for the real PostgreSQL phone journey	2026-09-20T23:27:46.2465703Z (Reading database ... 95%
linux-sigterm	Install Chromium for the real PostgreSQL phone journey	2026-09-20T23:27:46.2466422Z (Reading database ... 100%
linux-sigterm	Install Chromium for the real PostgreSQL phone journey	2026-09-20T23:27:46.2467025Z (Reading database ... 201818 files and directories currently installed.)
linux-sigterm	Install Chromium for the real PostgreSQL phone journey	2026-09-20T23:27:46.2511365Z Preparing to unpack .../0-fonts-ipafont-gothic_00303-21ubuntu1_all.deb ...
linux-sigterm	Install Chromium for the real PostgreSQL phone journey	2026-09-20T23:27:46.2617029Z Unpacking fonts-ipafont-gothic (00303-21ubuntu1) ...
linux-sigterm	Install Chromium for the real PostgreSQL phone journey	2026-09-20T23:27:46.4954962Z Selecting previously unselected package fonts-freefont-ttf.
linux-sigterm	Install Chromium for the real PostgreSQL phone journey	2026-09-20T23:27:46.5089501Z Preparing to unpack .../1-fonts-freefont-ttf_20211204+svn4273-2_all.deb ...
linux-sigterm	Install Chromium for the real PostgreSQL phone journey	2026-09-20T23:27:46.5098669Z Unpacking fonts-freefont-ttf (20211204+svn4273-2) ...
linux-sigterm	Install Chromium for the real PostgreSQL phone journey	2026-09-20T23:27:46.5925042Z Selecting previously unselected package fonts-tlwg-loma-otf.
linux-sigterm	Install Chromium for the real PostgreSQL phone journey	2026-09-20T23:27:46.6055326Z Preparing to unpack .../2-fonts-tlwg-loma-otf_1%3a0.7.3-1_all.deb ...
linux-sigterm	Install Chromium for the real PostgreSQL phone journey	2026-09-20T23:27:46.6064939Z Unpacking fonts-tlwg-loma-otf (1:0.7.3-1) ...
linux-sigterm	Install Chromium for the real PostgreSQL phone journey	2026-09-20T23:27:46.6293272Z Selecting previously unselected package fonts-unifont.
linux-sigterm	Install Chromium for the real PostgreSQL phone journey	2026-09-20T23:27:46.6425094Z Preparing to unpack .../3-fonts-unifont_1%3a15.1.01-1build1_all.deb ...
linux-sigterm	Install Chromium for the real PostgreSQL phone journey	2026-09-20T23:27:46.6434793Z Unpacking fonts-unifont (1:15.1.01-1build1) ...
linux-sigterm	Install Chromium for the real PostgreSQL phone journey	2026-09-20T23:27:46.7616995Z Selecting previously unselected package fonts-wqy-zenhei.
linux-sigterm	Install Chromium for the real PostgreSQL phone journey	2026-09-20T23:27:46.7753415Z Preparing to unpack .../4-fonts-wqy-zenhei_0.9.45-8_all.deb ...
linux-sigterm	Install Chromium for the real PostgreSQL phone journey	2026-09-20T23:27:46.7863153Z Unpacking fonts-wqy-zenhei (0.9.45-8) ...
linux-sigterm	Install Chromium for the real PostgreSQL phone journey	2026-09-20T23:27:47.2547204Z Selecting previously unselected package xfonts-encodings.
linux-sigterm	Install Chromium for the real PostgreSQL phone journey	2026-09-20T23:27:47.2673658Z Preparing to unpack .../5-xfonts-encodings_1%3a1.0.5-0ubuntu2_all.deb ...
linux-sigterm	Install Chromium for the real PostgreSQL phone journey	2026-09-20T23:27:47.2682466Z Unpacking xfonts-encodings (1:1.0.5-0ubuntu2) ...
linux-sigterm	Install Chromium for the real PostgreSQL phone journey	2026-09-20T23:27:47.2989639Z Selecting previously unselected package xfonts-utils.
linux-sigterm	Install Chromium for the real PostgreSQL phone journey	2026-09-20T23:27:47.3120425Z Preparing to unpack .../6-xfonts-utils_1%3a7.7+6build3_amd64.deb ...
linux-sigterm	Install Chromium for the real PostgreSQL phone journey	2026-09-20T23:27:47.3134364Z Unpacking xfonts-utils (1:7.7+6build3) ...
linux-sigterm	Install Chromium for the real PostgreSQL phone journey	2026-09-20T23:27:47.3533114Z Selecting previously unselected package xfonts-cyrillic.
linux-sigterm	Install Chromium for the real PostgreSQL phone journey	2026-09-20T23:27:47.3661704Z Preparing to unpack .../7-xfonts-cyrillic_1%3a1.0.5+nmu1_all.deb ...
linux-sigterm	Install Chromium for the real PostgreSQL phone journey	2026-09-20T23:27:47.3671741Z Unpacking xfonts-cyrillic (1:1.0.5+nmu1) ...
linux-sigterm	Install Chromium for the real PostgreSQL phone journey	2026-09-20T23:27:47.4038224Z Selecting previously unselected package xfonts-scalable.
linux-sigterm	Install Chromium for the real PostgreSQL phone journey	2026-09-20T23:27:47.4170012Z Preparing to unpack .../8-xfonts-scalable_1%3a1.0.3-1.3_all.deb ...
linux-sigterm	Install Chromium for the real PostgreSQL phone journey	2026-09-20T23:27:47.4179766Z Unpacking xfonts-scalable (1:1.0.3-1.3) ...
linux-sigterm	Install Chromium for the real PostgreSQL phone journey	2026-09-20T23:27:47.4605682Z Setting up fonts-wqy-zenhei (0.9.45-8) ...
linux-sigterm	Install Chromium for the real PostgreSQL phone journey	2026-09-20T23:27:47.4739771Z Setting up fonts-freefont-ttf (20211204+svn4273-2) ...
linux-sigterm	Install Chromium for the real PostgreSQL phone journey	2026-09-20T23:27:47.4764495Z Setting up fonts-tlwg-loma-otf (1:0.7.3-1) ...
linux-sigterm	Install Chromium for the real PostgreSQL phone journey	2026-09-20T23:27:47.4786317Z Setting up xfonts-encodings (1:1.0.5-0ubuntu2) ...
linux-sigterm	Install Chromium for the real PostgreSQL phone journey	2026-09-20T23:27:47.4809690Z Setting up fonts-ipafont-gothic (00303-21ubuntu1) ...
linux-sigterm	Install Chromium for the real PostgreSQL phone journey	2026-09-20T23:27:47.4883981Z update-alternatives: using /usr/share/fonts/opentype/ipafont-gothic/ipag.ttf to provide /usr/share/fonts/truetype/fonts-japanese-gothic.ttf (fonts-japanese-gothic.ttf) in auto mode
linux-sigterm	Install Chromium for the real PostgreSQL phone journey	2026-09-20T23:27:47.4900371Z Setting up fonts-unifont (1:15.1.01-1build1) ...
linux-sigterm	Install Chromium for the real PostgreSQL phone journey	2026-09-20T23:27:47.4921994Z Setting up xfonts-utils (1:7.7+6build3) ...
linux-sigterm	Install Chromium for the real PostgreSQL phone journey	2026-09-20T23:27:47.4965283Z Setting up xfonts-cyrillic (1:1.0.5+nmu1) ...
linux-sigterm	Install Chromium for the real PostgreSQL phone journey	2026-09-20T23:27:47.5272186Z Setting up xfonts-scalable (1:1.0.3-1.3) ...
linux-sigterm	Install Chromium for the real PostgreSQL phone journey	2026-09-20T23:27:47.5555498Z Processing triggers for man-db (2.12.0-4build2) ...
linux-sigterm	Install Chromium for the real PostgreSQL phone journey	2026-09-20T23:27:47.5578569Z Not building database; man-db/auto-update is not 'true'.
linux-sigterm	Install Chromium for the real PostgreSQL phone journey	2026-09-20T23:27:47.5594979Z Processing triggers for fontconfig (2.15.0-1.1ubuntu2) ...
linux-sigterm	Install Chromium for the real PostgreSQL phone journey	2026-09-20T23:27:48.3130342Z 
linux-sigterm	Install Chromium for the real PostgreSQL phone journey	2026-09-20T23:27:48.3131101Z Running kernel seems to be up-to-date.
linux-sigterm	Install Chromium for the real PostgreSQL phone journey	2026-09-20T23:27:48.3131614Z 
linux-sigterm	Install Chromium for the real PostgreSQL phone journey	2026-09-20T23:27:48.3131831Z No services need to be restarted.
linux-sigterm	Install Chromium for the real PostgreSQL phone journey	2026-09-20T23:27:48.3132523Z 
linux-sigterm	Install Chromium for the real PostgreSQL phone journey	2026-09-20T23:27:48.3132728Z No containers need to be restarted.
linux-sigterm	Install Chromium for the real PostgreSQL phone journey	2026-09-20T23:27:48.3133561Z 
linux-sigterm	Install Chromium for the real PostgreSQL phone journey	2026-09-20T23:27:48.3133833Z No user sessions are running outdated binaries.
linux-sigterm	Install Chromium for the real PostgreSQL phone journey	2026-09-20T23:27:48.3134144Z 
linux-sigterm	Install Chromium for the real PostgreSQL phone journey	2026-09-20T23:27:48.3134549Z No VM guests are running outdated hypervisor (qemu) binaries on this host.
linux-sigterm	Install Chromium for the real PostgreSQL phone journey	2026-09-20T23:27:49.3366466Z Downloading Chrome for Testing 151.0.7922.34 (playwright chromium v1234) from https://cdn.playwright.dev/builds/cft/151.0.7922.34/linux64/chrome-linux64.zip
linux-sigterm	Install Chromium for the real PostgreSQL phone journey	2026-09-20T23:27:50.3912429Z |                                                                                |   0% of 184.3 MiB
linux-sigterm	Install Chromium for the real PostgreSQL phone journey	2026-09-20T23:27:50.5612622Z |■■■■■■■■                                                                        |  10% of 184.3 MiB
linux-sigterm	Install Chromium for the real PostgreSQL phone journey	2026-09-20T23:27:50.7197590Z |■■■■■■■■■■■■■■■■                                                                |  20% of 184.3 MiB
linux-sigterm	Install Chromium for the real PostgreSQL phone journey	2026-09-20T23:27:50.8657292Z |■■■■■■■■■■■■■■■■■■■■■■■■                                                        |  30% of 184.3 MiB
linux-sigterm	Install Chromium for the real PostgreSQL phone journey	2026-09-20T23:27:51.3373283Z |■■■■■■■■■■■■■■■■■■■■■■■■■■■■■■■■                                                |  40% of 184.3 MiB
linux-sigterm	Install Chromium for the real PostgreSQL phone journey	2026-09-20T23:27:51.5668613Z |■■■■■■■■■■■■■■■■■■■■■■■■■■■■■■■■■■■■■■■■                                        |  50% of 184.3 MiB
linux-sigterm	Install Chromium for the real PostgreSQL phone journey	2026-09-20T23:27:52.0137468Z |■■■■■■■■■■■■■■■■■■■■■■■■■■■■■■■■■■■■■■■■■■■■■■■■                                |  60% of 184.3 MiB
linux-sigterm	Install Chromium for the real PostgreSQL phone journey	2026-09-20T23:27:52.1706517Z |■■■■■■■■■■■■■■■■■■■■■■■■■■■■■■■■■■■■■■■■■■■■■■■■■■■■■■■■                        |  70% of 184.3 MiB
linux-sigterm	Install Chromium for the real PostgreSQL phone journey	2026-09-20T23:27:52.5220175Z |■■■■■■■■■■■■■■■■■■■■■■■■■■■■■■■■■■■■■■■■■■■■■■■■■■■■■■■■■■■■■■■■                |  80% of 184.3 MiB
linux-sigterm	Install Chromium for the real PostgreSQL phone journey	2026-09-20T23:27:52.7238219Z |■■■■■■■■■■■■■■■■■■■■■■■■■■■■■■■■■■■■■■■■■■■■■■■■■■■■■■■■■■■■■■■■■■■■■■■■        |  90% of 184.3 MiB
linux-sigterm	Install Chromium for the real PostgreSQL phone journey	2026-09-20T23:27:52.8909267Z |■■■■■■■■■■■■■■■■■■■■■■■■■■■■■■■■■■■■■■■■■■■■■■■■■■■■■■■■■■■■■■■■■■■■■■■■■■■■■■■■| 100% of 184.3 MiB
linux-sigterm	Install Chromium for the real PostgreSQL phone journey	2026-09-20T23:27:55.6906179Z Chrome for Testing 151.0.7922.34 (playwright chromium v1234) downloaded to /home/runner/.cache/ms-playwright/chromium-1234
linux-sigterm	Install Chromium for the real PostgreSQL phone journey	2026-09-20T23:27:55.6910504Z Downloading FFmpeg (playwright ffmpeg v1011) from https://cdn.playwright.dev/dbazure/download/playwright/builds/ffmpeg/1011/ffmpeg-linux.zip
linux-sigterm	Install Chromium for the real PostgreSQL phone journey	2026-09-20T23:27:56.7799204Z |                                                                                |   0% of 2.3 MiB
linux-sigterm	Install Chromium for the real PostgreSQL phone journey	2026-09-20T23:27:56.7844697Z |■■■■■■■■                                                                        |  10% of 2.3 MiB
linux-sigterm	Install Chromium for the real PostgreSQL phone journey	2026-09-20T23:27:56.7887729Z |■■■■■■■■■■■■■■■■                                                                |  20% of 2.3 MiB
linux-sigterm	Install Chromium for the real PostgreSQL phone journey	2026-09-20T23:27:56.7908750Z |■■■■■■■■■■■■■■■■■■■■■■■■                                                        |  30% of 2.3 MiB
linux-sigterm	Install Chromium for the real PostgreSQL phone journey	2026-09-20T23:27:56.7925901Z |■■■■■■■■■■■■■■■■■■■■■■■■■■■■■■■■                                                |  40% of 2.3 MiB
linux-sigterm	Install Chromium for the real PostgreSQL phone journey	2026-09-20T23:27:56.7944890Z |■■■■■■■■■■■■■■■■■■■■■■■■■■■■■■■■■■■■■■■■                                        |  50% of 2.3 MiB
linux-sigterm	Install Chromium for the real PostgreSQL phone journey	2026-09-20T23:27:56.7960446Z |■■■■■■■■■■■■■■■■■■■■■■■■■■■■■■■■■■■■■■■■■■■■■■■■                                |  60% of 2.3 MiB
linux-sigterm	Install Chromium for the real PostgreSQL phone journey	2026-09-20T23:27:56.7975876Z |■■■■■■■■■■■■■■■■■■■■■■■■■■■■■■■■■■■■■■■■■■■■■■■■■■■■■■■■                        |  70% of 2.3 MiB
linux-sigterm	Install Chromium for the real PostgreSQL phone journey	2026-09-20T23:27:56.7989036Z |■■■■■■■■■■■■■■■■■■■■■■■■■■■■■■■■■■■■■■■■■■■■■■■■■■■■■■■■■■■■■■■■                |  80% of 2.3 MiB
linux-sigterm	Install Chromium for the real PostgreSQL phone journey	2026-09-20T23:27:56.8002507Z |■■■■■■■■■■■■■■■■■■■■■■■■■■■■■■■■■■■■■■■■■■■■■■■■■■■■■■■■■■■■■■■■■■■■■■■■        |  90% of 2.3 MiB
linux-sigterm	Install Chromium for the real PostgreSQL phone journey	2026-09-20T23:27:56.8013483Z |■■■■■■■■■■■■■■■■■■■■■■■■■■■■■■■■■■■■■■■■■■■■■■■■■■■■■■■■■■■■■■■■■■■■■■■■■■■■■■■■| 100% of 2.3 MiB
linux-sigterm	Install Chromium for the real PostgreSQL phone journey	2026-09-20T23:27:56.8633889Z FFmpeg (playwright ffmpeg v1011) downloaded to /home/runner/.cache/ms-playwright/ffmpeg-1011
linux-sigterm	Install Chromium for the real PostgreSQL phone journey	2026-09-20T23:27:56.8637293Z Downloading Chrome Headless Shell 151.0.7922.34 (playwright chromium-headless-shell v1234) from https://cdn.playwright.dev/builds/cft/151.0.7922.34/linux64/chrome-headless-shell-linux64.zip
linux-sigterm	Install Chromium for the real PostgreSQL phone journey	2026-09-20T23:27:57.9120132Z |                                                                                |   0% of 114.7 MiB
linux-sigterm	Install Chromium for the real PostgreSQL phone journey	2026-09-20T23:27:58.0401419Z |■■■■■■■■                                                                        |  10% of 114.7 MiB
linux-sigterm	Install Chromium for the real PostgreSQL phone journey	2026-09-20T23:27:58.1137253Z |■■■■■■■■■■■■■■■■                                                                |  20% of 114.7 MiB
linux-sigterm	Install Chromium for the real PostgreSQL phone journey	2026-09-20T23:27:58.1758922Z |■■■■■■■■■■■■■■■■■■■■■■■■                                                        |  30% of 114.7 MiB
linux-sigterm	Install Chromium for the real PostgreSQL phone journey	2026-09-20T23:27:58.2384997Z |■■■■■■■■■■■■■■■■■■■■■■■■■■■■■■■■                                                |  40% of 114.7 MiB
linux-sigterm	Install Chromium for the real PostgreSQL phone journey	2026-09-20T23:27:58.2950788Z |■■■■■■■■■■■■■■■■■■■■■■■■■■■■■■■■■■■■■■■■                                        |  50% of 114.7 MiB
linux-sigterm	Install Chromium for the real PostgreSQL phone journey	2026-09-20T23:27:58.3703239Z |■■■■■■■■■■■■■■■■■■■■■■■■■■■■■■■■■■■■■■■■■■■■■■■■                                |  60% of 114.7 MiB
linux-sigterm	Install Chromium for the real PostgreSQL phone journey	2026-09-20T23:27:58.4500202Z |■■■■■■■■■■■■■■■■■■■■■■■■■■■■■■■■■■■■■■■■■■■■■■■■■■■■■■■■                        |  70% of 114.7 MiB
linux-sigterm	Install Chromium for the real PostgreSQL phone journey	2026-09-20T23:27:58.5134197Z |■■■■■■■■■■■■■■■■■■■■■■■■■■■■■■■■■■■■■■■■■■■■■■■■■■■■■■■■■■■■■■■■                |  80% of 114.7 MiB
linux-sigterm	Install Chromium for the real PostgreSQL phone journey	2026-09-20T23:27:58.5684548Z |■■■■■■■■■■■■■■■■■■■■■■■■■■■■■■■■■■■■■■■■■■■■■■■■■■■■■■■■■■■■■■■■■■■■■■■■        |  90% of 114.7 MiB
linux-sigterm	Install Chromium for the real PostgreSQL phone journey	2026-09-20T23:27:58.6418051Z |■■■■■■■■■■■■■■■■■■■■■■■■■■■■■■■■■■■■■■■■■■■■■■■■■■■■■■■■■■■■■■■■■■■■■■■■■■■■■■■■| 100% of 114.7 MiB
linux-sigterm	Install Chromium for the real PostgreSQL phone journey	2026-09-20T23:28:00.6380165Z Chrome Headless Shell 151.0.7922.34 (playwright chromium-headless-shell v1234) downloaded to /home/runner/.cache/ms-playwright/chromium_headless_shell-1234
linux-sigterm	RC1 newcomer and returning phone journey on PostgreSQL	﻿2026-09-20T23:28:00.6677425Z ##[group]Run npm run test:rc1:mobile:postgres
linux-sigterm	RC1 newcomer and returning phone journey on PostgreSQL	2026-09-20T23:28:00.6678102Z ^[[36;1mnpm run test:rc1:mobile:postgres^[[0m
linux-sigterm	RC1 newcomer and returning phone journey on PostgreSQL	2026-09-20T23:28:00.6715704Z shell: /usr/bin/bash -e {0}
linux-sigterm	RC1 newcomer and returning phone journey on PostgreSQL	2026-09-20T23:28:00.6715970Z env:
linux-sigterm	RC1 newcomer and returning phone journey on PostgreSQL	2026-09-20T23:28:00.6716504Z   COORDINATION_TEST_DATABASE_URL: ***127.0.0.1:5432/rc1_recovery
linux-sigterm	RC1 newcomer and returning phone journey on PostgreSQL	2026-09-20T23:28:00.6717006Z   DATABASE_URL: ***127.0.0.1:5432/rc1_recovery
linux-sigterm	RC1 newcomer and returning phone journey on PostgreSQL	2026-09-20T23:28:00.6717465Z   RC1_SHUTDOWN_EVIDENCE: /home/runner/work/Omerta/Omerta/tmp/rc1-linux-recovery
linux-sigterm	RC1 newcomer and returning phone journey on PostgreSQL	2026-09-20T23:28:00.6718027Z   RC1_TEST_DATABASE_URL: ***127.0.0.1:5432/postgres
linux-sigterm	RC1 newcomer and returning phone journey on PostgreSQL	2026-09-20T23:28:00.6718328Z ##[endgroup]
linux-sigterm	RC1 newcomer and returning phone journey on PostgreSQL	2026-09-20T23:28:00.7769240Z 
linux-sigterm	RC1 newcomer and returning phone journey on PostgreSQL	2026-09-20T23:28:00.7770025Z > omerta-backend@1.2.0 test:rc1:mobile:postgres
linux-sigterm	RC1 newcomer and returning phone journey on PostgreSQL	2026-09-20T23:28:00.7770601Z > node test/rc1-mobile-postgres.js
linux-sigterm	RC1 newcomer and returning phone journey on PostgreSQL	2026-09-20T23:28:00.7770891Z 
linux-sigterm	RC1 newcomer and returning phone journey on PostgreSQL	2026-09-20T23:28:01.7630184Z ⚠️  preflight: Neither PUBLIC_URL nor SOCIAL_GAME_URL is set — every referral link, share prompt and social card will point at the built-in default domain, not yours. Set PUBLIC_URL to this server's own origin (it is also what one-click X sign-in derives its callback from).
linux-sigterm	RC1 newcomer and returning phone journey on PostgreSQL	2026-09-20T23:28:01.7635555Z ⚠️  preflight: INVARIANT_WEBHOOK_URL is not set — the §10.4 economy-drift, backup-failure, oracle-halt and real-value-invariant alarms have nowhere to shout and reach only a log line. Set it (a Slack/Discord webhook) on BOTH processes: the worker fires most alarms, and the API is the only one that can page when the WORKER is dead.
linux-sigterm	RC1 newcomer and returning phone journey on PostgreSQL	2026-09-20T23:28:01.7638974Z ⚠️  preflight: TRUST_PROXY is off: behind a load balancer every request looks like one IP, so the per-IP auth throttle collapses to a single shared bucket.
linux-sigterm	RC1 newcomer and returning phone journey on PostgreSQL	2026-09-20T23:28:04.7704330Z [db] Postgres ready — column migration ran 2956 ADD COLUMN IF NOT EXISTS statements.
linux-sigterm	RC1 newcomer and returning phone journey on PostgreSQL	2026-09-20T23:28:08.0418569Z {"component":"player-command","phase":"request","correlationId":"4986fadb-2da2-402f-a14a-266db92a4335"}
linux-sigterm	RC1 newcomer and returning phone journey on PostgreSQL	2026-09-20T23:28:08.0458441Z {"component":"player-command","phase":"authorization","correlationId":"4986fadb-2da2-402f-a14a-266db92a4335","outcome":"allowed"}
linux-sigterm	RC1 newcomer and returning phone journey on PostgreSQL	2026-09-20T23:28:08.1145630Z {"component":"player-command","phase":"response","correlationId":"4986fadb-2da2-402f-a14a-266db92a4335","statusCode":200,"elapsedMs":75}
linux-sigterm	RC1 newcomer and returning phone journey on PostgreSQL	2026-09-20T23:28:09.3810212Z {"component":"player-command","phase":"request","correlationId":"ca4d6685-e0c1-46ed-95dc-68cd13b2452f"}
linux-sigterm	RC1 newcomer and returning phone journey on PostgreSQL	2026-09-20T23:28:09.3826560Z {"component":"player-command","phase":"authorization","correlationId":"ca4d6685-e0c1-46ed-95dc-68cd13b2452f","outcome":"allowed"}
linux-sigterm	RC1 newcomer and returning phone journey on PostgreSQL	2026-09-20T23:28:09.4414393Z {"component":"player-command","phase":"response","correlationId":"ca4d6685-e0c1-46ed-95dc-68cd13b2452f","statusCode":200,"elapsedMs":61}
linux-sigterm	RC1 newcomer and returning phone journey on PostgreSQL	2026-09-20T23:28:13.4314665Z {"component":"player-command","phase":"request","correlationId":"8c56f789-431a-4bfc-808c-1cfcf8e426b4"}
linux-sigterm	RC1 newcomer and returning phone journey on PostgreSQL	2026-09-20T23:28:13.4328431Z {"component":"player-command","phase":"authorization","correlationId":"8c56f789-431a-4bfc-808c-1cfcf8e426b4","outcome":"allowed"}
linux-sigterm	RC1 newcomer and returning phone journey on PostgreSQL	2026-09-20T23:28:13.4871831Z {"component":"player-command","phase":"response","correlationId":"8c56f789-431a-4bfc-808c-1cfcf8e426b4","statusCode":200,"elapsedMs":55}
linux-sigterm	RC1 newcomer and returning phone journey on PostgreSQL	2026-09-20T23:28:15.5632098Z {"component":"player-command","phase":"request","correlationId":"8a3fa949-2413-4494-ad30-7177fef318d3"}
linux-sigterm	RC1 newcomer and returning phone journey on PostgreSQL	2026-09-20T23:28:15.5680743Z {"component":"player-command","phase":"authorization","correlationId":"8a3fa949-2413-4494-ad30-7177fef318d3","outcome":"allowed"}
linux-sigterm	RC1 newcomer and returning phone journey on PostgreSQL	2026-09-20T23:28:15.5682562Z {"component":"player-command","phase":"command","correlationId":"8a3fa949-2413-4494-ad30-7177fef318d3"}
linux-sigterm	RC1 newcomer and returning phone journey on PostgreSQL	2026-09-20T23:28:15.6448184Z {"component":"player-command","phase":"mutation","correlationId":"8a3fa949-2413-4494-ad30-7177fef318d3","outcome":"completed","replayed":false}
linux-sigterm	RC1 newcomer and returning phone journey on PostgreSQL	2026-09-20T23:28:15.7010341Z {"component":"player-command","phase":"consequence","correlationId":"8a3fa949-2413-4494-ad30-7177fef318d3","replayed":false,"changes":2}
linux-sigterm	RC1 newcomer and returning phone journey on PostgreSQL	2026-09-20T23:28:15.7013037Z {"component":"player-command","phase":"opportunity","correlationId":"8a3fa949-2413-4494-ad30-7177fef318d3","replayed":false,"changes":2}
linux-sigterm	RC1 newcomer and returning phone journey on PostgreSQL	2026-09-20T23:28:15.7066460Z {"component":"player-command","phase":"response","correlationId":"8a3fa949-2413-4494-ad30-7177fef318d3","statusCode":200,"elapsedMs":142}
linux-sigterm	RC1 newcomer and returning phone journey on PostgreSQL	2026-09-20T23:28:15.7106513Z {"component":"player-command","phase":"request","correlationId":"bb17876c-38f7-48d3-a122-361575bd3b6b"}
linux-sigterm	RC1 newcomer and returning phone journey on PostgreSQL	2026-09-20T23:28:15.7122659Z {"component":"player-command","phase":"authorization","correlationId":"bb17876c-38f7-48d3-a122-361575bd3b6b","outcome":"allowed"}
linux-sigterm	RC1 newcomer and returning phone journey on PostgreSQL	2026-09-20T23:28:15.7869990Z {"component":"player-command","phase":"response","correlationId":"bb17876c-38f7-48d3-a122-361575bd3b6b","statusCode":200,"elapsedMs":76}
linux-sigterm	RC1 newcomer and returning phone journey on PostgreSQL	2026-09-20T23:28:15.8895562Z {"component":"player-command","phase":"request","correlationId":"1ab23bde-ccca-48db-b76e-7739ecc7ce7a"}
linux-sigterm	RC1 newcomer and returning phone journey on PostgreSQL	2026-09-20T23:28:15.8913679Z {"component":"player-command","phase":"authorization","correlationId":"1ab23bde-ccca-48db-b76e-7739ecc7ce7a","outcome":"allowed"}
linux-sigterm	RC1 newcomer and returning phone journey on PostgreSQL	2026-09-20T23:28:15.9578974Z {"component":"player-command","phase":"response","correlationId":"1ab23bde-ccca-48db-b76e-7739ecc7ce7a","statusCode":200,"elapsedMs":68}
linux-sigterm	RC1 newcomer and returning phone journey on PostgreSQL	2026-09-20T23:28:16.2781843Z {"component":"player-command","phase":"request","correlationId":"3b440bb7-e513-42cd-82e1-ae6e16ea9737"}
linux-sigterm	RC1 newcomer and returning phone journey on PostgreSQL	2026-09-20T23:28:16.2783789Z {"component":"player-command","phase":"authorization","correlationId":"3b440bb7-e513-42cd-82e1-ae6e16ea9737","outcome":"allowed"}
linux-sigterm	RC1 newcomer and returning phone journey on PostgreSQL	2026-09-20T23:28:16.3433217Z {"component":"player-command","phase":"response","correlationId":"3b440bb7-e513-42cd-82e1-ae6e16ea9737","statusCode":200,"elapsedMs":68}
linux-sigterm	RC1 newcomer and returning phone journey on PostgreSQL	2026-09-20T23:28:17.4789851Z {"component":"player-command","phase":"request","correlationId":"02bf74cb-9199-45fa-8694-ec3f66a21267"}
linux-sigterm	RC1 newcomer and returning phone journey on PostgreSQL	2026-09-20T23:28:17.4801798Z {"component":"player-command","phase":"authorization","correlationId":"02bf74cb-9199-45fa-8694-ec3f66a21267","outcome":"allowed"}
linux-sigterm	RC1 newcomer and returning phone journey on PostgreSQL	2026-09-20T23:28:17.5395504Z {"component":"player-command","phase":"response","correlationId":"02bf74cb-9199-45fa-8694-ec3f66a21267","statusCode":200,"elapsedMs":60}
linux-sigterm	RC1 newcomer and returning phone journey on PostgreSQL	2026-09-20T23:28:19.6370815Z {"component":"player-command","phase":"request","correlationId":"afa94647-9f0f-4e3c-9825-a11ffd43f425"}
linux-sigterm	RC1 newcomer and returning phone journey on PostgreSQL	2026-09-20T23:28:19.6404875Z {"component":"player-command","phase":"authorization","correlationId":"afa94647-9f0f-4e3c-9825-a11ffd43f425","outcome":"allowed"}
linux-sigterm	RC1 newcomer and returning phone journey on PostgreSQL	2026-09-20T23:28:19.7095407Z {"component":"player-command","phase":"response","correlationId":"afa94647-9f0f-4e3c-9825-a11ffd43f425","statusCode":200,"elapsedMs":73}
linux-sigterm	RC1 newcomer and returning phone journey on PostgreSQL	2026-09-20T23:28:21.5582525Z {"component":"player-command","phase":"request","correlationId":"b71bcbfc-3f2a-40ba-812e-829e293334dc"}
linux-sigterm	RC1 newcomer and returning phone journey on PostgreSQL	2026-09-20T23:28:21.5594204Z {"component":"player-command","phase":"authorization","correlationId":"b71bcbfc-3f2a-40ba-812e-829e293334dc","outcome":"allowed"}
linux-sigterm	RC1 newcomer and returning phone journey on PostgreSQL	2026-09-20T23:28:21.6145040Z {"component":"player-command","phase":"response","correlationId":"b71bcbfc-3f2a-40ba-812e-829e293334dc","statusCode":200,"elapsedMs":56}
linux-sigterm	RC1 newcomer and returning phone journey on PostgreSQL	2026-09-20T23:28:54.5667895Z node:internal/modules/run_main:123
linux-sigterm	RC1 newcomer and returning phone journey on PostgreSQL	2026-09-20T23:28:54.5668652Z     triggerUncaughtException(
linux-sigterm	RC1 newcomer and returning phone journey on PostgreSQL	2026-09-20T23:28:54.5669249Z     ^
linux-sigterm	RC1 newcomer and returning phone journey on PostgreSQL	2026-09-20T23:28:54.5669568Z 
linux-sigterm	RC1 newcomer and returning phone journey on PostgreSQL	2026-09-20T23:28:54.5674076Z locator.click: Timeout 30000ms exceeded.
linux-sigterm	RC1 newcomer and returning phone journey on PostgreSQL	2026-09-20T23:28:54.5674720Z Call log:
linux-sigterm	RC1 newcomer and returning phone journey on PostgreSQL	2026-09-20T23:28:54.5675274Z   - waiting for locator('#bnav [data-go="family"]')
linux-sigterm	RC1 newcomer and returning phone journey on PostgreSQL	2026-09-20T23:28:54.5676354Z     - locator resolved to <button type="button" data-go="family">…</button>
linux-sigterm	RC1 newcomer and returning phone journey on PostgreSQL	2026-09-20T23:28:54.5677048Z   - attempting click action
linux-sigterm	RC1 newcomer and returning phone journey on PostgreSQL	2026-09-20T23:28:54.5677726Z     2 × waiting for element to be visible, enabled and stable
linux-sigterm	RC1 newcomer and returning phone journey on PostgreSQL	2026-09-20T23:28:54.5678361Z       - element is visible, enabled and stable
linux-sigterm	RC1 newcomer and returning phone journey on PostgreSQL	2026-09-20T23:28:54.5678886Z       - scrolling into view if needed
linux-sigterm	RC1 newcomer and returning phone journey on PostgreSQL	2026-09-20T23:28:54.5679318Z       - done scrolling
linux-sigterm	RC1 newcomer and returning phone journey on PostgreSQL	2026-09-20T23:28:54.5680098Z       - <div class="modal-bg" data-managed-dialog="">…</div> intercepts pointer events
linux-sigterm	RC1 newcomer and returning phone journey on PostgreSQL	2026-09-20T23:28:54.5680803Z     - retrying click action
linux-sigterm	RC1 newcomer and returning phone journey on PostgreSQL	2026-09-20T23:28:54.5681192Z     - waiting 20ms
linux-sigterm	RC1 newcomer and returning phone journey on PostgreSQL	2026-09-20T23:28:54.5681768Z     2 × waiting for element to be visible, enabled and stable
linux-sigterm	RC1 newcomer and returning phone journey on PostgreSQL	2026-09-20T23:28:54.5682370Z       - element is visible, enabled and stable
linux-sigterm	RC1 newcomer and returning phone journey on PostgreSQL	2026-09-20T23:28:54.5684122Z       - scrolling into view if needed
linux-sigterm	RC1 newcomer and returning phone journey on PostgreSQL	2026-09-20T23:28:54.5684564Z       - done scrolling
linux-sigterm	RC1 newcomer and returning phone journey on PostgreSQL	2026-09-20T23:28:54.5685352Z       - <div class="modal-bg" data-managed-dialog="">…</div> intercepts pointer events
linux-sigterm	RC1 newcomer and returning phone journey on PostgreSQL	2026-09-20T23:28:54.5686021Z     - retrying click action
linux-sigterm	RC1 newcomer and returning phone journey on PostgreSQL	2026-09-20T23:28:54.5686397Z       - waiting 100ms
linux-sigterm	RC1 newcomer and returning phone journey on PostgreSQL	2026-09-20T23:28:54.5686994Z     53 × waiting for element to be visible, enabled and stable
linux-sigterm	RC1 newcomer and returning phone journey on PostgreSQL	2026-09-20T23:28:54.5687666Z        - element is visible, enabled and stable
linux-sigterm	RC1 newcomer and returning phone journey on PostgreSQL	2026-09-20T23:28:54.5688206Z        - scrolling into view if needed
linux-sigterm	RC1 newcomer and returning phone journey on PostgreSQL	2026-09-20T23:28:54.5688622Z        - done scrolling
linux-sigterm	RC1 newcomer and returning phone journey on PostgreSQL	2026-09-20T23:28:54.5689372Z        - <div class="modal-bg" data-managed-dialog="">…</div> intercepts pointer events
linux-sigterm	RC1 newcomer and returning phone journey on PostgreSQL	2026-09-20T23:28:54.5690041Z      - retrying click action
linux-sigterm	RC1 newcomer and returning phone journey on PostgreSQL	2026-09-20T23:28:54.5690417Z        - waiting 500ms
linux-sigterm	RC1 newcomer and returning phone journey on PostgreSQL	2026-09-20T23:28:54.5690649Z 
linux-sigterm	RC1 newcomer and returning phone journey on PostgreSQL	2026-09-20T23:28:54.5691045Z     at /home/runner/work/Omerta/Omerta/test/rc1-mobile-postgres.js:49:52 {
linux-sigterm	RC1 newcomer and returning phone journey on PostgreSQL	2026-09-20T23:28:54.5691655Z   log: [
linux-sigterm	RC1 newcomer and returning phone journey on PostgreSQL	2026-09-20T23:28:54.5692136Z     `  - waiting for locator('#bnav [data-go="family"]')`,
linux-sigterm	RC1 newcomer and returning phone journey on PostgreSQL	2026-09-20T23:28:54.5693338Z     '    - locator resolved to <button type="button" data-go="family">…</button>',
linux-sigterm	RC1 newcomer and returning phone journey on PostgreSQL	2026-09-20T23:28:54.5694003Z     '  - attempting click action',
linux-sigterm	RC1 newcomer and returning phone journey on PostgreSQL	2026-09-20T23:28:54.5694756Z     '    2 × waiting for element to be visible, enabled and stable',
linux-sigterm	RC1 newcomer and returning phone journey on PostgreSQL	2026-09-20T23:28:54.5695398Z     '      - element is visible, enabled and stable',
linux-sigterm	RC1 newcomer and returning phone journey on PostgreSQL	2026-09-20T23:28:54.5695929Z     '      - scrolling into view if needed',
linux-sigterm	RC1 newcomer and returning phone journey on PostgreSQL	2026-09-20T23:28:54.5696364Z     '      - done scrolling',
linux-sigterm	RC1 newcomer and returning phone journey on PostgreSQL	2026-09-20T23:28:54.5697204Z     '      - <div class="modal-bg" data-managed-dialog="">…</div> intercepts pointer events',
linux-sigterm	RC1 newcomer and returning phone journey on PostgreSQL	2026-09-20T23:28:54.5697851Z     '    - retrying click action',
linux-sigterm	RC1 newcomer and returning phone journey on PostgreSQL	2026-09-20T23:28:54.5698143Z     '    - waiting 20ms',
linux-sigterm	RC1 newcomer and returning phone journey on PostgreSQL	2026-09-20T23:28:54.5698562Z     '    2 × waiting for element to be visible, enabled and stable',
linux-sigterm	RC1 newcomer and returning phone journey on PostgreSQL	2026-09-20T23:28:54.5698981Z     '      - element is visible, enabled and stable',
linux-sigterm	RC1 newcomer and returning phone journey on PostgreSQL	2026-09-20T23:28:54.5699334Z     '      - scrolling into view if needed',
linux-sigterm	RC1 newcomer and returning phone journey on PostgreSQL	2026-09-20T23:28:54.5699617Z     '      - done scrolling',
linux-sigterm	RC1 newcomer and returning phone journey on PostgreSQL	2026-09-20T23:28:54.5700124Z     '      - <div class="modal-bg" data-managed-dialog="">…</div> intercepts pointer events',
linux-sigterm	RC1 newcomer and returning phone journey on PostgreSQL	2026-09-20T23:28:54.5700580Z     '    - retrying click action',
linux-sigterm	RC1 newcomer and returning phone journey on PostgreSQL	2026-09-20T23:28:54.5700839Z     '      - waiting 100ms',
linux-sigterm	RC1 newcomer and returning phone journey on PostgreSQL	2026-09-20T23:28:54.5701235Z     '    53 × waiting for element to be visible, enabled and stable',
linux-sigterm	RC1 newcomer and returning phone journey on PostgreSQL	2026-09-20T23:28:54.5701651Z     '       - element is visible, enabled and stable',
linux-sigterm	RC1 newcomer and returning phone journey on PostgreSQL	2026-09-20T23:28:54.5701990Z     '       - scrolling into view if needed',
linux-sigterm	RC1 newcomer and returning phone journey on PostgreSQL	2026-09-20T23:28:54.5702296Z     '       - done scrolling',
linux-sigterm	RC1 newcomer and returning phone journey on PostgreSQL	2026-09-20T23:28:54.5723761Z     '       - <div class="modal-bg" data-managed-dialog="">…</div> intercepts pointer events',
linux-sigterm	RC1 newcomer and returning phone journey on PostgreSQL	2026-09-20T23:28:54.5724597Z     '     - retrying click action',
linux-sigterm	RC1 newcomer and returning phone journey on PostgreSQL	2026-09-20T23:28:54.5724889Z     '       - waiting 500ms'
linux-sigterm	RC1 newcomer and returning phone journey on PostgreSQL	2026-09-20T23:28:54.5725133Z   ],
linux-sigterm	RC1 newcomer and returning phone journey on PostgreSQL	2026-09-20T23:28:54.5725334Z   name: 'TimeoutError'
linux-sigterm	RC1 newcomer and returning phone journey on PostgreSQL	2026-09-20T23:28:54.5725567Z }
linux-sigterm	RC1 newcomer and returning phone journey on PostgreSQL	2026-09-20T23:28:54.5725669Z 
linux-sigterm	RC1 newcomer and returning phone journey on PostgreSQL	2026-09-20T23:28:54.5725756Z Node.js v22.23.2
linux-sigterm	RC1 newcomer and returning phone journey on PostgreSQL	2026-09-20T23:28:54.5959702Z ##[error]Process completed with exit code 1.
linux-sigterm	Native backup, private file permissions and restore on Linux	﻿2026-09-20T23:28:54.6014483Z ##[group]Run set -o pipefail
linux-sigterm	Native backup, private file permissions and restore on Linux	2026-09-20T23:28:54.6014828Z ^[[36;1mset -o pipefail^[[0m
linux-sigterm	Native backup, private file permissions and restore on Linux	2026-09-20T23:28:54.6015244Z ^[[36;1mnpm run backup:selftest 2>&1 | tee "$RC1_SHUTDOWN_EVIDENCE/backup-selftest.log"^[[0m
linux-sigterm	Native backup, private file permissions and restore on Linux	2026-09-20T23:28:54.6051238Z shell: /usr/bin/bash -e {0}
linux-sigterm	Native backup, private file permissions and restore on Linux	2026-09-20T23:28:54.6051501Z env:
linux-sigterm	Native backup, private file permissions and restore on Linux	2026-09-20T23:28:54.6052016Z   COORDINATION_TEST_DATABASE_URL: ***127.0.0.1:5432/rc1_recovery
linux-sigterm	Native backup, private file permissions and restore on Linux	2026-09-20T23:28:54.6052544Z   DATABASE_URL: ***127.0.0.1:5432/rc1_recovery
linux-sigterm	Native backup, private file permissions and restore on Linux	2026-09-20T23:28:54.6053228Z   RC1_SHUTDOWN_EVIDENCE: /home/runner/work/Omerta/Omerta/tmp/rc1-linux-recovery
linux-sigterm	Native backup, private file permissions and restore on Linux	2026-09-20T23:28:54.6053663Z ##[endgroup]
linux-sigterm	Native backup, private file permissions and restore on Linux	2026-09-20T23:28:54.7033011Z 
linux-sigterm	Native backup, private file permissions and restore on Linux	2026-09-20T23:28:54.7034439Z > omerta-backend@1.2.0 backup:selftest
linux-sigterm	Native backup, private file permissions and restore on Linux	2026-09-20T23:28:54.7035138Z > bash tools/backup-selftest.sh
linux-sigterm	Native backup, private file permissions and restore on Linux	2026-09-20T23:28:54.7035398Z 
linux-sigterm	Native backup, private file permissions and restore on Linux	2026-09-20T23:28:58.9091680Z client: pg_dump 16.15, pg_restore 16.15, psql 16.15
linux-sigterm	Native backup, private file permissions and restore on Linux	2026-09-20T23:28:58.9479772Z server: 16.15(Debian16.15-1.pgdg13+2)   fixture: 2/2/1/2/4/4/1/2/1/1/1/4/1/1 linked Phase 1 rows
linux-sigterm	Native backup, private file permissions and restore on Linux	2026-09-20T23:28:58.9480775Z 
linux-sigterm	Native backup, private file permissions and restore on Linux	2026-09-20T23:28:58.9481210Z 0. THE REQUIRED-TABLE CHECK DOES NOT PIPE INTO grep -q
linux-sigterm	Native backup, private file permissions and restore on Linux	2026-09-20T23:28:58.9501533Z   ✓ backup.sh matches TOC entries without a grep -q pipeline
linux-sigterm	Native backup, private file permissions and restore on Linux	2026-09-20T23:28:58.9502292Z 
linux-sigterm	Native backup, private file permissions and restore on Linux	2026-09-20T23:28:58.9502544Z 1. A GOOD BACKUP IS KEPT
linux-sigterm	Native backup, private file permissions and restore on Linux	2026-09-20T23:28:59.4060276Z   ✓ a populated database backs up cleanly
linux-sigterm	Native backup, private file permissions and restore on Linux	2026-09-20T23:28:59.4065498Z   ✓ the dump lands under its real name
linux-sigterm	Native backup, private file permissions and restore on Linux	2026-09-20T23:28:59.4088233Z   ✓ no .part left behind
linux-sigterm	Native backup, private file permissions and restore on Linux	2026-09-20T23:28:59.4110985Z   ✓ the dump is owner-only (0600)
linux-sigterm	Native backup, private file permissions and restore on Linux	2026-09-20T23:28:59.4111381Z 
linux-sigterm	Native backup, private file permissions and restore on Linux	2026-09-20T23:28:59.4112150Z 2. THE SCHEMA-ONLY TRAP — the hole that passed before
linux-sigterm	Native backup, private file permissions and restore on Linux	2026-09-20T23:28:59.8315320Z   ✓ a schema-only database is REFUSED, not silently kept
linux-sigterm	Native backup, private file permissions and restore on Linux	2026-09-20T23:28:59.8319841Z   ✓ …and says why (zero rows, not 'looks fine')
linux-sigterm	Native backup, private file permissions and restore on Linux	2026-09-20T23:28:59.8344677Z   ✓ the refused dump is not kept
linux-sigterm	Native backup, private file permissions and restore on Linux	2026-09-20T23:28:59.8368637Z   ✓ no .part survives the refusal
linux-sigterm	Native backup, private file permissions and restore on Linux	2026-09-20T23:29:00.2254546Z   ✓ BACKUP_MIN_ROWS=0 allows a genuinely cold database through
linux-sigterm	Native backup, private file permissions and restore on Linux	2026-09-20T23:29:00.2255389Z 
linux-sigterm	Native backup, private file permissions and restore on Linux	2026-09-20T23:29:00.2255636Z 3. A TRUNCATED DUMP IS CAUGHT
linux-sigterm	Native backup, private file permissions and restore on Linux	2026-09-20T23:29:00.5880285Z   ✓ a truncated dump is REFUSED
linux-sigterm	Native backup, private file permissions and restore on Linux	2026-09-20T23:29:00.5904040Z   ✓ the truncated dump is not kept
linux-sigterm	Native backup, private file permissions and restore on Linux	2026-09-20T23:29:00.5927480Z   ✓ no .part survives a truncated dump
linux-sigterm	Native backup, private file permissions and restore on Linux	2026-09-20T23:29:00.5927904Z 
linux-sigterm	Native backup, private file permissions and restore on Linux	2026-09-20T23:29:00.5928299Z 4. THE WRONG DATABASE IS CAUGHT
linux-sigterm	Native backup, private file permissions and restore on Linux	2026-09-20T23:29:00.7220350Z   ✓ a stale DATABASE_URL pointing elsewhere is REFUSED
linux-sigterm	Native backup, private file permissions and restore on Linux	2026-09-20T23:29:00.7225248Z   ✓ …and names the reason (wrong database / no schema)
linux-sigterm	Native backup, private file permissions and restore on Linux	2026-09-20T23:29:00.7225698Z 
linux-sigterm	Native backup, private file permissions and restore on Linux	2026-09-20T23:29:00.7226158Z 5. AN UNREACHABLE DATABASE FAILS LOUDLY
linux-sigterm	Native backup, private file permissions and restore on Linux	2026-09-20T23:29:00.7590110Z   ✓ an unreachable database is a failure, not an empty success
linux-sigterm	Native backup, private file permissions and restore on Linux	2026-09-20T23:29:00.7613402Z   ✓ nothing is kept when the dump never ran
linux-sigterm	Native backup, private file permissions and restore on Linux	2026-09-20T23:29:00.7613749Z 
linux-sigterm	Native backup, private file permissions and restore on Linux	2026-09-20T23:29:00.7614097Z 6. THE SIZE FLOOR STILL BITES
linux-sigterm	Native backup, private file permissions and restore on Linux	2026-09-20T23:29:01.2202474Z   ✓ a dump under the size floor is REFUSED
linux-sigterm	Native backup, private file permissions and restore on Linux	2026-09-20T23:29:01.2203315Z 
linux-sigterm	Native backup, private file permissions and restore on Linux	2026-09-20T23:29:01.2203698Z 7. RETENTION HOLDS FIRE AFTER A BAD NIGHT
linux-sigterm	Native backup, private file permissions and restore on Linux	2026-09-20T23:29:01.6465315Z   ✓ the bad run fails
linux-sigterm	Native backup, private file permissions and restore on Linux	2026-09-20T23:29:01.6470180Z   ✓ a 60-day-old GOOD backup survives the failed run
linux-sigterm	Native backup, private file permissions and restore on Linux	2026-09-20T23:29:02.1023254Z   ✓ a good run succeeds in the same directory
linux-sigterm	Native backup, private file permissions and restore on Linux	2026-09-20T23:29:02.1027782Z   ✓ …and only then is the expired dump pruned
linux-sigterm	Native backup, private file permissions and restore on Linux	2026-09-20T23:29:02.1028600Z 
linux-sigterm	Native backup, private file permissions and restore on Linux	2026-09-20T23:29:02.1029173Z 8. THE DUMP CAN ACTUALLY BE RESTORED
linux-sigterm	Native backup, private file permissions and restore on Linux	2026-09-20T23:29:03.8559363Z   ✓ the dump restores into an empty database with its rows
linux-sigterm	Native backup, private file permissions and restore on Linux	2026-09-20T23:29:03.9047089Z   ✓ the restore preserves the complete 14-table Phase 1 fixture census
linux-sigterm	Native backup, private file permissions and restore on Linux	2026-09-20T23:29:03.9516345Z   ✓ every restored Phase 1 fixture row keeps its exact ID, custody, provenance and graph state
linux-sigterm	Native backup, private file permissions and restore on Linux	2026-09-20T23:29:03.9971461Z   ✓ restored Phase 1 graph has no orphan or duplicate custody
linux-sigterm	Native backup, private file permissions and restore on Linux	2026-09-20T23:29:04.2057032Z 
linux-sigterm	Native backup, private file permissions and restore on Linux	2026-09-20T23:29:04.2057696Z 26 passed, 0 failed
linux-sigterm	Native backup, private file permissions and restore on Linux	2026-09-20T23:29:04.2059884Z ✅ backup-selftest passed — every verification in backup.sh refuses what it should, keeps what it should, and the dump restores.
linux-sigterm	Nine production-process termination barriers	﻿2026-09-20T23:29:04.4630402Z ##[group]Run set -o pipefail
linux-sigterm	Nine production-process termination barriers	2026-09-20T23:29:04.4630945Z ^[[36;1mset -o pipefail^[[0m
linux-sigterm	Nine production-process termination barriers	2026-09-20T23:29:04.4631619Z ^[[36;1mnode tools/rc1-shutdown.js 2>&1 | tee "$RC1_SHUTDOWN_EVIDENCE/shutdown.log"^[[0m
linux-sigterm	Nine production-process termination barriers	2026-09-20T23:29:04.4679902Z shell: /usr/bin/bash -e {0}
linux-sigterm	Nine production-process termination barriers	2026-09-20T23:29:04.4680352Z env:
linux-sigterm	Nine production-process termination barriers	2026-09-20T23:29:04.4681217Z   COORDINATION_TEST_DATABASE_URL: ***127.0.0.1:5432/rc1_recovery
linux-sigterm	Nine production-process termination barriers	2026-09-20T23:29:04.4682142Z   DATABASE_URL: ***127.0.0.1:5432/rc1_recovery
linux-sigterm	Nine production-process termination barriers	2026-09-20T23:29:04.4683176Z   RC1_SHUTDOWN_EVIDENCE: /home/runner/work/Omerta/Omerta/tmp/rc1-linux-recovery
linux-sigterm	Nine production-process termination barriers	2026-09-20T23:29:04.4683904Z ##[endgroup]
linux-sigterm	Nine production-process termination barriers	2026-09-20T23:29:38.6745416Z PASS director-selection: barrier, SIGTERM, restart, replay and invariants
linux-sigterm	Nine production-process termination barriers	2026-09-20T23:30:12.1038890Z PASS campaign-progression: barrier, SIGTERM, restart, replay and invariants
linux-sigterm	Nine production-process termination barriers	2026-09-20T23:30:21.8062608Z PASS world-kernel-mutation: barrier, SIGTERM, restart, replay and invariants
linux-sigterm	Nine production-process termination barriers	2026-09-20T23:30:31.4980092Z PASS operation-resolution: barrier, SIGTERM, restart, replay and invariants
linux-sigterm	Nine production-process termination barriers	2026-09-20T23:30:41.0209491Z PASS item-consumption: barrier, SIGTERM, restart, replay and invariants
linux-sigterm	Nine production-process termination barriers	2026-09-20T23:30:50.0406298Z PASS crafting: barrier, SIGTERM, restart, replay and invariants
linux-sigterm	Nine production-process termination barriers	2026-09-20T23:30:59.5831828Z PASS player-command: barrier, SIGTERM, restart, replay and invariants
linux-sigterm	Nine production-process termination barriers	2026-09-20T23:31:09.2091194Z PASS consequence-generation: barrier, SIGTERM, restart, replay and invariants
linux-sigterm	Nine production-process termination barriers	2026-09-20T23:31:27.0779297Z PASS scheduled-worker-processing: barrier, SIGTERM, restart, replay and invariants
linux-sigterm	Retain exact-revision process logs and verdict	﻿2026-09-20T23:31:27.4292276Z Node 20 is being deprecated. This workflow is running with Node 24 by default. If you need to temporarily use Node 20, you can set the ACTIONS_ALLOW_USE_UNSECURE_NODE_VERSION=true environment variable. For more information see: https://github.blog/changelog/2025-09-19-deprecation-of-node-20-on-github-actions-runners/
linux-sigterm	Retain exact-revision process logs and verdict	2026-09-20T23:31:27.4293966Z ##[group]Run actions/upload-artifact@v4
linux-sigterm	Retain exact-revision process logs and verdict	2026-09-20T23:31:27.4294247Z with:
linux-sigterm	Retain exact-revision process logs and verdict	2026-09-20T23:31:27.4294565Z   name: rc1-linux-recovery-21d0589a8b1f15cbb712e574becd507b813e4b0c
linux-sigterm	Retain exact-revision process logs and verdict	2026-09-20T23:31:27.4294955Z   path: tmp/rc1-linux-recovery/
linux-sigterm	Retain exact-revision process logs and verdict	2026-09-20T23:31:27.4295208Z   if-no-files-found: error
linux-sigterm	Retain exact-revision process logs and verdict	2026-09-20T23:31:27.4295438Z   retention-days: 30
linux-sigterm	Retain exact-revision process logs and verdict	2026-09-20T23:31:27.4295653Z   compression-level: 6
linux-sigterm	Retain exact-revision process logs and verdict	2026-09-20T23:31:27.4295863Z   overwrite: false
linux-sigterm	Retain exact-revision process logs and verdict	2026-09-20T23:31:27.4296074Z   include-hidden-files: false
linux-sigterm	Retain exact-revision process logs and verdict	2026-09-20T23:31:27.4296306Z env:
linux-sigterm	Retain exact-revision process logs and verdict	2026-09-20T23:31:27.4296816Z   COORDINATION_TEST_DATABASE_URL: ***127.0.0.1:5432/rc1_recovery
linux-sigterm	Retain exact-revision process logs and verdict	2026-09-20T23:31:27.4297324Z   DATABASE_URL: ***127.0.0.1:5432/rc1_recovery
linux-sigterm	Retain exact-revision process logs and verdict	2026-09-20T23:31:27.4297778Z   RC1_SHUTDOWN_EVIDENCE: /home/runner/work/Omerta/Omerta/tmp/rc1-linux-recovery
linux-sigterm	Retain exact-revision process logs and verdict	2026-09-20T23:31:27.4298172Z ##[endgroup]
linux-sigterm	Retain exact-revision process logs and verdict	2026-09-20T23:31:27.6049131Z (node:5651) [DEP0040] DeprecationWarning: The `punycode` module is deprecated. Please use a userland alternative instead.
linux-sigterm	Retain exact-revision process logs and verdict	2026-09-20T23:31:27.6050095Z (Use `node --trace-deprecation ...` to show where the warning was created)
linux-sigterm	Retain exact-revision process logs and verdict	2026-09-20T23:31:27.6172581Z With the provided path, there will be 28 files uploaded
linux-sigterm	Retain exact-revision process logs and verdict	2026-09-20T23:31:27.6179172Z Artifact name is valid!
linux-sigterm	Retain exact-revision process logs and verdict	2026-09-20T23:31:27.6179818Z Root directory input is valid!
linux-sigterm	Retain exact-revision process logs and verdict	2026-09-20T23:31:27.8764999Z Beginning upload of artifact content to blob storage
linux-sigterm	Retain exact-revision process logs and verdict	2026-09-20T23:31:27.9395561Z (node:5651) [DEP0169] DeprecationWarning: `url.parse()` behavior is not standardized and prone to errors that have security implications. Use the WHATWG URL API instead. CVEs are not issued for `url.parse()` vulnerabilities.
linux-sigterm	Retain exact-revision process logs and verdict	2026-09-20T23:31:28.0828889Z Uploaded bytes 20615
linux-sigterm	Retain exact-revision process logs and verdict	2026-09-20T23:31:28.1218932Z Finished uploading artifact content to blob storage!
linux-sigterm	Retain exact-revision process logs and verdict	2026-09-20T23:31:28.1220237Z SHA256 digest of uploaded artifact zip is eab5bff4266e63a593e95aff37f6caa387bdacd9485f729889c905419197d5d6
linux-sigterm	Retain exact-revision process logs and verdict	2026-09-20T23:31:28.1221270Z Finalizing artifact upload
linux-sigterm	Retain exact-revision process logs and verdict	2026-09-20T23:31:28.3345893Z Artifact rc1-linux-recovery-21d0589a8b1f15cbb712e574becd507b813e4b0c.zip successfully finalized. Artifact ID 10616790684
linux-sigterm	Retain exact-revision process logs and verdict	2026-09-20T23:31:28.3347810Z Artifact rc1-linux-recovery-21d0589a8b1f15cbb712e574becd507b813e4b0c has been successfully uploaded! Final size is 20615 bytes. Artifact ID is 10616790684
linux-sigterm	Retain exact-revision process logs and verdict	2026-09-20T23:31:28.3353069Z Artifact download URL: https://github.com/OmertaDev/Omerta/actions/runs/35544649116/artifacts/10616790684
linux-sigterm	Post Run actions/checkout@v7	﻿2026-09-20T23:31:28.3560635Z Post job cleanup.
linux-sigterm	Post Run actions/checkout@v7	2026-09-20T23:31:28.4463331Z [command]/usr/bin/git version
linux-sigterm	Post Run actions/checkout@v7	2026-09-20T23:31:28.4511923Z git version 2.55.0
linux-sigterm	Post Run actions/checkout@v7	2026-09-20T23:31:28.4560854Z Temporarily overriding HOME='/home/runner/work/_temp/4744f96f-5397-4171-9076-49ab7cfe3e5b' before making global git config changes
linux-sigterm	Post Run actions/checkout@v7	2026-09-20T23:31:28.4562599Z Adding repository directory to the temporary git global config as a safe directory
linux-sigterm	Post Run actions/checkout@v7	2026-09-20T23:31:28.4567413Z [command]/usr/bin/git config --global --add safe.directory /home/runner/work/Omerta/Omerta
linux-sigterm	Post Run actions/checkout@v7	2026-09-20T23:31:28.4603985Z Removing SSH command configuration
linux-sigterm	Post Run actions/checkout@v7	2026-09-20T23:31:28.4610532Z [command]/usr/bin/git config --local --name-only --get-regexp core\.sshCommand
linux-sigterm	Post Run actions/checkout@v7	2026-09-20T23:31:28.4665870Z [command]/usr/bin/git submodule foreach --recursive sh -c "git config --local --name-only --get-regexp 'core\.sshCommand' && git config --local --unset-all 'core.sshCommand' || :"
linux-sigterm	Post Run actions/checkout@v7	2026-09-20T23:31:28.4952057Z Removing HTTP extra header
linux-sigterm	Post Run actions/checkout@v7	2026-09-20T23:31:28.4959986Z [command]/usr/bin/git config --local --name-only --get-regexp http\.https\:\/\/github\.com\/\.extraheader
linux-sigterm	Post Run actions/checkout@v7	2026-09-20T23:31:28.5005151Z [command]/usr/bin/git submodule foreach --recursive sh -c "git config --local --name-only --get-regexp 'http\.https\:\/\/github\.com\/\.extraheader' && git config --local --unset-all 'http.https://github.com/.extraheader' || :"
linux-sigterm	Post Run actions/checkout@v7	2026-09-20T23:31:28.5276942Z Removing includeIf entries pointing to credentials config files
linux-sigterm	Post Run actions/checkout@v7	2026-09-20T23:31:28.5278158Z [command]/usr/bin/git config --local --name-only --get-regexp ^includeIf\.gitdir:
linux-sigterm	Post Run actions/checkout@v7	2026-09-20T23:31:28.5326137Z includeif.gitdir:/home/runner/work/Omerta/Omerta/.git.path
linux-sigterm	Post Run actions/checkout@v7	2026-09-20T23:31:28.5334604Z includeif.gitdir:/home/runner/work/Omerta/Omerta/.git/worktrees/*.path
linux-sigterm	Post Run actions/checkout@v7	2026-09-20T23:31:28.5335670Z includeif.gitdir:/github/workspace/.git.path
linux-sigterm	Post Run actions/checkout@v7	2026-09-20T23:31:28.5336651Z includeif.gitdir:/github/workspace/.git/worktrees/*.path
linux-sigterm	Post Run actions/checkout@v7	2026-09-20T23:31:28.5340285Z [command]/usr/bin/git config --local --get-all includeif.gitdir:/home/runner/work/Omerta/Omerta/.git.path
linux-sigterm	Post Run actions/checkout@v7	2026-09-20T23:31:28.5372135Z /home/runner/work/_temp/git-credentials-33cf7110-f408-43f0-83a7-4ece15e9b3b7.config
linux-sigterm	Post Run actions/checkout@v7	2026-09-20T23:31:28.5383875Z [command]/usr/bin/git config --local --unset includeif.gitdir:/home/runner/work/Omerta/Omerta/.git.path \/home\/runner\/work\/_temp\/git\-credentials\-33cf7110\-f408\-43f0\-83a7\-4ece15e9b3b7\.config
linux-sigterm	Post Run actions/checkout@v7	2026-09-20T23:31:28.5428535Z [command]/usr/bin/git config --local --get-all includeif.gitdir:/home/runner/work/Omerta/Omerta/.git/worktrees/*.path
linux-sigterm	Post Run actions/checkout@v7	2026-09-20T23:31:28.5463296Z /home/runner/work/_temp/git-credentials-33cf7110-f408-43f0-83a7-4ece15e9b3b7.config
linux-sigterm	Post Run actions/checkout@v7	2026-09-20T23:31:28.5472024Z [command]/usr/bin/git config --local --unset includeif.gitdir:/home/runner/work/Omerta/Omerta/.git/worktrees/*.path \/home\/runner\/work\/_temp\/git\-credentials\-33cf7110\-f408\-43f0\-83a7\-4ece15e9b3b7\.config
linux-sigterm	Post Run actions/checkout@v7	2026-09-20T23:31:28.5522867Z [command]/usr/bin/git config --local --get-all includeif.gitdir:/github/workspace/.git.path
linux-sigterm	Post Run actions/checkout@v7	2026-09-20T23:31:28.5554596Z /github/runner_temp/git-credentials-33cf7110-f408-43f0-83a7-4ece15e9b3b7.config
linux-sigterm	Post Run actions/checkout@v7	2026-09-20T23:31:28.5564817Z [command]/usr/bin/git config --local --unset includeif.gitdir:/github/workspace/.git.path \/github\/runner_temp\/git\-credentials\-33cf7110\-f408\-43f0\-83a7\-4ece15e9b3b7\.config
linux-sigterm	Post Run actions/checkout@v7	2026-09-20T23:31:28.5608756Z [command]/usr/bin/git config --local --get-all includeif.gitdir:/github/workspace/.git/worktrees/*.path
linux-sigterm	Post Run actions/checkout@v7	2026-09-20T23:31:28.5637863Z /github/runner_temp/git-credentials-33cf7110-f408-43f0-83a7-4ece15e9b3b7.config
linux-sigterm	Post Run actions/checkout@v7	2026-09-20T23:31:28.5646377Z [command]/usr/bin/git config --local --unset includeif.gitdir:/github/workspace/.git/worktrees/*.path \/github\/runner_temp\/git\-credentials\-33cf7110\-f408\-43f0\-83a7\-4ece15e9b3b7\.config
linux-sigterm	Post Run actions/checkout@v7	2026-09-20T23:31:28.5687942Z [command]/usr/bin/git submodule foreach --recursive git config --local --show-origin --name-only --get-regexp remote.origin.url
linux-sigterm	Post Run actions/checkout@v7	2026-09-20T23:31:28.5943275Z Removing credentials config '/home/runner/work/_temp/git-credentials-33cf7110-f408-43f0-83a7-4ece15e9b3b7.config'
linux-sigterm	Stop containers	﻿2026-09-20T23:31:28.6068028Z Print service container logs: 5f75fb48e09b4d388c17e6a344b4f9bb_postgres16_77e4e5
linux-sigterm	Stop containers	2026-09-20T23:31:28.6072529Z ##[command]/usr/bin/docker logs --details a487915c8f3d4b4ac45dccc99d315ae4e6e296afe05f2c58789360bc4d13d581
linux-sigterm	Stop containers	2026-09-20T23:31:28.6215120Z  initdb: warning: enabling "trust" authentication for local connections
linux-sigterm	Stop containers	2026-09-20T23:31:28.6215801Z  The files belonging to this database system will be owned by user "postgres".
linux-sigterm	Stop containers	2026-09-20T23:31:28.6216599Z  initdb: hint: You can change this by editing pg_hba.conf or using the option -A, or --auth-local and --auth-host, the next time you run initdb.
linux-sigterm	Stop containers	2026-09-20T23:31:28.6217748Z  2026-09-20 23:26:39.144 UTC [1] LOG:  starting PostgreSQL 16.15 (Debian 16.15-1.pgdg13+2) on x86_64-pc-linux-gnu, compiled by gcc (Debian 14.2.0-19) 14.2.0, 64-bit
linux-sigterm	Stop containers	2026-09-20T23:31:28.6218952Z  2026-09-20 23:26:39.145 UTC [1] LOG:  listening on IPv4 address "0.0.0.0", port 5432
linux-sigterm	Stop containers	2026-09-20T23:31:28.6219756Z  2026-09-20 23:26:39.145 UTC [1] LOG:  listening on IPv6 address "::", port 5432
linux-sigterm	Stop containers	2026-09-20T23:31:28.6220777Z  2026-09-20 23:26:39.146 UTC [1] LOG:  listening on Unix socket "/var/run/postgresql/.s.PGSQL.5432"
linux-sigterm	Stop containers	2026-09-20T23:31:28.6221751Z  2026-09-20 23:26:39.149 UTC [65] LOG:  database system was shut down at 2026-09-20 23:26:39 UTC
linux-sigterm	Stop containers	2026-09-20T23:31:28.6222660Z  2026-09-20 23:26:39.153 UTC [1] LOG:  database system is ready to accept connections
linux-sigterm	Stop containers	2026-09-20T23:31:28.6223637Z  2026-09-20 23:26:43.250 UTC [76] FATAL:  role "root" does not exist
linux-sigterm	Stop containers	2026-09-20T23:31:28.6224313Z  2026-09-20 23:26:48.312 UTC [84] FATAL:  role "root" does not exist
linux-sigterm	Stop containers	2026-09-20T23:31:28.6224990Z  2026-09-20 23:26:53.393 UTC [92] FATAL:  role "root" does not exist
linux-sigterm	Stop containers	2026-09-20T23:31:28.6225665Z  2026-09-20 23:26:58.459 UTC [100] FATAL:  role "root" does not exist
linux-sigterm	Stop containers	2026-09-20T23:31:28.6226325Z  2026-09-20 23:27:03.533 UTC [108] FATAL:  role "root" does not exist
linux-sigterm	Stop containers	2026-09-20T23:31:28.6226941Z  2026-09-20 23:27:08.594 UTC [116] FATAL:  role "root" does not exist
linux-sigterm	Stop containers	2026-09-20T23:31:28.6227552Z  2026-09-20 23:27:13.663 UTC [124] FATAL:  role "root" does not exist
linux-sigterm	Stop containers	2026-09-20T23:31:28.6228231Z  2026-09-20 23:27:18.768 UTC [132] FATAL:  role "root" does not exist
linux-sigterm	Stop containers	2026-09-20T23:31:28.6228882Z  2026-09-20 23:27:23.838 UTC [143] FATAL:  role "root" does not exist
linux-sigterm	Stop containers	2026-09-20T23:31:28.6229571Z  2026-09-20 23:27:26.248 UTC [135] ERROR:  RC1 injected DDL interruption
linux-sigterm	Stop containers	2026-09-20T23:31:28.6230385Z  2026-09-20 23:27:26.248 UTC [135] CONTEXT:  PL/pgSQL function reject_column() line 4 at RAISE
linux-sigterm	Stop containers	2026-09-20T23:31:28.6231579Z  2026-09-20 23:27:26.248 UTC [135] STATEMENT:  ALTER TABLE characters ADD COLUMN IF NOT EXISTS bank_credit_ms BIGINT NOT NULL DEFAULT 28800000
linux-sigterm	Stop containers	2026-09-20T23:31:28.6232655Z  2026-09-20 23:27:28.921 UTC [150] FATAL:  role "root" does not exist
linux-sigterm	Stop containers	2026-09-20T23:31:28.6233530Z  2026-09-20 23:27:34.013 UTC [161] FATAL:  role "root" does not exist
linux-sigterm	Stop containers	2026-09-20T23:31:28.6234311Z  2026-09-20 23:27:34.576 UTC [163] ERROR:  duplicate key value violates unique constraint "idempotency_pkey"
linux-sigterm	Stop containers	2026-09-20T23:31:28.6236117Z  2026-09-20 23:27:34.576 UTC [163] DETAIL:  Key (account_id, key)=(rc1-security-owner, c4efe1faaf8828b41be045f672ab801fc69f9b92983067774ab19a137ffe2ac0.fd9c03b54928594c7b2b47f85f80a3161bc9c948d3aaff4c1c21fbcd8ca81435) already exists.
linux-sigterm	Stop containers	2026-09-20T23:31:28.6238644Z  2026-09-20 23:27:34.576 UTC [163] STATEMENT:  INSERT INTO idempotency (account_id, key, status, body_hash, response) VALUES ($1,$2,0,$3,$4)
linux-sigterm	Stop containers	2026-09-20T23:31:28.6240157Z  2026-09-20 23:27:34.580 UTC [164] ERROR:  duplicate key value violates unique constraint "idempotency_pkey"
linux-sigterm	Stop containers	2026-09-20T23:31:28.6241700Z  2026-09-20 23:27:34.580 UTC [164] DETAIL:  Key (account_id, key)=(rc1-security-owner, c4efe1faaf8828b41be045f672ab801fc69f9b92983067774ab19a137ffe2ac0.fd9c03b54928594c7b2b47f85f80a3161bc9c948d3aaff4c1c21fbcd8ca81435) already exists.
linux-sigterm	Stop containers	2026-09-20T23:31:28.6243214Z  2026-09-20 23:27:34.580 UTC [164] STATEMENT:  INSERT INTO idempotency (account_id, key, status, body_hash, response) VALUES ($1,$2,0,$3,$4)
linux-sigterm	Stop containers	2026-09-20T23:31:28.6243995Z  2026-09-20 23:27:34.581 UTC [162] ERROR:  duplicate key value violates unique constraint "idempotency_pkey"
linux-sigterm	Stop containers	2026-09-20T23:31:28.6245540Z  2026-09-20 23:27:34.581 UTC [162] DETAIL:  Key (account_id, key)=(rc1-security-owner, c4efe1faaf8828b41be045f672ab801fc69f9b92983067774ab19a137ffe2ac0.fd9c03b54928594c7b2b47f85f80a3161bc9c948d3aaff4c1c21fbcd8ca81435) already exists.
linux-sigterm	Stop containers	2026-09-20T23:31:28.6246802Z  2026-09-20 23:27:34.581 UTC [162] STATEMENT:  INSERT INTO idempotency (account_id, key, status, body_hash, response) VALUES ($1,$2,0,$3,$4)
linux-sigterm	Stop containers	2026-09-20T23:31:28.6247563Z  2026-09-20 23:27:34.581 UTC [166] ERROR:  duplicate key value violates unique constraint "idempotency_pkey"
linux-sigterm	Stop containers	2026-09-20T23:31:28.6248688Z  2026-09-20 23:27:34.581 UTC [166] DETAIL:  Key (account_id, key)=(rc1-security-owner, c4efe1faaf8828b41be045f672ab801fc69f9b92983067774ab19a137ffe2ac0.fd9c03b54928594c7b2b47f85f80a3161bc9c948d3aaff4c1c21fbcd8ca81435) already exists.
linux-sigterm	Stop containers	2026-09-20T23:31:28.6249909Z  2026-09-20 23:27:34.581 UTC [166] STATEMENT:  INSERT INTO idempotency (account_id, key, status, body_hash, response) VALUES ($1,$2,0,$3,$4)
linux-sigterm	Stop containers	2026-09-20T23:31:28.6250656Z  2026-09-20 23:27:34.585 UTC [168] ERROR:  duplicate key value violates unique constraint "idempotency_pkey"
linux-sigterm	Stop containers	2026-09-20T23:31:28.6251768Z  2026-09-20 23:27:34.585 UTC [168] DETAIL:  Key (account_id, key)=(rc1-security-owner, c4efe1faaf8828b41be045f672ab801fc69f9b92983067774ab19a137ffe2ac0.fd9c03b54928594c7b2b47f85f80a3161bc9c948d3aaff4c1c21fbcd8ca81435) already exists.
linux-sigterm	Stop containers	2026-09-20T23:31:28.6252745Z  This user must also own the server process.
linux-sigterm	Stop containers	2026-09-20T23:31:28.6253271Z  
linux-sigterm	Stop containers	2026-09-20T23:31:28.6253555Z  The database cluster will be initialized with locale "en_US.utf8".
linux-sigterm	Stop containers	2026-09-20T23:31:28.6254010Z  The default database encoding has accordingly been set to "UTF8".
linux-sigterm	Stop containers	2026-09-20T23:31:28.6254439Z  The default text search configuration will be set to "english".
linux-sigterm	Stop containers	2026-09-20T23:31:28.6254771Z  
linux-sigterm	Stop containers	2026-09-20T23:31:28.6254966Z  Data page checksums are disabled.
linux-sigterm	Stop containers	2026-09-20T23:31:28.6255217Z  
linux-sigterm	Stop containers	2026-09-20T23:31:28.6255510Z  fixing permissions on existing directory /var/lib/postgresql/data ... ok
linux-sigterm	Stop containers	2026-09-20T23:31:28.6255919Z  creating subdirectories ... ok
linux-sigterm	Stop containers	2026-09-20T23:31:28.6256232Z  selecting dynamic shared memory implementation ... posix
linux-sigterm	Stop containers	2026-09-20T23:31:28.6256588Z  selecting default max_connections ... 100
linux-sigterm	Stop containers	2026-09-20T23:31:28.6256887Z  selecting default shared_buffers ... 128MB
linux-sigterm	Stop containers	2026-09-20T23:31:28.6257175Z  selecting default time zone ... Etc/UTC
linux-sigterm	Stop containers	2026-09-20T23:31:28.6257460Z  creating configuration files ... ok
linux-sigterm	Stop containers	2026-09-20T23:31:28.6257731Z  running bootstrap script ... ok
linux-sigterm	Stop containers	2026-09-20T23:31:28.6258031Z  performing post-bootstrap initialization ... ok
linux-sigterm	Stop containers	2026-09-20T23:31:28.6258339Z  syncing data to disk ... ok
linux-sigterm	Stop containers	2026-09-20T23:31:28.6258571Z  
linux-sigterm	Stop containers	2026-09-20T23:31:28.6258741Z  
linux-sigterm	Stop containers	2026-09-20T23:31:28.6270498Z  Success. You can now start the database server using:
linux-sigterm	Stop containers	2026-09-20T23:31:28.6271070Z  
linux-sigterm	Stop containers	2026-09-20T23:31:28.6271458Z      pg_ctl -D /var/lib/postgresql/data -l logfile start
linux-sigterm	Stop containers	2026-09-20T23:31:28.6271961Z  
linux-sigterm	Stop containers	2026-09-20T23:31:28.6272732Z  waiting for server to start....2026-09-20 23:26:38.836 UTC [49] LOG:  starting PostgreSQL 16.15 (Debian 16.15-1.pgdg13+2) on x86_64-pc-linux-gnu, compiled by gcc (Debian 14.2.0-19) 14.2.0, 64-bit
linux-sigterm	Stop containers	2026-09-20T23:31:28.6273983Z  2026-09-20 23:26:38.837 UTC [49] LOG:  listening on Unix socket "/var/run/postgresql/.s.PGSQL.5432"
linux-sigterm	Stop containers	2026-09-20T23:31:28.6274776Z  2026-09-20 23:26:38.839 UTC [52] LOG:  database system was shut down at 2026-09-20 23:26:38 UTC
linux-sigterm	Stop containers	2026-09-20T23:31:28.6275300Z  2026-09-20 23:26:38.843 UTC [49] LOG:  database system is ready to accept connections
linux-sigterm	Stop containers	2026-09-20T23:31:28.6275672Z   done
linux-sigterm	Stop containers	2026-09-20T23:31:28.6275867Z  server started
linux-sigterm	Stop containers	2026-09-20T23:31:28.6276068Z  CREATE DATABASE
linux-sigterm	Stop containers	2026-09-20T23:31:28.6276257Z  
linux-sigterm	Stop containers	2026-09-20T23:31:28.6276428Z  
linux-sigterm	Stop containers	2026-09-20T23:31:28.6276746Z  /usr/local/bin/docker-entrypoint.sh: ignoring /docker-entrypoint-initdb.d/*
linux-sigterm	Stop containers	2026-09-20T23:31:28.6277153Z  
linux-sigterm	Stop containers	2026-09-20T23:31:28.6277508Z  waiting for server to shut down...2026-09-20 23:26:39.024 UTC [49] LOG:  received fast shutdown request
linux-sigterm	Stop containers	2026-09-20T23:31:28.6278041Z  .2026-09-20 23:26:39.025 UTC [49] LOG:  aborting any active transactions
linux-sigterm	Stop containers	2026-09-20T23:31:28.6278756Z  2026-09-20 23:26:39.027 UTC [49] LOG:  background worker "logical replication launcher" (PID 55) exited with exit code 1
linux-sigterm	Stop containers	2026-09-20T23:31:28.6279308Z  2026-09-20 23:26:39.027 UTC [50] LOG:  shutting down
linux-sigterm	Stop containers	2026-09-20T23:31:28.6279701Z  2026-09-20 23:26:39.027 UTC [50] LOG:  checkpoint starting: shutdown immediate
linux-sigterm	Stop containers	2026-09-20T23:31:28.6280809Z  2026-09-20 23:26:39.043 UTC [50] LOG:  checkpoint complete: wrote 926 buffers (5.7%); 0 WAL file(s) added, 0 removed, 0 recycled; write=0.013 s, sync=0.003 s, total=0.017 s; sync files=301, longest=0.001 s, average=0.001 s; distance=4273 kB, estimate=4273 kB; lsn=0/191F0F0, redo lsn=0/191F0F0
linux-sigterm	Stop containers	2026-09-20T23:31:28.6281870Z  2026-09-20 23:26:39.050 UTC [49] LOG:  database system is shut down
linux-sigterm	Stop containers	2026-09-20T23:31:28.6282197Z   done
linux-sigterm	Stop containers	2026-09-20T23:31:28.6282380Z  server stopped
linux-sigterm	Stop containers	2026-09-20T23:31:28.6282574Z  
linux-sigterm	Stop containers	2026-09-20T23:31:28.6283027Z  PostgreSQL init process complete; ready for start up.
linux-sigterm	Stop containers	2026-09-20T23:31:28.6283570Z  
linux-sigterm	Stop containers	2026-09-20T23:31:28.6284108Z  2026-09-20 23:27:34.585 UTC [168] STATEMENT:  INSERT INTO idempotency (account_id, key, status, body_hash, response) VALUES ($1,$2,0,$3,$4)
linux-sigterm	Stop containers	2026-09-20T23:31:28.6284877Z  2026-09-20 23:27:34.587 UTC [167] ERROR:  duplicate key value violates unique constraint "idempotency_pkey"
linux-sigterm	Stop containers	2026-09-20T23:31:28.6286023Z  2026-09-20 23:27:34.587 UTC [167] DETAIL:  Key (account_id, key)=(rc1-security-owner, c4efe1faaf8828b41be045f672ab801fc69f9b92983067774ab19a137ffe2ac0.fd9c03b54928594c7b2b47f85f80a3161bc9c948d3aaff4c1c21fbcd8ca81435) already exists.
linux-sigterm	Stop containers	2026-09-20T23:31:28.6287264Z  2026-09-20 23:27:34.587 UTC [167] STATEMENT:  INSERT INTO idempotency (account_id, key, status, body_hash, response) VALUES ($1,$2,0,$3,$4)
linux-sigterm	Stop containers	2026-09-20T23:31:28.6288012Z  2026-09-20 23:27:34.587 UTC [165] ERROR:  duplicate key value violates unique constraint "idempotency_pkey"
linux-sigterm	Stop containers	2026-09-20T23:31:28.6289170Z  2026-09-20 23:27:34.587 UTC [165] DETAIL:  Key (account_id, key)=(rc1-security-owner, c4efe1faaf8828b41be045f672ab801fc69f9b92983067774ab19a137ffe2ac0.fd9c03b54928594c7b2b47f85f80a3161bc9c948d3aaff4c1c21fbcd8ca81435) already exists.
linux-sigterm	Stop containers	2026-09-20T23:31:28.6290397Z  2026-09-20 23:27:34.587 UTC [165] STATEMENT:  INSERT INTO idempotency (account_id, key, status, body_hash, response) VALUES ($1,$2,0,$3,$4)
linux-sigterm	Stop containers	2026-09-20T23:31:28.6291132Z  2026-09-20 23:27:34.615 UTC [170] ERROR:  could not obtain lock on row in relation "player_command_boards"
linux-sigterm	Stop containers	2026-09-20T23:31:28.6291848Z  2026-09-20 23:27:34.615 UTC [170] STATEMENT:  SELECT id FROM player_command_boards WHERE id=$1 AND account_id=$2 FOR UPDATE NOWAIT
linux-sigterm	Stop containers	2026-09-20T23:31:28.6292564Z  2026-09-20 23:27:34.621 UTC [173] ERROR:  could not obtain lock on row in relation "player_command_boards"
linux-sigterm	Stop containers	2026-09-20T23:31:28.6293566Z  2026-09-20 23:27:34.621 UTC [173] STATEMENT:  SELECT id FROM player_command_boards WHERE id=$1 AND account_id=$2 FOR UPDATE NOWAIT
linux-sigterm	Stop containers	2026-09-20T23:31:28.6294286Z  2026-09-20 23:27:34.623 UTC [176] ERROR:  could not obtain lock on row in relation "player_command_boards"
linux-sigterm	Stop containers	2026-09-20T23:31:28.6294995Z  2026-09-20 23:27:34.623 UTC [176] STATEMENT:  SELECT id FROM player_command_boards WHERE id=$1 AND account_id=$2 FOR UPDATE NOWAIT
linux-sigterm	Stop containers	2026-09-20T23:31:28.6295854Z  2026-09-20 23:27:34.623 UTC [172] ERROR:  could not obtain lock on row in relation "player_command_boards"
linux-sigterm	Stop containers	2026-09-20T23:31:28.6296551Z  2026-09-20 23:27:34.623 UTC [172] STATEMENT:  SELECT id FROM player_command_boards WHERE id=$1 AND account_id=$2 FOR UPDATE NOWAIT
linux-sigterm	Stop containers	2026-09-20T23:31:28.6297247Z  2026-09-20 23:27:34.623 UTC [174] ERROR:  could not obtain lock on row in relation "player_command_boards"
linux-sigterm	Stop containers	2026-09-20T23:31:28.6297974Z  2026-09-20 23:27:34.623 UTC [174] STATEMENT:  SELECT id FROM player_command_boards WHERE id=$1 AND account_id=$2 FOR UPDATE NOWAIT
linux-sigterm	Stop containers	2026-09-20T23:31:28.6298683Z  2026-09-20 23:27:34.628 UTC [171] ERROR:  could not obtain lock on row in relation "player_command_boards"
linux-sigterm	Stop containers	2026-09-20T23:31:28.6299378Z  2026-09-20 23:27:34.628 UTC [171] STATEMENT:  SELECT id FROM player_command_boards WHERE id=$1 AND account_id=$2 FOR UPDATE NOWAIT
linux-sigterm	Stop containers	2026-09-20T23:31:28.6300189Z  2026-09-20 23:27:34.629 UTC [175] ERROR:  could not obtain lock on row in relation "player_command_boards"
linux-sigterm	Stop containers	2026-09-20T23:31:28.6300911Z  2026-09-20 23:27:34.629 UTC [175] STATEMENT:  SELECT id FROM player_command_boards WHERE id=$1 AND account_id=$2 FOR UPDATE NOWAIT
linux-sigterm	Stop containers	2026-09-20T23:31:28.6301640Z  2026-09-20 23:27:36.342 UTC [177] ERROR:  duplicate key value violates unique constraint "idempotency_pkey"
linux-sigterm	Stop containers	2026-09-20T23:31:28.6302997Z  2026-09-20 23:27:36.342 UTC [177] DETAIL:  Key (account_id, key)=(rc1-security-owner, c4efe1faaf8828b41be045f672ab801fc69f9b92983067774ab19a137ffe2ac0.fd9c03b54928594c7b2b47f85f80a3161bc9c948d3aaff4c1c21fbcd8ca81435) already exists.
linux-sigterm	Stop containers	2026-09-20T23:31:28.6304250Z  2026-09-20 23:27:36.342 UTC [177] STATEMENT:  INSERT INTO idempotency (account_id, key, status, body_hash, response) VALUES ($1,$2,0,$3,$4)
linux-sigterm	Stop containers	2026-09-20T23:31:28.6304918Z  2026-09-20 23:27:36.406 UTC [63] LOG:  checkpoint starting: immediate force wait
linux-sigterm	Stop containers	2026-09-20T23:31:28.6306028Z  2026-09-20 23:27:36.457 UTC [63] LOG:  checkpoint complete: wrote 964 buffers (5.9%); 0 WAL file(s) added, 0 removed, 2 recycled; write=0.007 s, sync=0.013 s, total=0.052 s; sync files=1855, longest=0.001 s, average=0.001 s; distance=29561 kB, estimate=29561 kB; lsn=0/35FD738, redo lsn=0/35FD700
linux-sigterm	Stop containers	2026-09-20T23:31:28.6307134Z  2026-09-20 23:27:39.081 UTC [187] FATAL:  role "root" does not exist
linux-sigterm	Stop containers	2026-09-20T23:31:28.6307539Z  2026-09-20 23:27:44.143 UTC [196] FATAL:  role "root" does not exist
linux-sigterm	Stop containers	2026-09-20T23:31:28.6307934Z  2026-09-20 23:27:49.210 UTC [205] FATAL:  role "root" does not exist
linux-sigterm	Stop containers	2026-09-20T23:31:28.6308316Z  2026-09-20 23:27:54.291 UTC [214] FATAL:  role "root" does not exist
linux-sigterm	Stop containers	2026-09-20T23:31:28.6308704Z  2026-09-20 23:27:59.380 UTC [222] FATAL:  role "root" does not exist
linux-sigterm	Stop containers	2026-09-20T23:31:28.6309109Z  2026-09-20 23:28:04.464 UTC [232] FATAL:  role "root" does not exist
linux-sigterm	Stop containers	2026-09-20T23:31:28.6309499Z  2026-09-20 23:28:09.556 UTC [242] FATAL:  role "root" does not exist
linux-sigterm	Stop containers	2026-09-20T23:31:28.6309897Z  2026-09-20 23:28:14.628 UTC [250] FATAL:  role "root" does not exist
linux-sigterm	Stop containers	2026-09-20T23:31:28.6310282Z  2026-09-20 23:28:19.723 UTC [259] FATAL:  role "root" does not exist
linux-sigterm	Stop containers	2026-09-20T23:31:28.6310674Z  2026-09-20 23:28:24.815 UTC [268] FATAL:  role "root" does not exist
linux-sigterm	Stop containers	2026-09-20T23:31:28.6311058Z  2026-09-20 23:28:29.918 UTC [276] FATAL:  role "root" does not exist
linux-sigterm	Stop containers	2026-09-20T23:31:28.6311444Z  2026-09-20 23:28:35.009 UTC [284] FATAL:  role "root" does not exist
linux-sigterm	Stop containers	2026-09-20T23:31:28.6311831Z  2026-09-20 23:28:40.115 UTC [294] FATAL:  role "root" does not exist
linux-sigterm	Stop containers	2026-09-20T23:31:28.6312219Z  2026-09-20 23:28:45.204 UTC [301] FATAL:  role "root" does not exist
linux-sigterm	Stop containers	2026-09-20T23:31:28.6312604Z  2026-09-20 23:28:50.287 UTC [309] FATAL:  role "root" does not exist
linux-sigterm	Stop containers	2026-09-20T23:31:28.6313235Z  2026-09-20 23:28:54.510 UTC [63] LOG:  checkpoint starting: immediate force wait
linux-sigterm	Stop containers	2026-09-20T23:31:28.6314334Z  2026-09-20 23:28:54.517 UTC [63] LOG:  checkpoint complete: wrote 419 buffers (2.6%); 0 WAL file(s) added, 0 removed, 1 recycled; write=0.004 s, sync=0.002 s, total=0.008 s; sync files=62, longest=0.001 s, average=0.001 s; distance=16986 kB, estimate=28303 kB; lsn=0/4694058, redo lsn=0/4694020
linux-sigterm	Stop containers	2026-09-20T23:31:28.6315523Z  2026-09-20 23:28:55.363 UTC [323] FATAL:  role "root" does not exist
linux-sigterm	Stop containers	2026-09-20T23:31:28.6315912Z  2026-09-20 23:29:00.436 UTC [360] FATAL:  role "root" does not exist
linux-sigterm	Stop containers	2026-09-20T23:31:28.6316341Z  2026-09-20 23:29:04.035 UTC [63] LOG:  checkpoint starting: immediate force wait
linux-sigterm	Stop containers	2026-09-20T23:31:28.6317439Z  2026-09-20 23:29:04.157 UTC [63] LOG:  checkpoint complete: wrote 4586 buffers (28.0%); 0 WAL file(s) added, 0 removed, 3 recycled; write=0.054 s, sync=0.065 s, total=0.122 s; sync files=4464, longest=0.036 s, average=0.001 s; distance=47330 kB, estimate=47330 kB; lsn=0/74CCB08, redo lsn=0/74CCAD0
linux-sigterm	Stop containers	2026-09-20T23:31:28.6318531Z  2026-09-20 23:29:04.244 UTC [63] LOG:  checkpoint starting: immediate force wait
linux-sigterm	Stop containers	2026-09-20T23:31:28.6319578Z  2026-09-20 23:29:04.247 UTC [63] LOG:  checkpoint complete: wrote 2 buffers (0.0%); 0 WAL file(s) added, 0 removed, 0 recycled; write=0.001 s, sync=0.001 s, total=0.004 s; sync files=2, longest=0.001 s, average=0.001 s; distance=2 kB, estimate=42597 kB; lsn=0/74CD3A0, redo lsn=0/74CD368
linux-sigterm	Stop containers	2026-09-20T23:31:28.6320742Z  2026-09-20 23:29:04.337 UTC [63] LOG:  checkpoint starting: immediate force wait
linux-sigterm	Stop containers	2026-09-20T23:31:28.6321783Z  2026-09-20 23:29:04.340 UTC [63] LOG:  checkpoint complete: wrote 2 buffers (0.0%); 0 WAL file(s) added, 0 removed, 0 recycled; write=0.001 s, sync=0.001 s, total=0.004 s; sync files=2, longest=0.001 s, average=0.001 s; distance=2 kB, estimate=38338 kB; lsn=0/74CDC38, redo lsn=0/74CDC00
linux-sigterm	Stop containers	2026-09-20T23:31:28.6323039Z  2026-09-20 23:29:04.431 UTC [63] LOG:  checkpoint starting: immediate force wait
linux-sigterm	Stop containers	2026-09-20T23:31:28.6324107Z  2026-09-20 23:29:04.434 UTC [63] LOG:  checkpoint complete: wrote 2 buffers (0.0%); 0 WAL file(s) added, 0 removed, 0 recycled; write=0.001 s, sync=0.001 s, total=0.004 s; sync files=2, longest=0.001 s, average=0.001 s; distance=2 kB, estimate=34504 kB; lsn=0/74CE4E8, redo lsn=0/74CE4B0
linux-sigterm	Stop containers	2026-09-20T23:31:28.6325143Z  2026-09-20 23:29:05.518 UTC [384] FATAL:  role "root" does not exist
linux-sigterm	Stop containers	2026-09-20T23:31:28.6325558Z  2026-09-20 23:29:10.583 UTC [397] FATAL:  role "root" does not exist
linux-sigterm	Stop containers	2026-09-20T23:31:28.6325977Z  2026-09-20 23:29:15.647 UTC [406] FATAL:  role "root" does not exist
linux-sigterm	Stop containers	2026-09-20T23:31:28.6326414Z  2026-09-20 23:29:18.319 UTC [389] ERROR:  canceling statement due to lock timeout
linux-sigterm	Stop containers	2026-09-20T23:31:28.6326954Z  2026-09-20 23:29:18.319 UTC [389] CONTEXT:  SQL statement "SELECT pg_advisory_xact_lock(1901000, 2)"
linux-sigterm	Stop containers	2026-09-20T23:31:28.6327468Z  	PL/pgSQL function rc1_heartbeat_barrier() line 2 at PERFORM
linux-sigterm	Stop containers	2026-09-20T23:31:28.6327981Z  2026-09-20 23:29:18.319 UTC [389] STATEMENT:  UPDATE worker_heartbeat SET beat_at = now() WHERE id = 1
linux-sigterm	Stop containers	2026-09-20T23:31:28.6328528Z  2026-09-20 23:29:18.358 UTC [386] ERROR:  canceling statement due to lock timeout
linux-sigterm	Stop containers	2026-09-20T23:31:28.6329057Z  2026-09-20 23:29:18.358 UTC [386] CONTEXT:  SQL statement "SELECT pg_advisory_xact_lock(1901000, 1)"
linux-sigterm	Stop containers	2026-09-20T23:31:28.6329553Z  	PL/pgSQL function rc1_target_barrier() line 2 at PERFORM
linux-sigterm	Stop containers	2026-09-20T23:31:28.6330187Z  2026-09-20 23:29:18.358 UTC [386] STATEMENT:  INSERT INTO director_selections(id,mode,evaluated_at,facts_json,candidates_json,selected_json)
linux-sigterm	Stop containers	2026-09-20T23:31:28.6330777Z  	          VALUES($1,$2,$3,$4,$5,$6)
linux-sigterm	Stop containers	2026-09-20T23:31:28.6331108Z  2026-09-20 23:29:20.708 UTC [416] FATAL:  role "root" does not exist
linux-sigterm	Stop containers	2026-09-20T23:31:28.6331504Z  2026-09-20 23:29:25.769 UTC [424] FATAL:  role "root" does not exist
linux-sigterm	Stop containers	2026-09-20T23:31:28.6331939Z  2026-09-20 23:29:28.492 UTC [409] ERROR:  canceling statement due to lock timeout
linux-sigterm	Stop containers	2026-09-20T23:31:28.6332466Z  2026-09-20 23:29:28.492 UTC [409] CONTEXT:  SQL statement "SELECT pg_advisory_xact_lock(1901000, 2)"
linux-sigterm	Stop containers	2026-09-20T23:31:28.6333221Z  	PL/pgSQL function rc1_heartbeat_barrier() line 2 at PERFORM
linux-sigterm	Stop containers	2026-09-20T23:31:28.6333749Z  2026-09-20 23:29:28.492 UTC [409] STATEMENT:  UPDATE worker_heartbeat SET beat_at = now() WHERE id = 1
linux-sigterm	Stop containers	2026-09-20T23:31:28.6334273Z  2026-09-20 23:29:30.830 UTC [435] FATAL:  role "root" does not exist
linux-sigterm	Stop containers	2026-09-20T23:31:28.6334661Z  2026-09-20 23:29:35.893 UTC [443] FATAL:  role "root" does not exist
linux-sigterm	Stop containers	2026-09-20T23:31:28.6335225Z  2026-09-20 23:29:38.605 UTC [426] ERROR:  canceling statement due to lock timeout
linux-sigterm	Stop containers	2026-09-20T23:31:28.6335750Z  2026-09-20 23:29:38.605 UTC [426] CONTEXT:  SQL statement "SELECT pg_advisory_xact_lock(1901000, 2)"
linux-sigterm	Stop containers	2026-09-20T23:31:28.6336238Z  	PL/pgSQL function rc1_heartbeat_barrier() line 2 at PERFORM
linux-sigterm	Stop containers	2026-09-20T23:31:28.6336735Z  2026-09-20 23:29:38.605 UTC [426] STATEMENT:  UPDATE worker_heartbeat SET beat_at = now() WHERE id = 1
linux-sigterm	Stop containers	2026-09-20T23:31:28.6337231Z  2026-09-20 23:29:40.974 UTC [455] FATAL:  role "root" does not exist
linux-sigterm	Stop containers	2026-09-20T23:31:28.6337623Z  2026-09-20 23:29:46.037 UTC [467] FATAL:  role "root" does not exist
linux-sigterm	Stop containers	2026-09-20T23:31:28.6338007Z  2026-09-20 23:29:51.100 UTC [475] FATAL:  role "root" does not exist
linux-sigterm	Stop containers	2026-09-20T23:31:28.6338544Z  2026-09-20 23:29:51.842 UTC [458] ERROR:  canceling statement due to lock timeout
linux-sigterm	Stop containers	2026-09-20T23:31:28.6339061Z  2026-09-20 23:29:51.842 UTC [458] CONTEXT:  SQL statement "SELECT pg_advisory_xact_lock(1901001, 2)"
linux-sigterm	Stop containers	2026-09-20T23:31:28.6339555Z  	PL/pgSQL function rc1_heartbeat_barrier() line 2 at PERFORM
linux-sigterm	Stop containers	2026-09-20T23:31:28.6340044Z  2026-09-20 23:29:51.842 UTC [458] STATEMENT:  UPDATE worker_heartbeat SET beat_at = now() WHERE id = 1
linux-sigterm	Stop containers	2026-09-20T23:31:28.6340580Z  2026-09-20 23:29:51.872 UTC [456] ERROR:  canceling statement due to lock timeout
linux-sigterm	Stop containers	2026-09-20T23:31:28.6341089Z  2026-09-20 23:29:51.872 UTC [456] CONTEXT:  SQL statement "SELECT pg_advisory_xact_lock(1901001, 1)"
linux-sigterm	Stop containers	2026-09-20T23:31:28.6341587Z  	PL/pgSQL function rc1_target_barrier() line 2 at PERFORM
linux-sigterm	Stop containers	2026-09-20T23:31:28.6342191Z  2026-09-20 23:29:51.872 UTC [456] STATEMENT:  UPDATE director_campaigns SET node_id=$2,status=$3,revision=$4,updated_at=$5 WHERE id=$1
linux-sigterm	Stop containers	2026-09-20T23:31:28.6343065Z  2026-09-20 23:29:56.162 UTC [486] FATAL:  role "root" does not exist
linux-sigterm	Stop containers	2026-09-20T23:31:28.6343499Z  2026-09-20 23:30:01.224 UTC [494] FATAL:  role "root" does not exist
linux-sigterm	Stop containers	2026-09-20T23:31:28.6343937Z  2026-09-20 23:30:01.979 UTC [478] ERROR:  canceling statement due to lock timeout
linux-sigterm	Stop containers	2026-09-20T23:31:28.6344469Z  2026-09-20 23:30:01.979 UTC [478] CONTEXT:  SQL statement "SELECT pg_advisory_xact_lock(1901001, 2)"
linux-sigterm	Stop containers	2026-09-20T23:31:28.6344969Z  	PL/pgSQL function rc1_heartbeat_barrier() line 2 at PERFORM
linux-sigterm	Stop containers	2026-09-20T23:31:28.6345478Z  2026-09-20 23:30:01.979 UTC [478] STATEMENT:  UPDATE worker_heartbeat SET beat_at = now() WHERE id = 1
linux-sigterm	Stop containers	2026-09-20T23:31:28.6345982Z  2026-09-20 23:30:06.286 UTC [506] FATAL:  role "root" does not exist
linux-sigterm	Stop containers	2026-09-20T23:31:28.6346377Z  2026-09-20 23:30:11.348 UTC [514] FATAL:  role "root" does not exist
linux-sigterm	Stop containers	2026-09-20T23:31:28.6346801Z  2026-09-20 23:30:12.084 UTC [497] ERROR:  canceling statement due to lock timeout
linux-sigterm	Stop containers	2026-09-20T23:31:28.6347325Z  2026-09-20 23:30:12.084 UTC [497] CONTEXT:  SQL statement "SELECT pg_advisory_xact_lock(1901001, 2)"
linux-sigterm	Stop containers	2026-09-20T23:31:28.6347823Z  	PL/pgSQL function rc1_heartbeat_barrier() line 2 at PERFORM
linux-sigterm	Stop containers	2026-09-20T23:31:28.6348324Z  2026-09-20 23:30:12.084 UTC [497] STATEMENT:  UPDATE worker_heartbeat SET beat_at = now() WHERE id = 1
linux-sigterm	Stop containers	2026-09-20T23:31:28.6348829Z  2026-09-20 23:30:16.429 UTC [527] FATAL:  role "root" does not exist
linux-sigterm	Stop containers	2026-09-20T23:31:28.6349224Z  2026-09-20 23:30:21.515 UTC [538] FATAL:  role "root" does not exist
linux-sigterm	Stop containers	2026-09-20T23:31:28.6349737Z  2026-09-20 23:30:21.594 UTC [530] ERROR:  duplicate key value violates unique constraint "idempotency_pkey"
linux-sigterm	Stop containers	2026-09-20T23:31:28.6350871Z  2026-09-20 23:30:21.594 UTC [530] DETAIL:  Key (account_id, key)=(rc1_shutdown_2-aBoss, 06341fe5127b5025dec71640ca7020ae5dd854b4f5f643f49b3773171cf2afcc.87b39d66fc3d04ad94d8305e67c795e6cb85530a7e4b3f18c305d0f7e1a4dd69) already exists.
linux-sigterm	Stop containers	2026-09-20T23:31:28.6352093Z  2026-09-20 23:30:21.594 UTC [530] STATEMENT:  INSERT INTO idempotency (account_id, key, status, body_hash, response) VALUES ($1,$2,0,$3,$4)
linux-sigterm	Stop containers	2026-09-20T23:31:28.6352726Z  2026-09-20 23:30:26.599 UTC [552] FATAL:  role "root" does not exist
linux-sigterm	Stop containers	2026-09-20T23:31:28.6353473Z  2026-09-20 23:30:31.295 UTC [555] ERROR:  duplicate key value violates unique constraint "idempotency_pkey"
linux-sigterm	Stop containers	2026-09-20T23:31:28.6354747Z  2026-09-20 23:30:31.295 UTC [555] DETAIL:  Key (account_id, key)=(rc1_shutdown_3-aBoss, 3fd29a9e2385f5ead39c94c34ab12669fb93f266c2f2b9afe6b3229ba7b983d5.95edab5884be0cbb4f56c11056d1be1ac4d66701ce5db1fafc54982e10330654) already exists.
linux-sigterm	Stop containers	2026-09-20T23:31:28.6355971Z  2026-09-20 23:30:31.295 UTC [555] STATEMENT:  INSERT INTO idempotency (account_id, key, status, body_hash, response) VALUES ($1,$2,0,$3,$4)
linux-sigterm	Stop containers	2026-09-20T23:31:28.6356589Z  2026-09-20 23:30:31.661 UTC [564] FATAL:  role "root" does not exist
linux-sigterm	Stop containers	2026-09-20T23:31:28.6356977Z  2026-09-20 23:30:36.744 UTC [576] FATAL:  role "root" does not exist
linux-sigterm	Stop containers	2026-09-20T23:31:28.6357485Z  2026-09-20 23:30:40.812 UTC [579] ERROR:  duplicate key value violates unique constraint "idempotency_pkey"
linux-sigterm	Stop containers	2026-09-20T23:31:28.6358587Z  2026-09-20 23:30:40.812 UTC [579] DETAIL:  Key (account_id, key)=(rc1_shutdown_4-aBoss, 94e75ab361956202765a0e2dbdf060c0854e3084f6568872653fe9a4ca41fa08.6b36cd306497a7b2b7940ddfd69ba60cdafc44c1b1654b0d98df3a6d1c5f0e0c) already exists.
linux-sigterm	Stop containers	2026-09-20T23:31:28.6359904Z  2026-09-20 23:30:40.812 UTC [579] STATEMENT:  INSERT INTO idempotency (account_id, key, status, body_hash, response) VALUES ($1,$2,0,$3,$4)
linux-sigterm	Stop containers	2026-09-20T23:31:28.6360516Z  2026-09-20 23:30:41.816 UTC [590] FATAL:  role "root" does not exist
linux-sigterm	Stop containers	2026-09-20T23:31:28.6360909Z  2026-09-20 23:30:46.880 UTC [602] FATAL:  role "root" does not exist
linux-sigterm	Stop containers	2026-09-20T23:31:28.6361414Z  2026-09-20 23:30:49.863 UTC [603] ERROR:  duplicate key value violates unique constraint "idempotency_pkey"
linux-sigterm	Stop containers	2026-09-20T23:31:28.6362525Z  2026-09-20 23:30:49.863 UTC [603] DETAIL:  Key (account_id, key)=(rc1_shutdown_5-aRunner, 15f659e3c0092b0baf8ffa07576528325a485cc39eb37668000409acc117ca84.511e674b41efe2112a2544c4760e915a3f11acbb26dab797a72a0406db2d4ec9) already exists.
linux-sigterm	Stop containers	2026-09-20T23:31:28.6364443Z  2026-09-20 23:30:49.863 UTC [603] STATEMENT:  INSERT INTO idempotency (account_id, key, status, body_hash, response) VALUES ($1,$2,0,$3,$4)
linux-sigterm	Stop containers	2026-09-20T23:31:28.6365085Z  2026-09-20 23:30:51.966 UTC [616] FATAL:  role "root" does not exist
linux-sigterm	Stop containers	2026-09-20T23:31:28.6365484Z  2026-09-20 23:30:57.034 UTC [627] FATAL:  role "root" does not exist
linux-sigterm	Stop containers	2026-09-20T23:31:28.6366001Z  2026-09-20 23:30:59.377 UTC [628] ERROR:  duplicate key value violates unique constraint "idempotency_pkey"
linux-sigterm	Stop containers	2026-09-20T23:31:28.6367130Z  2026-09-20 23:30:59.377 UTC [628] DETAIL:  Key (account_id, key)=(rc1_shutdown_6-aBoss, 3dd28313e9ce443f89cbc0accc15becb8476d070c69144807e51e6e1f732f1ca.8dc8ae9cb2d917890528559ce7b5db71a760ce6d9335eb53f77c3535713a2a69) already exists.
linux-sigterm	Stop containers	2026-09-20T23:31:28.6368348Z  2026-09-20 23:30:59.377 UTC [628] STATEMENT:  INSERT INTO idempotency (account_id, key, status, body_hash, response) VALUES ($1,$2,0,$3,$4)
linux-sigterm	Stop containers	2026-09-20T23:31:28.6368959Z  2026-09-20 23:31:02.114 UTC [640] FATAL:  role "root" does not exist
linux-sigterm	Stop containers	2026-09-20T23:31:28.6369355Z  2026-09-20 23:31:07.200 UTC [653] FATAL:  role "root" does not exist
linux-sigterm	Stop containers	2026-09-20T23:31:28.6369864Z  2026-09-20 23:31:09.003 UTC [645] ERROR:  duplicate key value violates unique constraint "idempotency_pkey"
linux-sigterm	Stop containers	2026-09-20T23:31:28.6371003Z  2026-09-20 23:31:09.003 UTC [645] DETAIL:  Key (account_id, key)=(rc1_shutdown_7-aBoss, c282bce1a47105759c22ba199fa959ca391ace0dd18e5b0ff4da20d4f951ba89.b9e542c6b76810cef1e58123d19d3ddb6ad0df6784cbdbcfb88e7a04dda89d76) already exists.
linux-sigterm	Stop containers	2026-09-20T23:31:28.6372225Z  2026-09-20 23:31:09.003 UTC [645] STATEMENT:  INSERT INTO idempotency (account_id, key, status, body_hash, response) VALUES ($1,$2,0,$3,$4)
linux-sigterm	Stop containers	2026-09-20T23:31:28.6373180Z  2026-09-20 23:31:12.273 UTC [665] FATAL:  role "root" does not exist
linux-sigterm	Stop containers	2026-09-20T23:31:28.6373587Z  2026-09-20 23:31:17.335 UTC [676] FATAL:  role "root" does not exist
linux-sigterm	Stop containers	2026-09-20T23:31:28.6374026Z  2026-09-20 23:31:22.271 UTC [668] ERROR:  canceling statement due to lock timeout
linux-sigterm	Stop containers	2026-09-20T23:31:28.6374559Z  2026-09-20 23:31:22.271 UTC [668] CONTEXT:  SQL statement "SELECT pg_advisory_xact_lock(1901008, 1)"
linux-sigterm	Stop containers	2026-09-20T23:31:28.6375074Z  	PL/pgSQL function rc1_target_barrier() line 2 at PERFORM
linux-sigterm	Stop containers	2026-09-20T23:31:28.6375628Z  2026-09-20 23:31:22.271 UTC [668] STATEMENT:  UPDATE npc_wars SET resolved=true WHERE attacker_gang=$1 AND npc_gang=$2
linux-sigterm	Stop containers	2026-09-20T23:31:28.6376377Z  2026-09-20 23:31:22.407 UTC [684] FATAL:  role "root" does not exist
linux-sigterm	Stop containers	2026-09-20T23:31:28.6376778Z  2026-09-20 23:31:27.473 UTC [699] FATAL:  role "root" does not exist
linux-sigterm	Stop containers	2026-09-20T23:31:28.6383468Z Stop and remove container: 5f75fb48e09b4d388c17e6a344b4f9bb_postgres16_77e4e5
linux-sigterm	Stop containers	2026-09-20T23:31:28.6388506Z ##[command]/usr/bin/docker rm --force a487915c8f3d4b4ac45dccc99d315ae4e6e296afe05f2c58789360bc4d13d581
linux-sigterm	Stop containers	2026-09-20T23:31:28.7779617Z a487915c8f3d4b4ac45dccc99d315ae4e6e296afe05f2c58789360bc4d13d581
linux-sigterm	Stop containers	2026-09-20T23:31:28.7807842Z Remove container network: github_network_3dd619701cb441c89c4cf5cb2edbe8c4
linux-sigterm	Stop containers	2026-09-20T23:31:28.7812679Z ##[command]/usr/bin/docker network rm github_network_3dd619701cb441c89c4cf5cb2edbe8c4
linux-sigterm	Stop containers	2026-09-20T23:31:28.8879350Z github_network_3dd619701cb441c89c4cf5cb2edbe8c4
linux-sigterm	Complete job	﻿2026-09-20T23:31:28.8957084Z Cleaning up orphan processes
linux-sigterm	Complete job	2026-09-20T23:31:28.9391799Z ##[warning]Node.js 20 is deprecated. The following actions target Node.js 20 but are being forced to run on Node.js 24: actions/upload-artifact@v4. For more information see: https://github.blog/changelog/2025-09-19-deprecation-of-node-20-on-github-actions-runners/
