⚠️  preflight: Neither PUBLIC_URL nor SOCIAL_GAME_URL is set — every referral link, share prompt and social card will point at the built-in default domain, not yours. Set PUBLIC_URL to this server's own origin (it is also what one-click X sign-in derives its callback from).
⚠️  preflight: INVARIANT_WEBHOOK_URL is not set — the §10.4 economy-drift, backup-failure, oracle-halt and real-value-invariant alarms have nowhere to shout and reach only a log line. Set it (a Slack/Discord webhook) on BOTH processes: the worker fires most alarms, and the API is the only one that can page when the WORKER is dead.
[db] Postgres ready — column migration ran 2956 ADD COLUMN IF NOT EXISTS statements.
{"phase":"created","players":25,"assertions":1430}
{"component":"player-command","phase":"request","correlationId":"879a1557-6311-4996-b581-a4ae674c1745"}
{"component":"player-command","phase":"authorization","correlationId":"879a1557-6311-4996-b581-a4ae674c1745","outcome":"allowed"}
{"component":"player-command","phase":"response","correlationId":"879a1557-6311-4996-b581-a4ae674c1745","statusCode":200,"elapsedMs":81}
{"component":"player-command","phase":"request","correlationId":"d19875cd-34c2-4317-b9b9-e07254d80a62"}
{"component":"player-command","phase":"authorization","correlationId":"d19875cd-34c2-4317-b9b9-e07254d80a62","outcome":"allowed"}
{"component":"player-command","phase":"command","correlationId":"d19875cd-34c2-4317-b9b9-e07254d80a62"}
{"component":"player-command","phase":"mutation","correlationId":"d19875cd-34c2-4317-b9b9-e07254d80a62","outcome":"completed","replayed":false}
{"component":"player-command","phase":"consequence","correlationId":"d19875cd-34c2-4317-b9b9-e07254d80a62","replayed":false,"changes":2}
{"component":"player-command","phase":"opportunity","correlationId":"d19875cd-34c2-4317-b9b9-e07254d80a62","replayed":false,"changes":2}
{"component":"player-command","phase":"response","correlationId":"d19875cd-34c2-4317-b9b9-e07254d80a62","statusCode":200,"elapsedMs":216}
{"component":"player-command","phase":"request","correlationId":"b57708ed-6575-464b-b132-eb39f3ee9ad6"}
{"component":"player-command","phase":"authorization","correlationId":"b57708ed-6575-464b-b132-eb39f3ee9ad6","outcome":"allowed"}
{"component":"player-command","phase":"command","correlationId":"b57708ed-6575-464b-b132-eb39f3ee9ad6"}
{"component":"player-command","phase":"mutation","correlationId":"b57708ed-6575-464b-b132-eb39f3ee9ad6","outcome":"completed","replayed":true}
{"component":"player-command","phase":"consequence","correlationId":"b57708ed-6575-464b-b132-eb39f3ee9ad6","replayed":true,"changes":0}
{"component":"player-command","phase":"opportunity","correlationId":"b57708ed-6575-464b-b132-eb39f3ee9ad6","replayed":true,"changes":0}
{"component":"player-command","phase":"response","correlationId":"b57708ed-6575-464b-b132-eb39f3ee9ad6","statusCode":200,"elapsedMs":41}
{"component":"player-command","phase":"request","correlationId":"87a466de-c24c-435a-87c4-1eb6d79fae97"}
{"component":"player-command","phase":"authorization","correlationId":"87a466de-c24c-435a-87c4-1eb6d79fae97","outcome":"allowed"}
{"component":"player-command","phase":"response","correlationId":"87a466de-c24c-435a-87c4-1eb6d79fae97","statusCode":200,"elapsedMs":59}
{"component":"player-command","phase":"request","correlationId":"99d43f4c-5fa4-4f0e-8993-2d8a975e25f4"}
{"component":"player-command","phase":"authorization","correlationId":"99d43f4c-5fa4-4f0e-8993-2d8a975e25f4","outcome":"allowed"}
{"component":"player-command","phase":"command","correlationId":"99d43f4c-5fa4-4f0e-8993-2d8a975e25f4"}
{"component":"player-command","phase":"mutation","correlationId":"99d43f4c-5fa4-4f0e-8993-2d8a975e25f4","outcome":"completed","replayed":false}
{"component":"player-command","phase":"consequence","correlationId":"99d43f4c-5fa4-4f0e-8993-2d8a975e25f4","replayed":false,"changes":2}
{"component":"player-command","phase":"opportunity","correlationId":"99d43f4c-5fa4-4f0e-8993-2d8a975e25f4","replayed":false,"changes":2}
{"component":"player-command","phase":"response","correlationId":"99d43f4c-5fa4-4f0e-8993-2d8a975e25f4","statusCode":200,"elapsedMs":80}
{"component":"player-command","phase":"request","correlationId":"85e68c32-30a6-4675-b2ef-35f870afd852"}
{"component":"player-command","phase":"authorization","correlationId":"85e68c32-30a6-4675-b2ef-35f870afd852","outcome":"allowed"}
{"component":"player-command","phase":"command","correlationId":"85e68c32-30a6-4675-b2ef-35f870afd852"}
{"component":"player-command","phase":"mutation","correlationId":"85e68c32-30a6-4675-b2ef-35f870afd852","outcome":"completed","replayed":true}
{"component":"player-command","phase":"consequence","correlationId":"85e68c32-30a6-4675-b2ef-35f870afd852","replayed":true,"changes":0}
{"component":"player-command","phase":"opportunity","correlationId":"85e68c32-30a6-4675-b2ef-35f870afd852","replayed":true,"changes":0}
{"component":"player-command","phase":"response","correlationId":"85e68c32-30a6-4675-b2ef-35f870afd852","statusCode":200,"elapsedMs":32}
{"component":"player-command","phase":"request","correlationId":"8ca9ead3-74db-422f-b180-1e1aed0a3dd4"}
{"component":"player-command","phase":"authorization","correlationId":"8ca9ead3-74db-422f-b180-1e1aed0a3dd4","outcome":"allowed"}
{"component":"player-command","phase":"response","correlationId":"8ca9ead3-74db-422f-b180-1e1aed0a3dd4","statusCode":200,"elapsedMs":63}
{"component":"player-command","phase":"request","correlationId":"0628b5de-4f31-4e05-af15-08ffea7bd815"}
{"component":"player-command","phase":"authorization","correlationId":"0628b5de-4f31-4e05-af15-08ffea7bd815","outcome":"allowed"}
{"component":"player-command","phase":"command","correlationId":"0628b5de-4f31-4e05-af15-08ffea7bd815"}
{"component":"player-command","phase":"mutation","correlationId":"0628b5de-4f31-4e05-af15-08ffea7bd815","outcome":"completed","replayed":false}
{"component":"player-command","phase":"consequence","correlationId":"0628b5de-4f31-4e05-af15-08ffea7bd815","replayed":false,"changes":2}
{"component":"player-command","phase":"opportunity","correlationId":"0628b5de-4f31-4e05-af15-08ffea7bd815","replayed":false,"changes":2}
{"component":"player-command","phase":"response","correlationId":"0628b5de-4f31-4e05-af15-08ffea7bd815","statusCode":200,"elapsedMs":87}
{"component":"player-command","phase":"request","correlationId":"3685c9ad-2daf-49fe-a813-cf943d64e40c"}
{"component":"player-command","phase":"authorization","correlationId":"3685c9ad-2daf-49fe-a813-cf943d64e40c","outcome":"allowed"}
{"component":"player-command","phase":"command","correlationId":"3685c9ad-2daf-49fe-a813-cf943d64e40c"}
{"component":"player-command","phase":"mutation","correlationId":"3685c9ad-2daf-49fe-a813-cf943d64e40c","outcome":"completed","replayed":true}
{"component":"player-command","phase":"consequence","correlationId":"3685c9ad-2daf-49fe-a813-cf943d64e40c","replayed":true,"changes":0}
{"component":"player-command","phase":"opportunity","correlationId":"3685c9ad-2daf-49fe-a813-cf943d64e40c","replayed":true,"changes":0}
{"component":"player-command","phase":"response","correlationId":"3685c9ad-2daf-49fe-a813-cf943d64e40c","statusCode":200,"elapsedMs":42}
{"component":"player-command","phase":"request","correlationId":"c9b6f468-4889-47e5-8ee7-6e987761f2c5"}
{"component":"player-command","phase":"authorization","correlationId":"c9b6f468-4889-47e5-8ee7-6e987761f2c5","outcome":"allowed"}
{"component":"player-command","phase":"response","correlationId":"c9b6f468-4889-47e5-8ee7-6e987761f2c5","statusCode":200,"elapsedMs":58}
{"component":"player-command","phase":"request","correlationId":"c596509e-3db6-4ec5-90dc-64fafa672cc0"}
{"component":"player-command","phase":"authorization","correlationId":"c596509e-3db6-4ec5-90dc-64fafa672cc0","outcome":"allowed"}
{"component":"player-command","phase":"command","correlationId":"c596509e-3db6-4ec5-90dc-64fafa672cc0"}
{"component":"player-command","phase":"mutation","correlationId":"c596509e-3db6-4ec5-90dc-64fafa672cc0","outcome":"completed","replayed":false}
{"component":"player-command","phase":"consequence","correlationId":"c596509e-3db6-4ec5-90dc-64fafa672cc0","replayed":false,"changes":2}
{"component":"player-command","phase":"opportunity","correlationId":"c596509e-3db6-4ec5-90dc-64fafa672cc0","replayed":false,"changes":2}
{"component":"player-command","phase":"response","correlationId":"c596509e-3db6-4ec5-90dc-64fafa672cc0","statusCode":200,"elapsedMs":71}
{"component":"player-command","phase":"request","correlationId":"8ebaa092-0d9b-4c7d-8c76-fc5c976c59dd"}
{"component":"player-command","phase":"authorization","correlationId":"8ebaa092-0d9b-4c7d-8c76-fc5c976c59dd","outcome":"allowed"}
{"component":"player-command","phase":"command","correlationId":"8ebaa092-0d9b-4c7d-8c76-fc5c976c59dd"}
{"component":"player-command","phase":"mutation","correlationId":"8ebaa092-0d9b-4c7d-8c76-fc5c976c59dd","outcome":"completed","replayed":true}
{"component":"player-command","phase":"consequence","correlationId":"8ebaa092-0d9b-4c7d-8c76-fc5c976c59dd","replayed":true,"changes":0}
{"component":"player-command","phase":"opportunity","correlationId":"8ebaa092-0d9b-4c7d-8c76-fc5c976c59dd","replayed":true,"changes":0}
{"component":"player-command","phase":"response","correlationId":"8ebaa092-0d9b-4c7d-8c76-fc5c976c59dd","statusCode":200,"elapsedMs":27}
{"component":"player-command","phase":"request","correlationId":"37d27d34-dc72-470f-9f61-9b13e5793b72"}
{"component":"player-command","phase":"authorization","correlationId":"37d27d34-dc72-470f-9f61-9b13e5793b72","outcome":"allowed"}
{"component":"player-command","phase":"response","correlationId":"37d27d34-dc72-470f-9f61-9b13e5793b72","statusCode":200,"elapsedMs":54}
{"component":"player-command","phase":"request","correlationId":"9d8b4c1e-5eaa-4705-8d6c-5bd28ae94e1f"}
{"component":"player-command","phase":"authorization","correlationId":"9d8b4c1e-5eaa-4705-8d6c-5bd28ae94e1f","outcome":"allowed"}
{"component":"player-command","phase":"command","correlationId":"9d8b4c1e-5eaa-4705-8d6c-5bd28ae94e1f"}
{"component":"player-command","phase":"mutation","correlationId":"9d8b4c1e-5eaa-4705-8d6c-5bd28ae94e1f","outcome":"completed","replayed":false}
{"component":"player-command","phase":"consequence","correlationId":"9d8b4c1e-5eaa-4705-8d6c-5bd28ae94e1f","replayed":false,"changes":2}
{"component":"player-command","phase":"opportunity","correlationId":"9d8b4c1e-5eaa-4705-8d6c-5bd28ae94e1f","replayed":false,"changes":2}
{"component":"player-command","phase":"response","correlationId":"9d8b4c1e-5eaa-4705-8d6c-5bd28ae94e1f","statusCode":200,"elapsedMs":76}
{"component":"player-command","phase":"request","correlationId":"286cb74e-804d-41cc-bdda-1e6a7bf0ad8f"}
{"component":"player-command","phase":"authorization","correlationId":"286cb74e-804d-41cc-bdda-1e6a7bf0ad8f","outcome":"allowed"}
{"component":"player-command","phase":"command","correlationId":"286cb74e-804d-41cc-bdda-1e6a7bf0ad8f"}
{"component":"player-command","phase":"mutation","correlationId":"286cb74e-804d-41cc-bdda-1e6a7bf0ad8f","outcome":"completed","replayed":true}
{"component":"player-command","phase":"consequence","correlationId":"286cb74e-804d-41cc-bdda-1e6a7bf0ad8f","replayed":true,"changes":0}
{"component":"player-command","phase":"opportunity","correlationId":"286cb74e-804d-41cc-bdda-1e6a7bf0ad8f","replayed":true,"changes":0}
{"component":"player-command","phase":"response","correlationId":"286cb74e-804d-41cc-bdda-1e6a7bf0ad8f","statusCode":200,"elapsedMs":30}
{"component":"player-command","phase":"request","correlationId":"88beb75c-0dcc-40f4-b63c-8b8905fe889b"}
{"component":"player-command","phase":"authorization","correlationId":"88beb75c-0dcc-40f4-b63c-8b8905fe889b","outcome":"allowed"}
{"component":"player-command","phase":"response","correlationId":"88beb75c-0dcc-40f4-b63c-8b8905fe889b","statusCode":200,"elapsedMs":60}
{"component":"player-command","phase":"request","correlationId":"f9d7f42a-5ef5-4cb8-aee0-fe7668a63811"}
{"component":"player-command","phase":"authorization","correlationId":"f9d7f42a-5ef5-4cb8-aee0-fe7668a63811","outcome":"allowed"}
{"component":"player-command","phase":"command","correlationId":"f9d7f42a-5ef5-4cb8-aee0-fe7668a63811"}
{"component":"player-command","phase":"mutation","correlationId":"f9d7f42a-5ef5-4cb8-aee0-fe7668a63811","outcome":"completed","replayed":false}
{"component":"player-command","phase":"consequence","correlationId":"f9d7f42a-5ef5-4cb8-aee0-fe7668a63811","replayed":false,"changes":2}
{"component":"player-command","phase":"opportunity","correlationId":"f9d7f42a-5ef5-4cb8-aee0-fe7668a63811","replayed":false,"changes":2}
{"component":"player-command","phase":"response","correlationId":"f9d7f42a-5ef5-4cb8-aee0-fe7668a63811","statusCode":200,"elapsedMs":69}
{"component":"player-command","phase":"request","correlationId":"401c7a20-082d-4ac8-8df4-d72bc870fa3d"}
{"component":"player-command","phase":"authorization","correlationId":"401c7a20-082d-4ac8-8df4-d72bc870fa3d","outcome":"allowed"}
{"component":"player-command","phase":"command","correlationId":"401c7a20-082d-4ac8-8df4-d72bc870fa3d"}
{"component":"player-command","phase":"mutation","correlationId":"401c7a20-082d-4ac8-8df4-d72bc870fa3d","outcome":"completed","replayed":true}
{"component":"player-command","phase":"consequence","correlationId":"401c7a20-082d-4ac8-8df4-d72bc870fa3d","replayed":true,"changes":0}
{"component":"player-command","phase":"opportunity","correlationId":"401c7a20-082d-4ac8-8df4-d72bc870fa3d","replayed":true,"changes":0}
{"component":"player-command","phase":"response","correlationId":"401c7a20-082d-4ac8-8df4-d72bc870fa3d","statusCode":200,"elapsedMs":58}
{"component":"player-command","phase":"request","correlationId":"1b7c53ea-d633-4c55-a591-e9f40b30ede6"}
{"component":"player-command","phase":"authorization","correlationId":"1b7c53ea-d633-4c55-a591-e9f40b30ede6","outcome":"allowed"}
{"component":"player-command","phase":"response","correlationId":"1b7c53ea-d633-4c55-a591-e9f40b30ede6","statusCode":200,"elapsedMs":84}
{"component":"player-command","phase":"request","correlationId":"b8fd3477-8664-4218-aa07-f38c63c7ffe8"}
{"component":"player-command","phase":"authorization","correlationId":"b8fd3477-8664-4218-aa07-f38c63c7ffe8","outcome":"allowed"}
{"component":"player-command","phase":"command","correlationId":"b8fd3477-8664-4218-aa07-f38c63c7ffe8"}
{"component":"player-command","phase":"mutation","correlationId":"b8fd3477-8664-4218-aa07-f38c63c7ffe8","outcome":"completed","replayed":false}
{"component":"player-command","phase":"consequence","correlationId":"b8fd3477-8664-4218-aa07-f38c63c7ffe8","replayed":false,"changes":2}
{"component":"player-command","phase":"opportunity","correlationId":"b8fd3477-8664-4218-aa07-f38c63c7ffe8","replayed":false,"changes":2}
{"component":"player-command","phase":"response","correlationId":"b8fd3477-8664-4218-aa07-f38c63c7ffe8","statusCode":200,"elapsedMs":82}
{"component":"player-command","phase":"request","correlationId":"505dc9ea-680c-4cc7-9f54-8c41c4b49d54"}
{"component":"player-command","phase":"authorization","correlationId":"505dc9ea-680c-4cc7-9f54-8c41c4b49d54","outcome":"allowed"}
{"component":"player-command","phase":"command","correlationId":"505dc9ea-680c-4cc7-9f54-8c41c4b49d54"}
{"component":"player-command","phase":"mutation","correlationId":"505dc9ea-680c-4cc7-9f54-8c41c4b49d54","outcome":"completed","replayed":true}
{"component":"player-command","phase":"consequence","correlationId":"505dc9ea-680c-4cc7-9f54-8c41c4b49d54","replayed":true,"changes":0}
{"component":"player-command","phase":"opportunity","correlationId":"505dc9ea-680c-4cc7-9f54-8c41c4b49d54","replayed":true,"changes":0}
{"component":"player-command","phase":"response","correlationId":"505dc9ea-680c-4cc7-9f54-8c41c4b49d54","statusCode":200,"elapsedMs":28}
{"component":"player-command","phase":"request","correlationId":"ac0165bf-98b7-454b-86d4-5a114d39b0bf"}
{"component":"player-command","phase":"authorization","correlationId":"ac0165bf-98b7-454b-86d4-5a114d39b0bf","outcome":"allowed"}
{"component":"player-command","phase":"response","correlationId":"ac0165bf-98b7-454b-86d4-5a114d39b0bf","statusCode":200,"elapsedMs":63}
{"component":"player-command","phase":"request","correlationId":"109b602c-b835-41c9-bdc1-18f38aab997e"}
{"component":"player-command","phase":"authorization","correlationId":"109b602c-b835-41c9-bdc1-18f38aab997e","outcome":"allowed"}
{"component":"player-command","phase":"command","correlationId":"109b602c-b835-41c9-bdc1-18f38aab997e"}
{"component":"player-command","phase":"mutation","correlationId":"109b602c-b835-41c9-bdc1-18f38aab997e","outcome":"completed","replayed":false}
{"component":"player-command","phase":"consequence","correlationId":"109b602c-b835-41c9-bdc1-18f38aab997e","replayed":false,"changes":2}
{"component":"player-command","phase":"opportunity","correlationId":"109b602c-b835-41c9-bdc1-18f38aab997e","replayed":false,"changes":2}
{"component":"player-command","phase":"response","correlationId":"109b602c-b835-41c9-bdc1-18f38aab997e","statusCode":200,"elapsedMs":71}
{"component":"player-command","phase":"request","correlationId":"8c8775a3-db5d-42dc-a17b-cb3537241935"}
{"component":"player-command","phase":"authorization","correlationId":"8c8775a3-db5d-42dc-a17b-cb3537241935","outcome":"allowed"}
{"component":"player-command","phase":"command","correlationId":"8c8775a3-db5d-42dc-a17b-cb3537241935"}
{"component":"player-command","phase":"mutation","correlationId":"8c8775a3-db5d-42dc-a17b-cb3537241935","outcome":"completed","replayed":true}
{"component":"player-command","phase":"consequence","correlationId":"8c8775a3-db5d-42dc-a17b-cb3537241935","replayed":true,"changes":0}
{"component":"player-command","phase":"opportunity","correlationId":"8c8775a3-db5d-42dc-a17b-cb3537241935","replayed":true,"changes":0}
{"component":"player-command","phase":"response","correlationId":"8c8775a3-db5d-42dc-a17b-cb3537241935","statusCode":200,"elapsedMs":28}
{"component":"player-command","phase":"request","correlationId":"46a39936-e740-4a2a-b230-12ea99c5f124"}
{"component":"player-command","phase":"authorization","correlationId":"46a39936-e740-4a2a-b230-12ea99c5f124","outcome":"allowed"}
{"component":"player-command","phase":"response","correlationId":"46a39936-e740-4a2a-b230-12ea99c5f124","statusCode":200,"elapsedMs":73}
{"component":"player-command","phase":"request","correlationId":"6c35862e-d98a-40cb-bd28-ed3cd219f791"}
{"component":"player-command","phase":"authorization","correlationId":"6c35862e-d98a-40cb-bd28-ed3cd219f791","outcome":"allowed"}
{"component":"player-command","phase":"command","correlationId":"6c35862e-d98a-40cb-bd28-ed3cd219f791"}
{"component":"player-command","phase":"mutation","correlationId":"6c35862e-d98a-40cb-bd28-ed3cd219f791","outcome":"completed","replayed":false}
{"component":"player-command","phase":"consequence","correlationId":"6c35862e-d98a-40cb-bd28-ed3cd219f791","replayed":false,"changes":2}
{"component":"player-command","phase":"opportunity","correlationId":"6c35862e-d98a-40cb-bd28-ed3cd219f791","replayed":false,"changes":2}
{"component":"player-command","phase":"response","correlationId":"6c35862e-d98a-40cb-bd28-ed3cd219f791","statusCode":200,"elapsedMs":124}
{"component":"player-command","phase":"request","correlationId":"cc97f82c-7619-4845-9d8f-8cd7a2575aaa"}
{"component":"player-command","phase":"authorization","correlationId":"cc97f82c-7619-4845-9d8f-8cd7a2575aaa","outcome":"allowed"}
{"component":"player-command","phase":"command","correlationId":"cc97f82c-7619-4845-9d8f-8cd7a2575aaa"}
{"component":"player-command","phase":"mutation","correlationId":"cc97f82c-7619-4845-9d8f-8cd7a2575aaa","outcome":"completed","replayed":true}
{"component":"player-command","phase":"consequence","correlationId":"cc97f82c-7619-4845-9d8f-8cd7a2575aaa","replayed":true,"changes":0}
{"component":"player-command","phase":"opportunity","correlationId":"cc97f82c-7619-4845-9d8f-8cd7a2575aaa","replayed":true,"changes":0}
{"component":"player-command","phase":"response","correlationId":"cc97f82c-7619-4845-9d8f-8cd7a2575aaa","statusCode":200,"elapsedMs":35}
{"component":"player-command","phase":"request","correlationId":"98aea148-c657-4fc2-a0b2-303d6faf3830"}
{"component":"player-command","phase":"authorization","correlationId":"98aea148-c657-4fc2-a0b2-303d6faf3830","outcome":"allowed"}
{"component":"player-command","phase":"response","correlationId":"98aea148-c657-4fc2-a0b2-303d6faf3830","statusCode":200,"elapsedMs":56}
{"component":"player-command","phase":"request","correlationId":"5b2fd010-3c4c-41ec-9035-baa9fb674957"}
{"component":"player-command","phase":"authorization","correlationId":"5b2fd010-3c4c-41ec-9035-baa9fb674957","outcome":"allowed"}
{"component":"player-command","phase":"command","correlationId":"5b2fd010-3c4c-41ec-9035-baa9fb674957"}
{"component":"player-command","phase":"mutation","correlationId":"5b2fd010-3c4c-41ec-9035-baa9fb674957","outcome":"completed","replayed":false}
{"component":"player-command","phase":"consequence","correlationId":"5b2fd010-3c4c-41ec-9035-baa9fb674957","replayed":false,"changes":2}
{"component":"player-command","phase":"opportunity","correlationId":"5b2fd010-3c4c-41ec-9035-baa9fb674957","replayed":false,"changes":2}
{"component":"player-command","phase":"response","correlationId":"5b2fd010-3c4c-41ec-9035-baa9fb674957","statusCode":200,"elapsedMs":71}
{"component":"player-command","phase":"request","correlationId":"4d644952-0705-42e9-ae64-962ad03fd191"}
{"component":"player-command","phase":"authorization","correlationId":"4d644952-0705-42e9-ae64-962ad03fd191","outcome":"allowed"}
{"component":"player-command","phase":"command","correlationId":"4d644952-0705-42e9-ae64-962ad03fd191"}
{"component":"player-command","phase":"mutation","correlationId":"4d644952-0705-42e9-ae64-962ad03fd191","outcome":"completed","replayed":true}
{"component":"player-command","phase":"consequence","correlationId":"4d644952-0705-42e9-ae64-962ad03fd191","replayed":true,"changes":0}
{"component":"player-command","phase":"opportunity","correlationId":"4d644952-0705-42e9-ae64-962ad03fd191","replayed":true,"changes":0}
{"component":"player-command","phase":"response","correlationId":"4d644952-0705-42e9-ae64-962ad03fd191","statusCode":200,"elapsedMs":32}
{"component":"player-command","phase":"request","correlationId":"eabbe90e-cd9e-47d6-8620-89d0820e012c"}
{"component":"player-command","phase":"authorization","correlationId":"eabbe90e-cd9e-47d6-8620-89d0820e012c","outcome":"allowed"}
{"component":"player-command","phase":"response","correlationId":"eabbe90e-cd9e-47d6-8620-89d0820e012c","statusCode":200,"elapsedMs":66}
{"component":"player-command","phase":"request","correlationId":"7ca66867-e4cf-4078-b255-1465e3d2a2c9"}
{"component":"player-command","phase":"authorization","correlationId":"7ca66867-e4cf-4078-b255-1465e3d2a2c9","outcome":"allowed"}
{"component":"player-command","phase":"command","correlationId":"7ca66867-e4cf-4078-b255-1465e3d2a2c9"}
{"component":"player-command","phase":"mutation","correlationId":"7ca66867-e4cf-4078-b255-1465e3d2a2c9","outcome":"completed","replayed":false}
{"component":"player-command","phase":"consequence","correlationId":"7ca66867-e4cf-4078-b255-1465e3d2a2c9","replayed":false,"changes":2}
{"component":"player-command","phase":"opportunity","correlationId":"7ca66867-e4cf-4078-b255-1465e3d2a2c9","replayed":false,"changes":2}
{"component":"player-command","phase":"response","correlationId":"7ca66867-e4cf-4078-b255-1465e3d2a2c9","statusCode":200,"elapsedMs":70}
{"component":"player-command","phase":"request","correlationId":"53ef5ac9-c2e6-4330-9bca-c239765ad0ad"}
{"component":"player-command","phase":"authorization","correlationId":"53ef5ac9-c2e6-4330-9bca-c239765ad0ad","outcome":"allowed"}
{"component":"player-command","phase":"command","correlationId":"53ef5ac9-c2e6-4330-9bca-c239765ad0ad"}
{"component":"player-command","phase":"mutation","correlationId":"53ef5ac9-c2e6-4330-9bca-c239765ad0ad","outcome":"completed","replayed":true}
{"component":"player-command","phase":"consequence","correlationId":"53ef5ac9-c2e6-4330-9bca-c239765ad0ad","replayed":true,"changes":0}
{"component":"player-command","phase":"opportunity","correlationId":"53ef5ac9-c2e6-4330-9bca-c239765ad0ad","replayed":true,"changes":0}
{"component":"player-command","phase":"response","correlationId":"53ef5ac9-c2e6-4330-9bca-c239765ad0ad","statusCode":200,"elapsedMs":33}
{"component":"player-command","phase":"request","correlationId":"c8d5a27e-4e55-4db3-9c17-3a6a917e131c"}
{"component":"player-command","phase":"authorization","correlationId":"c8d5a27e-4e55-4db3-9c17-3a6a917e131c","outcome":"allowed"}
{"component":"player-command","phase":"response","correlationId":"c8d5a27e-4e55-4db3-9c17-3a6a917e131c","statusCode":200,"elapsedMs":57}
{"component":"player-command","phase":"request","correlationId":"28a4f5d4-a902-4862-967d-0f71c261033b"}
{"component":"player-command","phase":"authorization","correlationId":"28a4f5d4-a902-4862-967d-0f71c261033b","outcome":"allowed"}
{"component":"player-command","phase":"command","correlationId":"28a4f5d4-a902-4862-967d-0f71c261033b"}
{"component":"player-command","phase":"mutation","correlationId":"28a4f5d4-a902-4862-967d-0f71c261033b","outcome":"completed","replayed":false}
{"component":"player-command","phase":"consequence","correlationId":"28a4f5d4-a902-4862-967d-0f71c261033b","replayed":false,"changes":2}
{"component":"player-command","phase":"opportunity","correlationId":"28a4f5d4-a902-4862-967d-0f71c261033b","replayed":false,"changes":2}
{"component":"player-command","phase":"response","correlationId":"28a4f5d4-a902-4862-967d-0f71c261033b","statusCode":200,"elapsedMs":87}
{"component":"player-command","phase":"request","correlationId":"4a96c1a2-fd3b-45ea-b3bd-8125a74fa1bc"}
{"component":"player-command","phase":"authorization","correlationId":"4a96c1a2-fd3b-45ea-b3bd-8125a74fa1bc","outcome":"allowed"}
{"component":"player-command","phase":"command","correlationId":"4a96c1a2-fd3b-45ea-b3bd-8125a74fa1bc"}
{"component":"player-command","phase":"mutation","correlationId":"4a96c1a2-fd3b-45ea-b3bd-8125a74fa1bc","outcome":"completed","replayed":true}
{"component":"player-command","phase":"consequence","correlationId":"4a96c1a2-fd3b-45ea-b3bd-8125a74fa1bc","replayed":true,"changes":0}
{"component":"player-command","phase":"opportunity","correlationId":"4a96c1a2-fd3b-45ea-b3bd-8125a74fa1bc","replayed":true,"changes":0}
{"component":"player-command","phase":"response","correlationId":"4a96c1a2-fd3b-45ea-b3bd-8125a74fa1bc","statusCode":200,"elapsedMs":31}
{"component":"player-command","phase":"request","correlationId":"2b2cb998-c3c6-423a-9a20-b2289d391f52"}
{"component":"player-command","phase":"authorization","correlationId":"2b2cb998-c3c6-423a-9a20-b2289d391f52","outcome":"allowed"}
{"component":"player-command","phase":"response","correlationId":"2b2cb998-c3c6-423a-9a20-b2289d391f52","statusCode":200,"elapsedMs":54}
{"component":"player-command","phase":"request","correlationId":"f3a2341a-97e7-4dc1-a91d-f5206c3b7fbf"}
{"component":"player-command","phase":"authorization","correlationId":"f3a2341a-97e7-4dc1-a91d-f5206c3b7fbf","outcome":"allowed"}
{"component":"player-command","phase":"command","correlationId":"f3a2341a-97e7-4dc1-a91d-f5206c3b7fbf"}
{"component":"player-command","phase":"mutation","correlationId":"f3a2341a-97e7-4dc1-a91d-f5206c3b7fbf","outcome":"completed","replayed":false}
{"component":"player-command","phase":"consequence","correlationId":"f3a2341a-97e7-4dc1-a91d-f5206c3b7fbf","replayed":false,"changes":2}
{"component":"player-command","phase":"opportunity","correlationId":"f3a2341a-97e7-4dc1-a91d-f5206c3b7fbf","replayed":false,"changes":2}
{"component":"player-command","phase":"response","correlationId":"f3a2341a-97e7-4dc1-a91d-f5206c3b7fbf","statusCode":200,"elapsedMs":68}
{"component":"player-command","phase":"request","correlationId":"e11916bf-d0be-45d3-aa72-88415ae5f519"}
{"component":"player-command","phase":"authorization","correlationId":"e11916bf-d0be-45d3-aa72-88415ae5f519","outcome":"allowed"}
{"component":"player-command","phase":"command","correlationId":"e11916bf-d0be-45d3-aa72-88415ae5f519"}
{"component":"player-command","phase":"mutation","correlationId":"e11916bf-d0be-45d3-aa72-88415ae5f519","outcome":"completed","replayed":true}
{"component":"player-command","phase":"consequence","correlationId":"e11916bf-d0be-45d3-aa72-88415ae5f519","replayed":true,"changes":0}
{"component":"player-command","phase":"opportunity","correlationId":"e11916bf-d0be-45d3-aa72-88415ae5f519","replayed":true,"changes":0}
{"component":"player-command","phase":"response","correlationId":"e11916bf-d0be-45d3-aa72-88415ae5f519","statusCode":200,"elapsedMs":30}
{"component":"player-command","phase":"request","correlationId":"b7e7acc2-b6fa-4fb8-9fdc-fae745a37af3"}
{"component":"player-command","phase":"authorization","correlationId":"b7e7acc2-b6fa-4fb8-9fdc-fae745a37af3","outcome":"allowed"}
{"component":"player-command","phase":"response","correlationId":"b7e7acc2-b6fa-4fb8-9fdc-fae745a37af3","statusCode":200,"elapsedMs":62}
{"component":"player-command","phase":"request","correlationId":"eecac490-ea06-4c9e-be7b-a1648c3599a1"}
{"component":"player-command","phase":"authorization","correlationId":"eecac490-ea06-4c9e-be7b-a1648c3599a1","outcome":"allowed"}
{"component":"player-command","phase":"command","correlationId":"eecac490-ea06-4c9e-be7b-a1648c3599a1"}
{"component":"player-command","phase":"mutation","correlationId":"eecac490-ea06-4c9e-be7b-a1648c3599a1","outcome":"completed","replayed":false}
{"component":"player-command","phase":"consequence","correlationId":"eecac490-ea06-4c9e-be7b-a1648c3599a1","replayed":false,"changes":2}
{"component":"player-command","phase":"opportunity","correlationId":"eecac490-ea06-4c9e-be7b-a1648c3599a1","replayed":false,"changes":2}
{"component":"player-command","phase":"response","correlationId":"eecac490-ea06-4c9e-be7b-a1648c3599a1","statusCode":200,"elapsedMs":75}
{"component":"player-command","phase":"request","correlationId":"23b468a0-0fe5-49fb-8b4f-795629ffc722"}
{"component":"player-command","phase":"authorization","correlationId":"23b468a0-0fe5-49fb-8b4f-795629ffc722","outcome":"allowed"}
{"component":"player-command","phase":"command","correlationId":"23b468a0-0fe5-49fb-8b4f-795629ffc722"}
{"component":"player-command","phase":"mutation","correlationId":"23b468a0-0fe5-49fb-8b4f-795629ffc722","outcome":"completed","replayed":true}
{"component":"player-command","phase":"consequence","correlationId":"23b468a0-0fe5-49fb-8b4f-795629ffc722","replayed":true,"changes":0}
{"component":"player-command","phase":"opportunity","correlationId":"23b468a0-0fe5-49fb-8b4f-795629ffc722","replayed":true,"changes":0}
{"component":"player-command","phase":"response","correlationId":"23b468a0-0fe5-49fb-8b4f-795629ffc722","statusCode":200,"elapsedMs":36}
{"component":"player-command","phase":"request","correlationId":"c12e4949-edff-41c2-ac7a-774d853f60bb"}
{"component":"player-command","phase":"authorization","correlationId":"c12e4949-edff-41c2-ac7a-774d853f60bb","outcome":"allowed"}
{"component":"player-command","phase":"response","correlationId":"c12e4949-edff-41c2-ac7a-774d853f60bb","statusCode":200,"elapsedMs":65}
{"component":"player-command","phase":"request","correlationId":"7ce3fabb-49ba-4b9a-930a-e5440437cf20"}
{"component":"player-command","phase":"authorization","correlationId":"7ce3fabb-49ba-4b9a-930a-e5440437cf20","outcome":"allowed"}
{"component":"player-command","phase":"command","correlationId":"7ce3fabb-49ba-4b9a-930a-e5440437cf20"}
{"component":"player-command","phase":"mutation","correlationId":"7ce3fabb-49ba-4b9a-930a-e5440437cf20","outcome":"completed","replayed":false}
{"component":"player-command","phase":"consequence","correlationId":"7ce3fabb-49ba-4b9a-930a-e5440437cf20","replayed":false,"changes":2}
{"component":"player-command","phase":"opportunity","correlationId":"7ce3fabb-49ba-4b9a-930a-e5440437cf20","replayed":false,"changes":2}
{"component":"player-command","phase":"response","correlationId":"7ce3fabb-49ba-4b9a-930a-e5440437cf20","statusCode":200,"elapsedMs":143}
{"component":"player-command","phase":"request","correlationId":"d5e7fcf4-3755-4daf-95e2-f48396a16ce6"}
{"component":"player-command","phase":"authorization","correlationId":"d5e7fcf4-3755-4daf-95e2-f48396a16ce6","outcome":"allowed"}
{"component":"player-command","phase":"command","correlationId":"d5e7fcf4-3755-4daf-95e2-f48396a16ce6"}
{"component":"player-command","phase":"mutation","correlationId":"d5e7fcf4-3755-4daf-95e2-f48396a16ce6","outcome":"completed","replayed":true}
{"component":"player-command","phase":"consequence","correlationId":"d5e7fcf4-3755-4daf-95e2-f48396a16ce6","replayed":true,"changes":0}
{"component":"player-command","phase":"opportunity","correlationId":"d5e7fcf4-3755-4daf-95e2-f48396a16ce6","replayed":true,"changes":0}
{"component":"player-command","phase":"response","correlationId":"d5e7fcf4-3755-4daf-95e2-f48396a16ce6","statusCode":200,"elapsedMs":35}
{"component":"player-command","phase":"request","correlationId":"dab8da34-4537-4b57-bed2-76c1cf5df286"}
{"component":"player-command","phase":"authorization","correlationId":"dab8da34-4537-4b57-bed2-76c1cf5df286","outcome":"allowed"}
{"component":"player-command","phase":"response","correlationId":"dab8da34-4537-4b57-bed2-76c1cf5df286","statusCode":200,"elapsedMs":60}
{"component":"player-command","phase":"request","correlationId":"9252860d-8fdd-49fb-acae-d75d1b07aa67"}
{"component":"player-command","phase":"authorization","correlationId":"9252860d-8fdd-49fb-acae-d75d1b07aa67","outcome":"allowed"}
{"component":"player-command","phase":"command","correlationId":"9252860d-8fdd-49fb-acae-d75d1b07aa67"}
{"component":"player-command","phase":"mutation","correlationId":"9252860d-8fdd-49fb-acae-d75d1b07aa67","outcome":"completed","replayed":false}
{"component":"player-command","phase":"consequence","correlationId":"9252860d-8fdd-49fb-acae-d75d1b07aa67","replayed":false,"changes":2}
{"component":"player-command","phase":"opportunity","correlationId":"9252860d-8fdd-49fb-acae-d75d1b07aa67","replayed":false,"changes":2}
{"component":"player-command","phase":"response","correlationId":"9252860d-8fdd-49fb-acae-d75d1b07aa67","statusCode":200,"elapsedMs":68}
{"component":"player-command","phase":"request","correlationId":"9001b468-78d2-4511-b115-6fe755d26f4c"}
{"component":"player-command","phase":"authorization","correlationId":"9001b468-78d2-4511-b115-6fe755d26f4c","outcome":"allowed"}
{"component":"player-command","phase":"command","correlationId":"9001b468-78d2-4511-b115-6fe755d26f4c"}
{"component":"player-command","phase":"mutation","correlationId":"9001b468-78d2-4511-b115-6fe755d26f4c","outcome":"completed","replayed":true}
{"component":"player-command","phase":"consequence","correlationId":"9001b468-78d2-4511-b115-6fe755d26f4c","replayed":true,"changes":0}
{"component":"player-command","phase":"opportunity","correlationId":"9001b468-78d2-4511-b115-6fe755d26f4c","replayed":true,"changes":0}
{"component":"player-command","phase":"response","correlationId":"9001b468-78d2-4511-b115-6fe755d26f4c","statusCode":200,"elapsedMs":24}
{"component":"player-command","phase":"request","correlationId":"37651cb6-63e0-450d-b223-5b01643940c6"}
{"component":"player-command","phase":"authorization","correlationId":"37651cb6-63e0-450d-b223-5b01643940c6","outcome":"allowed"}
{"component":"player-command","phase":"response","correlationId":"37651cb6-63e0-450d-b223-5b01643940c6","statusCode":200,"elapsedMs":59}
{"component":"player-command","phase":"request","correlationId":"7a928dc8-e373-455f-a882-a2c055b24b01"}
{"component":"player-command","phase":"authorization","correlationId":"7a928dc8-e373-455f-a882-a2c055b24b01","outcome":"allowed"}
{"component":"player-command","phase":"command","correlationId":"7a928dc8-e373-455f-a882-a2c055b24b01"}
{"component":"player-command","phase":"mutation","correlationId":"7a928dc8-e373-455f-a882-a2c055b24b01","outcome":"completed","replayed":false}
{"component":"player-command","phase":"consequence","correlationId":"7a928dc8-e373-455f-a882-a2c055b24b01","replayed":false,"changes":2}
{"component":"player-command","phase":"opportunity","correlationId":"7a928dc8-e373-455f-a882-a2c055b24b01","replayed":false,"changes":2}
{"component":"player-command","phase":"response","correlationId":"7a928dc8-e373-455f-a882-a2c055b24b01","statusCode":200,"elapsedMs":69}
{"component":"player-command","phase":"request","correlationId":"f091ec5f-e706-42d6-ba9e-11193d3a0a56"}
{"component":"player-command","phase":"authorization","correlationId":"f091ec5f-e706-42d6-ba9e-11193d3a0a56","outcome":"allowed"}
{"component":"player-command","phase":"command","correlationId":"f091ec5f-e706-42d6-ba9e-11193d3a0a56"}
{"component":"player-command","phase":"mutation","correlationId":"f091ec5f-e706-42d6-ba9e-11193d3a0a56","outcome":"completed","replayed":true}
{"component":"player-command","phase":"consequence","correlationId":"f091ec5f-e706-42d6-ba9e-11193d3a0a56","replayed":true,"changes":0}
{"component":"player-command","phase":"opportunity","correlationId":"f091ec5f-e706-42d6-ba9e-11193d3a0a56","replayed":true,"changes":0}
{"component":"player-command","phase":"response","correlationId":"f091ec5f-e706-42d6-ba9e-11193d3a0a56","statusCode":200,"elapsedMs":33}
{"component":"player-command","phase":"request","correlationId":"fd63e782-3262-4625-8f7f-afdba7c1736f"}
{"component":"player-command","phase":"authorization","correlationId":"fd63e782-3262-4625-8f7f-afdba7c1736f","outcome":"allowed"}
{"component":"player-command","phase":"response","correlationId":"fd63e782-3262-4625-8f7f-afdba7c1736f","statusCode":200,"elapsedMs":56}
{"component":"player-command","phase":"request","correlationId":"89361d0d-95e5-4407-a3b2-7da992d8fc3d"}
{"component":"player-command","phase":"authorization","correlationId":"89361d0d-95e5-4407-a3b2-7da992d8fc3d","outcome":"allowed"}
{"component":"player-command","phase":"command","correlationId":"89361d0d-95e5-4407-a3b2-7da992d8fc3d"}
{"component":"player-command","phase":"mutation","correlationId":"89361d0d-95e5-4407-a3b2-7da992d8fc3d","outcome":"completed","replayed":false}
{"component":"player-command","phase":"consequence","correlationId":"89361d0d-95e5-4407-a3b2-7da992d8fc3d","replayed":false,"changes":2}
{"component":"player-command","phase":"opportunity","correlationId":"89361d0d-95e5-4407-a3b2-7da992d8fc3d","replayed":false,"changes":2}
{"component":"player-command","phase":"response","correlationId":"89361d0d-95e5-4407-a3b2-7da992d8fc3d","statusCode":200,"elapsedMs":64}
{"component":"player-command","phase":"request","correlationId":"d8985c5b-1869-4af1-83ea-37c8306bffa1"}
{"component":"player-command","phase":"authorization","correlationId":"d8985c5b-1869-4af1-83ea-37c8306bffa1","outcome":"allowed"}
{"component":"player-command","phase":"command","correlationId":"d8985c5b-1869-4af1-83ea-37c8306bffa1"}
{"component":"player-command","phase":"mutation","correlationId":"d8985c5b-1869-4af1-83ea-37c8306bffa1","outcome":"completed","replayed":true}
{"component":"player-command","phase":"consequence","correlationId":"d8985c5b-1869-4af1-83ea-37c8306bffa1","replayed":true,"changes":0}
{"component":"player-command","phase":"opportunity","correlationId":"d8985c5b-1869-4af1-83ea-37c8306bffa1","replayed":true,"changes":0}
{"component":"player-command","phase":"response","correlationId":"d8985c5b-1869-4af1-83ea-37c8306bffa1","statusCode":200,"elapsedMs":26}
{"component":"player-command","phase":"request","correlationId":"9f32825b-b583-48e3-b015-4189bc12968d"}
{"component":"player-command","phase":"authorization","correlationId":"9f32825b-b583-48e3-b015-4189bc12968d","outcome":"allowed"}
{"component":"player-command","phase":"response","correlationId":"9f32825b-b583-48e3-b015-4189bc12968d","statusCode":200,"elapsedMs":75}
{"component":"player-command","phase":"request","correlationId":"740ec04a-e32a-4563-a7f5-2d3e0c7b899a"}
{"component":"player-command","phase":"authorization","correlationId":"740ec04a-e32a-4563-a7f5-2d3e0c7b899a","outcome":"allowed"}
{"component":"player-command","phase":"command","correlationId":"740ec04a-e32a-4563-a7f5-2d3e0c7b899a"}
{"component":"player-command","phase":"mutation","correlationId":"740ec04a-e32a-4563-a7f5-2d3e0c7b899a","outcome":"completed","replayed":false}
{"component":"player-command","phase":"consequence","correlationId":"740ec04a-e32a-4563-a7f5-2d3e0c7b899a","replayed":false,"changes":2}
{"component":"player-command","phase":"opportunity","correlationId":"740ec04a-e32a-4563-a7f5-2d3e0c7b899a","replayed":false,"changes":2}
{"component":"player-command","phase":"response","correlationId":"740ec04a-e32a-4563-a7f5-2d3e0c7b899a","statusCode":200,"elapsedMs":87}
{"component":"player-command","phase":"request","correlationId":"38017cfe-d43b-4248-b656-72208bfaa6e3"}
{"component":"player-command","phase":"authorization","correlationId":"38017cfe-d43b-4248-b656-72208bfaa6e3","outcome":"allowed"}
{"component":"player-command","phase":"command","correlationId":"38017cfe-d43b-4248-b656-72208bfaa6e3"}
{"component":"player-command","phase":"mutation","correlationId":"38017cfe-d43b-4248-b656-72208bfaa6e3","outcome":"completed","replayed":true}
{"component":"player-command","phase":"consequence","correlationId":"38017cfe-d43b-4248-b656-72208bfaa6e3","replayed":true,"changes":0}
{"component":"player-command","phase":"opportunity","correlationId":"38017cfe-d43b-4248-b656-72208bfaa6e3","replayed":true,"changes":0}
{"component":"player-command","phase":"response","correlationId":"38017cfe-d43b-4248-b656-72208bfaa6e3","statusCode":200,"elapsedMs":34}
{"component":"player-command","phase":"request","correlationId":"45ed1009-59ca-4a74-8586-7a286b3327ef"}
{"component":"player-command","phase":"authorization","correlationId":"45ed1009-59ca-4a74-8586-7a286b3327ef","outcome":"allowed"}
{"component":"player-command","phase":"response","correlationId":"45ed1009-59ca-4a74-8586-7a286b3327ef","statusCode":200,"elapsedMs":71}
{"component":"player-command","phase":"request","correlationId":"1e38b6e7-649a-436c-927e-511737d245f9"}
{"component":"player-command","phase":"authorization","correlationId":"1e38b6e7-649a-436c-927e-511737d245f9","outcome":"allowed"}
{"component":"player-command","phase":"command","correlationId":"1e38b6e7-649a-436c-927e-511737d245f9"}
{"component":"player-command","phase":"mutation","correlationId":"1e38b6e7-649a-436c-927e-511737d245f9","outcome":"completed","replayed":false}
{"component":"player-command","phase":"consequence","correlationId":"1e38b6e7-649a-436c-927e-511737d245f9","replayed":false,"changes":2}
{"component":"player-command","phase":"opportunity","correlationId":"1e38b6e7-649a-436c-927e-511737d245f9","replayed":false,"changes":2}
{"component":"player-command","phase":"response","correlationId":"1e38b6e7-649a-436c-927e-511737d245f9","statusCode":200,"elapsedMs":79}
{"component":"player-command","phase":"request","correlationId":"b0f5fb20-998a-4b87-9c2c-1524cdf76d36"}
{"component":"player-command","phase":"authorization","correlationId":"b0f5fb20-998a-4b87-9c2c-1524cdf76d36","outcome":"allowed"}
{"component":"player-command","phase":"command","correlationId":"b0f5fb20-998a-4b87-9c2c-1524cdf76d36"}
{"component":"player-command","phase":"mutation","correlationId":"b0f5fb20-998a-4b87-9c2c-1524cdf76d36","outcome":"completed","replayed":true}
{"component":"player-command","phase":"consequence","correlationId":"b0f5fb20-998a-4b87-9c2c-1524cdf76d36","replayed":true,"changes":0}
{"component":"player-command","phase":"opportunity","correlationId":"b0f5fb20-998a-4b87-9c2c-1524cdf76d36","replayed":true,"changes":0}
{"component":"player-command","phase":"response","correlationId":"b0f5fb20-998a-4b87-9c2c-1524cdf76d36","statusCode":200,"elapsedMs":28}
{"component":"player-command","phase":"request","correlationId":"bd554e12-101e-40e5-a5f3-8e3608b3dcbe"}
{"component":"player-command","phase":"authorization","correlationId":"bd554e12-101e-40e5-a5f3-8e3608b3dcbe","outcome":"allowed"}
{"component":"player-command","phase":"response","correlationId":"bd554e12-101e-40e5-a5f3-8e3608b3dcbe","statusCode":200,"elapsedMs":62}
{"component":"player-command","phase":"request","correlationId":"2ed3595e-583b-4f41-98e7-e2d1c51b4e95"}
{"component":"player-command","phase":"authorization","correlationId":"2ed3595e-583b-4f41-98e7-e2d1c51b4e95","outcome":"allowed"}
{"component":"player-command","phase":"command","correlationId":"2ed3595e-583b-4f41-98e7-e2d1c51b4e95"}
{"component":"player-command","phase":"mutation","correlationId":"2ed3595e-583b-4f41-98e7-e2d1c51b4e95","outcome":"completed","replayed":false}
{"component":"player-command","phase":"consequence","correlationId":"2ed3595e-583b-4f41-98e7-e2d1c51b4e95","replayed":false,"changes":2}
{"component":"player-command","phase":"opportunity","correlationId":"2ed3595e-583b-4f41-98e7-e2d1c51b4e95","replayed":false,"changes":2}
{"component":"player-command","phase":"response","correlationId":"2ed3595e-583b-4f41-98e7-e2d1c51b4e95","statusCode":200,"elapsedMs":70}
{"component":"player-command","phase":"request","correlationId":"09f9f1a2-95d2-43d0-9f6e-3438f6388199"}
{"component":"player-command","phase":"authorization","correlationId":"09f9f1a2-95d2-43d0-9f6e-3438f6388199","outcome":"allowed"}
{"component":"player-command","phase":"command","correlationId":"09f9f1a2-95d2-43d0-9f6e-3438f6388199"}
{"component":"player-command","phase":"mutation","correlationId":"09f9f1a2-95d2-43d0-9f6e-3438f6388199","outcome":"completed","replayed":true}
{"component":"player-command","phase":"consequence","correlationId":"09f9f1a2-95d2-43d0-9f6e-3438f6388199","replayed":true,"changes":0}
{"component":"player-command","phase":"opportunity","correlationId":"09f9f1a2-95d2-43d0-9f6e-3438f6388199","replayed":true,"changes":0}
{"component":"player-command","phase":"response","correlationId":"09f9f1a2-95d2-43d0-9f6e-3438f6388199","statusCode":200,"elapsedMs":23}
{"component":"player-command","phase":"request","correlationId":"f292bfc6-c9ed-43e6-a41f-33ad2305633d"}
{"component":"player-command","phase":"authorization","correlationId":"f292bfc6-c9ed-43e6-a41f-33ad2305633d","outcome":"allowed"}
{"component":"player-command","phase":"response","correlationId":"f292bfc6-c9ed-43e6-a41f-33ad2305633d","statusCode":200,"elapsedMs":84}
{"component":"player-command","phase":"request","correlationId":"d73c4266-99a1-4f18-8eb1-9bd07833877b"}
{"component":"player-command","phase":"authorization","correlationId":"d73c4266-99a1-4f18-8eb1-9bd07833877b","outcome":"allowed"}
{"component":"player-command","phase":"command","correlationId":"d73c4266-99a1-4f18-8eb1-9bd07833877b"}
{"component":"player-command","phase":"mutation","correlationId":"d73c4266-99a1-4f18-8eb1-9bd07833877b","outcome":"completed","replayed":false}
{"component":"player-command","phase":"consequence","correlationId":"d73c4266-99a1-4f18-8eb1-9bd07833877b","replayed":false,"changes":2}
{"component":"player-command","phase":"opportunity","correlationId":"d73c4266-99a1-4f18-8eb1-9bd07833877b","replayed":false,"changes":2}
{"component":"player-command","phase":"response","correlationId":"d73c4266-99a1-4f18-8eb1-9bd07833877b","statusCode":200,"elapsedMs":153}
{"component":"player-command","phase":"request","correlationId":"5b842264-89f7-40c7-96ac-925370d3c70a"}
{"component":"player-command","phase":"authorization","correlationId":"5b842264-89f7-40c7-96ac-925370d3c70a","outcome":"allowed"}
{"component":"player-command","phase":"command","correlationId":"5b842264-89f7-40c7-96ac-925370d3c70a"}
{"component":"player-command","phase":"mutation","correlationId":"5b842264-89f7-40c7-96ac-925370d3c70a","outcome":"completed","replayed":true}
{"component":"player-command","phase":"consequence","correlationId":"5b842264-89f7-40c7-96ac-925370d3c70a","replayed":true,"changes":0}
{"component":"player-command","phase":"opportunity","correlationId":"5b842264-89f7-40c7-96ac-925370d3c70a","replayed":true,"changes":0}
{"component":"player-command","phase":"response","correlationId":"5b842264-89f7-40c7-96ac-925370d3c70a","statusCode":200,"elapsedMs":40}
{"component":"player-command","phase":"request","correlationId":"0d3ff0e6-f604-417e-b094-c8985783352f"}
{"component":"player-command","phase":"authorization","correlationId":"0d3ff0e6-f604-417e-b094-c8985783352f","outcome":"allowed"}
{"component":"player-command","phase":"response","correlationId":"0d3ff0e6-f604-417e-b094-c8985783352f","statusCode":200,"elapsedMs":48}
{"component":"player-command","phase":"request","correlationId":"bd0f7d28-be74-48fb-a917-c608b71c8ce8"}
{"component":"player-command","phase":"authorization","correlationId":"bd0f7d28-be74-48fb-a917-c608b71c8ce8","outcome":"allowed"}
{"component":"player-command","phase":"command","correlationId":"bd0f7d28-be74-48fb-a917-c608b71c8ce8"}
{"component":"player-command","phase":"mutation","correlationId":"bd0f7d28-be74-48fb-a917-c608b71c8ce8","outcome":"completed","replayed":false}
{"component":"player-command","phase":"consequence","correlationId":"bd0f7d28-be74-48fb-a917-c608b71c8ce8","replayed":false,"changes":2}
{"component":"player-command","phase":"opportunity","correlationId":"bd0f7d28-be74-48fb-a917-c608b71c8ce8","replayed":false,"changes":2}
{"component":"player-command","phase":"response","correlationId":"bd0f7d28-be74-48fb-a917-c608b71c8ce8","statusCode":200,"elapsedMs":86}
{"component":"player-command","phase":"request","correlationId":"ee626b8e-9454-4172-bce3-f83332614a9e"}
{"component":"player-command","phase":"authorization","correlationId":"ee626b8e-9454-4172-bce3-f83332614a9e","outcome":"allowed"}
{"component":"player-command","phase":"command","correlationId":"ee626b8e-9454-4172-bce3-f83332614a9e"}
{"component":"player-command","phase":"mutation","correlationId":"ee626b8e-9454-4172-bce3-f83332614a9e","outcome":"completed","replayed":true}
{"component":"player-command","phase":"consequence","correlationId":"ee626b8e-9454-4172-bce3-f83332614a9e","replayed":true,"changes":0}
{"component":"player-command","phase":"opportunity","correlationId":"ee626b8e-9454-4172-bce3-f83332614a9e","replayed":true,"changes":0}
{"component":"player-command","phase":"response","correlationId":"ee626b8e-9454-4172-bce3-f83332614a9e","statusCode":200,"elapsedMs":24}
{"component":"player-command","phase":"request","correlationId":"ed2661f7-3a23-48ce-a51c-5aebfae734ac"}
{"component":"player-command","phase":"authorization","correlationId":"ed2661f7-3a23-48ce-a51c-5aebfae734ac","outcome":"allowed"}
{"component":"player-command","phase":"response","correlationId":"ed2661f7-3a23-48ce-a51c-5aebfae734ac","statusCode":200,"elapsedMs":53}
{"component":"player-command","phase":"request","correlationId":"5e467e5b-56e5-4719-a9b3-c32bb4b0eabb"}
{"component":"player-command","phase":"authorization","correlationId":"5e467e5b-56e5-4719-a9b3-c32bb4b0eabb","outcome":"allowed"}
{"component":"player-command","phase":"command","correlationId":"5e467e5b-56e5-4719-a9b3-c32bb4b0eabb"}
{"component":"player-command","phase":"mutation","correlationId":"5e467e5b-56e5-4719-a9b3-c32bb4b0eabb","outcome":"completed","replayed":false}
{"component":"player-command","phase":"consequence","correlationId":"5e467e5b-56e5-4719-a9b3-c32bb4b0eabb","replayed":false,"changes":2}
{"component":"player-command","phase":"opportunity","correlationId":"5e467e5b-56e5-4719-a9b3-c32bb4b0eabb","replayed":false,"changes":2}
{"component":"player-command","phase":"response","correlationId":"5e467e5b-56e5-4719-a9b3-c32bb4b0eabb","statusCode":200,"elapsedMs":74}
{"component":"player-command","phase":"request","correlationId":"e50da71a-4333-4cb4-ba3d-b4b86296460b"}
{"component":"player-command","phase":"authorization","correlationId":"e50da71a-4333-4cb4-ba3d-b4b86296460b","outcome":"allowed"}
{"component":"player-command","phase":"command","correlationId":"e50da71a-4333-4cb4-ba3d-b4b86296460b"}
{"component":"player-command","phase":"mutation","correlationId":"e50da71a-4333-4cb4-ba3d-b4b86296460b","outcome":"completed","replayed":true}
{"component":"player-command","phase":"consequence","correlationId":"e50da71a-4333-4cb4-ba3d-b4b86296460b","replayed":true,"changes":0}
{"component":"player-command","phase":"opportunity","correlationId":"e50da71a-4333-4cb4-ba3d-b4b86296460b","replayed":true,"changes":0}
{"component":"player-command","phase":"response","correlationId":"e50da71a-4333-4cb4-ba3d-b4b86296460b","statusCode":200,"elapsedMs":37}
{"component":"player-command","phase":"request","correlationId":"d31c08a6-723d-43f6-8cbc-a963b100afb5"}
{"component":"player-command","phase":"authorization","correlationId":"d31c08a6-723d-43f6-8cbc-a963b100afb5","outcome":"allowed"}
{"component":"player-command","phase":"response","correlationId":"d31c08a6-723d-43f6-8cbc-a963b100afb5","statusCode":200,"elapsedMs":67}
{"component":"player-command","phase":"request","correlationId":"ed144b3c-e087-44a3-a667-9ea30e816e3a"}
{"component":"player-command","phase":"authorization","correlationId":"ed144b3c-e087-44a3-a667-9ea30e816e3a","outcome":"allowed"}
{"component":"player-command","phase":"command","correlationId":"ed144b3c-e087-44a3-a667-9ea30e816e3a"}
{"component":"player-command","phase":"mutation","correlationId":"ed144b3c-e087-44a3-a667-9ea30e816e3a","outcome":"completed","replayed":false}
{"component":"player-command","phase":"consequence","correlationId":"ed144b3c-e087-44a3-a667-9ea30e816e3a","replayed":false,"changes":2}
{"component":"player-command","phase":"opportunity","correlationId":"ed144b3c-e087-44a3-a667-9ea30e816e3a","replayed":false,"changes":2}
{"component":"player-command","phase":"response","correlationId":"ed144b3c-e087-44a3-a667-9ea30e816e3a","statusCode":200,"elapsedMs":86}
{"component":"player-command","phase":"request","correlationId":"413c6821-36bf-4bd8-b095-ec4a61b5e119"}
{"component":"player-command","phase":"authorization","correlationId":"413c6821-36bf-4bd8-b095-ec4a61b5e119","outcome":"allowed"}
{"component":"player-command","phase":"command","correlationId":"413c6821-36bf-4bd8-b095-ec4a61b5e119"}
{"component":"player-command","phase":"mutation","correlationId":"413c6821-36bf-4bd8-b095-ec4a61b5e119","outcome":"completed","replayed":true}
{"component":"player-command","phase":"consequence","correlationId":"413c6821-36bf-4bd8-b095-ec4a61b5e119","replayed":true,"changes":0}
{"component":"player-command","phase":"opportunity","correlationId":"413c6821-36bf-4bd8-b095-ec4a61b5e119","replayed":true,"changes":0}
{"component":"player-command","phase":"response","correlationId":"413c6821-36bf-4bd8-b095-ec4a61b5e119","statusCode":200,"elapsedMs":27}
{"phase":"commands","round":0,"players":25,"assertions":4180}
{"component":"player-command","phase":"request","correlationId":"f79363c8-4d34-4497-9b36-a2ba1482ea43"}
{"component":"player-command","phase":"authorization","correlationId":"f79363c8-4d34-4497-9b36-a2ba1482ea43","outcome":"allowed"}
{"component":"player-command","phase":"response","correlationId":"f79363c8-4d34-4497-9b36-a2ba1482ea43","statusCode":200,"elapsedMs":69}
{"component":"player-command","phase":"request","correlationId":"900a00c3-1a0a-41ed-8788-654bb56de5e0"}
{"component":"player-command","phase":"authorization","correlationId":"900a00c3-1a0a-41ed-8788-654bb56de5e0","outcome":"allowed"}
{"component":"player-command","phase":"command","correlationId":"900a00c3-1a0a-41ed-8788-654bb56de5e0"}
{"component":"player-command","phase":"mutation","correlationId":"900a00c3-1a0a-41ed-8788-654bb56de5e0","outcome":"completed","replayed":false}
{"component":"player-command","phase":"consequence","correlationId":"900a00c3-1a0a-41ed-8788-654bb56de5e0","replayed":false,"changes":1}
{"component":"player-command","phase":"opportunity","correlationId":"900a00c3-1a0a-41ed-8788-654bb56de5e0","replayed":false,"changes":1}
{"component":"player-command","phase":"response","correlationId":"900a00c3-1a0a-41ed-8788-654bb56de5e0","statusCode":200,"elapsedMs":61}
{"component":"player-command","phase":"request","correlationId":"62b5d95c-3bec-4113-bfb7-fdee5d433616"}
{"component":"player-command","phase":"authorization","correlationId":"62b5d95c-3bec-4113-bfb7-fdee5d433616","outcome":"allowed"}
{"component":"player-command","phase":"command","correlationId":"62b5d95c-3bec-4113-bfb7-fdee5d433616"}
{"component":"player-command","phase":"mutation","correlationId":"62b5d95c-3bec-4113-bfb7-fdee5d433616","outcome":"completed","replayed":true}
{"component":"player-command","phase":"consequence","correlationId":"62b5d95c-3bec-4113-bfb7-fdee5d433616","replayed":true,"changes":0}
{"component":"player-command","phase":"opportunity","correlationId":"62b5d95c-3bec-4113-bfb7-fdee5d433616","replayed":true,"changes":0}
{"component":"player-command","phase":"response","correlationId":"62b5d95c-3bec-4113-bfb7-fdee5d433616","statusCode":200,"elapsedMs":26}
{"component":"player-command","phase":"request","correlationId":"1e154ece-02e8-4e74-a9a0-aba3976c8531"}
{"component":"player-command","phase":"authorization","correlationId":"1e154ece-02e8-4e74-a9a0-aba3976c8531","outcome":"allowed"}
{"component":"player-command","phase":"response","correlationId":"1e154ece-02e8-4e74-a9a0-aba3976c8531","statusCode":200,"elapsedMs":60}
{"component":"player-command","phase":"request","correlationId":"053da4da-86e6-49cd-88df-ec9dc448d57d"}
{"component":"player-command","phase":"authorization","correlationId":"053da4da-86e6-49cd-88df-ec9dc448d57d","outcome":"allowed"}
{"component":"player-command","phase":"command","correlationId":"053da4da-86e6-49cd-88df-ec9dc448d57d"}
{"component":"player-command","phase":"mutation","correlationId":"053da4da-86e6-49cd-88df-ec9dc448d57d","outcome":"completed","replayed":false}
{"component":"player-command","phase":"consequence","correlationId":"053da4da-86e6-49cd-88df-ec9dc448d57d","replayed":false,"changes":1}
{"component":"player-command","phase":"opportunity","correlationId":"053da4da-86e6-49cd-88df-ec9dc448d57d","replayed":false,"changes":1}
{"component":"player-command","phase":"response","correlationId":"053da4da-86e6-49cd-88df-ec9dc448d57d","statusCode":200,"elapsedMs":74}
{"component":"player-command","phase":"request","correlationId":"ebdc3ed9-5880-42a4-a716-344369d128e9"}
{"component":"player-command","phase":"authorization","correlationId":"ebdc3ed9-5880-42a4-a716-344369d128e9","outcome":"allowed"}
{"component":"player-command","phase":"command","correlationId":"ebdc3ed9-5880-42a4-a716-344369d128e9"}
{"component":"player-command","phase":"mutation","correlationId":"ebdc3ed9-5880-42a4-a716-344369d128e9","outcome":"completed","replayed":true}
{"component":"player-command","phase":"consequence","correlationId":"ebdc3ed9-5880-42a4-a716-344369d128e9","replayed":true,"changes":0}
{"component":"player-command","phase":"opportunity","correlationId":"ebdc3ed9-5880-42a4-a716-344369d128e9","replayed":true,"changes":0}
{"component":"player-command","phase":"response","correlationId":"ebdc3ed9-5880-42a4-a716-344369d128e9","statusCode":200,"elapsedMs":24}
{"component":"player-command","phase":"request","correlationId":"f9ea8311-44c1-442c-81b0-278c27c841c1"}
{"component":"player-command","phase":"authorization","correlationId":"f9ea8311-44c1-442c-81b0-278c27c841c1","outcome":"allowed"}
{"component":"player-command","phase":"response","correlationId":"f9ea8311-44c1-442c-81b0-278c27c841c1","statusCode":200,"elapsedMs":58}
{"component":"player-command","phase":"request","correlationId":"040b7f9f-6bfd-410c-aaa7-298369122d8c"}
{"component":"player-command","phase":"authorization","correlationId":"040b7f9f-6bfd-410c-aaa7-298369122d8c","outcome":"allowed"}
{"component":"player-command","phase":"command","correlationId":"040b7f9f-6bfd-410c-aaa7-298369122d8c"}
{"component":"player-command","phase":"mutation","correlationId":"040b7f9f-6bfd-410c-aaa7-298369122d8c","outcome":"completed","replayed":false}
{"component":"player-command","phase":"consequence","correlationId":"040b7f9f-6bfd-410c-aaa7-298369122d8c","replayed":false,"changes":1}
{"component":"player-command","phase":"opportunity","correlationId":"040b7f9f-6bfd-410c-aaa7-298369122d8c","replayed":false,"changes":1}
{"component":"player-command","phase":"response","correlationId":"040b7f9f-6bfd-410c-aaa7-298369122d8c","statusCode":200,"elapsedMs":61}
{"component":"player-command","phase":"request","correlationId":"dfb2ee8c-404a-48d3-8451-9a25e382a197"}
{"component":"player-command","phase":"authorization","correlationId":"dfb2ee8c-404a-48d3-8451-9a25e382a197","outcome":"allowed"}
{"component":"player-command","phase":"command","correlationId":"dfb2ee8c-404a-48d3-8451-9a25e382a197"}
{"component":"player-command","phase":"mutation","correlationId":"dfb2ee8c-404a-48d3-8451-9a25e382a197","outcome":"completed","replayed":true}
{"component":"player-command","phase":"consequence","correlationId":"dfb2ee8c-404a-48d3-8451-9a25e382a197","replayed":true,"changes":0}
{"component":"player-command","phase":"opportunity","correlationId":"dfb2ee8c-404a-48d3-8451-9a25e382a197","replayed":true,"changes":0}
{"component":"player-command","phase":"response","correlationId":"dfb2ee8c-404a-48d3-8451-9a25e382a197","statusCode":200,"elapsedMs":47}
{"component":"player-command","phase":"request","correlationId":"b89d878a-dbee-4453-b233-468ce4c71461"}
{"component":"player-command","phase":"authorization","correlationId":"b89d878a-dbee-4453-b233-468ce4c71461","outcome":"allowed"}
{"component":"player-command","phase":"response","correlationId":"b89d878a-dbee-4453-b233-468ce4c71461","statusCode":200,"elapsedMs":61}
{"component":"player-command","phase":"request","correlationId":"3a99862b-f5ad-43bd-a680-202190b65aa4"}
{"component":"player-command","phase":"authorization","correlationId":"3a99862b-f5ad-43bd-a680-202190b65aa4","outcome":"allowed"}
{"component":"player-command","phase":"command","correlationId":"3a99862b-f5ad-43bd-a680-202190b65aa4"}
{"component":"player-command","phase":"mutation","correlationId":"3a99862b-f5ad-43bd-a680-202190b65aa4","outcome":"completed","replayed":false}
{"component":"player-command","phase":"consequence","correlationId":"3a99862b-f5ad-43bd-a680-202190b65aa4","replayed":false,"changes":1}
{"component":"player-command","phase":"opportunity","correlationId":"3a99862b-f5ad-43bd-a680-202190b65aa4","replayed":false,"changes":1}
{"component":"player-command","phase":"response","correlationId":"3a99862b-f5ad-43bd-a680-202190b65aa4","statusCode":200,"elapsedMs":78}
{"component":"player-command","phase":"request","correlationId":"7b29136d-c75f-4b99-8176-b13397a72e58"}
{"component":"player-command","phase":"authorization","correlationId":"7b29136d-c75f-4b99-8176-b13397a72e58","outcome":"allowed"}
{"component":"player-command","phase":"command","correlationId":"7b29136d-c75f-4b99-8176-b13397a72e58"}
{"component":"player-command","phase":"mutation","correlationId":"7b29136d-c75f-4b99-8176-b13397a72e58","outcome":"completed","replayed":true}
{"component":"player-command","phase":"consequence","correlationId":"7b29136d-c75f-4b99-8176-b13397a72e58","replayed":true,"changes":0}
{"component":"player-command","phase":"opportunity","correlationId":"7b29136d-c75f-4b99-8176-b13397a72e58","replayed":true,"changes":0}
{"component":"player-command","phase":"response","correlationId":"7b29136d-c75f-4b99-8176-b13397a72e58","statusCode":200,"elapsedMs":33}
{"component":"player-command","phase":"request","correlationId":"15f3fe42-fc29-441b-bdd9-960371c6ff21"}
{"component":"player-command","phase":"authorization","correlationId":"15f3fe42-fc29-441b-bdd9-960371c6ff21","outcome":"allowed"}
{"component":"player-command","phase":"response","correlationId":"15f3fe42-fc29-441b-bdd9-960371c6ff21","statusCode":200,"elapsedMs":73}
{"component":"player-command","phase":"request","correlationId":"d63a3e72-97b3-4766-a240-577145d1d4ad"}
{"component":"player-command","phase":"authorization","correlationId":"d63a3e72-97b3-4766-a240-577145d1d4ad","outcome":"allowed"}
{"component":"player-command","phase":"command","correlationId":"d63a3e72-97b3-4766-a240-577145d1d4ad"}
{"component":"player-command","phase":"mutation","correlationId":"d63a3e72-97b3-4766-a240-577145d1d4ad","outcome":"completed","replayed":false}
{"component":"player-command","phase":"consequence","correlationId":"d63a3e72-97b3-4766-a240-577145d1d4ad","replayed":false,"changes":1}
{"component":"player-command","phase":"opportunity","correlationId":"d63a3e72-97b3-4766-a240-577145d1d4ad","replayed":false,"changes":1}
{"component":"player-command","phase":"response","correlationId":"d63a3e72-97b3-4766-a240-577145d1d4ad","statusCode":200,"elapsedMs":63}
{"component":"player-command","phase":"request","correlationId":"cae3a839-d7d0-47cf-9bcf-e121f3b6c9c6"}
{"component":"player-command","phase":"authorization","correlationId":"cae3a839-d7d0-47cf-9bcf-e121f3b6c9c6","outcome":"allowed"}
{"component":"player-command","phase":"command","correlationId":"cae3a839-d7d0-47cf-9bcf-e121f3b6c9c6"}
{"component":"player-command","phase":"mutation","correlationId":"cae3a839-d7d0-47cf-9bcf-e121f3b6c9c6","outcome":"completed","replayed":true}
{"component":"player-command","phase":"consequence","correlationId":"cae3a839-d7d0-47cf-9bcf-e121f3b6c9c6","replayed":true,"changes":0}
{"component":"player-command","phase":"opportunity","correlationId":"cae3a839-d7d0-47cf-9bcf-e121f3b6c9c6","replayed":true,"changes":0}
{"component":"player-command","phase":"response","correlationId":"cae3a839-d7d0-47cf-9bcf-e121f3b6c9c6","statusCode":200,"elapsedMs":34}
{"component":"player-command","phase":"request","correlationId":"9d74bb71-8d84-4ccd-ac8c-f9615a427806"}
{"component":"player-command","phase":"authorization","correlationId":"9d74bb71-8d84-4ccd-ac8c-f9615a427806","outcome":"allowed"}
{"component":"player-command","phase":"response","correlationId":"9d74bb71-8d84-4ccd-ac8c-f9615a427806","statusCode":200,"elapsedMs":56}
{"component":"player-command","phase":"request","correlationId":"69ad6ed6-98b5-49ad-bb3b-4cf02af43a93"}
{"component":"player-command","phase":"authorization","correlationId":"69ad6ed6-98b5-49ad-bb3b-4cf02af43a93","outcome":"allowed"}
{"component":"player-command","phase":"command","correlationId":"69ad6ed6-98b5-49ad-bb3b-4cf02af43a93"}
{"component":"player-command","phase":"mutation","correlationId":"69ad6ed6-98b5-49ad-bb3b-4cf02af43a93","outcome":"completed","replayed":false}
{"component":"player-command","phase":"consequence","correlationId":"69ad6ed6-98b5-49ad-bb3b-4cf02af43a93","replayed":false,"changes":1}
{"component":"player-command","phase":"opportunity","correlationId":"69ad6ed6-98b5-49ad-bb3b-4cf02af43a93","replayed":false,"changes":1}
{"component":"player-command","phase":"response","correlationId":"69ad6ed6-98b5-49ad-bb3b-4cf02af43a93","statusCode":200,"elapsedMs":102}
{"component":"player-command","phase":"request","correlationId":"7e9f8076-ce96-4498-a69c-98b44c61b53f"}
{"component":"player-command","phase":"authorization","correlationId":"7e9f8076-ce96-4498-a69c-98b44c61b53f","outcome":"allowed"}
{"component":"player-command","phase":"command","correlationId":"7e9f8076-ce96-4498-a69c-98b44c61b53f"}
{"component":"player-command","phase":"mutation","correlationId":"7e9f8076-ce96-4498-a69c-98b44c61b53f","outcome":"completed","replayed":true}
{"component":"player-command","phase":"consequence","correlationId":"7e9f8076-ce96-4498-a69c-98b44c61b53f","replayed":true,"changes":0}
{"component":"player-command","phase":"opportunity","correlationId":"7e9f8076-ce96-4498-a69c-98b44c61b53f","replayed":true,"changes":0}
{"component":"player-command","phase":"response","correlationId":"7e9f8076-ce96-4498-a69c-98b44c61b53f","statusCode":200,"elapsedMs":24}
{"component":"player-command","phase":"request","correlationId":"f681b709-d0bf-422c-bf25-ac94e67ea8d4"}
{"component":"player-command","phase":"authorization","correlationId":"f681b709-d0bf-422c-bf25-ac94e67ea8d4","outcome":"allowed"}
{"component":"player-command","phase":"response","correlationId":"f681b709-d0bf-422c-bf25-ac94e67ea8d4","statusCode":200,"elapsedMs":87}
{"component":"player-command","phase":"request","correlationId":"c7294676-e760-4e4b-811d-052a299906d1"}
{"component":"player-command","phase":"authorization","correlationId":"c7294676-e760-4e4b-811d-052a299906d1","outcome":"allowed"}
{"component":"player-command","phase":"command","correlationId":"c7294676-e760-4e4b-811d-052a299906d1"}
{"component":"player-command","phase":"mutation","correlationId":"c7294676-e760-4e4b-811d-052a299906d1","outcome":"completed","replayed":false}
{"component":"player-command","phase":"consequence","correlationId":"c7294676-e760-4e4b-811d-052a299906d1","replayed":false,"changes":1}
{"component":"player-command","phase":"opportunity","correlationId":"c7294676-e760-4e4b-811d-052a299906d1","replayed":false,"changes":1}
{"component":"player-command","phase":"response","correlationId":"c7294676-e760-4e4b-811d-052a299906d1","statusCode":200,"elapsedMs":86}
{"component":"player-command","phase":"request","correlationId":"1ec8b9e8-a3c0-4087-893e-47b6bfc1e35c"}
{"component":"player-command","phase":"authorization","correlationId":"1ec8b9e8-a3c0-4087-893e-47b6bfc1e35c","outcome":"allowed"}
{"component":"player-command","phase":"command","correlationId":"1ec8b9e8-a3c0-4087-893e-47b6bfc1e35c"}
{"component":"player-command","phase":"mutation","correlationId":"1ec8b9e8-a3c0-4087-893e-47b6bfc1e35c","outcome":"completed","replayed":true}
{"component":"player-command","phase":"consequence","correlationId":"1ec8b9e8-a3c0-4087-893e-47b6bfc1e35c","replayed":true,"changes":0}
{"component":"player-command","phase":"opportunity","correlationId":"1ec8b9e8-a3c0-4087-893e-47b6bfc1e35c","replayed":true,"changes":0}
{"component":"player-command","phase":"response","correlationId":"1ec8b9e8-a3c0-4087-893e-47b6bfc1e35c","statusCode":200,"elapsedMs":47}
{"component":"player-command","phase":"request","correlationId":"83489ba7-de56-4a67-bdb8-f244c0e5c681"}
{"component":"player-command","phase":"authorization","correlationId":"83489ba7-de56-4a67-bdb8-f244c0e5c681","outcome":"allowed"}
{"component":"player-command","phase":"response","correlationId":"83489ba7-de56-4a67-bdb8-f244c0e5c681","statusCode":200,"elapsedMs":61}
{"component":"player-command","phase":"request","correlationId":"8532f183-86d2-4706-8cd9-d91651fb0cb5"}
{"component":"player-command","phase":"authorization","correlationId":"8532f183-86d2-4706-8cd9-d91651fb0cb5","outcome":"allowed"}
{"component":"player-command","phase":"command","correlationId":"8532f183-86d2-4706-8cd9-d91651fb0cb5"}
{"component":"player-command","phase":"mutation","correlationId":"8532f183-86d2-4706-8cd9-d91651fb0cb5","outcome":"completed","replayed":false}
{"component":"player-command","phase":"consequence","correlationId":"8532f183-86d2-4706-8cd9-d91651fb0cb5","replayed":false,"changes":1}
{"component":"player-command","phase":"opportunity","correlationId":"8532f183-86d2-4706-8cd9-d91651fb0cb5","replayed":false,"changes":1}
{"component":"player-command","phase":"response","correlationId":"8532f183-86d2-4706-8cd9-d91651fb0cb5","statusCode":200,"elapsedMs":107}
{"component":"player-command","phase":"request","correlationId":"b1d13eb2-f1d8-4998-8473-1dd282379202"}
{"component":"player-command","phase":"authorization","correlationId":"b1d13eb2-f1d8-4998-8473-1dd282379202","outcome":"allowed"}
{"component":"player-command","phase":"command","correlationId":"b1d13eb2-f1d8-4998-8473-1dd282379202"}
{"component":"player-command","phase":"mutation","correlationId":"b1d13eb2-f1d8-4998-8473-1dd282379202","outcome":"completed","replayed":true}
{"component":"player-command","phase":"consequence","correlationId":"b1d13eb2-f1d8-4998-8473-1dd282379202","replayed":true,"changes":0}
{"component":"player-command","phase":"opportunity","correlationId":"b1d13eb2-f1d8-4998-8473-1dd282379202","replayed":true,"changes":0}
{"component":"player-command","phase":"response","correlationId":"b1d13eb2-f1d8-4998-8473-1dd282379202","statusCode":200,"elapsedMs":28}
{"component":"player-command","phase":"request","correlationId":"89edb60b-786a-412c-a7c6-cbf2598033e7"}
{"component":"player-command","phase":"authorization","correlationId":"89edb60b-786a-412c-a7c6-cbf2598033e7","outcome":"allowed"}
{"component":"player-command","phase":"response","correlationId":"89edb60b-786a-412c-a7c6-cbf2598033e7","statusCode":200,"elapsedMs":72}
{"component":"player-command","phase":"request","correlationId":"fbc4f684-2c6d-48d2-9996-400fda5979d3"}
{"component":"player-command","phase":"authorization","correlationId":"fbc4f684-2c6d-48d2-9996-400fda5979d3","outcome":"allowed"}
{"component":"player-command","phase":"command","correlationId":"fbc4f684-2c6d-48d2-9996-400fda5979d3"}
{"component":"player-command","phase":"mutation","correlationId":"fbc4f684-2c6d-48d2-9996-400fda5979d3","outcome":"completed","replayed":false}
{"component":"player-command","phase":"consequence","correlationId":"fbc4f684-2c6d-48d2-9996-400fda5979d3","replayed":false,"changes":1}
{"component":"player-command","phase":"opportunity","correlationId":"fbc4f684-2c6d-48d2-9996-400fda5979d3","replayed":false,"changes":1}
{"component":"player-command","phase":"response","correlationId":"fbc4f684-2c6d-48d2-9996-400fda5979d3","statusCode":200,"elapsedMs":79}
{"component":"player-command","phase":"request","correlationId":"9d06ae47-ebd2-4ab3-a229-fb5647fd7ae7"}
{"component":"player-command","phase":"authorization","correlationId":"9d06ae47-ebd2-4ab3-a229-fb5647fd7ae7","outcome":"allowed"}
{"component":"player-command","phase":"command","correlationId":"9d06ae47-ebd2-4ab3-a229-fb5647fd7ae7"}
{"component":"player-command","phase":"mutation","correlationId":"9d06ae47-ebd2-4ab3-a229-fb5647fd7ae7","outcome":"completed","replayed":true}
{"component":"player-command","phase":"consequence","correlationId":"9d06ae47-ebd2-4ab3-a229-fb5647fd7ae7","replayed":true,"changes":0}
{"component":"player-command","phase":"opportunity","correlationId":"9d06ae47-ebd2-4ab3-a229-fb5647fd7ae7","replayed":true,"changes":0}
{"component":"player-command","phase":"response","correlationId":"9d06ae47-ebd2-4ab3-a229-fb5647fd7ae7","statusCode":200,"elapsedMs":26}
{"component":"player-command","phase":"request","correlationId":"5f69f10d-f3b5-4c3e-9a3d-489ad6fcb7a3"}
{"component":"player-command","phase":"authorization","correlationId":"5f69f10d-f3b5-4c3e-9a3d-489ad6fcb7a3","outcome":"allowed"}
{"component":"player-command","phase":"response","correlationId":"5f69f10d-f3b5-4c3e-9a3d-489ad6fcb7a3","statusCode":200,"elapsedMs":63}
{"component":"player-command","phase":"request","correlationId":"02f98835-f0f6-480f-a66c-8f282a785f6a"}
{"component":"player-command","phase":"authorization","correlationId":"02f98835-f0f6-480f-a66c-8f282a785f6a","outcome":"allowed"}
{"component":"player-command","phase":"command","correlationId":"02f98835-f0f6-480f-a66c-8f282a785f6a"}
{"component":"player-command","phase":"mutation","correlationId":"02f98835-f0f6-480f-a66c-8f282a785f6a","outcome":"completed","replayed":false}
{"component":"player-command","phase":"consequence","correlationId":"02f98835-f0f6-480f-a66c-8f282a785f6a","replayed":false,"changes":1}
{"component":"player-command","phase":"opportunity","correlationId":"02f98835-f0f6-480f-a66c-8f282a785f6a","replayed":false,"changes":1}
{"component":"player-command","phase":"response","correlationId":"02f98835-f0f6-480f-a66c-8f282a785f6a","statusCode":200,"elapsedMs":95}
{"component":"player-command","phase":"request","correlationId":"59fd3130-ea3b-42d9-ac67-f1b73a4ae2ea"}
{"component":"player-command","phase":"authorization","correlationId":"59fd3130-ea3b-42d9-ac67-f1b73a4ae2ea","outcome":"allowed"}
{"component":"player-command","phase":"command","correlationId":"59fd3130-ea3b-42d9-ac67-f1b73a4ae2ea"}
{"component":"player-command","phase":"mutation","correlationId":"59fd3130-ea3b-42d9-ac67-f1b73a4ae2ea","outcome":"completed","replayed":true}
{"component":"player-command","phase":"consequence","correlationId":"59fd3130-ea3b-42d9-ac67-f1b73a4ae2ea","replayed":true,"changes":0}
{"component":"player-command","phase":"opportunity","correlationId":"59fd3130-ea3b-42d9-ac67-f1b73a4ae2ea","replayed":true,"changes":0}
{"component":"player-command","phase":"response","correlationId":"59fd3130-ea3b-42d9-ac67-f1b73a4ae2ea","statusCode":200,"elapsedMs":45}
{"component":"player-command","phase":"request","correlationId":"d025736f-0e98-45b3-a18a-4293511057b4"}
{"component":"player-command","phase":"authorization","correlationId":"d025736f-0e98-45b3-a18a-4293511057b4","outcome":"allowed"}
{"component":"player-command","phase":"response","correlationId":"d025736f-0e98-45b3-a18a-4293511057b4","statusCode":200,"elapsedMs":66}
{"component":"player-command","phase":"request","correlationId":"bf8bca4f-11e2-4197-87b0-cd14b30825c3"}
{"component":"player-command","phase":"authorization","correlationId":"bf8bca4f-11e2-4197-87b0-cd14b30825c3","outcome":"allowed"}
{"component":"player-command","phase":"command","correlationId":"bf8bca4f-11e2-4197-87b0-cd14b30825c3"}
{"component":"player-command","phase":"mutation","correlationId":"bf8bca4f-11e2-4197-87b0-cd14b30825c3","outcome":"completed","replayed":false}
{"component":"player-command","phase":"consequence","correlationId":"bf8bca4f-11e2-4197-87b0-cd14b30825c3","replayed":false,"changes":1}
{"component":"player-command","phase":"opportunity","correlationId":"bf8bca4f-11e2-4197-87b0-cd14b30825c3","replayed":false,"changes":1}
{"component":"player-command","phase":"response","correlationId":"bf8bca4f-11e2-4197-87b0-cd14b30825c3","statusCode":200,"elapsedMs":71}
{"component":"player-command","phase":"request","correlationId":"d6767302-b779-4c6b-8a23-0499b0998541"}
{"component":"player-command","phase":"authorization","correlationId":"d6767302-b779-4c6b-8a23-0499b0998541","outcome":"allowed"}
{"component":"player-command","phase":"command","correlationId":"d6767302-b779-4c6b-8a23-0499b0998541"}
{"component":"player-command","phase":"mutation","correlationId":"d6767302-b779-4c6b-8a23-0499b0998541","outcome":"completed","replayed":true}
{"component":"player-command","phase":"consequence","correlationId":"d6767302-b779-4c6b-8a23-0499b0998541","replayed":true,"changes":0}
{"component":"player-command","phase":"opportunity","correlationId":"d6767302-b779-4c6b-8a23-0499b0998541","replayed":true,"changes":0}
{"component":"player-command","phase":"response","correlationId":"d6767302-b779-4c6b-8a23-0499b0998541","statusCode":200,"elapsedMs":34}
{"component":"player-command","phase":"request","correlationId":"c61a8df5-2f6f-486e-b47e-c252a39d4881"}
{"component":"player-command","phase":"authorization","correlationId":"c61a8df5-2f6f-486e-b47e-c252a39d4881","outcome":"allowed"}
{"component":"player-command","phase":"response","correlationId":"c61a8df5-2f6f-486e-b47e-c252a39d4881","statusCode":200,"elapsedMs":71}
{"component":"player-command","phase":"request","correlationId":"59b6daab-d8f4-4012-b1fe-43dc407b37ae"}
{"component":"player-command","phase":"authorization","correlationId":"59b6daab-d8f4-4012-b1fe-43dc407b37ae","outcome":"allowed"}
{"component":"player-command","phase":"command","correlationId":"59b6daab-d8f4-4012-b1fe-43dc407b37ae"}
{"component":"player-command","phase":"mutation","correlationId":"59b6daab-d8f4-4012-b1fe-43dc407b37ae","outcome":"completed","replayed":false}
{"component":"player-command","phase":"consequence","correlationId":"59b6daab-d8f4-4012-b1fe-43dc407b37ae","replayed":false,"changes":1}
{"component":"player-command","phase":"opportunity","correlationId":"59b6daab-d8f4-4012-b1fe-43dc407b37ae","replayed":false,"changes":1}
{"component":"player-command","phase":"response","correlationId":"59b6daab-d8f4-4012-b1fe-43dc407b37ae","statusCode":200,"elapsedMs":86}
{"component":"player-command","phase":"request","correlationId":"47f2e4fc-60aa-4a18-8ffe-bf9fbbc1fb5d"}
{"component":"player-command","phase":"authorization","correlationId":"47f2e4fc-60aa-4a18-8ffe-bf9fbbc1fb5d","outcome":"allowed"}
{"component":"player-command","phase":"command","correlationId":"47f2e4fc-60aa-4a18-8ffe-bf9fbbc1fb5d"}
{"component":"player-command","phase":"mutation","correlationId":"47f2e4fc-60aa-4a18-8ffe-bf9fbbc1fb5d","outcome":"completed","replayed":true}
{"component":"player-command","phase":"consequence","correlationId":"47f2e4fc-60aa-4a18-8ffe-bf9fbbc1fb5d","replayed":true,"changes":0}
{"component":"player-command","phase":"opportunity","correlationId":"47f2e4fc-60aa-4a18-8ffe-bf9fbbc1fb5d","replayed":true,"changes":0}
{"component":"player-command","phase":"response","correlationId":"47f2e4fc-60aa-4a18-8ffe-bf9fbbc1fb5d","statusCode":200,"elapsedMs":28}
{"component":"player-command","phase":"request","correlationId":"759b4e49-0048-425a-976e-000f713a3932"}
{"component":"player-command","phase":"authorization","correlationId":"759b4e49-0048-425a-976e-000f713a3932","outcome":"allowed"}
{"component":"player-command","phase":"response","correlationId":"759b4e49-0048-425a-976e-000f713a3932","statusCode":200,"elapsedMs":69}
{"component":"player-command","phase":"request","correlationId":"06b844a4-231e-44f9-80b8-e9e73c9ffff9"}
{"component":"player-command","phase":"authorization","correlationId":"06b844a4-231e-44f9-80b8-e9e73c9ffff9","outcome":"allowed"}
{"component":"player-command","phase":"command","correlationId":"06b844a4-231e-44f9-80b8-e9e73c9ffff9"}
{"component":"player-command","phase":"mutation","correlationId":"06b844a4-231e-44f9-80b8-e9e73c9ffff9","outcome":"completed","replayed":false}
{"component":"player-command","phase":"consequence","correlationId":"06b844a4-231e-44f9-80b8-e9e73c9ffff9","replayed":false,"changes":1}
{"component":"player-command","phase":"opportunity","correlationId":"06b844a4-231e-44f9-80b8-e9e73c9ffff9","replayed":false,"changes":1}
{"component":"player-command","phase":"response","correlationId":"06b844a4-231e-44f9-80b8-e9e73c9ffff9","statusCode":200,"elapsedMs":87}
{"component":"player-command","phase":"request","correlationId":"faca6f87-af72-4718-b761-4a10cb0bd7af"}
{"component":"player-command","phase":"authorization","correlationId":"faca6f87-af72-4718-b761-4a10cb0bd7af","outcome":"allowed"}
{"component":"player-command","phase":"command","correlationId":"faca6f87-af72-4718-b761-4a10cb0bd7af"}
{"component":"player-command","phase":"mutation","correlationId":"faca6f87-af72-4718-b761-4a10cb0bd7af","outcome":"completed","replayed":true}
{"component":"player-command","phase":"consequence","correlationId":"faca6f87-af72-4718-b761-4a10cb0bd7af","replayed":true,"changes":0}
{"component":"player-command","phase":"opportunity","correlationId":"faca6f87-af72-4718-b761-4a10cb0bd7af","replayed":true,"changes":0}
{"component":"player-command","phase":"response","correlationId":"faca6f87-af72-4718-b761-4a10cb0bd7af","statusCode":200,"elapsedMs":29}
{"component":"player-command","phase":"request","correlationId":"943d0d7c-667c-4550-8491-429722551d7b"}
{"component":"player-command","phase":"authorization","correlationId":"943d0d7c-667c-4550-8491-429722551d7b","outcome":"allowed"}
{"component":"player-command","phase":"response","correlationId":"943d0d7c-667c-4550-8491-429722551d7b","statusCode":200,"elapsedMs":97}
{"component":"player-command","phase":"request","correlationId":"43bf389b-1d3b-4ae6-b6a8-2255b8a46ddc"}
{"component":"player-command","phase":"authorization","correlationId":"43bf389b-1d3b-4ae6-b6a8-2255b8a46ddc","outcome":"allowed"}
{"component":"player-command","phase":"command","correlationId":"43bf389b-1d3b-4ae6-b6a8-2255b8a46ddc"}
{"component":"player-command","phase":"mutation","correlationId":"43bf389b-1d3b-4ae6-b6a8-2255b8a46ddc","outcome":"completed","replayed":false}
{"component":"player-command","phase":"consequence","correlationId":"43bf389b-1d3b-4ae6-b6a8-2255b8a46ddc","replayed":false,"changes":1}
{"component":"player-command","phase":"opportunity","correlationId":"43bf389b-1d3b-4ae6-b6a8-2255b8a46ddc","replayed":false,"changes":1}
{"component":"player-command","phase":"response","correlationId":"43bf389b-1d3b-4ae6-b6a8-2255b8a46ddc","statusCode":200,"elapsedMs":92}
{"component":"player-command","phase":"request","correlationId":"e8e3339f-689b-4513-b8e7-89cde4ebad47"}
{"component":"player-command","phase":"authorization","correlationId":"e8e3339f-689b-4513-b8e7-89cde4ebad47","outcome":"allowed"}
{"component":"player-command","phase":"command","correlationId":"e8e3339f-689b-4513-b8e7-89cde4ebad47"}
{"component":"player-command","phase":"mutation","correlationId":"e8e3339f-689b-4513-b8e7-89cde4ebad47","outcome":"completed","replayed":true}
{"component":"player-command","phase":"consequence","correlationId":"e8e3339f-689b-4513-b8e7-89cde4ebad47","replayed":true,"changes":0}
{"component":"player-command","phase":"opportunity","correlationId":"e8e3339f-689b-4513-b8e7-89cde4ebad47","replayed":true,"changes":0}
{"component":"player-command","phase":"response","correlationId":"e8e3339f-689b-4513-b8e7-89cde4ebad47","statusCode":200,"elapsedMs":33}
{"component":"player-command","phase":"request","correlationId":"23834ded-b05d-4058-a78e-7254f6c78f4f"}
{"component":"player-command","phase":"authorization","correlationId":"23834ded-b05d-4058-a78e-7254f6c78f4f","outcome":"allowed"}
{"component":"player-command","phase":"response","correlationId":"23834ded-b05d-4058-a78e-7254f6c78f4f","statusCode":200,"elapsedMs":71}
{"component":"player-command","phase":"request","correlationId":"5143deb9-8afb-409d-9b63-ec131f7a7084"}
{"component":"player-command","phase":"authorization","correlationId":"5143deb9-8afb-409d-9b63-ec131f7a7084","outcome":"allowed"}
{"component":"player-command","phase":"command","correlationId":"5143deb9-8afb-409d-9b63-ec131f7a7084"}
{"component":"player-command","phase":"mutation","correlationId":"5143deb9-8afb-409d-9b63-ec131f7a7084","outcome":"completed","replayed":false}
{"component":"player-command","phase":"consequence","correlationId":"5143deb9-8afb-409d-9b63-ec131f7a7084","replayed":false,"changes":1}
{"component":"player-command","phase":"opportunity","correlationId":"5143deb9-8afb-409d-9b63-ec131f7a7084","replayed":false,"changes":1}
{"component":"player-command","phase":"response","correlationId":"5143deb9-8afb-409d-9b63-ec131f7a7084","statusCode":200,"elapsedMs":92}
{"component":"player-command","phase":"request","correlationId":"f7ff4d5b-71c9-43ab-8f38-c8c51ae7b59e"}
{"component":"player-command","phase":"authorization","correlationId":"f7ff4d5b-71c9-43ab-8f38-c8c51ae7b59e","outcome":"allowed"}
{"component":"player-command","phase":"command","correlationId":"f7ff4d5b-71c9-43ab-8f38-c8c51ae7b59e"}
{"component":"player-command","phase":"mutation","correlationId":"f7ff4d5b-71c9-43ab-8f38-c8c51ae7b59e","outcome":"completed","replayed":true}
{"component":"player-command","phase":"consequence","correlationId":"f7ff4d5b-71c9-43ab-8f38-c8c51ae7b59e","replayed":true,"changes":0}
{"component":"player-command","phase":"opportunity","correlationId":"f7ff4d5b-71c9-43ab-8f38-c8c51ae7b59e","replayed":true,"changes":0}
{"component":"player-command","phase":"response","correlationId":"f7ff4d5b-71c9-43ab-8f38-c8c51ae7b59e","statusCode":200,"elapsedMs":37}
{"component":"player-command","phase":"request","correlationId":"384548c5-11a4-4215-ab3f-99b23e4291a5"}
{"component":"player-command","phase":"authorization","correlationId":"384548c5-11a4-4215-ab3f-99b23e4291a5","outcome":"allowed"}
{"component":"player-command","phase":"response","correlationId":"384548c5-11a4-4215-ab3f-99b23e4291a5","statusCode":200,"elapsedMs":74}
{"component":"player-command","phase":"request","correlationId":"c89b7e76-54ae-429f-aadc-0f0c12f742de"}
{"component":"player-command","phase":"authorization","correlationId":"c89b7e76-54ae-429f-aadc-0f0c12f742de","outcome":"allowed"}
{"component":"player-command","phase":"command","correlationId":"c89b7e76-54ae-429f-aadc-0f0c12f742de"}
{"component":"player-command","phase":"mutation","correlationId":"c89b7e76-54ae-429f-aadc-0f0c12f742de","outcome":"completed","replayed":false}
{"component":"player-command","phase":"consequence","correlationId":"c89b7e76-54ae-429f-aadc-0f0c12f742de","replayed":false,"changes":1}
{"component":"player-command","phase":"opportunity","correlationId":"c89b7e76-54ae-429f-aadc-0f0c12f742de","replayed":false,"changes":1}
{"component":"player-command","phase":"response","correlationId":"c89b7e76-54ae-429f-aadc-0f0c12f742de","statusCode":200,"elapsedMs":91}
{"component":"player-command","phase":"request","correlationId":"a62da942-6ae1-4297-afbe-236a518fcfa3"}
{"component":"player-command","phase":"authorization","correlationId":"a62da942-6ae1-4297-afbe-236a518fcfa3","outcome":"allowed"}
{"component":"player-command","phase":"command","correlationId":"a62da942-6ae1-4297-afbe-236a518fcfa3"}
{"component":"player-command","phase":"mutation","correlationId":"a62da942-6ae1-4297-afbe-236a518fcfa3","outcome":"completed","replayed":true}
{"component":"player-command","phase":"consequence","correlationId":"a62da942-6ae1-4297-afbe-236a518fcfa3","replayed":true,"changes":0}
{"component":"player-command","phase":"opportunity","correlationId":"a62da942-6ae1-4297-afbe-236a518fcfa3","replayed":true,"changes":0}
{"component":"player-command","phase":"response","correlationId":"a62da942-6ae1-4297-afbe-236a518fcfa3","statusCode":200,"elapsedMs":36}
{"component":"player-command","phase":"request","correlationId":"c9a3fb01-9b7e-4b31-82cb-9176433763fd"}
{"component":"player-command","phase":"authorization","correlationId":"c9a3fb01-9b7e-4b31-82cb-9176433763fd","outcome":"allowed"}
{"component":"player-command","phase":"response","correlationId":"c9a3fb01-9b7e-4b31-82cb-9176433763fd","statusCode":200,"elapsedMs":69}
{"component":"player-command","phase":"request","correlationId":"b632b076-ecf9-4df3-82b4-a0b6389b7dde"}
{"component":"player-command","phase":"authorization","correlationId":"b632b076-ecf9-4df3-82b4-a0b6389b7dde","outcome":"allowed"}
{"component":"player-command","phase":"command","correlationId":"b632b076-ecf9-4df3-82b4-a0b6389b7dde"}
{"component":"player-command","phase":"mutation","correlationId":"b632b076-ecf9-4df3-82b4-a0b6389b7dde","outcome":"completed","replayed":false}
{"component":"player-command","phase":"consequence","correlationId":"b632b076-ecf9-4df3-82b4-a0b6389b7dde","replayed":false,"changes":1}
{"component":"player-command","phase":"opportunity","correlationId":"b632b076-ecf9-4df3-82b4-a0b6389b7dde","replayed":false,"changes":1}
{"component":"player-command","phase":"response","correlationId":"b632b076-ecf9-4df3-82b4-a0b6389b7dde","statusCode":200,"elapsedMs":80}
{"component":"player-command","phase":"request","correlationId":"93ec4a74-ab1a-4d74-ad30-c0707bf61b9d"}
{"component":"player-command","phase":"authorization","correlationId":"93ec4a74-ab1a-4d74-ad30-c0707bf61b9d","outcome":"allowed"}
{"component":"player-command","phase":"command","correlationId":"93ec4a74-ab1a-4d74-ad30-c0707bf61b9d"}
{"component":"player-command","phase":"mutation","correlationId":"93ec4a74-ab1a-4d74-ad30-c0707bf61b9d","outcome":"completed","replayed":true}
{"component":"player-command","phase":"consequence","correlationId":"93ec4a74-ab1a-4d74-ad30-c0707bf61b9d","replayed":true,"changes":0}
{"component":"player-command","phase":"opportunity","correlationId":"93ec4a74-ab1a-4d74-ad30-c0707bf61b9d","replayed":true,"changes":0}
{"component":"player-command","phase":"response","correlationId":"93ec4a74-ab1a-4d74-ad30-c0707bf61b9d","statusCode":200,"elapsedMs":29}
{"component":"player-command","phase":"request","correlationId":"6de4e07d-ba95-4025-a7eb-f59c8c03afce"}
{"component":"player-command","phase":"authorization","correlationId":"6de4e07d-ba95-4025-a7eb-f59c8c03afce","outcome":"allowed"}
{"component":"player-command","phase":"response","correlationId":"6de4e07d-ba95-4025-a7eb-f59c8c03afce","statusCode":200,"elapsedMs":76}
{"component":"player-command","phase":"request","correlationId":"a7027e9a-e6f7-4323-afdd-ccd60d2ed8b7"}
{"component":"player-command","phase":"authorization","correlationId":"a7027e9a-e6f7-4323-afdd-ccd60d2ed8b7","outcome":"allowed"}
{"component":"player-command","phase":"command","correlationId":"a7027e9a-e6f7-4323-afdd-ccd60d2ed8b7"}
{"component":"player-command","phase":"mutation","correlationId":"a7027e9a-e6f7-4323-afdd-ccd60d2ed8b7","outcome":"completed","replayed":false}
{"component":"player-command","phase":"consequence","correlationId":"a7027e9a-e6f7-4323-afdd-ccd60d2ed8b7","replayed":false,"changes":1}
{"component":"player-command","phase":"opportunity","correlationId":"a7027e9a-e6f7-4323-afdd-ccd60d2ed8b7","replayed":false,"changes":1}
{"component":"player-command","phase":"response","correlationId":"a7027e9a-e6f7-4323-afdd-ccd60d2ed8b7","statusCode":200,"elapsedMs":119}
{"component":"player-command","phase":"request","correlationId":"2088c527-5c61-4fd9-8398-509a15796a26"}
{"component":"player-command","phase":"authorization","correlationId":"2088c527-5c61-4fd9-8398-509a15796a26","outcome":"allowed"}
{"component":"player-command","phase":"command","correlationId":"2088c527-5c61-4fd9-8398-509a15796a26"}
{"component":"player-command","phase":"mutation","correlationId":"2088c527-5c61-4fd9-8398-509a15796a26","outcome":"completed","replayed":true}
{"component":"player-command","phase":"consequence","correlationId":"2088c527-5c61-4fd9-8398-509a15796a26","replayed":true,"changes":0}
{"component":"player-command","phase":"opportunity","correlationId":"2088c527-5c61-4fd9-8398-509a15796a26","replayed":true,"changes":0}
{"component":"player-command","phase":"response","correlationId":"2088c527-5c61-4fd9-8398-509a15796a26","statusCode":200,"elapsedMs":33}
{"component":"player-command","phase":"request","correlationId":"3d74d056-73e8-4aad-abed-fd31aa717604"}
{"component":"player-command","phase":"authorization","correlationId":"3d74d056-73e8-4aad-abed-fd31aa717604","outcome":"allowed"}
{"component":"player-command","phase":"response","correlationId":"3d74d056-73e8-4aad-abed-fd31aa717604","statusCode":200,"elapsedMs":69}
{"component":"player-command","phase":"request","correlationId":"0f00d631-c07d-4acf-b657-01e4061a41a0"}
{"component":"player-command","phase":"authorization","correlationId":"0f00d631-c07d-4acf-b657-01e4061a41a0","outcome":"allowed"}
{"component":"player-command","phase":"command","correlationId":"0f00d631-c07d-4acf-b657-01e4061a41a0"}
{"component":"player-command","phase":"mutation","correlationId":"0f00d631-c07d-4acf-b657-01e4061a41a0","outcome":"completed","replayed":false}
{"component":"player-command","phase":"consequence","correlationId":"0f00d631-c07d-4acf-b657-01e4061a41a0","replayed":false,"changes":1}
{"component":"player-command","phase":"opportunity","correlationId":"0f00d631-c07d-4acf-b657-01e4061a41a0","replayed":false,"changes":1}
{"component":"player-command","phase":"response","correlationId":"0f00d631-c07d-4acf-b657-01e4061a41a0","statusCode":200,"elapsedMs":97}
{"component":"player-command","phase":"request","correlationId":"ab803325-b7d8-494c-8529-ff9a44d0d802"}
{"component":"player-command","phase":"authorization","correlationId":"ab803325-b7d8-494c-8529-ff9a44d0d802","outcome":"allowed"}
{"component":"player-command","phase":"command","correlationId":"ab803325-b7d8-494c-8529-ff9a44d0d802"}
{"component":"player-command","phase":"mutation","correlationId":"ab803325-b7d8-494c-8529-ff9a44d0d802","outcome":"completed","replayed":true}
{"component":"player-command","phase":"consequence","correlationId":"ab803325-b7d8-494c-8529-ff9a44d0d802","replayed":true,"changes":0}
{"component":"player-command","phase":"opportunity","correlationId":"ab803325-b7d8-494c-8529-ff9a44d0d802","replayed":true,"changes":0}
{"component":"player-command","phase":"response","correlationId":"ab803325-b7d8-494c-8529-ff9a44d0d802","statusCode":200,"elapsedMs":39}
{"component":"player-command","phase":"request","correlationId":"1e08f8bc-6149-49ce-9a65-94d9b726a65e"}
{"component":"player-command","phase":"authorization","correlationId":"1e08f8bc-6149-49ce-9a65-94d9b726a65e","outcome":"allowed"}
{"component":"player-command","phase":"response","correlationId":"1e08f8bc-6149-49ce-9a65-94d9b726a65e","statusCode":200,"elapsedMs":67}
{"component":"player-command","phase":"request","correlationId":"a9fc3ea3-5995-448b-9a62-cd0d324694aa"}
{"component":"player-command","phase":"authorization","correlationId":"a9fc3ea3-5995-448b-9a62-cd0d324694aa","outcome":"allowed"}
{"component":"player-command","phase":"command","correlationId":"a9fc3ea3-5995-448b-9a62-cd0d324694aa"}
{"component":"player-command","phase":"mutation","correlationId":"a9fc3ea3-5995-448b-9a62-cd0d324694aa","outcome":"completed","replayed":false}
{"component":"player-command","phase":"consequence","correlationId":"a9fc3ea3-5995-448b-9a62-cd0d324694aa","replayed":false,"changes":1}
{"component":"player-command","phase":"opportunity","correlationId":"a9fc3ea3-5995-448b-9a62-cd0d324694aa","replayed":false,"changes":1}
{"component":"player-command","phase":"response","correlationId":"a9fc3ea3-5995-448b-9a62-cd0d324694aa","statusCode":200,"elapsedMs":105}
{"component":"player-command","phase":"request","correlationId":"49ec3edf-781e-4ceb-b5fb-906c48b68a27"}
{"component":"player-command","phase":"authorization","correlationId":"49ec3edf-781e-4ceb-b5fb-906c48b68a27","outcome":"allowed"}
{"component":"player-command","phase":"command","correlationId":"49ec3edf-781e-4ceb-b5fb-906c48b68a27"}
{"component":"player-command","phase":"mutation","correlationId":"49ec3edf-781e-4ceb-b5fb-906c48b68a27","outcome":"completed","replayed":true}
{"component":"player-command","phase":"consequence","correlationId":"49ec3edf-781e-4ceb-b5fb-906c48b68a27","replayed":true,"changes":0}
{"component":"player-command","phase":"opportunity","correlationId":"49ec3edf-781e-4ceb-b5fb-906c48b68a27","replayed":true,"changes":0}
{"component":"player-command","phase":"response","correlationId":"49ec3edf-781e-4ceb-b5fb-906c48b68a27","statusCode":200,"elapsedMs":56}
{"component":"player-command","phase":"request","correlationId":"122611e8-51db-4337-85d2-9d5afe70c003"}
{"component":"player-command","phase":"authorization","correlationId":"122611e8-51db-4337-85d2-9d5afe70c003","outcome":"allowed"}
{"component":"player-command","phase":"response","correlationId":"122611e8-51db-4337-85d2-9d5afe70c003","statusCode":200,"elapsedMs":110}
{"component":"player-command","phase":"request","correlationId":"6717332a-5fff-4f68-b6f5-fcc27e771d2a"}
{"component":"player-command","phase":"authorization","correlationId":"6717332a-5fff-4f68-b6f5-fcc27e771d2a","outcome":"allowed"}
{"component":"player-command","phase":"command","correlationId":"6717332a-5fff-4f68-b6f5-fcc27e771d2a"}
{"component":"player-command","phase":"mutation","correlationId":"6717332a-5fff-4f68-b6f5-fcc27e771d2a","outcome":"completed","replayed":false}
{"component":"player-command","phase":"consequence","correlationId":"6717332a-5fff-4f68-b6f5-fcc27e771d2a","replayed":false,"changes":1}
{"component":"player-command","phase":"opportunity","correlationId":"6717332a-5fff-4f68-b6f5-fcc27e771d2a","replayed":false,"changes":1}
{"component":"player-command","phase":"response","correlationId":"6717332a-5fff-4f68-b6f5-fcc27e771d2a","statusCode":200,"elapsedMs":125}
{"component":"player-command","phase":"request","correlationId":"8dd254e8-d2d5-4b6d-8a24-84b1899d2d36"}
{"component":"player-command","phase":"authorization","correlationId":"8dd254e8-d2d5-4b6d-8a24-84b1899d2d36","outcome":"allowed"}
{"component":"player-command","phase":"command","correlationId":"8dd254e8-d2d5-4b6d-8a24-84b1899d2d36"}
{"component":"player-command","phase":"mutation","correlationId":"8dd254e8-d2d5-4b6d-8a24-84b1899d2d36","outcome":"completed","replayed":true}
{"component":"player-command","phase":"consequence","correlationId":"8dd254e8-d2d5-4b6d-8a24-84b1899d2d36","replayed":true,"changes":0}
{"component":"player-command","phase":"opportunity","correlationId":"8dd254e8-d2d5-4b6d-8a24-84b1899d2d36","replayed":true,"changes":0}
{"component":"player-command","phase":"response","correlationId":"8dd254e8-d2d5-4b6d-8a24-84b1899d2d36","statusCode":200,"elapsedMs":37}
{"component":"player-command","phase":"request","correlationId":"db84e3d3-3cc5-4054-9993-ee42a292a314"}
{"component":"player-command","phase":"authorization","correlationId":"db84e3d3-3cc5-4054-9993-ee42a292a314","outcome":"allowed"}
{"component":"player-command","phase":"response","correlationId":"db84e3d3-3cc5-4054-9993-ee42a292a314","statusCode":200,"elapsedMs":80}
{"component":"player-command","phase":"request","correlationId":"f0843af3-87ec-4c52-b9ab-54c2e6537778"}
{"component":"player-command","phase":"authorization","correlationId":"f0843af3-87ec-4c52-b9ab-54c2e6537778","outcome":"allowed"}
{"component":"player-command","phase":"command","correlationId":"f0843af3-87ec-4c52-b9ab-54c2e6537778"}
{"component":"player-command","phase":"mutation","correlationId":"f0843af3-87ec-4c52-b9ab-54c2e6537778","outcome":"completed","replayed":false}
{"component":"player-command","phase":"consequence","correlationId":"f0843af3-87ec-4c52-b9ab-54c2e6537778","replayed":false,"changes":1}
{"component":"player-command","phase":"opportunity","correlationId":"f0843af3-87ec-4c52-b9ab-54c2e6537778","replayed":false,"changes":1}
{"component":"player-command","phase":"response","correlationId":"f0843af3-87ec-4c52-b9ab-54c2e6537778","statusCode":200,"elapsedMs":121}
{"component":"player-command","phase":"request","correlationId":"51ac45cb-573a-403b-9293-f687e4d03ba8"}
{"component":"player-command","phase":"authorization","correlationId":"51ac45cb-573a-403b-9293-f687e4d03ba8","outcome":"allowed"}
{"component":"player-command","phase":"command","correlationId":"51ac45cb-573a-403b-9293-f687e4d03ba8"}
{"component":"player-command","phase":"mutation","correlationId":"51ac45cb-573a-403b-9293-f687e4d03ba8","outcome":"completed","replayed":true}
{"component":"player-command","phase":"consequence","correlationId":"51ac45cb-573a-403b-9293-f687e4d03ba8","replayed":true,"changes":0}
{"component":"player-command","phase":"opportunity","correlationId":"51ac45cb-573a-403b-9293-f687e4d03ba8","replayed":true,"changes":0}
{"component":"player-command","phase":"response","correlationId":"51ac45cb-573a-403b-9293-f687e4d03ba8","statusCode":200,"elapsedMs":33}
{"component":"player-command","phase":"request","correlationId":"052f168a-f3a0-449b-8c1a-a3ea12f0bf2c"}
{"component":"player-command","phase":"authorization","correlationId":"052f168a-f3a0-449b-8c1a-a3ea12f0bf2c","outcome":"allowed"}
{"component":"player-command","phase":"response","correlationId":"052f168a-f3a0-449b-8c1a-a3ea12f0bf2c","statusCode":200,"elapsedMs":88}
{"component":"player-command","phase":"request","correlationId":"8b5b181e-fb92-4d19-8c58-66661cfbf349"}
{"component":"player-command","phase":"authorization","correlationId":"8b5b181e-fb92-4d19-8c58-66661cfbf349","outcome":"allowed"}
{"component":"player-command","phase":"command","correlationId":"8b5b181e-fb92-4d19-8c58-66661cfbf349"}
{"component":"player-command","phase":"mutation","correlationId":"8b5b181e-fb92-4d19-8c58-66661cfbf349","outcome":"completed","replayed":false}
{"component":"player-command","phase":"consequence","correlationId":"8b5b181e-fb92-4d19-8c58-66661cfbf349","replayed":false,"changes":1}
{"component":"player-command","phase":"opportunity","correlationId":"8b5b181e-fb92-4d19-8c58-66661cfbf349","replayed":false,"changes":1}
{"component":"player-command","phase":"response","correlationId":"8b5b181e-fb92-4d19-8c58-66661cfbf349","statusCode":200,"elapsedMs":98}
{"component":"player-command","phase":"request","correlationId":"5d55888f-ab8b-4de0-9f86-6d36a7c156fd"}
{"component":"player-command","phase":"authorization","correlationId":"5d55888f-ab8b-4de0-9f86-6d36a7c156fd","outcome":"allowed"}
{"component":"player-command","phase":"command","correlationId":"5d55888f-ab8b-4de0-9f86-6d36a7c156fd"}
{"component":"player-command","phase":"mutation","correlationId":"5d55888f-ab8b-4de0-9f86-6d36a7c156fd","outcome":"completed","replayed":true}
{"component":"player-command","phase":"consequence","correlationId":"5d55888f-ab8b-4de0-9f86-6d36a7c156fd","replayed":true,"changes":0}
{"component":"player-command","phase":"opportunity","correlationId":"5d55888f-ab8b-4de0-9f86-6d36a7c156fd","replayed":true,"changes":0}
{"component":"player-command","phase":"response","correlationId":"5d55888f-ab8b-4de0-9f86-6d36a7c156fd","statusCode":200,"elapsedMs":48}
{"component":"player-command","phase":"request","correlationId":"12f48ac2-7b07-4381-a65d-11bf473770c7"}
{"component":"player-command","phase":"authorization","correlationId":"12f48ac2-7b07-4381-a65d-11bf473770c7","outcome":"allowed"}
{"component":"player-command","phase":"response","correlationId":"12f48ac2-7b07-4381-a65d-11bf473770c7","statusCode":200,"elapsedMs":88}
{"component":"player-command","phase":"request","correlationId":"fdd31ad9-a358-4795-bfd7-0a0b5ed8997e"}
{"component":"player-command","phase":"authorization","correlationId":"fdd31ad9-a358-4795-bfd7-0a0b5ed8997e","outcome":"allowed"}
{"component":"player-command","phase":"command","correlationId":"fdd31ad9-a358-4795-bfd7-0a0b5ed8997e"}
{"component":"player-command","phase":"mutation","correlationId":"fdd31ad9-a358-4795-bfd7-0a0b5ed8997e","outcome":"completed","replayed":false}
{"component":"player-command","phase":"consequence","correlationId":"fdd31ad9-a358-4795-bfd7-0a0b5ed8997e","replayed":false,"changes":1}
{"component":"player-command","phase":"opportunity","correlationId":"fdd31ad9-a358-4795-bfd7-0a0b5ed8997e","replayed":false,"changes":1}
{"component":"player-command","phase":"response","correlationId":"fdd31ad9-a358-4795-bfd7-0a0b5ed8997e","statusCode":200,"elapsedMs":87}
{"component":"player-command","phase":"request","correlationId":"e48f0c08-6d05-4948-81ae-4eee40c37831"}
{"component":"player-command","phase":"authorization","correlationId":"e48f0c08-6d05-4948-81ae-4eee40c37831","outcome":"allowed"}
{"component":"player-command","phase":"command","correlationId":"e48f0c08-6d05-4948-81ae-4eee40c37831"}
{"component":"player-command","phase":"mutation","correlationId":"e48f0c08-6d05-4948-81ae-4eee40c37831","outcome":"completed","replayed":true}
{"component":"player-command","phase":"consequence","correlationId":"e48f0c08-6d05-4948-81ae-4eee40c37831","replayed":true,"changes":0}
{"component":"player-command","phase":"opportunity","correlationId":"e48f0c08-6d05-4948-81ae-4eee40c37831","replayed":true,"changes":0}
{"component":"player-command","phase":"response","correlationId":"e48f0c08-6d05-4948-81ae-4eee40c37831","statusCode":200,"elapsedMs":30}
{"component":"player-command","phase":"request","correlationId":"fd51c7f7-0109-480a-8cd2-63812069fbe8"}
{"component":"player-command","phase":"authorization","correlationId":"fd51c7f7-0109-480a-8cd2-63812069fbe8","outcome":"allowed"}
{"component":"player-command","phase":"response","correlationId":"fd51c7f7-0109-480a-8cd2-63812069fbe8","statusCode":200,"elapsedMs":77}
{"component":"player-command","phase":"request","correlationId":"8d2c6976-ec04-4b68-a9a0-29ef15389638"}
{"component":"player-command","phase":"authorization","correlationId":"8d2c6976-ec04-4b68-a9a0-29ef15389638","outcome":"allowed"}
{"component":"player-command","phase":"command","correlationId":"8d2c6976-ec04-4b68-a9a0-29ef15389638"}
{"component":"player-command","phase":"mutation","correlationId":"8d2c6976-ec04-4b68-a9a0-29ef15389638","outcome":"completed","replayed":false}
{"component":"player-command","phase":"consequence","correlationId":"8d2c6976-ec04-4b68-a9a0-29ef15389638","replayed":false,"changes":1}
{"component":"player-command","phase":"opportunity","correlationId":"8d2c6976-ec04-4b68-a9a0-29ef15389638","replayed":false,"changes":1}
{"component":"player-command","phase":"response","correlationId":"8d2c6976-ec04-4b68-a9a0-29ef15389638","statusCode":200,"elapsedMs":78}
{"component":"player-command","phase":"request","correlationId":"a5f504c9-a757-4aff-a65a-5344f62d66e3"}
{"component":"player-command","phase":"authorization","correlationId":"a5f504c9-a757-4aff-a65a-5344f62d66e3","outcome":"allowed"}
{"component":"player-command","phase":"command","correlationId":"a5f504c9-a757-4aff-a65a-5344f62d66e3"}
{"component":"player-command","phase":"mutation","correlationId":"a5f504c9-a757-4aff-a65a-5344f62d66e3","outcome":"completed","replayed":true}
{"component":"player-command","phase":"consequence","correlationId":"a5f504c9-a757-4aff-a65a-5344f62d66e3","replayed":true,"changes":0}
{"component":"player-command","phase":"opportunity","correlationId":"a5f504c9-a757-4aff-a65a-5344f62d66e3","replayed":true,"changes":0}
{"component":"player-command","phase":"response","correlationId":"a5f504c9-a757-4aff-a65a-5344f62d66e3","statusCode":200,"elapsedMs":38}
{"phase":"commands","round":1,"players":25,"assertions":6930}
{"ok":true,"population":25,"requests":200,"transitions":127,"invariantAssertions":6985,"commands":{"discovery.start":25,"discovery.act":25},"replays":50,"blockedPlayers":0,"output":"docs/release/evidence/simulation/entry25.json"}
