⚠️  preflight: Neither PUBLIC_URL nor SOCIAL_GAME_URL is set — every referral link, share prompt and social card will point at the built-in default domain, not yours. Set PUBLIC_URL to this server's own origin (it is also what one-click X sign-in derives its callback from).
⚠️  preflight: INVARIANT_WEBHOOK_URL is not set — the §10.4 economy-drift, backup-failure, oracle-halt and real-value-invariant alarms have nowhere to shout and reach only a log line. Set it (a Slack/Discord webhook) on BOTH processes: the worker fires most alarms, and the API is the only one that can page when the WORKER is dead.
[db] Postgres ready — column migration ran 2956 ADD COLUMN IF NOT EXISTS statements.
{"phase":"created","players":25,"assertions":1430}
{"phase":"created","players":50,"assertions":2805}
{"phase":"created","players":75,"assertions":4180}
{"phase":"created","players":100,"assertions":5555}
{"component":"player-command","phase":"request","correlationId":"2f22f3e4-7d3a-43b1-ac99-c5a23aa35019"}
{"component":"player-command","phase":"authorization","correlationId":"2f22f3e4-7d3a-43b1-ac99-c5a23aa35019","outcome":"allowed"}
{"component":"player-command","phase":"response","correlationId":"2f22f3e4-7d3a-43b1-ac99-c5a23aa35019","statusCode":200,"elapsedMs":77}
{"component":"player-command","phase":"request","correlationId":"95474667-ecae-4eba-b897-884aa7dcde09"}
{"component":"player-command","phase":"authorization","correlationId":"95474667-ecae-4eba-b897-884aa7dcde09","outcome":"allowed"}
{"component":"player-command","phase":"command","correlationId":"95474667-ecae-4eba-b897-884aa7dcde09"}
{"component":"player-command","phase":"mutation","correlationId":"95474667-ecae-4eba-b897-884aa7dcde09","outcome":"completed","replayed":false}
{"component":"player-command","phase":"consequence","correlationId":"95474667-ecae-4eba-b897-884aa7dcde09","replayed":false,"changes":2}
{"component":"player-command","phase":"opportunity","correlationId":"95474667-ecae-4eba-b897-884aa7dcde09","replayed":false,"changes":2}
{"component":"player-command","phase":"response","correlationId":"95474667-ecae-4eba-b897-884aa7dcde09","statusCode":200,"elapsedMs":188}
{"component":"player-command","phase":"request","correlationId":"e493e9e3-cf2c-432b-a004-a9e4e8d88c45"}
{"component":"player-command","phase":"authorization","correlationId":"e493e9e3-cf2c-432b-a004-a9e4e8d88c45","outcome":"allowed"}
{"component":"player-command","phase":"command","correlationId":"e493e9e3-cf2c-432b-a004-a9e4e8d88c45"}
{"component":"player-command","phase":"mutation","correlationId":"e493e9e3-cf2c-432b-a004-a9e4e8d88c45","outcome":"completed","replayed":true}
{"component":"player-command","phase":"consequence","correlationId":"e493e9e3-cf2c-432b-a004-a9e4e8d88c45","replayed":true,"changes":0}
{"component":"player-command","phase":"opportunity","correlationId":"e493e9e3-cf2c-432b-a004-a9e4e8d88c45","replayed":true,"changes":0}
{"component":"player-command","phase":"response","correlationId":"e493e9e3-cf2c-432b-a004-a9e4e8d88c45","statusCode":200,"elapsedMs":39}
{"component":"player-command","phase":"request","correlationId":"af60e175-ed46-4122-b3ba-e344885c66ba"}
{"component":"player-command","phase":"authorization","correlationId":"af60e175-ed46-4122-b3ba-e344885c66ba","outcome":"allowed"}
{"component":"player-command","phase":"response","correlationId":"af60e175-ed46-4122-b3ba-e344885c66ba","statusCode":200,"elapsedMs":65}
{"component":"player-command","phase":"request","correlationId":"3f136be3-3dae-4480-8e8b-4a11ed180764"}
{"component":"player-command","phase":"authorization","correlationId":"3f136be3-3dae-4480-8e8b-4a11ed180764","outcome":"allowed"}
{"component":"player-command","phase":"command","correlationId":"3f136be3-3dae-4480-8e8b-4a11ed180764"}
{"component":"player-command","phase":"mutation","correlationId":"3f136be3-3dae-4480-8e8b-4a11ed180764","outcome":"completed","replayed":false}
{"component":"player-command","phase":"consequence","correlationId":"3f136be3-3dae-4480-8e8b-4a11ed180764","replayed":false,"changes":2}
{"component":"player-command","phase":"opportunity","correlationId":"3f136be3-3dae-4480-8e8b-4a11ed180764","replayed":false,"changes":2}
{"component":"player-command","phase":"response","correlationId":"3f136be3-3dae-4480-8e8b-4a11ed180764","statusCode":200,"elapsedMs":86}
{"component":"player-command","phase":"request","correlationId":"b584e579-6072-41de-8685-1b5bcda0aaa7"}
{"component":"player-command","phase":"authorization","correlationId":"b584e579-6072-41de-8685-1b5bcda0aaa7","outcome":"allowed"}
{"component":"player-command","phase":"command","correlationId":"b584e579-6072-41de-8685-1b5bcda0aaa7"}
{"component":"player-command","phase":"mutation","correlationId":"b584e579-6072-41de-8685-1b5bcda0aaa7","outcome":"completed","replayed":true}
{"component":"player-command","phase":"consequence","correlationId":"b584e579-6072-41de-8685-1b5bcda0aaa7","replayed":true,"changes":0}
{"component":"player-command","phase":"opportunity","correlationId":"b584e579-6072-41de-8685-1b5bcda0aaa7","replayed":true,"changes":0}
{"component":"player-command","phase":"response","correlationId":"b584e579-6072-41de-8685-1b5bcda0aaa7","statusCode":200,"elapsedMs":32}
{"component":"player-command","phase":"request","correlationId":"80e6a89a-033e-4708-9537-ca4c0754d267"}
{"component":"player-command","phase":"authorization","correlationId":"80e6a89a-033e-4708-9537-ca4c0754d267","outcome":"allowed"}
{"component":"player-command","phase":"response","correlationId":"80e6a89a-033e-4708-9537-ca4c0754d267","statusCode":200,"elapsedMs":62}
{"component":"player-command","phase":"request","correlationId":"c8f1d958-e970-4f37-b529-b330b73c1383"}
{"component":"player-command","phase":"authorization","correlationId":"c8f1d958-e970-4f37-b529-b330b73c1383","outcome":"allowed"}
{"component":"player-command","phase":"command","correlationId":"c8f1d958-e970-4f37-b529-b330b73c1383"}
{"component":"player-command","phase":"mutation","correlationId":"c8f1d958-e970-4f37-b529-b330b73c1383","outcome":"completed","replayed":false}
{"component":"player-command","phase":"consequence","correlationId":"c8f1d958-e970-4f37-b529-b330b73c1383","replayed":false,"changes":2}
{"component":"player-command","phase":"opportunity","correlationId":"c8f1d958-e970-4f37-b529-b330b73c1383","replayed":false,"changes":2}
{"component":"player-command","phase":"response","correlationId":"c8f1d958-e970-4f37-b529-b330b73c1383","statusCode":200,"elapsedMs":94}
{"component":"player-command","phase":"request","correlationId":"68fbef7a-3389-481e-a580-66ee20a8cb9a"}
{"component":"player-command","phase":"authorization","correlationId":"68fbef7a-3389-481e-a580-66ee20a8cb9a","outcome":"allowed"}
{"component":"player-command","phase":"command","correlationId":"68fbef7a-3389-481e-a580-66ee20a8cb9a"}
{"component":"player-command","phase":"mutation","correlationId":"68fbef7a-3389-481e-a580-66ee20a8cb9a","outcome":"completed","replayed":true}
{"component":"player-command","phase":"consequence","correlationId":"68fbef7a-3389-481e-a580-66ee20a8cb9a","replayed":true,"changes":0}
{"component":"player-command","phase":"opportunity","correlationId":"68fbef7a-3389-481e-a580-66ee20a8cb9a","replayed":true,"changes":0}
{"component":"player-command","phase":"response","correlationId":"68fbef7a-3389-481e-a580-66ee20a8cb9a","statusCode":200,"elapsedMs":31}
{"component":"player-command","phase":"request","correlationId":"057b9dec-2b00-4740-b16e-747f5493a984"}
{"component":"player-command","phase":"authorization","correlationId":"057b9dec-2b00-4740-b16e-747f5493a984","outcome":"allowed"}
{"component":"player-command","phase":"response","correlationId":"057b9dec-2b00-4740-b16e-747f5493a984","statusCode":200,"elapsedMs":72}
{"component":"player-command","phase":"request","correlationId":"59946845-773a-4be4-be20-9e16dbee6dc6"}
{"component":"player-command","phase":"authorization","correlationId":"59946845-773a-4be4-be20-9e16dbee6dc6","outcome":"allowed"}
{"component":"player-command","phase":"command","correlationId":"59946845-773a-4be4-be20-9e16dbee6dc6"}
{"component":"player-command","phase":"mutation","correlationId":"59946845-773a-4be4-be20-9e16dbee6dc6","outcome":"completed","replayed":false}
{"component":"player-command","phase":"consequence","correlationId":"59946845-773a-4be4-be20-9e16dbee6dc6","replayed":false,"changes":2}
{"component":"player-command","phase":"opportunity","correlationId":"59946845-773a-4be4-be20-9e16dbee6dc6","replayed":false,"changes":2}
{"component":"player-command","phase":"response","correlationId":"59946845-773a-4be4-be20-9e16dbee6dc6","statusCode":200,"elapsedMs":84}
{"component":"player-command","phase":"request","correlationId":"486d8ac7-d0ae-4b92-9a47-6f4aeaab7713"}
{"component":"player-command","phase":"authorization","correlationId":"486d8ac7-d0ae-4b92-9a47-6f4aeaab7713","outcome":"allowed"}
{"component":"player-command","phase":"command","correlationId":"486d8ac7-d0ae-4b92-9a47-6f4aeaab7713"}
{"component":"player-command","phase":"mutation","correlationId":"486d8ac7-d0ae-4b92-9a47-6f4aeaab7713","outcome":"completed","replayed":true}
{"component":"player-command","phase":"consequence","correlationId":"486d8ac7-d0ae-4b92-9a47-6f4aeaab7713","replayed":true,"changes":0}
{"component":"player-command","phase":"opportunity","correlationId":"486d8ac7-d0ae-4b92-9a47-6f4aeaab7713","replayed":true,"changes":0}
{"component":"player-command","phase":"response","correlationId":"486d8ac7-d0ae-4b92-9a47-6f4aeaab7713","statusCode":200,"elapsedMs":29}
{"component":"player-command","phase":"request","correlationId":"e648cd76-25b0-4239-a9da-4e6f72c88b07"}
{"component":"player-command","phase":"authorization","correlationId":"e648cd76-25b0-4239-a9da-4e6f72c88b07","outcome":"allowed"}
{"component":"player-command","phase":"response","correlationId":"e648cd76-25b0-4239-a9da-4e6f72c88b07","statusCode":200,"elapsedMs":63}
{"component":"player-command","phase":"request","correlationId":"a33bd4ac-1e28-4bbb-8f9f-d486f9360daf"}
{"component":"player-command","phase":"authorization","correlationId":"a33bd4ac-1e28-4bbb-8f9f-d486f9360daf","outcome":"allowed"}
{"component":"player-command","phase":"command","correlationId":"a33bd4ac-1e28-4bbb-8f9f-d486f9360daf"}
{"component":"player-command","phase":"mutation","correlationId":"a33bd4ac-1e28-4bbb-8f9f-d486f9360daf","outcome":"completed","replayed":false}
{"component":"player-command","phase":"consequence","correlationId":"a33bd4ac-1e28-4bbb-8f9f-d486f9360daf","replayed":false,"changes":2}
{"component":"player-command","phase":"opportunity","correlationId":"a33bd4ac-1e28-4bbb-8f9f-d486f9360daf","replayed":false,"changes":2}
{"component":"player-command","phase":"response","correlationId":"a33bd4ac-1e28-4bbb-8f9f-d486f9360daf","statusCode":200,"elapsedMs":75}
{"component":"player-command","phase":"request","correlationId":"bd44e280-9a9d-4bf7-88bc-e45c90eea477"}
{"component":"player-command","phase":"authorization","correlationId":"bd44e280-9a9d-4bf7-88bc-e45c90eea477","outcome":"allowed"}
{"component":"player-command","phase":"command","correlationId":"bd44e280-9a9d-4bf7-88bc-e45c90eea477"}
{"component":"player-command","phase":"mutation","correlationId":"bd44e280-9a9d-4bf7-88bc-e45c90eea477","outcome":"completed","replayed":true}
{"component":"player-command","phase":"consequence","correlationId":"bd44e280-9a9d-4bf7-88bc-e45c90eea477","replayed":true,"changes":0}
{"component":"player-command","phase":"opportunity","correlationId":"bd44e280-9a9d-4bf7-88bc-e45c90eea477","replayed":true,"changes":0}
{"component":"player-command","phase":"response","correlationId":"bd44e280-9a9d-4bf7-88bc-e45c90eea477","statusCode":200,"elapsedMs":30}
{"component":"player-command","phase":"request","correlationId":"a8c91e2b-bc65-44ad-a2e9-298ea91eb8b6"}
{"component":"player-command","phase":"authorization","correlationId":"a8c91e2b-bc65-44ad-a2e9-298ea91eb8b6","outcome":"allowed"}
{"component":"player-command","phase":"response","correlationId":"a8c91e2b-bc65-44ad-a2e9-298ea91eb8b6","statusCode":200,"elapsedMs":61}
{"component":"player-command","phase":"request","correlationId":"6d0cfcc0-8e0c-468b-9a96-c8589571efe6"}
{"component":"player-command","phase":"authorization","correlationId":"6d0cfcc0-8e0c-468b-9a96-c8589571efe6","outcome":"allowed"}
{"component":"player-command","phase":"command","correlationId":"6d0cfcc0-8e0c-468b-9a96-c8589571efe6"}
{"component":"player-command","phase":"mutation","correlationId":"6d0cfcc0-8e0c-468b-9a96-c8589571efe6","outcome":"completed","replayed":false}
{"component":"player-command","phase":"consequence","correlationId":"6d0cfcc0-8e0c-468b-9a96-c8589571efe6","replayed":false,"changes":2}
{"component":"player-command","phase":"opportunity","correlationId":"6d0cfcc0-8e0c-468b-9a96-c8589571efe6","replayed":false,"changes":2}
{"component":"player-command","phase":"response","correlationId":"6d0cfcc0-8e0c-468b-9a96-c8589571efe6","statusCode":200,"elapsedMs":82}
{"component":"player-command","phase":"request","correlationId":"01d555e5-7246-46a4-a6e7-a5ab884c7551"}
{"component":"player-command","phase":"authorization","correlationId":"01d555e5-7246-46a4-a6e7-a5ab884c7551","outcome":"allowed"}
{"component":"player-command","phase":"command","correlationId":"01d555e5-7246-46a4-a6e7-a5ab884c7551"}
{"component":"player-command","phase":"mutation","correlationId":"01d555e5-7246-46a4-a6e7-a5ab884c7551","outcome":"completed","replayed":true}
{"component":"player-command","phase":"consequence","correlationId":"01d555e5-7246-46a4-a6e7-a5ab884c7551","replayed":true,"changes":0}
{"component":"player-command","phase":"opportunity","correlationId":"01d555e5-7246-46a4-a6e7-a5ab884c7551","replayed":true,"changes":0}
{"component":"player-command","phase":"response","correlationId":"01d555e5-7246-46a4-a6e7-a5ab884c7551","statusCode":200,"elapsedMs":29}
{"component":"player-command","phase":"request","correlationId":"4c4706c9-0dbb-43df-acea-787c686edd97"}
{"component":"player-command","phase":"authorization","correlationId":"4c4706c9-0dbb-43df-acea-787c686edd97","outcome":"allowed"}
{"component":"player-command","phase":"response","correlationId":"4c4706c9-0dbb-43df-acea-787c686edd97","statusCode":200,"elapsedMs":64}
{"component":"player-command","phase":"request","correlationId":"ea7270e2-d49e-4d65-b8c4-c930814a74b6"}
{"component":"player-command","phase":"authorization","correlationId":"ea7270e2-d49e-4d65-b8c4-c930814a74b6","outcome":"allowed"}
{"component":"player-command","phase":"command","correlationId":"ea7270e2-d49e-4d65-b8c4-c930814a74b6"}
{"component":"player-command","phase":"mutation","correlationId":"ea7270e2-d49e-4d65-b8c4-c930814a74b6","outcome":"completed","replayed":false}
{"component":"player-command","phase":"consequence","correlationId":"ea7270e2-d49e-4d65-b8c4-c930814a74b6","replayed":false,"changes":2}
{"component":"player-command","phase":"opportunity","correlationId":"ea7270e2-d49e-4d65-b8c4-c930814a74b6","replayed":false,"changes":2}
{"component":"player-command","phase":"response","correlationId":"ea7270e2-d49e-4d65-b8c4-c930814a74b6","statusCode":200,"elapsedMs":86}
{"component":"player-command","phase":"request","correlationId":"7d8bfe4d-f4ae-4cf0-a9ba-cb588e184942"}
{"component":"player-command","phase":"authorization","correlationId":"7d8bfe4d-f4ae-4cf0-a9ba-cb588e184942","outcome":"allowed"}
{"component":"player-command","phase":"command","correlationId":"7d8bfe4d-f4ae-4cf0-a9ba-cb588e184942"}
{"component":"player-command","phase":"mutation","correlationId":"7d8bfe4d-f4ae-4cf0-a9ba-cb588e184942","outcome":"completed","replayed":true}
{"component":"player-command","phase":"consequence","correlationId":"7d8bfe4d-f4ae-4cf0-a9ba-cb588e184942","replayed":true,"changes":0}
{"component":"player-command","phase":"opportunity","correlationId":"7d8bfe4d-f4ae-4cf0-a9ba-cb588e184942","replayed":true,"changes":0}
{"component":"player-command","phase":"response","correlationId":"7d8bfe4d-f4ae-4cf0-a9ba-cb588e184942","statusCode":200,"elapsedMs":31}
{"component":"player-command","phase":"request","correlationId":"fd618465-ae46-4677-97d8-017f2230ebf5"}
{"component":"player-command","phase":"authorization","correlationId":"fd618465-ae46-4677-97d8-017f2230ebf5","outcome":"allowed"}
{"component":"player-command","phase":"response","correlationId":"fd618465-ae46-4677-97d8-017f2230ebf5","statusCode":200,"elapsedMs":66}
{"component":"player-command","phase":"request","correlationId":"7301cfd7-b701-4bb5-869f-b6a9b27c4c16"}
{"component":"player-command","phase":"authorization","correlationId":"7301cfd7-b701-4bb5-869f-b6a9b27c4c16","outcome":"allowed"}
{"component":"player-command","phase":"command","correlationId":"7301cfd7-b701-4bb5-869f-b6a9b27c4c16"}
{"component":"player-command","phase":"mutation","correlationId":"7301cfd7-b701-4bb5-869f-b6a9b27c4c16","outcome":"completed","replayed":false}
{"component":"player-command","phase":"consequence","correlationId":"7301cfd7-b701-4bb5-869f-b6a9b27c4c16","replayed":false,"changes":2}
{"component":"player-command","phase":"opportunity","correlationId":"7301cfd7-b701-4bb5-869f-b6a9b27c4c16","replayed":false,"changes":2}
{"component":"player-command","phase":"response","correlationId":"7301cfd7-b701-4bb5-869f-b6a9b27c4c16","statusCode":200,"elapsedMs":82}
{"component":"player-command","phase":"request","correlationId":"74765894-e1e4-4ed2-ad4e-309d118a792e"}
{"component":"player-command","phase":"authorization","correlationId":"74765894-e1e4-4ed2-ad4e-309d118a792e","outcome":"allowed"}
{"component":"player-command","phase":"command","correlationId":"74765894-e1e4-4ed2-ad4e-309d118a792e"}
{"component":"player-command","phase":"mutation","correlationId":"74765894-e1e4-4ed2-ad4e-309d118a792e","outcome":"completed","replayed":true}
{"component":"player-command","phase":"consequence","correlationId":"74765894-e1e4-4ed2-ad4e-309d118a792e","replayed":true,"changes":0}
{"component":"player-command","phase":"opportunity","correlationId":"74765894-e1e4-4ed2-ad4e-309d118a792e","replayed":true,"changes":0}
{"component":"player-command","phase":"response","correlationId":"74765894-e1e4-4ed2-ad4e-309d118a792e","statusCode":200,"elapsedMs":36}
{"component":"player-command","phase":"request","correlationId":"83d63614-574a-4da2-b3c8-d3d335994930"}
{"component":"player-command","phase":"authorization","correlationId":"83d63614-574a-4da2-b3c8-d3d335994930","outcome":"allowed"}
{"component":"player-command","phase":"response","correlationId":"83d63614-574a-4da2-b3c8-d3d335994930","statusCode":200,"elapsedMs":64}
{"component":"player-command","phase":"request","correlationId":"3e2cccfa-c9e6-42ff-8a14-4c9714e08071"}
{"component":"player-command","phase":"authorization","correlationId":"3e2cccfa-c9e6-42ff-8a14-4c9714e08071","outcome":"allowed"}
{"component":"player-command","phase":"command","correlationId":"3e2cccfa-c9e6-42ff-8a14-4c9714e08071"}
{"component":"player-command","phase":"mutation","correlationId":"3e2cccfa-c9e6-42ff-8a14-4c9714e08071","outcome":"completed","replayed":false}
{"component":"player-command","phase":"consequence","correlationId":"3e2cccfa-c9e6-42ff-8a14-4c9714e08071","replayed":false,"changes":2}
{"component":"player-command","phase":"opportunity","correlationId":"3e2cccfa-c9e6-42ff-8a14-4c9714e08071","replayed":false,"changes":2}
{"component":"player-command","phase":"response","correlationId":"3e2cccfa-c9e6-42ff-8a14-4c9714e08071","statusCode":200,"elapsedMs":82}
{"component":"player-command","phase":"request","correlationId":"b8e1fdc3-db06-41fc-9e5a-399f2a5baf6b"}
{"component":"player-command","phase":"authorization","correlationId":"b8e1fdc3-db06-41fc-9e5a-399f2a5baf6b","outcome":"allowed"}
{"component":"player-command","phase":"command","correlationId":"b8e1fdc3-db06-41fc-9e5a-399f2a5baf6b"}
{"component":"player-command","phase":"mutation","correlationId":"b8e1fdc3-db06-41fc-9e5a-399f2a5baf6b","outcome":"completed","replayed":true}
{"component":"player-command","phase":"consequence","correlationId":"b8e1fdc3-db06-41fc-9e5a-399f2a5baf6b","replayed":true,"changes":0}
{"component":"player-command","phase":"opportunity","correlationId":"b8e1fdc3-db06-41fc-9e5a-399f2a5baf6b","replayed":true,"changes":0}
{"component":"player-command","phase":"response","correlationId":"b8e1fdc3-db06-41fc-9e5a-399f2a5baf6b","statusCode":200,"elapsedMs":30}
{"component":"player-command","phase":"request","correlationId":"35fd5ac0-0411-4e00-8941-1577bf48afa8"}
{"component":"player-command","phase":"authorization","correlationId":"35fd5ac0-0411-4e00-8941-1577bf48afa8","outcome":"allowed"}
{"component":"player-command","phase":"response","correlationId":"35fd5ac0-0411-4e00-8941-1577bf48afa8","statusCode":200,"elapsedMs":60}
{"component":"player-command","phase":"request","correlationId":"5560aee2-2e92-4920-9b57-69c4a4d5970b"}
{"component":"player-command","phase":"authorization","correlationId":"5560aee2-2e92-4920-9b57-69c4a4d5970b","outcome":"allowed"}
{"component":"player-command","phase":"command","correlationId":"5560aee2-2e92-4920-9b57-69c4a4d5970b"}
{"component":"player-command","phase":"mutation","correlationId":"5560aee2-2e92-4920-9b57-69c4a4d5970b","outcome":"completed","replayed":false}
{"component":"player-command","phase":"consequence","correlationId":"5560aee2-2e92-4920-9b57-69c4a4d5970b","replayed":false,"changes":2}
{"component":"player-command","phase":"opportunity","correlationId":"5560aee2-2e92-4920-9b57-69c4a4d5970b","replayed":false,"changes":2}
{"component":"player-command","phase":"response","correlationId":"5560aee2-2e92-4920-9b57-69c4a4d5970b","statusCode":200,"elapsedMs":81}
{"component":"player-command","phase":"request","correlationId":"b8ca0198-6457-4526-8cca-9f45e9a5fa6f"}
{"component":"player-command","phase":"authorization","correlationId":"b8ca0198-6457-4526-8cca-9f45e9a5fa6f","outcome":"allowed"}
{"component":"player-command","phase":"command","correlationId":"b8ca0198-6457-4526-8cca-9f45e9a5fa6f"}
{"component":"player-command","phase":"mutation","correlationId":"b8ca0198-6457-4526-8cca-9f45e9a5fa6f","outcome":"completed","replayed":true}
{"component":"player-command","phase":"consequence","correlationId":"b8ca0198-6457-4526-8cca-9f45e9a5fa6f","replayed":true,"changes":0}
{"component":"player-command","phase":"opportunity","correlationId":"b8ca0198-6457-4526-8cca-9f45e9a5fa6f","replayed":true,"changes":0}
{"component":"player-command","phase":"response","correlationId":"b8ca0198-6457-4526-8cca-9f45e9a5fa6f","statusCode":200,"elapsedMs":42}
{"component":"player-command","phase":"request","correlationId":"818eb7c9-64c6-4de1-8bb8-c0de50426850"}
{"component":"player-command","phase":"authorization","correlationId":"818eb7c9-64c6-4de1-8bb8-c0de50426850","outcome":"allowed"}
{"component":"player-command","phase":"response","correlationId":"818eb7c9-64c6-4de1-8bb8-c0de50426850","statusCode":200,"elapsedMs":132}
{"component":"player-command","phase":"request","correlationId":"fd096f64-fad8-4e69-8ed5-3e9fe768bb3c"}
{"component":"player-command","phase":"authorization","correlationId":"fd096f64-fad8-4e69-8ed5-3e9fe768bb3c","outcome":"allowed"}
{"component":"player-command","phase":"command","correlationId":"fd096f64-fad8-4e69-8ed5-3e9fe768bb3c"}
{"component":"player-command","phase":"mutation","correlationId":"fd096f64-fad8-4e69-8ed5-3e9fe768bb3c","outcome":"completed","replayed":false}
{"component":"player-command","phase":"consequence","correlationId":"fd096f64-fad8-4e69-8ed5-3e9fe768bb3c","replayed":false,"changes":2}
{"component":"player-command","phase":"opportunity","correlationId":"fd096f64-fad8-4e69-8ed5-3e9fe768bb3c","replayed":false,"changes":2}
{"component":"player-command","phase":"response","correlationId":"fd096f64-fad8-4e69-8ed5-3e9fe768bb3c","statusCode":200,"elapsedMs":91}
{"component":"player-command","phase":"request","correlationId":"d94ea6fe-111b-4ec3-b304-51adb147bab3"}
{"component":"player-command","phase":"authorization","correlationId":"d94ea6fe-111b-4ec3-b304-51adb147bab3","outcome":"allowed"}
{"component":"player-command","phase":"command","correlationId":"d94ea6fe-111b-4ec3-b304-51adb147bab3"}
{"component":"player-command","phase":"mutation","correlationId":"d94ea6fe-111b-4ec3-b304-51adb147bab3","outcome":"completed","replayed":true}
{"component":"player-command","phase":"consequence","correlationId":"d94ea6fe-111b-4ec3-b304-51adb147bab3","replayed":true,"changes":0}
{"component":"player-command","phase":"opportunity","correlationId":"d94ea6fe-111b-4ec3-b304-51adb147bab3","replayed":true,"changes":0}
{"component":"player-command","phase":"response","correlationId":"d94ea6fe-111b-4ec3-b304-51adb147bab3","statusCode":200,"elapsedMs":33}
{"component":"player-command","phase":"request","correlationId":"74f92cb8-eb18-429c-968b-ff48a5225172"}
{"component":"player-command","phase":"authorization","correlationId":"74f92cb8-eb18-429c-968b-ff48a5225172","outcome":"allowed"}
{"component":"player-command","phase":"response","correlationId":"74f92cb8-eb18-429c-968b-ff48a5225172","statusCode":200,"elapsedMs":67}
{"component":"player-command","phase":"request","correlationId":"5ef4526c-f767-4420-bfa8-c2df4a2c896c"}
{"component":"player-command","phase":"authorization","correlationId":"5ef4526c-f767-4420-bfa8-c2df4a2c896c","outcome":"allowed"}
{"component":"player-command","phase":"command","correlationId":"5ef4526c-f767-4420-bfa8-c2df4a2c896c"}
{"component":"player-command","phase":"mutation","correlationId":"5ef4526c-f767-4420-bfa8-c2df4a2c896c","outcome":"completed","replayed":false}
{"component":"player-command","phase":"consequence","correlationId":"5ef4526c-f767-4420-bfa8-c2df4a2c896c","replayed":false,"changes":2}
{"component":"player-command","phase":"opportunity","correlationId":"5ef4526c-f767-4420-bfa8-c2df4a2c896c","replayed":false,"changes":2}
{"component":"player-command","phase":"response","correlationId":"5ef4526c-f767-4420-bfa8-c2df4a2c896c","statusCode":200,"elapsedMs":98}
{"component":"player-command","phase":"request","correlationId":"c2324fe3-eabf-4dff-83dd-51afb9c64921"}
{"component":"player-command","phase":"authorization","correlationId":"c2324fe3-eabf-4dff-83dd-51afb9c64921","outcome":"allowed"}
{"component":"player-command","phase":"command","correlationId":"c2324fe3-eabf-4dff-83dd-51afb9c64921"}
{"component":"player-command","phase":"mutation","correlationId":"c2324fe3-eabf-4dff-83dd-51afb9c64921","outcome":"completed","replayed":true}
{"component":"player-command","phase":"consequence","correlationId":"c2324fe3-eabf-4dff-83dd-51afb9c64921","replayed":true,"changes":0}
{"component":"player-command","phase":"opportunity","correlationId":"c2324fe3-eabf-4dff-83dd-51afb9c64921","replayed":true,"changes":0}
{"component":"player-command","phase":"response","correlationId":"c2324fe3-eabf-4dff-83dd-51afb9c64921","statusCode":200,"elapsedMs":35}
{"component":"player-command","phase":"request","correlationId":"86f9d6e4-9357-4d0e-bd7f-f3d1d93bd2f9"}
{"component":"player-command","phase":"authorization","correlationId":"86f9d6e4-9357-4d0e-bd7f-f3d1d93bd2f9","outcome":"allowed"}
{"component":"player-command","phase":"response","correlationId":"86f9d6e4-9357-4d0e-bd7f-f3d1d93bd2f9","statusCode":200,"elapsedMs":69}
{"component":"player-command","phase":"request","correlationId":"0c980068-ea82-4946-bee4-e5f3390d46de"}
{"component":"player-command","phase":"authorization","correlationId":"0c980068-ea82-4946-bee4-e5f3390d46de","outcome":"allowed"}
{"component":"player-command","phase":"command","correlationId":"0c980068-ea82-4946-bee4-e5f3390d46de"}
{"component":"player-command","phase":"mutation","correlationId":"0c980068-ea82-4946-bee4-e5f3390d46de","outcome":"completed","replayed":false}
{"component":"player-command","phase":"consequence","correlationId":"0c980068-ea82-4946-bee4-e5f3390d46de","replayed":false,"changes":2}
{"component":"player-command","phase":"opportunity","correlationId":"0c980068-ea82-4946-bee4-e5f3390d46de","replayed":false,"changes":2}
{"component":"player-command","phase":"response","correlationId":"0c980068-ea82-4946-bee4-e5f3390d46de","statusCode":200,"elapsedMs":99}
{"component":"player-command","phase":"request","correlationId":"746cadbb-ba56-4c33-b2eb-26a75a112e72"}
{"component":"player-command","phase":"authorization","correlationId":"746cadbb-ba56-4c33-b2eb-26a75a112e72","outcome":"allowed"}
{"component":"player-command","phase":"command","correlationId":"746cadbb-ba56-4c33-b2eb-26a75a112e72"}
{"component":"player-command","phase":"mutation","correlationId":"746cadbb-ba56-4c33-b2eb-26a75a112e72","outcome":"completed","replayed":true}
{"component":"player-command","phase":"consequence","correlationId":"746cadbb-ba56-4c33-b2eb-26a75a112e72","replayed":true,"changes":0}
{"component":"player-command","phase":"opportunity","correlationId":"746cadbb-ba56-4c33-b2eb-26a75a112e72","replayed":true,"changes":0}
{"component":"player-command","phase":"response","correlationId":"746cadbb-ba56-4c33-b2eb-26a75a112e72","statusCode":200,"elapsedMs":129}
{"component":"player-command","phase":"request","correlationId":"ec6fce4a-7b42-4401-8cd4-7c1fefe0abca"}
{"component":"player-command","phase":"authorization","correlationId":"ec6fce4a-7b42-4401-8cd4-7c1fefe0abca","outcome":"allowed"}
{"component":"player-command","phase":"response","correlationId":"ec6fce4a-7b42-4401-8cd4-7c1fefe0abca","statusCode":200,"elapsedMs":66}
{"component":"player-command","phase":"request","correlationId":"e1b9660a-f136-4c60-b8a9-8d99a9f64e85"}
{"component":"player-command","phase":"authorization","correlationId":"e1b9660a-f136-4c60-b8a9-8d99a9f64e85","outcome":"allowed"}
{"component":"player-command","phase":"command","correlationId":"e1b9660a-f136-4c60-b8a9-8d99a9f64e85"}
{"component":"player-command","phase":"mutation","correlationId":"e1b9660a-f136-4c60-b8a9-8d99a9f64e85","outcome":"completed","replayed":false}
{"component":"player-command","phase":"consequence","correlationId":"e1b9660a-f136-4c60-b8a9-8d99a9f64e85","replayed":false,"changes":2}
{"component":"player-command","phase":"opportunity","correlationId":"e1b9660a-f136-4c60-b8a9-8d99a9f64e85","replayed":false,"changes":2}
{"component":"player-command","phase":"response","correlationId":"e1b9660a-f136-4c60-b8a9-8d99a9f64e85","statusCode":200,"elapsedMs":90}
{"component":"player-command","phase":"request","correlationId":"842f854c-5e08-471d-b95a-1b66d0c505e4"}
{"component":"player-command","phase":"authorization","correlationId":"842f854c-5e08-471d-b95a-1b66d0c505e4","outcome":"allowed"}
{"component":"player-command","phase":"command","correlationId":"842f854c-5e08-471d-b95a-1b66d0c505e4"}
{"component":"player-command","phase":"mutation","correlationId":"842f854c-5e08-471d-b95a-1b66d0c505e4","outcome":"completed","replayed":true}
{"component":"player-command","phase":"consequence","correlationId":"842f854c-5e08-471d-b95a-1b66d0c505e4","replayed":true,"changes":0}
{"component":"player-command","phase":"opportunity","correlationId":"842f854c-5e08-471d-b95a-1b66d0c505e4","replayed":true,"changes":0}
{"component":"player-command","phase":"response","correlationId":"842f854c-5e08-471d-b95a-1b66d0c505e4","statusCode":200,"elapsedMs":104}
{"component":"player-command","phase":"request","correlationId":"33631b98-f2ea-4cba-9fb9-72836d7824cc"}
{"component":"player-command","phase":"authorization","correlationId":"33631b98-f2ea-4cba-9fb9-72836d7824cc","outcome":"allowed"}
{"component":"player-command","phase":"response","correlationId":"33631b98-f2ea-4cba-9fb9-72836d7824cc","statusCode":200,"elapsedMs":65}
{"component":"player-command","phase":"request","correlationId":"a70fab42-9e13-4d32-be40-067c4c540e50"}
{"component":"player-command","phase":"authorization","correlationId":"a70fab42-9e13-4d32-be40-067c4c540e50","outcome":"allowed"}
{"component":"player-command","phase":"command","correlationId":"a70fab42-9e13-4d32-be40-067c4c540e50"}
{"component":"player-command","phase":"mutation","correlationId":"a70fab42-9e13-4d32-be40-067c4c540e50","outcome":"completed","replayed":false}
{"component":"player-command","phase":"consequence","correlationId":"a70fab42-9e13-4d32-be40-067c4c540e50","replayed":false,"changes":2}
{"component":"player-command","phase":"opportunity","correlationId":"a70fab42-9e13-4d32-be40-067c4c540e50","replayed":false,"changes":2}
{"component":"player-command","phase":"response","correlationId":"a70fab42-9e13-4d32-be40-067c4c540e50","statusCode":200,"elapsedMs":80}
{"component":"player-command","phase":"request","correlationId":"fb91b8ad-fa8d-41f3-a25a-6507d4657bba"}
{"component":"player-command","phase":"authorization","correlationId":"fb91b8ad-fa8d-41f3-a25a-6507d4657bba","outcome":"allowed"}
{"component":"player-command","phase":"command","correlationId":"fb91b8ad-fa8d-41f3-a25a-6507d4657bba"}
{"component":"player-command","phase":"mutation","correlationId":"fb91b8ad-fa8d-41f3-a25a-6507d4657bba","outcome":"completed","replayed":true}
{"component":"player-command","phase":"consequence","correlationId":"fb91b8ad-fa8d-41f3-a25a-6507d4657bba","replayed":true,"changes":0}
{"component":"player-command","phase":"opportunity","correlationId":"fb91b8ad-fa8d-41f3-a25a-6507d4657bba","replayed":true,"changes":0}
{"component":"player-command","phase":"response","correlationId":"fb91b8ad-fa8d-41f3-a25a-6507d4657bba","statusCode":200,"elapsedMs":30}
{"component":"player-command","phase":"request","correlationId":"4c66c9ba-0ef6-4853-b407-07ba15306b86"}
{"component":"player-command","phase":"authorization","correlationId":"4c66c9ba-0ef6-4853-b407-07ba15306b86","outcome":"allowed"}
{"component":"player-command","phase":"response","correlationId":"4c66c9ba-0ef6-4853-b407-07ba15306b86","statusCode":200,"elapsedMs":113}
{"component":"player-command","phase":"request","correlationId":"fc2ebab0-3f70-4045-bfdb-2d6cf29435cc"}
{"component":"player-command","phase":"authorization","correlationId":"fc2ebab0-3f70-4045-bfdb-2d6cf29435cc","outcome":"allowed"}
{"component":"player-command","phase":"command","correlationId":"fc2ebab0-3f70-4045-bfdb-2d6cf29435cc"}
{"component":"player-command","phase":"mutation","correlationId":"fc2ebab0-3f70-4045-bfdb-2d6cf29435cc","outcome":"completed","replayed":false}
{"component":"player-command","phase":"consequence","correlationId":"fc2ebab0-3f70-4045-bfdb-2d6cf29435cc","replayed":false,"changes":2}
{"component":"player-command","phase":"opportunity","correlationId":"fc2ebab0-3f70-4045-bfdb-2d6cf29435cc","replayed":false,"changes":2}
{"component":"player-command","phase":"response","correlationId":"fc2ebab0-3f70-4045-bfdb-2d6cf29435cc","statusCode":200,"elapsedMs":160}
{"component":"player-command","phase":"request","correlationId":"12095cc1-df6a-4e5e-8d06-cfd3e1b14ec5"}
{"component":"player-command","phase":"authorization","correlationId":"12095cc1-df6a-4e5e-8d06-cfd3e1b14ec5","outcome":"allowed"}
{"component":"player-command","phase":"command","correlationId":"12095cc1-df6a-4e5e-8d06-cfd3e1b14ec5"}
{"component":"player-command","phase":"mutation","correlationId":"12095cc1-df6a-4e5e-8d06-cfd3e1b14ec5","outcome":"completed","replayed":true}
{"component":"player-command","phase":"consequence","correlationId":"12095cc1-df6a-4e5e-8d06-cfd3e1b14ec5","replayed":true,"changes":0}
{"component":"player-command","phase":"opportunity","correlationId":"12095cc1-df6a-4e5e-8d06-cfd3e1b14ec5","replayed":true,"changes":0}
{"component":"player-command","phase":"response","correlationId":"12095cc1-df6a-4e5e-8d06-cfd3e1b14ec5","statusCode":200,"elapsedMs":33}
{"component":"player-command","phase":"request","correlationId":"7e522d00-a378-4a72-b3c3-b4375041c67b"}
{"component":"player-command","phase":"authorization","correlationId":"7e522d00-a378-4a72-b3c3-b4375041c67b","outcome":"allowed"}
{"component":"player-command","phase":"response","correlationId":"7e522d00-a378-4a72-b3c3-b4375041c67b","statusCode":200,"elapsedMs":58}
{"component":"player-command","phase":"request","correlationId":"bbbda284-4d80-43fe-93f0-091ad1f91838"}
{"component":"player-command","phase":"authorization","correlationId":"bbbda284-4d80-43fe-93f0-091ad1f91838","outcome":"allowed"}
{"component":"player-command","phase":"command","correlationId":"bbbda284-4d80-43fe-93f0-091ad1f91838"}
{"component":"player-command","phase":"mutation","correlationId":"bbbda284-4d80-43fe-93f0-091ad1f91838","outcome":"completed","replayed":false}
{"component":"player-command","phase":"consequence","correlationId":"bbbda284-4d80-43fe-93f0-091ad1f91838","replayed":false,"changes":2}
{"component":"player-command","phase":"opportunity","correlationId":"bbbda284-4d80-43fe-93f0-091ad1f91838","replayed":false,"changes":2}
{"component":"player-command","phase":"response","correlationId":"bbbda284-4d80-43fe-93f0-091ad1f91838","statusCode":200,"elapsedMs":70}
{"component":"player-command","phase":"request","correlationId":"fb716e90-5eb3-46c0-b6b1-e298ef9c7c0f"}
{"component":"player-command","phase":"authorization","correlationId":"fb716e90-5eb3-46c0-b6b1-e298ef9c7c0f","outcome":"allowed"}
{"component":"player-command","phase":"command","correlationId":"fb716e90-5eb3-46c0-b6b1-e298ef9c7c0f"}
{"component":"player-command","phase":"mutation","correlationId":"fb716e90-5eb3-46c0-b6b1-e298ef9c7c0f","outcome":"completed","replayed":true}
{"component":"player-command","phase":"consequence","correlationId":"fb716e90-5eb3-46c0-b6b1-e298ef9c7c0f","replayed":true,"changes":0}
{"component":"player-command","phase":"opportunity","correlationId":"fb716e90-5eb3-46c0-b6b1-e298ef9c7c0f","replayed":true,"changes":0}
{"component":"player-command","phase":"response","correlationId":"fb716e90-5eb3-46c0-b6b1-e298ef9c7c0f","statusCode":200,"elapsedMs":28}
{"component":"player-command","phase":"request","correlationId":"bd941f5f-b5e2-42a3-a2cf-df863f54240c"}
{"component":"player-command","phase":"authorization","correlationId":"bd941f5f-b5e2-42a3-a2cf-df863f54240c","outcome":"allowed"}
{"component":"player-command","phase":"response","correlationId":"bd941f5f-b5e2-42a3-a2cf-df863f54240c","statusCode":200,"elapsedMs":59}
{"component":"player-command","phase":"request","correlationId":"5c6ac2f8-fa10-45d7-81c5-f82eff276634"}
{"component":"player-command","phase":"authorization","correlationId":"5c6ac2f8-fa10-45d7-81c5-f82eff276634","outcome":"allowed"}
{"component":"player-command","phase":"command","correlationId":"5c6ac2f8-fa10-45d7-81c5-f82eff276634"}
{"component":"player-command","phase":"mutation","correlationId":"5c6ac2f8-fa10-45d7-81c5-f82eff276634","outcome":"completed","replayed":false}
{"component":"player-command","phase":"consequence","correlationId":"5c6ac2f8-fa10-45d7-81c5-f82eff276634","replayed":false,"changes":2}
{"component":"player-command","phase":"opportunity","correlationId":"5c6ac2f8-fa10-45d7-81c5-f82eff276634","replayed":false,"changes":2}
{"component":"player-command","phase":"response","correlationId":"5c6ac2f8-fa10-45d7-81c5-f82eff276634","statusCode":200,"elapsedMs":71}
{"component":"player-command","phase":"request","correlationId":"772f15b3-87ea-4a36-b0b7-18feb7ddf687"}
{"component":"player-command","phase":"authorization","correlationId":"772f15b3-87ea-4a36-b0b7-18feb7ddf687","outcome":"allowed"}
{"component":"player-command","phase":"command","correlationId":"772f15b3-87ea-4a36-b0b7-18feb7ddf687"}
{"component":"player-command","phase":"mutation","correlationId":"772f15b3-87ea-4a36-b0b7-18feb7ddf687","outcome":"completed","replayed":true}
{"component":"player-command","phase":"consequence","correlationId":"772f15b3-87ea-4a36-b0b7-18feb7ddf687","replayed":true,"changes":0}
{"component":"player-command","phase":"opportunity","correlationId":"772f15b3-87ea-4a36-b0b7-18feb7ddf687","replayed":true,"changes":0}
{"component":"player-command","phase":"response","correlationId":"772f15b3-87ea-4a36-b0b7-18feb7ddf687","statusCode":200,"elapsedMs":27}
{"component":"player-command","phase":"request","correlationId":"7ab3cf79-f70e-4e7f-bbaa-c2c32c76a1e7"}
{"component":"player-command","phase":"authorization","correlationId":"7ab3cf79-f70e-4e7f-bbaa-c2c32c76a1e7","outcome":"allowed"}
{"component":"player-command","phase":"response","correlationId":"7ab3cf79-f70e-4e7f-bbaa-c2c32c76a1e7","statusCode":200,"elapsedMs":57}
{"component":"player-command","phase":"request","correlationId":"902bb60f-6960-41b9-8e4f-941017f80a74"}
{"component":"player-command","phase":"authorization","correlationId":"902bb60f-6960-41b9-8e4f-941017f80a74","outcome":"allowed"}
{"component":"player-command","phase":"command","correlationId":"902bb60f-6960-41b9-8e4f-941017f80a74"}
{"component":"player-command","phase":"mutation","correlationId":"902bb60f-6960-41b9-8e4f-941017f80a74","outcome":"completed","replayed":false}
{"component":"player-command","phase":"consequence","correlationId":"902bb60f-6960-41b9-8e4f-941017f80a74","replayed":false,"changes":2}
{"component":"player-command","phase":"opportunity","correlationId":"902bb60f-6960-41b9-8e4f-941017f80a74","replayed":false,"changes":2}
{"component":"player-command","phase":"response","correlationId":"902bb60f-6960-41b9-8e4f-941017f80a74","statusCode":200,"elapsedMs":73}
{"component":"player-command","phase":"request","correlationId":"a7f3dca9-8e36-4912-9355-56d61012e2d2"}
{"component":"player-command","phase":"authorization","correlationId":"a7f3dca9-8e36-4912-9355-56d61012e2d2","outcome":"allowed"}
{"component":"player-command","phase":"command","correlationId":"a7f3dca9-8e36-4912-9355-56d61012e2d2"}
{"component":"player-command","phase":"mutation","correlationId":"a7f3dca9-8e36-4912-9355-56d61012e2d2","outcome":"completed","replayed":true}
{"component":"player-command","phase":"consequence","correlationId":"a7f3dca9-8e36-4912-9355-56d61012e2d2","replayed":true,"changes":0}
{"component":"player-command","phase":"opportunity","correlationId":"a7f3dca9-8e36-4912-9355-56d61012e2d2","replayed":true,"changes":0}
{"component":"player-command","phase":"response","correlationId":"a7f3dca9-8e36-4912-9355-56d61012e2d2","statusCode":200,"elapsedMs":28}
{"component":"player-command","phase":"request","correlationId":"acea3092-ebab-4834-b56c-d4d68e958387"}
{"component":"player-command","phase":"authorization","correlationId":"acea3092-ebab-4834-b56c-d4d68e958387","outcome":"allowed"}
{"component":"player-command","phase":"response","correlationId":"acea3092-ebab-4834-b56c-d4d68e958387","statusCode":200,"elapsedMs":58}
{"component":"player-command","phase":"request","correlationId":"b8055aca-cfa3-4fe7-bc86-3b7f9173b10e"}
{"component":"player-command","phase":"authorization","correlationId":"b8055aca-cfa3-4fe7-bc86-3b7f9173b10e","outcome":"allowed"}
{"component":"player-command","phase":"command","correlationId":"b8055aca-cfa3-4fe7-bc86-3b7f9173b10e"}
{"component":"player-command","phase":"mutation","correlationId":"b8055aca-cfa3-4fe7-bc86-3b7f9173b10e","outcome":"completed","replayed":false}
{"component":"player-command","phase":"consequence","correlationId":"b8055aca-cfa3-4fe7-bc86-3b7f9173b10e","replayed":false,"changes":2}
{"component":"player-command","phase":"opportunity","correlationId":"b8055aca-cfa3-4fe7-bc86-3b7f9173b10e","replayed":false,"changes":2}
{"component":"player-command","phase":"response","correlationId":"b8055aca-cfa3-4fe7-bc86-3b7f9173b10e","statusCode":200,"elapsedMs":70}
{"component":"player-command","phase":"request","correlationId":"1b39a242-1d1f-4b6a-bf1d-ea252ad5c3d6"}
{"component":"player-command","phase":"authorization","correlationId":"1b39a242-1d1f-4b6a-bf1d-ea252ad5c3d6","outcome":"allowed"}
{"component":"player-command","phase":"command","correlationId":"1b39a242-1d1f-4b6a-bf1d-ea252ad5c3d6"}
{"component":"player-command","phase":"mutation","correlationId":"1b39a242-1d1f-4b6a-bf1d-ea252ad5c3d6","outcome":"completed","replayed":true}
{"component":"player-command","phase":"consequence","correlationId":"1b39a242-1d1f-4b6a-bf1d-ea252ad5c3d6","replayed":true,"changes":0}
{"component":"player-command","phase":"opportunity","correlationId":"1b39a242-1d1f-4b6a-bf1d-ea252ad5c3d6","replayed":true,"changes":0}
{"component":"player-command","phase":"response","correlationId":"1b39a242-1d1f-4b6a-bf1d-ea252ad5c3d6","statusCode":200,"elapsedMs":23}
{"component":"player-command","phase":"request","correlationId":"f43d5491-aaae-438d-aba2-7ab407d9dc65"}
{"component":"player-command","phase":"authorization","correlationId":"f43d5491-aaae-438d-aba2-7ab407d9dc65","outcome":"allowed"}
{"component":"player-command","phase":"response","correlationId":"f43d5491-aaae-438d-aba2-7ab407d9dc65","statusCode":200,"elapsedMs":55}
{"component":"player-command","phase":"request","correlationId":"5c5a10bd-47e1-4f66-8292-82420faa9b8b"}
{"component":"player-command","phase":"authorization","correlationId":"5c5a10bd-47e1-4f66-8292-82420faa9b8b","outcome":"allowed"}
{"component":"player-command","phase":"command","correlationId":"5c5a10bd-47e1-4f66-8292-82420faa9b8b"}
{"component":"player-command","phase":"mutation","correlationId":"5c5a10bd-47e1-4f66-8292-82420faa9b8b","outcome":"completed","replayed":false}
{"component":"player-command","phase":"consequence","correlationId":"5c5a10bd-47e1-4f66-8292-82420faa9b8b","replayed":false,"changes":2}
{"component":"player-command","phase":"opportunity","correlationId":"5c5a10bd-47e1-4f66-8292-82420faa9b8b","replayed":false,"changes":2}
{"component":"player-command","phase":"response","correlationId":"5c5a10bd-47e1-4f66-8292-82420faa9b8b","statusCode":200,"elapsedMs":68}
{"component":"player-command","phase":"request","correlationId":"d9e86161-1765-42f2-b431-0851ef51955e"}
{"component":"player-command","phase":"authorization","correlationId":"d9e86161-1765-42f2-b431-0851ef51955e","outcome":"allowed"}
{"component":"player-command","phase":"command","correlationId":"d9e86161-1765-42f2-b431-0851ef51955e"}
{"component":"player-command","phase":"mutation","correlationId":"d9e86161-1765-42f2-b431-0851ef51955e","outcome":"completed","replayed":true}
{"component":"player-command","phase":"consequence","correlationId":"d9e86161-1765-42f2-b431-0851ef51955e","replayed":true,"changes":0}
{"component":"player-command","phase":"opportunity","correlationId":"d9e86161-1765-42f2-b431-0851ef51955e","replayed":true,"changes":0}
{"component":"player-command","phase":"response","correlationId":"d9e86161-1765-42f2-b431-0851ef51955e","statusCode":200,"elapsedMs":28}
{"component":"player-command","phase":"request","correlationId":"048ed677-c176-44a7-894f-ad108f640142"}
{"component":"player-command","phase":"authorization","correlationId":"048ed677-c176-44a7-894f-ad108f640142","outcome":"allowed"}
{"component":"player-command","phase":"response","correlationId":"048ed677-c176-44a7-894f-ad108f640142","statusCode":200,"elapsedMs":54}
{"component":"player-command","phase":"request","correlationId":"4eeb2988-cca7-41fb-8951-2ee27f90b91f"}
{"component":"player-command","phase":"authorization","correlationId":"4eeb2988-cca7-41fb-8951-2ee27f90b91f","outcome":"allowed"}
{"component":"player-command","phase":"command","correlationId":"4eeb2988-cca7-41fb-8951-2ee27f90b91f"}
{"component":"player-command","phase":"mutation","correlationId":"4eeb2988-cca7-41fb-8951-2ee27f90b91f","outcome":"completed","replayed":false}
{"component":"player-command","phase":"consequence","correlationId":"4eeb2988-cca7-41fb-8951-2ee27f90b91f","replayed":false,"changes":2}
{"component":"player-command","phase":"opportunity","correlationId":"4eeb2988-cca7-41fb-8951-2ee27f90b91f","replayed":false,"changes":2}
{"component":"player-command","phase":"response","correlationId":"4eeb2988-cca7-41fb-8951-2ee27f90b91f","statusCode":200,"elapsedMs":64}
{"component":"player-command","phase":"request","correlationId":"820dc35d-0ea9-4775-80fe-4a5e2be6b941"}
{"component":"player-command","phase":"authorization","correlationId":"820dc35d-0ea9-4775-80fe-4a5e2be6b941","outcome":"allowed"}
{"component":"player-command","phase":"command","correlationId":"820dc35d-0ea9-4775-80fe-4a5e2be6b941"}
{"component":"player-command","phase":"mutation","correlationId":"820dc35d-0ea9-4775-80fe-4a5e2be6b941","outcome":"completed","replayed":true}
{"component":"player-command","phase":"consequence","correlationId":"820dc35d-0ea9-4775-80fe-4a5e2be6b941","replayed":true,"changes":0}
{"component":"player-command","phase":"opportunity","correlationId":"820dc35d-0ea9-4775-80fe-4a5e2be6b941","replayed":true,"changes":0}
{"component":"player-command","phase":"response","correlationId":"820dc35d-0ea9-4775-80fe-4a5e2be6b941","statusCode":200,"elapsedMs":28}
{"component":"player-command","phase":"request","correlationId":"11024036-54bb-41aa-b1fc-ea9d8031e6dd"}
{"component":"player-command","phase":"authorization","correlationId":"11024036-54bb-41aa-b1fc-ea9d8031e6dd","outcome":"allowed"}
{"component":"player-command","phase":"response","correlationId":"11024036-54bb-41aa-b1fc-ea9d8031e6dd","statusCode":200,"elapsedMs":57}
{"component":"player-command","phase":"request","correlationId":"b6c65729-c1ce-47d9-b7f4-f050505d6e42"}
{"component":"player-command","phase":"authorization","correlationId":"b6c65729-c1ce-47d9-b7f4-f050505d6e42","outcome":"allowed"}
{"component":"player-command","phase":"command","correlationId":"b6c65729-c1ce-47d9-b7f4-f050505d6e42"}
{"component":"player-command","phase":"mutation","correlationId":"b6c65729-c1ce-47d9-b7f4-f050505d6e42","outcome":"completed","replayed":false}
{"component":"player-command","phase":"consequence","correlationId":"b6c65729-c1ce-47d9-b7f4-f050505d6e42","replayed":false,"changes":2}
{"component":"player-command","phase":"opportunity","correlationId":"b6c65729-c1ce-47d9-b7f4-f050505d6e42","replayed":false,"changes":2}
{"component":"player-command","phase":"response","correlationId":"b6c65729-c1ce-47d9-b7f4-f050505d6e42","statusCode":200,"elapsedMs":68}
{"component":"player-command","phase":"request","correlationId":"e7586cc2-eb50-4386-938c-457f0ffef831"}
{"component":"player-command","phase":"authorization","correlationId":"e7586cc2-eb50-4386-938c-457f0ffef831","outcome":"allowed"}
{"component":"player-command","phase":"command","correlationId":"e7586cc2-eb50-4386-938c-457f0ffef831"}
{"component":"player-command","phase":"mutation","correlationId":"e7586cc2-eb50-4386-938c-457f0ffef831","outcome":"completed","replayed":true}
{"component":"player-command","phase":"consequence","correlationId":"e7586cc2-eb50-4386-938c-457f0ffef831","replayed":true,"changes":0}
{"component":"player-command","phase":"opportunity","correlationId":"e7586cc2-eb50-4386-938c-457f0ffef831","replayed":true,"changes":0}
{"component":"player-command","phase":"response","correlationId":"e7586cc2-eb50-4386-938c-457f0ffef831","statusCode":200,"elapsedMs":28}
{"component":"player-command","phase":"request","correlationId":"00ce7a93-9c8d-40d2-8d31-5dd376fd1da5"}
{"component":"player-command","phase":"authorization","correlationId":"00ce7a93-9c8d-40d2-8d31-5dd376fd1da5","outcome":"allowed"}
{"component":"player-command","phase":"response","correlationId":"00ce7a93-9c8d-40d2-8d31-5dd376fd1da5","statusCode":200,"elapsedMs":62}
{"component":"player-command","phase":"request","correlationId":"ef01be49-c0a7-4b35-ad08-3b2d78d63bb1"}
{"component":"player-command","phase":"authorization","correlationId":"ef01be49-c0a7-4b35-ad08-3b2d78d63bb1","outcome":"allowed"}
{"component":"player-command","phase":"command","correlationId":"ef01be49-c0a7-4b35-ad08-3b2d78d63bb1"}
{"component":"player-command","phase":"mutation","correlationId":"ef01be49-c0a7-4b35-ad08-3b2d78d63bb1","outcome":"completed","replayed":false}
{"component":"player-command","phase":"consequence","correlationId":"ef01be49-c0a7-4b35-ad08-3b2d78d63bb1","replayed":false,"changes":2}
{"component":"player-command","phase":"opportunity","correlationId":"ef01be49-c0a7-4b35-ad08-3b2d78d63bb1","replayed":false,"changes":2}
{"component":"player-command","phase":"response","correlationId":"ef01be49-c0a7-4b35-ad08-3b2d78d63bb1","statusCode":200,"elapsedMs":74}
{"component":"player-command","phase":"request","correlationId":"86e1544b-d0ac-4673-aed5-bd0a00ee0677"}
{"component":"player-command","phase":"authorization","correlationId":"86e1544b-d0ac-4673-aed5-bd0a00ee0677","outcome":"allowed"}
{"component":"player-command","phase":"command","correlationId":"86e1544b-d0ac-4673-aed5-bd0a00ee0677"}
{"component":"player-command","phase":"mutation","correlationId":"86e1544b-d0ac-4673-aed5-bd0a00ee0677","outcome":"completed","replayed":true}
{"component":"player-command","phase":"consequence","correlationId":"86e1544b-d0ac-4673-aed5-bd0a00ee0677","replayed":true,"changes":0}
{"component":"player-command","phase":"opportunity","correlationId":"86e1544b-d0ac-4673-aed5-bd0a00ee0677","replayed":true,"changes":0}
{"component":"player-command","phase":"response","correlationId":"86e1544b-d0ac-4673-aed5-bd0a00ee0677","statusCode":200,"elapsedMs":32}
{"component":"player-command","phase":"request","correlationId":"26b8a257-4546-433a-8560-41ca6f7d9f27"}
{"component":"player-command","phase":"authorization","correlationId":"26b8a257-4546-433a-8560-41ca6f7d9f27","outcome":"allowed"}
{"component":"player-command","phase":"response","correlationId":"26b8a257-4546-433a-8560-41ca6f7d9f27","statusCode":200,"elapsedMs":60}
{"component":"player-command","phase":"request","correlationId":"ae42aa9b-3b58-47db-bb51-294f5362e525"}
{"component":"player-command","phase":"authorization","correlationId":"ae42aa9b-3b58-47db-bb51-294f5362e525","outcome":"allowed"}
{"component":"player-command","phase":"command","correlationId":"ae42aa9b-3b58-47db-bb51-294f5362e525"}
{"component":"player-command","phase":"mutation","correlationId":"ae42aa9b-3b58-47db-bb51-294f5362e525","outcome":"completed","replayed":false}
{"component":"player-command","phase":"consequence","correlationId":"ae42aa9b-3b58-47db-bb51-294f5362e525","replayed":false,"changes":2}
{"component":"player-command","phase":"opportunity","correlationId":"ae42aa9b-3b58-47db-bb51-294f5362e525","replayed":false,"changes":2}
{"component":"player-command","phase":"response","correlationId":"ae42aa9b-3b58-47db-bb51-294f5362e525","statusCode":200,"elapsedMs":79}
{"component":"player-command","phase":"request","correlationId":"393be75d-921d-4a83-b3c4-ba3630dc836b"}
{"component":"player-command","phase":"authorization","correlationId":"393be75d-921d-4a83-b3c4-ba3630dc836b","outcome":"allowed"}
{"component":"player-command","phase":"command","correlationId":"393be75d-921d-4a83-b3c4-ba3630dc836b"}
{"component":"player-command","phase":"mutation","correlationId":"393be75d-921d-4a83-b3c4-ba3630dc836b","outcome":"completed","replayed":true}
{"component":"player-command","phase":"consequence","correlationId":"393be75d-921d-4a83-b3c4-ba3630dc836b","replayed":true,"changes":0}
{"component":"player-command","phase":"opportunity","correlationId":"393be75d-921d-4a83-b3c4-ba3630dc836b","replayed":true,"changes":0}
{"component":"player-command","phase":"response","correlationId":"393be75d-921d-4a83-b3c4-ba3630dc836b","statusCode":200,"elapsedMs":34}
{"phase":"commands","round":0,"players":25,"assertions":8305}
{"component":"player-command","phase":"request","correlationId":"92c66256-56e1-4b31-9c64-d652c868d47a"}
{"component":"player-command","phase":"authorization","correlationId":"92c66256-56e1-4b31-9c64-d652c868d47a","outcome":"allowed"}
{"component":"player-command","phase":"response","correlationId":"92c66256-56e1-4b31-9c64-d652c868d47a","statusCode":200,"elapsedMs":68}
{"component":"player-command","phase":"request","correlationId":"27d7fb52-2efd-4f24-9684-49164c701419"}
{"component":"player-command","phase":"authorization","correlationId":"27d7fb52-2efd-4f24-9684-49164c701419","outcome":"allowed"}
{"component":"player-command","phase":"command","correlationId":"27d7fb52-2efd-4f24-9684-49164c701419"}
{"component":"player-command","phase":"mutation","correlationId":"27d7fb52-2efd-4f24-9684-49164c701419","outcome":"completed","replayed":false}
{"component":"player-command","phase":"consequence","correlationId":"27d7fb52-2efd-4f24-9684-49164c701419","replayed":false,"changes":2}
{"component":"player-command","phase":"opportunity","correlationId":"27d7fb52-2efd-4f24-9684-49164c701419","replayed":false,"changes":2}
{"component":"player-command","phase":"response","correlationId":"27d7fb52-2efd-4f24-9684-49164c701419","statusCode":200,"elapsedMs":75}
{"component":"player-command","phase":"request","correlationId":"064bc1a4-c09e-4834-ad88-d58627b320f8"}
{"component":"player-command","phase":"authorization","correlationId":"064bc1a4-c09e-4834-ad88-d58627b320f8","outcome":"allowed"}
{"component":"player-command","phase":"command","correlationId":"064bc1a4-c09e-4834-ad88-d58627b320f8"}
{"component":"player-command","phase":"mutation","correlationId":"064bc1a4-c09e-4834-ad88-d58627b320f8","outcome":"completed","replayed":true}
{"component":"player-command","phase":"consequence","correlationId":"064bc1a4-c09e-4834-ad88-d58627b320f8","replayed":true,"changes":0}
{"component":"player-command","phase":"opportunity","correlationId":"064bc1a4-c09e-4834-ad88-d58627b320f8","replayed":true,"changes":0}
{"component":"player-command","phase":"response","correlationId":"064bc1a4-c09e-4834-ad88-d58627b320f8","statusCode":200,"elapsedMs":30}
{"component":"player-command","phase":"request","correlationId":"6b968466-1c0c-4474-b8ef-e3326c93c8b4"}
{"component":"player-command","phase":"authorization","correlationId":"6b968466-1c0c-4474-b8ef-e3326c93c8b4","outcome":"allowed"}
{"component":"player-command","phase":"response","correlationId":"6b968466-1c0c-4474-b8ef-e3326c93c8b4","statusCode":200,"elapsedMs":59}
{"component":"player-command","phase":"request","correlationId":"66020360-e606-452d-bd55-f2c558cf09ed"}
{"component":"player-command","phase":"authorization","correlationId":"66020360-e606-452d-bd55-f2c558cf09ed","outcome":"allowed"}
{"component":"player-command","phase":"command","correlationId":"66020360-e606-452d-bd55-f2c558cf09ed"}
{"component":"player-command","phase":"mutation","correlationId":"66020360-e606-452d-bd55-f2c558cf09ed","outcome":"completed","replayed":false}
{"component":"player-command","phase":"consequence","correlationId":"66020360-e606-452d-bd55-f2c558cf09ed","replayed":false,"changes":2}
{"component":"player-command","phase":"opportunity","correlationId":"66020360-e606-452d-bd55-f2c558cf09ed","replayed":false,"changes":2}
{"component":"player-command","phase":"response","correlationId":"66020360-e606-452d-bd55-f2c558cf09ed","statusCode":200,"elapsedMs":74}
{"component":"player-command","phase":"request","correlationId":"b024961c-08a2-45a4-a979-f3eea1220aa5"}
{"component":"player-command","phase":"authorization","correlationId":"b024961c-08a2-45a4-a979-f3eea1220aa5","outcome":"allowed"}
{"component":"player-command","phase":"command","correlationId":"b024961c-08a2-45a4-a979-f3eea1220aa5"}
{"component":"player-command","phase":"mutation","correlationId":"b024961c-08a2-45a4-a979-f3eea1220aa5","outcome":"completed","replayed":true}
{"component":"player-command","phase":"consequence","correlationId":"b024961c-08a2-45a4-a979-f3eea1220aa5","replayed":true,"changes":0}
{"component":"player-command","phase":"opportunity","correlationId":"b024961c-08a2-45a4-a979-f3eea1220aa5","replayed":true,"changes":0}
{"component":"player-command","phase":"response","correlationId":"b024961c-08a2-45a4-a979-f3eea1220aa5","statusCode":200,"elapsedMs":30}
{"component":"player-command","phase":"request","correlationId":"77b59cfe-003a-4c7f-95ef-c4df75c9ab21"}
{"component":"player-command","phase":"authorization","correlationId":"77b59cfe-003a-4c7f-95ef-c4df75c9ab21","outcome":"allowed"}
{"component":"player-command","phase":"response","correlationId":"77b59cfe-003a-4c7f-95ef-c4df75c9ab21","statusCode":200,"elapsedMs":56}
{"component":"player-command","phase":"request","correlationId":"431e23e1-5ab8-4bca-aefb-4756a26c5a49"}
{"component":"player-command","phase":"authorization","correlationId":"431e23e1-5ab8-4bca-aefb-4756a26c5a49","outcome":"allowed"}
{"component":"player-command","phase":"command","correlationId":"431e23e1-5ab8-4bca-aefb-4756a26c5a49"}
{"component":"player-command","phase":"mutation","correlationId":"431e23e1-5ab8-4bca-aefb-4756a26c5a49","outcome":"completed","replayed":false}
{"component":"player-command","phase":"consequence","correlationId":"431e23e1-5ab8-4bca-aefb-4756a26c5a49","replayed":false,"changes":2}
{"component":"player-command","phase":"opportunity","correlationId":"431e23e1-5ab8-4bca-aefb-4756a26c5a49","replayed":false,"changes":2}
{"component":"player-command","phase":"response","correlationId":"431e23e1-5ab8-4bca-aefb-4756a26c5a49","statusCode":200,"elapsedMs":69}
{"component":"player-command","phase":"request","correlationId":"189c9756-1dd2-4b89-8776-f4eb288b353c"}
{"component":"player-command","phase":"authorization","correlationId":"189c9756-1dd2-4b89-8776-f4eb288b353c","outcome":"allowed"}
{"component":"player-command","phase":"command","correlationId":"189c9756-1dd2-4b89-8776-f4eb288b353c"}
{"component":"player-command","phase":"mutation","correlationId":"189c9756-1dd2-4b89-8776-f4eb288b353c","outcome":"completed","replayed":true}
{"component":"player-command","phase":"consequence","correlationId":"189c9756-1dd2-4b89-8776-f4eb288b353c","replayed":true,"changes":0}
{"component":"player-command","phase":"opportunity","correlationId":"189c9756-1dd2-4b89-8776-f4eb288b353c","replayed":true,"changes":0}
{"component":"player-command","phase":"response","correlationId":"189c9756-1dd2-4b89-8776-f4eb288b353c","statusCode":200,"elapsedMs":30}
{"component":"player-command","phase":"request","correlationId":"a39dbe0f-0ac3-4a62-85b9-f320a3c5c19d"}
{"component":"player-command","phase":"authorization","correlationId":"a39dbe0f-0ac3-4a62-85b9-f320a3c5c19d","outcome":"allowed"}
{"component":"player-command","phase":"response","correlationId":"a39dbe0f-0ac3-4a62-85b9-f320a3c5c19d","statusCode":200,"elapsedMs":63}
{"component":"player-command","phase":"request","correlationId":"84bb0700-df0f-4605-9171-d9d8bf9d1d75"}
{"component":"player-command","phase":"authorization","correlationId":"84bb0700-df0f-4605-9171-d9d8bf9d1d75","outcome":"allowed"}
{"component":"player-command","phase":"command","correlationId":"84bb0700-df0f-4605-9171-d9d8bf9d1d75"}
{"component":"player-command","phase":"mutation","correlationId":"84bb0700-df0f-4605-9171-d9d8bf9d1d75","outcome":"completed","replayed":false}
{"component":"player-command","phase":"consequence","correlationId":"84bb0700-df0f-4605-9171-d9d8bf9d1d75","replayed":false,"changes":2}
{"component":"player-command","phase":"opportunity","correlationId":"84bb0700-df0f-4605-9171-d9d8bf9d1d75","replayed":false,"changes":2}
{"component":"player-command","phase":"response","correlationId":"84bb0700-df0f-4605-9171-d9d8bf9d1d75","statusCode":200,"elapsedMs":75}
{"component":"player-command","phase":"request","correlationId":"db1f9c5f-92e1-409b-aa3f-42fba125bfe9"}
{"component":"player-command","phase":"authorization","correlationId":"db1f9c5f-92e1-409b-aa3f-42fba125bfe9","outcome":"allowed"}
{"component":"player-command","phase":"command","correlationId":"db1f9c5f-92e1-409b-aa3f-42fba125bfe9"}
{"component":"player-command","phase":"mutation","correlationId":"db1f9c5f-92e1-409b-aa3f-42fba125bfe9","outcome":"completed","replayed":true}
{"component":"player-command","phase":"consequence","correlationId":"db1f9c5f-92e1-409b-aa3f-42fba125bfe9","replayed":true,"changes":0}
{"component":"player-command","phase":"opportunity","correlationId":"db1f9c5f-92e1-409b-aa3f-42fba125bfe9","replayed":true,"changes":0}
{"component":"player-command","phase":"response","correlationId":"db1f9c5f-92e1-409b-aa3f-42fba125bfe9","statusCode":200,"elapsedMs":28}
{"component":"player-command","phase":"request","correlationId":"7ff29ad3-0fb1-48aa-aea0-3006cbc0c637"}
{"component":"player-command","phase":"authorization","correlationId":"7ff29ad3-0fb1-48aa-aea0-3006cbc0c637","outcome":"allowed"}
{"component":"player-command","phase":"response","correlationId":"7ff29ad3-0fb1-48aa-aea0-3006cbc0c637","statusCode":200,"elapsedMs":56}
{"component":"player-command","phase":"request","correlationId":"b305890a-564c-465f-b7ad-54e5a0e4feaf"}
{"component":"player-command","phase":"authorization","correlationId":"b305890a-564c-465f-b7ad-54e5a0e4feaf","outcome":"allowed"}
{"component":"player-command","phase":"command","correlationId":"b305890a-564c-465f-b7ad-54e5a0e4feaf"}
{"component":"player-command","phase":"mutation","correlationId":"b305890a-564c-465f-b7ad-54e5a0e4feaf","outcome":"completed","replayed":false}
{"component":"player-command","phase":"consequence","correlationId":"b305890a-564c-465f-b7ad-54e5a0e4feaf","replayed":false,"changes":2}
{"component":"player-command","phase":"opportunity","correlationId":"b305890a-564c-465f-b7ad-54e5a0e4feaf","replayed":false,"changes":2}
{"component":"player-command","phase":"response","correlationId":"b305890a-564c-465f-b7ad-54e5a0e4feaf","statusCode":200,"elapsedMs":66}
{"component":"player-command","phase":"request","correlationId":"cede204e-b557-4390-8713-462d03118f4e"}
{"component":"player-command","phase":"authorization","correlationId":"cede204e-b557-4390-8713-462d03118f4e","outcome":"allowed"}
{"component":"player-command","phase":"command","correlationId":"cede204e-b557-4390-8713-462d03118f4e"}
{"component":"player-command","phase":"mutation","correlationId":"cede204e-b557-4390-8713-462d03118f4e","outcome":"completed","replayed":true}
{"component":"player-command","phase":"consequence","correlationId":"cede204e-b557-4390-8713-462d03118f4e","replayed":true,"changes":0}
{"component":"player-command","phase":"opportunity","correlationId":"cede204e-b557-4390-8713-462d03118f4e","replayed":true,"changes":0}
{"component":"player-command","phase":"response","correlationId":"cede204e-b557-4390-8713-462d03118f4e","statusCode":200,"elapsedMs":29}
{"component":"player-command","phase":"request","correlationId":"f0ef958d-6ec0-4c7e-9ccb-fa2c35c0e367"}
{"component":"player-command","phase":"authorization","correlationId":"f0ef958d-6ec0-4c7e-9ccb-fa2c35c0e367","outcome":"allowed"}
{"component":"player-command","phase":"response","correlationId":"f0ef958d-6ec0-4c7e-9ccb-fa2c35c0e367","statusCode":200,"elapsedMs":65}
{"component":"player-command","phase":"request","correlationId":"6e35441e-797b-49b6-8aae-7bc2e815227b"}
{"component":"player-command","phase":"authorization","correlationId":"6e35441e-797b-49b6-8aae-7bc2e815227b","outcome":"allowed"}
{"component":"player-command","phase":"command","correlationId":"6e35441e-797b-49b6-8aae-7bc2e815227b"}
{"component":"player-command","phase":"mutation","correlationId":"6e35441e-797b-49b6-8aae-7bc2e815227b","outcome":"completed","replayed":false}
{"component":"player-command","phase":"consequence","correlationId":"6e35441e-797b-49b6-8aae-7bc2e815227b","replayed":false,"changes":2}
{"component":"player-command","phase":"opportunity","correlationId":"6e35441e-797b-49b6-8aae-7bc2e815227b","replayed":false,"changes":2}
{"component":"player-command","phase":"response","correlationId":"6e35441e-797b-49b6-8aae-7bc2e815227b","statusCode":200,"elapsedMs":64}
{"component":"player-command","phase":"request","correlationId":"efcdbaa2-cef6-42fe-bef6-b55407180215"}
{"component":"player-command","phase":"authorization","correlationId":"efcdbaa2-cef6-42fe-bef6-b55407180215","outcome":"allowed"}
{"component":"player-command","phase":"command","correlationId":"efcdbaa2-cef6-42fe-bef6-b55407180215"}
{"component":"player-command","phase":"mutation","correlationId":"efcdbaa2-cef6-42fe-bef6-b55407180215","outcome":"completed","replayed":true}
{"component":"player-command","phase":"consequence","correlationId":"efcdbaa2-cef6-42fe-bef6-b55407180215","replayed":true,"changes":0}
{"component":"player-command","phase":"opportunity","correlationId":"efcdbaa2-cef6-42fe-bef6-b55407180215","replayed":true,"changes":0}
{"component":"player-command","phase":"response","correlationId":"efcdbaa2-cef6-42fe-bef6-b55407180215","statusCode":200,"elapsedMs":28}
{"component":"player-command","phase":"request","correlationId":"1f3030ed-7eab-4f94-9195-1bc49bb572cb"}
{"component":"player-command","phase":"authorization","correlationId":"1f3030ed-7eab-4f94-9195-1bc49bb572cb","outcome":"allowed"}
{"component":"player-command","phase":"response","correlationId":"1f3030ed-7eab-4f94-9195-1bc49bb572cb","statusCode":200,"elapsedMs":59}
{"component":"player-command","phase":"request","correlationId":"fff55bd0-b046-488c-a1c0-b5e8613b02ea"}
{"component":"player-command","phase":"authorization","correlationId":"fff55bd0-b046-488c-a1c0-b5e8613b02ea","outcome":"allowed"}
{"component":"player-command","phase":"command","correlationId":"fff55bd0-b046-488c-a1c0-b5e8613b02ea"}
{"component":"player-command","phase":"mutation","correlationId":"fff55bd0-b046-488c-a1c0-b5e8613b02ea","outcome":"completed","replayed":false}
{"component":"player-command","phase":"consequence","correlationId":"fff55bd0-b046-488c-a1c0-b5e8613b02ea","replayed":false,"changes":2}
{"component":"player-command","phase":"opportunity","correlationId":"fff55bd0-b046-488c-a1c0-b5e8613b02ea","replayed":false,"changes":2}
{"component":"player-command","phase":"response","correlationId":"fff55bd0-b046-488c-a1c0-b5e8613b02ea","statusCode":200,"elapsedMs":68}
{"component":"player-command","phase":"request","correlationId":"5193dd43-397a-4414-a9d5-5874e26f222a"}
{"component":"player-command","phase":"authorization","correlationId":"5193dd43-397a-4414-a9d5-5874e26f222a","outcome":"allowed"}
{"component":"player-command","phase":"command","correlationId":"5193dd43-397a-4414-a9d5-5874e26f222a"}
{"component":"player-command","phase":"mutation","correlationId":"5193dd43-397a-4414-a9d5-5874e26f222a","outcome":"completed","replayed":true}
{"component":"player-command","phase":"consequence","correlationId":"5193dd43-397a-4414-a9d5-5874e26f222a","replayed":true,"changes":0}
{"component":"player-command","phase":"opportunity","correlationId":"5193dd43-397a-4414-a9d5-5874e26f222a","replayed":true,"changes":0}
{"component":"player-command","phase":"response","correlationId":"5193dd43-397a-4414-a9d5-5874e26f222a","statusCode":200,"elapsedMs":30}
{"component":"player-command","phase":"request","correlationId":"6255c8cb-1770-4f46-ae37-acb34f45ba8e"}
{"component":"player-command","phase":"authorization","correlationId":"6255c8cb-1770-4f46-ae37-acb34f45ba8e","outcome":"allowed"}
{"component":"player-command","phase":"response","correlationId":"6255c8cb-1770-4f46-ae37-acb34f45ba8e","statusCode":200,"elapsedMs":53}
{"component":"player-command","phase":"request","correlationId":"b236f071-b96b-48a7-9ebb-8ac1542f2235"}
{"component":"player-command","phase":"authorization","correlationId":"b236f071-b96b-48a7-9ebb-8ac1542f2235","outcome":"allowed"}
{"component":"player-command","phase":"command","correlationId":"b236f071-b96b-48a7-9ebb-8ac1542f2235"}
{"component":"player-command","phase":"mutation","correlationId":"b236f071-b96b-48a7-9ebb-8ac1542f2235","outcome":"completed","replayed":false}
{"component":"player-command","phase":"consequence","correlationId":"b236f071-b96b-48a7-9ebb-8ac1542f2235","replayed":false,"changes":2}
{"component":"player-command","phase":"opportunity","correlationId":"b236f071-b96b-48a7-9ebb-8ac1542f2235","replayed":false,"changes":2}
{"component":"player-command","phase":"response","correlationId":"b236f071-b96b-48a7-9ebb-8ac1542f2235","statusCode":200,"elapsedMs":62}
{"component":"player-command","phase":"request","correlationId":"ef5fab17-591a-4da2-accd-114603a34e0d"}
{"component":"player-command","phase":"authorization","correlationId":"ef5fab17-591a-4da2-accd-114603a34e0d","outcome":"allowed"}
{"component":"player-command","phase":"command","correlationId":"ef5fab17-591a-4da2-accd-114603a34e0d"}
{"component":"player-command","phase":"mutation","correlationId":"ef5fab17-591a-4da2-accd-114603a34e0d","outcome":"completed","replayed":true}
{"component":"player-command","phase":"consequence","correlationId":"ef5fab17-591a-4da2-accd-114603a34e0d","replayed":true,"changes":0}
{"component":"player-command","phase":"opportunity","correlationId":"ef5fab17-591a-4da2-accd-114603a34e0d","replayed":true,"changes":0}
{"component":"player-command","phase":"response","correlationId":"ef5fab17-591a-4da2-accd-114603a34e0d","statusCode":200,"elapsedMs":27}
{"component":"player-command","phase":"request","correlationId":"ee0cc4e3-3f15-4506-9f6c-0cda3e4146f9"}
{"component":"player-command","phase":"authorization","correlationId":"ee0cc4e3-3f15-4506-9f6c-0cda3e4146f9","outcome":"allowed"}
{"component":"player-command","phase":"response","correlationId":"ee0cc4e3-3f15-4506-9f6c-0cda3e4146f9","statusCode":200,"elapsedMs":53}
{"component":"player-command","phase":"request","correlationId":"9477b582-5cb6-40d0-8488-da412d6868e7"}
{"component":"player-command","phase":"authorization","correlationId":"9477b582-5cb6-40d0-8488-da412d6868e7","outcome":"allowed"}
{"component":"player-command","phase":"command","correlationId":"9477b582-5cb6-40d0-8488-da412d6868e7"}
{"component":"player-command","phase":"mutation","correlationId":"9477b582-5cb6-40d0-8488-da412d6868e7","outcome":"completed","replayed":false}
{"component":"player-command","phase":"consequence","correlationId":"9477b582-5cb6-40d0-8488-da412d6868e7","replayed":false,"changes":2}
{"component":"player-command","phase":"opportunity","correlationId":"9477b582-5cb6-40d0-8488-da412d6868e7","replayed":false,"changes":2}
{"component":"player-command","phase":"response","correlationId":"9477b582-5cb6-40d0-8488-da412d6868e7","statusCode":200,"elapsedMs":71}
{"component":"player-command","phase":"request","correlationId":"51822832-6701-4baa-86ab-d182a3d3db33"}
{"component":"player-command","phase":"authorization","correlationId":"51822832-6701-4baa-86ab-d182a3d3db33","outcome":"allowed"}
{"component":"player-command","phase":"command","correlationId":"51822832-6701-4baa-86ab-d182a3d3db33"}
{"component":"player-command","phase":"mutation","correlationId":"51822832-6701-4baa-86ab-d182a3d3db33","outcome":"completed","replayed":true}
{"component":"player-command","phase":"consequence","correlationId":"51822832-6701-4baa-86ab-d182a3d3db33","replayed":true,"changes":0}
{"component":"player-command","phase":"opportunity","correlationId":"51822832-6701-4baa-86ab-d182a3d3db33","replayed":true,"changes":0}
{"component":"player-command","phase":"response","correlationId":"51822832-6701-4baa-86ab-d182a3d3db33","statusCode":200,"elapsedMs":26}
{"component":"player-command","phase":"request","correlationId":"1e367ed3-ef93-4f3d-96a9-978cc1314dd3"}
{"component":"player-command","phase":"authorization","correlationId":"1e367ed3-ef93-4f3d-96a9-978cc1314dd3","outcome":"allowed"}
{"component":"player-command","phase":"response","correlationId":"1e367ed3-ef93-4f3d-96a9-978cc1314dd3","statusCode":200,"elapsedMs":71}
{"component":"player-command","phase":"request","correlationId":"93ffa22d-05f1-42d2-a4e0-707add7c31ad"}
{"component":"player-command","phase":"authorization","correlationId":"93ffa22d-05f1-42d2-a4e0-707add7c31ad","outcome":"allowed"}
{"component":"player-command","phase":"command","correlationId":"93ffa22d-05f1-42d2-a4e0-707add7c31ad"}
{"component":"player-command","phase":"mutation","correlationId":"93ffa22d-05f1-42d2-a4e0-707add7c31ad","outcome":"completed","replayed":false}
{"component":"player-command","phase":"consequence","correlationId":"93ffa22d-05f1-42d2-a4e0-707add7c31ad","replayed":false,"changes":2}
{"component":"player-command","phase":"opportunity","correlationId":"93ffa22d-05f1-42d2-a4e0-707add7c31ad","replayed":false,"changes":2}
{"component":"player-command","phase":"response","correlationId":"93ffa22d-05f1-42d2-a4e0-707add7c31ad","statusCode":200,"elapsedMs":118}
{"component":"player-command","phase":"request","correlationId":"1ac670ef-d6b3-457e-ad46-a5f0b9f4fae4"}
{"component":"player-command","phase":"authorization","correlationId":"1ac670ef-d6b3-457e-ad46-a5f0b9f4fae4","outcome":"allowed"}
{"component":"player-command","phase":"command","correlationId":"1ac670ef-d6b3-457e-ad46-a5f0b9f4fae4"}
{"component":"player-command","phase":"mutation","correlationId":"1ac670ef-d6b3-457e-ad46-a5f0b9f4fae4","outcome":"completed","replayed":true}
{"component":"player-command","phase":"consequence","correlationId":"1ac670ef-d6b3-457e-ad46-a5f0b9f4fae4","replayed":true,"changes":0}
{"component":"player-command","phase":"opportunity","correlationId":"1ac670ef-d6b3-457e-ad46-a5f0b9f4fae4","replayed":true,"changes":0}
{"component":"player-command","phase":"response","correlationId":"1ac670ef-d6b3-457e-ad46-a5f0b9f4fae4","statusCode":200,"elapsedMs":28}
{"component":"player-command","phase":"request","correlationId":"918dffe4-c449-44f1-beda-2b09b9631c1a"}
{"component":"player-command","phase":"authorization","correlationId":"918dffe4-c449-44f1-beda-2b09b9631c1a","outcome":"allowed"}
{"component":"player-command","phase":"response","correlationId":"918dffe4-c449-44f1-beda-2b09b9631c1a","statusCode":200,"elapsedMs":59}
{"component":"player-command","phase":"request","correlationId":"46710a92-cc6e-43e0-949f-1b502f8c3ac7"}
{"component":"player-command","phase":"authorization","correlationId":"46710a92-cc6e-43e0-949f-1b502f8c3ac7","outcome":"allowed"}
{"component":"player-command","phase":"command","correlationId":"46710a92-cc6e-43e0-949f-1b502f8c3ac7"}
{"component":"player-command","phase":"mutation","correlationId":"46710a92-cc6e-43e0-949f-1b502f8c3ac7","outcome":"completed","replayed":false}
{"component":"player-command","phase":"consequence","correlationId":"46710a92-cc6e-43e0-949f-1b502f8c3ac7","replayed":false,"changes":2}
{"component":"player-command","phase":"opportunity","correlationId":"46710a92-cc6e-43e0-949f-1b502f8c3ac7","replayed":false,"changes":2}
{"component":"player-command","phase":"response","correlationId":"46710a92-cc6e-43e0-949f-1b502f8c3ac7","statusCode":200,"elapsedMs":65}
{"component":"player-command","phase":"request","correlationId":"6dcc2360-09f5-482e-b23d-0a638d40d2f7"}
{"component":"player-command","phase":"authorization","correlationId":"6dcc2360-09f5-482e-b23d-0a638d40d2f7","outcome":"allowed"}
{"component":"player-command","phase":"command","correlationId":"6dcc2360-09f5-482e-b23d-0a638d40d2f7"}
{"component":"player-command","phase":"mutation","correlationId":"6dcc2360-09f5-482e-b23d-0a638d40d2f7","outcome":"completed","replayed":true}
{"component":"player-command","phase":"consequence","correlationId":"6dcc2360-09f5-482e-b23d-0a638d40d2f7","replayed":true,"changes":0}
{"component":"player-command","phase":"opportunity","correlationId":"6dcc2360-09f5-482e-b23d-0a638d40d2f7","replayed":true,"changes":0}
{"component":"player-command","phase":"response","correlationId":"6dcc2360-09f5-482e-b23d-0a638d40d2f7","statusCode":200,"elapsedMs":29}
{"component":"player-command","phase":"request","correlationId":"b209d57a-51fd-4569-aa3b-8de32a0cd61e"}
{"component":"player-command","phase":"authorization","correlationId":"b209d57a-51fd-4569-aa3b-8de32a0cd61e","outcome":"allowed"}
{"component":"player-command","phase":"response","correlationId":"b209d57a-51fd-4569-aa3b-8de32a0cd61e","statusCode":200,"elapsedMs":55}
{"component":"player-command","phase":"request","correlationId":"74446bab-8f48-433e-809a-5b1d9aab53f2"}
{"component":"player-command","phase":"authorization","correlationId":"74446bab-8f48-433e-809a-5b1d9aab53f2","outcome":"allowed"}
{"component":"player-command","phase":"command","correlationId":"74446bab-8f48-433e-809a-5b1d9aab53f2"}
{"component":"player-command","phase":"mutation","correlationId":"74446bab-8f48-433e-809a-5b1d9aab53f2","outcome":"completed","replayed":false}
{"component":"player-command","phase":"consequence","correlationId":"74446bab-8f48-433e-809a-5b1d9aab53f2","replayed":false,"changes":2}
{"component":"player-command","phase":"opportunity","correlationId":"74446bab-8f48-433e-809a-5b1d9aab53f2","replayed":false,"changes":2}
{"component":"player-command","phase":"response","correlationId":"74446bab-8f48-433e-809a-5b1d9aab53f2","statusCode":200,"elapsedMs":65}
{"component":"player-command","phase":"request","correlationId":"0ae2bd35-18e5-4b0f-91db-bd0350a98f3e"}
{"component":"player-command","phase":"authorization","correlationId":"0ae2bd35-18e5-4b0f-91db-bd0350a98f3e","outcome":"allowed"}
{"component":"player-command","phase":"command","correlationId":"0ae2bd35-18e5-4b0f-91db-bd0350a98f3e"}
{"component":"player-command","phase":"mutation","correlationId":"0ae2bd35-18e5-4b0f-91db-bd0350a98f3e","outcome":"completed","replayed":true}
{"component":"player-command","phase":"consequence","correlationId":"0ae2bd35-18e5-4b0f-91db-bd0350a98f3e","replayed":true,"changes":0}
{"component":"player-command","phase":"opportunity","correlationId":"0ae2bd35-18e5-4b0f-91db-bd0350a98f3e","replayed":true,"changes":0}
{"component":"player-command","phase":"response","correlationId":"0ae2bd35-18e5-4b0f-91db-bd0350a98f3e","statusCode":200,"elapsedMs":29}
{"component":"player-command","phase":"request","correlationId":"ab3c9678-4d5c-40c7-9661-3598aa4881a4"}
{"component":"player-command","phase":"authorization","correlationId":"ab3c9678-4d5c-40c7-9661-3598aa4881a4","outcome":"allowed"}
{"component":"player-command","phase":"response","correlationId":"ab3c9678-4d5c-40c7-9661-3598aa4881a4","statusCode":200,"elapsedMs":52}
{"component":"player-command","phase":"request","correlationId":"b9ee9028-7843-47dc-b95b-aa6f8abc5c3a"}
{"component":"player-command","phase":"authorization","correlationId":"b9ee9028-7843-47dc-b95b-aa6f8abc5c3a","outcome":"allowed"}
{"component":"player-command","phase":"command","correlationId":"b9ee9028-7843-47dc-b95b-aa6f8abc5c3a"}
{"component":"player-command","phase":"mutation","correlationId":"b9ee9028-7843-47dc-b95b-aa6f8abc5c3a","outcome":"completed","replayed":false}
{"component":"player-command","phase":"consequence","correlationId":"b9ee9028-7843-47dc-b95b-aa6f8abc5c3a","replayed":false,"changes":2}
{"component":"player-command","phase":"opportunity","correlationId":"b9ee9028-7843-47dc-b95b-aa6f8abc5c3a","replayed":false,"changes":2}
{"component":"player-command","phase":"response","correlationId":"b9ee9028-7843-47dc-b95b-aa6f8abc5c3a","statusCode":200,"elapsedMs":59}
{"component":"player-command","phase":"request","correlationId":"a00a1ab0-0abc-46be-825d-39e80310ee12"}
{"component":"player-command","phase":"authorization","correlationId":"a00a1ab0-0abc-46be-825d-39e80310ee12","outcome":"allowed"}
{"component":"player-command","phase":"command","correlationId":"a00a1ab0-0abc-46be-825d-39e80310ee12"}
{"component":"player-command","phase":"mutation","correlationId":"a00a1ab0-0abc-46be-825d-39e80310ee12","outcome":"completed","replayed":true}
{"component":"player-command","phase":"consequence","correlationId":"a00a1ab0-0abc-46be-825d-39e80310ee12","replayed":true,"changes":0}
{"component":"player-command","phase":"opportunity","correlationId":"a00a1ab0-0abc-46be-825d-39e80310ee12","replayed":true,"changes":0}
{"component":"player-command","phase":"response","correlationId":"a00a1ab0-0abc-46be-825d-39e80310ee12","statusCode":200,"elapsedMs":23}
{"component":"player-command","phase":"request","correlationId":"4bc08e19-a2ce-4e34-813d-421fe1b29675"}
{"component":"player-command","phase":"authorization","correlationId":"4bc08e19-a2ce-4e34-813d-421fe1b29675","outcome":"allowed"}
{"component":"player-command","phase":"response","correlationId":"4bc08e19-a2ce-4e34-813d-421fe1b29675","statusCode":200,"elapsedMs":50}
{"component":"player-command","phase":"request","correlationId":"e93f5ef6-1b27-445e-ad65-31e901b6168e"}
{"component":"player-command","phase":"authorization","correlationId":"e93f5ef6-1b27-445e-ad65-31e901b6168e","outcome":"allowed"}
{"component":"player-command","phase":"command","correlationId":"e93f5ef6-1b27-445e-ad65-31e901b6168e"}
{"component":"player-command","phase":"mutation","correlationId":"e93f5ef6-1b27-445e-ad65-31e901b6168e","outcome":"completed","replayed":false}
{"component":"player-command","phase":"consequence","correlationId":"e93f5ef6-1b27-445e-ad65-31e901b6168e","replayed":false,"changes":2}
{"component":"player-command","phase":"opportunity","correlationId":"e93f5ef6-1b27-445e-ad65-31e901b6168e","replayed":false,"changes":2}
{"component":"player-command","phase":"response","correlationId":"e93f5ef6-1b27-445e-ad65-31e901b6168e","statusCode":200,"elapsedMs":65}
{"component":"player-command","phase":"request","correlationId":"22d641ab-5e9f-4451-8c90-6461ac422568"}
{"component":"player-command","phase":"authorization","correlationId":"22d641ab-5e9f-4451-8c90-6461ac422568","outcome":"allowed"}
{"component":"player-command","phase":"command","correlationId":"22d641ab-5e9f-4451-8c90-6461ac422568"}
{"component":"player-command","phase":"mutation","correlationId":"22d641ab-5e9f-4451-8c90-6461ac422568","outcome":"completed","replayed":true}
{"component":"player-command","phase":"consequence","correlationId":"22d641ab-5e9f-4451-8c90-6461ac422568","replayed":true,"changes":0}
{"component":"player-command","phase":"opportunity","correlationId":"22d641ab-5e9f-4451-8c90-6461ac422568","replayed":true,"changes":0}
{"component":"player-command","phase":"response","correlationId":"22d641ab-5e9f-4451-8c90-6461ac422568","statusCode":200,"elapsedMs":27}
{"component":"player-command","phase":"request","correlationId":"34d8cda2-d48c-45d8-a7db-0130a0616543"}
{"component":"player-command","phase":"authorization","correlationId":"34d8cda2-d48c-45d8-a7db-0130a0616543","outcome":"allowed"}
{"component":"player-command","phase":"response","correlationId":"34d8cda2-d48c-45d8-a7db-0130a0616543","statusCode":200,"elapsedMs":55}
{"component":"player-command","phase":"request","correlationId":"00cb5d9c-fda0-4477-968d-d10aef50c9a5"}
{"component":"player-command","phase":"authorization","correlationId":"00cb5d9c-fda0-4477-968d-d10aef50c9a5","outcome":"allowed"}
{"component":"player-command","phase":"command","correlationId":"00cb5d9c-fda0-4477-968d-d10aef50c9a5"}
{"component":"player-command","phase":"mutation","correlationId":"00cb5d9c-fda0-4477-968d-d10aef50c9a5","outcome":"completed","replayed":false}
{"component":"player-command","phase":"consequence","correlationId":"00cb5d9c-fda0-4477-968d-d10aef50c9a5","replayed":false,"changes":2}
{"component":"player-command","phase":"opportunity","correlationId":"00cb5d9c-fda0-4477-968d-d10aef50c9a5","replayed":false,"changes":2}
{"component":"player-command","phase":"response","correlationId":"00cb5d9c-fda0-4477-968d-d10aef50c9a5","statusCode":200,"elapsedMs":62}
{"component":"player-command","phase":"request","correlationId":"dbdf26b2-8f32-4f81-989b-8271856691e8"}
{"component":"player-command","phase":"authorization","correlationId":"dbdf26b2-8f32-4f81-989b-8271856691e8","outcome":"allowed"}
{"component":"player-command","phase":"command","correlationId":"dbdf26b2-8f32-4f81-989b-8271856691e8"}
{"component":"player-command","phase":"mutation","correlationId":"dbdf26b2-8f32-4f81-989b-8271856691e8","outcome":"completed","replayed":true}
{"component":"player-command","phase":"consequence","correlationId":"dbdf26b2-8f32-4f81-989b-8271856691e8","replayed":true,"changes":0}
{"component":"player-command","phase":"opportunity","correlationId":"dbdf26b2-8f32-4f81-989b-8271856691e8","replayed":true,"changes":0}
{"component":"player-command","phase":"response","correlationId":"dbdf26b2-8f32-4f81-989b-8271856691e8","statusCode":200,"elapsedMs":29}
{"component":"player-command","phase":"request","correlationId":"8a434e36-252b-4710-8be2-6ddf5ffa5e89"}
{"component":"player-command","phase":"authorization","correlationId":"8a434e36-252b-4710-8be2-6ddf5ffa5e89","outcome":"allowed"}
{"component":"player-command","phase":"response","correlationId":"8a434e36-252b-4710-8be2-6ddf5ffa5e89","statusCode":200,"elapsedMs":59}
{"component":"player-command","phase":"request","correlationId":"78ead451-d21d-4982-907a-51d82e8be9f3"}
{"component":"player-command","phase":"authorization","correlationId":"78ead451-d21d-4982-907a-51d82e8be9f3","outcome":"allowed"}
{"component":"player-command","phase":"command","correlationId":"78ead451-d21d-4982-907a-51d82e8be9f3"}
{"component":"player-command","phase":"mutation","correlationId":"78ead451-d21d-4982-907a-51d82e8be9f3","outcome":"completed","replayed":false}
{"component":"player-command","phase":"consequence","correlationId":"78ead451-d21d-4982-907a-51d82e8be9f3","replayed":false,"changes":2}
{"component":"player-command","phase":"opportunity","correlationId":"78ead451-d21d-4982-907a-51d82e8be9f3","replayed":false,"changes":2}
{"component":"player-command","phase":"response","correlationId":"78ead451-d21d-4982-907a-51d82e8be9f3","statusCode":200,"elapsedMs":67}
{"component":"player-command","phase":"request","correlationId":"c1023a41-ebb5-47d9-b618-c89638ce0c92"}
{"component":"player-command","phase":"authorization","correlationId":"c1023a41-ebb5-47d9-b618-c89638ce0c92","outcome":"allowed"}
{"component":"player-command","phase":"command","correlationId":"c1023a41-ebb5-47d9-b618-c89638ce0c92"}
{"component":"player-command","phase":"mutation","correlationId":"c1023a41-ebb5-47d9-b618-c89638ce0c92","outcome":"completed","replayed":true}
{"component":"player-command","phase":"consequence","correlationId":"c1023a41-ebb5-47d9-b618-c89638ce0c92","replayed":true,"changes":0}
{"component":"player-command","phase":"opportunity","correlationId":"c1023a41-ebb5-47d9-b618-c89638ce0c92","replayed":true,"changes":0}
{"component":"player-command","phase":"response","correlationId":"c1023a41-ebb5-47d9-b618-c89638ce0c92","statusCode":200,"elapsedMs":26}
{"component":"player-command","phase":"request","correlationId":"cc8b8ef1-d167-49a9-be9e-16107ac15683"}
{"component":"player-command","phase":"authorization","correlationId":"cc8b8ef1-d167-49a9-be9e-16107ac15683","outcome":"allowed"}
{"component":"player-command","phase":"response","correlationId":"cc8b8ef1-d167-49a9-be9e-16107ac15683","statusCode":200,"elapsedMs":54}
{"component":"player-command","phase":"request","correlationId":"97d679bf-815b-483e-b045-e67db291f3bc"}
{"component":"player-command","phase":"authorization","correlationId":"97d679bf-815b-483e-b045-e67db291f3bc","outcome":"allowed"}
{"component":"player-command","phase":"command","correlationId":"97d679bf-815b-483e-b045-e67db291f3bc"}
{"component":"player-command","phase":"mutation","correlationId":"97d679bf-815b-483e-b045-e67db291f3bc","outcome":"completed","replayed":false}
{"component":"player-command","phase":"consequence","correlationId":"97d679bf-815b-483e-b045-e67db291f3bc","replayed":false,"changes":2}
{"component":"player-command","phase":"opportunity","correlationId":"97d679bf-815b-483e-b045-e67db291f3bc","replayed":false,"changes":2}
{"component":"player-command","phase":"response","correlationId":"97d679bf-815b-483e-b045-e67db291f3bc","statusCode":200,"elapsedMs":63}
{"component":"player-command","phase":"request","correlationId":"7a38230d-495b-4274-a00f-9a91be2cda79"}
{"component":"player-command","phase":"authorization","correlationId":"7a38230d-495b-4274-a00f-9a91be2cda79","outcome":"allowed"}
{"component":"player-command","phase":"command","correlationId":"7a38230d-495b-4274-a00f-9a91be2cda79"}
{"component":"player-command","phase":"mutation","correlationId":"7a38230d-495b-4274-a00f-9a91be2cda79","outcome":"completed","replayed":true}
{"component":"player-command","phase":"consequence","correlationId":"7a38230d-495b-4274-a00f-9a91be2cda79","replayed":true,"changes":0}
{"component":"player-command","phase":"opportunity","correlationId":"7a38230d-495b-4274-a00f-9a91be2cda79","replayed":true,"changes":0}
{"component":"player-command","phase":"response","correlationId":"7a38230d-495b-4274-a00f-9a91be2cda79","statusCode":200,"elapsedMs":27}
{"component":"player-command","phase":"request","correlationId":"f5739ec3-a5f2-4d21-83e2-0ccda45e1ce4"}
{"component":"player-command","phase":"authorization","correlationId":"f5739ec3-a5f2-4d21-83e2-0ccda45e1ce4","outcome":"allowed"}
{"component":"player-command","phase":"response","correlationId":"f5739ec3-a5f2-4d21-83e2-0ccda45e1ce4","statusCode":200,"elapsedMs":61}
{"component":"player-command","phase":"request","correlationId":"d6b4ad7b-9b82-4676-aa8d-9dcb90bf29b0"}
{"component":"player-command","phase":"authorization","correlationId":"d6b4ad7b-9b82-4676-aa8d-9dcb90bf29b0","outcome":"allowed"}
{"component":"player-command","phase":"command","correlationId":"d6b4ad7b-9b82-4676-aa8d-9dcb90bf29b0"}
{"component":"player-command","phase":"mutation","correlationId":"d6b4ad7b-9b82-4676-aa8d-9dcb90bf29b0","outcome":"completed","replayed":false}
{"component":"player-command","phase":"consequence","correlationId":"d6b4ad7b-9b82-4676-aa8d-9dcb90bf29b0","replayed":false,"changes":2}
{"component":"player-command","phase":"opportunity","correlationId":"d6b4ad7b-9b82-4676-aa8d-9dcb90bf29b0","replayed":false,"changes":2}
{"component":"player-command","phase":"response","correlationId":"d6b4ad7b-9b82-4676-aa8d-9dcb90bf29b0","statusCode":200,"elapsedMs":79}
{"component":"player-command","phase":"request","correlationId":"7c92f873-4c26-4ac2-8648-f8a2da619ed3"}
{"component":"player-command","phase":"authorization","correlationId":"7c92f873-4c26-4ac2-8648-f8a2da619ed3","outcome":"allowed"}
{"component":"player-command","phase":"command","correlationId":"7c92f873-4c26-4ac2-8648-f8a2da619ed3"}
{"component":"player-command","phase":"mutation","correlationId":"7c92f873-4c26-4ac2-8648-f8a2da619ed3","outcome":"completed","replayed":true}
{"component":"player-command","phase":"consequence","correlationId":"7c92f873-4c26-4ac2-8648-f8a2da619ed3","replayed":true,"changes":0}
{"component":"player-command","phase":"opportunity","correlationId":"7c92f873-4c26-4ac2-8648-f8a2da619ed3","replayed":true,"changes":0}
{"component":"player-command","phase":"response","correlationId":"7c92f873-4c26-4ac2-8648-f8a2da619ed3","statusCode":200,"elapsedMs":32}
{"component":"player-command","phase":"request","correlationId":"e1f8e254-598c-42c2-9fb5-2bc2b97f14e7"}
{"component":"player-command","phase":"authorization","correlationId":"e1f8e254-598c-42c2-9fb5-2bc2b97f14e7","outcome":"allowed"}
{"component":"player-command","phase":"response","correlationId":"e1f8e254-598c-42c2-9fb5-2bc2b97f14e7","statusCode":200,"elapsedMs":60}
{"component":"player-command","phase":"request","correlationId":"40591e95-45cd-457f-963e-c2484ea86bcd"}
{"component":"player-command","phase":"authorization","correlationId":"40591e95-45cd-457f-963e-c2484ea86bcd","outcome":"allowed"}
{"component":"player-command","phase":"command","correlationId":"40591e95-45cd-457f-963e-c2484ea86bcd"}
{"component":"player-command","phase":"mutation","correlationId":"40591e95-45cd-457f-963e-c2484ea86bcd","outcome":"completed","replayed":false}
{"component":"player-command","phase":"consequence","correlationId":"40591e95-45cd-457f-963e-c2484ea86bcd","replayed":false,"changes":2}
{"component":"player-command","phase":"opportunity","correlationId":"40591e95-45cd-457f-963e-c2484ea86bcd","replayed":false,"changes":2}
{"component":"player-command","phase":"response","correlationId":"40591e95-45cd-457f-963e-c2484ea86bcd","statusCode":200,"elapsedMs":70}
{"component":"player-command","phase":"request","correlationId":"4a021a06-3a20-486b-9b42-e1f22de5e4bc"}
{"component":"player-command","phase":"authorization","correlationId":"4a021a06-3a20-486b-9b42-e1f22de5e4bc","outcome":"allowed"}
{"component":"player-command","phase":"command","correlationId":"4a021a06-3a20-486b-9b42-e1f22de5e4bc"}
{"component":"player-command","phase":"mutation","correlationId":"4a021a06-3a20-486b-9b42-e1f22de5e4bc","outcome":"completed","replayed":true}
{"component":"player-command","phase":"consequence","correlationId":"4a021a06-3a20-486b-9b42-e1f22de5e4bc","replayed":true,"changes":0}
{"component":"player-command","phase":"opportunity","correlationId":"4a021a06-3a20-486b-9b42-e1f22de5e4bc","replayed":true,"changes":0}
{"component":"player-command","phase":"response","correlationId":"4a021a06-3a20-486b-9b42-e1f22de5e4bc","statusCode":200,"elapsedMs":27}
{"component":"player-command","phase":"request","correlationId":"3ec2d370-440f-455a-a2ad-f7299ce1660e"}
{"component":"player-command","phase":"authorization","correlationId":"3ec2d370-440f-455a-a2ad-f7299ce1660e","outcome":"allowed"}
{"component":"player-command","phase":"response","correlationId":"3ec2d370-440f-455a-a2ad-f7299ce1660e","statusCode":200,"elapsedMs":52}
{"component":"player-command","phase":"request","correlationId":"24bca1a3-ff71-416c-b91b-255b7d968138"}
{"component":"player-command","phase":"authorization","correlationId":"24bca1a3-ff71-416c-b91b-255b7d968138","outcome":"allowed"}
{"component":"player-command","phase":"command","correlationId":"24bca1a3-ff71-416c-b91b-255b7d968138"}
{"component":"player-command","phase":"mutation","correlationId":"24bca1a3-ff71-416c-b91b-255b7d968138","outcome":"completed","replayed":false}
{"component":"player-command","phase":"consequence","correlationId":"24bca1a3-ff71-416c-b91b-255b7d968138","replayed":false,"changes":2}
{"component":"player-command","phase":"opportunity","correlationId":"24bca1a3-ff71-416c-b91b-255b7d968138","replayed":false,"changes":2}
{"component":"player-command","phase":"response","correlationId":"24bca1a3-ff71-416c-b91b-255b7d968138","statusCode":200,"elapsedMs":61}
{"component":"player-command","phase":"request","correlationId":"a2c52aef-e27b-4707-bfae-e575238d2f03"}
{"component":"player-command","phase":"authorization","correlationId":"a2c52aef-e27b-4707-bfae-e575238d2f03","outcome":"allowed"}
{"component":"player-command","phase":"command","correlationId":"a2c52aef-e27b-4707-bfae-e575238d2f03"}
{"component":"player-command","phase":"mutation","correlationId":"a2c52aef-e27b-4707-bfae-e575238d2f03","outcome":"completed","replayed":true}
{"component":"player-command","phase":"consequence","correlationId":"a2c52aef-e27b-4707-bfae-e575238d2f03","replayed":true,"changes":0}
{"component":"player-command","phase":"opportunity","correlationId":"a2c52aef-e27b-4707-bfae-e575238d2f03","replayed":true,"changes":0}
{"component":"player-command","phase":"response","correlationId":"a2c52aef-e27b-4707-bfae-e575238d2f03","statusCode":200,"elapsedMs":28}
{"component":"player-command","phase":"request","correlationId":"3912e1af-147d-4f6d-83a2-22c2832cfd94"}
{"component":"player-command","phase":"authorization","correlationId":"3912e1af-147d-4f6d-83a2-22c2832cfd94","outcome":"allowed"}
{"component":"player-command","phase":"response","correlationId":"3912e1af-147d-4f6d-83a2-22c2832cfd94","statusCode":200,"elapsedMs":83}
{"component":"player-command","phase":"request","correlationId":"6f1f8e53-08a4-48fe-af61-3b5929508952"}
{"component":"player-command","phase":"authorization","correlationId":"6f1f8e53-08a4-48fe-af61-3b5929508952","outcome":"allowed"}
{"component":"player-command","phase":"command","correlationId":"6f1f8e53-08a4-48fe-af61-3b5929508952"}
{"component":"player-command","phase":"mutation","correlationId":"6f1f8e53-08a4-48fe-af61-3b5929508952","outcome":"completed","replayed":false}
{"component":"player-command","phase":"consequence","correlationId":"6f1f8e53-08a4-48fe-af61-3b5929508952","replayed":false,"changes":2}
{"component":"player-command","phase":"opportunity","correlationId":"6f1f8e53-08a4-48fe-af61-3b5929508952","replayed":false,"changes":2}
{"component":"player-command","phase":"response","correlationId":"6f1f8e53-08a4-48fe-af61-3b5929508952","statusCode":200,"elapsedMs":67}
{"component":"player-command","phase":"request","correlationId":"1d6ef522-b051-4b4e-a6f6-2036b0c847a2"}
{"component":"player-command","phase":"authorization","correlationId":"1d6ef522-b051-4b4e-a6f6-2036b0c847a2","outcome":"allowed"}
{"component":"player-command","phase":"command","correlationId":"1d6ef522-b051-4b4e-a6f6-2036b0c847a2"}
{"component":"player-command","phase":"mutation","correlationId":"1d6ef522-b051-4b4e-a6f6-2036b0c847a2","outcome":"completed","replayed":true}
{"component":"player-command","phase":"consequence","correlationId":"1d6ef522-b051-4b4e-a6f6-2036b0c847a2","replayed":true,"changes":0}
{"component":"player-command","phase":"opportunity","correlationId":"1d6ef522-b051-4b4e-a6f6-2036b0c847a2","replayed":true,"changes":0}
{"component":"player-command","phase":"response","correlationId":"1d6ef522-b051-4b4e-a6f6-2036b0c847a2","statusCode":200,"elapsedMs":27}
{"component":"player-command","phase":"request","correlationId":"23e2095f-f8dc-4c78-bae9-09eaa5b62ac3"}
{"component":"player-command","phase":"authorization","correlationId":"23e2095f-f8dc-4c78-bae9-09eaa5b62ac3","outcome":"allowed"}
{"component":"player-command","phase":"response","correlationId":"23e2095f-f8dc-4c78-bae9-09eaa5b62ac3","statusCode":200,"elapsedMs":57}
{"component":"player-command","phase":"request","correlationId":"bb23a975-2ac4-48fe-9e09-45dc75c8f92b"}
{"component":"player-command","phase":"authorization","correlationId":"bb23a975-2ac4-48fe-9e09-45dc75c8f92b","outcome":"allowed"}
{"component":"player-command","phase":"command","correlationId":"bb23a975-2ac4-48fe-9e09-45dc75c8f92b"}
{"component":"player-command","phase":"mutation","correlationId":"bb23a975-2ac4-48fe-9e09-45dc75c8f92b","outcome":"completed","replayed":false}
{"component":"player-command","phase":"consequence","correlationId":"bb23a975-2ac4-48fe-9e09-45dc75c8f92b","replayed":false,"changes":2}
{"component":"player-command","phase":"opportunity","correlationId":"bb23a975-2ac4-48fe-9e09-45dc75c8f92b","replayed":false,"changes":2}
{"component":"player-command","phase":"response","correlationId":"bb23a975-2ac4-48fe-9e09-45dc75c8f92b","statusCode":200,"elapsedMs":74}
{"component":"player-command","phase":"request","correlationId":"6611c5f4-fc39-4930-a750-c346df2d0d02"}
{"component":"player-command","phase":"authorization","correlationId":"6611c5f4-fc39-4930-a750-c346df2d0d02","outcome":"allowed"}
{"component":"player-command","phase":"command","correlationId":"6611c5f4-fc39-4930-a750-c346df2d0d02"}
{"component":"player-command","phase":"mutation","correlationId":"6611c5f4-fc39-4930-a750-c346df2d0d02","outcome":"completed","replayed":true}
{"component":"player-command","phase":"consequence","correlationId":"6611c5f4-fc39-4930-a750-c346df2d0d02","replayed":true,"changes":0}
{"component":"player-command","phase":"opportunity","correlationId":"6611c5f4-fc39-4930-a750-c346df2d0d02","replayed":true,"changes":0}
{"component":"player-command","phase":"response","correlationId":"6611c5f4-fc39-4930-a750-c346df2d0d02","statusCode":200,"elapsedMs":26}
{"component":"player-command","phase":"request","correlationId":"e93386b8-f66d-41f9-9382-55f97506cda0"}
{"component":"player-command","phase":"authorization","correlationId":"e93386b8-f66d-41f9-9382-55f97506cda0","outcome":"allowed"}
{"component":"player-command","phase":"response","correlationId":"e93386b8-f66d-41f9-9382-55f97506cda0","statusCode":200,"elapsedMs":55}
{"component":"player-command","phase":"request","correlationId":"5388875e-48b3-48af-97f3-18bda75ef3cd"}
{"component":"player-command","phase":"authorization","correlationId":"5388875e-48b3-48af-97f3-18bda75ef3cd","outcome":"allowed"}
{"component":"player-command","phase":"command","correlationId":"5388875e-48b3-48af-97f3-18bda75ef3cd"}
{"component":"player-command","phase":"mutation","correlationId":"5388875e-48b3-48af-97f3-18bda75ef3cd","outcome":"completed","replayed":false}
{"component":"player-command","phase":"consequence","correlationId":"5388875e-48b3-48af-97f3-18bda75ef3cd","replayed":false,"changes":2}
{"component":"player-command","phase":"opportunity","correlationId":"5388875e-48b3-48af-97f3-18bda75ef3cd","replayed":false,"changes":2}
{"component":"player-command","phase":"response","correlationId":"5388875e-48b3-48af-97f3-18bda75ef3cd","statusCode":200,"elapsedMs":70}
{"component":"player-command","phase":"request","correlationId":"625dd754-585e-445f-b76b-9a7381272bbd"}
{"component":"player-command","phase":"authorization","correlationId":"625dd754-585e-445f-b76b-9a7381272bbd","outcome":"allowed"}
{"component":"player-command","phase":"command","correlationId":"625dd754-585e-445f-b76b-9a7381272bbd"}
{"component":"player-command","phase":"mutation","correlationId":"625dd754-585e-445f-b76b-9a7381272bbd","outcome":"completed","replayed":true}
{"component":"player-command","phase":"consequence","correlationId":"625dd754-585e-445f-b76b-9a7381272bbd","replayed":true,"changes":0}
{"component":"player-command","phase":"opportunity","correlationId":"625dd754-585e-445f-b76b-9a7381272bbd","replayed":true,"changes":0}
{"component":"player-command","phase":"response","correlationId":"625dd754-585e-445f-b76b-9a7381272bbd","statusCode":200,"elapsedMs":33}
{"component":"player-command","phase":"request","correlationId":"370d5a0e-b886-4f9d-8912-fc86a07b62d4"}
{"component":"player-command","phase":"authorization","correlationId":"370d5a0e-b886-4f9d-8912-fc86a07b62d4","outcome":"allowed"}
{"component":"player-command","phase":"response","correlationId":"370d5a0e-b886-4f9d-8912-fc86a07b62d4","statusCode":200,"elapsedMs":62}
{"component":"player-command","phase":"request","correlationId":"166f4069-8db7-4c7b-937f-6e8ddaf228d9"}
{"component":"player-command","phase":"authorization","correlationId":"166f4069-8db7-4c7b-937f-6e8ddaf228d9","outcome":"allowed"}
{"component":"player-command","phase":"command","correlationId":"166f4069-8db7-4c7b-937f-6e8ddaf228d9"}
{"component":"player-command","phase":"mutation","correlationId":"166f4069-8db7-4c7b-937f-6e8ddaf228d9","outcome":"completed","replayed":false}
{"component":"player-command","phase":"consequence","correlationId":"166f4069-8db7-4c7b-937f-6e8ddaf228d9","replayed":false,"changes":2}
{"component":"player-command","phase":"opportunity","correlationId":"166f4069-8db7-4c7b-937f-6e8ddaf228d9","replayed":false,"changes":2}
{"component":"player-command","phase":"response","correlationId":"166f4069-8db7-4c7b-937f-6e8ddaf228d9","statusCode":200,"elapsedMs":70}
{"component":"player-command","phase":"request","correlationId":"7c55a492-464f-4c86-a5b2-eb8fa6a259e6"}
{"component":"player-command","phase":"authorization","correlationId":"7c55a492-464f-4c86-a5b2-eb8fa6a259e6","outcome":"allowed"}
{"component":"player-command","phase":"command","correlationId":"7c55a492-464f-4c86-a5b2-eb8fa6a259e6"}
{"component":"player-command","phase":"mutation","correlationId":"7c55a492-464f-4c86-a5b2-eb8fa6a259e6","outcome":"completed","replayed":true}
{"component":"player-command","phase":"consequence","correlationId":"7c55a492-464f-4c86-a5b2-eb8fa6a259e6","replayed":true,"changes":0}
{"component":"player-command","phase":"opportunity","correlationId":"7c55a492-464f-4c86-a5b2-eb8fa6a259e6","replayed":true,"changes":0}
{"component":"player-command","phase":"response","correlationId":"7c55a492-464f-4c86-a5b2-eb8fa6a259e6","statusCode":200,"elapsedMs":31}
{"component":"player-command","phase":"request","correlationId":"fa25db5e-6750-4d81-a2a7-64ea33cab6aa"}
{"component":"player-command","phase":"authorization","correlationId":"fa25db5e-6750-4d81-a2a7-64ea33cab6aa","outcome":"allowed"}
{"component":"player-command","phase":"response","correlationId":"fa25db5e-6750-4d81-a2a7-64ea33cab6aa","statusCode":200,"elapsedMs":65}
{"component":"player-command","phase":"request","correlationId":"bbc3744b-7d34-497c-975b-a9696ad8055c"}
{"component":"player-command","phase":"authorization","correlationId":"bbc3744b-7d34-497c-975b-a9696ad8055c","outcome":"allowed"}
{"component":"player-command","phase":"command","correlationId":"bbc3744b-7d34-497c-975b-a9696ad8055c"}
{"component":"player-command","phase":"mutation","correlationId":"bbc3744b-7d34-497c-975b-a9696ad8055c","outcome":"completed","replayed":false}
{"component":"player-command","phase":"consequence","correlationId":"bbc3744b-7d34-497c-975b-a9696ad8055c","replayed":false,"changes":2}
{"component":"player-command","phase":"opportunity","correlationId":"bbc3744b-7d34-497c-975b-a9696ad8055c","replayed":false,"changes":2}
{"component":"player-command","phase":"response","correlationId":"bbc3744b-7d34-497c-975b-a9696ad8055c","statusCode":200,"elapsedMs":65}
{"component":"player-command","phase":"request","correlationId":"317782d4-dc4e-4f75-bc5d-dcd9c913b765"}
{"component":"player-command","phase":"authorization","correlationId":"317782d4-dc4e-4f75-bc5d-dcd9c913b765","outcome":"allowed"}
{"component":"player-command","phase":"command","correlationId":"317782d4-dc4e-4f75-bc5d-dcd9c913b765"}
{"component":"player-command","phase":"mutation","correlationId":"317782d4-dc4e-4f75-bc5d-dcd9c913b765","outcome":"completed","replayed":true}
{"component":"player-command","phase":"consequence","correlationId":"317782d4-dc4e-4f75-bc5d-dcd9c913b765","replayed":true,"changes":0}
{"component":"player-command","phase":"opportunity","correlationId":"317782d4-dc4e-4f75-bc5d-dcd9c913b765","replayed":true,"changes":0}
{"component":"player-command","phase":"response","correlationId":"317782d4-dc4e-4f75-bc5d-dcd9c913b765","statusCode":200,"elapsedMs":24}
{"phase":"commands","round":0,"players":50,"assertions":11055}
{"component":"player-command","phase":"request","correlationId":"a06da6ad-2006-4ae0-a028-bc64042723b1"}
{"component":"player-command","phase":"authorization","correlationId":"a06da6ad-2006-4ae0-a028-bc64042723b1","outcome":"allowed"}
{"component":"player-command","phase":"response","correlationId":"a06da6ad-2006-4ae0-a028-bc64042723b1","statusCode":200,"elapsedMs":51}
{"component":"player-command","phase":"request","correlationId":"0c1b7b15-e999-4f26-884a-4450b9056ba6"}
{"component":"player-command","phase":"authorization","correlationId":"0c1b7b15-e999-4f26-884a-4450b9056ba6","outcome":"allowed"}
{"component":"player-command","phase":"command","correlationId":"0c1b7b15-e999-4f26-884a-4450b9056ba6"}
{"component":"player-command","phase":"mutation","correlationId":"0c1b7b15-e999-4f26-884a-4450b9056ba6","outcome":"completed","replayed":false}
{"component":"player-command","phase":"consequence","correlationId":"0c1b7b15-e999-4f26-884a-4450b9056ba6","replayed":false,"changes":2}
{"component":"player-command","phase":"opportunity","correlationId":"0c1b7b15-e999-4f26-884a-4450b9056ba6","replayed":false,"changes":2}
{"component":"player-command","phase":"response","correlationId":"0c1b7b15-e999-4f26-884a-4450b9056ba6","statusCode":200,"elapsedMs":66}
{"component":"player-command","phase":"request","correlationId":"693d492a-fd92-4d87-979d-2f69aee0dea0"}
{"component":"player-command","phase":"authorization","correlationId":"693d492a-fd92-4d87-979d-2f69aee0dea0","outcome":"allowed"}
{"component":"player-command","phase":"command","correlationId":"693d492a-fd92-4d87-979d-2f69aee0dea0"}
{"component":"player-command","phase":"mutation","correlationId":"693d492a-fd92-4d87-979d-2f69aee0dea0","outcome":"completed","replayed":true}
{"component":"player-command","phase":"consequence","correlationId":"693d492a-fd92-4d87-979d-2f69aee0dea0","replayed":true,"changes":0}
{"component":"player-command","phase":"opportunity","correlationId":"693d492a-fd92-4d87-979d-2f69aee0dea0","replayed":true,"changes":0}
{"component":"player-command","phase":"response","correlationId":"693d492a-fd92-4d87-979d-2f69aee0dea0","statusCode":200,"elapsedMs":27}
{"component":"player-command","phase":"request","correlationId":"ba4c2e6d-8b59-49da-9e42-951e4a83208d"}
{"component":"player-command","phase":"authorization","correlationId":"ba4c2e6d-8b59-49da-9e42-951e4a83208d","outcome":"allowed"}
{"component":"player-command","phase":"response","correlationId":"ba4c2e6d-8b59-49da-9e42-951e4a83208d","statusCode":200,"elapsedMs":53}
{"component":"player-command","phase":"request","correlationId":"6ae1fce0-a017-4862-a7ea-df63988386b7"}
{"component":"player-command","phase":"authorization","correlationId":"6ae1fce0-a017-4862-a7ea-df63988386b7","outcome":"allowed"}
{"component":"player-command","phase":"command","correlationId":"6ae1fce0-a017-4862-a7ea-df63988386b7"}
{"component":"player-command","phase":"mutation","correlationId":"6ae1fce0-a017-4862-a7ea-df63988386b7","outcome":"completed","replayed":false}
{"component":"player-command","phase":"consequence","correlationId":"6ae1fce0-a017-4862-a7ea-df63988386b7","replayed":false,"changes":2}
{"component":"player-command","phase":"opportunity","correlationId":"6ae1fce0-a017-4862-a7ea-df63988386b7","replayed":false,"changes":2}
{"component":"player-command","phase":"response","correlationId":"6ae1fce0-a017-4862-a7ea-df63988386b7","statusCode":200,"elapsedMs":64}
{"component":"player-command","phase":"request","correlationId":"fdde0b9c-304a-4dda-8125-932715ac1c0f"}
{"component":"player-command","phase":"authorization","correlationId":"fdde0b9c-304a-4dda-8125-932715ac1c0f","outcome":"allowed"}
{"component":"player-command","phase":"command","correlationId":"fdde0b9c-304a-4dda-8125-932715ac1c0f"}
{"component":"player-command","phase":"mutation","correlationId":"fdde0b9c-304a-4dda-8125-932715ac1c0f","outcome":"completed","replayed":true}
{"component":"player-command","phase":"consequence","correlationId":"fdde0b9c-304a-4dda-8125-932715ac1c0f","replayed":true,"changes":0}
{"component":"player-command","phase":"opportunity","correlationId":"fdde0b9c-304a-4dda-8125-932715ac1c0f","replayed":true,"changes":0}
{"component":"player-command","phase":"response","correlationId":"fdde0b9c-304a-4dda-8125-932715ac1c0f","statusCode":200,"elapsedMs":27}
{"component":"player-command","phase":"request","correlationId":"99d4c016-be9a-43ad-abf1-39a36cf36b3a"}
{"component":"player-command","phase":"authorization","correlationId":"99d4c016-be9a-43ad-abf1-39a36cf36b3a","outcome":"allowed"}
{"component":"player-command","phase":"response","correlationId":"99d4c016-be9a-43ad-abf1-39a36cf36b3a","statusCode":200,"elapsedMs":51}
{"component":"player-command","phase":"request","correlationId":"fd9b527d-baa0-4c62-8061-07aa9a1ff0e4"}
{"component":"player-command","phase":"authorization","correlationId":"fd9b527d-baa0-4c62-8061-07aa9a1ff0e4","outcome":"allowed"}
{"component":"player-command","phase":"command","correlationId":"fd9b527d-baa0-4c62-8061-07aa9a1ff0e4"}
{"component":"player-command","phase":"mutation","correlationId":"fd9b527d-baa0-4c62-8061-07aa9a1ff0e4","outcome":"completed","replayed":false}
{"component":"player-command","phase":"consequence","correlationId":"fd9b527d-baa0-4c62-8061-07aa9a1ff0e4","replayed":false,"changes":2}
{"component":"player-command","phase":"opportunity","correlationId":"fd9b527d-baa0-4c62-8061-07aa9a1ff0e4","replayed":false,"changes":2}
{"component":"player-command","phase":"response","correlationId":"fd9b527d-baa0-4c62-8061-07aa9a1ff0e4","statusCode":200,"elapsedMs":65}
{"component":"player-command","phase":"request","correlationId":"b517d1c3-577b-41ed-b5c1-ea60652f0999"}
{"component":"player-command","phase":"authorization","correlationId":"b517d1c3-577b-41ed-b5c1-ea60652f0999","outcome":"allowed"}
{"component":"player-command","phase":"command","correlationId":"b517d1c3-577b-41ed-b5c1-ea60652f0999"}
{"component":"player-command","phase":"mutation","correlationId":"b517d1c3-577b-41ed-b5c1-ea60652f0999","outcome":"completed","replayed":true}
{"component":"player-command","phase":"consequence","correlationId":"b517d1c3-577b-41ed-b5c1-ea60652f0999","replayed":true,"changes":0}
{"component":"player-command","phase":"opportunity","correlationId":"b517d1c3-577b-41ed-b5c1-ea60652f0999","replayed":true,"changes":0}
{"component":"player-command","phase":"response","correlationId":"b517d1c3-577b-41ed-b5c1-ea60652f0999","statusCode":200,"elapsedMs":29}
{"component":"player-command","phase":"request","correlationId":"0a0986f1-0e2d-4088-9bef-76f84e411de0"}
{"component":"player-command","phase":"authorization","correlationId":"0a0986f1-0e2d-4088-9bef-76f84e411de0","outcome":"allowed"}
{"component":"player-command","phase":"response","correlationId":"0a0986f1-0e2d-4088-9bef-76f84e411de0","statusCode":200,"elapsedMs":64}
{"component":"player-command","phase":"request","correlationId":"8111869d-e631-4526-95ab-0378544f2b7f"}
{"component":"player-command","phase":"authorization","correlationId":"8111869d-e631-4526-95ab-0378544f2b7f","outcome":"allowed"}
{"component":"player-command","phase":"command","correlationId":"8111869d-e631-4526-95ab-0378544f2b7f"}
{"component":"player-command","phase":"mutation","correlationId":"8111869d-e631-4526-95ab-0378544f2b7f","outcome":"completed","replayed":false}
{"component":"player-command","phase":"consequence","correlationId":"8111869d-e631-4526-95ab-0378544f2b7f","replayed":false,"changes":2}
{"component":"player-command","phase":"opportunity","correlationId":"8111869d-e631-4526-95ab-0378544f2b7f","replayed":false,"changes":2}
{"component":"player-command","phase":"response","correlationId":"8111869d-e631-4526-95ab-0378544f2b7f","statusCode":200,"elapsedMs":69}
{"component":"player-command","phase":"request","correlationId":"00238aa8-de30-489b-9ccc-0c42da69dedf"}
{"component":"player-command","phase":"authorization","correlationId":"00238aa8-de30-489b-9ccc-0c42da69dedf","outcome":"allowed"}
{"component":"player-command","phase":"command","correlationId":"00238aa8-de30-489b-9ccc-0c42da69dedf"}
{"component":"player-command","phase":"mutation","correlationId":"00238aa8-de30-489b-9ccc-0c42da69dedf","outcome":"completed","replayed":true}
{"component":"player-command","phase":"consequence","correlationId":"00238aa8-de30-489b-9ccc-0c42da69dedf","replayed":true,"changes":0}
{"component":"player-command","phase":"opportunity","correlationId":"00238aa8-de30-489b-9ccc-0c42da69dedf","replayed":true,"changes":0}
{"component":"player-command","phase":"response","correlationId":"00238aa8-de30-489b-9ccc-0c42da69dedf","statusCode":200,"elapsedMs":31}
{"component":"player-command","phase":"request","correlationId":"381efd5d-e827-4a4c-844c-703a1262ae21"}
{"component":"player-command","phase":"authorization","correlationId":"381efd5d-e827-4a4c-844c-703a1262ae21","outcome":"allowed"}
{"component":"player-command","phase":"response","correlationId":"381efd5d-e827-4a4c-844c-703a1262ae21","statusCode":200,"elapsedMs":76}
{"component":"player-command","phase":"request","correlationId":"21317457-75eb-4e7b-adb9-3c808b8a599b"}
{"component":"player-command","phase":"authorization","correlationId":"21317457-75eb-4e7b-adb9-3c808b8a599b","outcome":"allowed"}
{"component":"player-command","phase":"command","correlationId":"21317457-75eb-4e7b-adb9-3c808b8a599b"}
{"component":"player-command","phase":"mutation","correlationId":"21317457-75eb-4e7b-adb9-3c808b8a599b","outcome":"completed","replayed":false}
{"component":"player-command","phase":"consequence","correlationId":"21317457-75eb-4e7b-adb9-3c808b8a599b","replayed":false,"changes":2}
{"component":"player-command","phase":"opportunity","correlationId":"21317457-75eb-4e7b-adb9-3c808b8a599b","replayed":false,"changes":2}
{"component":"player-command","phase":"response","correlationId":"21317457-75eb-4e7b-adb9-3c808b8a599b","statusCode":200,"elapsedMs":86}
{"component":"player-command","phase":"request","correlationId":"6915f410-e91c-4a81-8a4b-0fa054af9dc7"}
{"component":"player-command","phase":"authorization","correlationId":"6915f410-e91c-4a81-8a4b-0fa054af9dc7","outcome":"allowed"}
{"component":"player-command","phase":"command","correlationId":"6915f410-e91c-4a81-8a4b-0fa054af9dc7"}
{"component":"player-command","phase":"mutation","correlationId":"6915f410-e91c-4a81-8a4b-0fa054af9dc7","outcome":"completed","replayed":true}
{"component":"player-command","phase":"consequence","correlationId":"6915f410-e91c-4a81-8a4b-0fa054af9dc7","replayed":true,"changes":0}
{"component":"player-command","phase":"opportunity","correlationId":"6915f410-e91c-4a81-8a4b-0fa054af9dc7","replayed":true,"changes":0}
{"component":"player-command","phase":"response","correlationId":"6915f410-e91c-4a81-8a4b-0fa054af9dc7","statusCode":200,"elapsedMs":38}
{"component":"player-command","phase":"request","correlationId":"bb8d399c-1341-4a34-b9c1-2cc988d4f0fa"}
{"component":"player-command","phase":"authorization","correlationId":"bb8d399c-1341-4a34-b9c1-2cc988d4f0fa","outcome":"allowed"}
{"component":"player-command","phase":"response","correlationId":"bb8d399c-1341-4a34-b9c1-2cc988d4f0fa","statusCode":200,"elapsedMs":62}
{"component":"player-command","phase":"request","correlationId":"d577ad56-e9ce-4cf7-8d05-03020f097931"}
{"component":"player-command","phase":"authorization","correlationId":"d577ad56-e9ce-4cf7-8d05-03020f097931","outcome":"allowed"}
{"component":"player-command","phase":"command","correlationId":"d577ad56-e9ce-4cf7-8d05-03020f097931"}
{"component":"player-command","phase":"mutation","correlationId":"d577ad56-e9ce-4cf7-8d05-03020f097931","outcome":"completed","replayed":false}
{"component":"player-command","phase":"consequence","correlationId":"d577ad56-e9ce-4cf7-8d05-03020f097931","replayed":false,"changes":2}
{"component":"player-command","phase":"opportunity","correlationId":"d577ad56-e9ce-4cf7-8d05-03020f097931","replayed":false,"changes":2}
{"component":"player-command","phase":"response","correlationId":"d577ad56-e9ce-4cf7-8d05-03020f097931","statusCode":200,"elapsedMs":74}
{"component":"player-command","phase":"request","correlationId":"cc30c930-8420-4f73-b93e-eddc49910b10"}
{"component":"player-command","phase":"authorization","correlationId":"cc30c930-8420-4f73-b93e-eddc49910b10","outcome":"allowed"}
{"component":"player-command","phase":"command","correlationId":"cc30c930-8420-4f73-b93e-eddc49910b10"}
{"component":"player-command","phase":"mutation","correlationId":"cc30c930-8420-4f73-b93e-eddc49910b10","outcome":"completed","replayed":true}
{"component":"player-command","phase":"consequence","correlationId":"cc30c930-8420-4f73-b93e-eddc49910b10","replayed":true,"changes":0}
{"component":"player-command","phase":"opportunity","correlationId":"cc30c930-8420-4f73-b93e-eddc49910b10","replayed":true,"changes":0}
{"component":"player-command","phase":"response","correlationId":"cc30c930-8420-4f73-b93e-eddc49910b10","statusCode":200,"elapsedMs":28}
{"component":"player-command","phase":"request","correlationId":"7fda6b39-8bec-4183-af29-6078d39441cf"}
{"component":"player-command","phase":"authorization","correlationId":"7fda6b39-8bec-4183-af29-6078d39441cf","outcome":"allowed"}
{"component":"player-command","phase":"response","correlationId":"7fda6b39-8bec-4183-af29-6078d39441cf","statusCode":200,"elapsedMs":60}
{"component":"player-command","phase":"request","correlationId":"d0af33c3-5dc6-4879-8dba-d4df213c9828"}
{"component":"player-command","phase":"authorization","correlationId":"d0af33c3-5dc6-4879-8dba-d4df213c9828","outcome":"allowed"}
{"component":"player-command","phase":"command","correlationId":"d0af33c3-5dc6-4879-8dba-d4df213c9828"}
{"component":"player-command","phase":"mutation","correlationId":"d0af33c3-5dc6-4879-8dba-d4df213c9828","outcome":"completed","replayed":false}
{"component":"player-command","phase":"consequence","correlationId":"d0af33c3-5dc6-4879-8dba-d4df213c9828","replayed":false,"changes":2}
{"component":"player-command","phase":"opportunity","correlationId":"d0af33c3-5dc6-4879-8dba-d4df213c9828","replayed":false,"changes":2}
{"component":"player-command","phase":"response","correlationId":"d0af33c3-5dc6-4879-8dba-d4df213c9828","statusCode":200,"elapsedMs":73}
{"component":"player-command","phase":"request","correlationId":"64087fe6-240e-491b-869c-9ed0a906d8fd"}
{"component":"player-command","phase":"authorization","correlationId":"64087fe6-240e-491b-869c-9ed0a906d8fd","outcome":"allowed"}
{"component":"player-command","phase":"command","correlationId":"64087fe6-240e-491b-869c-9ed0a906d8fd"}
{"component":"player-command","phase":"mutation","correlationId":"64087fe6-240e-491b-869c-9ed0a906d8fd","outcome":"completed","replayed":true}
{"component":"player-command","phase":"consequence","correlationId":"64087fe6-240e-491b-869c-9ed0a906d8fd","replayed":true,"changes":0}
{"component":"player-command","phase":"opportunity","correlationId":"64087fe6-240e-491b-869c-9ed0a906d8fd","replayed":true,"changes":0}
{"component":"player-command","phase":"response","correlationId":"64087fe6-240e-491b-869c-9ed0a906d8fd","statusCode":200,"elapsedMs":27}
{"component":"player-command","phase":"request","correlationId":"f1932656-b03e-479e-ae2d-4291b22f011a"}
{"component":"player-command","phase":"authorization","correlationId":"f1932656-b03e-479e-ae2d-4291b22f011a","outcome":"allowed"}
{"component":"player-command","phase":"response","correlationId":"f1932656-b03e-479e-ae2d-4291b22f011a","statusCode":200,"elapsedMs":62}
{"component":"player-command","phase":"request","correlationId":"34807fba-c97f-4001-a5ee-59dde7eda322"}
{"component":"player-command","phase":"authorization","correlationId":"34807fba-c97f-4001-a5ee-59dde7eda322","outcome":"allowed"}
{"component":"player-command","phase":"command","correlationId":"34807fba-c97f-4001-a5ee-59dde7eda322"}
{"component":"player-command","phase":"mutation","correlationId":"34807fba-c97f-4001-a5ee-59dde7eda322","outcome":"completed","replayed":false}
{"component":"player-command","phase":"consequence","correlationId":"34807fba-c97f-4001-a5ee-59dde7eda322","replayed":false,"changes":2}
{"component":"player-command","phase":"opportunity","correlationId":"34807fba-c97f-4001-a5ee-59dde7eda322","replayed":false,"changes":2}
{"component":"player-command","phase":"response","correlationId":"34807fba-c97f-4001-a5ee-59dde7eda322","statusCode":200,"elapsedMs":72}
{"component":"player-command","phase":"request","correlationId":"c3a379f5-38bd-4d08-9582-a16bde562f95"}
{"component":"player-command","phase":"authorization","correlationId":"c3a379f5-38bd-4d08-9582-a16bde562f95","outcome":"allowed"}
{"component":"player-command","phase":"command","correlationId":"c3a379f5-38bd-4d08-9582-a16bde562f95"}
{"component":"player-command","phase":"mutation","correlationId":"c3a379f5-38bd-4d08-9582-a16bde562f95","outcome":"completed","replayed":true}
{"component":"player-command","phase":"consequence","correlationId":"c3a379f5-38bd-4d08-9582-a16bde562f95","replayed":true,"changes":0}
{"component":"player-command","phase":"opportunity","correlationId":"c3a379f5-38bd-4d08-9582-a16bde562f95","replayed":true,"changes":0}
{"component":"player-command","phase":"response","correlationId":"c3a379f5-38bd-4d08-9582-a16bde562f95","statusCode":200,"elapsedMs":32}
{"component":"player-command","phase":"request","correlationId":"28d440b9-c4a9-40e4-95dc-05c5987ca16c"}
{"component":"player-command","phase":"authorization","correlationId":"28d440b9-c4a9-40e4-95dc-05c5987ca16c","outcome":"allowed"}
{"component":"player-command","phase":"response","correlationId":"28d440b9-c4a9-40e4-95dc-05c5987ca16c","statusCode":200,"elapsedMs":61}
{"component":"player-command","phase":"request","correlationId":"0017b415-6690-49c1-a983-c755ee4023be"}
{"component":"player-command","phase":"authorization","correlationId":"0017b415-6690-49c1-a983-c755ee4023be","outcome":"allowed"}
{"component":"player-command","phase":"command","correlationId":"0017b415-6690-49c1-a983-c755ee4023be"}
{"component":"player-command","phase":"mutation","correlationId":"0017b415-6690-49c1-a983-c755ee4023be","outcome":"completed","replayed":false}
{"component":"player-command","phase":"consequence","correlationId":"0017b415-6690-49c1-a983-c755ee4023be","replayed":false,"changes":2}
{"component":"player-command","phase":"opportunity","correlationId":"0017b415-6690-49c1-a983-c755ee4023be","replayed":false,"changes":2}
{"component":"player-command","phase":"response","correlationId":"0017b415-6690-49c1-a983-c755ee4023be","statusCode":200,"elapsedMs":71}
{"component":"player-command","phase":"request","correlationId":"a1a16d38-32cb-48a2-9b82-33cf3ad38907"}
{"component":"player-command","phase":"authorization","correlationId":"a1a16d38-32cb-48a2-9b82-33cf3ad38907","outcome":"allowed"}
{"component":"player-command","phase":"command","correlationId":"a1a16d38-32cb-48a2-9b82-33cf3ad38907"}
{"component":"player-command","phase":"mutation","correlationId":"a1a16d38-32cb-48a2-9b82-33cf3ad38907","outcome":"completed","replayed":true}
{"component":"player-command","phase":"consequence","correlationId":"a1a16d38-32cb-48a2-9b82-33cf3ad38907","replayed":true,"changes":0}
{"component":"player-command","phase":"opportunity","correlationId":"a1a16d38-32cb-48a2-9b82-33cf3ad38907","replayed":true,"changes":0}
{"component":"player-command","phase":"response","correlationId":"a1a16d38-32cb-48a2-9b82-33cf3ad38907","statusCode":200,"elapsedMs":29}
{"component":"player-command","phase":"request","correlationId":"efab50df-3d48-42ab-9733-955ba29b8de0"}
{"component":"player-command","phase":"authorization","correlationId":"efab50df-3d48-42ab-9733-955ba29b8de0","outcome":"allowed"}
{"component":"player-command","phase":"response","correlationId":"efab50df-3d48-42ab-9733-955ba29b8de0","statusCode":200,"elapsedMs":58}
{"component":"player-command","phase":"request","correlationId":"f661af03-2f85-4ce2-89b2-16309ba6a379"}
{"component":"player-command","phase":"authorization","correlationId":"f661af03-2f85-4ce2-89b2-16309ba6a379","outcome":"allowed"}
{"component":"player-command","phase":"command","correlationId":"f661af03-2f85-4ce2-89b2-16309ba6a379"}
{"component":"player-command","phase":"mutation","correlationId":"f661af03-2f85-4ce2-89b2-16309ba6a379","outcome":"completed","replayed":false}
{"component":"player-command","phase":"consequence","correlationId":"f661af03-2f85-4ce2-89b2-16309ba6a379","replayed":false,"changes":2}
{"component":"player-command","phase":"opportunity","correlationId":"f661af03-2f85-4ce2-89b2-16309ba6a379","replayed":false,"changes":2}
{"component":"player-command","phase":"response","correlationId":"f661af03-2f85-4ce2-89b2-16309ba6a379","statusCode":200,"elapsedMs":69}
{"component":"player-command","phase":"request","correlationId":"05f2f6de-01e4-4cd4-b0ee-b1ed31967d7c"}
{"component":"player-command","phase":"authorization","correlationId":"05f2f6de-01e4-4cd4-b0ee-b1ed31967d7c","outcome":"allowed"}
{"component":"player-command","phase":"command","correlationId":"05f2f6de-01e4-4cd4-b0ee-b1ed31967d7c"}
{"component":"player-command","phase":"mutation","correlationId":"05f2f6de-01e4-4cd4-b0ee-b1ed31967d7c","outcome":"completed","replayed":true}
{"component":"player-command","phase":"consequence","correlationId":"05f2f6de-01e4-4cd4-b0ee-b1ed31967d7c","replayed":true,"changes":0}
{"component":"player-command","phase":"opportunity","correlationId":"05f2f6de-01e4-4cd4-b0ee-b1ed31967d7c","replayed":true,"changes":0}
{"component":"player-command","phase":"response","correlationId":"05f2f6de-01e4-4cd4-b0ee-b1ed31967d7c","statusCode":200,"elapsedMs":31}
{"component":"player-command","phase":"request","correlationId":"3fd37cf2-bad5-4b5d-9f0e-e43c3bf8109d"}
{"component":"player-command","phase":"authorization","correlationId":"3fd37cf2-bad5-4b5d-9f0e-e43c3bf8109d","outcome":"allowed"}
{"component":"player-command","phase":"response","correlationId":"3fd37cf2-bad5-4b5d-9f0e-e43c3bf8109d","statusCode":200,"elapsedMs":53}
{"component":"player-command","phase":"request","correlationId":"a64d1fcf-83c2-408d-8f11-ff3512162f56"}
{"component":"player-command","phase":"authorization","correlationId":"a64d1fcf-83c2-408d-8f11-ff3512162f56","outcome":"allowed"}
{"component":"player-command","phase":"command","correlationId":"a64d1fcf-83c2-408d-8f11-ff3512162f56"}
{"component":"player-command","phase":"mutation","correlationId":"a64d1fcf-83c2-408d-8f11-ff3512162f56","outcome":"completed","replayed":false}
{"component":"player-command","phase":"consequence","correlationId":"a64d1fcf-83c2-408d-8f11-ff3512162f56","replayed":false,"changes":2}
{"component":"player-command","phase":"opportunity","correlationId":"a64d1fcf-83c2-408d-8f11-ff3512162f56","replayed":false,"changes":2}
{"component":"player-command","phase":"response","correlationId":"a64d1fcf-83c2-408d-8f11-ff3512162f56","statusCode":200,"elapsedMs":71}
{"component":"player-command","phase":"request","correlationId":"a2dabd33-414a-471b-bffb-02d57e2a2324"}
{"component":"player-command","phase":"authorization","correlationId":"a2dabd33-414a-471b-bffb-02d57e2a2324","outcome":"allowed"}
{"component":"player-command","phase":"command","correlationId":"a2dabd33-414a-471b-bffb-02d57e2a2324"}
{"component":"player-command","phase":"mutation","correlationId":"a2dabd33-414a-471b-bffb-02d57e2a2324","outcome":"completed","replayed":true}
{"component":"player-command","phase":"consequence","correlationId":"a2dabd33-414a-471b-bffb-02d57e2a2324","replayed":true,"changes":0}
{"component":"player-command","phase":"opportunity","correlationId":"a2dabd33-414a-471b-bffb-02d57e2a2324","replayed":true,"changes":0}
{"component":"player-command","phase":"response","correlationId":"a2dabd33-414a-471b-bffb-02d57e2a2324","statusCode":200,"elapsedMs":33}
{"component":"player-command","phase":"request","correlationId":"5279a5e1-54e3-4dd2-a13b-b181012e5f19"}
{"component":"player-command","phase":"authorization","correlationId":"5279a5e1-54e3-4dd2-a13b-b181012e5f19","outcome":"allowed"}
{"component":"player-command","phase":"response","correlationId":"5279a5e1-54e3-4dd2-a13b-b181012e5f19","statusCode":200,"elapsedMs":54}
{"component":"player-command","phase":"request","correlationId":"b89e8b77-79b5-46f7-a859-6cdc1d46c082"}
{"component":"player-command","phase":"authorization","correlationId":"b89e8b77-79b5-46f7-a859-6cdc1d46c082","outcome":"allowed"}
{"component":"player-command","phase":"command","correlationId":"b89e8b77-79b5-46f7-a859-6cdc1d46c082"}
{"component":"player-command","phase":"mutation","correlationId":"b89e8b77-79b5-46f7-a859-6cdc1d46c082","outcome":"completed","replayed":false}
{"component":"player-command","phase":"consequence","correlationId":"b89e8b77-79b5-46f7-a859-6cdc1d46c082","replayed":false,"changes":2}
{"component":"player-command","phase":"opportunity","correlationId":"b89e8b77-79b5-46f7-a859-6cdc1d46c082","replayed":false,"changes":2}
{"component":"player-command","phase":"response","correlationId":"b89e8b77-79b5-46f7-a859-6cdc1d46c082","statusCode":200,"elapsedMs":70}
{"component":"player-command","phase":"request","correlationId":"5ffe7f7a-56c8-4eb9-87d4-37e031e4ebbe"}
{"component":"player-command","phase":"authorization","correlationId":"5ffe7f7a-56c8-4eb9-87d4-37e031e4ebbe","outcome":"allowed"}
{"component":"player-command","phase":"command","correlationId":"5ffe7f7a-56c8-4eb9-87d4-37e031e4ebbe"}
{"component":"player-command","phase":"mutation","correlationId":"5ffe7f7a-56c8-4eb9-87d4-37e031e4ebbe","outcome":"completed","replayed":true}
{"component":"player-command","phase":"consequence","correlationId":"5ffe7f7a-56c8-4eb9-87d4-37e031e4ebbe","replayed":true,"changes":0}
{"component":"player-command","phase":"opportunity","correlationId":"5ffe7f7a-56c8-4eb9-87d4-37e031e4ebbe","replayed":true,"changes":0}
{"component":"player-command","phase":"response","correlationId":"5ffe7f7a-56c8-4eb9-87d4-37e031e4ebbe","statusCode":200,"elapsedMs":28}
{"component":"player-command","phase":"request","correlationId":"f0364976-06a6-49dc-91e1-71641cae69d2"}
{"component":"player-command","phase":"authorization","correlationId":"f0364976-06a6-49dc-91e1-71641cae69d2","outcome":"allowed"}
{"component":"player-command","phase":"response","correlationId":"f0364976-06a6-49dc-91e1-71641cae69d2","statusCode":200,"elapsedMs":60}
{"component":"player-command","phase":"request","correlationId":"ed8756b1-ccfd-4108-97f5-999328407cc9"}
{"component":"player-command","phase":"authorization","correlationId":"ed8756b1-ccfd-4108-97f5-999328407cc9","outcome":"allowed"}
{"component":"player-command","phase":"command","correlationId":"ed8756b1-ccfd-4108-97f5-999328407cc9"}
{"component":"player-command","phase":"mutation","correlationId":"ed8756b1-ccfd-4108-97f5-999328407cc9","outcome":"completed","replayed":false}
{"component":"player-command","phase":"consequence","correlationId":"ed8756b1-ccfd-4108-97f5-999328407cc9","replayed":false,"changes":2}
{"component":"player-command","phase":"opportunity","correlationId":"ed8756b1-ccfd-4108-97f5-999328407cc9","replayed":false,"changes":2}
{"component":"player-command","phase":"response","correlationId":"ed8756b1-ccfd-4108-97f5-999328407cc9","statusCode":200,"elapsedMs":72}
{"component":"player-command","phase":"request","correlationId":"448cde4f-c262-40af-b2d3-1c314104175d"}
{"component":"player-command","phase":"authorization","correlationId":"448cde4f-c262-40af-b2d3-1c314104175d","outcome":"allowed"}
{"component":"player-command","phase":"command","correlationId":"448cde4f-c262-40af-b2d3-1c314104175d"}
{"component":"player-command","phase":"mutation","correlationId":"448cde4f-c262-40af-b2d3-1c314104175d","outcome":"completed","replayed":true}
{"component":"player-command","phase":"consequence","correlationId":"448cde4f-c262-40af-b2d3-1c314104175d","replayed":true,"changes":0}
{"component":"player-command","phase":"opportunity","correlationId":"448cde4f-c262-40af-b2d3-1c314104175d","replayed":true,"changes":0}
{"component":"player-command","phase":"response","correlationId":"448cde4f-c262-40af-b2d3-1c314104175d","statusCode":200,"elapsedMs":27}
{"component":"player-command","phase":"request","correlationId":"8f149a24-430a-40b8-b3bd-8966ca57777c"}
{"component":"player-command","phase":"authorization","correlationId":"8f149a24-430a-40b8-b3bd-8966ca57777c","outcome":"allowed"}
{"component":"player-command","phase":"response","correlationId":"8f149a24-430a-40b8-b3bd-8966ca57777c","statusCode":200,"elapsedMs":59}
{"component":"player-command","phase":"request","correlationId":"0e2e2a7f-e233-4076-be6d-576a72ddef53"}
{"component":"player-command","phase":"authorization","correlationId":"0e2e2a7f-e233-4076-be6d-576a72ddef53","outcome":"allowed"}
{"component":"player-command","phase":"command","correlationId":"0e2e2a7f-e233-4076-be6d-576a72ddef53"}
{"component":"player-command","phase":"mutation","correlationId":"0e2e2a7f-e233-4076-be6d-576a72ddef53","outcome":"completed","replayed":false}
{"component":"player-command","phase":"consequence","correlationId":"0e2e2a7f-e233-4076-be6d-576a72ddef53","replayed":false,"changes":2}
{"component":"player-command","phase":"opportunity","correlationId":"0e2e2a7f-e233-4076-be6d-576a72ddef53","replayed":false,"changes":2}
{"component":"player-command","phase":"response","correlationId":"0e2e2a7f-e233-4076-be6d-576a72ddef53","statusCode":200,"elapsedMs":67}
{"component":"player-command","phase":"request","correlationId":"97994e79-4eed-4a99-b72b-ef3aa84c6173"}
{"component":"player-command","phase":"authorization","correlationId":"97994e79-4eed-4a99-b72b-ef3aa84c6173","outcome":"allowed"}
{"component":"player-command","phase":"command","correlationId":"97994e79-4eed-4a99-b72b-ef3aa84c6173"}
{"component":"player-command","phase":"mutation","correlationId":"97994e79-4eed-4a99-b72b-ef3aa84c6173","outcome":"completed","replayed":true}
{"component":"player-command","phase":"consequence","correlationId":"97994e79-4eed-4a99-b72b-ef3aa84c6173","replayed":true,"changes":0}
{"component":"player-command","phase":"opportunity","correlationId":"97994e79-4eed-4a99-b72b-ef3aa84c6173","replayed":true,"changes":0}
{"component":"player-command","phase":"response","correlationId":"97994e79-4eed-4a99-b72b-ef3aa84c6173","statusCode":200,"elapsedMs":27}
{"component":"player-command","phase":"request","correlationId":"d48a2044-3e11-42d9-a6c0-228070bdebb8"}
{"component":"player-command","phase":"authorization","correlationId":"d48a2044-3e11-42d9-a6c0-228070bdebb8","outcome":"allowed"}
{"component":"player-command","phase":"response","correlationId":"d48a2044-3e11-42d9-a6c0-228070bdebb8","statusCode":200,"elapsedMs":57}
{"component":"player-command","phase":"request","correlationId":"31a24845-ee81-41bf-804d-d7e6369d338d"}
{"component":"player-command","phase":"authorization","correlationId":"31a24845-ee81-41bf-804d-d7e6369d338d","outcome":"allowed"}
{"component":"player-command","phase":"command","correlationId":"31a24845-ee81-41bf-804d-d7e6369d338d"}
{"component":"player-command","phase":"mutation","correlationId":"31a24845-ee81-41bf-804d-d7e6369d338d","outcome":"completed","replayed":false}
{"component":"player-command","phase":"consequence","correlationId":"31a24845-ee81-41bf-804d-d7e6369d338d","replayed":false,"changes":2}
{"component":"player-command","phase":"opportunity","correlationId":"31a24845-ee81-41bf-804d-d7e6369d338d","replayed":false,"changes":2}
{"component":"player-command","phase":"response","correlationId":"31a24845-ee81-41bf-804d-d7e6369d338d","statusCode":200,"elapsedMs":69}
{"component":"player-command","phase":"request","correlationId":"6d548169-f449-4499-93be-179da0c22378"}
{"component":"player-command","phase":"authorization","correlationId":"6d548169-f449-4499-93be-179da0c22378","outcome":"allowed"}
{"component":"player-command","phase":"command","correlationId":"6d548169-f449-4499-93be-179da0c22378"}
{"component":"player-command","phase":"mutation","correlationId":"6d548169-f449-4499-93be-179da0c22378","outcome":"completed","replayed":true}
{"component":"player-command","phase":"consequence","correlationId":"6d548169-f449-4499-93be-179da0c22378","replayed":true,"changes":0}
{"component":"player-command","phase":"opportunity","correlationId":"6d548169-f449-4499-93be-179da0c22378","replayed":true,"changes":0}
{"component":"player-command","phase":"response","correlationId":"6d548169-f449-4499-93be-179da0c22378","statusCode":200,"elapsedMs":29}
{"component":"player-command","phase":"request","correlationId":"1e799bf8-11b7-468c-af64-361a7fe45c28"}
{"component":"player-command","phase":"authorization","correlationId":"1e799bf8-11b7-468c-af64-361a7fe45c28","outcome":"allowed"}
{"component":"player-command","phase":"response","correlationId":"1e799bf8-11b7-468c-af64-361a7fe45c28","statusCode":200,"elapsedMs":80}
{"component":"player-command","phase":"request","correlationId":"5675fb9e-4201-44b4-a6ba-69e1a5433093"}
{"component":"player-command","phase":"authorization","correlationId":"5675fb9e-4201-44b4-a6ba-69e1a5433093","outcome":"allowed"}
{"component":"player-command","phase":"command","correlationId":"5675fb9e-4201-44b4-a6ba-69e1a5433093"}
{"component":"player-command","phase":"mutation","correlationId":"5675fb9e-4201-44b4-a6ba-69e1a5433093","outcome":"completed","replayed":false}
{"component":"player-command","phase":"consequence","correlationId":"5675fb9e-4201-44b4-a6ba-69e1a5433093","replayed":false,"changes":2}
{"component":"player-command","phase":"opportunity","correlationId":"5675fb9e-4201-44b4-a6ba-69e1a5433093","replayed":false,"changes":2}
{"component":"player-command","phase":"response","correlationId":"5675fb9e-4201-44b4-a6ba-69e1a5433093","statusCode":200,"elapsedMs":76}
{"component":"player-command","phase":"request","correlationId":"4ad82413-2d11-4f39-a0e8-80dc5a9dc1a0"}
{"component":"player-command","phase":"authorization","correlationId":"4ad82413-2d11-4f39-a0e8-80dc5a9dc1a0","outcome":"allowed"}
{"component":"player-command","phase":"command","correlationId":"4ad82413-2d11-4f39-a0e8-80dc5a9dc1a0"}
{"component":"player-command","phase":"mutation","correlationId":"4ad82413-2d11-4f39-a0e8-80dc5a9dc1a0","outcome":"completed","replayed":true}
{"component":"player-command","phase":"consequence","correlationId":"4ad82413-2d11-4f39-a0e8-80dc5a9dc1a0","replayed":true,"changes":0}
{"component":"player-command","phase":"opportunity","correlationId":"4ad82413-2d11-4f39-a0e8-80dc5a9dc1a0","replayed":true,"changes":0}
{"component":"player-command","phase":"response","correlationId":"4ad82413-2d11-4f39-a0e8-80dc5a9dc1a0","statusCode":200,"elapsedMs":33}
{"component":"player-command","phase":"request","correlationId":"8706c8d0-7c79-4105-a4b4-daf8c893f0cc"}
{"component":"player-command","phase":"authorization","correlationId":"8706c8d0-7c79-4105-a4b4-daf8c893f0cc","outcome":"allowed"}
{"component":"player-command","phase":"response","correlationId":"8706c8d0-7c79-4105-a4b4-daf8c893f0cc","statusCode":200,"elapsedMs":57}
{"component":"player-command","phase":"request","correlationId":"f52e83d8-d8e4-4e4f-8a0d-a86526e7a748"}
{"component":"player-command","phase":"authorization","correlationId":"f52e83d8-d8e4-4e4f-8a0d-a86526e7a748","outcome":"allowed"}
{"component":"player-command","phase":"command","correlationId":"f52e83d8-d8e4-4e4f-8a0d-a86526e7a748"}
{"component":"player-command","phase":"mutation","correlationId":"f52e83d8-d8e4-4e4f-8a0d-a86526e7a748","outcome":"completed","replayed":false}
{"component":"player-command","phase":"consequence","correlationId":"f52e83d8-d8e4-4e4f-8a0d-a86526e7a748","replayed":false,"changes":2}
{"component":"player-command","phase":"opportunity","correlationId":"f52e83d8-d8e4-4e4f-8a0d-a86526e7a748","replayed":false,"changes":2}
{"component":"player-command","phase":"response","correlationId":"f52e83d8-d8e4-4e4f-8a0d-a86526e7a748","statusCode":200,"elapsedMs":142}
{"component":"player-command","phase":"request","correlationId":"ca016654-4e33-4c8c-9f24-0989c013973e"}
{"component":"player-command","phase":"authorization","correlationId":"ca016654-4e33-4c8c-9f24-0989c013973e","outcome":"allowed"}
{"component":"player-command","phase":"command","correlationId":"ca016654-4e33-4c8c-9f24-0989c013973e"}
{"component":"player-command","phase":"mutation","correlationId":"ca016654-4e33-4c8c-9f24-0989c013973e","outcome":"completed","replayed":true}
{"component":"player-command","phase":"consequence","correlationId":"ca016654-4e33-4c8c-9f24-0989c013973e","replayed":true,"changes":0}
{"component":"player-command","phase":"opportunity","correlationId":"ca016654-4e33-4c8c-9f24-0989c013973e","replayed":true,"changes":0}
{"component":"player-command","phase":"response","correlationId":"ca016654-4e33-4c8c-9f24-0989c013973e","statusCode":200,"elapsedMs":325}
{"component":"player-command","phase":"request","correlationId":"add6d910-17b8-4abd-bad9-c3ad094a7422"}
{"component":"player-command","phase":"authorization","correlationId":"add6d910-17b8-4abd-bad9-c3ad094a7422","outcome":"allowed"}
{"component":"player-command","phase":"response","correlationId":"add6d910-17b8-4abd-bad9-c3ad094a7422","statusCode":200,"elapsedMs":58}
{"component":"player-command","phase":"request","correlationId":"d2fd425c-c906-471d-8e48-3999f2cd07ad"}
{"component":"player-command","phase":"authorization","correlationId":"d2fd425c-c906-471d-8e48-3999f2cd07ad","outcome":"allowed"}
{"component":"player-command","phase":"command","correlationId":"d2fd425c-c906-471d-8e48-3999f2cd07ad"}
{"component":"player-command","phase":"mutation","correlationId":"d2fd425c-c906-471d-8e48-3999f2cd07ad","outcome":"completed","replayed":false}
{"component":"player-command","phase":"consequence","correlationId":"d2fd425c-c906-471d-8e48-3999f2cd07ad","replayed":false,"changes":2}
{"component":"player-command","phase":"opportunity","correlationId":"d2fd425c-c906-471d-8e48-3999f2cd07ad","replayed":false,"changes":2}
{"component":"player-command","phase":"response","correlationId":"d2fd425c-c906-471d-8e48-3999f2cd07ad","statusCode":200,"elapsedMs":73}
{"component":"player-command","phase":"request","correlationId":"5c41a505-0144-4baa-802a-6bdbc0d937b5"}
{"component":"player-command","phase":"authorization","correlationId":"5c41a505-0144-4baa-802a-6bdbc0d937b5","outcome":"allowed"}
{"component":"player-command","phase":"command","correlationId":"5c41a505-0144-4baa-802a-6bdbc0d937b5"}
{"component":"player-command","phase":"mutation","correlationId":"5c41a505-0144-4baa-802a-6bdbc0d937b5","outcome":"completed","replayed":true}
{"component":"player-command","phase":"consequence","correlationId":"5c41a505-0144-4baa-802a-6bdbc0d937b5","replayed":true,"changes":0}
{"component":"player-command","phase":"opportunity","correlationId":"5c41a505-0144-4baa-802a-6bdbc0d937b5","replayed":true,"changes":0}
{"component":"player-command","phase":"response","correlationId":"5c41a505-0144-4baa-802a-6bdbc0d937b5","statusCode":200,"elapsedMs":29}
{"component":"player-command","phase":"request","correlationId":"9e4f2c3d-29b3-495a-9a9a-91e84fd3858b"}
{"component":"player-command","phase":"authorization","correlationId":"9e4f2c3d-29b3-495a-9a9a-91e84fd3858b","outcome":"allowed"}
{"component":"player-command","phase":"response","correlationId":"9e4f2c3d-29b3-495a-9a9a-91e84fd3858b","statusCode":200,"elapsedMs":59}
{"component":"player-command","phase":"request","correlationId":"45dc8035-3650-4da6-a381-943c911c2790"}
{"component":"player-command","phase":"authorization","correlationId":"45dc8035-3650-4da6-a381-943c911c2790","outcome":"allowed"}
{"component":"player-command","phase":"command","correlationId":"45dc8035-3650-4da6-a381-943c911c2790"}
{"component":"player-command","phase":"mutation","correlationId":"45dc8035-3650-4da6-a381-943c911c2790","outcome":"completed","replayed":false}
{"component":"player-command","phase":"consequence","correlationId":"45dc8035-3650-4da6-a381-943c911c2790","replayed":false,"changes":2}
{"component":"player-command","phase":"opportunity","correlationId":"45dc8035-3650-4da6-a381-943c911c2790","replayed":false,"changes":2}
{"component":"player-command","phase":"response","correlationId":"45dc8035-3650-4da6-a381-943c911c2790","statusCode":200,"elapsedMs":89}
{"component":"player-command","phase":"request","correlationId":"f683d341-7c60-4bd0-9eb6-9778e5367867"}
{"component":"player-command","phase":"authorization","correlationId":"f683d341-7c60-4bd0-9eb6-9778e5367867","outcome":"allowed"}
{"component":"player-command","phase":"command","correlationId":"f683d341-7c60-4bd0-9eb6-9778e5367867"}
{"component":"player-command","phase":"mutation","correlationId":"f683d341-7c60-4bd0-9eb6-9778e5367867","outcome":"completed","replayed":true}
{"component":"player-command","phase":"consequence","correlationId":"f683d341-7c60-4bd0-9eb6-9778e5367867","replayed":true,"changes":0}
{"component":"player-command","phase":"opportunity","correlationId":"f683d341-7c60-4bd0-9eb6-9778e5367867","replayed":true,"changes":0}
{"component":"player-command","phase":"response","correlationId":"f683d341-7c60-4bd0-9eb6-9778e5367867","statusCode":200,"elapsedMs":29}
{"component":"player-command","phase":"request","correlationId":"2a61fcc6-2a63-47de-9d17-e67c21b20ace"}
{"component":"player-command","phase":"authorization","correlationId":"2a61fcc6-2a63-47de-9d17-e67c21b20ace","outcome":"allowed"}
{"component":"player-command","phase":"response","correlationId":"2a61fcc6-2a63-47de-9d17-e67c21b20ace","statusCode":200,"elapsedMs":66}
{"component":"player-command","phase":"request","correlationId":"e9132a44-9c58-406e-abb0-25671a3f5322"}
{"component":"player-command","phase":"authorization","correlationId":"e9132a44-9c58-406e-abb0-25671a3f5322","outcome":"allowed"}
{"component":"player-command","phase":"command","correlationId":"e9132a44-9c58-406e-abb0-25671a3f5322"}
{"component":"player-command","phase":"mutation","correlationId":"e9132a44-9c58-406e-abb0-25671a3f5322","outcome":"completed","replayed":false}
{"component":"player-command","phase":"consequence","correlationId":"e9132a44-9c58-406e-abb0-25671a3f5322","replayed":false,"changes":2}
{"component":"player-command","phase":"opportunity","correlationId":"e9132a44-9c58-406e-abb0-25671a3f5322","replayed":false,"changes":2}
{"component":"player-command","phase":"response","correlationId":"e9132a44-9c58-406e-abb0-25671a3f5322","statusCode":200,"elapsedMs":89}
{"component":"player-command","phase":"request","correlationId":"956575fd-dfbc-4d6b-bde9-6a0c629475d5"}
{"component":"player-command","phase":"authorization","correlationId":"956575fd-dfbc-4d6b-bde9-6a0c629475d5","outcome":"allowed"}
{"component":"player-command","phase":"command","correlationId":"956575fd-dfbc-4d6b-bde9-6a0c629475d5"}
{"component":"player-command","phase":"mutation","correlationId":"956575fd-dfbc-4d6b-bde9-6a0c629475d5","outcome":"completed","replayed":true}
{"component":"player-command","phase":"consequence","correlationId":"956575fd-dfbc-4d6b-bde9-6a0c629475d5","replayed":true,"changes":0}
{"component":"player-command","phase":"opportunity","correlationId":"956575fd-dfbc-4d6b-bde9-6a0c629475d5","replayed":true,"changes":0}
{"component":"player-command","phase":"response","correlationId":"956575fd-dfbc-4d6b-bde9-6a0c629475d5","statusCode":200,"elapsedMs":36}
{"component":"player-command","phase":"request","correlationId":"440ab171-32d1-4c15-bbcb-80ff9b873a68"}
{"component":"player-command","phase":"authorization","correlationId":"440ab171-32d1-4c15-bbcb-80ff9b873a68","outcome":"allowed"}
{"component":"player-command","phase":"response","correlationId":"440ab171-32d1-4c15-bbcb-80ff9b873a68","statusCode":200,"elapsedMs":62}
{"component":"player-command","phase":"request","correlationId":"86c741cf-c585-4bc9-b07c-0f8ba18019d9"}
{"component":"player-command","phase":"authorization","correlationId":"86c741cf-c585-4bc9-b07c-0f8ba18019d9","outcome":"allowed"}
{"component":"player-command","phase":"command","correlationId":"86c741cf-c585-4bc9-b07c-0f8ba18019d9"}
{"component":"player-command","phase":"mutation","correlationId":"86c741cf-c585-4bc9-b07c-0f8ba18019d9","outcome":"completed","replayed":false}
{"component":"player-command","phase":"consequence","correlationId":"86c741cf-c585-4bc9-b07c-0f8ba18019d9","replayed":false,"changes":2}
{"component":"player-command","phase":"opportunity","correlationId":"86c741cf-c585-4bc9-b07c-0f8ba18019d9","replayed":false,"changes":2}
{"component":"player-command","phase":"response","correlationId":"86c741cf-c585-4bc9-b07c-0f8ba18019d9","statusCode":200,"elapsedMs":77}
{"component":"player-command","phase":"request","correlationId":"e67e3d6d-3a83-492f-9823-1148b43398eb"}
{"component":"player-command","phase":"authorization","correlationId":"e67e3d6d-3a83-492f-9823-1148b43398eb","outcome":"allowed"}
{"component":"player-command","phase":"command","correlationId":"e67e3d6d-3a83-492f-9823-1148b43398eb"}
{"component":"player-command","phase":"mutation","correlationId":"e67e3d6d-3a83-492f-9823-1148b43398eb","outcome":"completed","replayed":true}
{"component":"player-command","phase":"consequence","correlationId":"e67e3d6d-3a83-492f-9823-1148b43398eb","replayed":true,"changes":0}
{"component":"player-command","phase":"opportunity","correlationId":"e67e3d6d-3a83-492f-9823-1148b43398eb","replayed":true,"changes":0}
{"component":"player-command","phase":"response","correlationId":"e67e3d6d-3a83-492f-9823-1148b43398eb","statusCode":200,"elapsedMs":39}
{"component":"player-command","phase":"request","correlationId":"c04acdbe-b784-4e31-baf5-bc6395684e96"}
{"component":"player-command","phase":"authorization","correlationId":"c04acdbe-b784-4e31-baf5-bc6395684e96","outcome":"allowed"}
{"component":"player-command","phase":"response","correlationId":"c04acdbe-b784-4e31-baf5-bc6395684e96","statusCode":200,"elapsedMs":55}
{"component":"player-command","phase":"request","correlationId":"fcb01659-faa5-4bb9-8dcc-111bcb33b6d5"}
{"component":"player-command","phase":"authorization","correlationId":"fcb01659-faa5-4bb9-8dcc-111bcb33b6d5","outcome":"allowed"}
{"component":"player-command","phase":"command","correlationId":"fcb01659-faa5-4bb9-8dcc-111bcb33b6d5"}
{"component":"player-command","phase":"mutation","correlationId":"fcb01659-faa5-4bb9-8dcc-111bcb33b6d5","outcome":"completed","replayed":false}
{"component":"player-command","phase":"consequence","correlationId":"fcb01659-faa5-4bb9-8dcc-111bcb33b6d5","replayed":false,"changes":2}
{"component":"player-command","phase":"opportunity","correlationId":"fcb01659-faa5-4bb9-8dcc-111bcb33b6d5","replayed":false,"changes":2}
{"component":"player-command","phase":"response","correlationId":"fcb01659-faa5-4bb9-8dcc-111bcb33b6d5","statusCode":200,"elapsedMs":77}
{"component":"player-command","phase":"request","correlationId":"383e55c3-f6ec-41ee-938e-74b12238ba27"}
{"component":"player-command","phase":"authorization","correlationId":"383e55c3-f6ec-41ee-938e-74b12238ba27","outcome":"allowed"}
{"component":"player-command","phase":"command","correlationId":"383e55c3-f6ec-41ee-938e-74b12238ba27"}
{"component":"player-command","phase":"mutation","correlationId":"383e55c3-f6ec-41ee-938e-74b12238ba27","outcome":"completed","replayed":true}
{"component":"player-command","phase":"consequence","correlationId":"383e55c3-f6ec-41ee-938e-74b12238ba27","replayed":true,"changes":0}
{"component":"player-command","phase":"opportunity","correlationId":"383e55c3-f6ec-41ee-938e-74b12238ba27","replayed":true,"changes":0}
{"component":"player-command","phase":"response","correlationId":"383e55c3-f6ec-41ee-938e-74b12238ba27","statusCode":200,"elapsedMs":26}
{"component":"player-command","phase":"request","correlationId":"d3e4f008-7d68-45b0-a77a-c4998c49c4d8"}
{"component":"player-command","phase":"authorization","correlationId":"d3e4f008-7d68-45b0-a77a-c4998c49c4d8","outcome":"allowed"}
{"component":"player-command","phase":"response","correlationId":"d3e4f008-7d68-45b0-a77a-c4998c49c4d8","statusCode":200,"elapsedMs":67}
{"component":"player-command","phase":"request","correlationId":"f6d88d96-0bfd-4718-bcf7-7bc3439961b0"}
{"component":"player-command","phase":"authorization","correlationId":"f6d88d96-0bfd-4718-bcf7-7bc3439961b0","outcome":"allowed"}
{"component":"player-command","phase":"command","correlationId":"f6d88d96-0bfd-4718-bcf7-7bc3439961b0"}
{"component":"player-command","phase":"mutation","correlationId":"f6d88d96-0bfd-4718-bcf7-7bc3439961b0","outcome":"completed","replayed":false}
{"component":"player-command","phase":"consequence","correlationId":"f6d88d96-0bfd-4718-bcf7-7bc3439961b0","replayed":false,"changes":2}
{"component":"player-command","phase":"opportunity","correlationId":"f6d88d96-0bfd-4718-bcf7-7bc3439961b0","replayed":false,"changes":2}
{"component":"player-command","phase":"response","correlationId":"f6d88d96-0bfd-4718-bcf7-7bc3439961b0","statusCode":200,"elapsedMs":69}
{"component":"player-command","phase":"request","correlationId":"1a8eaf75-c6da-4864-bce7-f261f9a3597d"}
{"component":"player-command","phase":"authorization","correlationId":"1a8eaf75-c6da-4864-bce7-f261f9a3597d","outcome":"allowed"}
{"component":"player-command","phase":"command","correlationId":"1a8eaf75-c6da-4864-bce7-f261f9a3597d"}
{"component":"player-command","phase":"mutation","correlationId":"1a8eaf75-c6da-4864-bce7-f261f9a3597d","outcome":"completed","replayed":true}
{"component":"player-command","phase":"consequence","correlationId":"1a8eaf75-c6da-4864-bce7-f261f9a3597d","replayed":true,"changes":0}
{"component":"player-command","phase":"opportunity","correlationId":"1a8eaf75-c6da-4864-bce7-f261f9a3597d","replayed":true,"changes":0}
{"component":"player-command","phase":"response","correlationId":"1a8eaf75-c6da-4864-bce7-f261f9a3597d","statusCode":200,"elapsedMs":27}
{"component":"player-command","phase":"request","correlationId":"ce64854a-e94b-4843-b0bf-1160f60124dc"}
{"component":"player-command","phase":"authorization","correlationId":"ce64854a-e94b-4843-b0bf-1160f60124dc","outcome":"allowed"}
{"component":"player-command","phase":"response","correlationId":"ce64854a-e94b-4843-b0bf-1160f60124dc","statusCode":200,"elapsedMs":50}
{"component":"player-command","phase":"request","correlationId":"2b0de052-f493-4f7c-9393-2042c2c55b0a"}
{"component":"player-command","phase":"authorization","correlationId":"2b0de052-f493-4f7c-9393-2042c2c55b0a","outcome":"allowed"}
{"component":"player-command","phase":"command","correlationId":"2b0de052-f493-4f7c-9393-2042c2c55b0a"}
{"component":"player-command","phase":"mutation","correlationId":"2b0de052-f493-4f7c-9393-2042c2c55b0a","outcome":"completed","replayed":false}
{"component":"player-command","phase":"consequence","correlationId":"2b0de052-f493-4f7c-9393-2042c2c55b0a","replayed":false,"changes":2}
{"component":"player-command","phase":"opportunity","correlationId":"2b0de052-f493-4f7c-9393-2042c2c55b0a","replayed":false,"changes":2}
{"component":"player-command","phase":"response","correlationId":"2b0de052-f493-4f7c-9393-2042c2c55b0a","statusCode":200,"elapsedMs":71}
{"component":"player-command","phase":"request","correlationId":"0c458c3d-dd9e-4485-abb3-18bbd30b3858"}
{"component":"player-command","phase":"authorization","correlationId":"0c458c3d-dd9e-4485-abb3-18bbd30b3858","outcome":"allowed"}
{"component":"player-command","phase":"command","correlationId":"0c458c3d-dd9e-4485-abb3-18bbd30b3858"}
{"component":"player-command","phase":"mutation","correlationId":"0c458c3d-dd9e-4485-abb3-18bbd30b3858","outcome":"completed","replayed":true}
{"component":"player-command","phase":"consequence","correlationId":"0c458c3d-dd9e-4485-abb3-18bbd30b3858","replayed":true,"changes":0}
{"component":"player-command","phase":"opportunity","correlationId":"0c458c3d-dd9e-4485-abb3-18bbd30b3858","replayed":true,"changes":0}
{"component":"player-command","phase":"response","correlationId":"0c458c3d-dd9e-4485-abb3-18bbd30b3858","statusCode":200,"elapsedMs":24}
{"component":"player-command","phase":"request","correlationId":"54c7b618-f3c9-480e-a3c5-ce4577347e2a"}
{"component":"player-command","phase":"authorization","correlationId":"54c7b618-f3c9-480e-a3c5-ce4577347e2a","outcome":"allowed"}
{"component":"player-command","phase":"response","correlationId":"54c7b618-f3c9-480e-a3c5-ce4577347e2a","statusCode":200,"elapsedMs":51}
{"component":"player-command","phase":"request","correlationId":"b7bdd707-07b5-4015-a258-33f0be2b69b6"}
{"component":"player-command","phase":"authorization","correlationId":"b7bdd707-07b5-4015-a258-33f0be2b69b6","outcome":"allowed"}
{"component":"player-command","phase":"command","correlationId":"b7bdd707-07b5-4015-a258-33f0be2b69b6"}
{"component":"player-command","phase":"mutation","correlationId":"b7bdd707-07b5-4015-a258-33f0be2b69b6","outcome":"completed","replayed":false}
{"component":"player-command","phase":"consequence","correlationId":"b7bdd707-07b5-4015-a258-33f0be2b69b6","replayed":false,"changes":2}
{"component":"player-command","phase":"opportunity","correlationId":"b7bdd707-07b5-4015-a258-33f0be2b69b6","replayed":false,"changes":2}
{"component":"player-command","phase":"response","correlationId":"b7bdd707-07b5-4015-a258-33f0be2b69b6","statusCode":200,"elapsedMs":62}
{"component":"player-command","phase":"request","correlationId":"25eca05f-935f-41e8-acd5-16704df98213"}
{"component":"player-command","phase":"authorization","correlationId":"25eca05f-935f-41e8-acd5-16704df98213","outcome":"allowed"}
{"component":"player-command","phase":"command","correlationId":"25eca05f-935f-41e8-acd5-16704df98213"}
{"component":"player-command","phase":"mutation","correlationId":"25eca05f-935f-41e8-acd5-16704df98213","outcome":"completed","replayed":true}
{"component":"player-command","phase":"consequence","correlationId":"25eca05f-935f-41e8-acd5-16704df98213","replayed":true,"changes":0}
{"component":"player-command","phase":"opportunity","correlationId":"25eca05f-935f-41e8-acd5-16704df98213","replayed":true,"changes":0}
{"component":"player-command","phase":"response","correlationId":"25eca05f-935f-41e8-acd5-16704df98213","statusCode":200,"elapsedMs":27}
{"phase":"commands","round":0,"players":75,"assertions":13805}
{"component":"player-command","phase":"request","correlationId":"a100c9a5-0136-4ef9-a789-0c05f31caee3"}
{"component":"player-command","phase":"authorization","correlationId":"a100c9a5-0136-4ef9-a789-0c05f31caee3","outcome":"allowed"}
{"component":"player-command","phase":"response","correlationId":"a100c9a5-0136-4ef9-a789-0c05f31caee3","statusCode":200,"elapsedMs":67}
{"component":"player-command","phase":"request","correlationId":"456e6f49-7bed-46ad-b306-e4aa49505c5f"}
{"component":"player-command","phase":"authorization","correlationId":"456e6f49-7bed-46ad-b306-e4aa49505c5f","outcome":"allowed"}
{"component":"player-command","phase":"command","correlationId":"456e6f49-7bed-46ad-b306-e4aa49505c5f"}
{"component":"player-command","phase":"mutation","correlationId":"456e6f49-7bed-46ad-b306-e4aa49505c5f","outcome":"completed","replayed":false}
{"component":"player-command","phase":"consequence","correlationId":"456e6f49-7bed-46ad-b306-e4aa49505c5f","replayed":false,"changes":2}
{"component":"player-command","phase":"opportunity","correlationId":"456e6f49-7bed-46ad-b306-e4aa49505c5f","replayed":false,"changes":2}
{"component":"player-command","phase":"response","correlationId":"456e6f49-7bed-46ad-b306-e4aa49505c5f","statusCode":200,"elapsedMs":89}
{"component":"player-command","phase":"request","correlationId":"6423811e-03ac-4183-b34a-b3c8b7d54bf3"}
{"component":"player-command","phase":"authorization","correlationId":"6423811e-03ac-4183-b34a-b3c8b7d54bf3","outcome":"allowed"}
{"component":"player-command","phase":"command","correlationId":"6423811e-03ac-4183-b34a-b3c8b7d54bf3"}
{"component":"player-command","phase":"mutation","correlationId":"6423811e-03ac-4183-b34a-b3c8b7d54bf3","outcome":"completed","replayed":true}
{"component":"player-command","phase":"consequence","correlationId":"6423811e-03ac-4183-b34a-b3c8b7d54bf3","replayed":true,"changes":0}
{"component":"player-command","phase":"opportunity","correlationId":"6423811e-03ac-4183-b34a-b3c8b7d54bf3","replayed":true,"changes":0}
{"component":"player-command","phase":"response","correlationId":"6423811e-03ac-4183-b34a-b3c8b7d54bf3","statusCode":200,"elapsedMs":32}
{"component":"player-command","phase":"request","correlationId":"2a679608-d2e1-443c-9ec1-f56af242ca15"}
{"component":"player-command","phase":"authorization","correlationId":"2a679608-d2e1-443c-9ec1-f56af242ca15","outcome":"allowed"}
{"component":"player-command","phase":"response","correlationId":"2a679608-d2e1-443c-9ec1-f56af242ca15","statusCode":200,"elapsedMs":73}
{"component":"player-command","phase":"request","correlationId":"4ab9ccca-b447-439d-8488-a58d8465743d"}
{"component":"player-command","phase":"authorization","correlationId":"4ab9ccca-b447-439d-8488-a58d8465743d","outcome":"allowed"}
{"component":"player-command","phase":"command","correlationId":"4ab9ccca-b447-439d-8488-a58d8465743d"}
{"component":"player-command","phase":"mutation","correlationId":"4ab9ccca-b447-439d-8488-a58d8465743d","outcome":"completed","replayed":false}
{"component":"player-command","phase":"consequence","correlationId":"4ab9ccca-b447-439d-8488-a58d8465743d","replayed":false,"changes":2}
{"component":"player-command","phase":"opportunity","correlationId":"4ab9ccca-b447-439d-8488-a58d8465743d","replayed":false,"changes":2}
{"component":"player-command","phase":"response","correlationId":"4ab9ccca-b447-439d-8488-a58d8465743d","statusCode":200,"elapsedMs":78}
{"component":"player-command","phase":"request","correlationId":"0d944507-54f2-40ae-be4d-2ebcbe8b8b5f"}
{"component":"player-command","phase":"authorization","correlationId":"0d944507-54f2-40ae-be4d-2ebcbe8b8b5f","outcome":"allowed"}
{"component":"player-command","phase":"command","correlationId":"0d944507-54f2-40ae-be4d-2ebcbe8b8b5f"}
{"component":"player-command","phase":"mutation","correlationId":"0d944507-54f2-40ae-be4d-2ebcbe8b8b5f","outcome":"completed","replayed":true}
{"component":"player-command","phase":"consequence","correlationId":"0d944507-54f2-40ae-be4d-2ebcbe8b8b5f","replayed":true,"changes":0}
{"component":"player-command","phase":"opportunity","correlationId":"0d944507-54f2-40ae-be4d-2ebcbe8b8b5f","replayed":true,"changes":0}
{"component":"player-command","phase":"response","correlationId":"0d944507-54f2-40ae-be4d-2ebcbe8b8b5f","statusCode":200,"elapsedMs":40}
{"component":"player-command","phase":"request","correlationId":"0dfaaff1-9842-41ae-990e-4d6ea26ede32"}
{"component":"player-command","phase":"authorization","correlationId":"0dfaaff1-9842-41ae-990e-4d6ea26ede32","outcome":"allowed"}
{"component":"player-command","phase":"response","correlationId":"0dfaaff1-9842-41ae-990e-4d6ea26ede32","statusCode":200,"elapsedMs":53}
{"component":"player-command","phase":"request","correlationId":"dc36e97c-9411-463c-bb1c-f5a726280d5d"}
{"component":"player-command","phase":"authorization","correlationId":"dc36e97c-9411-463c-bb1c-f5a726280d5d","outcome":"allowed"}
{"component":"player-command","phase":"command","correlationId":"dc36e97c-9411-463c-bb1c-f5a726280d5d"}
{"component":"player-command","phase":"mutation","correlationId":"dc36e97c-9411-463c-bb1c-f5a726280d5d","outcome":"completed","replayed":false}
{"component":"player-command","phase":"consequence","correlationId":"dc36e97c-9411-463c-bb1c-f5a726280d5d","replayed":false,"changes":2}
{"component":"player-command","phase":"opportunity","correlationId":"dc36e97c-9411-463c-bb1c-f5a726280d5d","replayed":false,"changes":2}
{"component":"player-command","phase":"response","correlationId":"dc36e97c-9411-463c-bb1c-f5a726280d5d","statusCode":200,"elapsedMs":63}
{"component":"player-command","phase":"request","correlationId":"75d6ca4e-7396-4559-a3bb-7fc9f5aa648c"}
{"component":"player-command","phase":"authorization","correlationId":"75d6ca4e-7396-4559-a3bb-7fc9f5aa648c","outcome":"allowed"}
{"component":"player-command","phase":"command","correlationId":"75d6ca4e-7396-4559-a3bb-7fc9f5aa648c"}
{"component":"player-command","phase":"mutation","correlationId":"75d6ca4e-7396-4559-a3bb-7fc9f5aa648c","outcome":"completed","replayed":true}
{"component":"player-command","phase":"consequence","correlationId":"75d6ca4e-7396-4559-a3bb-7fc9f5aa648c","replayed":true,"changes":0}
{"component":"player-command","phase":"opportunity","correlationId":"75d6ca4e-7396-4559-a3bb-7fc9f5aa648c","replayed":true,"changes":0}
{"component":"player-command","phase":"response","correlationId":"75d6ca4e-7396-4559-a3bb-7fc9f5aa648c","statusCode":200,"elapsedMs":27}
{"component":"player-command","phase":"request","correlationId":"f636f8f7-620f-4d6e-bf9d-af2203116ca6"}
{"component":"player-command","phase":"authorization","correlationId":"f636f8f7-620f-4d6e-bf9d-af2203116ca6","outcome":"allowed"}
{"component":"player-command","phase":"response","correlationId":"f636f8f7-620f-4d6e-bf9d-af2203116ca6","statusCode":200,"elapsedMs":57}
{"component":"player-command","phase":"request","correlationId":"13e321d1-9c81-465c-9fac-b33d150b148e"}
{"component":"player-command","phase":"authorization","correlationId":"13e321d1-9c81-465c-9fac-b33d150b148e","outcome":"allowed"}
{"component":"player-command","phase":"command","correlationId":"13e321d1-9c81-465c-9fac-b33d150b148e"}
{"component":"player-command","phase":"mutation","correlationId":"13e321d1-9c81-465c-9fac-b33d150b148e","outcome":"completed","replayed":false}
{"component":"player-command","phase":"consequence","correlationId":"13e321d1-9c81-465c-9fac-b33d150b148e","replayed":false,"changes":2}
{"component":"player-command","phase":"opportunity","correlationId":"13e321d1-9c81-465c-9fac-b33d150b148e","replayed":false,"changes":2}
{"component":"player-command","phase":"response","correlationId":"13e321d1-9c81-465c-9fac-b33d150b148e","statusCode":200,"elapsedMs":73}
{"component":"player-command","phase":"request","correlationId":"2d26d89e-bb14-43d6-80f8-c2b257ca5606"}
{"component":"player-command","phase":"authorization","correlationId":"2d26d89e-bb14-43d6-80f8-c2b257ca5606","outcome":"allowed"}
{"component":"player-command","phase":"command","correlationId":"2d26d89e-bb14-43d6-80f8-c2b257ca5606"}
{"component":"player-command","phase":"mutation","correlationId":"2d26d89e-bb14-43d6-80f8-c2b257ca5606","outcome":"completed","replayed":true}
{"component":"player-command","phase":"consequence","correlationId":"2d26d89e-bb14-43d6-80f8-c2b257ca5606","replayed":true,"changes":0}
{"component":"player-command","phase":"opportunity","correlationId":"2d26d89e-bb14-43d6-80f8-c2b257ca5606","replayed":true,"changes":0}
{"component":"player-command","phase":"response","correlationId":"2d26d89e-bb14-43d6-80f8-c2b257ca5606","statusCode":200,"elapsedMs":34}
{"component":"player-command","phase":"request","correlationId":"41908830-2dfc-4727-9b15-d15b368aca78"}
{"component":"player-command","phase":"authorization","correlationId":"41908830-2dfc-4727-9b15-d15b368aca78","outcome":"allowed"}
{"component":"player-command","phase":"response","correlationId":"41908830-2dfc-4727-9b15-d15b368aca78","statusCode":200,"elapsedMs":53}
{"component":"player-command","phase":"request","correlationId":"5955b62a-eca4-44bc-98f5-a3a1f409f4b9"}
{"component":"player-command","phase":"authorization","correlationId":"5955b62a-eca4-44bc-98f5-a3a1f409f4b9","outcome":"allowed"}
{"component":"player-command","phase":"command","correlationId":"5955b62a-eca4-44bc-98f5-a3a1f409f4b9"}
{"component":"player-command","phase":"mutation","correlationId":"5955b62a-eca4-44bc-98f5-a3a1f409f4b9","outcome":"completed","replayed":false}
{"component":"player-command","phase":"consequence","correlationId":"5955b62a-eca4-44bc-98f5-a3a1f409f4b9","replayed":false,"changes":2}
{"component":"player-command","phase":"opportunity","correlationId":"5955b62a-eca4-44bc-98f5-a3a1f409f4b9","replayed":false,"changes":2}
{"component":"player-command","phase":"response","correlationId":"5955b62a-eca4-44bc-98f5-a3a1f409f4b9","statusCode":200,"elapsedMs":71}
{"component":"player-command","phase":"request","correlationId":"a10f9fb3-3173-435a-b4ff-acb238ad5193"}
{"component":"player-command","phase":"authorization","correlationId":"a10f9fb3-3173-435a-b4ff-acb238ad5193","outcome":"allowed"}
{"component":"player-command","phase":"command","correlationId":"a10f9fb3-3173-435a-b4ff-acb238ad5193"}
{"component":"player-command","phase":"mutation","correlationId":"a10f9fb3-3173-435a-b4ff-acb238ad5193","outcome":"completed","replayed":true}
{"component":"player-command","phase":"consequence","correlationId":"a10f9fb3-3173-435a-b4ff-acb238ad5193","replayed":true,"changes":0}
{"component":"player-command","phase":"opportunity","correlationId":"a10f9fb3-3173-435a-b4ff-acb238ad5193","replayed":true,"changes":0}
{"component":"player-command","phase":"response","correlationId":"a10f9fb3-3173-435a-b4ff-acb238ad5193","statusCode":200,"elapsedMs":31}
{"component":"player-command","phase":"request","correlationId":"ba7bee14-db25-4ae5-89ff-bb410c2ddc45"}
{"component":"player-command","phase":"authorization","correlationId":"ba7bee14-db25-4ae5-89ff-bb410c2ddc45","outcome":"allowed"}
{"component":"player-command","phase":"response","correlationId":"ba7bee14-db25-4ae5-89ff-bb410c2ddc45","statusCode":200,"elapsedMs":56}
{"component":"player-command","phase":"request","correlationId":"6c7b5d9f-463e-420f-8770-ba64b96bc114"}
{"component":"player-command","phase":"authorization","correlationId":"6c7b5d9f-463e-420f-8770-ba64b96bc114","outcome":"allowed"}
{"component":"player-command","phase":"command","correlationId":"6c7b5d9f-463e-420f-8770-ba64b96bc114"}
{"component":"player-command","phase":"mutation","correlationId":"6c7b5d9f-463e-420f-8770-ba64b96bc114","outcome":"completed","replayed":false}
{"component":"player-command","phase":"consequence","correlationId":"6c7b5d9f-463e-420f-8770-ba64b96bc114","replayed":false,"changes":2}
{"component":"player-command","phase":"opportunity","correlationId":"6c7b5d9f-463e-420f-8770-ba64b96bc114","replayed":false,"changes":2}
{"component":"player-command","phase":"response","correlationId":"6c7b5d9f-463e-420f-8770-ba64b96bc114","statusCode":200,"elapsedMs":64}
{"component":"player-command","phase":"request","correlationId":"faefc6b1-a215-4877-a18f-098acf002c30"}
{"component":"player-command","phase":"authorization","correlationId":"faefc6b1-a215-4877-a18f-098acf002c30","outcome":"allowed"}
{"component":"player-command","phase":"command","correlationId":"faefc6b1-a215-4877-a18f-098acf002c30"}
{"component":"player-command","phase":"mutation","correlationId":"faefc6b1-a215-4877-a18f-098acf002c30","outcome":"completed","replayed":true}
{"component":"player-command","phase":"consequence","correlationId":"faefc6b1-a215-4877-a18f-098acf002c30","replayed":true,"changes":0}
{"component":"player-command","phase":"opportunity","correlationId":"faefc6b1-a215-4877-a18f-098acf002c30","replayed":true,"changes":0}
{"component":"player-command","phase":"response","correlationId":"faefc6b1-a215-4877-a18f-098acf002c30","statusCode":200,"elapsedMs":27}
{"component":"player-command","phase":"request","correlationId":"2255d2c3-0927-4fc9-b7f2-46c5afef8c39"}
{"component":"player-command","phase":"authorization","correlationId":"2255d2c3-0927-4fc9-b7f2-46c5afef8c39","outcome":"allowed"}
{"component":"player-command","phase":"response","correlationId":"2255d2c3-0927-4fc9-b7f2-46c5afef8c39","statusCode":200,"elapsedMs":56}
{"component":"player-command","phase":"request","correlationId":"58924a42-86e2-4cbb-844c-f1ac44b1d873"}
{"component":"player-command","phase":"authorization","correlationId":"58924a42-86e2-4cbb-844c-f1ac44b1d873","outcome":"allowed"}
{"component":"player-command","phase":"command","correlationId":"58924a42-86e2-4cbb-844c-f1ac44b1d873"}
{"component":"player-command","phase":"mutation","correlationId":"58924a42-86e2-4cbb-844c-f1ac44b1d873","outcome":"completed","replayed":false}
{"component":"player-command","phase":"consequence","correlationId":"58924a42-86e2-4cbb-844c-f1ac44b1d873","replayed":false,"changes":2}
{"component":"player-command","phase":"opportunity","correlationId":"58924a42-86e2-4cbb-844c-f1ac44b1d873","replayed":false,"changes":2}
{"component":"player-command","phase":"response","correlationId":"58924a42-86e2-4cbb-844c-f1ac44b1d873","statusCode":200,"elapsedMs":69}
{"component":"player-command","phase":"request","correlationId":"95302938-ae1e-4537-898a-00735e7f536a"}
{"component":"player-command","phase":"authorization","correlationId":"95302938-ae1e-4537-898a-00735e7f536a","outcome":"allowed"}
{"component":"player-command","phase":"command","correlationId":"95302938-ae1e-4537-898a-00735e7f536a"}
{"component":"player-command","phase":"mutation","correlationId":"95302938-ae1e-4537-898a-00735e7f536a","outcome":"completed","replayed":true}
{"component":"player-command","phase":"consequence","correlationId":"95302938-ae1e-4537-898a-00735e7f536a","replayed":true,"changes":0}
{"component":"player-command","phase":"opportunity","correlationId":"95302938-ae1e-4537-898a-00735e7f536a","replayed":true,"changes":0}
{"component":"player-command","phase":"response","correlationId":"95302938-ae1e-4537-898a-00735e7f536a","statusCode":200,"elapsedMs":34}
{"component":"player-command","phase":"request","correlationId":"67eeca2f-2e8b-4f24-84b7-39a971dfaa91"}
{"component":"player-command","phase":"authorization","correlationId":"67eeca2f-2e8b-4f24-84b7-39a971dfaa91","outcome":"allowed"}
{"component":"player-command","phase":"response","correlationId":"67eeca2f-2e8b-4f24-84b7-39a971dfaa91","statusCode":200,"elapsedMs":58}
{"component":"player-command","phase":"request","correlationId":"7f2be60b-d8f2-4dcb-b385-11bb8d8fb2d1"}
{"component":"player-command","phase":"authorization","correlationId":"7f2be60b-d8f2-4dcb-b385-11bb8d8fb2d1","outcome":"allowed"}
{"component":"player-command","phase":"command","correlationId":"7f2be60b-d8f2-4dcb-b385-11bb8d8fb2d1"}
{"component":"player-command","phase":"mutation","correlationId":"7f2be60b-d8f2-4dcb-b385-11bb8d8fb2d1","outcome":"completed","replayed":false}
{"component":"player-command","phase":"consequence","correlationId":"7f2be60b-d8f2-4dcb-b385-11bb8d8fb2d1","replayed":false,"changes":2}
{"component":"player-command","phase":"opportunity","correlationId":"7f2be60b-d8f2-4dcb-b385-11bb8d8fb2d1","replayed":false,"changes":2}
{"component":"player-command","phase":"response","correlationId":"7f2be60b-d8f2-4dcb-b385-11bb8d8fb2d1","statusCode":200,"elapsedMs":67}
{"component":"player-command","phase":"request","correlationId":"16559eb2-ecde-4b88-acc4-44c0963d262c"}
{"component":"player-command","phase":"authorization","correlationId":"16559eb2-ecde-4b88-acc4-44c0963d262c","outcome":"allowed"}
{"component":"player-command","phase":"command","correlationId":"16559eb2-ecde-4b88-acc4-44c0963d262c"}
{"component":"player-command","phase":"mutation","correlationId":"16559eb2-ecde-4b88-acc4-44c0963d262c","outcome":"completed","replayed":true}
{"component":"player-command","phase":"consequence","correlationId":"16559eb2-ecde-4b88-acc4-44c0963d262c","replayed":true,"changes":0}
{"component":"player-command","phase":"opportunity","correlationId":"16559eb2-ecde-4b88-acc4-44c0963d262c","replayed":true,"changes":0}
{"component":"player-command","phase":"response","correlationId":"16559eb2-ecde-4b88-acc4-44c0963d262c","statusCode":200,"elapsedMs":26}
{"component":"player-command","phase":"request","correlationId":"3fe673d9-c5ac-401c-ade9-f6b45068fc4b"}
{"component":"player-command","phase":"authorization","correlationId":"3fe673d9-c5ac-401c-ade9-f6b45068fc4b","outcome":"allowed"}
{"component":"player-command","phase":"response","correlationId":"3fe673d9-c5ac-401c-ade9-f6b45068fc4b","statusCode":200,"elapsedMs":53}
{"component":"player-command","phase":"request","correlationId":"473b41c2-8113-4112-9a20-b82b81631592"}
{"component":"player-command","phase":"authorization","correlationId":"473b41c2-8113-4112-9a20-b82b81631592","outcome":"allowed"}
{"component":"player-command","phase":"command","correlationId":"473b41c2-8113-4112-9a20-b82b81631592"}
{"component":"player-command","phase":"mutation","correlationId":"473b41c2-8113-4112-9a20-b82b81631592","outcome":"completed","replayed":false}
{"component":"player-command","phase":"consequence","correlationId":"473b41c2-8113-4112-9a20-b82b81631592","replayed":false,"changes":2}
{"component":"player-command","phase":"opportunity","correlationId":"473b41c2-8113-4112-9a20-b82b81631592","replayed":false,"changes":2}
{"component":"player-command","phase":"response","correlationId":"473b41c2-8113-4112-9a20-b82b81631592","statusCode":200,"elapsedMs":63}
{"component":"player-command","phase":"request","correlationId":"4ca0a07e-d8d6-4dee-8866-84454f7ae0a5"}
{"component":"player-command","phase":"authorization","correlationId":"4ca0a07e-d8d6-4dee-8866-84454f7ae0a5","outcome":"allowed"}
{"component":"player-command","phase":"command","correlationId":"4ca0a07e-d8d6-4dee-8866-84454f7ae0a5"}
{"component":"player-command","phase":"mutation","correlationId":"4ca0a07e-d8d6-4dee-8866-84454f7ae0a5","outcome":"completed","replayed":true}
{"component":"player-command","phase":"consequence","correlationId":"4ca0a07e-d8d6-4dee-8866-84454f7ae0a5","replayed":true,"changes":0}
{"component":"player-command","phase":"opportunity","correlationId":"4ca0a07e-d8d6-4dee-8866-84454f7ae0a5","replayed":true,"changes":0}
{"component":"player-command","phase":"response","correlationId":"4ca0a07e-d8d6-4dee-8866-84454f7ae0a5","statusCode":200,"elapsedMs":24}
{"component":"player-command","phase":"request","correlationId":"af420f31-b6ba-4647-9388-964a46f247a7"}
{"component":"player-command","phase":"authorization","correlationId":"af420f31-b6ba-4647-9388-964a46f247a7","outcome":"allowed"}
{"component":"player-command","phase":"response","correlationId":"af420f31-b6ba-4647-9388-964a46f247a7","statusCode":200,"elapsedMs":67}
{"component":"player-command","phase":"request","correlationId":"bd528ac8-72f5-47fe-85d6-7f987ae7576a"}
{"component":"player-command","phase":"authorization","correlationId":"bd528ac8-72f5-47fe-85d6-7f987ae7576a","outcome":"allowed"}
{"component":"player-command","phase":"command","correlationId":"bd528ac8-72f5-47fe-85d6-7f987ae7576a"}
{"component":"player-command","phase":"mutation","correlationId":"bd528ac8-72f5-47fe-85d6-7f987ae7576a","outcome":"completed","replayed":false}
{"component":"player-command","phase":"consequence","correlationId":"bd528ac8-72f5-47fe-85d6-7f987ae7576a","replayed":false,"changes":2}
{"component":"player-command","phase":"opportunity","correlationId":"bd528ac8-72f5-47fe-85d6-7f987ae7576a","replayed":false,"changes":2}
{"component":"player-command","phase":"response","correlationId":"bd528ac8-72f5-47fe-85d6-7f987ae7576a","statusCode":200,"elapsedMs":66}
{"component":"player-command","phase":"request","correlationId":"b20e02d5-dda5-4eb1-b6e6-9256436f3dc0"}
{"component":"player-command","phase":"authorization","correlationId":"b20e02d5-dda5-4eb1-b6e6-9256436f3dc0","outcome":"allowed"}
{"component":"player-command","phase":"command","correlationId":"b20e02d5-dda5-4eb1-b6e6-9256436f3dc0"}
{"component":"player-command","phase":"mutation","correlationId":"b20e02d5-dda5-4eb1-b6e6-9256436f3dc0","outcome":"completed","replayed":true}
{"component":"player-command","phase":"consequence","correlationId":"b20e02d5-dda5-4eb1-b6e6-9256436f3dc0","replayed":true,"changes":0}
{"component":"player-command","phase":"opportunity","correlationId":"b20e02d5-dda5-4eb1-b6e6-9256436f3dc0","replayed":true,"changes":0}
{"component":"player-command","phase":"response","correlationId":"b20e02d5-dda5-4eb1-b6e6-9256436f3dc0","statusCode":200,"elapsedMs":28}
{"component":"player-command","phase":"request","correlationId":"9d46dba3-c42d-4190-9c86-ba9fcd10fe2f"}
{"component":"player-command","phase":"authorization","correlationId":"9d46dba3-c42d-4190-9c86-ba9fcd10fe2f","outcome":"allowed"}
{"component":"player-command","phase":"response","correlationId":"9d46dba3-c42d-4190-9c86-ba9fcd10fe2f","statusCode":200,"elapsedMs":63}
{"component":"player-command","phase":"request","correlationId":"54f86480-a007-4089-b444-a72cc410baf3"}
{"component":"player-command","phase":"authorization","correlationId":"54f86480-a007-4089-b444-a72cc410baf3","outcome":"allowed"}
{"component":"player-command","phase":"command","correlationId":"54f86480-a007-4089-b444-a72cc410baf3"}
{"component":"player-command","phase":"mutation","correlationId":"54f86480-a007-4089-b444-a72cc410baf3","outcome":"completed","replayed":false}
{"component":"player-command","phase":"consequence","correlationId":"54f86480-a007-4089-b444-a72cc410baf3","replayed":false,"changes":2}
{"component":"player-command","phase":"opportunity","correlationId":"54f86480-a007-4089-b444-a72cc410baf3","replayed":false,"changes":2}
{"component":"player-command","phase":"response","correlationId":"54f86480-a007-4089-b444-a72cc410baf3","statusCode":200,"elapsedMs":79}
{"component":"player-command","phase":"request","correlationId":"3ecec3f0-d087-4d82-94bc-662a6a058794"}
{"component":"player-command","phase":"authorization","correlationId":"3ecec3f0-d087-4d82-94bc-662a6a058794","outcome":"allowed"}
{"component":"player-command","phase":"command","correlationId":"3ecec3f0-d087-4d82-94bc-662a6a058794"}
{"component":"player-command","phase":"mutation","correlationId":"3ecec3f0-d087-4d82-94bc-662a6a058794","outcome":"completed","replayed":true}
{"component":"player-command","phase":"consequence","correlationId":"3ecec3f0-d087-4d82-94bc-662a6a058794","replayed":true,"changes":0}
{"component":"player-command","phase":"opportunity","correlationId":"3ecec3f0-d087-4d82-94bc-662a6a058794","replayed":true,"changes":0}
{"component":"player-command","phase":"response","correlationId":"3ecec3f0-d087-4d82-94bc-662a6a058794","statusCode":200,"elapsedMs":35}
{"component":"player-command","phase":"request","correlationId":"617e53be-3790-4527-a060-e032810cf7d0"}
{"component":"player-command","phase":"authorization","correlationId":"617e53be-3790-4527-a060-e032810cf7d0","outcome":"allowed"}
{"component":"player-command","phase":"response","correlationId":"617e53be-3790-4527-a060-e032810cf7d0","statusCode":200,"elapsedMs":74}
{"component":"player-command","phase":"request","correlationId":"919aef2f-47e2-4c07-9eb4-4211f2e9d6a5"}
{"component":"player-command","phase":"authorization","correlationId":"919aef2f-47e2-4c07-9eb4-4211f2e9d6a5","outcome":"allowed"}
{"component":"player-command","phase":"command","correlationId":"919aef2f-47e2-4c07-9eb4-4211f2e9d6a5"}
{"component":"player-command","phase":"mutation","correlationId":"919aef2f-47e2-4c07-9eb4-4211f2e9d6a5","outcome":"completed","replayed":false}
{"component":"player-command","phase":"consequence","correlationId":"919aef2f-47e2-4c07-9eb4-4211f2e9d6a5","replayed":false,"changes":2}
{"component":"player-command","phase":"opportunity","correlationId":"919aef2f-47e2-4c07-9eb4-4211f2e9d6a5","replayed":false,"changes":2}
{"component":"player-command","phase":"response","correlationId":"919aef2f-47e2-4c07-9eb4-4211f2e9d6a5","statusCode":200,"elapsedMs":80}
{"component":"player-command","phase":"request","correlationId":"d9642760-ebb1-4c56-9d98-b0db3fdc2d55"}
{"component":"player-command","phase":"authorization","correlationId":"d9642760-ebb1-4c56-9d98-b0db3fdc2d55","outcome":"allowed"}
{"component":"player-command","phase":"command","correlationId":"d9642760-ebb1-4c56-9d98-b0db3fdc2d55"}
{"component":"player-command","phase":"mutation","correlationId":"d9642760-ebb1-4c56-9d98-b0db3fdc2d55","outcome":"completed","replayed":true}
{"component":"player-command","phase":"consequence","correlationId":"d9642760-ebb1-4c56-9d98-b0db3fdc2d55","replayed":true,"changes":0}
{"component":"player-command","phase":"opportunity","correlationId":"d9642760-ebb1-4c56-9d98-b0db3fdc2d55","replayed":true,"changes":0}
{"component":"player-command","phase":"response","correlationId":"d9642760-ebb1-4c56-9d98-b0db3fdc2d55","statusCode":200,"elapsedMs":32}
{"component":"player-command","phase":"request","correlationId":"15aa2add-dda6-4b03-ad3d-f3424c37426d"}
{"component":"player-command","phase":"authorization","correlationId":"15aa2add-dda6-4b03-ad3d-f3424c37426d","outcome":"allowed"}
{"component":"player-command","phase":"response","correlationId":"15aa2add-dda6-4b03-ad3d-f3424c37426d","statusCode":200,"elapsedMs":56}
{"component":"player-command","phase":"request","correlationId":"e24c6a11-419a-4bb9-8b16-d8a9e122050f"}
{"component":"player-command","phase":"authorization","correlationId":"e24c6a11-419a-4bb9-8b16-d8a9e122050f","outcome":"allowed"}
{"component":"player-command","phase":"command","correlationId":"e24c6a11-419a-4bb9-8b16-d8a9e122050f"}
{"component":"player-command","phase":"mutation","correlationId":"e24c6a11-419a-4bb9-8b16-d8a9e122050f","outcome":"completed","replayed":false}
{"component":"player-command","phase":"consequence","correlationId":"e24c6a11-419a-4bb9-8b16-d8a9e122050f","replayed":false,"changes":2}
{"component":"player-command","phase":"opportunity","correlationId":"e24c6a11-419a-4bb9-8b16-d8a9e122050f","replayed":false,"changes":2}
{"component":"player-command","phase":"response","correlationId":"e24c6a11-419a-4bb9-8b16-d8a9e122050f","statusCode":200,"elapsedMs":65}
{"component":"player-command","phase":"request","correlationId":"d3b8d275-c807-41b7-9cf0-144636a44982"}
{"component":"player-command","phase":"authorization","correlationId":"d3b8d275-c807-41b7-9cf0-144636a44982","outcome":"allowed"}
{"component":"player-command","phase":"command","correlationId":"d3b8d275-c807-41b7-9cf0-144636a44982"}
{"component":"player-command","phase":"mutation","correlationId":"d3b8d275-c807-41b7-9cf0-144636a44982","outcome":"completed","replayed":true}
{"component":"player-command","phase":"consequence","correlationId":"d3b8d275-c807-41b7-9cf0-144636a44982","replayed":true,"changes":0}
{"component":"player-command","phase":"opportunity","correlationId":"d3b8d275-c807-41b7-9cf0-144636a44982","replayed":true,"changes":0}
{"component":"player-command","phase":"response","correlationId":"d3b8d275-c807-41b7-9cf0-144636a44982","statusCode":200,"elapsedMs":27}
{"component":"player-command","phase":"request","correlationId":"57dc7b2a-043c-419e-ae2c-0e2c20c9313f"}
{"component":"player-command","phase":"authorization","correlationId":"57dc7b2a-043c-419e-ae2c-0e2c20c9313f","outcome":"allowed"}
{"component":"player-command","phase":"response","correlationId":"57dc7b2a-043c-419e-ae2c-0e2c20c9313f","statusCode":200,"elapsedMs":54}
{"component":"player-command","phase":"request","correlationId":"0a2fa096-51db-4291-940b-bd0f70464232"}
{"component":"player-command","phase":"authorization","correlationId":"0a2fa096-51db-4291-940b-bd0f70464232","outcome":"allowed"}
{"component":"player-command","phase":"command","correlationId":"0a2fa096-51db-4291-940b-bd0f70464232"}
{"component":"player-command","phase":"mutation","correlationId":"0a2fa096-51db-4291-940b-bd0f70464232","outcome":"completed","replayed":false}
{"component":"player-command","phase":"consequence","correlationId":"0a2fa096-51db-4291-940b-bd0f70464232","replayed":false,"changes":2}
{"component":"player-command","phase":"opportunity","correlationId":"0a2fa096-51db-4291-940b-bd0f70464232","replayed":false,"changes":2}
{"component":"player-command","phase":"response","correlationId":"0a2fa096-51db-4291-940b-bd0f70464232","statusCode":200,"elapsedMs":73}
{"component":"player-command","phase":"request","correlationId":"421404c6-beba-4061-b46b-b244a6a7af29"}
{"component":"player-command","phase":"authorization","correlationId":"421404c6-beba-4061-b46b-b244a6a7af29","outcome":"allowed"}
{"component":"player-command","phase":"command","correlationId":"421404c6-beba-4061-b46b-b244a6a7af29"}
{"component":"player-command","phase":"mutation","correlationId":"421404c6-beba-4061-b46b-b244a6a7af29","outcome":"completed","replayed":true}
{"component":"player-command","phase":"consequence","correlationId":"421404c6-beba-4061-b46b-b244a6a7af29","replayed":true,"changes":0}
{"component":"player-command","phase":"opportunity","correlationId":"421404c6-beba-4061-b46b-b244a6a7af29","replayed":true,"changes":0}
{"component":"player-command","phase":"response","correlationId":"421404c6-beba-4061-b46b-b244a6a7af29","statusCode":200,"elapsedMs":35}
{"component":"player-command","phase":"request","correlationId":"a3baac4c-f3fe-46f8-92e6-7e9d88f99cef"}
{"component":"player-command","phase":"authorization","correlationId":"a3baac4c-f3fe-46f8-92e6-7e9d88f99cef","outcome":"allowed"}
{"component":"player-command","phase":"response","correlationId":"a3baac4c-f3fe-46f8-92e6-7e9d88f99cef","statusCode":200,"elapsedMs":59}
{"component":"player-command","phase":"request","correlationId":"27aefd28-9eea-418a-a1cb-a5f6196b30bd"}
{"component":"player-command","phase":"authorization","correlationId":"27aefd28-9eea-418a-a1cb-a5f6196b30bd","outcome":"allowed"}
{"component":"player-command","phase":"command","correlationId":"27aefd28-9eea-418a-a1cb-a5f6196b30bd"}
{"component":"player-command","phase":"mutation","correlationId":"27aefd28-9eea-418a-a1cb-a5f6196b30bd","outcome":"completed","replayed":false}
{"component":"player-command","phase":"consequence","correlationId":"27aefd28-9eea-418a-a1cb-a5f6196b30bd","replayed":false,"changes":2}
{"component":"player-command","phase":"opportunity","correlationId":"27aefd28-9eea-418a-a1cb-a5f6196b30bd","replayed":false,"changes":2}
{"component":"player-command","phase":"response","correlationId":"27aefd28-9eea-418a-a1cb-a5f6196b30bd","statusCode":200,"elapsedMs":73}
{"component":"player-command","phase":"request","correlationId":"25ba851d-7f1b-4175-ada3-f6c0f6ed50f1"}
{"component":"player-command","phase":"authorization","correlationId":"25ba851d-7f1b-4175-ada3-f6c0f6ed50f1","outcome":"allowed"}
{"component":"player-command","phase":"command","correlationId":"25ba851d-7f1b-4175-ada3-f6c0f6ed50f1"}
{"component":"player-command","phase":"mutation","correlationId":"25ba851d-7f1b-4175-ada3-f6c0f6ed50f1","outcome":"completed","replayed":true}
{"component":"player-command","phase":"consequence","correlationId":"25ba851d-7f1b-4175-ada3-f6c0f6ed50f1","replayed":true,"changes":0}
{"component":"player-command","phase":"opportunity","correlationId":"25ba851d-7f1b-4175-ada3-f6c0f6ed50f1","replayed":true,"changes":0}
{"component":"player-command","phase":"response","correlationId":"25ba851d-7f1b-4175-ada3-f6c0f6ed50f1","statusCode":200,"elapsedMs":27}
{"component":"player-command","phase":"request","correlationId":"fef2be02-a67c-42e5-9bfb-ab6099f8569e"}
{"component":"player-command","phase":"authorization","correlationId":"fef2be02-a67c-42e5-9bfb-ab6099f8569e","outcome":"allowed"}
{"component":"player-command","phase":"response","correlationId":"fef2be02-a67c-42e5-9bfb-ab6099f8569e","statusCode":200,"elapsedMs":55}
{"component":"player-command","phase":"request","correlationId":"800e93db-60fa-4c27-addd-1f9a2f4012e2"}
{"component":"player-command","phase":"authorization","correlationId":"800e93db-60fa-4c27-addd-1f9a2f4012e2","outcome":"allowed"}
{"component":"player-command","phase":"command","correlationId":"800e93db-60fa-4c27-addd-1f9a2f4012e2"}
{"component":"player-command","phase":"mutation","correlationId":"800e93db-60fa-4c27-addd-1f9a2f4012e2","outcome":"completed","replayed":false}
{"component":"player-command","phase":"consequence","correlationId":"800e93db-60fa-4c27-addd-1f9a2f4012e2","replayed":false,"changes":2}
{"component":"player-command","phase":"opportunity","correlationId":"800e93db-60fa-4c27-addd-1f9a2f4012e2","replayed":false,"changes":2}
{"component":"player-command","phase":"response","correlationId":"800e93db-60fa-4c27-addd-1f9a2f4012e2","statusCode":200,"elapsedMs":70}
{"component":"player-command","phase":"request","correlationId":"5ecb2381-e840-4b13-b706-11ee7b233237"}
{"component":"player-command","phase":"authorization","correlationId":"5ecb2381-e840-4b13-b706-11ee7b233237","outcome":"allowed"}
{"component":"player-command","phase":"command","correlationId":"5ecb2381-e840-4b13-b706-11ee7b233237"}
{"component":"player-command","phase":"mutation","correlationId":"5ecb2381-e840-4b13-b706-11ee7b233237","outcome":"completed","replayed":true}
{"component":"player-command","phase":"consequence","correlationId":"5ecb2381-e840-4b13-b706-11ee7b233237","replayed":true,"changes":0}
{"component":"player-command","phase":"opportunity","correlationId":"5ecb2381-e840-4b13-b706-11ee7b233237","replayed":true,"changes":0}
{"component":"player-command","phase":"response","correlationId":"5ecb2381-e840-4b13-b706-11ee7b233237","statusCode":200,"elapsedMs":30}
{"component":"player-command","phase":"request","correlationId":"c15d18c1-8e63-437c-8db2-e73481e85fbc"}
{"component":"player-command","phase":"authorization","correlationId":"c15d18c1-8e63-437c-8db2-e73481e85fbc","outcome":"allowed"}
{"component":"player-command","phase":"response","correlationId":"c15d18c1-8e63-437c-8db2-e73481e85fbc","statusCode":200,"elapsedMs":58}
{"component":"player-command","phase":"request","correlationId":"f6d4178f-6510-48cf-9ae4-af01737d8852"}
{"component":"player-command","phase":"authorization","correlationId":"f6d4178f-6510-48cf-9ae4-af01737d8852","outcome":"allowed"}
{"component":"player-command","phase":"command","correlationId":"f6d4178f-6510-48cf-9ae4-af01737d8852"}
{"component":"player-command","phase":"mutation","correlationId":"f6d4178f-6510-48cf-9ae4-af01737d8852","outcome":"completed","replayed":false}
{"component":"player-command","phase":"consequence","correlationId":"f6d4178f-6510-48cf-9ae4-af01737d8852","replayed":false,"changes":2}
{"component":"player-command","phase":"opportunity","correlationId":"f6d4178f-6510-48cf-9ae4-af01737d8852","replayed":false,"changes":2}
{"component":"player-command","phase":"response","correlationId":"f6d4178f-6510-48cf-9ae4-af01737d8852","statusCode":200,"elapsedMs":71}
{"component":"player-command","phase":"request","correlationId":"ba6d71ef-3d95-408e-812e-65b8b3c327ac"}
{"component":"player-command","phase":"authorization","correlationId":"ba6d71ef-3d95-408e-812e-65b8b3c327ac","outcome":"allowed"}
{"component":"player-command","phase":"command","correlationId":"ba6d71ef-3d95-408e-812e-65b8b3c327ac"}
{"component":"player-command","phase":"mutation","correlationId":"ba6d71ef-3d95-408e-812e-65b8b3c327ac","outcome":"completed","replayed":true}
{"component":"player-command","phase":"consequence","correlationId":"ba6d71ef-3d95-408e-812e-65b8b3c327ac","replayed":true,"changes":0}
{"component":"player-command","phase":"opportunity","correlationId":"ba6d71ef-3d95-408e-812e-65b8b3c327ac","replayed":true,"changes":0}
{"component":"player-command","phase":"response","correlationId":"ba6d71ef-3d95-408e-812e-65b8b3c327ac","statusCode":200,"elapsedMs":28}
{"component":"player-command","phase":"request","correlationId":"1e8ae407-5373-43f5-a709-3bb71316d16f"}
{"component":"player-command","phase":"authorization","correlationId":"1e8ae407-5373-43f5-a709-3bb71316d16f","outcome":"allowed"}
{"component":"player-command","phase":"response","correlationId":"1e8ae407-5373-43f5-a709-3bb71316d16f","statusCode":200,"elapsedMs":53}
{"component":"player-command","phase":"request","correlationId":"1ccaf0f3-386a-4bef-bc2a-77d36919387f"}
{"component":"player-command","phase":"authorization","correlationId":"1ccaf0f3-386a-4bef-bc2a-77d36919387f","outcome":"allowed"}
{"component":"player-command","phase":"command","correlationId":"1ccaf0f3-386a-4bef-bc2a-77d36919387f"}
{"component":"player-command","phase":"mutation","correlationId":"1ccaf0f3-386a-4bef-bc2a-77d36919387f","outcome":"completed","replayed":false}
{"component":"player-command","phase":"consequence","correlationId":"1ccaf0f3-386a-4bef-bc2a-77d36919387f","replayed":false,"changes":2}
{"component":"player-command","phase":"opportunity","correlationId":"1ccaf0f3-386a-4bef-bc2a-77d36919387f","replayed":false,"changes":2}
{"component":"player-command","phase":"response","correlationId":"1ccaf0f3-386a-4bef-bc2a-77d36919387f","statusCode":200,"elapsedMs":68}
{"component":"player-command","phase":"request","correlationId":"3b21f226-b85a-4bb4-9d53-036cf0b36d5c"}
{"component":"player-command","phase":"authorization","correlationId":"3b21f226-b85a-4bb4-9d53-036cf0b36d5c","outcome":"allowed"}
{"component":"player-command","phase":"command","correlationId":"3b21f226-b85a-4bb4-9d53-036cf0b36d5c"}
{"component":"player-command","phase":"mutation","correlationId":"3b21f226-b85a-4bb4-9d53-036cf0b36d5c","outcome":"completed","replayed":true}
{"component":"player-command","phase":"consequence","correlationId":"3b21f226-b85a-4bb4-9d53-036cf0b36d5c","replayed":true,"changes":0}
{"component":"player-command","phase":"opportunity","correlationId":"3b21f226-b85a-4bb4-9d53-036cf0b36d5c","replayed":true,"changes":0}
{"component":"player-command","phase":"response","correlationId":"3b21f226-b85a-4bb4-9d53-036cf0b36d5c","statusCode":200,"elapsedMs":28}
{"component":"player-command","phase":"request","correlationId":"4ffa50f3-e5df-45be-999d-e4a750dcc946"}
{"component":"player-command","phase":"authorization","correlationId":"4ffa50f3-e5df-45be-999d-e4a750dcc946","outcome":"allowed"}
{"component":"player-command","phase":"response","correlationId":"4ffa50f3-e5df-45be-999d-e4a750dcc946","statusCode":200,"elapsedMs":60}
{"component":"player-command","phase":"request","correlationId":"04b3da0e-552c-464f-85f4-39d0df5a0e06"}
{"component":"player-command","phase":"authorization","correlationId":"04b3da0e-552c-464f-85f4-39d0df5a0e06","outcome":"allowed"}
{"component":"player-command","phase":"command","correlationId":"04b3da0e-552c-464f-85f4-39d0df5a0e06"}
{"component":"player-command","phase":"mutation","correlationId":"04b3da0e-552c-464f-85f4-39d0df5a0e06","outcome":"completed","replayed":false}
{"component":"player-command","phase":"consequence","correlationId":"04b3da0e-552c-464f-85f4-39d0df5a0e06","replayed":false,"changes":2}
{"component":"player-command","phase":"opportunity","correlationId":"04b3da0e-552c-464f-85f4-39d0df5a0e06","replayed":false,"changes":2}
{"component":"player-command","phase":"response","correlationId":"04b3da0e-552c-464f-85f4-39d0df5a0e06","statusCode":200,"elapsedMs":66}
{"component":"player-command","phase":"request","correlationId":"1c7aee8f-dcf5-4e63-a5f7-aeaf74662093"}
{"component":"player-command","phase":"authorization","correlationId":"1c7aee8f-dcf5-4e63-a5f7-aeaf74662093","outcome":"allowed"}
{"component":"player-command","phase":"command","correlationId":"1c7aee8f-dcf5-4e63-a5f7-aeaf74662093"}
{"component":"player-command","phase":"mutation","correlationId":"1c7aee8f-dcf5-4e63-a5f7-aeaf74662093","outcome":"completed","replayed":true}
{"component":"player-command","phase":"consequence","correlationId":"1c7aee8f-dcf5-4e63-a5f7-aeaf74662093","replayed":true,"changes":0}
{"component":"player-command","phase":"opportunity","correlationId":"1c7aee8f-dcf5-4e63-a5f7-aeaf74662093","replayed":true,"changes":0}
{"component":"player-command","phase":"response","correlationId":"1c7aee8f-dcf5-4e63-a5f7-aeaf74662093","statusCode":200,"elapsedMs":27}
{"component":"player-command","phase":"request","correlationId":"93f5c922-526d-4068-bccd-5208466b124b"}
{"component":"player-command","phase":"authorization","correlationId":"93f5c922-526d-4068-bccd-5208466b124b","outcome":"allowed"}
{"component":"player-command","phase":"response","correlationId":"93f5c922-526d-4068-bccd-5208466b124b","statusCode":200,"elapsedMs":61}
{"component":"player-command","phase":"request","correlationId":"b87e1340-aff1-43d5-a8fe-73f194d2f67c"}
{"component":"player-command","phase":"authorization","correlationId":"b87e1340-aff1-43d5-a8fe-73f194d2f67c","outcome":"allowed"}
{"component":"player-command","phase":"command","correlationId":"b87e1340-aff1-43d5-a8fe-73f194d2f67c"}
{"component":"player-command","phase":"mutation","correlationId":"b87e1340-aff1-43d5-a8fe-73f194d2f67c","outcome":"completed","replayed":false}
{"component":"player-command","phase":"consequence","correlationId":"b87e1340-aff1-43d5-a8fe-73f194d2f67c","replayed":false,"changes":2}
{"component":"player-command","phase":"opportunity","correlationId":"b87e1340-aff1-43d5-a8fe-73f194d2f67c","replayed":false,"changes":2}
{"component":"player-command","phase":"response","correlationId":"b87e1340-aff1-43d5-a8fe-73f194d2f67c","statusCode":200,"elapsedMs":80}
{"component":"player-command","phase":"request","correlationId":"8e900589-4ea9-445c-bb30-cda092016c00"}
{"component":"player-command","phase":"authorization","correlationId":"8e900589-4ea9-445c-bb30-cda092016c00","outcome":"allowed"}
{"component":"player-command","phase":"command","correlationId":"8e900589-4ea9-445c-bb30-cda092016c00"}
{"component":"player-command","phase":"mutation","correlationId":"8e900589-4ea9-445c-bb30-cda092016c00","outcome":"completed","replayed":true}
{"component":"player-command","phase":"consequence","correlationId":"8e900589-4ea9-445c-bb30-cda092016c00","replayed":true,"changes":0}
{"component":"player-command","phase":"opportunity","correlationId":"8e900589-4ea9-445c-bb30-cda092016c00","replayed":true,"changes":0}
{"component":"player-command","phase":"response","correlationId":"8e900589-4ea9-445c-bb30-cda092016c00","statusCode":200,"elapsedMs":28}
{"component":"player-command","phase":"request","correlationId":"8a1dec50-f74e-4e28-98ca-09cf01650378"}
{"component":"player-command","phase":"authorization","correlationId":"8a1dec50-f74e-4e28-98ca-09cf01650378","outcome":"allowed"}
{"component":"player-command","phase":"response","correlationId":"8a1dec50-f74e-4e28-98ca-09cf01650378","statusCode":200,"elapsedMs":70}
{"component":"player-command","phase":"request","correlationId":"f497efd7-41b5-4a6d-be7d-41892463959a"}
{"component":"player-command","phase":"authorization","correlationId":"f497efd7-41b5-4a6d-be7d-41892463959a","outcome":"allowed"}
{"component":"player-command","phase":"command","correlationId":"f497efd7-41b5-4a6d-be7d-41892463959a"}
{"component":"player-command","phase":"mutation","correlationId":"f497efd7-41b5-4a6d-be7d-41892463959a","outcome":"completed","replayed":false}
{"component":"player-command","phase":"consequence","correlationId":"f497efd7-41b5-4a6d-be7d-41892463959a","replayed":false,"changes":2}
{"component":"player-command","phase":"opportunity","correlationId":"f497efd7-41b5-4a6d-be7d-41892463959a","replayed":false,"changes":2}
{"component":"player-command","phase":"response","correlationId":"f497efd7-41b5-4a6d-be7d-41892463959a","statusCode":200,"elapsedMs":78}
{"component":"player-command","phase":"request","correlationId":"709b7de0-f255-4973-92c1-427993a9a152"}
{"component":"player-command","phase":"authorization","correlationId":"709b7de0-f255-4973-92c1-427993a9a152","outcome":"allowed"}
{"component":"player-command","phase":"command","correlationId":"709b7de0-f255-4973-92c1-427993a9a152"}
{"component":"player-command","phase":"mutation","correlationId":"709b7de0-f255-4973-92c1-427993a9a152","outcome":"completed","replayed":true}
{"component":"player-command","phase":"consequence","correlationId":"709b7de0-f255-4973-92c1-427993a9a152","replayed":true,"changes":0}
{"component":"player-command","phase":"opportunity","correlationId":"709b7de0-f255-4973-92c1-427993a9a152","replayed":true,"changes":0}
{"component":"player-command","phase":"response","correlationId":"709b7de0-f255-4973-92c1-427993a9a152","statusCode":200,"elapsedMs":31}
{"component":"player-command","phase":"request","correlationId":"5b20262d-eca0-4837-918d-ac022a731585"}
{"component":"player-command","phase":"authorization","correlationId":"5b20262d-eca0-4837-918d-ac022a731585","outcome":"allowed"}
{"component":"player-command","phase":"response","correlationId":"5b20262d-eca0-4837-918d-ac022a731585","statusCode":200,"elapsedMs":66}
{"component":"player-command","phase":"request","correlationId":"419f8ec8-82fe-4756-804c-03e908918f96"}
{"component":"player-command","phase":"authorization","correlationId":"419f8ec8-82fe-4756-804c-03e908918f96","outcome":"allowed"}
{"component":"player-command","phase":"command","correlationId":"419f8ec8-82fe-4756-804c-03e908918f96"}
{"component":"player-command","phase":"mutation","correlationId":"419f8ec8-82fe-4756-804c-03e908918f96","outcome":"completed","replayed":false}
{"component":"player-command","phase":"consequence","correlationId":"419f8ec8-82fe-4756-804c-03e908918f96","replayed":false,"changes":2}
{"component":"player-command","phase":"opportunity","correlationId":"419f8ec8-82fe-4756-804c-03e908918f96","replayed":false,"changes":2}
{"component":"player-command","phase":"response","correlationId":"419f8ec8-82fe-4756-804c-03e908918f96","statusCode":200,"elapsedMs":75}
{"component":"player-command","phase":"request","correlationId":"47191bf1-1a4e-4f16-a58e-7214d9fea32f"}
{"component":"player-command","phase":"authorization","correlationId":"47191bf1-1a4e-4f16-a58e-7214d9fea32f","outcome":"allowed"}
{"component":"player-command","phase":"command","correlationId":"47191bf1-1a4e-4f16-a58e-7214d9fea32f"}
{"component":"player-command","phase":"mutation","correlationId":"47191bf1-1a4e-4f16-a58e-7214d9fea32f","outcome":"completed","replayed":true}
{"component":"player-command","phase":"consequence","correlationId":"47191bf1-1a4e-4f16-a58e-7214d9fea32f","replayed":true,"changes":0}
{"component":"player-command","phase":"opportunity","correlationId":"47191bf1-1a4e-4f16-a58e-7214d9fea32f","replayed":true,"changes":0}
{"component":"player-command","phase":"response","correlationId":"47191bf1-1a4e-4f16-a58e-7214d9fea32f","statusCode":200,"elapsedMs":31}
{"component":"player-command","phase":"request","correlationId":"3f704e6c-2e3e-4933-9ede-9e2dc2c31d5a"}
{"component":"player-command","phase":"authorization","correlationId":"3f704e6c-2e3e-4933-9ede-9e2dc2c31d5a","outcome":"allowed"}
{"component":"player-command","phase":"response","correlationId":"3f704e6c-2e3e-4933-9ede-9e2dc2c31d5a","statusCode":200,"elapsedMs":70}
{"component":"player-command","phase":"request","correlationId":"51705b38-1abc-4207-8798-576cd8d9646d"}
{"component":"player-command","phase":"authorization","correlationId":"51705b38-1abc-4207-8798-576cd8d9646d","outcome":"allowed"}
{"component":"player-command","phase":"command","correlationId":"51705b38-1abc-4207-8798-576cd8d9646d"}
{"component":"player-command","phase":"mutation","correlationId":"51705b38-1abc-4207-8798-576cd8d9646d","outcome":"completed","replayed":false}
{"component":"player-command","phase":"consequence","correlationId":"51705b38-1abc-4207-8798-576cd8d9646d","replayed":false,"changes":2}
{"component":"player-command","phase":"opportunity","correlationId":"51705b38-1abc-4207-8798-576cd8d9646d","replayed":false,"changes":2}
{"component":"player-command","phase":"response","correlationId":"51705b38-1abc-4207-8798-576cd8d9646d","statusCode":200,"elapsedMs":120}
{"component":"player-command","phase":"request","correlationId":"1a5e67df-8456-4c3d-b07d-5e9f1ed09276"}
{"component":"player-command","phase":"authorization","correlationId":"1a5e67df-8456-4c3d-b07d-5e9f1ed09276","outcome":"allowed"}
{"component":"player-command","phase":"command","correlationId":"1a5e67df-8456-4c3d-b07d-5e9f1ed09276"}
{"component":"player-command","phase":"mutation","correlationId":"1a5e67df-8456-4c3d-b07d-5e9f1ed09276","outcome":"completed","replayed":true}
{"component":"player-command","phase":"consequence","correlationId":"1a5e67df-8456-4c3d-b07d-5e9f1ed09276","replayed":true,"changes":0}
{"component":"player-command","phase":"opportunity","correlationId":"1a5e67df-8456-4c3d-b07d-5e9f1ed09276","replayed":true,"changes":0}
{"component":"player-command","phase":"response","correlationId":"1a5e67df-8456-4c3d-b07d-5e9f1ed09276","statusCode":200,"elapsedMs":95}
{"component":"player-command","phase":"request","correlationId":"9384bf5b-94af-4866-85b0-245d99c9bff0"}
{"component":"player-command","phase":"authorization","correlationId":"9384bf5b-94af-4866-85b0-245d99c9bff0","outcome":"allowed"}
{"component":"player-command","phase":"response","correlationId":"9384bf5b-94af-4866-85b0-245d99c9bff0","statusCode":200,"elapsedMs":73}
{"component":"player-command","phase":"request","correlationId":"b5051c0a-8158-422b-930b-65d509b3bca4"}
{"component":"player-command","phase":"authorization","correlationId":"b5051c0a-8158-422b-930b-65d509b3bca4","outcome":"allowed"}
{"component":"player-command","phase":"command","correlationId":"b5051c0a-8158-422b-930b-65d509b3bca4"}
{"component":"player-command","phase":"mutation","correlationId":"b5051c0a-8158-422b-930b-65d509b3bca4","outcome":"completed","replayed":false}
{"component":"player-command","phase":"consequence","correlationId":"b5051c0a-8158-422b-930b-65d509b3bca4","replayed":false,"changes":2}
{"component":"player-command","phase":"opportunity","correlationId":"b5051c0a-8158-422b-930b-65d509b3bca4","replayed":false,"changes":2}
{"component":"player-command","phase":"response","correlationId":"b5051c0a-8158-422b-930b-65d509b3bca4","statusCode":200,"elapsedMs":83}
{"component":"player-command","phase":"request","correlationId":"21bdfb1e-b65e-4a28-995e-f30cfacfea5d"}
{"component":"player-command","phase":"authorization","correlationId":"21bdfb1e-b65e-4a28-995e-f30cfacfea5d","outcome":"allowed"}
{"component":"player-command","phase":"command","correlationId":"21bdfb1e-b65e-4a28-995e-f30cfacfea5d"}
{"component":"player-command","phase":"mutation","correlationId":"21bdfb1e-b65e-4a28-995e-f30cfacfea5d","outcome":"completed","replayed":true}
{"component":"player-command","phase":"consequence","correlationId":"21bdfb1e-b65e-4a28-995e-f30cfacfea5d","replayed":true,"changes":0}
{"component":"player-command","phase":"opportunity","correlationId":"21bdfb1e-b65e-4a28-995e-f30cfacfea5d","replayed":true,"changes":0}
{"component":"player-command","phase":"response","correlationId":"21bdfb1e-b65e-4a28-995e-f30cfacfea5d","statusCode":200,"elapsedMs":29}
{"component":"player-command","phase":"request","correlationId":"834c6726-532b-47be-aa0c-3bf8895d2e56"}
{"component":"player-command","phase":"authorization","correlationId":"834c6726-532b-47be-aa0c-3bf8895d2e56","outcome":"allowed"}
{"component":"player-command","phase":"response","correlationId":"834c6726-532b-47be-aa0c-3bf8895d2e56","statusCode":200,"elapsedMs":53}
{"component":"player-command","phase":"request","correlationId":"f9474943-9e93-4e4c-9b99-cf11ccdfa188"}
{"component":"player-command","phase":"authorization","correlationId":"f9474943-9e93-4e4c-9b99-cf11ccdfa188","outcome":"allowed"}
{"component":"player-command","phase":"command","correlationId":"f9474943-9e93-4e4c-9b99-cf11ccdfa188"}
{"component":"player-command","phase":"mutation","correlationId":"f9474943-9e93-4e4c-9b99-cf11ccdfa188","outcome":"completed","replayed":false}
{"component":"player-command","phase":"consequence","correlationId":"f9474943-9e93-4e4c-9b99-cf11ccdfa188","replayed":false,"changes":2}
{"component":"player-command","phase":"opportunity","correlationId":"f9474943-9e93-4e4c-9b99-cf11ccdfa188","replayed":false,"changes":2}
{"component":"player-command","phase":"response","correlationId":"f9474943-9e93-4e4c-9b99-cf11ccdfa188","statusCode":200,"elapsedMs":64}
{"component":"player-command","phase":"request","correlationId":"f399f468-980f-4622-ab36-48da64af8128"}
{"component":"player-command","phase":"authorization","correlationId":"f399f468-980f-4622-ab36-48da64af8128","outcome":"allowed"}
{"component":"player-command","phase":"command","correlationId":"f399f468-980f-4622-ab36-48da64af8128"}
{"component":"player-command","phase":"mutation","correlationId":"f399f468-980f-4622-ab36-48da64af8128","outcome":"completed","replayed":true}
{"component":"player-command","phase":"consequence","correlationId":"f399f468-980f-4622-ab36-48da64af8128","replayed":true,"changes":0}
{"component":"player-command","phase":"opportunity","correlationId":"f399f468-980f-4622-ab36-48da64af8128","replayed":true,"changes":0}
{"component":"player-command","phase":"response","correlationId":"f399f468-980f-4622-ab36-48da64af8128","statusCode":200,"elapsedMs":30}
{"phase":"commands","round":0,"players":100,"assertions":16555}
{"component":"player-command","phase":"request","correlationId":"8f9ef726-a247-42be-8f71-b28a88ab7e5b"}
{"component":"player-command","phase":"authorization","correlationId":"8f9ef726-a247-42be-8f71-b28a88ab7e5b","outcome":"allowed"}
{"component":"player-command","phase":"response","correlationId":"8f9ef726-a247-42be-8f71-b28a88ab7e5b","statusCode":200,"elapsedMs":70}
{"component":"player-command","phase":"request","correlationId":"ab791f55-cdd8-4a0d-8c45-05f5270f244a"}
{"component":"player-command","phase":"authorization","correlationId":"ab791f55-cdd8-4a0d-8c45-05f5270f244a","outcome":"allowed"}
{"component":"player-command","phase":"command","correlationId":"ab791f55-cdd8-4a0d-8c45-05f5270f244a"}
{"component":"player-command","phase":"mutation","correlationId":"ab791f55-cdd8-4a0d-8c45-05f5270f244a","outcome":"completed","replayed":false}
{"component":"player-command","phase":"consequence","correlationId":"ab791f55-cdd8-4a0d-8c45-05f5270f244a","replayed":false,"changes":1}
{"component":"player-command","phase":"opportunity","correlationId":"ab791f55-cdd8-4a0d-8c45-05f5270f244a","replayed":false,"changes":1}
{"component":"player-command","phase":"response","correlationId":"ab791f55-cdd8-4a0d-8c45-05f5270f244a","statusCode":200,"elapsedMs":78}
{"component":"player-command","phase":"request","correlationId":"1ac5971f-eab5-4bf7-91d2-28f5c474551d"}
{"component":"player-command","phase":"authorization","correlationId":"1ac5971f-eab5-4bf7-91d2-28f5c474551d","outcome":"allowed"}
{"component":"player-command","phase":"command","correlationId":"1ac5971f-eab5-4bf7-91d2-28f5c474551d"}
{"component":"player-command","phase":"mutation","correlationId":"1ac5971f-eab5-4bf7-91d2-28f5c474551d","outcome":"completed","replayed":true}
{"component":"player-command","phase":"consequence","correlationId":"1ac5971f-eab5-4bf7-91d2-28f5c474551d","replayed":true,"changes":0}
{"component":"player-command","phase":"opportunity","correlationId":"1ac5971f-eab5-4bf7-91d2-28f5c474551d","replayed":true,"changes":0}
{"component":"player-command","phase":"response","correlationId":"1ac5971f-eab5-4bf7-91d2-28f5c474551d","statusCode":200,"elapsedMs":31}
{"component":"player-command","phase":"request","correlationId":"23fec3ba-c3a0-4166-a5da-c0f4fe276bbc"}
{"component":"player-command","phase":"authorization","correlationId":"23fec3ba-c3a0-4166-a5da-c0f4fe276bbc","outcome":"allowed"}
{"component":"player-command","phase":"response","correlationId":"23fec3ba-c3a0-4166-a5da-c0f4fe276bbc","statusCode":200,"elapsedMs":68}
{"component":"player-command","phase":"request","correlationId":"06795306-8b0f-4e2e-96d7-cc9a7a923985"}
{"component":"player-command","phase":"authorization","correlationId":"06795306-8b0f-4e2e-96d7-cc9a7a923985","outcome":"allowed"}
{"component":"player-command","phase":"command","correlationId":"06795306-8b0f-4e2e-96d7-cc9a7a923985"}
{"component":"player-command","phase":"mutation","correlationId":"06795306-8b0f-4e2e-96d7-cc9a7a923985","outcome":"completed","replayed":false}
{"component":"player-command","phase":"consequence","correlationId":"06795306-8b0f-4e2e-96d7-cc9a7a923985","replayed":false,"changes":1}
{"component":"player-command","phase":"opportunity","correlationId":"06795306-8b0f-4e2e-96d7-cc9a7a923985","replayed":false,"changes":1}
{"component":"player-command","phase":"response","correlationId":"06795306-8b0f-4e2e-96d7-cc9a7a923985","statusCode":200,"elapsedMs":76}
{"component":"player-command","phase":"request","correlationId":"411d5af1-5e7c-4b95-a085-d399cfaafee8"}
{"component":"player-command","phase":"authorization","correlationId":"411d5af1-5e7c-4b95-a085-d399cfaafee8","outcome":"allowed"}
{"component":"player-command","phase":"command","correlationId":"411d5af1-5e7c-4b95-a085-d399cfaafee8"}
{"component":"player-command","phase":"mutation","correlationId":"411d5af1-5e7c-4b95-a085-d399cfaafee8","outcome":"completed","replayed":true}
{"component":"player-command","phase":"consequence","correlationId":"411d5af1-5e7c-4b95-a085-d399cfaafee8","replayed":true,"changes":0}
{"component":"player-command","phase":"opportunity","correlationId":"411d5af1-5e7c-4b95-a085-d399cfaafee8","replayed":true,"changes":0}
{"component":"player-command","phase":"response","correlationId":"411d5af1-5e7c-4b95-a085-d399cfaafee8","statusCode":200,"elapsedMs":30}
{"component":"player-command","phase":"request","correlationId":"702cb3b9-aca5-4c0a-9a5c-329e78dc1a93"}
{"component":"player-command","phase":"authorization","correlationId":"702cb3b9-aca5-4c0a-9a5c-329e78dc1a93","outcome":"allowed"}
{"component":"player-command","phase":"response","correlationId":"702cb3b9-aca5-4c0a-9a5c-329e78dc1a93","statusCode":200,"elapsedMs":68}
{"component":"player-command","phase":"request","correlationId":"0a18aa8b-5533-48ba-95d2-776409cba834"}
{"component":"player-command","phase":"authorization","correlationId":"0a18aa8b-5533-48ba-95d2-776409cba834","outcome":"allowed"}
{"component":"player-command","phase":"command","correlationId":"0a18aa8b-5533-48ba-95d2-776409cba834"}
{"component":"player-command","phase":"mutation","correlationId":"0a18aa8b-5533-48ba-95d2-776409cba834","outcome":"completed","replayed":false}
{"component":"player-command","phase":"consequence","correlationId":"0a18aa8b-5533-48ba-95d2-776409cba834","replayed":false,"changes":1}
{"component":"player-command","phase":"opportunity","correlationId":"0a18aa8b-5533-48ba-95d2-776409cba834","replayed":false,"changes":1}
{"component":"player-command","phase":"response","correlationId":"0a18aa8b-5533-48ba-95d2-776409cba834","statusCode":200,"elapsedMs":80}
{"component":"player-command","phase":"request","correlationId":"f096e490-4241-429e-8b2a-66cea2ae4190"}
{"component":"player-command","phase":"authorization","correlationId":"f096e490-4241-429e-8b2a-66cea2ae4190","outcome":"allowed"}
{"component":"player-command","phase":"command","correlationId":"f096e490-4241-429e-8b2a-66cea2ae4190"}
{"component":"player-command","phase":"mutation","correlationId":"f096e490-4241-429e-8b2a-66cea2ae4190","outcome":"completed","replayed":true}
{"component":"player-command","phase":"consequence","correlationId":"f096e490-4241-429e-8b2a-66cea2ae4190","replayed":true,"changes":0}
{"component":"player-command","phase":"opportunity","correlationId":"f096e490-4241-429e-8b2a-66cea2ae4190","replayed":true,"changes":0}
{"component":"player-command","phase":"response","correlationId":"f096e490-4241-429e-8b2a-66cea2ae4190","statusCode":200,"elapsedMs":40}
{"component":"player-command","phase":"request","correlationId":"0c366fb0-5089-46dd-88b4-c952c1adbfb4"}
{"component":"player-command","phase":"authorization","correlationId":"0c366fb0-5089-46dd-88b4-c952c1adbfb4","outcome":"allowed"}
{"component":"player-command","phase":"response","correlationId":"0c366fb0-5089-46dd-88b4-c952c1adbfb4","statusCode":200,"elapsedMs":87}
{"component":"player-command","phase":"request","correlationId":"6ecaed59-4bad-434b-9f7a-b3f2b886fc31"}
{"component":"player-command","phase":"authorization","correlationId":"6ecaed59-4bad-434b-9f7a-b3f2b886fc31","outcome":"allowed"}
{"component":"player-command","phase":"command","correlationId":"6ecaed59-4bad-434b-9f7a-b3f2b886fc31"}
{"component":"player-command","phase":"mutation","correlationId":"6ecaed59-4bad-434b-9f7a-b3f2b886fc31","outcome":"completed","replayed":false}
{"component":"player-command","phase":"consequence","correlationId":"6ecaed59-4bad-434b-9f7a-b3f2b886fc31","replayed":false,"changes":1}
{"component":"player-command","phase":"opportunity","correlationId":"6ecaed59-4bad-434b-9f7a-b3f2b886fc31","replayed":false,"changes":1}
{"component":"player-command","phase":"response","correlationId":"6ecaed59-4bad-434b-9f7a-b3f2b886fc31","statusCode":200,"elapsedMs":112}
{"component":"player-command","phase":"request","correlationId":"4cbe205f-ed4c-4981-bfe9-2b5e7283a0a4"}
{"component":"player-command","phase":"authorization","correlationId":"4cbe205f-ed4c-4981-bfe9-2b5e7283a0a4","outcome":"allowed"}
{"component":"player-command","phase":"command","correlationId":"4cbe205f-ed4c-4981-bfe9-2b5e7283a0a4"}
{"component":"player-command","phase":"mutation","correlationId":"4cbe205f-ed4c-4981-bfe9-2b5e7283a0a4","outcome":"completed","replayed":true}
{"component":"player-command","phase":"consequence","correlationId":"4cbe205f-ed4c-4981-bfe9-2b5e7283a0a4","replayed":true,"changes":0}
{"component":"player-command","phase":"opportunity","correlationId":"4cbe205f-ed4c-4981-bfe9-2b5e7283a0a4","replayed":true,"changes":0}
{"component":"player-command","phase":"response","correlationId":"4cbe205f-ed4c-4981-bfe9-2b5e7283a0a4","statusCode":200,"elapsedMs":36}
{"component":"player-command","phase":"request","correlationId":"6933e50f-1498-4aad-8aea-a8fea1812b4e"}
{"component":"player-command","phase":"authorization","correlationId":"6933e50f-1498-4aad-8aea-a8fea1812b4e","outcome":"allowed"}
{"component":"player-command","phase":"response","correlationId":"6933e50f-1498-4aad-8aea-a8fea1812b4e","statusCode":200,"elapsedMs":76}
{"component":"player-command","phase":"request","correlationId":"a0ed995c-25b3-4c48-bd90-9604d52e44dd"}
{"component":"player-command","phase":"authorization","correlationId":"a0ed995c-25b3-4c48-bd90-9604d52e44dd","outcome":"allowed"}
{"component":"player-command","phase":"command","correlationId":"a0ed995c-25b3-4c48-bd90-9604d52e44dd"}
{"component":"player-command","phase":"mutation","correlationId":"a0ed995c-25b3-4c48-bd90-9604d52e44dd","outcome":"completed","replayed":false}
{"component":"player-command","phase":"consequence","correlationId":"a0ed995c-25b3-4c48-bd90-9604d52e44dd","replayed":false,"changes":1}
{"component":"player-command","phase":"opportunity","correlationId":"a0ed995c-25b3-4c48-bd90-9604d52e44dd","replayed":false,"changes":1}
{"component":"player-command","phase":"response","correlationId":"a0ed995c-25b3-4c48-bd90-9604d52e44dd","statusCode":200,"elapsedMs":91}
{"component":"player-command","phase":"request","correlationId":"c7b30cf6-9fa0-4a89-8b7b-36fecdf8ef93"}
{"component":"player-command","phase":"authorization","correlationId":"c7b30cf6-9fa0-4a89-8b7b-36fecdf8ef93","outcome":"allowed"}
{"component":"player-command","phase":"command","correlationId":"c7b30cf6-9fa0-4a89-8b7b-36fecdf8ef93"}
{"component":"player-command","phase":"mutation","correlationId":"c7b30cf6-9fa0-4a89-8b7b-36fecdf8ef93","outcome":"completed","replayed":true}
{"component":"player-command","phase":"consequence","correlationId":"c7b30cf6-9fa0-4a89-8b7b-36fecdf8ef93","replayed":true,"changes":0}
{"component":"player-command","phase":"opportunity","correlationId":"c7b30cf6-9fa0-4a89-8b7b-36fecdf8ef93","replayed":true,"changes":0}
{"component":"player-command","phase":"response","correlationId":"c7b30cf6-9fa0-4a89-8b7b-36fecdf8ef93","statusCode":200,"elapsedMs":38}
{"component":"player-command","phase":"request","correlationId":"2494952c-a208-4640-8281-975d235ec1aa"}
{"component":"player-command","phase":"authorization","correlationId":"2494952c-a208-4640-8281-975d235ec1aa","outcome":"allowed"}
{"component":"player-command","phase":"response","correlationId":"2494952c-a208-4640-8281-975d235ec1aa","statusCode":200,"elapsedMs":67}
{"component":"player-command","phase":"request","correlationId":"eb3a79eb-7df6-4b99-9301-d8d236d8d925"}
{"component":"player-command","phase":"authorization","correlationId":"eb3a79eb-7df6-4b99-9301-d8d236d8d925","outcome":"allowed"}
{"component":"player-command","phase":"command","correlationId":"eb3a79eb-7df6-4b99-9301-d8d236d8d925"}
{"component":"player-command","phase":"mutation","correlationId":"eb3a79eb-7df6-4b99-9301-d8d236d8d925","outcome":"completed","replayed":false}
{"component":"player-command","phase":"consequence","correlationId":"eb3a79eb-7df6-4b99-9301-d8d236d8d925","replayed":false,"changes":1}
{"component":"player-command","phase":"opportunity","correlationId":"eb3a79eb-7df6-4b99-9301-d8d236d8d925","replayed":false,"changes":1}
{"component":"player-command","phase":"response","correlationId":"eb3a79eb-7df6-4b99-9301-d8d236d8d925","statusCode":200,"elapsedMs":75}
{"component":"player-command","phase":"request","correlationId":"a809bf37-4772-4b51-b923-a934036ede65"}
{"component":"player-command","phase":"authorization","correlationId":"a809bf37-4772-4b51-b923-a934036ede65","outcome":"allowed"}
{"component":"player-command","phase":"command","correlationId":"a809bf37-4772-4b51-b923-a934036ede65"}
{"component":"player-command","phase":"mutation","correlationId":"a809bf37-4772-4b51-b923-a934036ede65","outcome":"completed","replayed":true}
{"component":"player-command","phase":"consequence","correlationId":"a809bf37-4772-4b51-b923-a934036ede65","replayed":true,"changes":0}
{"component":"player-command","phase":"opportunity","correlationId":"a809bf37-4772-4b51-b923-a934036ede65","replayed":true,"changes":0}
{"component":"player-command","phase":"response","correlationId":"a809bf37-4772-4b51-b923-a934036ede65","statusCode":200,"elapsedMs":42}
{"component":"player-command","phase":"request","correlationId":"83566cfb-47a3-4b22-9cbc-57ab666f19d5"}
{"component":"player-command","phase":"authorization","correlationId":"83566cfb-47a3-4b22-9cbc-57ab666f19d5","outcome":"allowed"}
{"component":"player-command","phase":"response","correlationId":"83566cfb-47a3-4b22-9cbc-57ab666f19d5","statusCode":200,"elapsedMs":79}
{"component":"player-command","phase":"request","correlationId":"92678a3e-ce70-4bce-b2a6-8a5cd0423d89"}
{"component":"player-command","phase":"authorization","correlationId":"92678a3e-ce70-4bce-b2a6-8a5cd0423d89","outcome":"allowed"}
{"component":"player-command","phase":"command","correlationId":"92678a3e-ce70-4bce-b2a6-8a5cd0423d89"}
{"component":"player-command","phase":"mutation","correlationId":"92678a3e-ce70-4bce-b2a6-8a5cd0423d89","outcome":"completed","replayed":false}
{"component":"player-command","phase":"consequence","correlationId":"92678a3e-ce70-4bce-b2a6-8a5cd0423d89","replayed":false,"changes":1}
{"component":"player-command","phase":"opportunity","correlationId":"92678a3e-ce70-4bce-b2a6-8a5cd0423d89","replayed":false,"changes":1}
{"component":"player-command","phase":"response","correlationId":"92678a3e-ce70-4bce-b2a6-8a5cd0423d89","statusCode":200,"elapsedMs":90}
{"component":"player-command","phase":"request","correlationId":"520b005f-948d-4d3c-98d1-3a629c8606e0"}
{"component":"player-command","phase":"authorization","correlationId":"520b005f-948d-4d3c-98d1-3a629c8606e0","outcome":"allowed"}
{"component":"player-command","phase":"command","correlationId":"520b005f-948d-4d3c-98d1-3a629c8606e0"}
{"component":"player-command","phase":"mutation","correlationId":"520b005f-948d-4d3c-98d1-3a629c8606e0","outcome":"completed","replayed":true}
{"component":"player-command","phase":"consequence","correlationId":"520b005f-948d-4d3c-98d1-3a629c8606e0","replayed":true,"changes":0}
{"component":"player-command","phase":"opportunity","correlationId":"520b005f-948d-4d3c-98d1-3a629c8606e0","replayed":true,"changes":0}
{"component":"player-command","phase":"response","correlationId":"520b005f-948d-4d3c-98d1-3a629c8606e0","statusCode":200,"elapsedMs":30}
{"component":"player-command","phase":"request","correlationId":"015de564-bcf5-4761-a380-e311b06d6284"}
{"component":"player-command","phase":"authorization","correlationId":"015de564-bcf5-4761-a380-e311b06d6284","outcome":"allowed"}
{"component":"player-command","phase":"response","correlationId":"015de564-bcf5-4761-a380-e311b06d6284","statusCode":200,"elapsedMs":67}
{"component":"player-command","phase":"request","correlationId":"cf9a1dd1-1c38-42e7-8c0e-7a29c51a637c"}
{"component":"player-command","phase":"authorization","correlationId":"cf9a1dd1-1c38-42e7-8c0e-7a29c51a637c","outcome":"allowed"}
{"component":"player-command","phase":"command","correlationId":"cf9a1dd1-1c38-42e7-8c0e-7a29c51a637c"}
{"component":"player-command","phase":"mutation","correlationId":"cf9a1dd1-1c38-42e7-8c0e-7a29c51a637c","outcome":"completed","replayed":false}
{"component":"player-command","phase":"consequence","correlationId":"cf9a1dd1-1c38-42e7-8c0e-7a29c51a637c","replayed":false,"changes":1}
{"component":"player-command","phase":"opportunity","correlationId":"cf9a1dd1-1c38-42e7-8c0e-7a29c51a637c","replayed":false,"changes":1}
{"component":"player-command","phase":"response","correlationId":"cf9a1dd1-1c38-42e7-8c0e-7a29c51a637c","statusCode":200,"elapsedMs":72}
{"component":"player-command","phase":"request","correlationId":"de1c5e16-69ad-44d4-9319-86d6235fa15d"}
{"component":"player-command","phase":"authorization","correlationId":"de1c5e16-69ad-44d4-9319-86d6235fa15d","outcome":"allowed"}
{"component":"player-command","phase":"command","correlationId":"de1c5e16-69ad-44d4-9319-86d6235fa15d"}
{"component":"player-command","phase":"mutation","correlationId":"de1c5e16-69ad-44d4-9319-86d6235fa15d","outcome":"completed","replayed":true}
{"component":"player-command","phase":"consequence","correlationId":"de1c5e16-69ad-44d4-9319-86d6235fa15d","replayed":true,"changes":0}
{"component":"player-command","phase":"opportunity","correlationId":"de1c5e16-69ad-44d4-9319-86d6235fa15d","replayed":true,"changes":0}
{"component":"player-command","phase":"response","correlationId":"de1c5e16-69ad-44d4-9319-86d6235fa15d","statusCode":200,"elapsedMs":30}
{"component":"player-command","phase":"request","correlationId":"2d7102fc-5e15-4a99-90ce-4b7ed70c146a"}
{"component":"player-command","phase":"authorization","correlationId":"2d7102fc-5e15-4a99-90ce-4b7ed70c146a","outcome":"allowed"}
{"component":"player-command","phase":"response","correlationId":"2d7102fc-5e15-4a99-90ce-4b7ed70c146a","statusCode":200,"elapsedMs":65}
{"component":"player-command","phase":"request","correlationId":"c79ab26a-a330-4eff-85e1-b46bf0bfc8fb"}
{"component":"player-command","phase":"authorization","correlationId":"c79ab26a-a330-4eff-85e1-b46bf0bfc8fb","outcome":"allowed"}
{"component":"player-command","phase":"command","correlationId":"c79ab26a-a330-4eff-85e1-b46bf0bfc8fb"}
{"component":"player-command","phase":"mutation","correlationId":"c79ab26a-a330-4eff-85e1-b46bf0bfc8fb","outcome":"completed","replayed":false}
{"component":"player-command","phase":"consequence","correlationId":"c79ab26a-a330-4eff-85e1-b46bf0bfc8fb","replayed":false,"changes":1}
{"component":"player-command","phase":"opportunity","correlationId":"c79ab26a-a330-4eff-85e1-b46bf0bfc8fb","replayed":false,"changes":1}
{"component":"player-command","phase":"response","correlationId":"c79ab26a-a330-4eff-85e1-b46bf0bfc8fb","statusCode":200,"elapsedMs":162}
{"component":"player-command","phase":"request","correlationId":"75a15d40-f50f-4d4e-81ee-383a644fb113"}
{"component":"player-command","phase":"authorization","correlationId":"75a15d40-f50f-4d4e-81ee-383a644fb113","outcome":"allowed"}
{"component":"player-command","phase":"command","correlationId":"75a15d40-f50f-4d4e-81ee-383a644fb113"}
{"component":"player-command","phase":"mutation","correlationId":"75a15d40-f50f-4d4e-81ee-383a644fb113","outcome":"completed","replayed":true}
{"component":"player-command","phase":"consequence","correlationId":"75a15d40-f50f-4d4e-81ee-383a644fb113","replayed":true,"changes":0}
{"component":"player-command","phase":"opportunity","correlationId":"75a15d40-f50f-4d4e-81ee-383a644fb113","replayed":true,"changes":0}
{"component":"player-command","phase":"response","correlationId":"75a15d40-f50f-4d4e-81ee-383a644fb113","statusCode":200,"elapsedMs":29}
{"component":"player-command","phase":"request","correlationId":"ed383d8f-f286-4f5a-a197-2b282d5846ab"}
{"component":"player-command","phase":"authorization","correlationId":"ed383d8f-f286-4f5a-a197-2b282d5846ab","outcome":"allowed"}
{"component":"player-command","phase":"response","correlationId":"ed383d8f-f286-4f5a-a197-2b282d5846ab","statusCode":200,"elapsedMs":68}
{"component":"player-command","phase":"request","correlationId":"63c1a5cb-ea6d-4345-9a0a-2948a229cdd2"}
{"component":"player-command","phase":"authorization","correlationId":"63c1a5cb-ea6d-4345-9a0a-2948a229cdd2","outcome":"allowed"}
{"component":"player-command","phase":"command","correlationId":"63c1a5cb-ea6d-4345-9a0a-2948a229cdd2"}
{"component":"player-command","phase":"mutation","correlationId":"63c1a5cb-ea6d-4345-9a0a-2948a229cdd2","outcome":"completed","replayed":false}
{"component":"player-command","phase":"consequence","correlationId":"63c1a5cb-ea6d-4345-9a0a-2948a229cdd2","replayed":false,"changes":1}
{"component":"player-command","phase":"opportunity","correlationId":"63c1a5cb-ea6d-4345-9a0a-2948a229cdd2","replayed":false,"changes":1}
{"component":"player-command","phase":"response","correlationId":"63c1a5cb-ea6d-4345-9a0a-2948a229cdd2","statusCode":200,"elapsedMs":75}
{"component":"player-command","phase":"request","correlationId":"288ceb9a-6bb6-4c10-978b-c5f8ce6a9693"}
{"component":"player-command","phase":"authorization","correlationId":"288ceb9a-6bb6-4c10-978b-c5f8ce6a9693","outcome":"allowed"}
{"component":"player-command","phase":"command","correlationId":"288ceb9a-6bb6-4c10-978b-c5f8ce6a9693"}
{"component":"player-command","phase":"mutation","correlationId":"288ceb9a-6bb6-4c10-978b-c5f8ce6a9693","outcome":"completed","replayed":true}
{"component":"player-command","phase":"consequence","correlationId":"288ceb9a-6bb6-4c10-978b-c5f8ce6a9693","replayed":true,"changes":0}
{"component":"player-command","phase":"opportunity","correlationId":"288ceb9a-6bb6-4c10-978b-c5f8ce6a9693","replayed":true,"changes":0}
{"component":"player-command","phase":"response","correlationId":"288ceb9a-6bb6-4c10-978b-c5f8ce6a9693","statusCode":200,"elapsedMs":28}
{"component":"player-command","phase":"request","correlationId":"b80b54cb-290f-4ed5-9ac8-b75edc39b1f6"}
{"component":"player-command","phase":"authorization","correlationId":"b80b54cb-290f-4ed5-9ac8-b75edc39b1f6","outcome":"allowed"}
{"component":"player-command","phase":"response","correlationId":"b80b54cb-290f-4ed5-9ac8-b75edc39b1f6","statusCode":200,"elapsedMs":68}
{"component":"player-command","phase":"request","correlationId":"ec41a4b7-b9ae-4713-bda1-0061d58cf123"}
{"component":"player-command","phase":"authorization","correlationId":"ec41a4b7-b9ae-4713-bda1-0061d58cf123","outcome":"allowed"}
{"component":"player-command","phase":"command","correlationId":"ec41a4b7-b9ae-4713-bda1-0061d58cf123"}
{"component":"player-command","phase":"mutation","correlationId":"ec41a4b7-b9ae-4713-bda1-0061d58cf123","outcome":"completed","replayed":false}
{"component":"player-command","phase":"consequence","correlationId":"ec41a4b7-b9ae-4713-bda1-0061d58cf123","replayed":false,"changes":1}
{"component":"player-command","phase":"opportunity","correlationId":"ec41a4b7-b9ae-4713-bda1-0061d58cf123","replayed":false,"changes":1}
{"component":"player-command","phase":"response","correlationId":"ec41a4b7-b9ae-4713-bda1-0061d58cf123","statusCode":200,"elapsedMs":76}
{"component":"player-command","phase":"request","correlationId":"1b49a344-e45d-448e-8743-5e7d519765b1"}
{"component":"player-command","phase":"authorization","correlationId":"1b49a344-e45d-448e-8743-5e7d519765b1","outcome":"allowed"}
{"component":"player-command","phase":"command","correlationId":"1b49a344-e45d-448e-8743-5e7d519765b1"}
{"component":"player-command","phase":"mutation","correlationId":"1b49a344-e45d-448e-8743-5e7d519765b1","outcome":"completed","replayed":true}
{"component":"player-command","phase":"consequence","correlationId":"1b49a344-e45d-448e-8743-5e7d519765b1","replayed":true,"changes":0}
{"component":"player-command","phase":"opportunity","correlationId":"1b49a344-e45d-448e-8743-5e7d519765b1","replayed":true,"changes":0}
{"component":"player-command","phase":"response","correlationId":"1b49a344-e45d-448e-8743-5e7d519765b1","statusCode":200,"elapsedMs":30}
{"component":"player-command","phase":"request","correlationId":"8c8c9a46-e257-4219-a211-e17547631424"}
{"component":"player-command","phase":"authorization","correlationId":"8c8c9a46-e257-4219-a211-e17547631424","outcome":"allowed"}
{"component":"player-command","phase":"response","correlationId":"8c8c9a46-e257-4219-a211-e17547631424","statusCode":200,"elapsedMs":70}
{"component":"player-command","phase":"request","correlationId":"2986c8bf-9027-401c-b161-424ce77a7d5d"}
{"component":"player-command","phase":"authorization","correlationId":"2986c8bf-9027-401c-b161-424ce77a7d5d","outcome":"allowed"}
{"component":"player-command","phase":"command","correlationId":"2986c8bf-9027-401c-b161-424ce77a7d5d"}
{"component":"player-command","phase":"mutation","correlationId":"2986c8bf-9027-401c-b161-424ce77a7d5d","outcome":"completed","replayed":false}
{"component":"player-command","phase":"consequence","correlationId":"2986c8bf-9027-401c-b161-424ce77a7d5d","replayed":false,"changes":1}
{"component":"player-command","phase":"opportunity","correlationId":"2986c8bf-9027-401c-b161-424ce77a7d5d","replayed":false,"changes":1}
{"component":"player-command","phase":"response","correlationId":"2986c8bf-9027-401c-b161-424ce77a7d5d","statusCode":200,"elapsedMs":85}
{"component":"player-command","phase":"request","correlationId":"81268a22-095d-4e35-a7f2-5433f49e5ded"}
{"component":"player-command","phase":"authorization","correlationId":"81268a22-095d-4e35-a7f2-5433f49e5ded","outcome":"allowed"}
{"component":"player-command","phase":"command","correlationId":"81268a22-095d-4e35-a7f2-5433f49e5ded"}
{"component":"player-command","phase":"mutation","correlationId":"81268a22-095d-4e35-a7f2-5433f49e5ded","outcome":"completed","replayed":true}
{"component":"player-command","phase":"consequence","correlationId":"81268a22-095d-4e35-a7f2-5433f49e5ded","replayed":true,"changes":0}
{"component":"player-command","phase":"opportunity","correlationId":"81268a22-095d-4e35-a7f2-5433f49e5ded","replayed":true,"changes":0}
{"component":"player-command","phase":"response","correlationId":"81268a22-095d-4e35-a7f2-5433f49e5ded","statusCode":200,"elapsedMs":31}
{"component":"player-command","phase":"request","correlationId":"9ea9dd2a-a7ca-4cc3-8583-f173a64a368d"}
{"component":"player-command","phase":"authorization","correlationId":"9ea9dd2a-a7ca-4cc3-8583-f173a64a368d","outcome":"allowed"}
{"component":"player-command","phase":"response","correlationId":"9ea9dd2a-a7ca-4cc3-8583-f173a64a368d","statusCode":200,"elapsedMs":68}
{"component":"player-command","phase":"request","correlationId":"fd60838d-364b-488b-8264-0127c90a2fdc"}
{"component":"player-command","phase":"authorization","correlationId":"fd60838d-364b-488b-8264-0127c90a2fdc","outcome":"allowed"}
{"component":"player-command","phase":"command","correlationId":"fd60838d-364b-488b-8264-0127c90a2fdc"}
{"component":"player-command","phase":"mutation","correlationId":"fd60838d-364b-488b-8264-0127c90a2fdc","outcome":"completed","replayed":false}
{"component":"player-command","phase":"consequence","correlationId":"fd60838d-364b-488b-8264-0127c90a2fdc","replayed":false,"changes":1}
{"component":"player-command","phase":"opportunity","correlationId":"fd60838d-364b-488b-8264-0127c90a2fdc","replayed":false,"changes":1}
{"component":"player-command","phase":"response","correlationId":"fd60838d-364b-488b-8264-0127c90a2fdc","statusCode":200,"elapsedMs":80}
{"component":"player-command","phase":"request","correlationId":"2057d9a4-ca38-4a53-932b-d039919568c8"}
{"component":"player-command","phase":"authorization","correlationId":"2057d9a4-ca38-4a53-932b-d039919568c8","outcome":"allowed"}
{"component":"player-command","phase":"command","correlationId":"2057d9a4-ca38-4a53-932b-d039919568c8"}
{"component":"player-command","phase":"mutation","correlationId":"2057d9a4-ca38-4a53-932b-d039919568c8","outcome":"completed","replayed":true}
{"component":"player-command","phase":"consequence","correlationId":"2057d9a4-ca38-4a53-932b-d039919568c8","replayed":true,"changes":0}
{"component":"player-command","phase":"opportunity","correlationId":"2057d9a4-ca38-4a53-932b-d039919568c8","replayed":true,"changes":0}
{"component":"player-command","phase":"response","correlationId":"2057d9a4-ca38-4a53-932b-d039919568c8","statusCode":200,"elapsedMs":29}
{"component":"player-command","phase":"request","correlationId":"1e308cf6-567a-4bcf-8e9d-2dfea7e43776"}
{"component":"player-command","phase":"authorization","correlationId":"1e308cf6-567a-4bcf-8e9d-2dfea7e43776","outcome":"allowed"}
{"component":"player-command","phase":"response","correlationId":"1e308cf6-567a-4bcf-8e9d-2dfea7e43776","statusCode":200,"elapsedMs":68}
{"component":"player-command","phase":"request","correlationId":"97742e44-cb52-4027-8bee-8d6b8c33711d"}
{"component":"player-command","phase":"authorization","correlationId":"97742e44-cb52-4027-8bee-8d6b8c33711d","outcome":"allowed"}
{"component":"player-command","phase":"command","correlationId":"97742e44-cb52-4027-8bee-8d6b8c33711d"}
{"component":"player-command","phase":"mutation","correlationId":"97742e44-cb52-4027-8bee-8d6b8c33711d","outcome":"completed","replayed":false}
{"component":"player-command","phase":"consequence","correlationId":"97742e44-cb52-4027-8bee-8d6b8c33711d","replayed":false,"changes":1}
{"component":"player-command","phase":"opportunity","correlationId":"97742e44-cb52-4027-8bee-8d6b8c33711d","replayed":false,"changes":1}
{"component":"player-command","phase":"response","correlationId":"97742e44-cb52-4027-8bee-8d6b8c33711d","statusCode":200,"elapsedMs":71}
{"component":"player-command","phase":"request","correlationId":"b17c959d-811d-4b85-b3ee-3bda5959a0c4"}
{"component":"player-command","phase":"authorization","correlationId":"b17c959d-811d-4b85-b3ee-3bda5959a0c4","outcome":"allowed"}
{"component":"player-command","phase":"command","correlationId":"b17c959d-811d-4b85-b3ee-3bda5959a0c4"}
{"component":"player-command","phase":"mutation","correlationId":"b17c959d-811d-4b85-b3ee-3bda5959a0c4","outcome":"completed","replayed":true}
{"component":"player-command","phase":"consequence","correlationId":"b17c959d-811d-4b85-b3ee-3bda5959a0c4","replayed":true,"changes":0}
{"component":"player-command","phase":"opportunity","correlationId":"b17c959d-811d-4b85-b3ee-3bda5959a0c4","replayed":true,"changes":0}
{"component":"player-command","phase":"response","correlationId":"b17c959d-811d-4b85-b3ee-3bda5959a0c4","statusCode":200,"elapsedMs":31}
{"component":"player-command","phase":"request","correlationId":"b8cd9f9e-c594-4ae2-80e2-1252925d0c2e"}
{"component":"player-command","phase":"authorization","correlationId":"b8cd9f9e-c594-4ae2-80e2-1252925d0c2e","outcome":"allowed"}
{"component":"player-command","phase":"response","correlationId":"b8cd9f9e-c594-4ae2-80e2-1252925d0c2e","statusCode":200,"elapsedMs":72}
{"component":"player-command","phase":"request","correlationId":"cfa16f37-2c03-4efd-8927-63b32e5411f6"}
{"component":"player-command","phase":"authorization","correlationId":"cfa16f37-2c03-4efd-8927-63b32e5411f6","outcome":"allowed"}
{"component":"player-command","phase":"command","correlationId":"cfa16f37-2c03-4efd-8927-63b32e5411f6"}
{"component":"player-command","phase":"mutation","correlationId":"cfa16f37-2c03-4efd-8927-63b32e5411f6","outcome":"completed","replayed":false}
{"component":"player-command","phase":"consequence","correlationId":"cfa16f37-2c03-4efd-8927-63b32e5411f6","replayed":false,"changes":1}
{"component":"player-command","phase":"opportunity","correlationId":"cfa16f37-2c03-4efd-8927-63b32e5411f6","replayed":false,"changes":1}
{"component":"player-command","phase":"response","correlationId":"cfa16f37-2c03-4efd-8927-63b32e5411f6","statusCode":200,"elapsedMs":77}
{"component":"player-command","phase":"request","correlationId":"305142e0-7fc8-4f0f-96b8-ec9d1e5b2c3e"}
{"component":"player-command","phase":"authorization","correlationId":"305142e0-7fc8-4f0f-96b8-ec9d1e5b2c3e","outcome":"allowed"}
{"component":"player-command","phase":"command","correlationId":"305142e0-7fc8-4f0f-96b8-ec9d1e5b2c3e"}
{"component":"player-command","phase":"mutation","correlationId":"305142e0-7fc8-4f0f-96b8-ec9d1e5b2c3e","outcome":"completed","replayed":true}
{"component":"player-command","phase":"consequence","correlationId":"305142e0-7fc8-4f0f-96b8-ec9d1e5b2c3e","replayed":true,"changes":0}
{"component":"player-command","phase":"opportunity","correlationId":"305142e0-7fc8-4f0f-96b8-ec9d1e5b2c3e","replayed":true,"changes":0}
{"component":"player-command","phase":"response","correlationId":"305142e0-7fc8-4f0f-96b8-ec9d1e5b2c3e","statusCode":200,"elapsedMs":31}
{"component":"player-command","phase":"request","correlationId":"56d19729-abf1-4223-8a77-dd03b39eb8d4"}
{"component":"player-command","phase":"authorization","correlationId":"56d19729-abf1-4223-8a77-dd03b39eb8d4","outcome":"allowed"}
{"component":"player-command","phase":"response","correlationId":"56d19729-abf1-4223-8a77-dd03b39eb8d4","statusCode":200,"elapsedMs":70}
{"component":"player-command","phase":"request","correlationId":"77568108-82d4-402d-b12b-1d5b425600a3"}
{"component":"player-command","phase":"authorization","correlationId":"77568108-82d4-402d-b12b-1d5b425600a3","outcome":"allowed"}
{"component":"player-command","phase":"command","correlationId":"77568108-82d4-402d-b12b-1d5b425600a3"}
{"component":"player-command","phase":"mutation","correlationId":"77568108-82d4-402d-b12b-1d5b425600a3","outcome":"completed","replayed":false}
{"component":"player-command","phase":"consequence","correlationId":"77568108-82d4-402d-b12b-1d5b425600a3","replayed":false,"changes":1}
{"component":"player-command","phase":"opportunity","correlationId":"77568108-82d4-402d-b12b-1d5b425600a3","replayed":false,"changes":1}
{"component":"player-command","phase":"response","correlationId":"77568108-82d4-402d-b12b-1d5b425600a3","statusCode":200,"elapsedMs":77}
{"component":"player-command","phase":"request","correlationId":"a0df8b80-9a34-4313-a82a-0e1622a7743f"}
{"component":"player-command","phase":"authorization","correlationId":"a0df8b80-9a34-4313-a82a-0e1622a7743f","outcome":"allowed"}
{"component":"player-command","phase":"command","correlationId":"a0df8b80-9a34-4313-a82a-0e1622a7743f"}
{"component":"player-command","phase":"mutation","correlationId":"a0df8b80-9a34-4313-a82a-0e1622a7743f","outcome":"completed","replayed":true}
{"component":"player-command","phase":"consequence","correlationId":"a0df8b80-9a34-4313-a82a-0e1622a7743f","replayed":true,"changes":0}
{"component":"player-command","phase":"opportunity","correlationId":"a0df8b80-9a34-4313-a82a-0e1622a7743f","replayed":true,"changes":0}
{"component":"player-command","phase":"response","correlationId":"a0df8b80-9a34-4313-a82a-0e1622a7743f","statusCode":200,"elapsedMs":27}
{"component":"player-command","phase":"request","correlationId":"7c9e9d48-2c56-49cc-9d3e-316a40b444e3"}
{"component":"player-command","phase":"authorization","correlationId":"7c9e9d48-2c56-49cc-9d3e-316a40b444e3","outcome":"allowed"}
{"component":"player-command","phase":"response","correlationId":"7c9e9d48-2c56-49cc-9d3e-316a40b444e3","statusCode":200,"elapsedMs":61}
{"component":"player-command","phase":"request","correlationId":"97452023-5c31-494b-8ec3-c5c3e2f243c2"}
{"component":"player-command","phase":"authorization","correlationId":"97452023-5c31-494b-8ec3-c5c3e2f243c2","outcome":"allowed"}
{"component":"player-command","phase":"command","correlationId":"97452023-5c31-494b-8ec3-c5c3e2f243c2"}
{"component":"player-command","phase":"mutation","correlationId":"97452023-5c31-494b-8ec3-c5c3e2f243c2","outcome":"completed","replayed":false}
{"component":"player-command","phase":"consequence","correlationId":"97452023-5c31-494b-8ec3-c5c3e2f243c2","replayed":false,"changes":1}
{"component":"player-command","phase":"opportunity","correlationId":"97452023-5c31-494b-8ec3-c5c3e2f243c2","replayed":false,"changes":1}
{"component":"player-command","phase":"response","correlationId":"97452023-5c31-494b-8ec3-c5c3e2f243c2","statusCode":200,"elapsedMs":77}
{"component":"player-command","phase":"request","correlationId":"f1587c41-dddb-4534-8ea7-db58dffd214c"}
{"component":"player-command","phase":"authorization","correlationId":"f1587c41-dddb-4534-8ea7-db58dffd214c","outcome":"allowed"}
{"component":"player-command","phase":"command","correlationId":"f1587c41-dddb-4534-8ea7-db58dffd214c"}
{"component":"player-command","phase":"mutation","correlationId":"f1587c41-dddb-4534-8ea7-db58dffd214c","outcome":"completed","replayed":true}
{"component":"player-command","phase":"consequence","correlationId":"f1587c41-dddb-4534-8ea7-db58dffd214c","replayed":true,"changes":0}
{"component":"player-command","phase":"opportunity","correlationId":"f1587c41-dddb-4534-8ea7-db58dffd214c","replayed":true,"changes":0}
{"component":"player-command","phase":"response","correlationId":"f1587c41-dddb-4534-8ea7-db58dffd214c","statusCode":200,"elapsedMs":31}
{"component":"player-command","phase":"request","correlationId":"1c64b19f-f5eb-48ba-ba10-9ff5e86213ac"}
{"component":"player-command","phase":"authorization","correlationId":"1c64b19f-f5eb-48ba-ba10-9ff5e86213ac","outcome":"allowed"}
{"component":"player-command","phase":"response","correlationId":"1c64b19f-f5eb-48ba-ba10-9ff5e86213ac","statusCode":200,"elapsedMs":68}
{"component":"player-command","phase":"request","correlationId":"7cd3a5e8-2fb6-44ec-b199-f8cfb6a39926"}
{"component":"player-command","phase":"authorization","correlationId":"7cd3a5e8-2fb6-44ec-b199-f8cfb6a39926","outcome":"allowed"}
{"component":"player-command","phase":"command","correlationId":"7cd3a5e8-2fb6-44ec-b199-f8cfb6a39926"}
{"component":"player-command","phase":"mutation","correlationId":"7cd3a5e8-2fb6-44ec-b199-f8cfb6a39926","outcome":"completed","replayed":false}
{"component":"player-command","phase":"consequence","correlationId":"7cd3a5e8-2fb6-44ec-b199-f8cfb6a39926","replayed":false,"changes":1}
{"component":"player-command","phase":"opportunity","correlationId":"7cd3a5e8-2fb6-44ec-b199-f8cfb6a39926","replayed":false,"changes":1}
{"component":"player-command","phase":"response","correlationId":"7cd3a5e8-2fb6-44ec-b199-f8cfb6a39926","statusCode":200,"elapsedMs":76}
{"component":"player-command","phase":"request","correlationId":"aed06797-fada-4a76-90cf-907ad14599b5"}
{"component":"player-command","phase":"authorization","correlationId":"aed06797-fada-4a76-90cf-907ad14599b5","outcome":"allowed"}
{"component":"player-command","phase":"command","correlationId":"aed06797-fada-4a76-90cf-907ad14599b5"}
{"component":"player-command","phase":"mutation","correlationId":"aed06797-fada-4a76-90cf-907ad14599b5","outcome":"completed","replayed":true}
{"component":"player-command","phase":"consequence","correlationId":"aed06797-fada-4a76-90cf-907ad14599b5","replayed":true,"changes":0}
{"component":"player-command","phase":"opportunity","correlationId":"aed06797-fada-4a76-90cf-907ad14599b5","replayed":true,"changes":0}
{"component":"player-command","phase":"response","correlationId":"aed06797-fada-4a76-90cf-907ad14599b5","statusCode":200,"elapsedMs":29}
{"component":"player-command","phase":"request","correlationId":"ff6603f9-0004-484c-90fc-679f33c629d5"}
{"component":"player-command","phase":"authorization","correlationId":"ff6603f9-0004-484c-90fc-679f33c629d5","outcome":"allowed"}
{"component":"player-command","phase":"response","correlationId":"ff6603f9-0004-484c-90fc-679f33c629d5","statusCode":200,"elapsedMs":79}
{"component":"player-command","phase":"request","correlationId":"22517aa9-4ca0-402e-a2e1-924519f4a830"}
{"component":"player-command","phase":"authorization","correlationId":"22517aa9-4ca0-402e-a2e1-924519f4a830","outcome":"allowed"}
{"component":"player-command","phase":"command","correlationId":"22517aa9-4ca0-402e-a2e1-924519f4a830"}
{"component":"player-command","phase":"mutation","correlationId":"22517aa9-4ca0-402e-a2e1-924519f4a830","outcome":"completed","replayed":false}
{"component":"player-command","phase":"consequence","correlationId":"22517aa9-4ca0-402e-a2e1-924519f4a830","replayed":false,"changes":1}
{"component":"player-command","phase":"opportunity","correlationId":"22517aa9-4ca0-402e-a2e1-924519f4a830","replayed":false,"changes":1}
{"component":"player-command","phase":"response","correlationId":"22517aa9-4ca0-402e-a2e1-924519f4a830","statusCode":200,"elapsedMs":78}
{"component":"player-command","phase":"request","correlationId":"90990580-8e8a-4aaf-b018-a65525e244f6"}
{"component":"player-command","phase":"authorization","correlationId":"90990580-8e8a-4aaf-b018-a65525e244f6","outcome":"allowed"}
{"component":"player-command","phase":"command","correlationId":"90990580-8e8a-4aaf-b018-a65525e244f6"}
{"component":"player-command","phase":"mutation","correlationId":"90990580-8e8a-4aaf-b018-a65525e244f6","outcome":"completed","replayed":true}
{"component":"player-command","phase":"consequence","correlationId":"90990580-8e8a-4aaf-b018-a65525e244f6","replayed":true,"changes":0}
{"component":"player-command","phase":"opportunity","correlationId":"90990580-8e8a-4aaf-b018-a65525e244f6","replayed":true,"changes":0}
{"component":"player-command","phase":"response","correlationId":"90990580-8e8a-4aaf-b018-a65525e244f6","statusCode":200,"elapsedMs":30}
{"component":"player-command","phase":"request","correlationId":"6867891f-39b7-43b7-ab41-57e524c4f182"}
{"component":"player-command","phase":"authorization","correlationId":"6867891f-39b7-43b7-ab41-57e524c4f182","outcome":"allowed"}
{"component":"player-command","phase":"response","correlationId":"6867891f-39b7-43b7-ab41-57e524c4f182","statusCode":200,"elapsedMs":68}
{"component":"player-command","phase":"request","correlationId":"e9739ee5-ab9f-4956-84f7-4e6128b12594"}
{"component":"player-command","phase":"authorization","correlationId":"e9739ee5-ab9f-4956-84f7-4e6128b12594","outcome":"allowed"}
{"component":"player-command","phase":"command","correlationId":"e9739ee5-ab9f-4956-84f7-4e6128b12594"}
{"component":"player-command","phase":"mutation","correlationId":"e9739ee5-ab9f-4956-84f7-4e6128b12594","outcome":"completed","replayed":false}
{"component":"player-command","phase":"consequence","correlationId":"e9739ee5-ab9f-4956-84f7-4e6128b12594","replayed":false,"changes":1}
{"component":"player-command","phase":"opportunity","correlationId":"e9739ee5-ab9f-4956-84f7-4e6128b12594","replayed":false,"changes":1}
{"component":"player-command","phase":"response","correlationId":"e9739ee5-ab9f-4956-84f7-4e6128b12594","statusCode":200,"elapsedMs":74}
{"component":"player-command","phase":"request","correlationId":"f8d54600-26e1-4bf7-a8d8-5265e72a5d15"}
{"component":"player-command","phase":"authorization","correlationId":"f8d54600-26e1-4bf7-a8d8-5265e72a5d15","outcome":"allowed"}
{"component":"player-command","phase":"command","correlationId":"f8d54600-26e1-4bf7-a8d8-5265e72a5d15"}
{"component":"player-command","phase":"mutation","correlationId":"f8d54600-26e1-4bf7-a8d8-5265e72a5d15","outcome":"completed","replayed":true}
{"component":"player-command","phase":"consequence","correlationId":"f8d54600-26e1-4bf7-a8d8-5265e72a5d15","replayed":true,"changes":0}
{"component":"player-command","phase":"opportunity","correlationId":"f8d54600-26e1-4bf7-a8d8-5265e72a5d15","replayed":true,"changes":0}
{"component":"player-command","phase":"response","correlationId":"f8d54600-26e1-4bf7-a8d8-5265e72a5d15","statusCode":200,"elapsedMs":34}
{"component":"player-command","phase":"request","correlationId":"4f10cfba-d16b-4c88-bb3a-376449e474f8"}
{"component":"player-command","phase":"authorization","correlationId":"4f10cfba-d16b-4c88-bb3a-376449e474f8","outcome":"allowed"}
{"component":"player-command","phase":"response","correlationId":"4f10cfba-d16b-4c88-bb3a-376449e474f8","statusCode":200,"elapsedMs":65}
{"component":"player-command","phase":"request","correlationId":"376db009-fb3d-4346-8340-df87a958899c"}
{"component":"player-command","phase":"authorization","correlationId":"376db009-fb3d-4346-8340-df87a958899c","outcome":"allowed"}
{"component":"player-command","phase":"command","correlationId":"376db009-fb3d-4346-8340-df87a958899c"}
{"component":"player-command","phase":"mutation","correlationId":"376db009-fb3d-4346-8340-df87a958899c","outcome":"completed","replayed":false}
{"component":"player-command","phase":"consequence","correlationId":"376db009-fb3d-4346-8340-df87a958899c","replayed":false,"changes":1}
{"component":"player-command","phase":"opportunity","correlationId":"376db009-fb3d-4346-8340-df87a958899c","replayed":false,"changes":1}
{"component":"player-command","phase":"response","correlationId":"376db009-fb3d-4346-8340-df87a958899c","statusCode":200,"elapsedMs":71}
{"component":"player-command","phase":"request","correlationId":"1cdf571f-ca2c-45ed-be85-a104e75d1a28"}
{"component":"player-command","phase":"authorization","correlationId":"1cdf571f-ca2c-45ed-be85-a104e75d1a28","outcome":"allowed"}
{"component":"player-command","phase":"command","correlationId":"1cdf571f-ca2c-45ed-be85-a104e75d1a28"}
{"component":"player-command","phase":"mutation","correlationId":"1cdf571f-ca2c-45ed-be85-a104e75d1a28","outcome":"completed","replayed":true}
{"component":"player-command","phase":"consequence","correlationId":"1cdf571f-ca2c-45ed-be85-a104e75d1a28","replayed":true,"changes":0}
{"component":"player-command","phase":"opportunity","correlationId":"1cdf571f-ca2c-45ed-be85-a104e75d1a28","replayed":true,"changes":0}
{"component":"player-command","phase":"response","correlationId":"1cdf571f-ca2c-45ed-be85-a104e75d1a28","statusCode":200,"elapsedMs":31}
{"component":"player-command","phase":"request","correlationId":"68fd5745-e82a-4469-a37d-5fdf3671e00d"}
{"component":"player-command","phase":"authorization","correlationId":"68fd5745-e82a-4469-a37d-5fdf3671e00d","outcome":"allowed"}
{"component":"player-command","phase":"response","correlationId":"68fd5745-e82a-4469-a37d-5fdf3671e00d","statusCode":200,"elapsedMs":73}
{"component":"player-command","phase":"request","correlationId":"76b4d7ee-0be6-4f3f-ba67-257e5e9457a3"}
{"component":"player-command","phase":"authorization","correlationId":"76b4d7ee-0be6-4f3f-ba67-257e5e9457a3","outcome":"allowed"}
{"component":"player-command","phase":"command","correlationId":"76b4d7ee-0be6-4f3f-ba67-257e5e9457a3"}
{"component":"player-command","phase":"mutation","correlationId":"76b4d7ee-0be6-4f3f-ba67-257e5e9457a3","outcome":"completed","replayed":false}
{"component":"player-command","phase":"consequence","correlationId":"76b4d7ee-0be6-4f3f-ba67-257e5e9457a3","replayed":false,"changes":1}
{"component":"player-command","phase":"opportunity","correlationId":"76b4d7ee-0be6-4f3f-ba67-257e5e9457a3","replayed":false,"changes":1}
{"component":"player-command","phase":"response","correlationId":"76b4d7ee-0be6-4f3f-ba67-257e5e9457a3","statusCode":200,"elapsedMs":73}
{"component":"player-command","phase":"request","correlationId":"3a8ae9e4-7927-4271-9320-58260b7bb82d"}
{"component":"player-command","phase":"authorization","correlationId":"3a8ae9e4-7927-4271-9320-58260b7bb82d","outcome":"allowed"}
{"component":"player-command","phase":"command","correlationId":"3a8ae9e4-7927-4271-9320-58260b7bb82d"}
{"component":"player-command","phase":"mutation","correlationId":"3a8ae9e4-7927-4271-9320-58260b7bb82d","outcome":"completed","replayed":true}
{"component":"player-command","phase":"consequence","correlationId":"3a8ae9e4-7927-4271-9320-58260b7bb82d","replayed":true,"changes":0}
{"component":"player-command","phase":"opportunity","correlationId":"3a8ae9e4-7927-4271-9320-58260b7bb82d","replayed":true,"changes":0}
{"component":"player-command","phase":"response","correlationId":"3a8ae9e4-7927-4271-9320-58260b7bb82d","statusCode":200,"elapsedMs":31}
{"component":"player-command","phase":"request","correlationId":"61977365-f507-4211-a1e8-a25b04715c3b"}
{"component":"player-command","phase":"authorization","correlationId":"61977365-f507-4211-a1e8-a25b04715c3b","outcome":"allowed"}
{"component":"player-command","phase":"response","correlationId":"61977365-f507-4211-a1e8-a25b04715c3b","statusCode":200,"elapsedMs":69}
{"component":"player-command","phase":"request","correlationId":"108a028b-76ff-414f-9b76-15c044f54b34"}
{"component":"player-command","phase":"authorization","correlationId":"108a028b-76ff-414f-9b76-15c044f54b34","outcome":"allowed"}
{"component":"player-command","phase":"command","correlationId":"108a028b-76ff-414f-9b76-15c044f54b34"}
{"component":"player-command","phase":"mutation","correlationId":"108a028b-76ff-414f-9b76-15c044f54b34","outcome":"completed","replayed":false}
{"component":"player-command","phase":"consequence","correlationId":"108a028b-76ff-414f-9b76-15c044f54b34","replayed":false,"changes":1}
{"component":"player-command","phase":"opportunity","correlationId":"108a028b-76ff-414f-9b76-15c044f54b34","replayed":false,"changes":1}
{"component":"player-command","phase":"response","correlationId":"108a028b-76ff-414f-9b76-15c044f54b34","statusCode":200,"elapsedMs":77}
{"component":"player-command","phase":"request","correlationId":"b569ad29-6a1c-48cf-b719-b32e172ffe32"}
{"component":"player-command","phase":"authorization","correlationId":"b569ad29-6a1c-48cf-b719-b32e172ffe32","outcome":"allowed"}
{"component":"player-command","phase":"command","correlationId":"b569ad29-6a1c-48cf-b719-b32e172ffe32"}
{"component":"player-command","phase":"mutation","correlationId":"b569ad29-6a1c-48cf-b719-b32e172ffe32","outcome":"completed","replayed":true}
{"component":"player-command","phase":"consequence","correlationId":"b569ad29-6a1c-48cf-b719-b32e172ffe32","replayed":true,"changes":0}
{"component":"player-command","phase":"opportunity","correlationId":"b569ad29-6a1c-48cf-b719-b32e172ffe32","replayed":true,"changes":0}
{"component":"player-command","phase":"response","correlationId":"b569ad29-6a1c-48cf-b719-b32e172ffe32","statusCode":200,"elapsedMs":31}
{"component":"player-command","phase":"request","correlationId":"d3d16a21-a17d-4898-aabb-a566a2923bfd"}
{"component":"player-command","phase":"authorization","correlationId":"d3d16a21-a17d-4898-aabb-a566a2923bfd","outcome":"allowed"}
{"component":"player-command","phase":"response","correlationId":"d3d16a21-a17d-4898-aabb-a566a2923bfd","statusCode":200,"elapsedMs":70}
{"component":"player-command","phase":"request","correlationId":"b70c8ca0-8225-4a39-88f8-b05be56efff7"}
{"component":"player-command","phase":"authorization","correlationId":"b70c8ca0-8225-4a39-88f8-b05be56efff7","outcome":"allowed"}
{"component":"player-command","phase":"command","correlationId":"b70c8ca0-8225-4a39-88f8-b05be56efff7"}
{"component":"player-command","phase":"mutation","correlationId":"b70c8ca0-8225-4a39-88f8-b05be56efff7","outcome":"completed","replayed":false}
{"component":"player-command","phase":"consequence","correlationId":"b70c8ca0-8225-4a39-88f8-b05be56efff7","replayed":false,"changes":1}
{"component":"player-command","phase":"opportunity","correlationId":"b70c8ca0-8225-4a39-88f8-b05be56efff7","replayed":false,"changes":1}
{"component":"player-command","phase":"response","correlationId":"b70c8ca0-8225-4a39-88f8-b05be56efff7","statusCode":200,"elapsedMs":79}
{"component":"player-command","phase":"request","correlationId":"9d6f9848-75d9-4063-b171-2e926cb32010"}
{"component":"player-command","phase":"authorization","correlationId":"9d6f9848-75d9-4063-b171-2e926cb32010","outcome":"allowed"}
{"component":"player-command","phase":"command","correlationId":"9d6f9848-75d9-4063-b171-2e926cb32010"}
{"component":"player-command","phase":"mutation","correlationId":"9d6f9848-75d9-4063-b171-2e926cb32010","outcome":"completed","replayed":true}
{"component":"player-command","phase":"consequence","correlationId":"9d6f9848-75d9-4063-b171-2e926cb32010","replayed":true,"changes":0}
{"component":"player-command","phase":"opportunity","correlationId":"9d6f9848-75d9-4063-b171-2e926cb32010","replayed":true,"changes":0}
{"component":"player-command","phase":"response","correlationId":"9d6f9848-75d9-4063-b171-2e926cb32010","statusCode":200,"elapsedMs":37}
{"component":"player-command","phase":"request","correlationId":"649f1fa6-c9a6-4b11-bee8-3b8a87b1310f"}
{"component":"player-command","phase":"authorization","correlationId":"649f1fa6-c9a6-4b11-bee8-3b8a87b1310f","outcome":"allowed"}
{"component":"player-command","phase":"response","correlationId":"649f1fa6-c9a6-4b11-bee8-3b8a87b1310f","statusCode":200,"elapsedMs":69}
{"component":"player-command","phase":"request","correlationId":"64bb6049-e298-401b-a4ca-4dfe6bfd845e"}
{"component":"player-command","phase":"authorization","correlationId":"64bb6049-e298-401b-a4ca-4dfe6bfd845e","outcome":"allowed"}
{"component":"player-command","phase":"command","correlationId":"64bb6049-e298-401b-a4ca-4dfe6bfd845e"}
{"component":"player-command","phase":"mutation","correlationId":"64bb6049-e298-401b-a4ca-4dfe6bfd845e","outcome":"completed","replayed":false}
{"component":"player-command","phase":"consequence","correlationId":"64bb6049-e298-401b-a4ca-4dfe6bfd845e","replayed":false,"changes":1}
{"component":"player-command","phase":"opportunity","correlationId":"64bb6049-e298-401b-a4ca-4dfe6bfd845e","replayed":false,"changes":1}
{"component":"player-command","phase":"response","correlationId":"64bb6049-e298-401b-a4ca-4dfe6bfd845e","statusCode":200,"elapsedMs":79}
{"component":"player-command","phase":"request","correlationId":"9dac8de4-82e0-4720-bcf1-9d6dcc40a480"}
{"component":"player-command","phase":"authorization","correlationId":"9dac8de4-82e0-4720-bcf1-9d6dcc40a480","outcome":"allowed"}
{"component":"player-command","phase":"command","correlationId":"9dac8de4-82e0-4720-bcf1-9d6dcc40a480"}
{"component":"player-command","phase":"mutation","correlationId":"9dac8de4-82e0-4720-bcf1-9d6dcc40a480","outcome":"completed","replayed":true}
{"component":"player-command","phase":"consequence","correlationId":"9dac8de4-82e0-4720-bcf1-9d6dcc40a480","replayed":true,"changes":0}
{"component":"player-command","phase":"opportunity","correlationId":"9dac8de4-82e0-4720-bcf1-9d6dcc40a480","replayed":true,"changes":0}
{"component":"player-command","phase":"response","correlationId":"9dac8de4-82e0-4720-bcf1-9d6dcc40a480","statusCode":200,"elapsedMs":30}
{"phase":"commands","round":1,"players":25,"assertions":19305}
{"component":"player-command","phase":"request","correlationId":"3a4c16a6-ad1c-4a61-b769-9a7484bc8dc2"}
{"component":"player-command","phase":"authorization","correlationId":"3a4c16a6-ad1c-4a61-b769-9a7484bc8dc2","outcome":"allowed"}
{"component":"player-command","phase":"response","correlationId":"3a4c16a6-ad1c-4a61-b769-9a7484bc8dc2","statusCode":200,"elapsedMs":67}
{"component":"player-command","phase":"request","correlationId":"e1f9257f-b905-4a0f-9176-5ff3e23f00e7"}
{"component":"player-command","phase":"authorization","correlationId":"e1f9257f-b905-4a0f-9176-5ff3e23f00e7","outcome":"allowed"}
{"component":"player-command","phase":"command","correlationId":"e1f9257f-b905-4a0f-9176-5ff3e23f00e7"}
{"component":"player-command","phase":"mutation","correlationId":"e1f9257f-b905-4a0f-9176-5ff3e23f00e7","outcome":"completed","replayed":false}
{"component":"player-command","phase":"consequence","correlationId":"e1f9257f-b905-4a0f-9176-5ff3e23f00e7","replayed":false,"changes":1}
{"component":"player-command","phase":"opportunity","correlationId":"e1f9257f-b905-4a0f-9176-5ff3e23f00e7","replayed":false,"changes":1}
{"component":"player-command","phase":"response","correlationId":"e1f9257f-b905-4a0f-9176-5ff3e23f00e7","statusCode":200,"elapsedMs":73}
{"component":"player-command","phase":"request","correlationId":"0bcc5ac7-164b-495b-b447-46efb989c25d"}
{"component":"player-command","phase":"authorization","correlationId":"0bcc5ac7-164b-495b-b447-46efb989c25d","outcome":"allowed"}
{"component":"player-command","phase":"command","correlationId":"0bcc5ac7-164b-495b-b447-46efb989c25d"}
{"component":"player-command","phase":"mutation","correlationId":"0bcc5ac7-164b-495b-b447-46efb989c25d","outcome":"completed","replayed":true}
{"component":"player-command","phase":"consequence","correlationId":"0bcc5ac7-164b-495b-b447-46efb989c25d","replayed":true,"changes":0}
{"component":"player-command","phase":"opportunity","correlationId":"0bcc5ac7-164b-495b-b447-46efb989c25d","replayed":true,"changes":0}
{"component":"player-command","phase":"response","correlationId":"0bcc5ac7-164b-495b-b447-46efb989c25d","statusCode":200,"elapsedMs":30}
{"component":"player-command","phase":"request","correlationId":"e9152f09-437a-4b6e-a26c-43c26c3f8d95"}
{"component":"player-command","phase":"authorization","correlationId":"e9152f09-437a-4b6e-a26c-43c26c3f8d95","outcome":"allowed"}
{"component":"player-command","phase":"response","correlationId":"e9152f09-437a-4b6e-a26c-43c26c3f8d95","statusCode":200,"elapsedMs":62}
{"component":"player-command","phase":"request","correlationId":"53302c9a-e519-437d-b013-334f78515e0c"}
{"component":"player-command","phase":"authorization","correlationId":"53302c9a-e519-437d-b013-334f78515e0c","outcome":"allowed"}
{"component":"player-command","phase":"command","correlationId":"53302c9a-e519-437d-b013-334f78515e0c"}
{"component":"player-command","phase":"mutation","correlationId":"53302c9a-e519-437d-b013-334f78515e0c","outcome":"completed","replayed":false}
{"component":"player-command","phase":"consequence","correlationId":"53302c9a-e519-437d-b013-334f78515e0c","replayed":false,"changes":1}
{"component":"player-command","phase":"opportunity","correlationId":"53302c9a-e519-437d-b013-334f78515e0c","replayed":false,"changes":1}
{"component":"player-command","phase":"response","correlationId":"53302c9a-e519-437d-b013-334f78515e0c","statusCode":200,"elapsedMs":72}
{"component":"player-command","phase":"request","correlationId":"51659494-4e3b-489a-bd54-cb0cc7215a4c"}
{"component":"player-command","phase":"authorization","correlationId":"51659494-4e3b-489a-bd54-cb0cc7215a4c","outcome":"allowed"}
{"component":"player-command","phase":"command","correlationId":"51659494-4e3b-489a-bd54-cb0cc7215a4c"}
{"component":"player-command","phase":"mutation","correlationId":"51659494-4e3b-489a-bd54-cb0cc7215a4c","outcome":"completed","replayed":true}
{"component":"player-command","phase":"consequence","correlationId":"51659494-4e3b-489a-bd54-cb0cc7215a4c","replayed":true,"changes":0}
{"component":"player-command","phase":"opportunity","correlationId":"51659494-4e3b-489a-bd54-cb0cc7215a4c","replayed":true,"changes":0}
{"component":"player-command","phase":"response","correlationId":"51659494-4e3b-489a-bd54-cb0cc7215a4c","statusCode":200,"elapsedMs":26}
{"component":"player-command","phase":"request","correlationId":"169de7a3-e610-4285-a0ff-5e5d994e991b"}
{"component":"player-command","phase":"authorization","correlationId":"169de7a3-e610-4285-a0ff-5e5d994e991b","outcome":"allowed"}
{"component":"player-command","phase":"response","correlationId":"169de7a3-e610-4285-a0ff-5e5d994e991b","statusCode":200,"elapsedMs":97}
{"component":"player-command","phase":"request","correlationId":"4255763e-c5ac-4a61-a01c-1b639f3cde7c"}
{"component":"player-command","phase":"authorization","correlationId":"4255763e-c5ac-4a61-a01c-1b639f3cde7c","outcome":"allowed"}
{"component":"player-command","phase":"command","correlationId":"4255763e-c5ac-4a61-a01c-1b639f3cde7c"}
{"component":"player-command","phase":"mutation","correlationId":"4255763e-c5ac-4a61-a01c-1b639f3cde7c","outcome":"completed","replayed":false}
{"component":"player-command","phase":"consequence","correlationId":"4255763e-c5ac-4a61-a01c-1b639f3cde7c","replayed":false,"changes":1}
{"component":"player-command","phase":"opportunity","correlationId":"4255763e-c5ac-4a61-a01c-1b639f3cde7c","replayed":false,"changes":1}
{"component":"player-command","phase":"response","correlationId":"4255763e-c5ac-4a61-a01c-1b639f3cde7c","statusCode":200,"elapsedMs":73}
{"component":"player-command","phase":"request","correlationId":"372b96a0-97f5-41b9-803b-358db02f1283"}
{"component":"player-command","phase":"authorization","correlationId":"372b96a0-97f5-41b9-803b-358db02f1283","outcome":"allowed"}
{"component":"player-command","phase":"command","correlationId":"372b96a0-97f5-41b9-803b-358db02f1283"}
{"component":"player-command","phase":"mutation","correlationId":"372b96a0-97f5-41b9-803b-358db02f1283","outcome":"completed","replayed":true}
{"component":"player-command","phase":"consequence","correlationId":"372b96a0-97f5-41b9-803b-358db02f1283","replayed":true,"changes":0}
{"component":"player-command","phase":"opportunity","correlationId":"372b96a0-97f5-41b9-803b-358db02f1283","replayed":true,"changes":0}
{"component":"player-command","phase":"response","correlationId":"372b96a0-97f5-41b9-803b-358db02f1283","statusCode":200,"elapsedMs":29}
{"component":"player-command","phase":"request","correlationId":"87931219-5654-4e92-8025-891312b4e8e2"}
{"component":"player-command","phase":"authorization","correlationId":"87931219-5654-4e92-8025-891312b4e8e2","outcome":"allowed"}
{"component":"player-command","phase":"response","correlationId":"87931219-5654-4e92-8025-891312b4e8e2","statusCode":200,"elapsedMs":66}
{"component":"player-command","phase":"request","correlationId":"e038b199-47c3-4bfb-af09-5267dc899ad5"}
{"component":"player-command","phase":"authorization","correlationId":"e038b199-47c3-4bfb-af09-5267dc899ad5","outcome":"allowed"}
{"component":"player-command","phase":"command","correlationId":"e038b199-47c3-4bfb-af09-5267dc899ad5"}
{"component":"player-command","phase":"mutation","correlationId":"e038b199-47c3-4bfb-af09-5267dc899ad5","outcome":"completed","replayed":false}
{"component":"player-command","phase":"consequence","correlationId":"e038b199-47c3-4bfb-af09-5267dc899ad5","replayed":false,"changes":1}
{"component":"player-command","phase":"opportunity","correlationId":"e038b199-47c3-4bfb-af09-5267dc899ad5","replayed":false,"changes":1}
{"component":"player-command","phase":"response","correlationId":"e038b199-47c3-4bfb-af09-5267dc899ad5","statusCode":200,"elapsedMs":68}
{"component":"player-command","phase":"request","correlationId":"fac44c81-4cca-4e8e-a136-64dddcffa91c"}
{"component":"player-command","phase":"authorization","correlationId":"fac44c81-4cca-4e8e-a136-64dddcffa91c","outcome":"allowed"}
{"component":"player-command","phase":"command","correlationId":"fac44c81-4cca-4e8e-a136-64dddcffa91c"}
{"component":"player-command","phase":"mutation","correlationId":"fac44c81-4cca-4e8e-a136-64dddcffa91c","outcome":"completed","replayed":true}
{"component":"player-command","phase":"consequence","correlationId":"fac44c81-4cca-4e8e-a136-64dddcffa91c","replayed":true,"changes":0}
{"component":"player-command","phase":"opportunity","correlationId":"fac44c81-4cca-4e8e-a136-64dddcffa91c","replayed":true,"changes":0}
{"component":"player-command","phase":"response","correlationId":"fac44c81-4cca-4e8e-a136-64dddcffa91c","statusCode":200,"elapsedMs":32}
{"component":"player-command","phase":"request","correlationId":"04868317-19cf-4616-aacc-6464dc55e516"}
{"component":"player-command","phase":"authorization","correlationId":"04868317-19cf-4616-aacc-6464dc55e516","outcome":"allowed"}
{"component":"player-command","phase":"response","correlationId":"04868317-19cf-4616-aacc-6464dc55e516","statusCode":200,"elapsedMs":62}
{"component":"player-command","phase":"request","correlationId":"36f9ceb4-9b76-4a71-aad4-45c80c3dcc5d"}
{"component":"player-command","phase":"authorization","correlationId":"36f9ceb4-9b76-4a71-aad4-45c80c3dcc5d","outcome":"allowed"}
{"component":"player-command","phase":"command","correlationId":"36f9ceb4-9b76-4a71-aad4-45c80c3dcc5d"}
{"component":"player-command","phase":"mutation","correlationId":"36f9ceb4-9b76-4a71-aad4-45c80c3dcc5d","outcome":"completed","replayed":false}
{"component":"player-command","phase":"consequence","correlationId":"36f9ceb4-9b76-4a71-aad4-45c80c3dcc5d","replayed":false,"changes":1}
{"component":"player-command","phase":"opportunity","correlationId":"36f9ceb4-9b76-4a71-aad4-45c80c3dcc5d","replayed":false,"changes":1}
{"component":"player-command","phase":"response","correlationId":"36f9ceb4-9b76-4a71-aad4-45c80c3dcc5d","statusCode":200,"elapsedMs":67}
{"component":"player-command","phase":"request","correlationId":"df72f1b8-16f6-49cb-af80-80eba29ea0fe"}
{"component":"player-command","phase":"authorization","correlationId":"df72f1b8-16f6-49cb-af80-80eba29ea0fe","outcome":"allowed"}
{"component":"player-command","phase":"command","correlationId":"df72f1b8-16f6-49cb-af80-80eba29ea0fe"}
{"component":"player-command","phase":"mutation","correlationId":"df72f1b8-16f6-49cb-af80-80eba29ea0fe","outcome":"completed","replayed":true}
{"component":"player-command","phase":"consequence","correlationId":"df72f1b8-16f6-49cb-af80-80eba29ea0fe","replayed":true,"changes":0}
{"component":"player-command","phase":"opportunity","correlationId":"df72f1b8-16f6-49cb-af80-80eba29ea0fe","replayed":true,"changes":0}
{"component":"player-command","phase":"response","correlationId":"df72f1b8-16f6-49cb-af80-80eba29ea0fe","statusCode":200,"elapsedMs":25}
{"component":"player-command","phase":"request","correlationId":"e78cce6c-d7f0-4db9-a30f-9c0306f4fc74"}
{"component":"player-command","phase":"authorization","correlationId":"e78cce6c-d7f0-4db9-a30f-9c0306f4fc74","outcome":"allowed"}
{"component":"player-command","phase":"response","correlationId":"e78cce6c-d7f0-4db9-a30f-9c0306f4fc74","statusCode":200,"elapsedMs":69}
{"component":"player-command","phase":"request","correlationId":"21cd2200-4126-459d-ac4d-75365b54bae6"}
{"component":"player-command","phase":"authorization","correlationId":"21cd2200-4126-459d-ac4d-75365b54bae6","outcome":"allowed"}
{"component":"player-command","phase":"command","correlationId":"21cd2200-4126-459d-ac4d-75365b54bae6"}
{"component":"player-command","phase":"mutation","correlationId":"21cd2200-4126-459d-ac4d-75365b54bae6","outcome":"completed","replayed":false}
{"component":"player-command","phase":"consequence","correlationId":"21cd2200-4126-459d-ac4d-75365b54bae6","replayed":false,"changes":1}
{"component":"player-command","phase":"opportunity","correlationId":"21cd2200-4126-459d-ac4d-75365b54bae6","replayed":false,"changes":1}
{"component":"player-command","phase":"response","correlationId":"21cd2200-4126-459d-ac4d-75365b54bae6","statusCode":200,"elapsedMs":69}
{"component":"player-command","phase":"request","correlationId":"90dc9a94-23f3-40ba-bbaf-0a9513a56a12"}
{"component":"player-command","phase":"authorization","correlationId":"90dc9a94-23f3-40ba-bbaf-0a9513a56a12","outcome":"allowed"}
{"component":"player-command","phase":"command","correlationId":"90dc9a94-23f3-40ba-bbaf-0a9513a56a12"}
{"component":"player-command","phase":"mutation","correlationId":"90dc9a94-23f3-40ba-bbaf-0a9513a56a12","outcome":"completed","replayed":true}
{"component":"player-command","phase":"consequence","correlationId":"90dc9a94-23f3-40ba-bbaf-0a9513a56a12","replayed":true,"changes":0}
{"component":"player-command","phase":"opportunity","correlationId":"90dc9a94-23f3-40ba-bbaf-0a9513a56a12","replayed":true,"changes":0}
{"component":"player-command","phase":"response","correlationId":"90dc9a94-23f3-40ba-bbaf-0a9513a56a12","statusCode":200,"elapsedMs":28}
{"component":"player-command","phase":"request","correlationId":"b0179a0a-1335-4e6a-8bcd-3829fb3c514f"}
{"component":"player-command","phase":"authorization","correlationId":"b0179a0a-1335-4e6a-8bcd-3829fb3c514f","outcome":"allowed"}
{"component":"player-command","phase":"response","correlationId":"b0179a0a-1335-4e6a-8bcd-3829fb3c514f","statusCode":200,"elapsedMs":72}
{"component":"player-command","phase":"request","correlationId":"18553c77-0da6-4be5-a48f-6d08a7cb1a1a"}
{"component":"player-command","phase":"authorization","correlationId":"18553c77-0da6-4be5-a48f-6d08a7cb1a1a","outcome":"allowed"}
{"component":"player-command","phase":"command","correlationId":"18553c77-0da6-4be5-a48f-6d08a7cb1a1a"}
{"component":"player-command","phase":"mutation","correlationId":"18553c77-0da6-4be5-a48f-6d08a7cb1a1a","outcome":"completed","replayed":false}
{"component":"player-command","phase":"consequence","correlationId":"18553c77-0da6-4be5-a48f-6d08a7cb1a1a","replayed":false,"changes":1}
{"component":"player-command","phase":"opportunity","correlationId":"18553c77-0da6-4be5-a48f-6d08a7cb1a1a","replayed":false,"changes":1}
{"component":"player-command","phase":"response","correlationId":"18553c77-0da6-4be5-a48f-6d08a7cb1a1a","statusCode":200,"elapsedMs":75}
{"component":"player-command","phase":"request","correlationId":"8885ef12-b29e-4a87-8bd5-680813e6138c"}
{"component":"player-command","phase":"authorization","correlationId":"8885ef12-b29e-4a87-8bd5-680813e6138c","outcome":"allowed"}
{"component":"player-command","phase":"command","correlationId":"8885ef12-b29e-4a87-8bd5-680813e6138c"}
{"component":"player-command","phase":"mutation","correlationId":"8885ef12-b29e-4a87-8bd5-680813e6138c","outcome":"completed","replayed":true}
{"component":"player-command","phase":"consequence","correlationId":"8885ef12-b29e-4a87-8bd5-680813e6138c","replayed":true,"changes":0}
{"component":"player-command","phase":"opportunity","correlationId":"8885ef12-b29e-4a87-8bd5-680813e6138c","replayed":true,"changes":0}
{"component":"player-command","phase":"response","correlationId":"8885ef12-b29e-4a87-8bd5-680813e6138c","statusCode":200,"elapsedMs":30}
{"component":"player-command","phase":"request","correlationId":"40d77b0e-d7b1-4e11-b7a5-a08572695cf5"}
{"component":"player-command","phase":"authorization","correlationId":"40d77b0e-d7b1-4e11-b7a5-a08572695cf5","outcome":"allowed"}
{"component":"player-command","phase":"response","correlationId":"40d77b0e-d7b1-4e11-b7a5-a08572695cf5","statusCode":200,"elapsedMs":69}
{"component":"player-command","phase":"request","correlationId":"b7b20b69-691b-44e2-951c-b5e45d111499"}
{"component":"player-command","phase":"authorization","correlationId":"b7b20b69-691b-44e2-951c-b5e45d111499","outcome":"allowed"}
{"component":"player-command","phase":"command","correlationId":"b7b20b69-691b-44e2-951c-b5e45d111499"}
{"component":"player-command","phase":"mutation","correlationId":"b7b20b69-691b-44e2-951c-b5e45d111499","outcome":"completed","replayed":false}
{"component":"player-command","phase":"consequence","correlationId":"b7b20b69-691b-44e2-951c-b5e45d111499","replayed":false,"changes":1}
{"component":"player-command","phase":"opportunity","correlationId":"b7b20b69-691b-44e2-951c-b5e45d111499","replayed":false,"changes":1}
{"component":"player-command","phase":"response","correlationId":"b7b20b69-691b-44e2-951c-b5e45d111499","statusCode":200,"elapsedMs":77}
{"component":"player-command","phase":"request","correlationId":"6acbe4ec-7356-4cf9-94eb-fc956f1c72d0"}
{"component":"player-command","phase":"authorization","correlationId":"6acbe4ec-7356-4cf9-94eb-fc956f1c72d0","outcome":"allowed"}
{"component":"player-command","phase":"command","correlationId":"6acbe4ec-7356-4cf9-94eb-fc956f1c72d0"}
{"component":"player-command","phase":"mutation","correlationId":"6acbe4ec-7356-4cf9-94eb-fc956f1c72d0","outcome":"completed","replayed":true}
{"component":"player-command","phase":"consequence","correlationId":"6acbe4ec-7356-4cf9-94eb-fc956f1c72d0","replayed":true,"changes":0}
{"component":"player-command","phase":"opportunity","correlationId":"6acbe4ec-7356-4cf9-94eb-fc956f1c72d0","replayed":true,"changes":0}
{"component":"player-command","phase":"response","correlationId":"6acbe4ec-7356-4cf9-94eb-fc956f1c72d0","statusCode":200,"elapsedMs":27}
{"component":"player-command","phase":"request","correlationId":"838fd0ad-4df6-4344-b1e8-7d164b393fb2"}
{"component":"player-command","phase":"authorization","correlationId":"838fd0ad-4df6-4344-b1e8-7d164b393fb2","outcome":"allowed"}
{"component":"player-command","phase":"response","correlationId":"838fd0ad-4df6-4344-b1e8-7d164b393fb2","statusCode":200,"elapsedMs":73}
{"component":"player-command","phase":"request","correlationId":"da3b2a61-e66a-46ff-9f08-af66c86aedcf"}
{"component":"player-command","phase":"authorization","correlationId":"da3b2a61-e66a-46ff-9f08-af66c86aedcf","outcome":"allowed"}
{"component":"player-command","phase":"command","correlationId":"da3b2a61-e66a-46ff-9f08-af66c86aedcf"}
{"component":"player-command","phase":"mutation","correlationId":"da3b2a61-e66a-46ff-9f08-af66c86aedcf","outcome":"completed","replayed":false}
{"component":"player-command","phase":"consequence","correlationId":"da3b2a61-e66a-46ff-9f08-af66c86aedcf","replayed":false,"changes":1}
{"component":"player-command","phase":"opportunity","correlationId":"da3b2a61-e66a-46ff-9f08-af66c86aedcf","replayed":false,"changes":1}
{"component":"player-command","phase":"response","correlationId":"da3b2a61-e66a-46ff-9f08-af66c86aedcf","statusCode":200,"elapsedMs":74}
{"component":"player-command","phase":"request","correlationId":"baac2855-5c35-4d96-a3e8-ad511e5b3022"}
{"component":"player-command","phase":"authorization","correlationId":"baac2855-5c35-4d96-a3e8-ad511e5b3022","outcome":"allowed"}
{"component":"player-command","phase":"command","correlationId":"baac2855-5c35-4d96-a3e8-ad511e5b3022"}
{"component":"player-command","phase":"mutation","correlationId":"baac2855-5c35-4d96-a3e8-ad511e5b3022","outcome":"completed","replayed":true}
{"component":"player-command","phase":"consequence","correlationId":"baac2855-5c35-4d96-a3e8-ad511e5b3022","replayed":true,"changes":0}
{"component":"player-command","phase":"opportunity","correlationId":"baac2855-5c35-4d96-a3e8-ad511e5b3022","replayed":true,"changes":0}
{"component":"player-command","phase":"response","correlationId":"baac2855-5c35-4d96-a3e8-ad511e5b3022","statusCode":200,"elapsedMs":28}
{"component":"player-command","phase":"request","correlationId":"a10cdbec-b9a0-4cd5-9939-77cd7e513fc4"}
{"component":"player-command","phase":"authorization","correlationId":"a10cdbec-b9a0-4cd5-9939-77cd7e513fc4","outcome":"allowed"}
{"component":"player-command","phase":"response","correlationId":"a10cdbec-b9a0-4cd5-9939-77cd7e513fc4","statusCode":200,"elapsedMs":77}
{"component":"player-command","phase":"request","correlationId":"9a121336-11d7-4d0a-8571-8e0dc8f285e2"}
{"component":"player-command","phase":"authorization","correlationId":"9a121336-11d7-4d0a-8571-8e0dc8f285e2","outcome":"allowed"}
{"component":"player-command","phase":"command","correlationId":"9a121336-11d7-4d0a-8571-8e0dc8f285e2"}
{"component":"player-command","phase":"mutation","correlationId":"9a121336-11d7-4d0a-8571-8e0dc8f285e2","outcome":"completed","replayed":false}
{"component":"player-command","phase":"consequence","correlationId":"9a121336-11d7-4d0a-8571-8e0dc8f285e2","replayed":false,"changes":1}
{"component":"player-command","phase":"opportunity","correlationId":"9a121336-11d7-4d0a-8571-8e0dc8f285e2","replayed":false,"changes":1}
{"component":"player-command","phase":"response","correlationId":"9a121336-11d7-4d0a-8571-8e0dc8f285e2","statusCode":200,"elapsedMs":82}
{"component":"player-command","phase":"request","correlationId":"e5d5abfe-6f46-419e-b3bd-b9a5cb57cb52"}
{"component":"player-command","phase":"authorization","correlationId":"e5d5abfe-6f46-419e-b3bd-b9a5cb57cb52","outcome":"allowed"}
{"component":"player-command","phase":"command","correlationId":"e5d5abfe-6f46-419e-b3bd-b9a5cb57cb52"}
{"component":"player-command","phase":"mutation","correlationId":"e5d5abfe-6f46-419e-b3bd-b9a5cb57cb52","outcome":"completed","replayed":true}
{"component":"player-command","phase":"consequence","correlationId":"e5d5abfe-6f46-419e-b3bd-b9a5cb57cb52","replayed":true,"changes":0}
{"component":"player-command","phase":"opportunity","correlationId":"e5d5abfe-6f46-419e-b3bd-b9a5cb57cb52","replayed":true,"changes":0}
{"component":"player-command","phase":"response","correlationId":"e5d5abfe-6f46-419e-b3bd-b9a5cb57cb52","statusCode":200,"elapsedMs":32}
{"component":"player-command","phase":"request","correlationId":"5c8dbe64-c5f8-499c-b728-c653cfe7c9c6"}
{"component":"player-command","phase":"authorization","correlationId":"5c8dbe64-c5f8-499c-b728-c653cfe7c9c6","outcome":"allowed"}
{"component":"player-command","phase":"response","correlationId":"5c8dbe64-c5f8-499c-b728-c653cfe7c9c6","statusCode":200,"elapsedMs":77}
{"component":"player-command","phase":"request","correlationId":"75efed3d-a95d-4d8c-a2f0-911cea01568f"}
{"component":"player-command","phase":"authorization","correlationId":"75efed3d-a95d-4d8c-a2f0-911cea01568f","outcome":"allowed"}
{"component":"player-command","phase":"command","correlationId":"75efed3d-a95d-4d8c-a2f0-911cea01568f"}
{"component":"player-command","phase":"mutation","correlationId":"75efed3d-a95d-4d8c-a2f0-911cea01568f","outcome":"completed","replayed":false}
{"component":"player-command","phase":"consequence","correlationId":"75efed3d-a95d-4d8c-a2f0-911cea01568f","replayed":false,"changes":1}
{"component":"player-command","phase":"opportunity","correlationId":"75efed3d-a95d-4d8c-a2f0-911cea01568f","replayed":false,"changes":1}
{"component":"player-command","phase":"response","correlationId":"75efed3d-a95d-4d8c-a2f0-911cea01568f","statusCode":200,"elapsedMs":90}
{"component":"player-command","phase":"request","correlationId":"506b07cb-6470-4ae9-9d4e-7d067aa026a7"}
{"component":"player-command","phase":"authorization","correlationId":"506b07cb-6470-4ae9-9d4e-7d067aa026a7","outcome":"allowed"}
{"component":"player-command","phase":"command","correlationId":"506b07cb-6470-4ae9-9d4e-7d067aa026a7"}
{"component":"player-command","phase":"mutation","correlationId":"506b07cb-6470-4ae9-9d4e-7d067aa026a7","outcome":"completed","replayed":true}
{"component":"player-command","phase":"consequence","correlationId":"506b07cb-6470-4ae9-9d4e-7d067aa026a7","replayed":true,"changes":0}
{"component":"player-command","phase":"opportunity","correlationId":"506b07cb-6470-4ae9-9d4e-7d067aa026a7","replayed":true,"changes":0}
{"component":"player-command","phase":"response","correlationId":"506b07cb-6470-4ae9-9d4e-7d067aa026a7","statusCode":200,"elapsedMs":34}
{"component":"player-command","phase":"request","correlationId":"14ee7a16-4741-4d23-8189-46d696e28a17"}
{"component":"player-command","phase":"authorization","correlationId":"14ee7a16-4741-4d23-8189-46d696e28a17","outcome":"allowed"}
{"component":"player-command","phase":"response","correlationId":"14ee7a16-4741-4d23-8189-46d696e28a17","statusCode":200,"elapsedMs":82}
{"component":"player-command","phase":"request","correlationId":"06b2f3e0-2811-4176-a88b-47c040cdedcd"}
{"component":"player-command","phase":"authorization","correlationId":"06b2f3e0-2811-4176-a88b-47c040cdedcd","outcome":"allowed"}
{"component":"player-command","phase":"command","correlationId":"06b2f3e0-2811-4176-a88b-47c040cdedcd"}
{"component":"player-command","phase":"mutation","correlationId":"06b2f3e0-2811-4176-a88b-47c040cdedcd","outcome":"completed","replayed":false}
{"component":"player-command","phase":"consequence","correlationId":"06b2f3e0-2811-4176-a88b-47c040cdedcd","replayed":false,"changes":1}
{"component":"player-command","phase":"opportunity","correlationId":"06b2f3e0-2811-4176-a88b-47c040cdedcd","replayed":false,"changes":1}
{"component":"player-command","phase":"response","correlationId":"06b2f3e0-2811-4176-a88b-47c040cdedcd","statusCode":200,"elapsedMs":90}
{"component":"player-command","phase":"request","correlationId":"e9eff9a8-863f-4f4d-b6c0-93a84f306d26"}
{"component":"player-command","phase":"authorization","correlationId":"e9eff9a8-863f-4f4d-b6c0-93a84f306d26","outcome":"allowed"}
{"component":"player-command","phase":"command","correlationId":"e9eff9a8-863f-4f4d-b6c0-93a84f306d26"}
{"component":"player-command","phase":"mutation","correlationId":"e9eff9a8-863f-4f4d-b6c0-93a84f306d26","outcome":"completed","replayed":true}
{"component":"player-command","phase":"consequence","correlationId":"e9eff9a8-863f-4f4d-b6c0-93a84f306d26","replayed":true,"changes":0}
{"component":"player-command","phase":"opportunity","correlationId":"e9eff9a8-863f-4f4d-b6c0-93a84f306d26","replayed":true,"changes":0}
{"component":"player-command","phase":"response","correlationId":"e9eff9a8-863f-4f4d-b6c0-93a84f306d26","statusCode":200,"elapsedMs":32}
{"component":"player-command","phase":"request","correlationId":"e43dd880-5499-44d4-bf8f-71a2b293d2a9"}
{"component":"player-command","phase":"authorization","correlationId":"e43dd880-5499-44d4-bf8f-71a2b293d2a9","outcome":"allowed"}
{"component":"player-command","phase":"response","correlationId":"e43dd880-5499-44d4-bf8f-71a2b293d2a9","statusCode":200,"elapsedMs":71}
{"component":"player-command","phase":"request","correlationId":"42d58ec3-3605-46bc-ae08-9e22d6b48a73"}
{"component":"player-command","phase":"authorization","correlationId":"42d58ec3-3605-46bc-ae08-9e22d6b48a73","outcome":"allowed"}
{"component":"player-command","phase":"command","correlationId":"42d58ec3-3605-46bc-ae08-9e22d6b48a73"}
{"component":"player-command","phase":"mutation","correlationId":"42d58ec3-3605-46bc-ae08-9e22d6b48a73","outcome":"completed","replayed":false}
{"component":"player-command","phase":"consequence","correlationId":"42d58ec3-3605-46bc-ae08-9e22d6b48a73","replayed":false,"changes":1}
{"component":"player-command","phase":"opportunity","correlationId":"42d58ec3-3605-46bc-ae08-9e22d6b48a73","replayed":false,"changes":1}
{"component":"player-command","phase":"response","correlationId":"42d58ec3-3605-46bc-ae08-9e22d6b48a73","statusCode":200,"elapsedMs":86}
{"component":"player-command","phase":"request","correlationId":"2b87ab95-ba78-431b-bde3-5df633e11c40"}
{"component":"player-command","phase":"authorization","correlationId":"2b87ab95-ba78-431b-bde3-5df633e11c40","outcome":"allowed"}
{"component":"player-command","phase":"command","correlationId":"2b87ab95-ba78-431b-bde3-5df633e11c40"}
{"component":"player-command","phase":"mutation","correlationId":"2b87ab95-ba78-431b-bde3-5df633e11c40","outcome":"completed","replayed":true}
{"component":"player-command","phase":"consequence","correlationId":"2b87ab95-ba78-431b-bde3-5df633e11c40","replayed":true,"changes":0}
{"component":"player-command","phase":"opportunity","correlationId":"2b87ab95-ba78-431b-bde3-5df633e11c40","replayed":true,"changes":0}
{"component":"player-command","phase":"response","correlationId":"2b87ab95-ba78-431b-bde3-5df633e11c40","statusCode":200,"elapsedMs":31}
{"component":"player-command","phase":"request","correlationId":"897ff6d5-b2ee-4f57-b8af-43ff7d6b14be"}
{"component":"player-command","phase":"authorization","correlationId":"897ff6d5-b2ee-4f57-b8af-43ff7d6b14be","outcome":"allowed"}
{"component":"player-command","phase":"response","correlationId":"897ff6d5-b2ee-4f57-b8af-43ff7d6b14be","statusCode":200,"elapsedMs":67}
{"component":"player-command","phase":"request","correlationId":"9b84683a-a1f9-4514-9f33-837df490cd14"}
{"component":"player-command","phase":"authorization","correlationId":"9b84683a-a1f9-4514-9f33-837df490cd14","outcome":"allowed"}
{"component":"player-command","phase":"command","correlationId":"9b84683a-a1f9-4514-9f33-837df490cd14"}
{"component":"player-command","phase":"mutation","correlationId":"9b84683a-a1f9-4514-9f33-837df490cd14","outcome":"completed","replayed":false}
{"component":"player-command","phase":"consequence","correlationId":"9b84683a-a1f9-4514-9f33-837df490cd14","replayed":false,"changes":1}
{"component":"player-command","phase":"opportunity","correlationId":"9b84683a-a1f9-4514-9f33-837df490cd14","replayed":false,"changes":1}
{"component":"player-command","phase":"response","correlationId":"9b84683a-a1f9-4514-9f33-837df490cd14","statusCode":200,"elapsedMs":77}
{"component":"player-command","phase":"request","correlationId":"7ae8f7e2-3084-4356-a41a-7c573266bcb1"}
{"component":"player-command","phase":"authorization","correlationId":"7ae8f7e2-3084-4356-a41a-7c573266bcb1","outcome":"allowed"}
{"component":"player-command","phase":"command","correlationId":"7ae8f7e2-3084-4356-a41a-7c573266bcb1"}
{"component":"player-command","phase":"mutation","correlationId":"7ae8f7e2-3084-4356-a41a-7c573266bcb1","outcome":"completed","replayed":true}
{"component":"player-command","phase":"consequence","correlationId":"7ae8f7e2-3084-4356-a41a-7c573266bcb1","replayed":true,"changes":0}
{"component":"player-command","phase":"opportunity","correlationId":"7ae8f7e2-3084-4356-a41a-7c573266bcb1","replayed":true,"changes":0}
{"component":"player-command","phase":"response","correlationId":"7ae8f7e2-3084-4356-a41a-7c573266bcb1","statusCode":200,"elapsedMs":30}
{"component":"player-command","phase":"request","correlationId":"9bca9fd6-cf54-4cc3-a9f1-5bfe7cf5f85b"}
{"component":"player-command","phase":"authorization","correlationId":"9bca9fd6-cf54-4cc3-a9f1-5bfe7cf5f85b","outcome":"allowed"}
{"component":"player-command","phase":"response","correlationId":"9bca9fd6-cf54-4cc3-a9f1-5bfe7cf5f85b","statusCode":200,"elapsedMs":66}
{"component":"player-command","phase":"request","correlationId":"67c1232b-94ff-465c-b6a3-543836d8b57b"}
{"component":"player-command","phase":"authorization","correlationId":"67c1232b-94ff-465c-b6a3-543836d8b57b","outcome":"allowed"}
{"component":"player-command","phase":"command","correlationId":"67c1232b-94ff-465c-b6a3-543836d8b57b"}
{"component":"player-command","phase":"mutation","correlationId":"67c1232b-94ff-465c-b6a3-543836d8b57b","outcome":"completed","replayed":false}
{"component":"player-command","phase":"consequence","correlationId":"67c1232b-94ff-465c-b6a3-543836d8b57b","replayed":false,"changes":1}
{"component":"player-command","phase":"opportunity","correlationId":"67c1232b-94ff-465c-b6a3-543836d8b57b","replayed":false,"changes":1}
{"component":"player-command","phase":"response","correlationId":"67c1232b-94ff-465c-b6a3-543836d8b57b","statusCode":200,"elapsedMs":71}
{"component":"player-command","phase":"request","correlationId":"088b37a5-63be-427d-a692-090ebc567fbf"}
{"component":"player-command","phase":"authorization","correlationId":"088b37a5-63be-427d-a692-090ebc567fbf","outcome":"allowed"}
{"component":"player-command","phase":"command","correlationId":"088b37a5-63be-427d-a692-090ebc567fbf"}
{"component":"player-command","phase":"mutation","correlationId":"088b37a5-63be-427d-a692-090ebc567fbf","outcome":"completed","replayed":true}
{"component":"player-command","phase":"consequence","correlationId":"088b37a5-63be-427d-a692-090ebc567fbf","replayed":true,"changes":0}
{"component":"player-command","phase":"opportunity","correlationId":"088b37a5-63be-427d-a692-090ebc567fbf","replayed":true,"changes":0}
{"component":"player-command","phase":"response","correlationId":"088b37a5-63be-427d-a692-090ebc567fbf","statusCode":200,"elapsedMs":28}
{"component":"player-command","phase":"request","correlationId":"71be3cfc-8479-46c4-b40a-3c96a0e2259e"}
{"component":"player-command","phase":"authorization","correlationId":"71be3cfc-8479-46c4-b40a-3c96a0e2259e","outcome":"allowed"}
{"component":"player-command","phase":"response","correlationId":"71be3cfc-8479-46c4-b40a-3c96a0e2259e","statusCode":200,"elapsedMs":69}
{"component":"player-command","phase":"request","correlationId":"de03000b-80e8-4dcf-97ef-6d613fcdd567"}
{"component":"player-command","phase":"authorization","correlationId":"de03000b-80e8-4dcf-97ef-6d613fcdd567","outcome":"allowed"}
{"component":"player-command","phase":"command","correlationId":"de03000b-80e8-4dcf-97ef-6d613fcdd567"}
{"component":"player-command","phase":"mutation","correlationId":"de03000b-80e8-4dcf-97ef-6d613fcdd567","outcome":"completed","replayed":false}
{"component":"player-command","phase":"consequence","correlationId":"de03000b-80e8-4dcf-97ef-6d613fcdd567","replayed":false,"changes":1}
{"component":"player-command","phase":"opportunity","correlationId":"de03000b-80e8-4dcf-97ef-6d613fcdd567","replayed":false,"changes":1}
{"component":"player-command","phase":"response","correlationId":"de03000b-80e8-4dcf-97ef-6d613fcdd567","statusCode":200,"elapsedMs":87}
{"component":"player-command","phase":"request","correlationId":"e917b515-b32b-497f-9253-335b5e7df1d7"}
{"component":"player-command","phase":"authorization","correlationId":"e917b515-b32b-497f-9253-335b5e7df1d7","outcome":"allowed"}
{"component":"player-command","phase":"command","correlationId":"e917b515-b32b-497f-9253-335b5e7df1d7"}
{"component":"player-command","phase":"mutation","correlationId":"e917b515-b32b-497f-9253-335b5e7df1d7","outcome":"completed","replayed":true}
{"component":"player-command","phase":"consequence","correlationId":"e917b515-b32b-497f-9253-335b5e7df1d7","replayed":true,"changes":0}
{"component":"player-command","phase":"opportunity","correlationId":"e917b515-b32b-497f-9253-335b5e7df1d7","replayed":true,"changes":0}
{"component":"player-command","phase":"response","correlationId":"e917b515-b32b-497f-9253-335b5e7df1d7","statusCode":200,"elapsedMs":36}
{"component":"player-command","phase":"request","correlationId":"bf97cae3-40b0-4fa5-8312-bbaa2c0a6cb7"}
{"component":"player-command","phase":"authorization","correlationId":"bf97cae3-40b0-4fa5-8312-bbaa2c0a6cb7","outcome":"allowed"}
{"component":"player-command","phase":"response","correlationId":"bf97cae3-40b0-4fa5-8312-bbaa2c0a6cb7","statusCode":200,"elapsedMs":107}
{"component":"player-command","phase":"request","correlationId":"417fd395-00ff-471f-bae0-3434a6125479"}
{"component":"player-command","phase":"authorization","correlationId":"417fd395-00ff-471f-bae0-3434a6125479","outcome":"allowed"}
{"component":"player-command","phase":"command","correlationId":"417fd395-00ff-471f-bae0-3434a6125479"}
{"component":"player-command","phase":"mutation","correlationId":"417fd395-00ff-471f-bae0-3434a6125479","outcome":"completed","replayed":false}
{"component":"player-command","phase":"consequence","correlationId":"417fd395-00ff-471f-bae0-3434a6125479","replayed":false,"changes":1}
{"component":"player-command","phase":"opportunity","correlationId":"417fd395-00ff-471f-bae0-3434a6125479","replayed":false,"changes":1}
{"component":"player-command","phase":"response","correlationId":"417fd395-00ff-471f-bae0-3434a6125479","statusCode":200,"elapsedMs":93}
{"component":"player-command","phase":"request","correlationId":"4383c036-ee9c-47d3-be2e-0afa5f7de890"}
{"component":"player-command","phase":"authorization","correlationId":"4383c036-ee9c-47d3-be2e-0afa5f7de890","outcome":"allowed"}
{"component":"player-command","phase":"command","correlationId":"4383c036-ee9c-47d3-be2e-0afa5f7de890"}
{"component":"player-command","phase":"mutation","correlationId":"4383c036-ee9c-47d3-be2e-0afa5f7de890","outcome":"completed","replayed":true}
{"component":"player-command","phase":"consequence","correlationId":"4383c036-ee9c-47d3-be2e-0afa5f7de890","replayed":true,"changes":0}
{"component":"player-command","phase":"opportunity","correlationId":"4383c036-ee9c-47d3-be2e-0afa5f7de890","replayed":true,"changes":0}
{"component":"player-command","phase":"response","correlationId":"4383c036-ee9c-47d3-be2e-0afa5f7de890","statusCode":200,"elapsedMs":35}
{"component":"player-command","phase":"request","correlationId":"1a3eb762-0dcd-44da-9479-cdd4fc181175"}
{"component":"player-command","phase":"authorization","correlationId":"1a3eb762-0dcd-44da-9479-cdd4fc181175","outcome":"allowed"}
{"component":"player-command","phase":"response","correlationId":"1a3eb762-0dcd-44da-9479-cdd4fc181175","statusCode":200,"elapsedMs":72}
{"component":"player-command","phase":"request","correlationId":"c6441b09-48f1-4e16-a12d-b86cf13bca57"}
{"component":"player-command","phase":"authorization","correlationId":"c6441b09-48f1-4e16-a12d-b86cf13bca57","outcome":"allowed"}
{"component":"player-command","phase":"command","correlationId":"c6441b09-48f1-4e16-a12d-b86cf13bca57"}
{"component":"player-command","phase":"mutation","correlationId":"c6441b09-48f1-4e16-a12d-b86cf13bca57","outcome":"completed","replayed":false}
{"component":"player-command","phase":"consequence","correlationId":"c6441b09-48f1-4e16-a12d-b86cf13bca57","replayed":false,"changes":1}
{"component":"player-command","phase":"opportunity","correlationId":"c6441b09-48f1-4e16-a12d-b86cf13bca57","replayed":false,"changes":1}
{"component":"player-command","phase":"response","correlationId":"c6441b09-48f1-4e16-a12d-b86cf13bca57","statusCode":200,"elapsedMs":80}
{"component":"player-command","phase":"request","correlationId":"3c64a89c-6d6a-4051-9e21-c67627c7e90f"}
{"component":"player-command","phase":"authorization","correlationId":"3c64a89c-6d6a-4051-9e21-c67627c7e90f","outcome":"allowed"}
{"component":"player-command","phase":"command","correlationId":"3c64a89c-6d6a-4051-9e21-c67627c7e90f"}
{"component":"player-command","phase":"mutation","correlationId":"3c64a89c-6d6a-4051-9e21-c67627c7e90f","outcome":"completed","replayed":true}
{"component":"player-command","phase":"consequence","correlationId":"3c64a89c-6d6a-4051-9e21-c67627c7e90f","replayed":true,"changes":0}
{"component":"player-command","phase":"opportunity","correlationId":"3c64a89c-6d6a-4051-9e21-c67627c7e90f","replayed":true,"changes":0}
{"component":"player-command","phase":"response","correlationId":"3c64a89c-6d6a-4051-9e21-c67627c7e90f","statusCode":200,"elapsedMs":28}
{"component":"player-command","phase":"request","correlationId":"5b117750-3192-4837-a465-7b201b5af915"}
{"component":"player-command","phase":"authorization","correlationId":"5b117750-3192-4837-a465-7b201b5af915","outcome":"allowed"}
{"component":"player-command","phase":"response","correlationId":"5b117750-3192-4837-a465-7b201b5af915","statusCode":200,"elapsedMs":74}
{"component":"player-command","phase":"request","correlationId":"ac41d98c-96af-4dc4-bf46-df6118600f4c"}
{"component":"player-command","phase":"authorization","correlationId":"ac41d98c-96af-4dc4-bf46-df6118600f4c","outcome":"allowed"}
{"component":"player-command","phase":"command","correlationId":"ac41d98c-96af-4dc4-bf46-df6118600f4c"}
{"component":"player-command","phase":"mutation","correlationId":"ac41d98c-96af-4dc4-bf46-df6118600f4c","outcome":"completed","replayed":false}
{"component":"player-command","phase":"consequence","correlationId":"ac41d98c-96af-4dc4-bf46-df6118600f4c","replayed":false,"changes":1}
{"component":"player-command","phase":"opportunity","correlationId":"ac41d98c-96af-4dc4-bf46-df6118600f4c","replayed":false,"changes":1}
{"component":"player-command","phase":"response","correlationId":"ac41d98c-96af-4dc4-bf46-df6118600f4c","statusCode":200,"elapsedMs":72}
{"component":"player-command","phase":"request","correlationId":"9f940e12-dbf1-4e84-a97f-d93b7f29176f"}
{"component":"player-command","phase":"authorization","correlationId":"9f940e12-dbf1-4e84-a97f-d93b7f29176f","outcome":"allowed"}
{"component":"player-command","phase":"command","correlationId":"9f940e12-dbf1-4e84-a97f-d93b7f29176f"}
{"component":"player-command","phase":"mutation","correlationId":"9f940e12-dbf1-4e84-a97f-d93b7f29176f","outcome":"completed","replayed":true}
{"component":"player-command","phase":"consequence","correlationId":"9f940e12-dbf1-4e84-a97f-d93b7f29176f","replayed":true,"changes":0}
{"component":"player-command","phase":"opportunity","correlationId":"9f940e12-dbf1-4e84-a97f-d93b7f29176f","replayed":true,"changes":0}
{"component":"player-command","phase":"response","correlationId":"9f940e12-dbf1-4e84-a97f-d93b7f29176f","statusCode":200,"elapsedMs":29}
{"component":"player-command","phase":"request","correlationId":"14012eb9-720d-4f12-b3d8-cbbce27eaed5"}
{"component":"player-command","phase":"authorization","correlationId":"14012eb9-720d-4f12-b3d8-cbbce27eaed5","outcome":"allowed"}
{"component":"player-command","phase":"response","correlationId":"14012eb9-720d-4f12-b3d8-cbbce27eaed5","statusCode":200,"elapsedMs":76}
{"component":"player-command","phase":"request","correlationId":"a886e624-6886-4b96-8205-0531d0a938ba"}
{"component":"player-command","phase":"authorization","correlationId":"a886e624-6886-4b96-8205-0531d0a938ba","outcome":"allowed"}
{"component":"player-command","phase":"command","correlationId":"a886e624-6886-4b96-8205-0531d0a938ba"}
{"component":"player-command","phase":"mutation","correlationId":"a886e624-6886-4b96-8205-0531d0a938ba","outcome":"completed","replayed":false}
{"component":"player-command","phase":"consequence","correlationId":"a886e624-6886-4b96-8205-0531d0a938ba","replayed":false,"changes":1}
{"component":"player-command","phase":"opportunity","correlationId":"a886e624-6886-4b96-8205-0531d0a938ba","replayed":false,"changes":1}
{"component":"player-command","phase":"response","correlationId":"a886e624-6886-4b96-8205-0531d0a938ba","statusCode":200,"elapsedMs":75}
{"component":"player-command","phase":"request","correlationId":"25bb1868-88c0-458b-8635-881007834feb"}
{"component":"player-command","phase":"authorization","correlationId":"25bb1868-88c0-458b-8635-881007834feb","outcome":"allowed"}
{"component":"player-command","phase":"command","correlationId":"25bb1868-88c0-458b-8635-881007834feb"}
{"component":"player-command","phase":"mutation","correlationId":"25bb1868-88c0-458b-8635-881007834feb","outcome":"completed","replayed":true}
{"component":"player-command","phase":"consequence","correlationId":"25bb1868-88c0-458b-8635-881007834feb","replayed":true,"changes":0}
{"component":"player-command","phase":"opportunity","correlationId":"25bb1868-88c0-458b-8635-881007834feb","replayed":true,"changes":0}
{"component":"player-command","phase":"response","correlationId":"25bb1868-88c0-458b-8635-881007834feb","statusCode":200,"elapsedMs":29}
{"component":"player-command","phase":"request","correlationId":"2cef9f8f-5d1a-4f5a-a782-0d18274bbd7a"}
{"component":"player-command","phase":"authorization","correlationId":"2cef9f8f-5d1a-4f5a-a782-0d18274bbd7a","outcome":"allowed"}
{"component":"player-command","phase":"response","correlationId":"2cef9f8f-5d1a-4f5a-a782-0d18274bbd7a","statusCode":200,"elapsedMs":81}
{"component":"player-command","phase":"request","correlationId":"2c5c9d11-99da-49a0-b54b-e6feb3048ad2"}
{"component":"player-command","phase":"authorization","correlationId":"2c5c9d11-99da-49a0-b54b-e6feb3048ad2","outcome":"allowed"}
{"component":"player-command","phase":"command","correlationId":"2c5c9d11-99da-49a0-b54b-e6feb3048ad2"}
{"component":"player-command","phase":"mutation","correlationId":"2c5c9d11-99da-49a0-b54b-e6feb3048ad2","outcome":"completed","replayed":false}
{"component":"player-command","phase":"consequence","correlationId":"2c5c9d11-99da-49a0-b54b-e6feb3048ad2","replayed":false,"changes":1}
{"component":"player-command","phase":"opportunity","correlationId":"2c5c9d11-99da-49a0-b54b-e6feb3048ad2","replayed":false,"changes":1}
{"component":"player-command","phase":"response","correlationId":"2c5c9d11-99da-49a0-b54b-e6feb3048ad2","statusCode":200,"elapsedMs":148}
{"component":"player-command","phase":"request","correlationId":"7ddd1cb1-c6e6-453d-8813-26bc2453ddcf"}
{"component":"player-command","phase":"authorization","correlationId":"7ddd1cb1-c6e6-453d-8813-26bc2453ddcf","outcome":"allowed"}
{"component":"player-command","phase":"command","correlationId":"7ddd1cb1-c6e6-453d-8813-26bc2453ddcf"}
{"component":"player-command","phase":"mutation","correlationId":"7ddd1cb1-c6e6-453d-8813-26bc2453ddcf","outcome":"completed","replayed":true}
{"component":"player-command","phase":"consequence","correlationId":"7ddd1cb1-c6e6-453d-8813-26bc2453ddcf","replayed":true,"changes":0}
{"component":"player-command","phase":"opportunity","correlationId":"7ddd1cb1-c6e6-453d-8813-26bc2453ddcf","replayed":true,"changes":0}
{"component":"player-command","phase":"response","correlationId":"7ddd1cb1-c6e6-453d-8813-26bc2453ddcf","statusCode":200,"elapsedMs":28}
{"component":"player-command","phase":"request","correlationId":"bfc9b779-7037-4597-a9a7-518e31e91efe"}
{"component":"player-command","phase":"authorization","correlationId":"bfc9b779-7037-4597-a9a7-518e31e91efe","outcome":"allowed"}
{"component":"player-command","phase":"response","correlationId":"bfc9b779-7037-4597-a9a7-518e31e91efe","statusCode":200,"elapsedMs":69}
{"component":"player-command","phase":"request","correlationId":"c57e3111-e7af-498e-aeb0-3ee4bad8fbef"}
{"component":"player-command","phase":"authorization","correlationId":"c57e3111-e7af-498e-aeb0-3ee4bad8fbef","outcome":"allowed"}
{"component":"player-command","phase":"command","correlationId":"c57e3111-e7af-498e-aeb0-3ee4bad8fbef"}
{"component":"player-command","phase":"mutation","correlationId":"c57e3111-e7af-498e-aeb0-3ee4bad8fbef","outcome":"completed","replayed":false}
{"component":"player-command","phase":"consequence","correlationId":"c57e3111-e7af-498e-aeb0-3ee4bad8fbef","replayed":false,"changes":1}
{"component":"player-command","phase":"opportunity","correlationId":"c57e3111-e7af-498e-aeb0-3ee4bad8fbef","replayed":false,"changes":1}
{"component":"player-command","phase":"response","correlationId":"c57e3111-e7af-498e-aeb0-3ee4bad8fbef","statusCode":200,"elapsedMs":69}
{"component":"player-command","phase":"request","correlationId":"6794110e-517b-422e-8acc-0d95b2f9e666"}
{"component":"player-command","phase":"authorization","correlationId":"6794110e-517b-422e-8acc-0d95b2f9e666","outcome":"allowed"}
{"component":"player-command","phase":"command","correlationId":"6794110e-517b-422e-8acc-0d95b2f9e666"}
{"component":"player-command","phase":"mutation","correlationId":"6794110e-517b-422e-8acc-0d95b2f9e666","outcome":"completed","replayed":true}
{"component":"player-command","phase":"consequence","correlationId":"6794110e-517b-422e-8acc-0d95b2f9e666","replayed":true,"changes":0}
{"component":"player-command","phase":"opportunity","correlationId":"6794110e-517b-422e-8acc-0d95b2f9e666","replayed":true,"changes":0}
{"component":"player-command","phase":"response","correlationId":"6794110e-517b-422e-8acc-0d95b2f9e666","statusCode":200,"elapsedMs":30}
{"component":"player-command","phase":"request","correlationId":"35e5f5bb-8857-4dc9-b777-1b349191dfe7"}
{"component":"player-command","phase":"authorization","correlationId":"35e5f5bb-8857-4dc9-b777-1b349191dfe7","outcome":"allowed"}
{"component":"player-command","phase":"response","correlationId":"35e5f5bb-8857-4dc9-b777-1b349191dfe7","statusCode":200,"elapsedMs":63}
{"component":"player-command","phase":"request","correlationId":"4ba8b992-34c9-4e31-aac7-47d8f042b3e0"}
{"component":"player-command","phase":"authorization","correlationId":"4ba8b992-34c9-4e31-aac7-47d8f042b3e0","outcome":"allowed"}
{"component":"player-command","phase":"command","correlationId":"4ba8b992-34c9-4e31-aac7-47d8f042b3e0"}
{"component":"player-command","phase":"mutation","correlationId":"4ba8b992-34c9-4e31-aac7-47d8f042b3e0","outcome":"completed","replayed":false}
{"component":"player-command","phase":"consequence","correlationId":"4ba8b992-34c9-4e31-aac7-47d8f042b3e0","replayed":false,"changes":1}
{"component":"player-command","phase":"opportunity","correlationId":"4ba8b992-34c9-4e31-aac7-47d8f042b3e0","replayed":false,"changes":1}
{"component":"player-command","phase":"response","correlationId":"4ba8b992-34c9-4e31-aac7-47d8f042b3e0","statusCode":200,"elapsedMs":74}
{"component":"player-command","phase":"request","correlationId":"ba4178fe-cee8-4d67-a37d-aecd6e7937b6"}
{"component":"player-command","phase":"authorization","correlationId":"ba4178fe-cee8-4d67-a37d-aecd6e7937b6","outcome":"allowed"}
{"component":"player-command","phase":"command","correlationId":"ba4178fe-cee8-4d67-a37d-aecd6e7937b6"}
{"component":"player-command","phase":"mutation","correlationId":"ba4178fe-cee8-4d67-a37d-aecd6e7937b6","outcome":"completed","replayed":true}
{"component":"player-command","phase":"consequence","correlationId":"ba4178fe-cee8-4d67-a37d-aecd6e7937b6","replayed":true,"changes":0}
{"component":"player-command","phase":"opportunity","correlationId":"ba4178fe-cee8-4d67-a37d-aecd6e7937b6","replayed":true,"changes":0}
{"component":"player-command","phase":"response","correlationId":"ba4178fe-cee8-4d67-a37d-aecd6e7937b6","statusCode":200,"elapsedMs":27}
{"component":"player-command","phase":"request","correlationId":"b642a578-7a9f-4701-bfc2-9b5533c4790f"}
{"component":"player-command","phase":"authorization","correlationId":"b642a578-7a9f-4701-bfc2-9b5533c4790f","outcome":"allowed"}
{"component":"player-command","phase":"response","correlationId":"b642a578-7a9f-4701-bfc2-9b5533c4790f","statusCode":200,"elapsedMs":66}
{"component":"player-command","phase":"request","correlationId":"8d643fae-744a-449a-8ce6-3f55fb1b59d0"}
{"component":"player-command","phase":"authorization","correlationId":"8d643fae-744a-449a-8ce6-3f55fb1b59d0","outcome":"allowed"}
{"component":"player-command","phase":"command","correlationId":"8d643fae-744a-449a-8ce6-3f55fb1b59d0"}
{"component":"player-command","phase":"mutation","correlationId":"8d643fae-744a-449a-8ce6-3f55fb1b59d0","outcome":"completed","replayed":false}
{"component":"player-command","phase":"consequence","correlationId":"8d643fae-744a-449a-8ce6-3f55fb1b59d0","replayed":false,"changes":1}
{"component":"player-command","phase":"opportunity","correlationId":"8d643fae-744a-449a-8ce6-3f55fb1b59d0","replayed":false,"changes":1}
{"component":"player-command","phase":"response","correlationId":"8d643fae-744a-449a-8ce6-3f55fb1b59d0","statusCode":200,"elapsedMs":70}
{"component":"player-command","phase":"request","correlationId":"0197937c-e208-47be-abc0-c5f843a33203"}
{"component":"player-command","phase":"authorization","correlationId":"0197937c-e208-47be-abc0-c5f843a33203","outcome":"allowed"}
{"component":"player-command","phase":"command","correlationId":"0197937c-e208-47be-abc0-c5f843a33203"}
{"component":"player-command","phase":"mutation","correlationId":"0197937c-e208-47be-abc0-c5f843a33203","outcome":"completed","replayed":true}
{"component":"player-command","phase":"consequence","correlationId":"0197937c-e208-47be-abc0-c5f843a33203","replayed":true,"changes":0}
{"component":"player-command","phase":"opportunity","correlationId":"0197937c-e208-47be-abc0-c5f843a33203","replayed":true,"changes":0}
{"component":"player-command","phase":"response","correlationId":"0197937c-e208-47be-abc0-c5f843a33203","statusCode":200,"elapsedMs":27}
{"component":"player-command","phase":"request","correlationId":"a91dc9f5-22c5-405c-8fe3-d55bec2b0b94"}
{"component":"player-command","phase":"authorization","correlationId":"a91dc9f5-22c5-405c-8fe3-d55bec2b0b94","outcome":"allowed"}
{"component":"player-command","phase":"response","correlationId":"a91dc9f5-22c5-405c-8fe3-d55bec2b0b94","statusCode":200,"elapsedMs":70}
{"component":"player-command","phase":"request","correlationId":"c943864a-0d45-4b89-aaff-2954f9aa92c4"}
{"component":"player-command","phase":"authorization","correlationId":"c943864a-0d45-4b89-aaff-2954f9aa92c4","outcome":"allowed"}
{"component":"player-command","phase":"command","correlationId":"c943864a-0d45-4b89-aaff-2954f9aa92c4"}
{"component":"player-command","phase":"mutation","correlationId":"c943864a-0d45-4b89-aaff-2954f9aa92c4","outcome":"completed","replayed":false}
{"component":"player-command","phase":"consequence","correlationId":"c943864a-0d45-4b89-aaff-2954f9aa92c4","replayed":false,"changes":1}
{"component":"player-command","phase":"opportunity","correlationId":"c943864a-0d45-4b89-aaff-2954f9aa92c4","replayed":false,"changes":1}
{"component":"player-command","phase":"response","correlationId":"c943864a-0d45-4b89-aaff-2954f9aa92c4","statusCode":200,"elapsedMs":80}
{"component":"player-command","phase":"request","correlationId":"a2798d3e-5410-4434-802e-77353f68fb72"}
{"component":"player-command","phase":"authorization","correlationId":"a2798d3e-5410-4434-802e-77353f68fb72","outcome":"allowed"}
{"component":"player-command","phase":"command","correlationId":"a2798d3e-5410-4434-802e-77353f68fb72"}
{"component":"player-command","phase":"mutation","correlationId":"a2798d3e-5410-4434-802e-77353f68fb72","outcome":"completed","replayed":true}
{"component":"player-command","phase":"consequence","correlationId":"a2798d3e-5410-4434-802e-77353f68fb72","replayed":true,"changes":0}
{"component":"player-command","phase":"opportunity","correlationId":"a2798d3e-5410-4434-802e-77353f68fb72","replayed":true,"changes":0}
{"component":"player-command","phase":"response","correlationId":"a2798d3e-5410-4434-802e-77353f68fb72","statusCode":200,"elapsedMs":29}
{"phase":"commands","round":1,"players":50,"assertions":22055}
{"component":"player-command","phase":"request","correlationId":"f651368f-1b0e-4596-b7fc-e8b6ff829248"}
{"component":"player-command","phase":"authorization","correlationId":"f651368f-1b0e-4596-b7fc-e8b6ff829248","outcome":"allowed"}
{"component":"player-command","phase":"response","correlationId":"f651368f-1b0e-4596-b7fc-e8b6ff829248","statusCode":200,"elapsedMs":66}
{"component":"player-command","phase":"request","correlationId":"75b9a7b1-4a52-41d0-aecb-2ab8a47a7de2"}
{"component":"player-command","phase":"authorization","correlationId":"75b9a7b1-4a52-41d0-aecb-2ab8a47a7de2","outcome":"allowed"}
{"component":"player-command","phase":"command","correlationId":"75b9a7b1-4a52-41d0-aecb-2ab8a47a7de2"}
{"component":"player-command","phase":"mutation","correlationId":"75b9a7b1-4a52-41d0-aecb-2ab8a47a7de2","outcome":"completed","replayed":false}
{"component":"player-command","phase":"consequence","correlationId":"75b9a7b1-4a52-41d0-aecb-2ab8a47a7de2","replayed":false,"changes":1}
{"component":"player-command","phase":"opportunity","correlationId":"75b9a7b1-4a52-41d0-aecb-2ab8a47a7de2","replayed":false,"changes":1}
{"component":"player-command","phase":"response","correlationId":"75b9a7b1-4a52-41d0-aecb-2ab8a47a7de2","statusCode":200,"elapsedMs":72}
{"component":"player-command","phase":"request","correlationId":"bbcc26c4-9935-40bd-a69f-9b0dfe797db4"}
{"component":"player-command","phase":"authorization","correlationId":"bbcc26c4-9935-40bd-a69f-9b0dfe797db4","outcome":"allowed"}
{"component":"player-command","phase":"command","correlationId":"bbcc26c4-9935-40bd-a69f-9b0dfe797db4"}
{"component":"player-command","phase":"mutation","correlationId":"bbcc26c4-9935-40bd-a69f-9b0dfe797db4","outcome":"completed","replayed":true}
{"component":"player-command","phase":"consequence","correlationId":"bbcc26c4-9935-40bd-a69f-9b0dfe797db4","replayed":true,"changes":0}
{"component":"player-command","phase":"opportunity","correlationId":"bbcc26c4-9935-40bd-a69f-9b0dfe797db4","replayed":true,"changes":0}
{"component":"player-command","phase":"response","correlationId":"bbcc26c4-9935-40bd-a69f-9b0dfe797db4","statusCode":200,"elapsedMs":31}
{"component":"player-command","phase":"request","correlationId":"8d20475f-2820-4b2d-aa83-5e4dd6732b98"}
{"component":"player-command","phase":"authorization","correlationId":"8d20475f-2820-4b2d-aa83-5e4dd6732b98","outcome":"allowed"}
{"component":"player-command","phase":"response","correlationId":"8d20475f-2820-4b2d-aa83-5e4dd6732b98","statusCode":200,"elapsedMs":80}
{"component":"player-command","phase":"request","correlationId":"7ba1e9b9-0dd0-429c-a07d-249c50263142"}
{"component":"player-command","phase":"authorization","correlationId":"7ba1e9b9-0dd0-429c-a07d-249c50263142","outcome":"allowed"}
{"component":"player-command","phase":"command","correlationId":"7ba1e9b9-0dd0-429c-a07d-249c50263142"}
{"component":"player-command","phase":"mutation","correlationId":"7ba1e9b9-0dd0-429c-a07d-249c50263142","outcome":"completed","replayed":false}
{"component":"player-command","phase":"consequence","correlationId":"7ba1e9b9-0dd0-429c-a07d-249c50263142","replayed":false,"changes":1}
{"component":"player-command","phase":"opportunity","correlationId":"7ba1e9b9-0dd0-429c-a07d-249c50263142","replayed":false,"changes":1}
{"component":"player-command","phase":"response","correlationId":"7ba1e9b9-0dd0-429c-a07d-249c50263142","statusCode":200,"elapsedMs":77}
{"component":"player-command","phase":"request","correlationId":"63839e34-b684-4d1b-a442-f31e4714136b"}
{"component":"player-command","phase":"authorization","correlationId":"63839e34-b684-4d1b-a442-f31e4714136b","outcome":"allowed"}
{"component":"player-command","phase":"command","correlationId":"63839e34-b684-4d1b-a442-f31e4714136b"}
{"component":"player-command","phase":"mutation","correlationId":"63839e34-b684-4d1b-a442-f31e4714136b","outcome":"completed","replayed":true}
{"component":"player-command","phase":"consequence","correlationId":"63839e34-b684-4d1b-a442-f31e4714136b","replayed":true,"changes":0}
{"component":"player-command","phase":"opportunity","correlationId":"63839e34-b684-4d1b-a442-f31e4714136b","replayed":true,"changes":0}
{"component":"player-command","phase":"response","correlationId":"63839e34-b684-4d1b-a442-f31e4714136b","statusCode":200,"elapsedMs":30}
{"component":"player-command","phase":"request","correlationId":"dd0f6d08-2636-4743-851b-bc1c32714f36"}
{"component":"player-command","phase":"authorization","correlationId":"dd0f6d08-2636-4743-851b-bc1c32714f36","outcome":"allowed"}
{"component":"player-command","phase":"response","correlationId":"dd0f6d08-2636-4743-851b-bc1c32714f36","statusCode":200,"elapsedMs":73}
{"component":"player-command","phase":"request","correlationId":"cb9de426-9890-4907-b4c2-ee5adbf4a4f2"}
{"component":"player-command","phase":"authorization","correlationId":"cb9de426-9890-4907-b4c2-ee5adbf4a4f2","outcome":"allowed"}
{"component":"player-command","phase":"command","correlationId":"cb9de426-9890-4907-b4c2-ee5adbf4a4f2"}
{"component":"player-command","phase":"mutation","correlationId":"cb9de426-9890-4907-b4c2-ee5adbf4a4f2","outcome":"completed","replayed":false}
{"component":"player-command","phase":"consequence","correlationId":"cb9de426-9890-4907-b4c2-ee5adbf4a4f2","replayed":false,"changes":1}
{"component":"player-command","phase":"opportunity","correlationId":"cb9de426-9890-4907-b4c2-ee5adbf4a4f2","replayed":false,"changes":1}
{"component":"player-command","phase":"response","correlationId":"cb9de426-9890-4907-b4c2-ee5adbf4a4f2","statusCode":200,"elapsedMs":76}
{"component":"player-command","phase":"request","correlationId":"845cc700-be0f-4d03-9992-9db549fc6159"}
{"component":"player-command","phase":"authorization","correlationId":"845cc700-be0f-4d03-9992-9db549fc6159","outcome":"allowed"}
{"component":"player-command","phase":"command","correlationId":"845cc700-be0f-4d03-9992-9db549fc6159"}
{"component":"player-command","phase":"mutation","correlationId":"845cc700-be0f-4d03-9992-9db549fc6159","outcome":"completed","replayed":true}
{"component":"player-command","phase":"consequence","correlationId":"845cc700-be0f-4d03-9992-9db549fc6159","replayed":true,"changes":0}
{"component":"player-command","phase":"opportunity","correlationId":"845cc700-be0f-4d03-9992-9db549fc6159","replayed":true,"changes":0}
{"component":"player-command","phase":"response","correlationId":"845cc700-be0f-4d03-9992-9db549fc6159","statusCode":200,"elapsedMs":28}
{"component":"player-command","phase":"request","correlationId":"68382e73-1b40-4924-b8d6-475f3aeef5ae"}
{"component":"player-command","phase":"authorization","correlationId":"68382e73-1b40-4924-b8d6-475f3aeef5ae","outcome":"allowed"}
{"component":"player-command","phase":"response","correlationId":"68382e73-1b40-4924-b8d6-475f3aeef5ae","statusCode":200,"elapsedMs":70}
{"component":"player-command","phase":"request","correlationId":"0ff4bdac-b437-4b17-a19d-20f6fe0cb5c4"}
{"component":"player-command","phase":"authorization","correlationId":"0ff4bdac-b437-4b17-a19d-20f6fe0cb5c4","outcome":"allowed"}
{"component":"player-command","phase":"command","correlationId":"0ff4bdac-b437-4b17-a19d-20f6fe0cb5c4"}
{"component":"player-command","phase":"mutation","correlationId":"0ff4bdac-b437-4b17-a19d-20f6fe0cb5c4","outcome":"completed","replayed":false}
{"component":"player-command","phase":"consequence","correlationId":"0ff4bdac-b437-4b17-a19d-20f6fe0cb5c4","replayed":false,"changes":1}
{"component":"player-command","phase":"opportunity","correlationId":"0ff4bdac-b437-4b17-a19d-20f6fe0cb5c4","replayed":false,"changes":1}
{"component":"player-command","phase":"response","correlationId":"0ff4bdac-b437-4b17-a19d-20f6fe0cb5c4","statusCode":200,"elapsedMs":80}
{"component":"player-command","phase":"request","correlationId":"dad2774a-aa76-49b3-8b36-b3c8fdae85e9"}
{"component":"player-command","phase":"authorization","correlationId":"dad2774a-aa76-49b3-8b36-b3c8fdae85e9","outcome":"allowed"}
{"component":"player-command","phase":"command","correlationId":"dad2774a-aa76-49b3-8b36-b3c8fdae85e9"}
{"component":"player-command","phase":"mutation","correlationId":"dad2774a-aa76-49b3-8b36-b3c8fdae85e9","outcome":"completed","replayed":true}
{"component":"player-command","phase":"consequence","correlationId":"dad2774a-aa76-49b3-8b36-b3c8fdae85e9","replayed":true,"changes":0}
{"component":"player-command","phase":"opportunity","correlationId":"dad2774a-aa76-49b3-8b36-b3c8fdae85e9","replayed":true,"changes":0}
{"component":"player-command","phase":"response","correlationId":"dad2774a-aa76-49b3-8b36-b3c8fdae85e9","statusCode":200,"elapsedMs":31}
{"component":"player-command","phase":"request","correlationId":"389bf322-a8a4-48b4-8844-f10612910cef"}
{"component":"player-command","phase":"authorization","correlationId":"389bf322-a8a4-48b4-8844-f10612910cef","outcome":"allowed"}
{"component":"player-command","phase":"response","correlationId":"389bf322-a8a4-48b4-8844-f10612910cef","statusCode":200,"elapsedMs":74}
{"component":"player-command","phase":"request","correlationId":"eaa66dea-64ec-4ed0-ad25-b5d51b0eb8df"}
{"component":"player-command","phase":"authorization","correlationId":"eaa66dea-64ec-4ed0-ad25-b5d51b0eb8df","outcome":"allowed"}
{"component":"player-command","phase":"command","correlationId":"eaa66dea-64ec-4ed0-ad25-b5d51b0eb8df"}
{"component":"player-command","phase":"mutation","correlationId":"eaa66dea-64ec-4ed0-ad25-b5d51b0eb8df","outcome":"completed","replayed":false}
{"component":"player-command","phase":"consequence","correlationId":"eaa66dea-64ec-4ed0-ad25-b5d51b0eb8df","replayed":false,"changes":1}
{"component":"player-command","phase":"opportunity","correlationId":"eaa66dea-64ec-4ed0-ad25-b5d51b0eb8df","replayed":false,"changes":1}
{"component":"player-command","phase":"response","correlationId":"eaa66dea-64ec-4ed0-ad25-b5d51b0eb8df","statusCode":200,"elapsedMs":78}
{"component":"player-command","phase":"request","correlationId":"3bea6470-746e-4f1d-b2ef-3451694d3a3b"}
{"component":"player-command","phase":"authorization","correlationId":"3bea6470-746e-4f1d-b2ef-3451694d3a3b","outcome":"allowed"}
{"component":"player-command","phase":"command","correlationId":"3bea6470-746e-4f1d-b2ef-3451694d3a3b"}
{"component":"player-command","phase":"mutation","correlationId":"3bea6470-746e-4f1d-b2ef-3451694d3a3b","outcome":"completed","replayed":true}
{"component":"player-command","phase":"consequence","correlationId":"3bea6470-746e-4f1d-b2ef-3451694d3a3b","replayed":true,"changes":0}
{"component":"player-command","phase":"opportunity","correlationId":"3bea6470-746e-4f1d-b2ef-3451694d3a3b","replayed":true,"changes":0}
{"component":"player-command","phase":"response","correlationId":"3bea6470-746e-4f1d-b2ef-3451694d3a3b","statusCode":200,"elapsedMs":31}
{"component":"player-command","phase":"request","correlationId":"0798722c-ef4a-4b74-81ac-83cc42649d7a"}
{"component":"player-command","phase":"authorization","correlationId":"0798722c-ef4a-4b74-81ac-83cc42649d7a","outcome":"allowed"}
{"component":"player-command","phase":"response","correlationId":"0798722c-ef4a-4b74-81ac-83cc42649d7a","statusCode":200,"elapsedMs":71}
{"component":"player-command","phase":"request","correlationId":"e2114fd6-cade-46e3-a5a1-19609412289b"}
{"component":"player-command","phase":"authorization","correlationId":"e2114fd6-cade-46e3-a5a1-19609412289b","outcome":"allowed"}
{"component":"player-command","phase":"command","correlationId":"e2114fd6-cade-46e3-a5a1-19609412289b"}
{"component":"player-command","phase":"mutation","correlationId":"e2114fd6-cade-46e3-a5a1-19609412289b","outcome":"completed","replayed":false}
{"component":"player-command","phase":"consequence","correlationId":"e2114fd6-cade-46e3-a5a1-19609412289b","replayed":false,"changes":1}
{"component":"player-command","phase":"opportunity","correlationId":"e2114fd6-cade-46e3-a5a1-19609412289b","replayed":false,"changes":1}
{"component":"player-command","phase":"response","correlationId":"e2114fd6-cade-46e3-a5a1-19609412289b","statusCode":200,"elapsedMs":76}
{"component":"player-command","phase":"request","correlationId":"ceb55819-0092-4cd7-9be1-6844f454bf48"}
{"component":"player-command","phase":"authorization","correlationId":"ceb55819-0092-4cd7-9be1-6844f454bf48","outcome":"allowed"}
{"component":"player-command","phase":"command","correlationId":"ceb55819-0092-4cd7-9be1-6844f454bf48"}
{"component":"player-command","phase":"mutation","correlationId":"ceb55819-0092-4cd7-9be1-6844f454bf48","outcome":"completed","replayed":true}
{"component":"player-command","phase":"consequence","correlationId":"ceb55819-0092-4cd7-9be1-6844f454bf48","replayed":true,"changes":0}
{"component":"player-command","phase":"opportunity","correlationId":"ceb55819-0092-4cd7-9be1-6844f454bf48","replayed":true,"changes":0}
{"component":"player-command","phase":"response","correlationId":"ceb55819-0092-4cd7-9be1-6844f454bf48","statusCode":200,"elapsedMs":112}
{"component":"player-command","phase":"request","correlationId":"d95ee1ce-4198-4e98-bd29-0e6133b83464"}
{"component":"player-command","phase":"authorization","correlationId":"d95ee1ce-4198-4e98-bd29-0e6133b83464","outcome":"allowed"}
{"component":"player-command","phase":"response","correlationId":"d95ee1ce-4198-4e98-bd29-0e6133b83464","statusCode":200,"elapsedMs":67}
{"component":"player-command","phase":"request","correlationId":"79e5185c-710f-4975-ae70-bc4153e7a4c0"}
{"component":"player-command","phase":"authorization","correlationId":"79e5185c-710f-4975-ae70-bc4153e7a4c0","outcome":"allowed"}
{"component":"player-command","phase":"command","correlationId":"79e5185c-710f-4975-ae70-bc4153e7a4c0"}
{"component":"player-command","phase":"mutation","correlationId":"79e5185c-710f-4975-ae70-bc4153e7a4c0","outcome":"completed","replayed":false}
{"component":"player-command","phase":"consequence","correlationId":"79e5185c-710f-4975-ae70-bc4153e7a4c0","replayed":false,"changes":1}
{"component":"player-command","phase":"opportunity","correlationId":"79e5185c-710f-4975-ae70-bc4153e7a4c0","replayed":false,"changes":1}
{"component":"player-command","phase":"response","correlationId":"79e5185c-710f-4975-ae70-bc4153e7a4c0","statusCode":200,"elapsedMs":83}
{"component":"player-command","phase":"request","correlationId":"911f5294-5b33-4ce5-8cb9-82249841deac"}
{"component":"player-command","phase":"authorization","correlationId":"911f5294-5b33-4ce5-8cb9-82249841deac","outcome":"allowed"}
{"component":"player-command","phase":"command","correlationId":"911f5294-5b33-4ce5-8cb9-82249841deac"}
{"component":"player-command","phase":"mutation","correlationId":"911f5294-5b33-4ce5-8cb9-82249841deac","outcome":"completed","replayed":true}
{"component":"player-command","phase":"consequence","correlationId":"911f5294-5b33-4ce5-8cb9-82249841deac","replayed":true,"changes":0}
{"component":"player-command","phase":"opportunity","correlationId":"911f5294-5b33-4ce5-8cb9-82249841deac","replayed":true,"changes":0}
{"component":"player-command","phase":"response","correlationId":"911f5294-5b33-4ce5-8cb9-82249841deac","statusCode":200,"elapsedMs":33}
{"component":"player-command","phase":"request","correlationId":"5412ad82-66aa-467d-9d8d-ace26b19ba74"}
{"component":"player-command","phase":"authorization","correlationId":"5412ad82-66aa-467d-9d8d-ace26b19ba74","outcome":"allowed"}
{"component":"player-command","phase":"response","correlationId":"5412ad82-66aa-467d-9d8d-ace26b19ba74","statusCode":200,"elapsedMs":77}
{"component":"player-command","phase":"request","correlationId":"4099738f-64a5-4287-b730-7f5954a1c936"}
{"component":"player-command","phase":"authorization","correlationId":"4099738f-64a5-4287-b730-7f5954a1c936","outcome":"allowed"}
{"component":"player-command","phase":"command","correlationId":"4099738f-64a5-4287-b730-7f5954a1c936"}
{"component":"player-command","phase":"mutation","correlationId":"4099738f-64a5-4287-b730-7f5954a1c936","outcome":"completed","replayed":false}
{"component":"player-command","phase":"consequence","correlationId":"4099738f-64a5-4287-b730-7f5954a1c936","replayed":false,"changes":1}
{"component":"player-command","phase":"opportunity","correlationId":"4099738f-64a5-4287-b730-7f5954a1c936","replayed":false,"changes":1}
{"component":"player-command","phase":"response","correlationId":"4099738f-64a5-4287-b730-7f5954a1c936","statusCode":200,"elapsedMs":80}
{"component":"player-command","phase":"request","correlationId":"832089c5-df98-42d0-a567-3310ad72172a"}
{"component":"player-command","phase":"authorization","correlationId":"832089c5-df98-42d0-a567-3310ad72172a","outcome":"allowed"}
{"component":"player-command","phase":"command","correlationId":"832089c5-df98-42d0-a567-3310ad72172a"}
{"component":"player-command","phase":"mutation","correlationId":"832089c5-df98-42d0-a567-3310ad72172a","outcome":"completed","replayed":true}
{"component":"player-command","phase":"consequence","correlationId":"832089c5-df98-42d0-a567-3310ad72172a","replayed":true,"changes":0}
{"component":"player-command","phase":"opportunity","correlationId":"832089c5-df98-42d0-a567-3310ad72172a","replayed":true,"changes":0}
{"component":"player-command","phase":"response","correlationId":"832089c5-df98-42d0-a567-3310ad72172a","statusCode":200,"elapsedMs":32}
{"component":"player-command","phase":"request","correlationId":"6fd16a78-8518-4bd6-9746-443fe09264f1"}
{"component":"player-command","phase":"authorization","correlationId":"6fd16a78-8518-4bd6-9746-443fe09264f1","outcome":"allowed"}
{"component":"player-command","phase":"response","correlationId":"6fd16a78-8518-4bd6-9746-443fe09264f1","statusCode":200,"elapsedMs":70}
{"component":"player-command","phase":"request","correlationId":"f23fbb40-83bb-4dfd-a2e0-edbdaeca4a50"}
{"component":"player-command","phase":"authorization","correlationId":"f23fbb40-83bb-4dfd-a2e0-edbdaeca4a50","outcome":"allowed"}
{"component":"player-command","phase":"command","correlationId":"f23fbb40-83bb-4dfd-a2e0-edbdaeca4a50"}
{"component":"player-command","phase":"mutation","correlationId":"f23fbb40-83bb-4dfd-a2e0-edbdaeca4a50","outcome":"completed","replayed":false}
{"component":"player-command","phase":"consequence","correlationId":"f23fbb40-83bb-4dfd-a2e0-edbdaeca4a50","replayed":false,"changes":1}
{"component":"player-command","phase":"opportunity","correlationId":"f23fbb40-83bb-4dfd-a2e0-edbdaeca4a50","replayed":false,"changes":1}
{"component":"player-command","phase":"response","correlationId":"f23fbb40-83bb-4dfd-a2e0-edbdaeca4a50","statusCode":200,"elapsedMs":70}
{"component":"player-command","phase":"request","correlationId":"50afe378-24bc-49de-8b49-b5750461fe54"}
{"component":"player-command","phase":"authorization","correlationId":"50afe378-24bc-49de-8b49-b5750461fe54","outcome":"allowed"}
{"component":"player-command","phase":"command","correlationId":"50afe378-24bc-49de-8b49-b5750461fe54"}
{"component":"player-command","phase":"mutation","correlationId":"50afe378-24bc-49de-8b49-b5750461fe54","outcome":"completed","replayed":true}
{"component":"player-command","phase":"consequence","correlationId":"50afe378-24bc-49de-8b49-b5750461fe54","replayed":true,"changes":0}
{"component":"player-command","phase":"opportunity","correlationId":"50afe378-24bc-49de-8b49-b5750461fe54","replayed":true,"changes":0}
{"component":"player-command","phase":"response","correlationId":"50afe378-24bc-49de-8b49-b5750461fe54","statusCode":200,"elapsedMs":32}
{"component":"player-command","phase":"request","correlationId":"9cfd9d7f-536d-4c73-9892-9202f04fc05b"}
{"component":"player-command","phase":"authorization","correlationId":"9cfd9d7f-536d-4c73-9892-9202f04fc05b","outcome":"allowed"}
{"component":"player-command","phase":"response","correlationId":"9cfd9d7f-536d-4c73-9892-9202f04fc05b","statusCode":200,"elapsedMs":71}
{"component":"player-command","phase":"request","correlationId":"2d9b1d68-41ba-49b6-9d23-96dfbd2e69a5"}
{"component":"player-command","phase":"authorization","correlationId":"2d9b1d68-41ba-49b6-9d23-96dfbd2e69a5","outcome":"allowed"}
{"component":"player-command","phase":"command","correlationId":"2d9b1d68-41ba-49b6-9d23-96dfbd2e69a5"}
{"component":"player-command","phase":"mutation","correlationId":"2d9b1d68-41ba-49b6-9d23-96dfbd2e69a5","outcome":"completed","replayed":false}
{"component":"player-command","phase":"consequence","correlationId":"2d9b1d68-41ba-49b6-9d23-96dfbd2e69a5","replayed":false,"changes":1}
{"component":"player-command","phase":"opportunity","correlationId":"2d9b1d68-41ba-49b6-9d23-96dfbd2e69a5","replayed":false,"changes":1}
{"component":"player-command","phase":"response","correlationId":"2d9b1d68-41ba-49b6-9d23-96dfbd2e69a5","statusCode":200,"elapsedMs":72}
{"component":"player-command","phase":"request","correlationId":"b0144119-a35a-4207-86dc-fe7fd750fb06"}
{"component":"player-command","phase":"authorization","correlationId":"b0144119-a35a-4207-86dc-fe7fd750fb06","outcome":"allowed"}
{"component":"player-command","phase":"command","correlationId":"b0144119-a35a-4207-86dc-fe7fd750fb06"}
{"component":"player-command","phase":"mutation","correlationId":"b0144119-a35a-4207-86dc-fe7fd750fb06","outcome":"completed","replayed":true}
{"component":"player-command","phase":"consequence","correlationId":"b0144119-a35a-4207-86dc-fe7fd750fb06","replayed":true,"changes":0}
{"component":"player-command","phase":"opportunity","correlationId":"b0144119-a35a-4207-86dc-fe7fd750fb06","replayed":true,"changes":0}
{"component":"player-command","phase":"response","correlationId":"b0144119-a35a-4207-86dc-fe7fd750fb06","statusCode":200,"elapsedMs":29}
{"component":"player-command","phase":"request","correlationId":"9385af9b-c42e-47a0-bf63-1c482e5e6521"}
{"component":"player-command","phase":"authorization","correlationId":"9385af9b-c42e-47a0-bf63-1c482e5e6521","outcome":"allowed"}
{"component":"player-command","phase":"response","correlationId":"9385af9b-c42e-47a0-bf63-1c482e5e6521","statusCode":200,"elapsedMs":74}
{"component":"player-command","phase":"request","correlationId":"99b2ed3d-ef32-4a5b-afe8-760fdd65934b"}
{"component":"player-command","phase":"authorization","correlationId":"99b2ed3d-ef32-4a5b-afe8-760fdd65934b","outcome":"allowed"}
{"component":"player-command","phase":"command","correlationId":"99b2ed3d-ef32-4a5b-afe8-760fdd65934b"}
{"component":"player-command","phase":"mutation","correlationId":"99b2ed3d-ef32-4a5b-afe8-760fdd65934b","outcome":"completed","replayed":false}
{"component":"player-command","phase":"consequence","correlationId":"99b2ed3d-ef32-4a5b-afe8-760fdd65934b","replayed":false,"changes":1}
{"component":"player-command","phase":"opportunity","correlationId":"99b2ed3d-ef32-4a5b-afe8-760fdd65934b","replayed":false,"changes":1}
{"component":"player-command","phase":"response","correlationId":"99b2ed3d-ef32-4a5b-afe8-760fdd65934b","statusCode":200,"elapsedMs":83}
{"component":"player-command","phase":"request","correlationId":"dc1cd1c6-7825-4762-b10a-a06976c02df7"}
{"component":"player-command","phase":"authorization","correlationId":"dc1cd1c6-7825-4762-b10a-a06976c02df7","outcome":"allowed"}
{"component":"player-command","phase":"command","correlationId":"dc1cd1c6-7825-4762-b10a-a06976c02df7"}
{"component":"player-command","phase":"mutation","correlationId":"dc1cd1c6-7825-4762-b10a-a06976c02df7","outcome":"completed","replayed":true}
{"component":"player-command","phase":"consequence","correlationId":"dc1cd1c6-7825-4762-b10a-a06976c02df7","replayed":true,"changes":0}
{"component":"player-command","phase":"opportunity","correlationId":"dc1cd1c6-7825-4762-b10a-a06976c02df7","replayed":true,"changes":0}
{"component":"player-command","phase":"response","correlationId":"dc1cd1c6-7825-4762-b10a-a06976c02df7","statusCode":200,"elapsedMs":29}
{"component":"player-command","phase":"request","correlationId":"d95188ee-8e4f-4fce-8bb9-9ca1a16daf13"}
{"component":"player-command","phase":"authorization","correlationId":"d95188ee-8e4f-4fce-8bb9-9ca1a16daf13","outcome":"allowed"}
{"component":"player-command","phase":"response","correlationId":"d95188ee-8e4f-4fce-8bb9-9ca1a16daf13","statusCode":200,"elapsedMs":79}
{"component":"player-command","phase":"request","correlationId":"ad5cc17e-1278-483b-96e3-e795a2dc9aca"}
{"component":"player-command","phase":"authorization","correlationId":"ad5cc17e-1278-483b-96e3-e795a2dc9aca","outcome":"allowed"}
{"component":"player-command","phase":"command","correlationId":"ad5cc17e-1278-483b-96e3-e795a2dc9aca"}
{"component":"player-command","phase":"mutation","correlationId":"ad5cc17e-1278-483b-96e3-e795a2dc9aca","outcome":"completed","replayed":false}
{"component":"player-command","phase":"consequence","correlationId":"ad5cc17e-1278-483b-96e3-e795a2dc9aca","replayed":false,"changes":1}
{"component":"player-command","phase":"opportunity","correlationId":"ad5cc17e-1278-483b-96e3-e795a2dc9aca","replayed":false,"changes":1}
{"component":"player-command","phase":"response","correlationId":"ad5cc17e-1278-483b-96e3-e795a2dc9aca","statusCode":200,"elapsedMs":90}
{"component":"player-command","phase":"request","correlationId":"0ba25de5-00ec-4934-b2ec-a4a8f89df9ba"}
{"component":"player-command","phase":"authorization","correlationId":"0ba25de5-00ec-4934-b2ec-a4a8f89df9ba","outcome":"allowed"}
{"component":"player-command","phase":"command","correlationId":"0ba25de5-00ec-4934-b2ec-a4a8f89df9ba"}
{"component":"player-command","phase":"mutation","correlationId":"0ba25de5-00ec-4934-b2ec-a4a8f89df9ba","outcome":"completed","replayed":true}
{"component":"player-command","phase":"consequence","correlationId":"0ba25de5-00ec-4934-b2ec-a4a8f89df9ba","replayed":true,"changes":0}
{"component":"player-command","phase":"opportunity","correlationId":"0ba25de5-00ec-4934-b2ec-a4a8f89df9ba","replayed":true,"changes":0}
{"component":"player-command","phase":"response","correlationId":"0ba25de5-00ec-4934-b2ec-a4a8f89df9ba","statusCode":200,"elapsedMs":33}
{"component":"player-command","phase":"request","correlationId":"5f4e008d-4237-45a8-a0b6-fb455cc75e74"}
{"component":"player-command","phase":"authorization","correlationId":"5f4e008d-4237-45a8-a0b6-fb455cc75e74","outcome":"allowed"}
{"component":"player-command","phase":"response","correlationId":"5f4e008d-4237-45a8-a0b6-fb455cc75e74","statusCode":200,"elapsedMs":81}
{"component":"player-command","phase":"request","correlationId":"a7c41e81-74a5-4375-b34f-119a465ffacd"}
{"component":"player-command","phase":"authorization","correlationId":"a7c41e81-74a5-4375-b34f-119a465ffacd","outcome":"allowed"}
{"component":"player-command","phase":"command","correlationId":"a7c41e81-74a5-4375-b34f-119a465ffacd"}
{"component":"player-command","phase":"mutation","correlationId":"a7c41e81-74a5-4375-b34f-119a465ffacd","outcome":"completed","replayed":false}
{"component":"player-command","phase":"consequence","correlationId":"a7c41e81-74a5-4375-b34f-119a465ffacd","replayed":false,"changes":1}
{"component":"player-command","phase":"opportunity","correlationId":"a7c41e81-74a5-4375-b34f-119a465ffacd","replayed":false,"changes":1}
{"component":"player-command","phase":"response","correlationId":"a7c41e81-74a5-4375-b34f-119a465ffacd","statusCode":200,"elapsedMs":92}
{"component":"player-command","phase":"request","correlationId":"3c9b085e-a3d3-4101-b5f5-275df37e3c75"}
{"component":"player-command","phase":"authorization","correlationId":"3c9b085e-a3d3-4101-b5f5-275df37e3c75","outcome":"allowed"}
{"component":"player-command","phase":"command","correlationId":"3c9b085e-a3d3-4101-b5f5-275df37e3c75"}
{"component":"player-command","phase":"mutation","correlationId":"3c9b085e-a3d3-4101-b5f5-275df37e3c75","outcome":"completed","replayed":true}
{"component":"player-command","phase":"consequence","correlationId":"3c9b085e-a3d3-4101-b5f5-275df37e3c75","replayed":true,"changes":0}
{"component":"player-command","phase":"opportunity","correlationId":"3c9b085e-a3d3-4101-b5f5-275df37e3c75","replayed":true,"changes":0}
{"component":"player-command","phase":"response","correlationId":"3c9b085e-a3d3-4101-b5f5-275df37e3c75","statusCode":200,"elapsedMs":33}
{"component":"player-command","phase":"request","correlationId":"cea471f7-3dde-4d26-8cac-1e2283f264f7"}
{"component":"player-command","phase":"authorization","correlationId":"cea471f7-3dde-4d26-8cac-1e2283f264f7","outcome":"allowed"}
{"component":"player-command","phase":"response","correlationId":"cea471f7-3dde-4d26-8cac-1e2283f264f7","statusCode":200,"elapsedMs":73}
{"component":"player-command","phase":"request","correlationId":"1449530f-8638-459d-a9c6-b380f8c9a17e"}
{"component":"player-command","phase":"authorization","correlationId":"1449530f-8638-459d-a9c6-b380f8c9a17e","outcome":"allowed"}
{"component":"player-command","phase":"command","correlationId":"1449530f-8638-459d-a9c6-b380f8c9a17e"}
{"component":"player-command","phase":"mutation","correlationId":"1449530f-8638-459d-a9c6-b380f8c9a17e","outcome":"completed","replayed":false}
{"component":"player-command","phase":"consequence","correlationId":"1449530f-8638-459d-a9c6-b380f8c9a17e","replayed":false,"changes":1}
{"component":"player-command","phase":"opportunity","correlationId":"1449530f-8638-459d-a9c6-b380f8c9a17e","replayed":false,"changes":1}
{"component":"player-command","phase":"response","correlationId":"1449530f-8638-459d-a9c6-b380f8c9a17e","statusCode":200,"elapsedMs":83}
{"component":"player-command","phase":"request","correlationId":"5ef401a4-5fd6-4a41-83c1-306aeeb619c0"}
{"component":"player-command","phase":"authorization","correlationId":"5ef401a4-5fd6-4a41-83c1-306aeeb619c0","outcome":"allowed"}
{"component":"player-command","phase":"command","correlationId":"5ef401a4-5fd6-4a41-83c1-306aeeb619c0"}
{"component":"player-command","phase":"mutation","correlationId":"5ef401a4-5fd6-4a41-83c1-306aeeb619c0","outcome":"completed","replayed":true}
{"component":"player-command","phase":"consequence","correlationId":"5ef401a4-5fd6-4a41-83c1-306aeeb619c0","replayed":true,"changes":0}
{"component":"player-command","phase":"opportunity","correlationId":"5ef401a4-5fd6-4a41-83c1-306aeeb619c0","replayed":true,"changes":0}
{"component":"player-command","phase":"response","correlationId":"5ef401a4-5fd6-4a41-83c1-306aeeb619c0","statusCode":200,"elapsedMs":35}
{"component":"player-command","phase":"request","correlationId":"ba21d8d3-cf0f-4832-8915-6a4459ef0b3e"}
{"component":"player-command","phase":"authorization","correlationId":"ba21d8d3-cf0f-4832-8915-6a4459ef0b3e","outcome":"allowed"}
{"component":"player-command","phase":"response","correlationId":"ba21d8d3-cf0f-4832-8915-6a4459ef0b3e","statusCode":200,"elapsedMs":80}
{"component":"player-command","phase":"request","correlationId":"3eba717c-4526-4284-82d7-f4430e655978"}
{"component":"player-command","phase":"authorization","correlationId":"3eba717c-4526-4284-82d7-f4430e655978","outcome":"allowed"}
{"component":"player-command","phase":"command","correlationId":"3eba717c-4526-4284-82d7-f4430e655978"}
{"component":"player-command","phase":"mutation","correlationId":"3eba717c-4526-4284-82d7-f4430e655978","outcome":"completed","replayed":false}
{"component":"player-command","phase":"consequence","correlationId":"3eba717c-4526-4284-82d7-f4430e655978","replayed":false,"changes":1}
{"component":"player-command","phase":"opportunity","correlationId":"3eba717c-4526-4284-82d7-f4430e655978","replayed":false,"changes":1}
{"component":"player-command","phase":"response","correlationId":"3eba717c-4526-4284-82d7-f4430e655978","statusCode":200,"elapsedMs":89}
{"component":"player-command","phase":"request","correlationId":"6620ae93-2619-47e5-b892-ae8c3b758604"}
{"component":"player-command","phase":"authorization","correlationId":"6620ae93-2619-47e5-b892-ae8c3b758604","outcome":"allowed"}
{"component":"player-command","phase":"command","correlationId":"6620ae93-2619-47e5-b892-ae8c3b758604"}
{"component":"player-command","phase":"mutation","correlationId":"6620ae93-2619-47e5-b892-ae8c3b758604","outcome":"completed","replayed":true}
{"component":"player-command","phase":"consequence","correlationId":"6620ae93-2619-47e5-b892-ae8c3b758604","replayed":true,"changes":0}
{"component":"player-command","phase":"opportunity","correlationId":"6620ae93-2619-47e5-b892-ae8c3b758604","replayed":true,"changes":0}
{"component":"player-command","phase":"response","correlationId":"6620ae93-2619-47e5-b892-ae8c3b758604","statusCode":200,"elapsedMs":32}
{"component":"player-command","phase":"request","correlationId":"60715bba-ff70-4410-b5f4-13e7ccb6a0ec"}
{"component":"player-command","phase":"authorization","correlationId":"60715bba-ff70-4410-b5f4-13e7ccb6a0ec","outcome":"allowed"}
{"component":"player-command","phase":"response","correlationId":"60715bba-ff70-4410-b5f4-13e7ccb6a0ec","statusCode":200,"elapsedMs":76}
{"component":"player-command","phase":"request","correlationId":"8613eaf7-b752-4677-8073-d9bd54ff5a6c"}
{"component":"player-command","phase":"authorization","correlationId":"8613eaf7-b752-4677-8073-d9bd54ff5a6c","outcome":"allowed"}
{"component":"player-command","phase":"command","correlationId":"8613eaf7-b752-4677-8073-d9bd54ff5a6c"}
{"component":"player-command","phase":"mutation","correlationId":"8613eaf7-b752-4677-8073-d9bd54ff5a6c","outcome":"completed","replayed":false}
{"component":"player-command","phase":"consequence","correlationId":"8613eaf7-b752-4677-8073-d9bd54ff5a6c","replayed":false,"changes":1}
{"component":"player-command","phase":"opportunity","correlationId":"8613eaf7-b752-4677-8073-d9bd54ff5a6c","replayed":false,"changes":1}
{"component":"player-command","phase":"response","correlationId":"8613eaf7-b752-4677-8073-d9bd54ff5a6c","statusCode":200,"elapsedMs":87}
{"component":"player-command","phase":"request","correlationId":"1d51e870-2eac-465f-9b3b-0469959d94f3"}
{"component":"player-command","phase":"authorization","correlationId":"1d51e870-2eac-465f-9b3b-0469959d94f3","outcome":"allowed"}
{"component":"player-command","phase":"command","correlationId":"1d51e870-2eac-465f-9b3b-0469959d94f3"}
{"component":"player-command","phase":"mutation","correlationId":"1d51e870-2eac-465f-9b3b-0469959d94f3","outcome":"completed","replayed":true}
{"component":"player-command","phase":"consequence","correlationId":"1d51e870-2eac-465f-9b3b-0469959d94f3","replayed":true,"changes":0}
{"component":"player-command","phase":"opportunity","correlationId":"1d51e870-2eac-465f-9b3b-0469959d94f3","replayed":true,"changes":0}
{"component":"player-command","phase":"response","correlationId":"1d51e870-2eac-465f-9b3b-0469959d94f3","statusCode":200,"elapsedMs":40}
{"component":"player-command","phase":"request","correlationId":"bf7943b4-9b2a-49cf-92f0-7c8c9be765b4"}
{"component":"player-command","phase":"authorization","correlationId":"bf7943b4-9b2a-49cf-92f0-7c8c9be765b4","outcome":"allowed"}
{"component":"player-command","phase":"response","correlationId":"bf7943b4-9b2a-49cf-92f0-7c8c9be765b4","statusCode":200,"elapsedMs":82}
{"component":"player-command","phase":"request","correlationId":"d69aa16b-6341-4f62-8b32-e3c9c9f3c82f"}
{"component":"player-command","phase":"authorization","correlationId":"d69aa16b-6341-4f62-8b32-e3c9c9f3c82f","outcome":"allowed"}
{"component":"player-command","phase":"command","correlationId":"d69aa16b-6341-4f62-8b32-e3c9c9f3c82f"}
{"component":"player-command","phase":"mutation","correlationId":"d69aa16b-6341-4f62-8b32-e3c9c9f3c82f","outcome":"completed","replayed":false}
{"component":"player-command","phase":"consequence","correlationId":"d69aa16b-6341-4f62-8b32-e3c9c9f3c82f","replayed":false,"changes":1}
{"component":"player-command","phase":"opportunity","correlationId":"d69aa16b-6341-4f62-8b32-e3c9c9f3c82f","replayed":false,"changes":1}
{"component":"player-command","phase":"response","correlationId":"d69aa16b-6341-4f62-8b32-e3c9c9f3c82f","statusCode":200,"elapsedMs":94}
{"component":"player-command","phase":"request","correlationId":"ec3bc6ef-4454-4692-9195-4966b955b741"}
{"component":"player-command","phase":"authorization","correlationId":"ec3bc6ef-4454-4692-9195-4966b955b741","outcome":"allowed"}
{"component":"player-command","phase":"command","correlationId":"ec3bc6ef-4454-4692-9195-4966b955b741"}
{"component":"player-command","phase":"mutation","correlationId":"ec3bc6ef-4454-4692-9195-4966b955b741","outcome":"completed","replayed":true}
{"component":"player-command","phase":"consequence","correlationId":"ec3bc6ef-4454-4692-9195-4966b955b741","replayed":true,"changes":0}
{"component":"player-command","phase":"opportunity","correlationId":"ec3bc6ef-4454-4692-9195-4966b955b741","replayed":true,"changes":0}
{"component":"player-command","phase":"response","correlationId":"ec3bc6ef-4454-4692-9195-4966b955b741","statusCode":200,"elapsedMs":34}
{"component":"player-command","phase":"request","correlationId":"a54969de-d433-4251-986c-1fc26505deb9"}
{"component":"player-command","phase":"authorization","correlationId":"a54969de-d433-4251-986c-1fc26505deb9","outcome":"allowed"}
{"component":"player-command","phase":"response","correlationId":"a54969de-d433-4251-986c-1fc26505deb9","statusCode":200,"elapsedMs":80}
{"component":"player-command","phase":"request","correlationId":"41925425-7468-48d3-b99b-682c72049d9c"}
{"component":"player-command","phase":"authorization","correlationId":"41925425-7468-48d3-b99b-682c72049d9c","outcome":"allowed"}
{"component":"player-command","phase":"command","correlationId":"41925425-7468-48d3-b99b-682c72049d9c"}
{"component":"player-command","phase":"mutation","correlationId":"41925425-7468-48d3-b99b-682c72049d9c","outcome":"completed","replayed":false}
{"component":"player-command","phase":"consequence","correlationId":"41925425-7468-48d3-b99b-682c72049d9c","replayed":false,"changes":1}
{"component":"player-command","phase":"opportunity","correlationId":"41925425-7468-48d3-b99b-682c72049d9c","replayed":false,"changes":1}
{"component":"player-command","phase":"response","correlationId":"41925425-7468-48d3-b99b-682c72049d9c","statusCode":200,"elapsedMs":87}
{"component":"player-command","phase":"request","correlationId":"457628cc-9132-413c-a296-8a92bec18b46"}
{"component":"player-command","phase":"authorization","correlationId":"457628cc-9132-413c-a296-8a92bec18b46","outcome":"allowed"}
{"component":"player-command","phase":"command","correlationId":"457628cc-9132-413c-a296-8a92bec18b46"}
{"component":"player-command","phase":"mutation","correlationId":"457628cc-9132-413c-a296-8a92bec18b46","outcome":"completed","replayed":true}
{"component":"player-command","phase":"consequence","correlationId":"457628cc-9132-413c-a296-8a92bec18b46","replayed":true,"changes":0}
{"component":"player-command","phase":"opportunity","correlationId":"457628cc-9132-413c-a296-8a92bec18b46","replayed":true,"changes":0}
{"component":"player-command","phase":"response","correlationId":"457628cc-9132-413c-a296-8a92bec18b46","statusCode":200,"elapsedMs":39}
{"component":"player-command","phase":"request","correlationId":"8b2c4eff-8109-44cd-aa1c-3fab7acf4603"}
{"component":"player-command","phase":"authorization","correlationId":"8b2c4eff-8109-44cd-aa1c-3fab7acf4603","outcome":"allowed"}
{"component":"player-command","phase":"response","correlationId":"8b2c4eff-8109-44cd-aa1c-3fab7acf4603","statusCode":200,"elapsedMs":81}
{"component":"player-command","phase":"request","correlationId":"f6ccfca9-533b-4ca9-8367-d06a96894b0c"}
{"component":"player-command","phase":"authorization","correlationId":"f6ccfca9-533b-4ca9-8367-d06a96894b0c","outcome":"allowed"}
{"component":"player-command","phase":"command","correlationId":"f6ccfca9-533b-4ca9-8367-d06a96894b0c"}
{"component":"player-command","phase":"mutation","correlationId":"f6ccfca9-533b-4ca9-8367-d06a96894b0c","outcome":"completed","replayed":false}
{"component":"player-command","phase":"consequence","correlationId":"f6ccfca9-533b-4ca9-8367-d06a96894b0c","replayed":false,"changes":1}
{"component":"player-command","phase":"opportunity","correlationId":"f6ccfca9-533b-4ca9-8367-d06a96894b0c","replayed":false,"changes":1}
{"component":"player-command","phase":"response","correlationId":"f6ccfca9-533b-4ca9-8367-d06a96894b0c","statusCode":200,"elapsedMs":87}
{"component":"player-command","phase":"request","correlationId":"32f6f0a5-3b5f-4deb-981f-fc6b4a333ee0"}
{"component":"player-command","phase":"authorization","correlationId":"32f6f0a5-3b5f-4deb-981f-fc6b4a333ee0","outcome":"allowed"}
{"component":"player-command","phase":"command","correlationId":"32f6f0a5-3b5f-4deb-981f-fc6b4a333ee0"}
{"component":"player-command","phase":"mutation","correlationId":"32f6f0a5-3b5f-4deb-981f-fc6b4a333ee0","outcome":"completed","replayed":true}
{"component":"player-command","phase":"consequence","correlationId":"32f6f0a5-3b5f-4deb-981f-fc6b4a333ee0","replayed":true,"changes":0}
{"component":"player-command","phase":"opportunity","correlationId":"32f6f0a5-3b5f-4deb-981f-fc6b4a333ee0","replayed":true,"changes":0}
{"component":"player-command","phase":"response","correlationId":"32f6f0a5-3b5f-4deb-981f-fc6b4a333ee0","statusCode":200,"elapsedMs":28}
{"component":"player-command","phase":"request","correlationId":"57fc17a8-568f-4e7b-86a6-01d6626df796"}
{"component":"player-command","phase":"authorization","correlationId":"57fc17a8-568f-4e7b-86a6-01d6626df796","outcome":"allowed"}
{"component":"player-command","phase":"response","correlationId":"57fc17a8-568f-4e7b-86a6-01d6626df796","statusCode":200,"elapsedMs":72}
{"component":"player-command","phase":"request","correlationId":"9c79cdab-636a-4ae3-be04-7c56763f7891"}
{"component":"player-command","phase":"authorization","correlationId":"9c79cdab-636a-4ae3-be04-7c56763f7891","outcome":"allowed"}
{"component":"player-command","phase":"command","correlationId":"9c79cdab-636a-4ae3-be04-7c56763f7891"}
{"component":"player-command","phase":"mutation","correlationId":"9c79cdab-636a-4ae3-be04-7c56763f7891","outcome":"completed","replayed":false}
{"component":"player-command","phase":"consequence","correlationId":"9c79cdab-636a-4ae3-be04-7c56763f7891","replayed":false,"changes":1}
{"component":"player-command","phase":"opportunity","correlationId":"9c79cdab-636a-4ae3-be04-7c56763f7891","replayed":false,"changes":1}
{"component":"player-command","phase":"response","correlationId":"9c79cdab-636a-4ae3-be04-7c56763f7891","statusCode":200,"elapsedMs":82}
{"component":"player-command","phase":"request","correlationId":"ced8efae-5c89-4b05-b74e-f57bc369e87c"}
{"component":"player-command","phase":"authorization","correlationId":"ced8efae-5c89-4b05-b74e-f57bc369e87c","outcome":"allowed"}
{"component":"player-command","phase":"command","correlationId":"ced8efae-5c89-4b05-b74e-f57bc369e87c"}
{"component":"player-command","phase":"mutation","correlationId":"ced8efae-5c89-4b05-b74e-f57bc369e87c","outcome":"completed","replayed":true}
{"component":"player-command","phase":"consequence","correlationId":"ced8efae-5c89-4b05-b74e-f57bc369e87c","replayed":true,"changes":0}
{"component":"player-command","phase":"opportunity","correlationId":"ced8efae-5c89-4b05-b74e-f57bc369e87c","replayed":true,"changes":0}
{"component":"player-command","phase":"response","correlationId":"ced8efae-5c89-4b05-b74e-f57bc369e87c","statusCode":200,"elapsedMs":31}
{"component":"player-command","phase":"request","correlationId":"ccef7030-324e-49b7-99ac-ee1637de7b42"}
{"component":"player-command","phase":"authorization","correlationId":"ccef7030-324e-49b7-99ac-ee1637de7b42","outcome":"allowed"}
{"component":"player-command","phase":"response","correlationId":"ccef7030-324e-49b7-99ac-ee1637de7b42","statusCode":200,"elapsedMs":71}
{"component":"player-command","phase":"request","correlationId":"3561ce9f-96d9-48c1-86d0-a258333a9550"}
{"component":"player-command","phase":"authorization","correlationId":"3561ce9f-96d9-48c1-86d0-a258333a9550","outcome":"allowed"}
{"component":"player-command","phase":"command","correlationId":"3561ce9f-96d9-48c1-86d0-a258333a9550"}
{"component":"player-command","phase":"mutation","correlationId":"3561ce9f-96d9-48c1-86d0-a258333a9550","outcome":"completed","replayed":false}
{"component":"player-command","phase":"consequence","correlationId":"3561ce9f-96d9-48c1-86d0-a258333a9550","replayed":false,"changes":1}
{"component":"player-command","phase":"opportunity","correlationId":"3561ce9f-96d9-48c1-86d0-a258333a9550","replayed":false,"changes":1}
{"component":"player-command","phase":"response","correlationId":"3561ce9f-96d9-48c1-86d0-a258333a9550","statusCode":200,"elapsedMs":80}
{"component":"player-command","phase":"request","correlationId":"23566bac-5aab-4dfa-8a7e-63e5e0b11ca5"}
{"component":"player-command","phase":"authorization","correlationId":"23566bac-5aab-4dfa-8a7e-63e5e0b11ca5","outcome":"allowed"}
{"component":"player-command","phase":"command","correlationId":"23566bac-5aab-4dfa-8a7e-63e5e0b11ca5"}
{"component":"player-command","phase":"mutation","correlationId":"23566bac-5aab-4dfa-8a7e-63e5e0b11ca5","outcome":"completed","replayed":true}
{"component":"player-command","phase":"consequence","correlationId":"23566bac-5aab-4dfa-8a7e-63e5e0b11ca5","replayed":true,"changes":0}
{"component":"player-command","phase":"opportunity","correlationId":"23566bac-5aab-4dfa-8a7e-63e5e0b11ca5","replayed":true,"changes":0}
{"component":"player-command","phase":"response","correlationId":"23566bac-5aab-4dfa-8a7e-63e5e0b11ca5","statusCode":200,"elapsedMs":32}
{"component":"player-command","phase":"request","correlationId":"b2a6d4ad-2552-4b31-a235-3c749d4482f9"}
{"component":"player-command","phase":"authorization","correlationId":"b2a6d4ad-2552-4b31-a235-3c749d4482f9","outcome":"allowed"}
{"component":"player-command","phase":"response","correlationId":"b2a6d4ad-2552-4b31-a235-3c749d4482f9","statusCode":200,"elapsedMs":89}
{"component":"player-command","phase":"request","correlationId":"c28ce3dd-b640-4ef6-96f1-1956c0c7fda6"}
{"component":"player-command","phase":"authorization","correlationId":"c28ce3dd-b640-4ef6-96f1-1956c0c7fda6","outcome":"allowed"}
{"component":"player-command","phase":"command","correlationId":"c28ce3dd-b640-4ef6-96f1-1956c0c7fda6"}
{"component":"player-command","phase":"mutation","correlationId":"c28ce3dd-b640-4ef6-96f1-1956c0c7fda6","outcome":"completed","replayed":false}
{"component":"player-command","phase":"consequence","correlationId":"c28ce3dd-b640-4ef6-96f1-1956c0c7fda6","replayed":false,"changes":1}
{"component":"player-command","phase":"opportunity","correlationId":"c28ce3dd-b640-4ef6-96f1-1956c0c7fda6","replayed":false,"changes":1}
{"component":"player-command","phase":"response","correlationId":"c28ce3dd-b640-4ef6-96f1-1956c0c7fda6","statusCode":200,"elapsedMs":106}
{"component":"player-command","phase":"request","correlationId":"26e7754d-0b3d-42ff-bab5-93a70fbb1fa5"}
{"component":"player-command","phase":"authorization","correlationId":"26e7754d-0b3d-42ff-bab5-93a70fbb1fa5","outcome":"allowed"}
{"component":"player-command","phase":"command","correlationId":"26e7754d-0b3d-42ff-bab5-93a70fbb1fa5"}
{"component":"player-command","phase":"mutation","correlationId":"26e7754d-0b3d-42ff-bab5-93a70fbb1fa5","outcome":"completed","replayed":true}
{"component":"player-command","phase":"consequence","correlationId":"26e7754d-0b3d-42ff-bab5-93a70fbb1fa5","replayed":true,"changes":0}
{"component":"player-command","phase":"opportunity","correlationId":"26e7754d-0b3d-42ff-bab5-93a70fbb1fa5","replayed":true,"changes":0}
{"component":"player-command","phase":"response","correlationId":"26e7754d-0b3d-42ff-bab5-93a70fbb1fa5","statusCode":200,"elapsedMs":33}
{"component":"player-command","phase":"request","correlationId":"9ac94805-1749-4e95-87c9-b3ba3fba3f8d"}
{"component":"player-command","phase":"authorization","correlationId":"9ac94805-1749-4e95-87c9-b3ba3fba3f8d","outcome":"allowed"}
{"component":"player-command","phase":"response","correlationId":"9ac94805-1749-4e95-87c9-b3ba3fba3f8d","statusCode":200,"elapsedMs":77}
{"component":"player-command","phase":"request","correlationId":"3ed3993d-dcb3-4203-b658-2e12cb330e19"}
{"component":"player-command","phase":"authorization","correlationId":"3ed3993d-dcb3-4203-b658-2e12cb330e19","outcome":"allowed"}
{"component":"player-command","phase":"command","correlationId":"3ed3993d-dcb3-4203-b658-2e12cb330e19"}
{"component":"player-command","phase":"mutation","correlationId":"3ed3993d-dcb3-4203-b658-2e12cb330e19","outcome":"completed","replayed":false}
{"component":"player-command","phase":"consequence","correlationId":"3ed3993d-dcb3-4203-b658-2e12cb330e19","replayed":false,"changes":1}
{"component":"player-command","phase":"opportunity","correlationId":"3ed3993d-dcb3-4203-b658-2e12cb330e19","replayed":false,"changes":1}
{"component":"player-command","phase":"response","correlationId":"3ed3993d-dcb3-4203-b658-2e12cb330e19","statusCode":200,"elapsedMs":74}
{"component":"player-command","phase":"request","correlationId":"2e740266-690a-40b8-8e25-d1feb000e482"}
{"component":"player-command","phase":"authorization","correlationId":"2e740266-690a-40b8-8e25-d1feb000e482","outcome":"allowed"}
{"component":"player-command","phase":"command","correlationId":"2e740266-690a-40b8-8e25-d1feb000e482"}
{"component":"player-command","phase":"mutation","correlationId":"2e740266-690a-40b8-8e25-d1feb000e482","outcome":"completed","replayed":true}
{"component":"player-command","phase":"consequence","correlationId":"2e740266-690a-40b8-8e25-d1feb000e482","replayed":true,"changes":0}
{"component":"player-command","phase":"opportunity","correlationId":"2e740266-690a-40b8-8e25-d1feb000e482","replayed":true,"changes":0}
{"component":"player-command","phase":"response","correlationId":"2e740266-690a-40b8-8e25-d1feb000e482","statusCode":200,"elapsedMs":30}
{"component":"player-command","phase":"request","correlationId":"c3b23807-a2aa-4d51-87f0-6ab10cde9132"}
{"component":"player-command","phase":"authorization","correlationId":"c3b23807-a2aa-4d51-87f0-6ab10cde9132","outcome":"allowed"}
{"component":"player-command","phase":"response","correlationId":"c3b23807-a2aa-4d51-87f0-6ab10cde9132","statusCode":200,"elapsedMs":75}
{"component":"player-command","phase":"request","correlationId":"64948533-944d-4571-b983-d44a9b4ed0d1"}
{"component":"player-command","phase":"authorization","correlationId":"64948533-944d-4571-b983-d44a9b4ed0d1","outcome":"allowed"}
{"component":"player-command","phase":"command","correlationId":"64948533-944d-4571-b983-d44a9b4ed0d1"}
{"component":"player-command","phase":"mutation","correlationId":"64948533-944d-4571-b983-d44a9b4ed0d1","outcome":"completed","replayed":false}
{"component":"player-command","phase":"consequence","correlationId":"64948533-944d-4571-b983-d44a9b4ed0d1","replayed":false,"changes":1}
{"component":"player-command","phase":"opportunity","correlationId":"64948533-944d-4571-b983-d44a9b4ed0d1","replayed":false,"changes":1}
{"component":"player-command","phase":"response","correlationId":"64948533-944d-4571-b983-d44a9b4ed0d1","statusCode":200,"elapsedMs":74}
{"component":"player-command","phase":"request","correlationId":"a4e39a68-aa71-401d-b464-39989348500c"}
{"component":"player-command","phase":"authorization","correlationId":"a4e39a68-aa71-401d-b464-39989348500c","outcome":"allowed"}
{"component":"player-command","phase":"command","correlationId":"a4e39a68-aa71-401d-b464-39989348500c"}
{"component":"player-command","phase":"mutation","correlationId":"a4e39a68-aa71-401d-b464-39989348500c","outcome":"completed","replayed":true}
{"component":"player-command","phase":"consequence","correlationId":"a4e39a68-aa71-401d-b464-39989348500c","replayed":true,"changes":0}
{"component":"player-command","phase":"opportunity","correlationId":"a4e39a68-aa71-401d-b464-39989348500c","replayed":true,"changes":0}
{"component":"player-command","phase":"response","correlationId":"a4e39a68-aa71-401d-b464-39989348500c","statusCode":200,"elapsedMs":29}
{"component":"player-command","phase":"request","correlationId":"fcbde34d-da08-4eef-a32b-a464f4382ed0"}
{"component":"player-command","phase":"authorization","correlationId":"fcbde34d-da08-4eef-a32b-a464f4382ed0","outcome":"allowed"}
{"component":"player-command","phase":"response","correlationId":"fcbde34d-da08-4eef-a32b-a464f4382ed0","statusCode":200,"elapsedMs":75}
{"component":"player-command","phase":"request","correlationId":"a61bbc3c-2840-4652-bc26-909965f38187"}
{"component":"player-command","phase":"authorization","correlationId":"a61bbc3c-2840-4652-bc26-909965f38187","outcome":"allowed"}
{"component":"player-command","phase":"command","correlationId":"a61bbc3c-2840-4652-bc26-909965f38187"}
{"component":"player-command","phase":"mutation","correlationId":"a61bbc3c-2840-4652-bc26-909965f38187","outcome":"completed","replayed":false}
{"component":"player-command","phase":"consequence","correlationId":"a61bbc3c-2840-4652-bc26-909965f38187","replayed":false,"changes":1}
{"component":"player-command","phase":"opportunity","correlationId":"a61bbc3c-2840-4652-bc26-909965f38187","replayed":false,"changes":1}
{"component":"player-command","phase":"response","correlationId":"a61bbc3c-2840-4652-bc26-909965f38187","statusCode":200,"elapsedMs":72}
{"component":"player-command","phase":"request","correlationId":"db8314e8-13c7-4b63-91e5-388a2b028c2c"}
{"component":"player-command","phase":"authorization","correlationId":"db8314e8-13c7-4b63-91e5-388a2b028c2c","outcome":"allowed"}
{"component":"player-command","phase":"command","correlationId":"db8314e8-13c7-4b63-91e5-388a2b028c2c"}
{"component":"player-command","phase":"mutation","correlationId":"db8314e8-13c7-4b63-91e5-388a2b028c2c","outcome":"completed","replayed":true}
{"component":"player-command","phase":"consequence","correlationId":"db8314e8-13c7-4b63-91e5-388a2b028c2c","replayed":true,"changes":0}
{"component":"player-command","phase":"opportunity","correlationId":"db8314e8-13c7-4b63-91e5-388a2b028c2c","replayed":true,"changes":0}
{"component":"player-command","phase":"response","correlationId":"db8314e8-13c7-4b63-91e5-388a2b028c2c","statusCode":200,"elapsedMs":28}
{"phase":"commands","round":1,"players":75,"assertions":24805}
{"component":"player-command","phase":"request","correlationId":"2d9e1f58-f7ca-4ee2-93a5-fccdd3233053"}
{"component":"player-command","phase":"authorization","correlationId":"2d9e1f58-f7ca-4ee2-93a5-fccdd3233053","outcome":"allowed"}
{"component":"player-command","phase":"response","correlationId":"2d9e1f58-f7ca-4ee2-93a5-fccdd3233053","statusCode":200,"elapsedMs":74}
{"component":"player-command","phase":"request","correlationId":"4dbba096-1ddb-4e02-afa2-8b0bd6ed9c54"}
{"component":"player-command","phase":"authorization","correlationId":"4dbba096-1ddb-4e02-afa2-8b0bd6ed9c54","outcome":"allowed"}
{"component":"player-command","phase":"command","correlationId":"4dbba096-1ddb-4e02-afa2-8b0bd6ed9c54"}
{"component":"player-command","phase":"mutation","correlationId":"4dbba096-1ddb-4e02-afa2-8b0bd6ed9c54","outcome":"completed","replayed":false}
{"component":"player-command","phase":"consequence","correlationId":"4dbba096-1ddb-4e02-afa2-8b0bd6ed9c54","replayed":false,"changes":1}
{"component":"player-command","phase":"opportunity","correlationId":"4dbba096-1ddb-4e02-afa2-8b0bd6ed9c54","replayed":false,"changes":1}
{"component":"player-command","phase":"response","correlationId":"4dbba096-1ddb-4e02-afa2-8b0bd6ed9c54","statusCode":200,"elapsedMs":72}
{"component":"player-command","phase":"request","correlationId":"2e2c9d6e-d799-4512-ba70-c74bb1c816ba"}
{"component":"player-command","phase":"authorization","correlationId":"2e2c9d6e-d799-4512-ba70-c74bb1c816ba","outcome":"allowed"}
{"component":"player-command","phase":"command","correlationId":"2e2c9d6e-d799-4512-ba70-c74bb1c816ba"}
{"component":"player-command","phase":"mutation","correlationId":"2e2c9d6e-d799-4512-ba70-c74bb1c816ba","outcome":"completed","replayed":true}
{"component":"player-command","phase":"consequence","correlationId":"2e2c9d6e-d799-4512-ba70-c74bb1c816ba","replayed":true,"changes":0}
{"component":"player-command","phase":"opportunity","correlationId":"2e2c9d6e-d799-4512-ba70-c74bb1c816ba","replayed":true,"changes":0}
{"component":"player-command","phase":"response","correlationId":"2e2c9d6e-d799-4512-ba70-c74bb1c816ba","statusCode":200,"elapsedMs":30}
{"component":"player-command","phase":"request","correlationId":"f3cc7159-1c66-44a8-b451-199105a1fd9b"}
{"component":"player-command","phase":"authorization","correlationId":"f3cc7159-1c66-44a8-b451-199105a1fd9b","outcome":"allowed"}
{"component":"player-command","phase":"response","correlationId":"f3cc7159-1c66-44a8-b451-199105a1fd9b","statusCode":200,"elapsedMs":109}
{"component":"player-command","phase":"request","correlationId":"613f7e92-0a92-47a4-9ed6-0a59e981a19d"}
{"component":"player-command","phase":"authorization","correlationId":"613f7e92-0a92-47a4-9ed6-0a59e981a19d","outcome":"allowed"}
{"component":"player-command","phase":"command","correlationId":"613f7e92-0a92-47a4-9ed6-0a59e981a19d"}
{"component":"player-command","phase":"mutation","correlationId":"613f7e92-0a92-47a4-9ed6-0a59e981a19d","outcome":"completed","replayed":false}
{"component":"player-command","phase":"consequence","correlationId":"613f7e92-0a92-47a4-9ed6-0a59e981a19d","replayed":false,"changes":1}
{"component":"player-command","phase":"opportunity","correlationId":"613f7e92-0a92-47a4-9ed6-0a59e981a19d","replayed":false,"changes":1}
{"component":"player-command","phase":"response","correlationId":"613f7e92-0a92-47a4-9ed6-0a59e981a19d","statusCode":200,"elapsedMs":82}
{"component":"player-command","phase":"request","correlationId":"1f80868a-8987-4773-b010-5d513f034878"}
{"component":"player-command","phase":"authorization","correlationId":"1f80868a-8987-4773-b010-5d513f034878","outcome":"allowed"}
{"component":"player-command","phase":"command","correlationId":"1f80868a-8987-4773-b010-5d513f034878"}
{"component":"player-command","phase":"mutation","correlationId":"1f80868a-8987-4773-b010-5d513f034878","outcome":"completed","replayed":true}
{"component":"player-command","phase":"consequence","correlationId":"1f80868a-8987-4773-b010-5d513f034878","replayed":true,"changes":0}
{"component":"player-command","phase":"opportunity","correlationId":"1f80868a-8987-4773-b010-5d513f034878","replayed":true,"changes":0}
{"component":"player-command","phase":"response","correlationId":"1f80868a-8987-4773-b010-5d513f034878","statusCode":200,"elapsedMs":28}
{"component":"player-command","phase":"request","correlationId":"90b9f4f4-b466-47e1-bcf8-a6899a903075"}
{"component":"player-command","phase":"authorization","correlationId":"90b9f4f4-b466-47e1-bcf8-a6899a903075","outcome":"allowed"}
{"component":"player-command","phase":"response","correlationId":"90b9f4f4-b466-47e1-bcf8-a6899a903075","statusCode":200,"elapsedMs":70}
{"component":"player-command","phase":"request","correlationId":"06782109-f5c2-4096-9a1d-f60b7666cdb1"}
{"component":"player-command","phase":"authorization","correlationId":"06782109-f5c2-4096-9a1d-f60b7666cdb1","outcome":"allowed"}
{"component":"player-command","phase":"command","correlationId":"06782109-f5c2-4096-9a1d-f60b7666cdb1"}
{"component":"player-command","phase":"mutation","correlationId":"06782109-f5c2-4096-9a1d-f60b7666cdb1","outcome":"completed","replayed":false}
{"component":"player-command","phase":"consequence","correlationId":"06782109-f5c2-4096-9a1d-f60b7666cdb1","replayed":false,"changes":1}
{"component":"player-command","phase":"opportunity","correlationId":"06782109-f5c2-4096-9a1d-f60b7666cdb1","replayed":false,"changes":1}
{"component":"player-command","phase":"response","correlationId":"06782109-f5c2-4096-9a1d-f60b7666cdb1","statusCode":200,"elapsedMs":75}
{"component":"player-command","phase":"request","correlationId":"6ffcf742-a8a4-4855-bcd2-86c2a23b5f86"}
{"component":"player-command","phase":"authorization","correlationId":"6ffcf742-a8a4-4855-bcd2-86c2a23b5f86","outcome":"allowed"}
{"component":"player-command","phase":"command","correlationId":"6ffcf742-a8a4-4855-bcd2-86c2a23b5f86"}
{"component":"player-command","phase":"mutation","correlationId":"6ffcf742-a8a4-4855-bcd2-86c2a23b5f86","outcome":"completed","replayed":true}
{"component":"player-command","phase":"consequence","correlationId":"6ffcf742-a8a4-4855-bcd2-86c2a23b5f86","replayed":true,"changes":0}
{"component":"player-command","phase":"opportunity","correlationId":"6ffcf742-a8a4-4855-bcd2-86c2a23b5f86","replayed":true,"changes":0}
{"component":"player-command","phase":"response","correlationId":"6ffcf742-a8a4-4855-bcd2-86c2a23b5f86","statusCode":200,"elapsedMs":30}
{"component":"player-command","phase":"request","correlationId":"b41399bc-1c70-4bd9-9866-37548abe25e7"}
{"component":"player-command","phase":"authorization","correlationId":"b41399bc-1c70-4bd9-9866-37548abe25e7","outcome":"allowed"}
{"component":"player-command","phase":"response","correlationId":"b41399bc-1c70-4bd9-9866-37548abe25e7","statusCode":200,"elapsedMs":79}
{"component":"player-command","phase":"request","correlationId":"861ccc64-9aa3-4af1-9bcb-e624259bf43c"}
{"component":"player-command","phase":"authorization","correlationId":"861ccc64-9aa3-4af1-9bcb-e624259bf43c","outcome":"allowed"}
{"component":"player-command","phase":"command","correlationId":"861ccc64-9aa3-4af1-9bcb-e624259bf43c"}
{"component":"player-command","phase":"mutation","correlationId":"861ccc64-9aa3-4af1-9bcb-e624259bf43c","outcome":"completed","replayed":false}
{"component":"player-command","phase":"consequence","correlationId":"861ccc64-9aa3-4af1-9bcb-e624259bf43c","replayed":false,"changes":1}
{"component":"player-command","phase":"opportunity","correlationId":"861ccc64-9aa3-4af1-9bcb-e624259bf43c","replayed":false,"changes":1}
{"component":"player-command","phase":"response","correlationId":"861ccc64-9aa3-4af1-9bcb-e624259bf43c","statusCode":200,"elapsedMs":75}
{"component":"player-command","phase":"request","correlationId":"2d437570-a8be-44be-9f3b-9304e3ffd247"}
{"component":"player-command","phase":"authorization","correlationId":"2d437570-a8be-44be-9f3b-9304e3ffd247","outcome":"allowed"}
{"component":"player-command","phase":"command","correlationId":"2d437570-a8be-44be-9f3b-9304e3ffd247"}
{"component":"player-command","phase":"mutation","correlationId":"2d437570-a8be-44be-9f3b-9304e3ffd247","outcome":"completed","replayed":true}
{"component":"player-command","phase":"consequence","correlationId":"2d437570-a8be-44be-9f3b-9304e3ffd247","replayed":true,"changes":0}
{"component":"player-command","phase":"opportunity","correlationId":"2d437570-a8be-44be-9f3b-9304e3ffd247","replayed":true,"changes":0}
{"component":"player-command","phase":"response","correlationId":"2d437570-a8be-44be-9f3b-9304e3ffd247","statusCode":200,"elapsedMs":29}
{"component":"player-command","phase":"request","correlationId":"17372e98-c209-4c7b-9796-e9abaafa9d80"}
{"component":"player-command","phase":"authorization","correlationId":"17372e98-c209-4c7b-9796-e9abaafa9d80","outcome":"allowed"}
{"component":"player-command","phase":"response","correlationId":"17372e98-c209-4c7b-9796-e9abaafa9d80","statusCode":200,"elapsedMs":68}
{"component":"player-command","phase":"request","correlationId":"0536291b-d360-4ca5-afe6-33f1922df090"}
{"component":"player-command","phase":"authorization","correlationId":"0536291b-d360-4ca5-afe6-33f1922df090","outcome":"allowed"}
{"component":"player-command","phase":"command","correlationId":"0536291b-d360-4ca5-afe6-33f1922df090"}
{"component":"player-command","phase":"mutation","correlationId":"0536291b-d360-4ca5-afe6-33f1922df090","outcome":"completed","replayed":false}
{"component":"player-command","phase":"consequence","correlationId":"0536291b-d360-4ca5-afe6-33f1922df090","replayed":false,"changes":1}
{"component":"player-command","phase":"opportunity","correlationId":"0536291b-d360-4ca5-afe6-33f1922df090","replayed":false,"changes":1}
{"component":"player-command","phase":"response","correlationId":"0536291b-d360-4ca5-afe6-33f1922df090","statusCode":200,"elapsedMs":72}
{"component":"player-command","phase":"request","correlationId":"41d8dedf-1fb9-4b28-abb8-9d29b01e49c4"}
{"component":"player-command","phase":"authorization","correlationId":"41d8dedf-1fb9-4b28-abb8-9d29b01e49c4","outcome":"allowed"}
{"component":"player-command","phase":"command","correlationId":"41d8dedf-1fb9-4b28-abb8-9d29b01e49c4"}
{"component":"player-command","phase":"mutation","correlationId":"41d8dedf-1fb9-4b28-abb8-9d29b01e49c4","outcome":"completed","replayed":true}
{"component":"player-command","phase":"consequence","correlationId":"41d8dedf-1fb9-4b28-abb8-9d29b01e49c4","replayed":true,"changes":0}
{"component":"player-command","phase":"opportunity","correlationId":"41d8dedf-1fb9-4b28-abb8-9d29b01e49c4","replayed":true,"changes":0}
{"component":"player-command","phase":"response","correlationId":"41d8dedf-1fb9-4b28-abb8-9d29b01e49c4","statusCode":200,"elapsedMs":28}
{"component":"player-command","phase":"request","correlationId":"040ebe56-5e60-470e-a2e5-d9fee8a0944e"}
{"component":"player-command","phase":"authorization","correlationId":"040ebe56-5e60-470e-a2e5-d9fee8a0944e","outcome":"allowed"}
{"component":"player-command","phase":"response","correlationId":"040ebe56-5e60-470e-a2e5-d9fee8a0944e","statusCode":200,"elapsedMs":72}
{"component":"player-command","phase":"request","correlationId":"7add2350-fc1a-44ec-80a7-0d9bfd001bbf"}
{"component":"player-command","phase":"authorization","correlationId":"7add2350-fc1a-44ec-80a7-0d9bfd001bbf","outcome":"allowed"}
{"component":"player-command","phase":"command","correlationId":"7add2350-fc1a-44ec-80a7-0d9bfd001bbf"}
{"component":"player-command","phase":"mutation","correlationId":"7add2350-fc1a-44ec-80a7-0d9bfd001bbf","outcome":"completed","replayed":false}
{"component":"player-command","phase":"consequence","correlationId":"7add2350-fc1a-44ec-80a7-0d9bfd001bbf","replayed":false,"changes":1}
{"component":"player-command","phase":"opportunity","correlationId":"7add2350-fc1a-44ec-80a7-0d9bfd001bbf","replayed":false,"changes":1}
{"component":"player-command","phase":"response","correlationId":"7add2350-fc1a-44ec-80a7-0d9bfd001bbf","statusCode":200,"elapsedMs":76}
{"component":"player-command","phase":"request","correlationId":"be333473-e605-4340-b6a5-a46420abde17"}
{"component":"player-command","phase":"authorization","correlationId":"be333473-e605-4340-b6a5-a46420abde17","outcome":"allowed"}
{"component":"player-command","phase":"command","correlationId":"be333473-e605-4340-b6a5-a46420abde17"}
{"component":"player-command","phase":"mutation","correlationId":"be333473-e605-4340-b6a5-a46420abde17","outcome":"completed","replayed":true}
{"component":"player-command","phase":"consequence","correlationId":"be333473-e605-4340-b6a5-a46420abde17","replayed":true,"changes":0}
{"component":"player-command","phase":"opportunity","correlationId":"be333473-e605-4340-b6a5-a46420abde17","replayed":true,"changes":0}
{"component":"player-command","phase":"response","correlationId":"be333473-e605-4340-b6a5-a46420abde17","statusCode":200,"elapsedMs":30}
{"component":"player-command","phase":"request","correlationId":"422342a1-2584-42fc-a84b-1ada68afe06a"}
{"component":"player-command","phase":"authorization","correlationId":"422342a1-2584-42fc-a84b-1ada68afe06a","outcome":"allowed"}
{"component":"player-command","phase":"response","correlationId":"422342a1-2584-42fc-a84b-1ada68afe06a","statusCode":200,"elapsedMs":72}
{"component":"player-command","phase":"request","correlationId":"bc51c7a2-5d48-4f87-97b1-ce94e9ca1778"}
{"component":"player-command","phase":"authorization","correlationId":"bc51c7a2-5d48-4f87-97b1-ce94e9ca1778","outcome":"allowed"}
{"component":"player-command","phase":"command","correlationId":"bc51c7a2-5d48-4f87-97b1-ce94e9ca1778"}
{"component":"player-command","phase":"mutation","correlationId":"bc51c7a2-5d48-4f87-97b1-ce94e9ca1778","outcome":"completed","replayed":false}
{"component":"player-command","phase":"consequence","correlationId":"bc51c7a2-5d48-4f87-97b1-ce94e9ca1778","replayed":false,"changes":1}
{"component":"player-command","phase":"opportunity","correlationId":"bc51c7a2-5d48-4f87-97b1-ce94e9ca1778","replayed":false,"changes":1}
{"component":"player-command","phase":"response","correlationId":"bc51c7a2-5d48-4f87-97b1-ce94e9ca1778","statusCode":200,"elapsedMs":81}
{"component":"player-command","phase":"request","correlationId":"bbca2c58-6b69-49f5-b95e-5b5da4b252e3"}
{"component":"player-command","phase":"authorization","correlationId":"bbca2c58-6b69-49f5-b95e-5b5da4b252e3","outcome":"allowed"}
{"component":"player-command","phase":"command","correlationId":"bbca2c58-6b69-49f5-b95e-5b5da4b252e3"}
{"component":"player-command","phase":"mutation","correlationId":"bbca2c58-6b69-49f5-b95e-5b5da4b252e3","outcome":"completed","replayed":true}
{"component":"player-command","phase":"consequence","correlationId":"bbca2c58-6b69-49f5-b95e-5b5da4b252e3","replayed":true,"changes":0}
{"component":"player-command","phase":"opportunity","correlationId":"bbca2c58-6b69-49f5-b95e-5b5da4b252e3","replayed":true,"changes":0}
{"component":"player-command","phase":"response","correlationId":"bbca2c58-6b69-49f5-b95e-5b5da4b252e3","statusCode":200,"elapsedMs":31}
{"component":"player-command","phase":"request","correlationId":"dd926396-ff29-44cd-9a81-4f1f9859b316"}
{"component":"player-command","phase":"authorization","correlationId":"dd926396-ff29-44cd-9a81-4f1f9859b316","outcome":"allowed"}
{"component":"player-command","phase":"response","correlationId":"dd926396-ff29-44cd-9a81-4f1f9859b316","statusCode":200,"elapsedMs":78}
{"component":"player-command","phase":"request","correlationId":"62b7627a-dc96-47bf-ad49-ae097d9c14cd"}
{"component":"player-command","phase":"authorization","correlationId":"62b7627a-dc96-47bf-ad49-ae097d9c14cd","outcome":"allowed"}
{"component":"player-command","phase":"command","correlationId":"62b7627a-dc96-47bf-ad49-ae097d9c14cd"}
{"component":"player-command","phase":"mutation","correlationId":"62b7627a-dc96-47bf-ad49-ae097d9c14cd","outcome":"completed","replayed":false}
{"component":"player-command","phase":"consequence","correlationId":"62b7627a-dc96-47bf-ad49-ae097d9c14cd","replayed":false,"changes":1}
{"component":"player-command","phase":"opportunity","correlationId":"62b7627a-dc96-47bf-ad49-ae097d9c14cd","replayed":false,"changes":1}
{"component":"player-command","phase":"response","correlationId":"62b7627a-dc96-47bf-ad49-ae097d9c14cd","statusCode":200,"elapsedMs":83}
{"component":"player-command","phase":"request","correlationId":"ea82ae9f-746e-4f89-a75b-a6dbab86850b"}
{"component":"player-command","phase":"authorization","correlationId":"ea82ae9f-746e-4f89-a75b-a6dbab86850b","outcome":"allowed"}
{"component":"player-command","phase":"command","correlationId":"ea82ae9f-746e-4f89-a75b-a6dbab86850b"}
{"component":"player-command","phase":"mutation","correlationId":"ea82ae9f-746e-4f89-a75b-a6dbab86850b","outcome":"completed","replayed":true}
{"component":"player-command","phase":"consequence","correlationId":"ea82ae9f-746e-4f89-a75b-a6dbab86850b","replayed":true,"changes":0}
{"component":"player-command","phase":"opportunity","correlationId":"ea82ae9f-746e-4f89-a75b-a6dbab86850b","replayed":true,"changes":0}
{"component":"player-command","phase":"response","correlationId":"ea82ae9f-746e-4f89-a75b-a6dbab86850b","statusCode":200,"elapsedMs":31}
{"component":"player-command","phase":"request","correlationId":"8ff9ef73-ad8b-4852-81d9-81dfeb2b24db"}
{"component":"player-command","phase":"authorization","correlationId":"8ff9ef73-ad8b-4852-81d9-81dfeb2b24db","outcome":"allowed"}
{"component":"player-command","phase":"response","correlationId":"8ff9ef73-ad8b-4852-81d9-81dfeb2b24db","statusCode":200,"elapsedMs":76}
{"component":"player-command","phase":"request","correlationId":"d42fb569-8df8-434e-9a81-768c68573a5b"}
{"component":"player-command","phase":"authorization","correlationId":"d42fb569-8df8-434e-9a81-768c68573a5b","outcome":"allowed"}
{"component":"player-command","phase":"command","correlationId":"d42fb569-8df8-434e-9a81-768c68573a5b"}
{"component":"player-command","phase":"mutation","correlationId":"d42fb569-8df8-434e-9a81-768c68573a5b","outcome":"completed","replayed":false}
{"component":"player-command","phase":"consequence","correlationId":"d42fb569-8df8-434e-9a81-768c68573a5b","replayed":false,"changes":1}
{"component":"player-command","phase":"opportunity","correlationId":"d42fb569-8df8-434e-9a81-768c68573a5b","replayed":false,"changes":1}
{"component":"player-command","phase":"response","correlationId":"d42fb569-8df8-434e-9a81-768c68573a5b","statusCode":200,"elapsedMs":83}
{"component":"player-command","phase":"request","correlationId":"623850f1-8d57-4cbd-a160-9766268df0bd"}
{"component":"player-command","phase":"authorization","correlationId":"623850f1-8d57-4cbd-a160-9766268df0bd","outcome":"allowed"}
{"component":"player-command","phase":"command","correlationId":"623850f1-8d57-4cbd-a160-9766268df0bd"}
{"component":"player-command","phase":"mutation","correlationId":"623850f1-8d57-4cbd-a160-9766268df0bd","outcome":"completed","replayed":true}
{"component":"player-command","phase":"consequence","correlationId":"623850f1-8d57-4cbd-a160-9766268df0bd","replayed":true,"changes":0}
{"component":"player-command","phase":"opportunity","correlationId":"623850f1-8d57-4cbd-a160-9766268df0bd","replayed":true,"changes":0}
{"component":"player-command","phase":"response","correlationId":"623850f1-8d57-4cbd-a160-9766268df0bd","statusCode":200,"elapsedMs":29}
{"component":"player-command","phase":"request","correlationId":"854b1ca6-a587-4790-88a6-e6494bbaf07b"}
{"component":"player-command","phase":"authorization","correlationId":"854b1ca6-a587-4790-88a6-e6494bbaf07b","outcome":"allowed"}
{"component":"player-command","phase":"response","correlationId":"854b1ca6-a587-4790-88a6-e6494bbaf07b","statusCode":200,"elapsedMs":78}
{"component":"player-command","phase":"request","correlationId":"5cd8fe67-e5c6-4ab2-903a-8e8aa1e87e14"}
{"component":"player-command","phase":"authorization","correlationId":"5cd8fe67-e5c6-4ab2-903a-8e8aa1e87e14","outcome":"allowed"}
{"component":"player-command","phase":"command","correlationId":"5cd8fe67-e5c6-4ab2-903a-8e8aa1e87e14"}
{"component":"player-command","phase":"mutation","correlationId":"5cd8fe67-e5c6-4ab2-903a-8e8aa1e87e14","outcome":"completed","replayed":false}
{"component":"player-command","phase":"consequence","correlationId":"5cd8fe67-e5c6-4ab2-903a-8e8aa1e87e14","replayed":false,"changes":1}
{"component":"player-command","phase":"opportunity","correlationId":"5cd8fe67-e5c6-4ab2-903a-8e8aa1e87e14","replayed":false,"changes":1}
{"component":"player-command","phase":"response","correlationId":"5cd8fe67-e5c6-4ab2-903a-8e8aa1e87e14","statusCode":200,"elapsedMs":84}
{"component":"player-command","phase":"request","correlationId":"d190203b-c1e2-4399-8088-cd5838708fc2"}
{"component":"player-command","phase":"authorization","correlationId":"d190203b-c1e2-4399-8088-cd5838708fc2","outcome":"allowed"}
{"component":"player-command","phase":"command","correlationId":"d190203b-c1e2-4399-8088-cd5838708fc2"}
{"component":"player-command","phase":"mutation","correlationId":"d190203b-c1e2-4399-8088-cd5838708fc2","outcome":"completed","replayed":true}
{"component":"player-command","phase":"consequence","correlationId":"d190203b-c1e2-4399-8088-cd5838708fc2","replayed":true,"changes":0}
{"component":"player-command","phase":"opportunity","correlationId":"d190203b-c1e2-4399-8088-cd5838708fc2","replayed":true,"changes":0}
{"component":"player-command","phase":"response","correlationId":"d190203b-c1e2-4399-8088-cd5838708fc2","statusCode":200,"elapsedMs":34}
{"component":"player-command","phase":"request","correlationId":"9c57e68d-7203-4240-bc12-0458a3775a66"}
{"component":"player-command","phase":"authorization","correlationId":"9c57e68d-7203-4240-bc12-0458a3775a66","outcome":"allowed"}
{"component":"player-command","phase":"response","correlationId":"9c57e68d-7203-4240-bc12-0458a3775a66","statusCode":200,"elapsedMs":78}
{"component":"player-command","phase":"request","correlationId":"788167b0-32cc-42ac-a151-77105dcd2d73"}
{"component":"player-command","phase":"authorization","correlationId":"788167b0-32cc-42ac-a151-77105dcd2d73","outcome":"allowed"}
{"component":"player-command","phase":"command","correlationId":"788167b0-32cc-42ac-a151-77105dcd2d73"}
{"component":"player-command","phase":"mutation","correlationId":"788167b0-32cc-42ac-a151-77105dcd2d73","outcome":"completed","replayed":false}
{"component":"player-command","phase":"consequence","correlationId":"788167b0-32cc-42ac-a151-77105dcd2d73","replayed":false,"changes":1}
{"component":"player-command","phase":"opportunity","correlationId":"788167b0-32cc-42ac-a151-77105dcd2d73","replayed":false,"changes":1}
{"component":"player-command","phase":"response","correlationId":"788167b0-32cc-42ac-a151-77105dcd2d73","statusCode":200,"elapsedMs":90}
{"component":"player-command","phase":"request","correlationId":"54a8e12b-483c-4725-a277-e9eb492e299a"}
{"component":"player-command","phase":"authorization","correlationId":"54a8e12b-483c-4725-a277-e9eb492e299a","outcome":"allowed"}
{"component":"player-command","phase":"command","correlationId":"54a8e12b-483c-4725-a277-e9eb492e299a"}
{"component":"player-command","phase":"mutation","correlationId":"54a8e12b-483c-4725-a277-e9eb492e299a","outcome":"completed","replayed":true}
{"component":"player-command","phase":"consequence","correlationId":"54a8e12b-483c-4725-a277-e9eb492e299a","replayed":true,"changes":0}
{"component":"player-command","phase":"opportunity","correlationId":"54a8e12b-483c-4725-a277-e9eb492e299a","replayed":true,"changes":0}
{"component":"player-command","phase":"response","correlationId":"54a8e12b-483c-4725-a277-e9eb492e299a","statusCode":200,"elapsedMs":32}
{"component":"player-command","phase":"request","correlationId":"06243cb4-3523-41d7-ae1b-703269053b45"}
{"component":"player-command","phase":"authorization","correlationId":"06243cb4-3523-41d7-ae1b-703269053b45","outcome":"allowed"}
{"component":"player-command","phase":"response","correlationId":"06243cb4-3523-41d7-ae1b-703269053b45","statusCode":200,"elapsedMs":78}
{"component":"player-command","phase":"request","correlationId":"454e228c-b10d-4bfe-8e2f-f072b601b42d"}
{"component":"player-command","phase":"authorization","correlationId":"454e228c-b10d-4bfe-8e2f-f072b601b42d","outcome":"allowed"}
{"component":"player-command","phase":"command","correlationId":"454e228c-b10d-4bfe-8e2f-f072b601b42d"}
{"component":"player-command","phase":"mutation","correlationId":"454e228c-b10d-4bfe-8e2f-f072b601b42d","outcome":"completed","replayed":false}
{"component":"player-command","phase":"consequence","correlationId":"454e228c-b10d-4bfe-8e2f-f072b601b42d","replayed":false,"changes":1}
{"component":"player-command","phase":"opportunity","correlationId":"454e228c-b10d-4bfe-8e2f-f072b601b42d","replayed":false,"changes":1}
{"component":"player-command","phase":"response","correlationId":"454e228c-b10d-4bfe-8e2f-f072b601b42d","statusCode":200,"elapsedMs":83}
{"component":"player-command","phase":"request","correlationId":"6367def1-eb9d-448d-936b-19d240931ed3"}
{"component":"player-command","phase":"authorization","correlationId":"6367def1-eb9d-448d-936b-19d240931ed3","outcome":"allowed"}
{"component":"player-command","phase":"command","correlationId":"6367def1-eb9d-448d-936b-19d240931ed3"}
{"component":"player-command","phase":"mutation","correlationId":"6367def1-eb9d-448d-936b-19d240931ed3","outcome":"completed","replayed":true}
{"component":"player-command","phase":"consequence","correlationId":"6367def1-eb9d-448d-936b-19d240931ed3","replayed":true,"changes":0}
{"component":"player-command","phase":"opportunity","correlationId":"6367def1-eb9d-448d-936b-19d240931ed3","replayed":true,"changes":0}
{"component":"player-command","phase":"response","correlationId":"6367def1-eb9d-448d-936b-19d240931ed3","statusCode":200,"elapsedMs":42}
{"component":"player-command","phase":"request","correlationId":"ead663c9-d005-4953-ad77-dc220818a927"}
{"component":"player-command","phase":"authorization","correlationId":"ead663c9-d005-4953-ad77-dc220818a927","outcome":"allowed"}
{"component":"player-command","phase":"response","correlationId":"ead663c9-d005-4953-ad77-dc220818a927","statusCode":200,"elapsedMs":121}
{"component":"player-command","phase":"request","correlationId":"cce15487-58b9-41fc-8c89-dc4236b29834"}
{"component":"player-command","phase":"authorization","correlationId":"cce15487-58b9-41fc-8c89-dc4236b29834","outcome":"allowed"}
{"component":"player-command","phase":"command","correlationId":"cce15487-58b9-41fc-8c89-dc4236b29834"}
{"component":"player-command","phase":"mutation","correlationId":"cce15487-58b9-41fc-8c89-dc4236b29834","outcome":"completed","replayed":false}
{"component":"player-command","phase":"consequence","correlationId":"cce15487-58b9-41fc-8c89-dc4236b29834","replayed":false,"changes":1}
{"component":"player-command","phase":"opportunity","correlationId":"cce15487-58b9-41fc-8c89-dc4236b29834","replayed":false,"changes":1}
{"component":"player-command","phase":"response","correlationId":"cce15487-58b9-41fc-8c89-dc4236b29834","statusCode":200,"elapsedMs":134}
{"component":"player-command","phase":"request","correlationId":"808e8fee-3d1a-4494-996c-a4148ca03711"}
{"component":"player-command","phase":"authorization","correlationId":"808e8fee-3d1a-4494-996c-a4148ca03711","outcome":"allowed"}
{"component":"player-command","phase":"command","correlationId":"808e8fee-3d1a-4494-996c-a4148ca03711"}
{"component":"player-command","phase":"mutation","correlationId":"808e8fee-3d1a-4494-996c-a4148ca03711","outcome":"completed","replayed":true}
{"component":"player-command","phase":"consequence","correlationId":"808e8fee-3d1a-4494-996c-a4148ca03711","replayed":true,"changes":0}
{"component":"player-command","phase":"opportunity","correlationId":"808e8fee-3d1a-4494-996c-a4148ca03711","replayed":true,"changes":0}
{"component":"player-command","phase":"response","correlationId":"808e8fee-3d1a-4494-996c-a4148ca03711","statusCode":200,"elapsedMs":30}
{"component":"player-command","phase":"request","correlationId":"84c54898-d7dd-4368-8e86-25764e79a5e6"}
{"component":"player-command","phase":"authorization","correlationId":"84c54898-d7dd-4368-8e86-25764e79a5e6","outcome":"allowed"}
{"component":"player-command","phase":"response","correlationId":"84c54898-d7dd-4368-8e86-25764e79a5e6","statusCode":200,"elapsedMs":291}
{"component":"player-command","phase":"request","correlationId":"0717e5e4-7ac6-4573-ba09-5c73aab945f1"}
{"component":"player-command","phase":"authorization","correlationId":"0717e5e4-7ac6-4573-ba09-5c73aab945f1","outcome":"allowed"}
{"component":"player-command","phase":"command","correlationId":"0717e5e4-7ac6-4573-ba09-5c73aab945f1"}
{"component":"player-command","phase":"mutation","correlationId":"0717e5e4-7ac6-4573-ba09-5c73aab945f1","outcome":"completed","replayed":false}
{"component":"player-command","phase":"consequence","correlationId":"0717e5e4-7ac6-4573-ba09-5c73aab945f1","replayed":false,"changes":1}
{"component":"player-command","phase":"opportunity","correlationId":"0717e5e4-7ac6-4573-ba09-5c73aab945f1","replayed":false,"changes":1}
{"component":"player-command","phase":"response","correlationId":"0717e5e4-7ac6-4573-ba09-5c73aab945f1","statusCode":200,"elapsedMs":89}
{"component":"player-command","phase":"request","correlationId":"5bffd201-a797-42ef-8724-653398e303d9"}
{"component":"player-command","phase":"authorization","correlationId":"5bffd201-a797-42ef-8724-653398e303d9","outcome":"allowed"}
{"component":"player-command","phase":"command","correlationId":"5bffd201-a797-42ef-8724-653398e303d9"}
{"component":"player-command","phase":"mutation","correlationId":"5bffd201-a797-42ef-8724-653398e303d9","outcome":"completed","replayed":true}
{"component":"player-command","phase":"consequence","correlationId":"5bffd201-a797-42ef-8724-653398e303d9","replayed":true,"changes":0}
{"component":"player-command","phase":"opportunity","correlationId":"5bffd201-a797-42ef-8724-653398e303d9","replayed":true,"changes":0}
{"component":"player-command","phase":"response","correlationId":"5bffd201-a797-42ef-8724-653398e303d9","statusCode":200,"elapsedMs":30}
{"component":"player-command","phase":"request","correlationId":"b32096f8-da6a-48ab-bf45-1f4d743e5db8"}
{"component":"player-command","phase":"authorization","correlationId":"b32096f8-da6a-48ab-bf45-1f4d743e5db8","outcome":"allowed"}
{"component":"player-command","phase":"response","correlationId":"b32096f8-da6a-48ab-bf45-1f4d743e5db8","statusCode":200,"elapsedMs":79}
{"component":"player-command","phase":"request","correlationId":"4f86006a-c7c6-4735-84a8-8606ba9c3a0b"}
{"component":"player-command","phase":"authorization","correlationId":"4f86006a-c7c6-4735-84a8-8606ba9c3a0b","outcome":"allowed"}
{"component":"player-command","phase":"command","correlationId":"4f86006a-c7c6-4735-84a8-8606ba9c3a0b"}
{"component":"player-command","phase":"mutation","correlationId":"4f86006a-c7c6-4735-84a8-8606ba9c3a0b","outcome":"completed","replayed":false}
{"component":"player-command","phase":"consequence","correlationId":"4f86006a-c7c6-4735-84a8-8606ba9c3a0b","replayed":false,"changes":1}
{"component":"player-command","phase":"opportunity","correlationId":"4f86006a-c7c6-4735-84a8-8606ba9c3a0b","replayed":false,"changes":1}
{"component":"player-command","phase":"response","correlationId":"4f86006a-c7c6-4735-84a8-8606ba9c3a0b","statusCode":200,"elapsedMs":91}
{"component":"player-command","phase":"request","correlationId":"e338cd07-0825-439b-ad78-028ce84255aa"}
{"component":"player-command","phase":"authorization","correlationId":"e338cd07-0825-439b-ad78-028ce84255aa","outcome":"allowed"}
{"component":"player-command","phase":"command","correlationId":"e338cd07-0825-439b-ad78-028ce84255aa"}
{"component":"player-command","phase":"mutation","correlationId":"e338cd07-0825-439b-ad78-028ce84255aa","outcome":"completed","replayed":true}
{"component":"player-command","phase":"consequence","correlationId":"e338cd07-0825-439b-ad78-028ce84255aa","replayed":true,"changes":0}
{"component":"player-command","phase":"opportunity","correlationId":"e338cd07-0825-439b-ad78-028ce84255aa","replayed":true,"changes":0}
{"component":"player-command","phase":"response","correlationId":"e338cd07-0825-439b-ad78-028ce84255aa","statusCode":200,"elapsedMs":30}
{"component":"player-command","phase":"request","correlationId":"cbce6c51-078d-403d-865c-8bfe05ed66d6"}
{"component":"player-command","phase":"authorization","correlationId":"cbce6c51-078d-403d-865c-8bfe05ed66d6","outcome":"allowed"}
{"component":"player-command","phase":"response","correlationId":"cbce6c51-078d-403d-865c-8bfe05ed66d6","statusCode":200,"elapsedMs":77}
{"component":"player-command","phase":"request","correlationId":"4ed1aaa9-1654-4ca9-b9fe-d43808ed3876"}
{"component":"player-command","phase":"authorization","correlationId":"4ed1aaa9-1654-4ca9-b9fe-d43808ed3876","outcome":"allowed"}
{"component":"player-command","phase":"command","correlationId":"4ed1aaa9-1654-4ca9-b9fe-d43808ed3876"}
{"component":"player-command","phase":"mutation","correlationId":"4ed1aaa9-1654-4ca9-b9fe-d43808ed3876","outcome":"completed","replayed":false}
{"component":"player-command","phase":"consequence","correlationId":"4ed1aaa9-1654-4ca9-b9fe-d43808ed3876","replayed":false,"changes":1}
{"component":"player-command","phase":"opportunity","correlationId":"4ed1aaa9-1654-4ca9-b9fe-d43808ed3876","replayed":false,"changes":1}
{"component":"player-command","phase":"response","correlationId":"4ed1aaa9-1654-4ca9-b9fe-d43808ed3876","statusCode":200,"elapsedMs":82}
{"component":"player-command","phase":"request","correlationId":"a98ecd34-2563-4dd3-8c21-ad3c623237ba"}
{"component":"player-command","phase":"authorization","correlationId":"a98ecd34-2563-4dd3-8c21-ad3c623237ba","outcome":"allowed"}
{"component":"player-command","phase":"command","correlationId":"a98ecd34-2563-4dd3-8c21-ad3c623237ba"}
{"component":"player-command","phase":"mutation","correlationId":"a98ecd34-2563-4dd3-8c21-ad3c623237ba","outcome":"completed","replayed":true}
{"component":"player-command","phase":"consequence","correlationId":"a98ecd34-2563-4dd3-8c21-ad3c623237ba","replayed":true,"changes":0}
{"component":"player-command","phase":"opportunity","correlationId":"a98ecd34-2563-4dd3-8c21-ad3c623237ba","replayed":true,"changes":0}
{"component":"player-command","phase":"response","correlationId":"a98ecd34-2563-4dd3-8c21-ad3c623237ba","statusCode":200,"elapsedMs":45}
{"component":"player-command","phase":"request","correlationId":"87b74342-f598-4ae3-a4bf-e59dde749c21"}
{"component":"player-command","phase":"authorization","correlationId":"87b74342-f598-4ae3-a4bf-e59dde749c21","outcome":"allowed"}
{"component":"player-command","phase":"response","correlationId":"87b74342-f598-4ae3-a4bf-e59dde749c21","statusCode":200,"elapsedMs":75}
{"component":"player-command","phase":"request","correlationId":"84d77bb1-5e76-4920-8e5b-b83ee0cf5c08"}
{"component":"player-command","phase":"authorization","correlationId":"84d77bb1-5e76-4920-8e5b-b83ee0cf5c08","outcome":"allowed"}
{"component":"player-command","phase":"command","correlationId":"84d77bb1-5e76-4920-8e5b-b83ee0cf5c08"}
{"component":"player-command","phase":"mutation","correlationId":"84d77bb1-5e76-4920-8e5b-b83ee0cf5c08","outcome":"completed","replayed":false}
{"component":"player-command","phase":"consequence","correlationId":"84d77bb1-5e76-4920-8e5b-b83ee0cf5c08","replayed":false,"changes":1}
{"component":"player-command","phase":"opportunity","correlationId":"84d77bb1-5e76-4920-8e5b-b83ee0cf5c08","replayed":false,"changes":1}
{"component":"player-command","phase":"response","correlationId":"84d77bb1-5e76-4920-8e5b-b83ee0cf5c08","statusCode":200,"elapsedMs":92}
{"component":"player-command","phase":"request","correlationId":"e99230d9-707a-434a-9ee3-86be7746b3a4"}
{"component":"player-command","phase":"authorization","correlationId":"e99230d9-707a-434a-9ee3-86be7746b3a4","outcome":"allowed"}
{"component":"player-command","phase":"command","correlationId":"e99230d9-707a-434a-9ee3-86be7746b3a4"}
{"component":"player-command","phase":"mutation","correlationId":"e99230d9-707a-434a-9ee3-86be7746b3a4","outcome":"completed","replayed":true}
{"component":"player-command","phase":"consequence","correlationId":"e99230d9-707a-434a-9ee3-86be7746b3a4","replayed":true,"changes":0}
{"component":"player-command","phase":"opportunity","correlationId":"e99230d9-707a-434a-9ee3-86be7746b3a4","replayed":true,"changes":0}
{"component":"player-command","phase":"response","correlationId":"e99230d9-707a-434a-9ee3-86be7746b3a4","statusCode":200,"elapsedMs":35}
{"component":"player-command","phase":"request","correlationId":"e6f3cf7c-d9fd-4bca-b2f8-00ef35cdfaf0"}
{"component":"player-command","phase":"authorization","correlationId":"e6f3cf7c-d9fd-4bca-b2f8-00ef35cdfaf0","outcome":"allowed"}
{"component":"player-command","phase":"response","correlationId":"e6f3cf7c-d9fd-4bca-b2f8-00ef35cdfaf0","statusCode":200,"elapsedMs":110}
{"component":"player-command","phase":"request","correlationId":"148bc4ba-2e4b-4697-b3be-c7efc870122c"}
{"component":"player-command","phase":"authorization","correlationId":"148bc4ba-2e4b-4697-b3be-c7efc870122c","outcome":"allowed"}
{"component":"player-command","phase":"command","correlationId":"148bc4ba-2e4b-4697-b3be-c7efc870122c"}
{"component":"player-command","phase":"mutation","correlationId":"148bc4ba-2e4b-4697-b3be-c7efc870122c","outcome":"completed","replayed":false}
{"component":"player-command","phase":"consequence","correlationId":"148bc4ba-2e4b-4697-b3be-c7efc870122c","replayed":false,"changes":1}
{"component":"player-command","phase":"opportunity","correlationId":"148bc4ba-2e4b-4697-b3be-c7efc870122c","replayed":false,"changes":1}
{"component":"player-command","phase":"response","correlationId":"148bc4ba-2e4b-4697-b3be-c7efc870122c","statusCode":200,"elapsedMs":86}
{"component":"player-command","phase":"request","correlationId":"f0efc670-a574-480a-bbd9-bea395332227"}
{"component":"player-command","phase":"authorization","correlationId":"f0efc670-a574-480a-bbd9-bea395332227","outcome":"allowed"}
{"component":"player-command","phase":"command","correlationId":"f0efc670-a574-480a-bbd9-bea395332227"}
{"component":"player-command","phase":"mutation","correlationId":"f0efc670-a574-480a-bbd9-bea395332227","outcome":"completed","replayed":true}
{"component":"player-command","phase":"consequence","correlationId":"f0efc670-a574-480a-bbd9-bea395332227","replayed":true,"changes":0}
{"component":"player-command","phase":"opportunity","correlationId":"f0efc670-a574-480a-bbd9-bea395332227","replayed":true,"changes":0}
{"component":"player-command","phase":"response","correlationId":"f0efc670-a574-480a-bbd9-bea395332227","statusCode":200,"elapsedMs":30}
{"component":"player-command","phase":"request","correlationId":"8885f37c-628c-4a59-8601-3d217ab3e270"}
{"component":"player-command","phase":"authorization","correlationId":"8885f37c-628c-4a59-8601-3d217ab3e270","outcome":"allowed"}
{"component":"player-command","phase":"response","correlationId":"8885f37c-628c-4a59-8601-3d217ab3e270","statusCode":200,"elapsedMs":86}
{"component":"player-command","phase":"request","correlationId":"ddbbc6ca-71ef-44aa-b43d-f3fac3fb2065"}
{"component":"player-command","phase":"authorization","correlationId":"ddbbc6ca-71ef-44aa-b43d-f3fac3fb2065","outcome":"allowed"}
{"component":"player-command","phase":"command","correlationId":"ddbbc6ca-71ef-44aa-b43d-f3fac3fb2065"}
{"component":"player-command","phase":"mutation","correlationId":"ddbbc6ca-71ef-44aa-b43d-f3fac3fb2065","outcome":"completed","replayed":false}
{"component":"player-command","phase":"consequence","correlationId":"ddbbc6ca-71ef-44aa-b43d-f3fac3fb2065","replayed":false,"changes":1}
{"component":"player-command","phase":"opportunity","correlationId":"ddbbc6ca-71ef-44aa-b43d-f3fac3fb2065","replayed":false,"changes":1}
{"component":"player-command","phase":"response","correlationId":"ddbbc6ca-71ef-44aa-b43d-f3fac3fb2065","statusCode":200,"elapsedMs":81}
{"component":"player-command","phase":"request","correlationId":"ec4fdd28-fc03-4aa9-8b56-34acaf9219a6"}
{"component":"player-command","phase":"authorization","correlationId":"ec4fdd28-fc03-4aa9-8b56-34acaf9219a6","outcome":"allowed"}
{"component":"player-command","phase":"command","correlationId":"ec4fdd28-fc03-4aa9-8b56-34acaf9219a6"}
{"component":"player-command","phase":"mutation","correlationId":"ec4fdd28-fc03-4aa9-8b56-34acaf9219a6","outcome":"completed","replayed":true}
{"component":"player-command","phase":"consequence","correlationId":"ec4fdd28-fc03-4aa9-8b56-34acaf9219a6","replayed":true,"changes":0}
{"component":"player-command","phase":"opportunity","correlationId":"ec4fdd28-fc03-4aa9-8b56-34acaf9219a6","replayed":true,"changes":0}
{"component":"player-command","phase":"response","correlationId":"ec4fdd28-fc03-4aa9-8b56-34acaf9219a6","statusCode":200,"elapsedMs":28}
{"component":"player-command","phase":"request","correlationId":"6983e4d6-fb86-4845-8740-d450d5aa9ae8"}
{"component":"player-command","phase":"authorization","correlationId":"6983e4d6-fb86-4845-8740-d450d5aa9ae8","outcome":"allowed"}
{"component":"player-command","phase":"response","correlationId":"6983e4d6-fb86-4845-8740-d450d5aa9ae8","statusCode":200,"elapsedMs":81}
{"component":"player-command","phase":"request","correlationId":"7c7256fa-26e6-478e-b544-c6ced426c700"}
{"component":"player-command","phase":"authorization","correlationId":"7c7256fa-26e6-478e-b544-c6ced426c700","outcome":"allowed"}
{"component":"player-command","phase":"command","correlationId":"7c7256fa-26e6-478e-b544-c6ced426c700"}
{"component":"player-command","phase":"mutation","correlationId":"7c7256fa-26e6-478e-b544-c6ced426c700","outcome":"completed","replayed":false}
{"component":"player-command","phase":"consequence","correlationId":"7c7256fa-26e6-478e-b544-c6ced426c700","replayed":false,"changes":1}
{"component":"player-command","phase":"opportunity","correlationId":"7c7256fa-26e6-478e-b544-c6ced426c700","replayed":false,"changes":1}
{"component":"player-command","phase":"response","correlationId":"7c7256fa-26e6-478e-b544-c6ced426c700","statusCode":200,"elapsedMs":88}
{"component":"player-command","phase":"request","correlationId":"5fb1925c-3161-4f87-94b0-e6f9cb0adf77"}
{"component":"player-command","phase":"authorization","correlationId":"5fb1925c-3161-4f87-94b0-e6f9cb0adf77","outcome":"allowed"}
{"component":"player-command","phase":"command","correlationId":"5fb1925c-3161-4f87-94b0-e6f9cb0adf77"}
{"component":"player-command","phase":"mutation","correlationId":"5fb1925c-3161-4f87-94b0-e6f9cb0adf77","outcome":"completed","replayed":true}
{"component":"player-command","phase":"consequence","correlationId":"5fb1925c-3161-4f87-94b0-e6f9cb0adf77","replayed":true,"changes":0}
{"component":"player-command","phase":"opportunity","correlationId":"5fb1925c-3161-4f87-94b0-e6f9cb0adf77","replayed":true,"changes":0}
{"component":"player-command","phase":"response","correlationId":"5fb1925c-3161-4f87-94b0-e6f9cb0adf77","statusCode":200,"elapsedMs":38}
{"component":"player-command","phase":"request","correlationId":"6516d3f4-35b8-4400-bfc7-763d980f19cb"}
{"component":"player-command","phase":"authorization","correlationId":"6516d3f4-35b8-4400-bfc7-763d980f19cb","outcome":"allowed"}
{"component":"player-command","phase":"response","correlationId":"6516d3f4-35b8-4400-bfc7-763d980f19cb","statusCode":200,"elapsedMs":82}
{"component":"player-command","phase":"request","correlationId":"ffcf3fcc-33d5-4868-872e-82291d7604e3"}
{"component":"player-command","phase":"authorization","correlationId":"ffcf3fcc-33d5-4868-872e-82291d7604e3","outcome":"allowed"}
{"component":"player-command","phase":"command","correlationId":"ffcf3fcc-33d5-4868-872e-82291d7604e3"}
{"component":"player-command","phase":"mutation","correlationId":"ffcf3fcc-33d5-4868-872e-82291d7604e3","outcome":"completed","replayed":false}
{"component":"player-command","phase":"consequence","correlationId":"ffcf3fcc-33d5-4868-872e-82291d7604e3","replayed":false,"changes":1}
{"component":"player-command","phase":"opportunity","correlationId":"ffcf3fcc-33d5-4868-872e-82291d7604e3","replayed":false,"changes":1}
{"component":"player-command","phase":"response","correlationId":"ffcf3fcc-33d5-4868-872e-82291d7604e3","statusCode":200,"elapsedMs":81}
{"component":"player-command","phase":"request","correlationId":"e3a3ebeb-ed3a-4efd-be03-1eb31773cb4b"}
{"component":"player-command","phase":"authorization","correlationId":"e3a3ebeb-ed3a-4efd-be03-1eb31773cb4b","outcome":"allowed"}
{"component":"player-command","phase":"command","correlationId":"e3a3ebeb-ed3a-4efd-be03-1eb31773cb4b"}
{"component":"player-command","phase":"mutation","correlationId":"e3a3ebeb-ed3a-4efd-be03-1eb31773cb4b","outcome":"completed","replayed":true}
{"component":"player-command","phase":"consequence","correlationId":"e3a3ebeb-ed3a-4efd-be03-1eb31773cb4b","replayed":true,"changes":0}
{"component":"player-command","phase":"opportunity","correlationId":"e3a3ebeb-ed3a-4efd-be03-1eb31773cb4b","replayed":true,"changes":0}
{"component":"player-command","phase":"response","correlationId":"e3a3ebeb-ed3a-4efd-be03-1eb31773cb4b","statusCode":200,"elapsedMs":26}
{"component":"player-command","phase":"request","correlationId":"a3552a5e-d909-4e45-b2fa-e3eb797afbde"}
{"component":"player-command","phase":"authorization","correlationId":"a3552a5e-d909-4e45-b2fa-e3eb797afbde","outcome":"allowed"}
{"component":"player-command","phase":"response","correlationId":"a3552a5e-d909-4e45-b2fa-e3eb797afbde","statusCode":200,"elapsedMs":310}
{"component":"player-command","phase":"request","correlationId":"5a4729dd-4341-441f-a74c-6fa82d32619e"}
{"component":"player-command","phase":"authorization","correlationId":"5a4729dd-4341-441f-a74c-6fa82d32619e","outcome":"allowed"}
{"component":"player-command","phase":"command","correlationId":"5a4729dd-4341-441f-a74c-6fa82d32619e"}
{"component":"player-command","phase":"mutation","correlationId":"5a4729dd-4341-441f-a74c-6fa82d32619e","outcome":"completed","replayed":false}
{"component":"player-command","phase":"consequence","correlationId":"5a4729dd-4341-441f-a74c-6fa82d32619e","replayed":false,"changes":1}
{"component":"player-command","phase":"opportunity","correlationId":"5a4729dd-4341-441f-a74c-6fa82d32619e","replayed":false,"changes":1}
{"component":"player-command","phase":"response","correlationId":"5a4729dd-4341-441f-a74c-6fa82d32619e","statusCode":200,"elapsedMs":78}
{"component":"player-command","phase":"request","correlationId":"e5fc901b-ab24-4133-a0aa-060a4cdd04f6"}
{"component":"player-command","phase":"authorization","correlationId":"e5fc901b-ab24-4133-a0aa-060a4cdd04f6","outcome":"allowed"}
{"component":"player-command","phase":"command","correlationId":"e5fc901b-ab24-4133-a0aa-060a4cdd04f6"}
{"component":"player-command","phase":"mutation","correlationId":"e5fc901b-ab24-4133-a0aa-060a4cdd04f6","outcome":"completed","replayed":true}
{"component":"player-command","phase":"consequence","correlationId":"e5fc901b-ab24-4133-a0aa-060a4cdd04f6","replayed":true,"changes":0}
{"component":"player-command","phase":"opportunity","correlationId":"e5fc901b-ab24-4133-a0aa-060a4cdd04f6","replayed":true,"changes":0}
{"component":"player-command","phase":"response","correlationId":"e5fc901b-ab24-4133-a0aa-060a4cdd04f6","statusCode":200,"elapsedMs":33}
{"component":"player-command","phase":"request","correlationId":"a4ecc262-355b-4dc7-9406-1b38504e758c"}
{"component":"player-command","phase":"authorization","correlationId":"a4ecc262-355b-4dc7-9406-1b38504e758c","outcome":"allowed"}
{"component":"player-command","phase":"response","correlationId":"a4ecc262-355b-4dc7-9406-1b38504e758c","statusCode":200,"elapsedMs":89}
{"component":"player-command","phase":"request","correlationId":"79e2bfeb-7883-4848-ab11-78e7698c87ad"}
{"component":"player-command","phase":"authorization","correlationId":"79e2bfeb-7883-4848-ab11-78e7698c87ad","outcome":"allowed"}
{"component":"player-command","phase":"command","correlationId":"79e2bfeb-7883-4848-ab11-78e7698c87ad"}
{"component":"player-command","phase":"mutation","correlationId":"79e2bfeb-7883-4848-ab11-78e7698c87ad","outcome":"completed","replayed":false}
{"component":"player-command","phase":"consequence","correlationId":"79e2bfeb-7883-4848-ab11-78e7698c87ad","replayed":false,"changes":1}
{"component":"player-command","phase":"opportunity","correlationId":"79e2bfeb-7883-4848-ab11-78e7698c87ad","replayed":false,"changes":1}
{"component":"player-command","phase":"response","correlationId":"79e2bfeb-7883-4848-ab11-78e7698c87ad","statusCode":200,"elapsedMs":91}
{"component":"player-command","phase":"request","correlationId":"13d49f69-e781-45dc-9f07-32109c8ca1b9"}
{"component":"player-command","phase":"authorization","correlationId":"13d49f69-e781-45dc-9f07-32109c8ca1b9","outcome":"allowed"}
{"component":"player-command","phase":"command","correlationId":"13d49f69-e781-45dc-9f07-32109c8ca1b9"}
{"component":"player-command","phase":"mutation","correlationId":"13d49f69-e781-45dc-9f07-32109c8ca1b9","outcome":"completed","replayed":true}
{"component":"player-command","phase":"consequence","correlationId":"13d49f69-e781-45dc-9f07-32109c8ca1b9","replayed":true,"changes":0}
{"component":"player-command","phase":"opportunity","correlationId":"13d49f69-e781-45dc-9f07-32109c8ca1b9","replayed":true,"changes":0}
{"component":"player-command","phase":"response","correlationId":"13d49f69-e781-45dc-9f07-32109c8ca1b9","statusCode":200,"elapsedMs":32}
{"component":"player-command","phase":"request","correlationId":"d559b8c3-71d1-46ff-aa4e-f48eaf194171"}
{"component":"player-command","phase":"authorization","correlationId":"d559b8c3-71d1-46ff-aa4e-f48eaf194171","outcome":"allowed"}
{"component":"player-command","phase":"response","correlationId":"d559b8c3-71d1-46ff-aa4e-f48eaf194171","statusCode":200,"elapsedMs":81}
{"component":"player-command","phase":"request","correlationId":"6196c5db-eda6-4e88-9b48-6ea6352e2ebb"}
{"component":"player-command","phase":"authorization","correlationId":"6196c5db-eda6-4e88-9b48-6ea6352e2ebb","outcome":"allowed"}
{"component":"player-command","phase":"command","correlationId":"6196c5db-eda6-4e88-9b48-6ea6352e2ebb"}
{"component":"player-command","phase":"mutation","correlationId":"6196c5db-eda6-4e88-9b48-6ea6352e2ebb","outcome":"completed","replayed":false}
{"component":"player-command","phase":"consequence","correlationId":"6196c5db-eda6-4e88-9b48-6ea6352e2ebb","replayed":false,"changes":1}
{"component":"player-command","phase":"opportunity","correlationId":"6196c5db-eda6-4e88-9b48-6ea6352e2ebb","replayed":false,"changes":1}
{"component":"player-command","phase":"response","correlationId":"6196c5db-eda6-4e88-9b48-6ea6352e2ebb","statusCode":200,"elapsedMs":103}
{"component":"player-command","phase":"request","correlationId":"93b61eae-cfb7-4f26-856a-fda148f5b0e6"}
{"component":"player-command","phase":"authorization","correlationId":"93b61eae-cfb7-4f26-856a-fda148f5b0e6","outcome":"allowed"}
{"component":"player-command","phase":"command","correlationId":"93b61eae-cfb7-4f26-856a-fda148f5b0e6"}
{"component":"player-command","phase":"mutation","correlationId":"93b61eae-cfb7-4f26-856a-fda148f5b0e6","outcome":"completed","replayed":true}
{"component":"player-command","phase":"consequence","correlationId":"93b61eae-cfb7-4f26-856a-fda148f5b0e6","replayed":true,"changes":0}
{"component":"player-command","phase":"opportunity","correlationId":"93b61eae-cfb7-4f26-856a-fda148f5b0e6","replayed":true,"changes":0}
{"component":"player-command","phase":"response","correlationId":"93b61eae-cfb7-4f26-856a-fda148f5b0e6","statusCode":200,"elapsedMs":33}
{"component":"player-command","phase":"request","correlationId":"3ce8950b-be66-4ef9-9530-32cbeb878e9b"}
{"component":"player-command","phase":"authorization","correlationId":"3ce8950b-be66-4ef9-9530-32cbeb878e9b","outcome":"allowed"}
{"component":"player-command","phase":"response","correlationId":"3ce8950b-be66-4ef9-9530-32cbeb878e9b","statusCode":200,"elapsedMs":97}
{"component":"player-command","phase":"request","correlationId":"2f365a17-3f08-4bba-a1b9-e9d0961df367"}
{"component":"player-command","phase":"authorization","correlationId":"2f365a17-3f08-4bba-a1b9-e9d0961df367","outcome":"allowed"}
{"component":"player-command","phase":"command","correlationId":"2f365a17-3f08-4bba-a1b9-e9d0961df367"}
{"component":"player-command","phase":"mutation","correlationId":"2f365a17-3f08-4bba-a1b9-e9d0961df367","outcome":"completed","replayed":false}
{"component":"player-command","phase":"consequence","correlationId":"2f365a17-3f08-4bba-a1b9-e9d0961df367","replayed":false,"changes":1}
{"component":"player-command","phase":"opportunity","correlationId":"2f365a17-3f08-4bba-a1b9-e9d0961df367","replayed":false,"changes":1}
{"component":"player-command","phase":"response","correlationId":"2f365a17-3f08-4bba-a1b9-e9d0961df367","statusCode":200,"elapsedMs":152}
{"component":"player-command","phase":"request","correlationId":"70032a6e-7e7e-4049-b6f4-d3bec0bd862a"}
{"component":"player-command","phase":"authorization","correlationId":"70032a6e-7e7e-4049-b6f4-d3bec0bd862a","outcome":"allowed"}
{"component":"player-command","phase":"command","correlationId":"70032a6e-7e7e-4049-b6f4-d3bec0bd862a"}
{"component":"player-command","phase":"mutation","correlationId":"70032a6e-7e7e-4049-b6f4-d3bec0bd862a","outcome":"completed","replayed":true}
{"component":"player-command","phase":"consequence","correlationId":"70032a6e-7e7e-4049-b6f4-d3bec0bd862a","replayed":true,"changes":0}
{"component":"player-command","phase":"opportunity","correlationId":"70032a6e-7e7e-4049-b6f4-d3bec0bd862a","replayed":true,"changes":0}
{"component":"player-command","phase":"response","correlationId":"70032a6e-7e7e-4049-b6f4-d3bec0bd862a","statusCode":200,"elapsedMs":81}
{"phase":"commands","round":1,"players":100,"assertions":27555}
{"ok":true,"population":100,"requests":800,"transitions":502,"invariantAssertions":27610,"commands":{"discovery.start":100,"discovery.act":100},"replays":200,"blockedPlayers":0,"output":"docs/release/evidence/simulation/entry100.json"}
