2026-09-20T22:47:33.161393Z ERROR foundry_compilers_artifacts_solc::sources: error="C:/Users/Jorge/.codex/worktrees/omerta-rc1-closure/Omerta/omerta-contracts\lib/openzeppelin-contracts/token/ERC20/IERC20.sol": The system cannot find the path specified. (os error 3)
2026-09-20T22:47:33.164556Z ERROR foundry_compilers_artifacts_solc::sources: error="C:/Users/Jorge/.codex/worktrees/omerta-rc1-closure/Omerta/omerta-contracts\lib/openzeppelin-contracts/interfaces/IERC20.sol": The system cannot find the path specified. (os error 3)
2026-09-20T22:47:33.165321Z ERROR foundry_compilers_artifacts_solc::sources: error="C:/Users/Jorge/.codex/worktrees/omerta-rc1-closure/Omerta/omerta-contracts\lib/openzeppelin-contracts/interfaces/IERC4626.sol": The system cannot find the path specified. (os error 3)
2026-09-20T22:47:33.166277Z ERROR foundry_compilers_artifacts_solc::sources: error="C:/Users/Jorge/.codex/worktrees/omerta-rc1-closure/Omerta/omerta-contracts\lib/v4-core/src/interfaces/IHooks.sol": The system cannot find the path specified. (os error 3)
2026-09-20T22:47:33.166586Z ERROR foundry_compilers_artifacts_solc::sources: error="C:/Users/Jorge/.codex/worktrees/omerta-rc1-closure/Omerta/omerta-contracts\lib/v4-core/src/interfaces/IPoolManager.sol": The system cannot find the path specified. (os error 3)
2026-09-20T22:47:33.166891Z ERROR foundry_compilers_artifacts_solc::sources: error="C:/Users/Jorge/.codex/worktrees/omerta-rc1-closure/Omerta/omerta-contracts\lib/v4-core/src/types/Currency.sol": The system cannot find the path specified. (os error 3)
2026-09-20T22:47:33.167190Z ERROR foundry_compilers_artifacts_solc::sources: error="C:/Users/Jorge/.codex/worktrees/omerta-rc1-closure/Omerta/omerta-contracts\lib/v4-core/src/types/PoolKey.sol": The system cannot find the path specified. (os error 3)
2026-09-20T22:47:33.167486Z ERROR foundry_compilers_artifacts_solc::sources: error="C:/Users/Jorge/.codex/worktrees/omerta-rc1-closure/Omerta/omerta-contracts\lib/v4-core/src/types/PoolId.sol": The system cannot find the path specified. (os error 3)
2026-09-20T22:47:33.168193Z ERROR foundry_compilers_artifacts_solc::sources: error="C:/Users/Jorge/.codex/worktrees/omerta-rc1-closure/Omerta/omerta-contracts\lib/v4-core/src/interfaces/IPoolManager.sol": The system cannot find the path specified. (os error 3)
2026-09-20T22:47:33.168491Z ERROR foundry_compilers_artifacts_solc::sources: error="C:/Users/Jorge/.codex/worktrees/omerta-rc1-closure/Omerta/omerta-contracts\lib/v4-core/src/libraries/Hooks.sol": The system cannot find the path specified. (os error 3)
2026-09-20T22:47:33.170145Z ERROR foundry_compilers_artifacts_solc::sources: error="C:/Users/Jorge/.codex/worktrees/omerta-rc1-closure/Omerta/omerta-contracts\lib/openzeppelin-contracts/interfaces/IERC20.sol": The system cannot find the path specified. (os error 3)
2026-09-20T22:47:33.170523Z ERROR foundry_compilers_artifacts_solc::sources: error="C:/Users/Jorge/.codex/worktrees/omerta-rc1-closure/Omerta/omerta-contracts\lib/openzeppelin-contracts/interfaces/IERC4626.sol": The system cannot find the path specified. (os error 3)
2026-09-20T22:47:33.172469Z ERROR foundry_compilers_artifacts_solc::sources: error="C:/Users/Jorge/.codex/worktrees/omerta-rc1-closure/Omerta/omerta-contracts\lib/v4-core/src/interfaces/IHooks.sol": The system cannot find the path specified. (os error 3)
2026-09-20T22:47:33.172771Z ERROR foundry_compilers_artifacts_solc::sources: error="C:/Users/Jorge/.codex/worktrees/omerta-rc1-closure/Omerta/omerta-contracts\lib/v4-core/src/interfaces/IPoolManager.sol": The system cannot find the path specified. (os error 3)
2026-09-20T22:47:33.173131Z ERROR foundry_compilers_artifacts_solc::sources: error="C:/Users/Jorge/.codex/worktrees/omerta-rc1-closure/Omerta/omerta-contracts\lib/v4-core/src/types/Currency.sol": The system cannot find the path specified. (os error 3)
2026-09-20T22:47:33.173437Z ERROR foundry_compilers_artifacts_solc::sources: error="C:/Users/Jorge/.codex/worktrees/omerta-rc1-closure/Omerta/omerta-contracts\lib/v4-core/src/types/PoolId.sol": The system cannot find the path specified. (os error 3)
2026-09-20T22:47:33.173738Z ERROR foundry_compilers_artifacts_solc::sources: error="C:/Users/Jorge/.codex/worktrees/omerta-rc1-closure/Omerta/omerta-contracts\lib/v4-core/src/types/PoolKey.sol": The system cannot find the path specified. (os error 3)
2026-09-20T22:47:33.174753Z ERROR foundry_compilers_artifacts_solc::sources: error="C:/Users/Jorge/.codex/worktrees/omerta-rc1-closure/Omerta/omerta-contracts\lib/openzeppelin-contracts/token/ERC20/ERC20.sol": The system cannot find the path specified. (os error 3)
2026-09-20T22:47:33.175152Z ERROR foundry_compilers_artifacts_solc::sources: error="C:/Users/Jorge/.codex/worktrees/omerta-rc1-closure/Omerta/omerta-contracts\lib/openzeppelin-contracts/token/ERC20/extensions/ERC4626.sol": The system cannot find the path specified. (os error 3)
2026-09-20T22:47:33.175527Z ERROR foundry_compilers_artifacts_solc::sources: error="C:/Users/Jorge/.codex/worktrees/omerta-rc1-closure/Omerta/omerta-contracts\lib/openzeppelin-contracts/interfaces/IERC20.sol": The system cannot find the path specified. (os error 3)
2026-09-20T22:47:33.175907Z ERROR foundry_compilers_artifacts_solc::sources: error="C:/Users/Jorge/.codex/worktrees/omerta-rc1-closure/Omerta/omerta-contracts\lib/openzeppelin-contracts/token/ERC20/ERC20.sol": The system cannot find the path specified. (os error 3)
2026-09-20T22:47:33.176422Z ERROR foundry_compilers_artifacts_solc::sources: error="C:/Users/Jorge/.codex/worktrees/omerta-rc1-closure/Omerta/omerta-contracts\lib/openzeppelin-contracts/access/Ownable.sol": The system cannot find the path specified. (os error 3)
2026-09-20T22:47:33.176949Z ERROR foundry_compilers_artifacts_solc::sources: error="C:/Users/Jorge/.codex/worktrees/omerta-rc1-closure/Omerta/omerta-contracts\lib/openzeppelin-contracts/access/Ownable2Step.sol": The system cannot find the path specified. (os error 3)
2026-09-20T22:47:33.177343Z ERROR foundry_compilers_artifacts_solc::sources: error="C:/Users/Jorge/.codex/worktrees/omerta-rc1-closure/Omerta/omerta-contracts\lib/openzeppelin-contracts/utils/cryptography/EIP712.sol": The system cannot find the path specified. (os error 3)
2026-09-20T22:47:33.177719Z ERROR foundry_compilers_artifacts_solc::sources: error="C:/Users/Jorge/.codex/worktrees/omerta-rc1-closure/Omerta/omerta-contracts\lib/openzeppelin-contracts/utils/Pausable.sol": The system cannot find the path specified. (os error 3)
2026-09-20T22:47:33.178097Z ERROR foundry_compilers_artifacts_solc::sources: error="C:/Users/Jorge/.codex/worktrees/omerta-rc1-closure/Omerta/omerta-contracts\lib/openzeppelin-contracts/utils/ReentrancyGuard.sol": The system cannot find the path specified. (os error 3)
2026-09-20T22:47:33.178793Z ERROR foundry_compilers_artifacts_solc::sources: error="C:/Users/Jorge/.codex/worktrees/omerta-rc1-closure/Omerta/omerta-contracts\lib/openzeppelin-contracts/access/Ownable.sol": The system cannot find the path specified. (os error 3)
2026-09-20T22:47:33.179172Z ERROR foundry_compilers_artifacts_solc::sources: error="C:/Users/Jorge/.codex/worktrees/omerta-rc1-closure/Omerta/omerta-contracts\lib/openzeppelin-contracts/access/Ownable2Step.sol": The system cannot find the path specified. (os error 3)
2026-09-20T22:47:33.179621Z ERROR foundry_compilers_artifacts_solc::sources: error="C:/Users/Jorge/.codex/worktrees/omerta-rc1-closure/Omerta/omerta-contracts\lib/openzeppelin-contracts/utils/cryptography/EIP712.sol": The system cannot find the path specified. (os error 3)
2026-09-20T22:47:33.180001Z ERROR foundry_compilers_artifacts_solc::sources: error="C:/Users/Jorge/.codex/worktrees/omerta-rc1-closure/Omerta/omerta-contracts\lib/openzeppelin-contracts/utils/cryptography/ECDSA.sol": The system cannot find the path specified. (os error 3)
2026-09-20T22:47:33.180372Z ERROR foundry_compilers_artifacts_solc::sources: error="C:/Users/Jorge/.codex/worktrees/omerta-rc1-closure/Omerta/omerta-contracts\lib/openzeppelin-contracts/utils/Pausable.sol": The system cannot find the path specified. (os error 3)
2026-09-20T22:47:33.180745Z ERROR foundry_compilers_artifacts_solc::sources: error="C:/Users/Jorge/.codex/worktrees/omerta-rc1-closure/Omerta/omerta-contracts\lib/openzeppelin-contracts/utils/ReentrancyGuard.sol": The system cannot find the path specified. (os error 3)
2026-09-20T22:47:33.181372Z ERROR foundry_compilers_artifacts_solc::sources: error="C:/Users/Jorge/.codex/worktrees/omerta-rc1-closure/Omerta/omerta-contracts\lib/openzeppelin-contracts/utils/ReentrancyGuard.sol": The system cannot find the path specified. (os error 3)
2026-09-20T22:47:33.181749Z ERROR foundry_compilers_artifacts_solc::sources: error="C:/Users/Jorge/.codex/worktrees/omerta-rc1-closure/Omerta/omerta-contracts\lib/openzeppelin-contracts/interfaces/IERC20.sol": The system cannot find the path specified. (os error 3)
2026-09-20T22:47:33.182122Z ERROR foundry_compilers_artifacts_solc::sources: error="C:/Users/Jorge/.codex/worktrees/omerta-rc1-closure/Omerta/omerta-contracts\lib/openzeppelin-contracts/interfaces/IERC20Metadata.sol": The system cannot find the path specified. (os error 3)
2026-09-20T22:47:33.182493Z ERROR foundry_compilers_artifacts_solc::sources: error="C:/Users/Jorge/.codex/worktrees/omerta-rc1-closure/Omerta/omerta-contracts\lib/openzeppelin-contracts/interfaces/IERC4626.sol": The system cannot find the path specified. (os error 3)
2026-09-20T22:47:33.182865Z ERROR foundry_compilers_artifacts_solc::sources: error="C:/Users/Jorge/.codex/worktrees/omerta-rc1-closure/Omerta/omerta-contracts\lib/openzeppelin-contracts/token/ERC20/utils/SafeERC20.sol": The system cannot find the path specified. (os error 3)
2026-09-20T22:47:33.183242Z ERROR foundry_compilers_artifacts_solc::sources: error="C:/Users/Jorge/.codex/worktrees/omerta-rc1-closure/Omerta/omerta-contracts\lib/openzeppelin-contracts/access/Ownable.sol": The system cannot find the path specified. (os error 3)
2026-09-20T22:47:33.183614Z ERROR foundry_compilers_artifacts_solc::sources: error="C:/Users/Jorge/.codex/worktrees/omerta-rc1-closure/Omerta/omerta-contracts\lib/openzeppelin-contracts/access/Ownable2Step.sol": The system cannot find the path specified. (os error 3)
2026-09-20T22:47:33.183984Z ERROR foundry_compilers_artifacts_solc::sources: error="C:/Users/Jorge/.codex/worktrees/omerta-rc1-closure/Omerta/omerta-contracts\lib/openzeppelin-contracts/utils/ReentrancyGuard.sol": The system cannot find the path specified. (os error 3)
2026-09-20T22:47:33.184821Z ERROR foundry_compilers_artifacts_solc::sources: error="C:/Users/Jorge/.codex/worktrees/omerta-rc1-closure/Omerta/omerta-contracts\lib/openzeppelin-contracts/interfaces/IERC20.sol": The system cannot find the path specified. (os error 3)
2026-09-20T22:47:33.185192Z ERROR foundry_compilers_artifacts_solc::sources: error="C:/Users/Jorge/.codex/worktrees/omerta-rc1-closure/Omerta/omerta-contracts\lib/openzeppelin-contracts/token/ERC20/utils/SafeERC20.sol": The system cannot find the path specified. (os error 3)
2026-09-20T22:47:33.185560Z ERROR foundry_compilers_artifacts_solc::sources: error="C:/Users/Jorge/.codex/worktrees/omerta-rc1-closure/Omerta/omerta-contracts\lib/openzeppelin-contracts/access/Ownable2Step.sol": The system cannot find the path specified. (os error 3)
2026-09-20T22:47:33.187915Z ERROR foundry_compilers_artifacts_solc::sources: error="C:/Users/Jorge/.codex/worktrees/omerta-rc1-closure/Omerta/omerta-contracts\lib/openzeppelin-contracts/utils/Pausable.sol": The system cannot find the path specified. (os error 3)
2026-09-20T22:47:33.188304Z ERROR foundry_compilers_artifacts_solc::sources: error="C:/Users/Jorge/.codex/worktrees/omerta-rc1-closure/Omerta/omerta-contracts\lib/openzeppelin-contracts/utils/ReentrancyGuard.sol": The system cannot find the path specified. (os error 3)
2026-09-20T22:47:33.188675Z ERROR foundry_compilers_artifacts_solc::sources: error="C:/Users/Jorge/.codex/worktrees/omerta-rc1-closure/Omerta/omerta-contracts\lib/openzeppelin-contracts/utils/math/Math.sol": The system cannot find the path specified. (os error 3)
2026-09-20T22:47:33.189265Z ERROR foundry_compilers_artifacts_solc::sources: error="C:/Users/Jorge/.codex/worktrees/omerta-rc1-closure/Omerta/omerta-contracts\lib/openzeppelin-contracts/interfaces/IERC20.sol": The system cannot find the path specified. (os error 3)
2026-09-20T22:47:33.189659Z ERROR foundry_compilers_artifacts_solc::sources: error="C:/Users/Jorge/.codex/worktrees/omerta-rc1-closure/Omerta/omerta-contracts\lib/openzeppelin-contracts/interfaces/IERC4626.sol": The system cannot find the path specified. (os error 3)
2026-09-20T22:47:33.190038Z ERROR foundry_compilers_artifacts_solc::sources: error="C:/Users/Jorge/.codex/worktrees/omerta-rc1-closure/Omerta/omerta-contracts\lib/openzeppelin-contracts/token/ERC20/utils/SafeERC20.sol": The system cannot find the path specified. (os error 3)
2026-09-20T22:47:33.190411Z ERROR foundry_compilers_artifacts_solc::sources: error="C:/Users/Jorge/.codex/worktrees/omerta-rc1-closure/Omerta/omerta-contracts\lib/openzeppelin-contracts/token/ERC20/ERC20.sol": The system cannot find the path specified. (os error 3)
2026-09-20T22:47:33.190797Z ERROR foundry_compilers_artifacts_solc::sources: error="C:/Users/Jorge/.codex/worktrees/omerta-rc1-closure/Omerta/omerta-contracts\lib/openzeppelin-contracts/token/ERC20/extensions/ERC20Permit.sol": The system cannot find the path specified. (os error 3)
2026-09-20T22:47:33.191169Z ERROR foundry_compilers_artifacts_solc::sources: error="C:/Users/Jorge/.codex/worktrees/omerta-rc1-closure/Omerta/omerta-contracts\lib/openzeppelin-contracts/access/Ownable.sol": The system cannot find the path specified. (os error 3)
2026-09-20T22:47:33.191538Z ERROR foundry_compilers_artifacts_solc::sources: error="C:/Users/Jorge/.codex/worktrees/omerta-rc1-closure/Omerta/omerta-contracts\lib/openzeppelin-contracts/access/Ownable2Step.sol": The system cannot find the path specified. (os error 3)
2026-09-20T22:47:33.191910Z ERROR foundry_compilers_artifacts_solc::sources: error="C:/Users/Jorge/.codex/worktrees/omerta-rc1-closure/Omerta/omerta-contracts\lib/openzeppelin-contracts/token/ERC721/ERC721.sol": The system cannot find the path specified. (os error 3)
2026-09-20T22:47:33.192284Z ERROR foundry_compilers_artifacts_solc::sources: error="C:/Users/Jorge/.codex/worktrees/omerta-rc1-closure/Omerta/omerta-contracts\lib/openzeppelin-contracts/token/common/ERC2981.sol": The system cannot find the path specified. (os error 3)
2026-09-20T22:47:33.192655Z ERROR foundry_compilers_artifacts_solc::sources: error="C:/Users/Jorge/.codex/worktrees/omerta-rc1-closure/Omerta/omerta-contracts\lib/openzeppelin-contracts/utils/cryptography/EIP712.sol": The system cannot find the path specified. (os error 3)
2026-09-20T22:47:33.193174Z ERROR foundry_compilers_artifacts_solc::sources: error="C:/Users/Jorge/.codex/worktrees/omerta-rc1-closure/Omerta/omerta-contracts\lib/openzeppelin-contracts/utils/cryptography/ECDSA.sol": The system cannot find the path specified. (os error 3)
2026-09-20T22:47:33.193868Z ERROR foundry_compilers_artifacts_solc::sources: error="C:/Users/Jorge/.codex/worktrees/omerta-rc1-closure/Omerta/omerta-contracts\lib/openzeppelin-contracts/access/Ownable2Step.sol": The system cannot find the path specified. (os error 3)
2026-09-20T22:47:33.194250Z ERROR foundry_compilers_artifacts_solc::sources: error="C:/Users/Jorge/.codex/worktrees/omerta-rc1-closure/Omerta/omerta-contracts\lib/openzeppelin-contracts/utils/Pausable.sol": The system cannot find the path specified. (os error 3)
2026-09-20T22:47:33.194624Z ERROR foundry_compilers_artifacts_solc::sources: error="C:/Users/Jorge/.codex/worktrees/omerta-rc1-closure/Omerta/omerta-contracts\lib/openzeppelin-contracts/utils/ReentrancyGuard.sol": The system cannot find the path specified. (os error 3)
2026-09-20T22:47:33.194997Z ERROR foundry_compilers_artifacts_solc::sources: error="C:/Users/Jorge/.codex/worktrees/omerta-rc1-closure/Omerta/omerta-contracts\lib/openzeppelin-contracts/utils/Strings.sol": The system cannot find the path specified. (os error 3)
2026-09-20T22:47:33.195536Z ERROR foundry_compilers_artifacts_solc::sources: error="C:/Users/Jorge/.codex/worktrees/omerta-rc1-closure/Omerta/omerta-contracts\lib/openzeppelin-contracts/utils/ReentrancyGuard.sol": The system cannot find the path specified. (os error 3)
2026-09-20T22:47:33.195911Z ERROR foundry_compilers_artifacts_solc::sources: error="C:/Users/Jorge/.codex/worktrees/omerta-rc1-closure/Omerta/omerta-contracts\lib/openzeppelin-contracts/utils/math/Math.sol": The system cannot find the path specified. (os error 3)
2026-09-20T22:47:33.196355Z ERROR foundry_compilers_artifacts_solc::sources: error="C:/Users/Jorge/.codex/worktrees/omerta-rc1-closure/Omerta/omerta-contracts\lib/openzeppelin-contracts/token/ERC1155/ERC1155.sol": The system cannot find the path specified. (os error 3)
2026-09-20T22:47:33.196726Z ERROR foundry_compilers_artifacts_solc::sources: error="C:/Users/Jorge/.codex/worktrees/omerta-rc1-closure/Omerta/omerta-contracts\lib/openzeppelin-contracts/access/Ownable2Step.sol": The system cannot find the path specified. (os error 3)
2026-09-20T22:47:33.197092Z ERROR foundry_compilers_artifacts_solc::sources: error="C:/Users/Jorge/.codex/worktrees/omerta-rc1-closure/Omerta/omerta-contracts\lib/openzeppelin-contracts/utils/Strings.sol": The system cannot find the path specified. (os error 3)
2026-09-20T22:47:33.197553Z ERROR foundry_compilers_artifacts_solc::sources: error="C:/Users/Jorge/.codex/worktrees/omerta-rc1-closure/Omerta/omerta-contracts\lib/openzeppelin-contracts/utils/Base64.sol": The system cannot find the path specified. (os error 3)
2026-09-20T22:47:33.197928Z ERROR foundry_compilers_artifacts_solc::sources: error="C:/Users/Jorge/.codex/worktrees/omerta-rc1-closure/Omerta/omerta-contracts\lib/openzeppelin-contracts/access/Ownable2Step.sol": The system cannot find the path specified. (os error 3)
2026-09-20T22:47:33.198293Z ERROR foundry_compilers_artifacts_solc::sources: error="C:/Users/Jorge/.codex/worktrees/omerta-rc1-closure/Omerta/omerta-contracts\lib/openzeppelin-contracts/utils/ReentrancyGuard.sol": The system cannot find the path specified. (os error 3)
2026-09-20T22:47:33.198664Z ERROR foundry_compilers_artifacts_solc::sources: error="C:/Users/Jorge/.codex/worktrees/omerta-rc1-closure/Omerta/omerta-contracts\lib/openzeppelin-contracts/token/ERC20/IERC20.sol": The system cannot find the path specified. (os error 3)
2026-09-20T22:47:33.199034Z ERROR foundry_compilers_artifacts_solc::sources: error="C:/Users/Jorge/.codex/worktrees/omerta-rc1-closure/Omerta/omerta-contracts\lib/openzeppelin-contracts/token/ERC20/utils/SafeERC20.sol": The system cannot find the path specified. (os error 3)
2026-09-20T22:47:33.199622Z ERROR foundry_compilers_artifacts_solc::sources: error="C:/Users/Jorge/.codex/worktrees/omerta-rc1-closure/Omerta/omerta-contracts\lib/v4-core/src/types/PoolId.sol": The system cannot find the path specified. (os error 3)
2026-09-20T22:47:33.199921Z ERROR foundry_compilers_artifacts_solc::sources: error="C:/Users/Jorge/.codex/worktrees/omerta-rc1-closure/Omerta/omerta-contracts\lib/v4-core/src/types/PoolKey.sol": The system cannot find the path specified. (os error 3)
2026-09-20T22:47:33.200217Z ERROR foundry_compilers_artifacts_solc::sources: error="C:/Users/Jorge/.codex/worktrees/omerta-rc1-closure/Omerta/omerta-contracts\lib/v4-core/src/types/Currency.sol": The system cannot find the path specified. (os error 3)
2026-09-20T22:47:33.200512Z ERROR foundry_compilers_artifacts_solc::sources: error="C:/Users/Jorge/.codex/worktrees/omerta-rc1-closure/Omerta/omerta-contracts\lib/v4-core/src/interfaces/IHooks.sol": The system cannot find the path specified. (os error 3)
2026-09-20T22:47:33.200883Z ERROR foundry_compilers_artifacts_solc::sources: error="C:/Users/Jorge/.codex/worktrees/omerta-rc1-closure/Omerta/omerta-contracts\lib/openzeppelin-contracts/access/Ownable.sol": The system cannot find the path specified. (os error 3)
2026-09-20T22:47:33.201256Z ERROR foundry_compilers_artifacts_solc::sources: error="C:/Users/Jorge/.codex/worktrees/omerta-rc1-closure/Omerta/omerta-contracts\lib/openzeppelin-contracts/access/Ownable2Step.sol": The system cannot find the path specified. (os error 3)
2026-09-20T22:47:33.201754Z ERROR foundry_compilers_artifacts_solc::sources: error="C:/Users/Jorge/.codex/worktrees/omerta-rc1-closure/Omerta/omerta-contracts\lib/openzeppelin-contracts/token/ERC20/IERC20.sol": The system cannot find the path specified. (os error 3)
2026-09-20T22:47:33.202124Z ERROR foundry_compilers_artifacts_solc::sources: error="C:/Users/Jorge/.codex/worktrees/omerta-rc1-closure/Omerta/omerta-contracts\lib/openzeppelin-contracts/token/ERC20/utils/SafeERC20.sol": The system cannot find the path specified. (os error 3)
2026-09-20T22:47:33.202493Z ERROR foundry_compilers_artifacts_solc::sources: error="C:/Users/Jorge/.codex/worktrees/omerta-rc1-closure/Omerta/omerta-contracts\lib/openzeppelin-contracts/utils/ReentrancyGuard.sol": The system cannot find the path specified. (os error 3)
2026-09-20T22:47:33.202798Z ERROR foundry_compilers_artifacts_solc::sources: error="C:/Users/Jorge/.codex/worktrees/omerta-rc1-closure/Omerta/omerta-contracts\lib/v4-core/src/interfaces/IPoolManager.sol": The system cannot find the path specified. (os error 3)
2026-09-20T22:47:33.203093Z ERROR foundry_compilers_artifacts_solc::sources: error="C:/Users/Jorge/.codex/worktrees/omerta-rc1-closure/Omerta/omerta-contracts\lib/v4-core/src/types/PoolId.sol": The system cannot find the path specified. (os error 3)
2026-09-20T22:47:33.203390Z ERROR foundry_compilers_artifacts_solc::sources: error="C:/Users/Jorge/.codex/worktrees/omerta-rc1-closure/Omerta/omerta-contracts\lib/v4-core/src/libraries/StateLibrary.sol": The system cannot find the path specified. (os error 3)
2026-09-20T22:47:33.203769Z ERROR foundry_compilers_artifacts_solc::sources: error="C:/Users/Jorge/.codex/worktrees/omerta-rc1-closure/Omerta/omerta-contracts\lib/openzeppelin-contracts/access/Ownable2Step.sol": The system cannot find the path specified. (os error 3)
2026-09-20T22:47:33.204147Z ERROR foundry_compilers_artifacts_solc::sources: error="C:/Users/Jorge/.codex/worktrees/omerta-rc1-closure/Omerta/omerta-contracts\lib/openzeppelin-contracts/utils/Pausable.sol": The system cannot find the path specified. (os error 3)
2026-09-20T22:47:33.204526Z ERROR foundry_compilers_artifacts_solc::sources: error="C:/Users/Jorge/.codex/worktrees/omerta-rc1-closure/Omerta/omerta-contracts\lib/openzeppelin-contracts/utils/ReentrancyGuard.sol": The system cannot find the path specified. (os error 3)
2026-09-20T22:47:33.204909Z ERROR foundry_compilers_artifacts_solc::sources: error="C:/Users/Jorge/.codex/worktrees/omerta-rc1-closure/Omerta/omerta-contracts\lib/openzeppelin-contracts/utils/math/Math.sol": The system cannot find the path specified. (os error 3)
2026-09-20T22:47:33.205357Z ERROR foundry_compilers_artifacts_solc::sources: error="C:/Users/Jorge/.codex/worktrees/omerta-rc1-closure/Omerta/omerta-contracts\lib/openzeppelin-contracts/access/Ownable2Step.sol": The system cannot find the path specified. (os error 3)
2026-09-20T22:47:33.205731Z ERROR foundry_compilers_artifacts_solc::sources: error="C:/Users/Jorge/.codex/worktrees/omerta-rc1-closure/Omerta/omerta-contracts\lib/openzeppelin-contracts/utils/Pausable.sol": The system cannot find the path specified. (os error 3)
2026-09-20T22:47:33.206101Z ERROR foundry_compilers_artifacts_solc::sources: error="C:/Users/Jorge/.codex/worktrees/omerta-rc1-closure/Omerta/omerta-contracts\lib/openzeppelin-contracts/utils/ReentrancyGuard.sol": The system cannot find the path specified. (os error 3)
2026-09-20T22:47:33.206472Z ERROR foundry_compilers_artifacts_solc::sources: error="C:/Users/Jorge/.codex/worktrees/omerta-rc1-closure/Omerta/omerta-contracts\lib/openzeppelin-contracts/token/ERC20/IERC20.sol": The system cannot find the path specified. (os error 3)
2026-09-20T22:47:33.206855Z ERROR foundry_compilers_artifacts_solc::sources: error="C:/Users/Jorge/.codex/worktrees/omerta-rc1-closure/Omerta/omerta-contracts\lib/openzeppelin-contracts/token/ERC20/utils/SafeERC20.sol": The system cannot find the path specified. (os error 3)
2026-09-20T22:47:33.207230Z ERROR foundry_compilers_artifacts_solc::sources: error="C:/Users/Jorge/.codex/worktrees/omerta-rc1-closure/Omerta/omerta-contracts\lib/openzeppelin-contracts/utils/math/Math.sol": The system cannot find the path specified. (os error 3)
2026-09-20T22:47:33.207531Z ERROR foundry_compilers_artifacts_solc::sources: error="C:/Users/Jorge/.codex/worktrees/omerta-rc1-closure/Omerta/omerta-contracts\lib/v4-core/src/interfaces/IPoolManager.sol": The system cannot find the path specified. (os error 3)
2026-09-20T22:47:33.207833Z ERROR foundry_compilers_artifacts_solc::sources: error="C:/Users/Jorge/.codex/worktrees/omerta-rc1-closure/Omerta/omerta-contracts\lib/v4-core/src/interfaces/callback/IUnlockCallback.sol": The system cannot find the path specified. (os error 3)
2026-09-20T22:47:33.208130Z ERROR foundry_compilers_artifacts_solc::sources: error="C:/Users/Jorge/.codex/worktrees/omerta-rc1-closure/Omerta/omerta-contracts\lib/v4-core/src/types/PoolKey.sol": The system cannot find the path specified. (os error 3)
2026-09-20T22:47:33.208429Z ERROR foundry_compilers_artifacts_solc::sources: error="C:/Users/Jorge/.codex/worktrees/omerta-rc1-closure/Omerta/omerta-contracts\lib/v4-core/src/types/PoolId.sol": The system cannot find the path specified. (os error 3)
2026-09-20T22:47:33.208733Z ERROR foundry_compilers_artifacts_solc::sources: error="C:/Users/Jorge/.codex/worktrees/omerta-rc1-closure/Omerta/omerta-contracts\lib/v4-core/src/types/Currency.sol": The system cannot find the path specified. (os error 3)
2026-09-20T22:47:33.209032Z ERROR foundry_compilers_artifacts_solc::sources: error="C:/Users/Jorge/.codex/worktrees/omerta-rc1-closure/Omerta/omerta-contracts\lib/v4-core/src/types/BalanceDelta.sol": The system cannot find the path specified. (os error 3)
2026-09-20T22:47:33.209328Z ERROR foundry_compilers_artifacts_solc::sources: error="C:/Users/Jorge/.codex/worktrees/omerta-rc1-closure/Omerta/omerta-contracts\lib/v4-core/src/types/PoolOperation.sol": The system cannot find the path specified. (os error 3)
2026-09-20T22:47:33.209675Z ERROR foundry_compilers_artifacts_solc::sources: error="C:/Users/Jorge/.codex/worktrees/omerta-rc1-closure/Omerta/omerta-contracts\lib/v4-core/src/libraries/TickMath.sol": The system cannot find the path specified. (os error 3)
2026-09-20T22:47:33.210670Z ERROR foundry_compilers_artifacts_solc::sources: error="C:/Users/Jorge/.codex/worktrees/omerta-rc1-closure/Omerta/omerta-contracts\lib/openzeppelin-contracts/token/ERC20/ERC20.sol": The system cannot find the path specified. (os error 3)
2026-09-20T22:47:33.211146Z ERROR foundry_compilers_artifacts_solc::sources: error="C:/Users/Jorge/.codex/worktrees/omerta-rc1-closure/Omerta/omerta-contracts\lib/openzeppelin-contracts/token/ERC20/extensions/ERC20Permit.sol": The system cannot find the path specified. (os error 3)
2026-09-20T22:47:33.211540Z ERROR foundry_compilers_artifacts_solc::sources: error="C:/Users/Jorge/.codex/worktrees/omerta-rc1-closure/Omerta/omerta-contracts\lib/openzeppelin-contracts/access/Ownable.sol": The system cannot find the path specified. (os error 3)
2026-09-20T22:47:33.212120Z ERROR foundry_compilers_artifacts_solc::sources: error="C:/Users/Jorge/.codex/worktrees/omerta-rc1-closure/Omerta/omerta-contracts\lib/openzeppelin-contracts/access/Ownable2Step.sol": The system cannot find the path specified. (os error 3)
2026-09-20T22:47:33.212511Z ERROR foundry_compilers_artifacts_solc::sources: error="C:/Users/Jorge/.codex/worktrees/omerta-rc1-closure/Omerta/omerta-contracts\lib/openzeppelin-contracts/token/ERC20/utils/SafeERC20.sol": The system cannot find the path specified. (os error 3)
2026-09-20T22:47:33.212988Z ERROR foundry_compilers_artifacts_solc::sources: error="C:/Users/Jorge/.codex/worktrees/omerta-rc1-closure/Omerta/omerta-contracts\lib/openzeppelin-contracts/token/ERC20/IERC20.sol": The system cannot find the path specified. (os error 3)
2026-09-20T22:47:33.213377Z ERROR foundry_compilers_artifacts_solc::sources: error="C:/Users/Jorge/.codex/worktrees/omerta-rc1-closure/Omerta/omerta-contracts\lib/openzeppelin-contracts/access/Ownable2Step.sol": The system cannot find the path specified. (os error 3)
2026-09-20T22:47:33.213757Z ERROR foundry_compilers_artifacts_solc::sources: error="C:/Users/Jorge/.codex/worktrees/omerta-rc1-closure/Omerta/omerta-contracts\lib/openzeppelin-contracts/utils/ReentrancyGuard.sol": The system cannot find the path specified. (os error 3)
2026-09-20T22:47:33.214161Z ERROR foundry_compilers_artifacts_solc::sources: error="C:/Users/Jorge/.codex/worktrees/omerta-rc1-closure/Omerta/omerta-contracts\lib/openzeppelin-contracts/utils/cryptography/EIP712.sol": The system cannot find the path specified. (os error 3)
2026-09-20T22:47:33.214549Z ERROR foundry_compilers_artifacts_solc::sources: error="C:/Users/Jorge/.codex/worktrees/omerta-rc1-closure/Omerta/omerta-contracts\lib/openzeppelin-contracts/utils/cryptography/ECDSA.sol": The system cannot find the path specified. (os error 3)
2026-09-20T22:47:33.214935Z ERROR foundry_compilers_artifacts_solc::sources: error="C:/Users/Jorge/.codex/worktrees/omerta-rc1-closure/Omerta/omerta-contracts\lib/openzeppelin-contracts/token/ERC20/utils/SafeERC20.sol": The system cannot find the path specified. (os error 3)
2026-09-20T22:47:33.215315Z ERROR foundry_compilers_artifacts_solc::sources: error="C:/Users/Jorge/.codex/worktrees/omerta-rc1-closure/Omerta/omerta-contracts\lib/openzeppelin-contracts/token/ERC20/IERC20.sol": The system cannot find the path specified. (os error 3)
2026-09-20T22:47:33.215689Z ERROR foundry_compilers_artifacts_solc::sources: error="C:/Users/Jorge/.codex/worktrees/omerta-rc1-closure/Omerta/omerta-contracts\lib/openzeppelin-contracts/access/Ownable2Step.sol": The system cannot find the path specified. (os error 3)
2026-09-20T22:47:33.216064Z ERROR foundry_compilers_artifacts_solc::sources: error="C:/Users/Jorge/.codex/worktrees/omerta-rc1-closure/Omerta/omerta-contracts\lib/openzeppelin-contracts/utils/Pausable.sol": The system cannot find the path specified. (os error 3)
2026-09-20T22:47:33.216440Z ERROR foundry_compilers_artifacts_solc::sources: error="C:/Users/Jorge/.codex/worktrees/omerta-rc1-closure/Omerta/omerta-contracts\lib/openzeppelin-contracts/utils/ReentrancyGuard.sol": The system cannot find the path specified. (os error 3)
2026-09-20T22:47:33.217112Z ERROR foundry_compilers_artifacts_solc::sources: error="C:/Users/Jorge/.codex/worktrees/omerta-rc1-closure/Omerta/omerta-contracts\lib/openzeppelin-contracts/access/Ownable2Step.sol": The system cannot find the path specified. (os error 3)
2026-09-20T22:47:33.217515Z ERROR foundry_compilers_artifacts_solc::sources: error="C:/Users/Jorge/.codex/worktrees/omerta-rc1-closure/Omerta/omerta-contracts\lib/openzeppelin-contracts/utils/ReentrancyGuard.sol": The system cannot find the path specified. (os error 3)
2026-09-20T22:47:33.218042Z ERROR foundry_compilers_artifacts_solc::sources: error="C:/Users/Jorge/.codex/worktrees/omerta-rc1-closure/Omerta/omerta-contracts\lib/openzeppelin-contracts/access/Ownable.sol": The system cannot find the path specified. (os error 3)
2026-09-20T22:47:33.218421Z ERROR foundry_compilers_artifacts_solc::sources: error="C:/Users/Jorge/.codex/worktrees/omerta-rc1-closure/Omerta/omerta-contracts\lib/openzeppelin-contracts/access/Ownable2Step.sol": The system cannot find the path specified. (os error 3)
2026-09-20T22:47:33.218801Z ERROR foundry_compilers_artifacts_solc::sources: error="C:/Users/Jorge/.codex/worktrees/omerta-rc1-closure/Omerta/omerta-contracts\lib/openzeppelin-contracts/utils/introspection/IERC165.sol": The system cannot find the path specified. (os error 3)
2026-09-20T22:47:33.219108Z ERROR foundry_compilers_artifacts_solc::sources: error="C:/Users/Jorge/.codex/worktrees/omerta-rc1-closure/Omerta/omerta-contracts\lib/v4-core/src/interfaces/IHooks.sol": The system cannot find the path specified. (os error 3)
2026-09-20T22:47:33.219414Z ERROR foundry_compilers_artifacts_solc::sources: error="C:/Users/Jorge/.codex/worktrees/omerta-rc1-closure/Omerta/omerta-contracts\lib/v4-core/src/interfaces/IPoolManager.sol": The system cannot find the path specified. (os error 3)
2026-09-20T22:47:33.219724Z ERROR foundry_compilers_artifacts_solc::sources: error="C:/Users/Jorge/.codex/worktrees/omerta-rc1-closure/Omerta/omerta-contracts\lib/v4-core/src/libraries/Hooks.sol": The system cannot find the path specified. (os error 3)
2026-09-20T22:47:33.220029Z ERROR foundry_compilers_artifacts_solc::sources: error="C:/Users/Jorge/.codex/worktrees/omerta-rc1-closure/Omerta/omerta-contracts\lib/v4-core/src/types/PoolKey.sol": The system cannot find the path specified. (os error 3)
2026-09-20T22:47:33.220345Z ERROR foundry_compilers_artifacts_solc::sources: error="C:/Users/Jorge/.codex/worktrees/omerta-rc1-closure/Omerta/omerta-contracts\lib/v4-core/src/types/PoolId.sol": The system cannot find the path specified. (os error 3)
2026-09-20T22:47:33.220647Z ERROR foundry_compilers_artifacts_solc::sources: error="C:/Users/Jorge/.codex/worktrees/omerta-rc1-closure/Omerta/omerta-contracts\lib/v4-core/src/types/Currency.sol": The system cannot find the path specified. (os error 3)
2026-09-20T22:47:33.220950Z ERROR foundry_compilers_artifacts_solc::sources: error="C:/Users/Jorge/.codex/worktrees/omerta-rc1-closure/Omerta/omerta-contracts\lib/v4-core/src/types/BalanceDelta.sol": The system cannot find the path specified. (os error 3)
2026-09-20T22:47:33.221252Z ERROR foundry_compilers_artifacts_solc::sources: error="C:/Users/Jorge/.codex/worktrees/omerta-rc1-closure/Omerta/omerta-contracts\lib/v4-core/src/types/BeforeSwapDelta.sol": The system cannot find the path specified. (os error 3)
2026-09-20T22:47:33.221555Z ERROR foundry_compilers_artifacts_solc::sources: error="C:/Users/Jorge/.codex/worktrees/omerta-rc1-closure/Omerta/omerta-contracts\lib/v4-core/src/types/PoolOperation.sol": The system cannot find the path specified. (os error 3)
2026-09-20T22:47:33.221855Z ERROR foundry_compilers_artifacts_solc::sources: error="C:/Users/Jorge/.codex/worktrees/omerta-rc1-closure/Omerta/omerta-contracts\lib/v4-core/src/libraries/StateLibrary.sol": The system cannot find the path specified. (os error 3)
2026-09-20T22:47:33.222633Z ERROR foundry_compilers_artifacts_solc::sources: error="C:/Users/Jorge/.codex/worktrees/omerta-rc1-closure/Omerta/omerta-contracts\lib/openzeppelin-contracts/utils/math/Math.sol": The system cannot find the path specified. (os error 3)
2026-09-20T22:47:33.223019Z ERROR foundry_compilers_artifacts_solc::sources: error="C:/Users/Jorge/.codex/worktrees/omerta-rc1-closure/Omerta/omerta-contracts\lib/openzeppelin-contracts/token/ERC20/extensions/IERC20Metadata.sol": The system cannot find the path specified. (os error 3)
2026-09-20T22:47:33.223411Z ERROR foundry_compilers_artifacts_solc::sources: error="C:/Users/Jorge/.codex/worktrees/omerta-rc1-closure/Omerta/omerta-contracts\lib/openzeppelin-contracts/access/Ownable2Step.sol": The system cannot find the path specified. (os error 3)
2026-09-20T22:47:33.223852Z ERROR foundry_compilers_artifacts_solc::sources: error="C:/Users/Jorge/.codex/worktrees/omerta-rc1-closure/Omerta/omerta-contracts\lib/openzeppelin-contracts/token/ERC20/extensions/IERC20Metadata.sol": The system cannot find the path specified. (os error 3)
2026-09-20T22:47:33.224237Z ERROR foundry_compilers_artifacts_solc::sources: error="C:/Users/Jorge/.codex/worktrees/omerta-rc1-closure/Omerta/omerta-contracts\lib/openzeppelin-contracts/utils/introspection/IERC165.sol": The system cannot find the path specified. (os error 3)
2026-09-20T22:47:33.224613Z ERROR foundry_compilers_artifacts_solc::sources: error="C:/Users/Jorge/.codex/worktrees/omerta-rc1-closure/Omerta/omerta-contracts\lib/openzeppelin-contracts/utils/math/Math.sol": The system cannot find the path specified. (os error 3)
2026-09-20T22:47:33.224917Z ERROR foundry_compilers_artifacts_solc::sources: error="C:/Users/Jorge/.codex/worktrees/omerta-rc1-closure/Omerta/omerta-contracts\lib/v4-core/src/interfaces/IHooks.sol": The system cannot find the path specified. (os error 3)
2026-09-20T22:47:33.225218Z ERROR foundry_compilers_artifacts_solc::sources: error="C:/Users/Jorge/.codex/worktrees/omerta-rc1-closure/Omerta/omerta-contracts\lib/v4-core/src/interfaces/IPoolManager.sol": The system cannot find the path specified. (os error 3)
2026-09-20T22:47:33.225521Z ERROR foundry_compilers_artifacts_solc::sources: error="C:/Users/Jorge/.codex/worktrees/omerta-rc1-closure/Omerta/omerta-contracts\lib/v4-core/src/libraries/TickMath.sol": The system cannot find the path specified. (os error 3)
2026-09-20T22:47:33.225822Z ERROR foundry_compilers_artifacts_solc::sources: error="C:/Users/Jorge/.codex/worktrees/omerta-rc1-closure/Omerta/omerta-contracts\lib/v4-core/src/types/Currency.sol": The system cannot find the path specified. (os error 3)
2026-09-20T22:47:33.226131Z ERROR foundry_compilers_artifacts_solc::sources: error="C:/Users/Jorge/.codex/worktrees/omerta-rc1-closure/Omerta/omerta-contracts\lib/v4-core/src/types/PoolId.sol": The system cannot find the path specified. (os error 3)
2026-09-20T22:47:33.226479Z ERROR foundry_compilers_artifacts_solc::sources: error="C:/Users/Jorge/.codex/worktrees/omerta-rc1-closure/Omerta/omerta-contracts\lib/v4-core/src/types/PoolKey.sol": The system cannot find the path specified. (os error 3)
2026-09-20T22:47:33.227591Z ERROR foundry_compilers_artifacts_solc::sources: error="C:/Users/Jorge/.codex/worktrees/omerta-rc1-closure/Omerta/omerta-contracts\lib/openzeppelin-contracts/access/Ownable.sol": The system cannot find the path specified. (os error 3)
2026-09-20T22:47:33.227988Z ERROR foundry_compilers_artifacts_solc::sources: error="C:/Users/Jorge/.codex/worktrees/omerta-rc1-closure/Omerta/omerta-contracts\lib/openzeppelin-contracts/access/Ownable2Step.sol": The system cannot find the path specified. (os error 3)
2026-09-20T22:47:33.228379Z ERROR foundry_compilers_artifacts_solc::sources: error="C:/Users/Jorge/.codex/worktrees/omerta-rc1-closure/Omerta/omerta-contracts\lib/openzeppelin-contracts/utils/ReentrancyGuard.sol": The system cannot find the path specified. (os error 3)
2026-09-20T22:47:33.228933Z ERROR foundry_compilers_artifacts_solc::sources: error="C:/Users/Jorge/.codex/worktrees/omerta-rc1-closure/Omerta/omerta-contracts\lib/openzeppelin-contracts/token/ERC20/IERC20.sol": The system cannot find the path specified. (os error 3)
2026-09-20T22:47:33.229322Z ERROR foundry_compilers_artifacts_solc::sources: error="C:/Users/Jorge/.codex/worktrees/omerta-rc1-closure/Omerta/omerta-contracts\lib/openzeppelin-contracts/token/ERC20/extensions/IERC20Metadata.sol": The system cannot find the path specified. (os error 3)
2026-09-20T22:47:33.229740Z ERROR foundry_compilers_artifacts_solc::sources: error="C:/Users/Jorge/.codex/worktrees/omerta-rc1-closure/Omerta/omerta-contracts\lib/openzeppelin-contracts/token/ERC20/utils/SafeERC20.sol": The system cannot find the path specified. (os error 3)
2026-09-20T22:47:33.230150Z ERROR foundry_compilers_artifacts_solc::sources: error="C:/Users/Jorge/.codex/worktrees/omerta-rc1-closure/Omerta/omerta-contracts\lib/openzeppelin-contracts/token/ERC721/IERC721Receiver.sol": The system cannot find the path specified. (os error 3)
2026-09-20T22:47:33.230451Z ERROR foundry_compilers_artifacts_solc::sources: error="C:/Users/Jorge/.codex/worktrees/omerta-rc1-closure/Omerta/omerta-contracts\lib/v4-core/src/interfaces/IPoolManager.sol": The system cannot find the path specified. (os error 3)
2026-09-20T22:47:33.230754Z ERROR foundry_compilers_artifacts_solc::sources: error="C:/Users/Jorge/.codex/worktrees/omerta-rc1-closure/Omerta/omerta-contracts\lib/v4-core/src/types/PoolKey.sol": The system cannot find the path specified. (os error 3)
2026-09-20T22:47:33.231055Z ERROR foundry_compilers_artifacts_solc::sources: error="C:/Users/Jorge/.codex/worktrees/omerta-rc1-closure/Omerta/omerta-contracts\lib/v4-core/src/types/PoolId.sol": The system cannot find the path specified. (os error 3)
2026-09-20T22:47:33.231374Z ERROR foundry_compilers_artifacts_solc::sources: error="C:/Users/Jorge/.codex/worktrees/omerta-rc1-closure/Omerta/omerta-contracts\lib/v4-core/src/types/Currency.sol": The system cannot find the path specified. (os error 3)
2026-09-20T22:47:33.231679Z ERROR foundry_compilers_artifacts_solc::sources: error="C:/Users/Jorge/.codex/worktrees/omerta-rc1-closure/Omerta/omerta-contracts\lib/v4-core/src/libraries/StateLibrary.sol": The system cannot find the path specified. (os error 3)
2026-09-20T22:47:33.231978Z ERROR foundry_compilers_artifacts_solc::sources: error="C:/Users/Jorge/.codex/worktrees/omerta-rc1-closure/Omerta/omerta-contracts\lib/v4-core/src/libraries/TickMath.sol": The system cannot find the path specified. (os error 3)
2026-09-20T22:47:33.232274Z ERROR foundry_compilers_artifacts_solc::sources: error="C:/Users/Jorge/.codex/worktrees/omerta-rc1-closure/Omerta/omerta-contracts\lib/v4-core/src/libraries/FullMath.sol": The system cannot find the path specified. (os error 3)
2026-09-20T22:47:33.232574Z ERROR foundry_compilers_artifacts_solc::sources: error="C:/Users/Jorge/.codex/worktrees/omerta-rc1-closure/Omerta/omerta-contracts\lib/v4-core/src/libraries/Hooks.sol": The system cannot find the path specified. (os error 3)
2026-09-20T22:47:33.232878Z ERROR foundry_compilers_artifacts_solc::sources: error="C:/Users/Jorge/.codex/worktrees/omerta-rc1-closure/Omerta/omerta-contracts\lib/permit2/src/interfaces/IAllowanceTransfer.sol": The system cannot find the path specified. (os error 3)
2026-09-20T22:47:33.234322Z ERROR foundry_compilers_artifacts_solc::sources: error="C:/Users/Jorge/.codex/worktrees/omerta-rc1-closure/Omerta/omerta-contracts\lib/openzeppelin-contracts/token/ERC20/IERC20.sol": The system cannot find the path specified. (os error 3)
2026-09-20T22:47:33.234717Z ERROR foundry_compilers_artifacts_solc::sources: error="C:/Users/Jorge/.codex/worktrees/omerta-rc1-closure/Omerta/omerta-contracts\lib/openzeppelin-contracts/token/ERC20/utils/SafeERC20.sol": The system cannot find the path specified. (os error 3)
2026-09-20T22:47:33.235098Z ERROR foundry_compilers_artifacts_solc::sources: error="C:/Users/Jorge/.codex/worktrees/omerta-rc1-closure/Omerta/omerta-contracts\lib/openzeppelin-contracts/access/Ownable2Step.sol": The system cannot find the path specified. (os error 3)
2026-09-20T22:47:33.235470Z ERROR foundry_compilers_artifacts_solc::sources: error="C:/Users/Jorge/.codex/worktrees/omerta-rc1-closure/Omerta/omerta-contracts\lib/openzeppelin-contracts/utils/Pausable.sol": The system cannot find the path specified. (os error 3)
2026-09-20T22:47:33.235850Z ERROR foundry_compilers_artifacts_solc::sources: error="C:/Users/Jorge/.codex/worktrees/omerta-rc1-closure/Omerta/omerta-contracts\lib/openzeppelin-contracts/utils/ReentrancyGuard.sol": The system cannot find the path specified. (os error 3)
2026-09-20T22:47:33.236246Z ERROR foundry_compilers_artifacts_solc::sources: error="C:/Users/Jorge/.codex/worktrees/omerta-rc1-closure/Omerta/omerta-contracts\lib/openzeppelin-contracts/access/Ownable.sol": The system cannot find the path specified. (os error 3)
2026-09-20T22:47:33.236621Z ERROR foundry_compilers_artifacts_solc::sources: error="C:/Users/Jorge/.codex/worktrees/omerta-rc1-closure/Omerta/omerta-contracts\lib/openzeppelin-contracts/access/Ownable2Step.sol": The system cannot find the path specified. (os error 3)
2026-09-20T22:47:33.236998Z ERROR foundry_compilers_artifacts_solc::sources: error="C:/Users/Jorge/.codex/worktrees/omerta-rc1-closure/Omerta/omerta-contracts\lib/openzeppelin-contracts/utils/Pausable.sol": The system cannot find the path specified. (os error 3)
2026-09-20T22:47:33.237373Z ERROR foundry_compilers_artifacts_solc::sources: error="C:/Users/Jorge/.codex/worktrees/omerta-rc1-closure/Omerta/omerta-contracts\lib/openzeppelin-contracts/utils/ReentrancyGuard.sol": The system cannot find the path specified. (os error 3)
2026-09-20T22:47:33.237893Z ERROR foundry_compilers_artifacts_solc::sources: error="C:/Users/Jorge/.codex/worktrees/omerta-rc1-closure/Omerta/omerta-contracts\lib/openzeppelin-contracts/access/Ownable2Step.sol": The system cannot find the path specified. (os error 3)
2026-09-20T22:47:33.238277Z ERROR foundry_compilers_artifacts_solc::sources: error="C:/Users/Jorge/.codex/worktrees/omerta-rc1-closure/Omerta/omerta-contracts\lib/openzeppelin-contracts/access/Ownable2Step.sol": The system cannot find the path specified. (os error 3)
2026-09-20T22:47:33.238671Z ERROR foundry_compilers_artifacts_solc::sources: error="C:/Users/Jorge/.codex/worktrees/omerta-rc1-closure/Omerta/omerta-contracts\lib/openzeppelin-contracts/token/ERC20/extensions/IERC20Metadata.sol": The system cannot find the path specified. (os error 3)
2026-09-20T22:47:33.239169Z ERROR foundry_compilers_artifacts_solc::sources: error="C:/Users/Jorge/.codex/worktrees/omerta-rc1-closure/Omerta/omerta-contracts\lib/openzeppelin-contracts/token/ERC20/utils/SafeERC20.sol": The system cannot find the path specified. (os error 3)
2026-09-20T22:47:33.239543Z ERROR foundry_compilers_artifacts_solc::sources: error="C:/Users/Jorge/.codex/worktrees/omerta-rc1-closure/Omerta/omerta-contracts\lib/openzeppelin-contracts/token/ERC20/IERC20.sol": The system cannot find the path specified. (os error 3)
2026-09-20T22:47:33.239927Z ERROR foundry_compilers_artifacts_solc::sources: error="C:/Users/Jorge/.codex/worktrees/omerta-rc1-closure/Omerta/omerta-contracts\lib/openzeppelin-contracts/access/Ownable2Step.sol": The system cannot find the path specified. (os error 3)
2026-09-20T22:47:33.240312Z ERROR foundry_compilers_artifacts_solc::sources: error="C:/Users/Jorge/.codex/worktrees/omerta-rc1-closure/Omerta/omerta-contracts\lib/openzeppelin-contracts/utils/Pausable.sol": The system cannot find the path specified. (os error 3)
2026-09-20T22:47:33.240701Z ERROR foundry_compilers_artifacts_solc::sources: error="C:/Users/Jorge/.codex/worktrees/omerta-rc1-closure/Omerta/omerta-contracts\lib/openzeppelin-contracts/utils/ReentrancyGuard.sol": The system cannot find the path specified. (os error 3)
2026-09-20T22:47:33.241073Z ERROR foundry_compilers_artifacts_solc::sources: error="C:/Users/Jorge/.codex/worktrees/omerta-rc1-closure/Omerta/omerta-contracts\lib/openzeppelin-contracts/utils/cryptography/EIP712.sol": The system cannot find the path specified. (os error 3)
2026-09-20T22:47:33.241448Z ERROR foundry_compilers_artifacts_solc::sources: error="C:/Users/Jorge/.codex/worktrees/omerta-rc1-closure/Omerta/omerta-contracts\lib/openzeppelin-contracts/utils/cryptography/ECDSA.sol": The system cannot find the path specified. (os error 3)
2026-09-20T22:47:33.241843Z ERROR foundry_compilers_artifacts_solc::sources: error="C:/Users/Jorge/.codex/worktrees/omerta-rc1-closure/Omerta/omerta-contracts\lib/openzeppelin-contracts/token/ERC721/ERC721.sol": The system cannot find the path specified. (os error 3)
2026-09-20T22:47:33.242223Z ERROR foundry_compilers_artifacts_solc::sources: error="C:/Users/Jorge/.codex/worktrees/omerta-rc1-closure/Omerta/omerta-contracts\lib/openzeppelin-contracts/utils/cryptography/EIP712.sol": The system cannot find the path specified. (os error 3)
2026-09-20T22:47:33.242628Z ERROR foundry_compilers_artifacts_solc::sources: error="C:/Users/Jorge/.codex/worktrees/omerta-rc1-closure/Omerta/omerta-contracts\lib/openzeppelin-contracts/utils/cryptography/ECDSA.sol": The system cannot find the path specified. (os error 3)
2026-09-20T22:47:33.243032Z ERROR foundry_compilers_artifacts_solc::sources: error="C:/Users/Jorge/.codex/worktrees/omerta-rc1-closure/Omerta/omerta-contracts\lib/openzeppelin-contracts/access/Ownable2Step.sol": The system cannot find the path specified. (os error 3)
2026-09-20T22:47:33.243456Z ERROR foundry_compilers_artifacts_solc::sources: error="C:/Users/Jorge/.codex/worktrees/omerta-rc1-closure/Omerta/omerta-contracts\lib/openzeppelin-contracts/utils/Pausable.sol": The system cannot find the path specified. (os error 3)
2026-09-20T22:47:33.243837Z ERROR foundry_compilers_artifacts_solc::sources: error="C:/Users/Jorge/.codex/worktrees/omerta-rc1-closure/Omerta/omerta-contracts\lib/openzeppelin-contracts/utils/ReentrancyGuard.sol": The system cannot find the path specified. (os error 3)
2026-09-20T22:47:33.244218Z ERROR foundry_compilers_artifacts_solc::sources: error="C:/Users/Jorge/.codex/worktrees/omerta-rc1-closure/Omerta/omerta-contracts\lib/openzeppelin-contracts/utils/Strings.sol": The system cannot find the path specified. (os error 3)
2026-09-20T22:47:33.244599Z ERROR foundry_compilers_artifacts_solc::sources: error="C:/Users/Jorge/.codex/worktrees/omerta-rc1-closure/Omerta/omerta-contracts\lib/openzeppelin-contracts/utils/Base64.sol": The system cannot find the path specified. (os error 3)
2026-09-20T22:47:33.244996Z ERROR foundry_compilers_artifacts_solc::sources: error="C:/Users/Jorge/.codex/worktrees/omerta-rc1-closure/Omerta/omerta-contracts\lib/openzeppelin-contracts/interfaces/IERC20.sol": The system cannot find the path specified. (os error 3)
2026-09-20T22:47:33.245384Z ERROR foundry_compilers_artifacts_solc::sources: error="C:/Users/Jorge/.codex/worktrees/omerta-rc1-closure/Omerta/omerta-contracts\lib/openzeppelin-contracts/interfaces/IERC20Metadata.sol": The system cannot find the path specified. (os error 3)
2026-09-20T22:47:33.245766Z ERROR foundry_compilers_artifacts_solc::sources: error="C:/Users/Jorge/.codex/worktrees/omerta-rc1-closure/Omerta/omerta-contracts\lib/openzeppelin-contracts/token/ERC20/utils/SafeERC20.sol": The system cannot find the path specified. (os error 3)
2026-09-20T22:47:33.246138Z ERROR foundry_compilers_artifacts_solc::sources: error="C:/Users/Jorge/.codex/worktrees/omerta-rc1-closure/Omerta/omerta-contracts\lib/openzeppelin-contracts/access/Ownable.sol": The system cannot find the path specified. (os error 3)
2026-09-20T22:47:33.246517Z ERROR foundry_compilers_artifacts_solc::sources: error="C:/Users/Jorge/.codex/worktrees/omerta-rc1-closure/Omerta/omerta-contracts\lib/openzeppelin-contracts/access/Ownable2Step.sol": The system cannot find the path specified. (os error 3)
2026-09-20T22:47:33.246891Z ERROR foundry_compilers_artifacts_solc::sources: error="C:/Users/Jorge/.codex/worktrees/omerta-rc1-closure/Omerta/omerta-contracts\lib/openzeppelin-contracts/utils/ReentrancyGuard.sol": The system cannot find the path specified. (os error 3)
2026-09-20T22:47:33.247556Z ERROR foundry_compilers_artifacts_solc::sources: error="C:/Users/Jorge/.codex/worktrees/omerta-rc1-closure/Omerta/omerta-contracts\lib/openzeppelin-contracts/utils/cryptography/EIP712.sol": The system cannot find the path specified. (os error 3)
2026-09-20T22:47:33.247933Z ERROR foundry_compilers_artifacts_solc::sources: error="C:/Users/Jorge/.codex/worktrees/omerta-rc1-closure/Omerta/omerta-contracts\lib/openzeppelin-contracts/utils/cryptography/ECDSA.sol": The system cannot find the path specified. (os error 3)
2026-09-20T22:47:33.248308Z ERROR foundry_compilers_artifacts_solc::sources: error="C:/Users/Jorge/.codex/worktrees/omerta-rc1-closure/Omerta/omerta-contracts\lib/openzeppelin-contracts/token/ERC20/utils/SafeERC20.sol": The system cannot find the path specified. (os error 3)
2026-09-20T22:47:33.248679Z ERROR foundry_compilers_artifacts_solc::sources: error="C:/Users/Jorge/.codex/worktrees/omerta-rc1-closure/Omerta/omerta-contracts\lib/openzeppelin-contracts/token/ERC20/IERC20.sol": The system cannot find the path specified. (os error 3)
2026-09-20T22:47:33.249050Z ERROR foundry_compilers_artifacts_solc::sources: error="C:/Users/Jorge/.codex/worktrees/omerta-rc1-closure/Omerta/omerta-contracts\lib/openzeppelin-contracts/access/Ownable2Step.sol": The system cannot find the path specified. (os error 3)
2026-09-20T22:47:33.249428Z ERROR foundry_compilers_artifacts_solc::sources: error="C:/Users/Jorge/.codex/worktrees/omerta-rc1-closure/Omerta/omerta-contracts\lib/openzeppelin-contracts/utils/Pausable.sol": The system cannot find the path specified. (os error 3)
2026-09-20T22:47:33.249805Z ERROR foundry_compilers_artifacts_solc::sources: error="C:/Users/Jorge/.codex/worktrees/omerta-rc1-closure/Omerta/omerta-contracts\lib/openzeppelin-contracts/utils/ReentrancyGuard.sol": The system cannot find the path specified. (os error 3)
2026-09-20T22:47:33.250185Z ERROR foundry_compilers_artifacts_solc::sources: error="C:/Users/Jorge/.codex/worktrees/omerta-rc1-closure/Omerta/omerta-contracts\lib/openzeppelin-contracts/utils/introspection/IERC165.sol": The system cannot find the path specified. (os error 3)
2026-09-20T22:47:33.250492Z ERROR foundry_compilers_artifacts_solc::sources: error="C:/Users/Jorge/.codex/worktrees/omerta-rc1-closure/Omerta/omerta-contracts\lib/v4-core/src/interfaces/IPoolManager.sol": The system cannot find the path specified. (os error 3)
2026-09-20T22:47:33.250797Z ERROR foundry_compilers_artifacts_solc::sources: error="C:/Users/Jorge/.codex/worktrees/omerta-rc1-closure/Omerta/omerta-contracts\lib/v4-core/src/types/PoolId.sol": The system cannot find the path specified. (os error 3)
2026-09-20T22:47:33.251326Z ERROR foundry_compilers_artifacts_solc::sources: error="C:/Users/Jorge/.codex/worktrees/omerta-rc1-closure/Omerta/omerta-contracts\lib/openzeppelin-contracts/utils/ReentrancyGuard.sol": The system cannot find the path specified. (os error 3)
2026-09-20T22:47:33.251628Z ERROR foundry_compilers_artifacts_solc::sources: error="C:/Users/Jorge/.codex/worktrees/omerta-rc1-closure/Omerta/omerta-contracts\lib/v4-core/src/interfaces/IPoolManager.sol": The system cannot find the path specified. (os error 3)
2026-09-20T22:47:33.251927Z ERROR foundry_compilers_artifacts_solc::sources: error="C:/Users/Jorge/.codex/worktrees/omerta-rc1-closure/Omerta/omerta-contracts\lib/v4-core/src/interfaces/callback/IUnlockCallback.sol": The system cannot find the path specified. (os error 3)
2026-09-20T22:47:33.252229Z ERROR foundry_compilers_artifacts_solc::sources: error="C:/Users/Jorge/.codex/worktrees/omerta-rc1-closure/Omerta/omerta-contracts\lib/v4-core/src/types/PoolKey.sol": The system cannot find the path specified. (os error 3)
2026-09-20T22:47:33.252527Z ERROR foundry_compilers_artifacts_solc::sources: error="C:/Users/Jorge/.codex/worktrees/omerta-rc1-closure/Omerta/omerta-contracts\lib/v4-core/src/types/PoolId.sol": The system cannot find the path specified. (os error 3)
2026-09-20T22:47:33.252824Z ERROR foundry_compilers_artifacts_solc::sources: error="C:/Users/Jorge/.codex/worktrees/omerta-rc1-closure/Omerta/omerta-contracts\lib/v4-core/src/types/Currency.sol": The system cannot find the path specified. (os error 3)
2026-09-20T22:47:33.253120Z ERROR foundry_compilers_artifacts_solc::sources: error="C:/Users/Jorge/.codex/worktrees/omerta-rc1-closure/Omerta/omerta-contracts\lib/v4-core/src/types/BalanceDelta.sol": The system cannot find the path specified. (os error 3)
2026-09-20T22:47:33.253421Z ERROR foundry_compilers_artifacts_solc::sources: error="C:/Users/Jorge/.codex/worktrees/omerta-rc1-closure/Omerta/omerta-contracts\lib/v4-core/src/types/PoolOperation.sol": The system cannot find the path specified. (os error 3)
2026-09-20T22:47:33.253812Z ERROR foundry_compilers_artifacts_solc::sources: error="C:/Users/Jorge/.codex/worktrees/omerta-rc1-closure/Omerta/omerta-contracts\lib/v4-core/src/libraries/TickMath.sol": The system cannot find the path specified. (os error 3)
2026-09-20T22:47:33.254188Z ERROR foundry_compilers_artifacts_solc::sources: error="C:/Users/Jorge/.codex/worktrees/omerta-rc1-closure/Omerta/omerta-contracts\lib/openzeppelin-contracts/access/Ownable.sol": The system cannot find the path specified. (os error 3)
2026-09-20T22:47:33.254559Z ERROR foundry_compilers_artifacts_solc::sources: error="C:/Users/Jorge/.codex/worktrees/omerta-rc1-closure/Omerta/omerta-contracts\lib/openzeppelin-contracts/access/Ownable2Step.sol": The system cannot find the path specified. (os error 3)
2026-09-20T22:47:33.254930Z ERROR foundry_compilers_artifacts_solc::sources: error="C:/Users/Jorge/.codex/worktrees/omerta-rc1-closure/Omerta/omerta-contracts\lib/openzeppelin-contracts/utils/ReentrancyGuard.sol": The system cannot find the path specified. (os error 3)
2026-09-20T22:47:33.255304Z ERROR foundry_compilers_artifacts_solc::sources: error="C:/Users/Jorge/.codex/worktrees/omerta-rc1-closure/Omerta/omerta-contracts\lib/openzeppelin-contracts/token/ERC721/IERC721Receiver.sol": The system cannot find the path specified. (os error 3)
2026-09-20T22:47:33.255602Z ERROR foundry_compilers_artifacts_solc::sources: error="C:/Users/Jorge/.codex/worktrees/omerta-rc1-closure/Omerta/omerta-contracts\lib/v4-core/src/interfaces/IPoolManager.sol": The system cannot find the path specified. (os error 3)
2026-09-20T22:47:33.255902Z ERROR foundry_compilers_artifacts_solc::sources: error="C:/Users/Jorge/.codex/worktrees/omerta-rc1-closure/Omerta/omerta-contracts\lib/v4-core/src/types/PoolKey.sol": The system cannot find the path specified. (os error 3)
2026-09-20T22:47:33.256200Z ERROR foundry_compilers_artifacts_solc::sources: error="C:/Users/Jorge/.codex/worktrees/omerta-rc1-closure/Omerta/omerta-contracts\lib/v4-core/src/types/PoolId.sol": The system cannot find the path specified. (os error 3)
2026-09-20T22:47:33.256496Z ERROR foundry_compilers_artifacts_solc::sources: error="C:/Users/Jorge/.codex/worktrees/omerta-rc1-closure/Omerta/omerta-contracts\lib/v4-core/src/types/Currency.sol": The system cannot find the path specified. (os error 3)
2026-09-20T22:47:33.256806Z ERROR foundry_compilers_artifacts_solc::sources: error="C:/Users/Jorge/.codex/worktrees/omerta-rc1-closure/Omerta/omerta-contracts\lib/v4-core/src/libraries/TickMath.sol": The system cannot find the path specified. (os error 3)
2026-09-20T22:47:33.257111Z ERROR foundry_compilers_artifacts_solc::sources: error="C:/Users/Jorge/.codex/worktrees/omerta-rc1-closure/Omerta/omerta-contracts\lib/v4-core/src/libraries/FullMath.sol": The system cannot find the path specified. (os error 3)
2026-09-20T22:47:33.257590Z ERROR foundry_compilers_artifacts_solc::sources: error="C:/Users/Jorge/.codex/worktrees/omerta-rc1-closure/Omerta/omerta-contracts\lib/v4-core/src/libraries/SqrtPriceMath.sol": The system cannot find the path specified. (os error 3)
2026-09-20T22:47:33.258116Z ERROR foundry_compilers_artifacts_solc::sources: error="C:/Users/Jorge/.codex/worktrees/omerta-rc1-closure/Omerta/omerta-contracts\lib/openzeppelin-contracts/utils/ReentrancyGuard.sol": The system cannot find the path specified. (os error 3)
2026-09-20T22:47:33.258731Z ERROR foundry_compilers_artifacts_solc::sources: error="C:/Users/Jorge/.codex/worktrees/omerta-rc1-closure/Omerta/omerta-contracts\lib/openzeppelin-contracts/utils/introspection/IERC165.sol": The system cannot find the path specified. (os error 3)
2026-09-20T22:47:33.259112Z ERROR foundry_compilers_artifacts_solc::sources: error="C:/Users/Jorge/.codex/worktrees/omerta-rc1-closure/Omerta/omerta-contracts\lib/openzeppelin-contracts/token/ERC20/extensions/IERC20Metadata.sol": The system cannot find the path specified. (os error 3)
2026-09-20T22:47:33.259486Z ERROR foundry_compilers_artifacts_solc::sources: error="C:/Users/Jorge/.codex/worktrees/omerta-rc1-closure/Omerta/omerta-contracts\lib/openzeppelin-contracts/utils/ReentrancyGuard.sol": The system cannot find the path specified. (os error 3)
2026-09-20T22:47:33.259784Z ERROR foundry_compilers_artifacts_solc::sources: error="C:/Users/Jorge/.codex/worktrees/omerta-rc1-closure/Omerta/omerta-contracts\lib/v4-core/src/interfaces/IHooks.sol": The system cannot find the path specified. (os error 3)
2026-09-20T22:47:33.260438Z ERROR foundry_compilers_artifacts_solc::sources: error="C:/Users/Jorge/.codex/worktrees/omerta-rc1-closure/Omerta/omerta-contracts\lib/v4-core/src/interfaces/IPoolManager.sol": The system cannot find the path specified. (os error 3)
2026-09-20T22:47:33.260759Z ERROR foundry_compilers_artifacts_solc::sources: error="C:/Users/Jorge/.codex/worktrees/omerta-rc1-closure/Omerta/omerta-contracts\lib/v4-core/src/libraries/Hooks.sol": The system cannot find the path specified. (os error 3)
2026-09-20T22:47:33.261065Z ERROR foundry_compilers_artifacts_solc::sources: error="C:/Users/Jorge/.codex/worktrees/omerta-rc1-closure/Omerta/omerta-contracts\lib/v4-core/src/libraries/StateLibrary.sol": The system cannot find the path specified. (os error 3)
2026-09-20T22:47:33.261379Z ERROR foundry_compilers_artifacts_solc::sources: error="C:/Users/Jorge/.codex/worktrees/omerta-rc1-closure/Omerta/omerta-contracts\lib/v4-core/src/types/PoolKey.sol": The system cannot find the path specified. (os error 3)
2026-09-20T22:47:33.261682Z ERROR foundry_compilers_artifacts_solc::sources: error="C:/Users/Jorge/.codex/worktrees/omerta-rc1-closure/Omerta/omerta-contracts\lib/v4-core/src/types/PoolId.sol": The system cannot find the path specified. (os error 3)
2026-09-20T22:47:33.262164Z ERROR foundry_compilers_artifacts_solc::sources: error="C:/Users/Jorge/.codex/worktrees/omerta-rc1-closure/Omerta/omerta-contracts\lib/v4-core/src/types/Currency.sol": The system cannot find the path specified. (os error 3)
2026-09-20T22:47:33.262465Z ERROR foundry_compilers_artifacts_solc::sources: error="C:/Users/Jorge/.codex/worktrees/omerta-rc1-closure/Omerta/omerta-contracts\lib/v4-core/src/types/BalanceDelta.sol": The system cannot find the path specified. (os error 3)
2026-09-20T22:47:33.262766Z ERROR foundry_compilers_artifacts_solc::sources: error="C:/Users/Jorge/.codex/worktrees/omerta-rc1-closure/Omerta/omerta-contracts\lib/v4-core/src/types/BeforeSwapDelta.sol": The system cannot find the path specified. (os error 3)
2026-09-20T22:47:33.263137Z ERROR foundry_compilers_artifacts_solc::sources: error="C:/Users/Jorge/.codex/worktrees/omerta-rc1-closure/Omerta/omerta-contracts\lib/v4-core/src/types/PoolOperation.sol": The system cannot find the path specified. (os error 3)
2026-09-20T22:47:33.263801Z ERROR foundry_compilers_artifacts_solc::sources: error="C:/Users/Jorge/.codex/worktrees/omerta-rc1-closure/Omerta/omerta-contracts\lib/openzeppelin-contracts/token/ERC20/IERC20.sol": The system cannot find the path specified. (os error 3)
2026-09-20T22:47:33.264180Z ERROR foundry_compilers_artifacts_solc::sources: error="C:/Users/Jorge/.codex/worktrees/omerta-rc1-closure/Omerta/omerta-contracts\lib/openzeppelin-contracts/token/ERC20/utils/SafeERC20.sol": The system cannot find the path specified. (os error 3)
2026-09-20T22:47:33.264558Z ERROR foundry_compilers_artifacts_solc::sources: error="C:/Users/Jorge/.codex/worktrees/omerta-rc1-closure/Omerta/omerta-contracts\lib/openzeppelin-contracts/utils/ReentrancyGuard.sol": The system cannot find the path specified. (os error 3)
2026-09-20T22:47:33.264940Z ERROR foundry_compilers_artifacts_solc::sources: error="C:/Users/Jorge/.codex/worktrees/omerta-rc1-closure/Omerta/omerta-contracts\lib/openzeppelin-contracts/utils/math/Math.sol": The system cannot find the path specified. (os error 3)
2026-09-20T22:47:33.265250Z ERROR foundry_compilers_artifacts_solc::sources: error="C:/Users/Jorge/.codex/worktrees/omerta-rc1-closure/Omerta/omerta-contracts\lib/v4-core/src/interfaces/IPoolManager.sol": The system cannot find the path specified. (os error 3)
2026-09-20T22:47:33.265546Z ERROR foundry_compilers_artifacts_solc::sources: error="C:/Users/Jorge/.codex/worktrees/omerta-rc1-closure/Omerta/omerta-contracts\lib/v4-core/src/types/PoolKey.sol": The system cannot find the path specified. (os error 3)
2026-09-20T22:47:33.265847Z ERROR foundry_compilers_artifacts_solc::sources: error="C:/Users/Jorge/.codex/worktrees/omerta-rc1-closure/Omerta/omerta-contracts\lib/v4-core/src/types/PoolId.sol": The system cannot find the path specified. (os error 3)
2026-09-20T22:47:33.266145Z ERROR foundry_compilers_artifacts_solc::sources: error="C:/Users/Jorge/.codex/worktrees/omerta-rc1-closure/Omerta/omerta-contracts\lib/v4-core/src/types/Currency.sol": The system cannot find the path specified. (os error 3)
2026-09-20T22:47:33.266441Z ERROR foundry_compilers_artifacts_solc::sources: error="C:/Users/Jorge/.codex/worktrees/omerta-rc1-closure/Omerta/omerta-contracts\lib/v4-core/src/libraries/StateLibrary.sol": The system cannot find the path specified. (os error 3)
2026-09-20T22:47:33.266951Z ERROR foundry_compilers_artifacts_solc::sources: error="C:/Users/Jorge/.codex/worktrees/omerta-rc1-closure/Omerta/omerta-contracts\lib/openzeppelin-contracts/utils/math/Math.sol": The system cannot find the path specified. (os error 3)
2026-09-20T22:47:33.267265Z ERROR foundry_compilers_artifacts_solc::sources: error="C:/Users/Jorge/.codex/worktrees/omerta-rc1-closure/Omerta/omerta-contracts\lib/v4-core/src/libraries/TickMath.sol": The system cannot find the path specified. (os error 3)
2026-09-20T22:47:33.267889Z ERROR foundry_compilers_artifacts_solc::sources: error="C:/Users/Jorge/.codex/worktrees/omerta-rc1-closure/Omerta/omerta-contracts\lib/openzeppelin-contracts/token/ERC20/IERC20.sol": The system cannot find the path specified. (os error 3)
2026-09-20T22:47:33.268282Z ERROR foundry_compilers_artifacts_solc::sources: error="C:/Users/Jorge/.codex/worktrees/omerta-rc1-closure/Omerta/omerta-contracts\lib/openzeppelin-contracts/token/ERC20/utils/SafeERC20.sol": The system cannot find the path specified. (os error 3)
2026-09-20T22:47:33.268655Z ERROR foundry_compilers_artifacts_solc::sources: error="C:/Users/Jorge/.codex/worktrees/omerta-rc1-closure/Omerta/omerta-contracts\lib/openzeppelin-contracts/utils/ReentrancyGuard.sol": The system cannot find the path specified. (os error 3)
2026-09-20T22:47:33.269159Z ERROR foundry_compilers_artifacts_solc::sources: error="C:/Users/Jorge/.codex/worktrees/omerta-rc1-closure/Omerta/omerta-contracts\lib/openzeppelin-contracts/token/ERC20/IERC20.sol": The system cannot find the path specified. (os error 3)
2026-09-20T22:47:33.269539Z ERROR foundry_compilers_artifacts_solc::sources: error="C:/Users/Jorge/.codex/worktrees/omerta-rc1-closure/Omerta/omerta-contracts\lib/openzeppelin-contracts/token/ERC20/utils/SafeERC20.sol": The system cannot find the path specified. (os error 3)
2026-09-20T22:47:33.269987Z ERROR foundry_compilers_artifacts_solc::sources: error="C:/Users/Jorge/.codex/worktrees/omerta-rc1-closure/Omerta/omerta-contracts\lib/openzeppelin-contracts/utils/ReentrancyGuard.sol": The system cannot find the path specified. (os error 3)
2026-09-20T22:47:33.270297Z ERROR foundry_compilers_artifacts_solc::sources: error="C:/Users/Jorge/.codex/worktrees/omerta-rc1-closure/Omerta/omerta-contracts\lib/v4-core/src/interfaces/IPoolManager.sol": The system cannot find the path specified. (os error 3)
2026-09-20T22:47:33.270616Z ERROR foundry_compilers_artifacts_solc::sources: error="C:/Users/Jorge/.codex/worktrees/omerta-rc1-closure/Omerta/omerta-contracts\lib/v4-core/src/interfaces/callback/IUnlockCallback.sol": The system cannot find the path specified. (os error 3)
2026-09-20T22:47:33.270919Z ERROR foundry_compilers_artifacts_solc::sources: error="C:/Users/Jorge/.codex/worktrees/omerta-rc1-closure/Omerta/omerta-contracts\lib/v4-core/src/types/PoolKey.sol": The system cannot find the path specified. (os error 3)
2026-09-20T22:47:33.271228Z ERROR foundry_compilers_artifacts_solc::sources: error="C:/Users/Jorge/.codex/worktrees/omerta-rc1-closure/Omerta/omerta-contracts\lib/v4-core/src/types/PoolId.sol": The system cannot find the path specified. (os error 3)
2026-09-20T22:47:33.271524Z ERROR foundry_compilers_artifacts_solc::sources: error="C:/Users/Jorge/.codex/worktrees/omerta-rc1-closure/Omerta/omerta-contracts\lib/v4-core/src/types/Currency.sol": The system cannot find the path specified. (os error 3)
2026-09-20T22:47:33.271826Z ERROR foundry_compilers_artifacts_solc::sources: error="C:/Users/Jorge/.codex/worktrees/omerta-rc1-closure/Omerta/omerta-contracts\lib/v4-core/src/types/BalanceDelta.sol": The system cannot find the path specified. (os error 3)
2026-09-20T22:47:33.272125Z ERROR foundry_compilers_artifacts_solc::sources: error="C:/Users/Jorge/.codex/worktrees/omerta-rc1-closure/Omerta/omerta-contracts\lib/v4-core/src/types/PoolOperation.sol": The system cannot find the path specified. (os error 3)
2026-09-20T22:47:33.272425Z ERROR foundry_compilers_artifacts_solc::sources: error="C:/Users/Jorge/.codex/worktrees/omerta-rc1-closure/Omerta/omerta-contracts\lib/v4-core/src/libraries/StateLibrary.sol": The system cannot find the path specified. (os error 3)
2026-09-20T22:47:33.272721Z ERROR foundry_compilers_artifacts_solc::sources: error="C:/Users/Jorge/.codex/worktrees/omerta-rc1-closure/Omerta/omerta-contracts\lib/v4-core/src/libraries/TickMath.sol": The system cannot find the path specified. (os error 3)
2026-09-20T22:47:33.273017Z ERROR foundry_compilers_artifacts_solc::sources: error="C:/Users/Jorge/.codex/worktrees/omerta-rc1-closure/Omerta/omerta-contracts\lib/v4-core/src/libraries/SqrtPriceMath.sol": The system cannot find the path specified. (os error 3)
2026-09-20T22:47:33.273317Z ERROR foundry_compilers_artifacts_solc::sources: error="C:/Users/Jorge/.codex/worktrees/omerta-rc1-closure/Omerta/omerta-contracts\lib/v4-core/src/libraries/Hooks.sol": The system cannot find the path specified. (os error 3)
2026-09-20T22:47:33.273958Z ERROR foundry_compilers_artifacts_solc::sources: error="C:/Users/Jorge/.codex/worktrees/omerta-rc1-closure/Omerta/omerta-contracts\lib/openzeppelin-contracts/utils/ReentrancyGuard.sol": The system cannot find the path specified. (os error 3)
2026-09-20T22:47:33.274358Z ERROR foundry_compilers_artifacts_solc::sources: error="C:/Users/Jorge/.codex/worktrees/omerta-rc1-closure/Omerta/omerta-contracts\lib/openzeppelin-contracts/token/ERC20/IERC20.sol": The system cannot find the path specified. (os error 3)
2026-09-20T22:47:33.274779Z ERROR foundry_compilers_artifacts_solc::sources: error="C:/Users/Jorge/.codex/worktrees/omerta-rc1-closure/Omerta/omerta-contracts\lib/openzeppelin-contracts/token/ERC20/utils/SafeERC20.sol": The system cannot find the path specified. (os error 3)
2026-09-20T22:47:33.275427Z ERROR foundry_compilers_artifacts_solc::sources: error="C:/Users/Jorge/.codex/worktrees/omerta-rc1-closure/Omerta/omerta-contracts\lib/openzeppelin-contracts/access/Ownable.sol": The system cannot find the path specified. (os error 3)
2026-09-20T22:47:33.278801Z ERROR foundry_compilers_artifacts_solc::sources: error="C:/Users/Jorge/.codex/worktrees/omerta-rc1-closure/Omerta/omerta-contracts\lib/openzeppelin-contracts/access/Ownable2Step.sol": The system cannot find the path specified. (os error 3)
2026-09-20T22:47:33.279369Z ERROR foundry_compilers_artifacts_solc::sources: error="C:/Users/Jorge/.codex/worktrees/omerta-rc1-closure/Omerta/omerta-contracts\lib/openzeppelin-contracts/utils/ReentrancyGuard.sol": The system cannot find the path specified. (os error 3)
2026-09-20T22:47:33.279960Z ERROR foundry_compilers_artifacts_solc::sources: error="C:/Users/Jorge/.codex/worktrees/omerta-rc1-closure/Omerta/omerta-contracts\lib/openzeppelin-contracts/token/ERC20/IERC20.sol": The system cannot find the path specified. (os error 3)
2026-09-20T22:47:33.280467Z ERROR foundry_compilers_artifacts_solc::sources: error="C:/Users/Jorge/.codex/worktrees/omerta-rc1-closure/Omerta/omerta-contracts\lib/openzeppelin-contracts/token/ERC20/utils/SafeERC20.sol": The system cannot find the path specified. (os error 3)
2026-09-20T22:47:33.295707Z ERROR foundry_compilers_artifacts_solc::sources: error="C:/Users/Jorge/.codex/worktrees/omerta-rc1-closure/Omerta/omerta-contracts\lib/openzeppelin-contracts/token/ERC20/ERC20.sol": The system cannot find the path specified. (os error 3)
2026-09-20T22:47:33.296332Z ERROR foundry_compilers_artifacts_solc::sources: error="C:/Users/Jorge/.codex/worktrees/omerta-rc1-closure/Omerta/omerta-contracts\lib/openzeppelin-contracts/token/ERC20/extensions/ERC4626.sol": The system cannot find the path specified. (os error 3)
2026-09-20T22:47:33.296886Z ERROR foundry_compilers_artifacts_solc::sources: error="C:/Users/Jorge/.codex/worktrees/omerta-rc1-closure/Omerta/omerta-contracts\lib/openzeppelin-contracts/interfaces/IERC20.sol": The system cannot find the path specified. (os error 3)
2026-09-20T22:47:33.297413Z ERROR foundry_compilers_artifacts_solc::sources: error="C:/Users/Jorge/.codex/worktrees/omerta-rc1-closure/Omerta/omerta-contracts\lib/openzeppelin-contracts/interfaces/IERC4626.sol": The system cannot find the path specified. (os error 3)
2026-09-20T22:47:33.297884Z ERROR foundry_compilers_artifacts_solc::sources: error="C:/Users/Jorge/.codex/worktrees/omerta-rc1-closure/Omerta/omerta-contracts\lib/openzeppelin-contracts/access/Ownable.sol": The system cannot find the path specified. (os error 3)
2026-09-20T22:47:33.299769Z ERROR foundry_compilers_artifacts_solc::sources: error="C:/Users/Jorge/.codex/worktrees/omerta-rc1-closure/Omerta/omerta-contracts\lib/openzeppelin-contracts/token/ERC20/ERC20.sol": The system cannot find the path specified. (os error 3)
2026-09-20T22:47:33.300153Z ERROR foundry_compilers_artifacts_solc::sources: error="C:/Users/Jorge/.codex/worktrees/omerta-rc1-closure/Omerta/omerta-contracts\lib/openzeppelin-contracts/interfaces/IERC20.sol": The system cannot find the path specified. (os error 3)
2026-09-20T22:47:33.300530Z ERROR foundry_compilers_artifacts_solc::sources: error="C:/Users/Jorge/.codex/worktrees/omerta-rc1-closure/Omerta/omerta-contracts\lib/openzeppelin-contracts/utils/Pausable.sol": The system cannot find the path specified. (os error 3)
2026-09-20T22:47:33.300909Z ERROR foundry_compilers_artifacts_solc::sources: error="C:/Users/Jorge/.codex/worktrees/omerta-rc1-closure/Omerta/omerta-contracts\lib/openzeppelin-contracts/access/Ownable.sol": The system cannot find the path specified. (os error 3)
2026-09-20T22:47:33.302349Z ERROR foundry_compilers_artifacts_solc::sources: error="C:/Users/Jorge/.codex/worktrees/omerta-rc1-closure/Omerta/omerta-contracts\lib/openzeppelin-contracts/token/ERC20/IERC20.sol": The system cannot find the path specified. (os error 3)
2026-09-20T22:47:33.302727Z ERROR foundry_compilers_artifacts_solc::sources: error="C:/Users/Jorge/.codex/worktrees/omerta-rc1-closure/Omerta/omerta-contracts\lib/openzeppelin-contracts/access/Ownable.sol": The system cannot find the path specified. (os error 3)
2026-09-20T22:47:33.303186Z ERROR foundry_compilers_artifacts_solc::sources: error="C:/Users/Jorge/.codex/worktrees/omerta-rc1-closure/Omerta/omerta-contracts\lib/openzeppelin-contracts/utils/Pausable.sol": The system cannot find the path specified. (os error 3)
2026-09-20T22:47:33.304643Z ERROR foundry_compilers_artifacts_solc::sources: error="C:/Users/Jorge/.codex/worktrees/omerta-rc1-closure/Omerta/omerta-contracts\lib/openzeppelin-contracts/token/ERC721/IERC721Receiver.sol": The system cannot find the path specified. (os error 3)
2026-09-20T22:47:33.305053Z ERROR foundry_compilers_artifacts_solc::sources: error="C:/Users/Jorge/.codex/worktrees/omerta-rc1-closure/Omerta/omerta-contracts\lib/openzeppelin-contracts/interfaces/draft-IERC6093.sol": The system cannot find the path specified. (os error 3)
2026-09-20T22:47:33.305433Z ERROR foundry_compilers_artifacts_solc::sources: error="C:/Users/Jorge/.codex/worktrees/omerta-rc1-closure/Omerta/omerta-contracts\lib/openzeppelin-contracts/access/Ownable.sol": The system cannot find the path specified. (os error 3)
2026-09-20T22:47:33.305808Z ERROR foundry_compilers_artifacts_solc::sources: error="C:/Users/Jorge/.codex/worktrees/omerta-rc1-closure/Omerta/omerta-contracts\lib/openzeppelin-contracts/utils/cryptography/ECDSA.sol": The system cannot find the path specified. (os error 3)
2026-09-20T22:47:33.306184Z ERROR foundry_compilers_artifacts_solc::sources: error="C:/Users/Jorge/.codex/worktrees/omerta-rc1-closure/Omerta/omerta-contracts\lib/openzeppelin-contracts/utils/ReentrancyGuard.sol": The system cannot find the path specified. (os error 3)
2026-09-20T22:47:33.306564Z ERROR foundry_compilers_artifacts_solc::sources: error="C:/Users/Jorge/.codex/worktrees/omerta-rc1-closure/Omerta/omerta-contracts\lib/openzeppelin-contracts/utils/Pausable.sol": The system cannot find the path specified. (os error 3)
2026-09-20T22:47:33.307350Z ERROR foundry_compilers_artifacts_solc::sources: error="C:/Users/Jorge/.codex/worktrees/omerta-rc1-closure/Omerta/omerta-contracts\lib/openzeppelin-contracts/interfaces/IERC2981.sol": The system cannot find the path specified. (os error 3)
2026-09-20T22:47:33.307727Z ERROR foundry_compilers_artifacts_solc::sources: error="C:/Users/Jorge/.codex/worktrees/omerta-rc1-closure/Omerta/omerta-contracts\lib/openzeppelin-contracts/token/ERC721/IERC721.sol": The system cannot find the path specified. (os error 3)
2026-09-20T22:47:33.308100Z ERROR foundry_compilers_artifacts_solc::sources: error="C:/Users/Jorge/.codex/worktrees/omerta-rc1-closure/Omerta/omerta-contracts\lib/openzeppelin-contracts/utils/Strings.sol": The system cannot find the path specified. (os error 3)
2026-09-20T22:47:33.309273Z ERROR foundry_compilers_artifacts_solc::sources: error="C:/Users/Jorge/.codex/worktrees/omerta-rc1-closure/Omerta/omerta-contracts\lib/openzeppelin-contracts/utils/Base64.sol": The system cannot find the path specified. (os error 3)
2026-09-20T22:47:33.309659Z ERROR foundry_compilers_artifacts_solc::sources: error="C:/Users/Jorge/.codex/worktrees/omerta-rc1-closure/Omerta/omerta-contracts\lib/openzeppelin-contracts/utils/Strings.sol": The system cannot find the path specified. (os error 3)
2026-09-20T22:47:33.310619Z ERROR foundry_compilers_artifacts_solc::sources: error="C:/Users/Jorge/.codex/worktrees/omerta-rc1-closure/Omerta/omerta-contracts\lib/openzeppelin-contracts/access/Ownable.sol": The system cannot find the path specified. (os error 3)
2026-09-20T22:47:33.311170Z ERROR foundry_compilers_artifacts_solc::sources: error="C:/Users/Jorge/.codex/worktrees/omerta-rc1-closure/Omerta/omerta-contracts\lib/openzeppelin-contracts/token/ERC20/IERC20.sol": The system cannot find the path specified. (os error 3)
2026-09-20T22:47:33.311500Z ERROR foundry_compilers_artifacts_solc::sources: error="C:/Users/Jorge/.codex/worktrees/omerta-rc1-closure/Omerta/omerta-contracts\lib/v4-core/src/interfaces/IPoolManager.sol": The system cannot find the path specified. (os error 3)
2026-09-20T22:47:33.311805Z ERROR foundry_compilers_artifacts_solc::sources: error="C:/Users/Jorge/.codex/worktrees/omerta-rc1-closure/Omerta/omerta-contracts\lib/v4-core/src/interfaces/IHooks.sol": The system cannot find the path specified. (os error 3)
2026-09-20T22:47:33.312104Z ERROR foundry_compilers_artifacts_solc::sources: error="C:/Users/Jorge/.codex/worktrees/omerta-rc1-closure/Omerta/omerta-contracts\lib/v4-core/src/types/Currency.sol": The system cannot find the path specified. (os error 3)
2026-09-20T22:47:33.312404Z ERROR foundry_compilers_artifacts_solc::sources: error="C:/Users/Jorge/.codex/worktrees/omerta-rc1-closure/Omerta/omerta-contracts\lib/v4-core/src/types/PoolKey.sol": The system cannot find the path specified. (os error 3)
2026-09-20T22:47:33.312700Z ERROR foundry_compilers_artifacts_solc::sources: error="C:/Users/Jorge/.codex/worktrees/omerta-rc1-closure/Omerta/omerta-contracts\lib/v4-core/src/types/PoolId.sol": The system cannot find the path specified. (os error 3)
2026-09-20T22:47:33.312999Z ERROR foundry_compilers_artifacts_solc::sources: error="C:/Users/Jorge/.codex/worktrees/omerta-rc1-closure/Omerta/omerta-contracts\lib/v4-core/src/libraries/TickMath.sol": The system cannot find the path specified. (os error 3)
2026-09-20T22:47:33.313298Z ERROR foundry_compilers_artifacts_solc::sources: error="C:/Users/Jorge/.codex/worktrees/omerta-rc1-closure/Omerta/omerta-contracts\lib/permit2/src/interfaces/IAllowanceTransfer.sol": The system cannot find the path specified. (os error 3)
2026-09-20T22:47:33.313599Z ERROR foundry_compilers_artifacts_solc::sources: error="C:/Users/Jorge/.codex/worktrees/omerta-rc1-closure/Omerta/omerta-contracts\lib/permit2/test/utils/DeployPermit2.sol": The system cannot find the path specified. (os error 3)
2026-09-20T22:47:33.315398Z ERROR foundry_compilers_artifacts_solc::sources: error="C:/Users/Jorge/.codex/worktrees/omerta-rc1-closure/Omerta/omerta-contracts\lib/openzeppelin-contracts/token/ERC20/IERC20.sol": The system cannot find the path specified. (os error 3)
2026-09-20T22:47:33.315986Z ERROR foundry_compilers_artifacts_solc::sources: error="C:/Users/Jorge/.codex/worktrees/omerta-rc1-closure/Omerta/omerta-contracts\lib/v4-core/src/PoolManager.sol": The system cannot find the path specified. (os error 3)
2026-09-20T22:47:33.316286Z ERROR foundry_compilers_artifacts_solc::sources: error="C:/Users/Jorge/.codex/worktrees/omerta-rc1-closure/Omerta/omerta-contracts\lib/v4-core/src/interfaces/IHooks.sol": The system cannot find the path specified. (os error 3)
2026-09-20T22:47:33.316582Z ERROR foundry_compilers_artifacts_solc::sources: error="C:/Users/Jorge/.codex/worktrees/omerta-rc1-closure/Omerta/omerta-contracts\lib/v4-core/src/types/Currency.sol": The system cannot find the path specified. (os error 3)
2026-09-20T22:47:33.316885Z ERROR foundry_compilers_artifacts_solc::sources: error="C:/Users/Jorge/.codex/worktrees/omerta-rc1-closure/Omerta/omerta-contracts\lib/v4-core/src/types/PoolKey.sol": The system cannot find the path specified. (os error 3)
2026-09-20T22:47:33.317180Z ERROR foundry_compilers_artifacts_solc::sources: error="C:/Users/Jorge/.codex/worktrees/omerta-rc1-closure/Omerta/omerta-contracts\lib/v4-core/src/types/PoolId.sol": The system cannot find the path specified. (os error 3)
2026-09-20T22:47:33.318639Z ERROR foundry_compilers_artifacts_solc::sources: error="C:/Users/Jorge/.codex/worktrees/omerta-rc1-closure/Omerta/omerta-contracts\lib/v4-core/src/PoolManager.sol": The system cannot find the path specified. (os error 3)
2026-09-20T22:47:33.318937Z ERROR foundry_compilers_artifacts_solc::sources: error="C:/Users/Jorge/.codex/worktrees/omerta-rc1-closure/Omerta/omerta-contracts\lib/v4-core/src/interfaces/IPoolManager.sol": The system cannot find the path specified. (os error 3)
2026-09-20T22:47:33.319230Z ERROR foundry_compilers_artifacts_solc::sources: error="C:/Users/Jorge/.codex/worktrees/omerta-rc1-closure/Omerta/omerta-contracts\lib/v4-core/src/interfaces/IHooks.sol": The system cannot find the path specified. (os error 3)
2026-09-20T22:47:33.319520Z ERROR foundry_compilers_artifacts_solc::sources: error="C:/Users/Jorge/.codex/worktrees/omerta-rc1-closure/Omerta/omerta-contracts\lib/v4-core/src/libraries/Hooks.sol": The system cannot find the path specified. (os error 3)
2026-09-20T22:47:33.319814Z ERROR foundry_compilers_artifacts_solc::sources: error="C:/Users/Jorge/.codex/worktrees/omerta-rc1-closure/Omerta/omerta-contracts\lib/v4-core/src/libraries/StateLibrary.sol": The system cannot find the path specified. (os error 3)
2026-09-20T22:47:33.320122Z ERROR foundry_compilers_artifacts_solc::sources: error="C:/Users/Jorge/.codex/worktrees/omerta-rc1-closure/Omerta/omerta-contracts\lib/v4-core/src/types/PoolKey.sol": The system cannot find the path specified. (os error 3)
2026-09-20T22:47:33.320419Z ERROR foundry_compilers_artifacts_solc::sources: error="C:/Users/Jorge/.codex/worktrees/omerta-rc1-closure/Omerta/omerta-contracts\lib/v4-core/src/types/PoolId.sol": The system cannot find the path specified. (os error 3)
2026-09-20T22:47:33.320712Z ERROR foundry_compilers_artifacts_solc::sources: error="C:/Users/Jorge/.codex/worktrees/omerta-rc1-closure/Omerta/omerta-contracts\lib/v4-core/src/types/Currency.sol": The system cannot find the path specified. (os error 3)
2026-09-20T22:47:33.321008Z ERROR foundry_compilers_artifacts_solc::sources: error="C:/Users/Jorge/.codex/worktrees/omerta-rc1-closure/Omerta/omerta-contracts\lib/v4-core/src/types/PoolOperation.sol": The system cannot find the path specified. (os error 3)
2026-09-20T22:47:33.321306Z ERROR foundry_compilers_artifacts_solc::sources: error="C:/Users/Jorge/.codex/worktrees/omerta-rc1-closure/Omerta/omerta-contracts\lib/v4-core/src/test/PoolModifyLiquidityTest.sol": The system cannot find the path specified. (os error 3)
2026-09-20T22:47:33.321675Z ERROR foundry_compilers_artifacts_solc::sources: error="C:/Users/Jorge/.codex/worktrees/omerta-rc1-closure/Omerta/omerta-contracts\lib/openzeppelin-contracts/token/ERC20/ERC20.sol": The system cannot find the path specified. (os error 3)
2026-09-20T22:47:33.322044Z ERROR foundry_compilers_artifacts_solc::sources: error="C:/Users/Jorge/.codex/worktrees/omerta-rc1-closure/Omerta/omerta-contracts\lib/openzeppelin-contracts/token/ERC20/IERC20.sol": The system cannot find the path specified. (os error 3)
2026-09-20T22:47:33.322412Z ERROR foundry_compilers_artifacts_solc::sources: error="C:/Users/Jorge/.codex/worktrees/omerta-rc1-closure/Omerta/omerta-contracts\lib/openzeppelin-contracts/access/Ownable.sol": The system cannot find the path specified. (os error 3)
2026-09-20T22:47:33.322779Z ERROR foundry_compilers_artifacts_solc::sources: error="C:/Users/Jorge/.codex/worktrees/omerta-rc1-closure/Omerta/omerta-contracts\lib/openzeppelin-contracts/utils/Pausable.sol": The system cannot find the path specified. (os error 3)
2026-09-20T22:47:33.323147Z ERROR foundry_compilers_artifacts_solc::sources: error="C:/Users/Jorge/.codex/worktrees/omerta-rc1-closure/Omerta/omerta-contracts\lib/openzeppelin-contracts/utils/ReentrancyGuard.sol": The system cannot find the path specified. (os error 3)
2026-09-20T22:47:33.325010Z ERROR foundry_compilers_artifacts_solc::sources: error="C:/Users/Jorge/.codex/worktrees/omerta-rc1-closure/Omerta/omerta-contracts\lib/openzeppelin-contracts/access/Ownable.sol": The system cannot find the path specified. (os error 3)
2026-09-20T22:47:33.325376Z ERROR foundry_compilers_artifacts_solc::sources: error="C:/Users/Jorge/.codex/worktrees/omerta-rc1-closure/Omerta/omerta-contracts\lib/openzeppelin-contracts/utils/Pausable.sol": The system cannot find the path specified. (os error 3)
2026-09-20T22:47:33.325741Z ERROR foundry_compilers_artifacts_solc::sources: error="C:/Users/Jorge/.codex/worktrees/omerta-rc1-closure/Omerta/omerta-contracts\lib/openzeppelin-contracts/utils/ReentrancyGuard.sol": The system cannot find the path specified. (os error 3)
2026-09-20T22:47:33.328232Z ERROR foundry_compilers_artifacts_solc::sources: error="C:/Users/Jorge/.codex/worktrees/omerta-rc1-closure/Omerta/omerta-contracts\lib/openzeppelin-contracts/token/ERC20/IERC20.sol": The system cannot find the path specified. (os error 3)
2026-09-20T22:47:33.329440Z ERROR foundry_compilers_artifacts_solc::sources: error="C:/Users/Jorge/.codex/worktrees/omerta-rc1-closure/Omerta/omerta-contracts\lib/openzeppelin-contracts/token/ERC20/IERC20.sol": The system cannot find the path specified. (os error 3)
2026-09-20T22:47:33.330106Z ERROR foundry_compilers_artifacts_solc::sources: error="C:/Users/Jorge/.codex/worktrees/omerta-rc1-closure/Omerta/omerta-contracts\lib/v4-core/src/PoolManager.sol": The system cannot find the path specified. (os error 3)
2026-09-20T22:47:33.330415Z ERROR foundry_compilers_artifacts_solc::sources: error="C:/Users/Jorge/.codex/worktrees/omerta-rc1-closure/Omerta/omerta-contracts\lib/v4-core/src/interfaces/IPoolManager.sol": The system cannot find the path specified. (os error 3)
2026-09-20T22:47:33.330716Z ERROR foundry_compilers_artifacts_solc::sources: error="C:/Users/Jorge/.codex/worktrees/omerta-rc1-closure/Omerta/omerta-contracts\lib/v4-core/src/interfaces/IHooks.sol": The system cannot find the path specified. (os error 3)
2026-09-20T22:47:33.331012Z ERROR foundry_compilers_artifacts_solc::sources: error="C:/Users/Jorge/.codex/worktrees/omerta-rc1-closure/Omerta/omerta-contracts\lib/v4-core/src/libraries/Hooks.sol": The system cannot find the path specified. (os error 3)
2026-09-20T22:47:33.331317Z ERROR foundry_compilers_artifacts_solc::sources: error="C:/Users/Jorge/.codex/worktrees/omerta-rc1-closure/Omerta/omerta-contracts\lib/v4-core/src/libraries/StateLibrary.sol": The system cannot find the path specified. (os error 3)
2026-09-20T22:47:33.331614Z ERROR foundry_compilers_artifacts_solc::sources: error="C:/Users/Jorge/.codex/worktrees/omerta-rc1-closure/Omerta/omerta-contracts\lib/v4-core/src/types/PoolKey.sol": The system cannot find the path specified. (os error 3)
2026-09-20T22:47:33.331914Z ERROR foundry_compilers_artifacts_solc::sources: error="C:/Users/Jorge/.codex/worktrees/omerta-rc1-closure/Omerta/omerta-contracts\lib/v4-core/src/types/PoolId.sol": The system cannot find the path specified. (os error 3)
2026-09-20T22:47:33.332209Z ERROR foundry_compilers_artifacts_solc::sources: error="C:/Users/Jorge/.codex/worktrees/omerta-rc1-closure/Omerta/omerta-contracts\lib/v4-core/src/types/Currency.sol": The system cannot find the path specified. (os error 3)
2026-09-20T22:47:33.332503Z ERROR foundry_compilers_artifacts_solc::sources: error="C:/Users/Jorge/.codex/worktrees/omerta-rc1-closure/Omerta/omerta-contracts\lib/v4-core/src/types/BalanceDelta.sol": The system cannot find the path specified. (os error 3)
2026-09-20T22:47:33.332796Z ERROR foundry_compilers_artifacts_solc::sources: error="C:/Users/Jorge/.codex/worktrees/omerta-rc1-closure/Omerta/omerta-contracts\lib/v4-core/src/types/PoolOperation.sol": The system cannot find the path specified. (os error 3)
2026-09-20T22:47:33.333099Z ERROR foundry_compilers_artifacts_solc::sources: error="C:/Users/Jorge/.codex/worktrees/omerta-rc1-closure/Omerta/omerta-contracts\lib/v4-core/src/test/PoolSwapTest.sol": The system cannot find the path specified. (os error 3)
2026-09-20T22:47:33.333400Z ERROR foundry_compilers_artifacts_solc::sources: error="C:/Users/Jorge/.codex/worktrees/omerta-rc1-closure/Omerta/omerta-contracts\lib/v4-core/src/test/PoolModifyLiquidityTest.sol": The system cannot find the path specified. (os error 3)
2026-09-20T22:47:33.334129Z ERROR foundry_compilers_artifacts_solc::sources: error="C:/Users/Jorge/.codex/worktrees/omerta-rc1-closure/Omerta/omerta-contracts\lib/openzeppelin-contracts/token/ERC20/ERC20.sol": The system cannot find the path specified. (os error 3)
2026-09-20T22:47:33.334597Z ERROR foundry_compilers_artifacts_solc::sources: error="C:/Users/Jorge/.codex/worktrees/omerta-rc1-closure/Omerta/omerta-contracts\lib/openzeppelin-contracts/utils/introspection/IERC165.sol": The system cannot find the path specified. (os error 3)
2026-09-20T22:47:33.335667Z ERROR foundry_compilers_artifacts_solc::sources: error="C:/Users/Jorge/.codex/worktrees/omerta-rc1-closure/Omerta/omerta-contracts\lib/openzeppelin-contracts/token/ERC20/ERC20.sol": The system cannot find the path specified. (os error 3)
2026-09-20T22:47:33.336453Z ERROR foundry_compilers_artifacts_solc::sources: error="C:/Users/Jorge/.codex/worktrees/omerta-rc1-closure/Omerta/omerta-contracts\lib/openzeppelin-contracts/token/ERC20/ERC20.sol": The system cannot find the path specified. (os error 3)
2026-09-20T22:47:33.336837Z ERROR foundry_compilers_artifacts_solc::sources: error="C:/Users/Jorge/.codex/worktrees/omerta-rc1-closure/Omerta/omerta-contracts\lib/openzeppelin-contracts/utils/introspection/IERC165.sol": The system cannot find the path specified. (os error 3)
2026-09-20T22:47:33.337223Z ERROR foundry_compilers_artifacts_solc::sources: error="C:/Users/Jorge/.codex/worktrees/omerta-rc1-closure/Omerta/omerta-contracts\lib/openzeppelin-contracts/utils/math/Math.sol": The system cannot find the path specified. (os error 3)
2026-09-20T22:47:33.337527Z ERROR foundry_compilers_artifacts_solc::sources: error="C:/Users/Jorge/.codex/worktrees/omerta-rc1-closure/Omerta/omerta-contracts\lib/v4-core/src/interfaces/IHooks.sol": The system cannot find the path specified. (os error 3)
2026-09-20T22:47:33.337828Z ERROR foundry_compilers_artifacts_solc::sources: error="C:/Users/Jorge/.codex/worktrees/omerta-rc1-closure/Omerta/omerta-contracts\lib/v4-core/src/interfaces/IPoolManager.sol": The system cannot find the path specified. (os error 3)
2026-09-20T22:47:33.338125Z ERROR foundry_compilers_artifacts_solc::sources: error="C:/Users/Jorge/.codex/worktrees/omerta-rc1-closure/Omerta/omerta-contracts\lib/v4-core/src/PoolManager.sol": The system cannot find the path specified. (os error 3)
2026-09-20T22:47:33.338424Z ERROR foundry_compilers_artifacts_solc::sources: error="C:/Users/Jorge/.codex/worktrees/omerta-rc1-closure/Omerta/omerta-contracts\lib/v4-core/src/libraries/TickMath.sol": The system cannot find the path specified. (os error 3)
2026-09-20T22:47:33.338724Z ERROR foundry_compilers_artifacts_solc::sources: error="C:/Users/Jorge/.codex/worktrees/omerta-rc1-closure/Omerta/omerta-contracts\lib/v4-core/src/types/Currency.sol": The system cannot find the path specified. (os error 3)
2026-09-20T22:47:33.339022Z ERROR foundry_compilers_artifacts_solc::sources: error="C:/Users/Jorge/.codex/worktrees/omerta-rc1-closure/Omerta/omerta-contracts\lib/v4-core/src/types/PoolId.sol": The system cannot find the path specified. (os error 3)
2026-09-20T22:47:33.339319Z ERROR foundry_compilers_artifacts_solc::sources: error="C:/Users/Jorge/.codex/worktrees/omerta-rc1-closure/Omerta/omerta-contracts\lib/v4-core/src/types/PoolKey.sol": The system cannot find the path specified. (os error 3)
2026-09-20T22:47:33.340246Z ERROR foundry_compilers_artifacts_solc::sources: error="C:/Users/Jorge/.codex/worktrees/omerta-rc1-closure/Omerta/omerta-contracts\lib/openzeppelin-contracts/access/Ownable.sol": The system cannot find the path specified. (os error 3)
2026-09-20T22:47:33.340624Z ERROR foundry_compilers_artifacts_solc::sources: error="C:/Users/Jorge/.codex/worktrees/omerta-rc1-closure/Omerta/omerta-contracts\lib/openzeppelin-contracts/token/ERC721/IERC721Receiver.sol": The system cannot find the path specified. (os error 3)
2026-09-20T22:47:33.340997Z ERROR foundry_compilers_artifacts_solc::sources: error="C:/Users/Jorge/.codex/worktrees/omerta-rc1-closure/Omerta/omerta-contracts\lib/openzeppelin-contracts/utils/ReentrancyGuard.sol": The system cannot find the path specified. (os error 3)
2026-09-20T22:47:33.341293Z ERROR foundry_compilers_artifacts_solc::sources: error="C:/Users/Jorge/.codex/worktrees/omerta-rc1-closure/Omerta/omerta-contracts\lib/v4-core/src/interfaces/IPoolManager.sol": The system cannot find the path specified. (os error 3)
2026-09-20T22:47:33.341617Z ERROR foundry_compilers_artifacts_solc::sources: error="C:/Users/Jorge/.codex/worktrees/omerta-rc1-closure/Omerta/omerta-contracts\lib/v4-core/src/interfaces/IHooks.sol": The system cannot find the path specified. (os error 3)
2026-09-20T22:47:33.341918Z ERROR foundry_compilers_artifacts_solc::sources: error="C:/Users/Jorge/.codex/worktrees/omerta-rc1-closure/Omerta/omerta-contracts\lib/v4-core/src/types/PoolKey.sol": The system cannot find the path specified. (os error 3)
2026-09-20T22:47:33.342211Z ERROR foundry_compilers_artifacts_solc::sources: error="C:/Users/Jorge/.codex/worktrees/omerta-rc1-closure/Omerta/omerta-contracts\lib/v4-core/src/types/PoolId.sol": The system cannot find the path specified. (os error 3)
2026-09-20T22:47:33.342512Z ERROR foundry_compilers_artifacts_solc::sources: error="C:/Users/Jorge/.codex/worktrees/omerta-rc1-closure/Omerta/omerta-contracts\lib/v4-core/src/types/Currency.sol": The system cannot find the path specified. (os error 3)
2026-09-20T22:47:33.342809Z ERROR foundry_compilers_artifacts_solc::sources: error="C:/Users/Jorge/.codex/worktrees/omerta-rc1-closure/Omerta/omerta-contracts\lib/v4-core/src/types/PoolOperation.sol": The system cannot find the path specified. (os error 3)
2026-09-20T22:47:33.343108Z ERROR foundry_compilers_artifacts_solc::sources: error="C:/Users/Jorge/.codex/worktrees/omerta-rc1-closure/Omerta/omerta-contracts\lib/v4-core/src/libraries/TickMath.sol": The system cannot find the path specified. (os error 3)
2026-09-20T22:47:33.343701Z ERROR foundry_compilers_artifacts_solc::sources: error="C:/Users/Jorge/.codex/worktrees/omerta-rc1-closure/Omerta/omerta-contracts\lib/v4-core/src/libraries/StateLibrary.sol": The system cannot find the path specified. (os error 3)
2026-09-20T22:47:33.344006Z ERROR foundry_compilers_artifacts_solc::sources: error="C:/Users/Jorge/.codex/worktrees/omerta-rc1-closure/Omerta/omerta-contracts\lib/v4-core/src/libraries/Hooks.sol": The system cannot find the path specified. (os error 3)
2026-09-20T22:47:33.344306Z ERROR foundry_compilers_artifacts_solc::sources: error="C:/Users/Jorge/.codex/worktrees/omerta-rc1-closure/Omerta/omerta-contracts\lib/v4-core/src/test/PoolSwapTest.sol": The system cannot find the path specified. (os error 3)
2026-09-20T22:47:33.345065Z ERROR foundry_compilers_artifacts_solc::sources: error="C:/Users/Jorge/.codex/worktrees/omerta-rc1-closure/Omerta/omerta-contracts\lib/permit2/src/interfaces/IAllowanceTransfer.sol": The system cannot find the path specified. (os error 3)
2026-09-20T22:47:33.345542Z ERROR foundry_compilers_artifacts_solc::sources: error="C:/Users/Jorge/.codex/worktrees/omerta-rc1-closure/Omerta/omerta-contracts\lib/permit2/test/utils/DeployPermit2.sol": The system cannot find the path specified. (os error 3)
2026-09-20T22:47:33.349426Z ERROR foundry_compilers_artifacts_solc::sources: error="C:/Users/Jorge/.codex/worktrees/omerta-rc1-closure/Omerta/omerta-contracts\lib/openzeppelin-contracts/token/ERC20/ERC20.sol": The system cannot find the path specified. (os error 3)
2026-09-20T22:47:33.350036Z ERROR foundry_compilers_artifacts_solc::sources: error="C:/Users/Jorge/.codex/worktrees/omerta-rc1-closure/Omerta/omerta-contracts\lib/openzeppelin-contracts/access/Ownable.sol": The system cannot find the path specified. (os error 3)
2026-09-20T22:47:33.350853Z ERROR foundry_compilers_artifacts_solc::sources: error="C:/Users/Jorge/.codex/worktrees/omerta-rc1-closure/Omerta/omerta-contracts\lib/openzeppelin-contracts/access/Ownable.sol": The system cannot find the path specified. (os error 3)
2026-09-20T22:47:33.352323Z ERROR foundry_compilers_artifacts_solc::sources: error="C:/Users/Jorge/.codex/worktrees/omerta-rc1-closure/Omerta/omerta-contracts\lib/openzeppelin-contracts/access/Ownable.sol": The system cannot find the path specified. (os error 3)
2026-09-20T22:47:33.353190Z ERROR foundry_compilers_artifacts_solc::sources: error="C:/Users/Jorge/.codex/worktrees/omerta-rc1-closure/Omerta/omerta-contracts\lib/openzeppelin-contracts/token/ERC20/ERC20.sol": The system cannot find the path specified. (os error 3)
2026-09-20T22:47:33.353562Z ERROR foundry_compilers_artifacts_solc::sources: error="C:/Users/Jorge/.codex/worktrees/omerta-rc1-closure/Omerta/omerta-contracts\lib/openzeppelin-contracts/access/Ownable.sol": The system cannot find the path specified. (os error 3)
2026-09-20T22:47:33.354717Z ERROR foundry_compilers_artifacts_solc::sources: error="C:/Users/Jorge/.codex/worktrees/omerta-rc1-closure/Omerta/omerta-contracts\lib/openzeppelin-contracts/token/ERC20/ERC20.sol": The system cannot find the path specified. (os error 3)
2026-09-20T22:47:33.355705Z ERROR foundry_compilers_artifacts_solc::sources: error="C:/Users/Jorge/.codex/worktrees/omerta-rc1-closure/Omerta/omerta-contracts\lib/openzeppelin-contracts/token/ERC20/ERC20.sol": The system cannot find the path specified. (os error 3)
2026-09-20T22:47:33.356485Z ERROR foundry_compilers_artifacts_solc::sources: error="C:/Users/Jorge/.codex/worktrees/omerta-rc1-closure/Omerta/omerta-contracts\lib/openzeppelin-contracts/utils/Base64.sol": The system cannot find the path specified. (os error 3)
2026-09-20T22:47:33.356856Z ERROR foundry_compilers_artifacts_solc::sources: error="C:/Users/Jorge/.codex/worktrees/omerta-rc1-closure/Omerta/omerta-contracts\lib/openzeppelin-contracts/utils/Strings.sol": The system cannot find the path specified. (os error 3)
2026-09-20T22:47:33.357526Z ERROR foundry_compilers_artifacts_solc::sources: error="C:/Users/Jorge/.codex/worktrees/omerta-rc1-closure/Omerta/omerta-contracts\lib/openzeppelin-contracts/interfaces/IERC20.sol": The system cannot find the path specified. (os error 3)
2026-09-20T22:47:33.357908Z ERROR foundry_compilers_artifacts_solc::sources: error="C:/Users/Jorge/.codex/worktrees/omerta-rc1-closure/Omerta/omerta-contracts\lib/openzeppelin-contracts/interfaces/IERC20Metadata.sol": The system cannot find the path specified. (os error 3)
2026-09-20T22:47:33.358278Z ERROR foundry_compilers_artifacts_solc::sources: error="C:/Users/Jorge/.codex/worktrees/omerta-rc1-closure/Omerta/omerta-contracts\lib/openzeppelin-contracts/interfaces/IERC4626.sol": The system cannot find the path specified. (os error 3)
2026-09-20T22:47:33.359045Z ERROR foundry_compilers_artifacts_solc::sources: error="C:/Users/Jorge/.codex/worktrees/omerta-rc1-closure/Omerta/omerta-contracts\lib/openzeppelin-contracts/token/ERC20/ERC20.sol": The system cannot find the path specified. (os error 3)
2026-09-20T22:47:33.359411Z ERROR foundry_compilers_artifacts_solc::sources: error="C:/Users/Jorge/.codex/worktrees/omerta-rc1-closure/Omerta/omerta-contracts\lib/openzeppelin-contracts/interfaces/IERC20.sol": The system cannot find the path specified. (os error 3)
2026-09-20T22:47:33.359776Z ERROR foundry_compilers_artifacts_solc::sources: error="C:/Users/Jorge/.codex/worktrees/omerta-rc1-closure/Omerta/omerta-contracts\lib/openzeppelin-contracts/interfaces/IERC20Metadata.sol": The system cannot find the path specified. (os error 3)
2026-09-20T22:47:33.360991Z ERROR foundry_compilers_artifacts_solc::sources: error="C:/Users/Jorge/.codex/worktrees/omerta-rc1-closure/Omerta/omerta-contracts\lib/openzeppelin-contracts/token/ERC20/ERC20.sol": The system cannot find the path specified. (os error 3)
2026-09-20T22:47:33.361378Z ERROR foundry_compilers_artifacts_solc::sources: error="C:/Users/Jorge/.codex/worktrees/omerta-rc1-closure/Omerta/omerta-contracts\lib/openzeppelin-contracts/token/ERC20/extensions/ERC4626.sol": The system cannot find the path specified. (os error 3)
2026-09-20T22:47:33.361747Z ERROR foundry_compilers_artifacts_solc::sources: error="C:/Users/Jorge/.codex/worktrees/omerta-rc1-closure/Omerta/omerta-contracts\lib/openzeppelin-contracts/interfaces/IERC20.sol": The system cannot find the path specified. (os error 3)
2026-09-20T22:47:33.362286Z ERROR foundry_compilers_artifacts_solc::sources: error="C:/Users/Jorge/.codex/worktrees/omerta-rc1-closure/Omerta/omerta-contracts\lib/openzeppelin-contracts/interfaces/IERC4626.sol": The system cannot find the path specified. (os error 3)
2026-09-20T22:47:33.362662Z ERROR foundry_compilers_artifacts_solc::sources: error="C:/Users/Jorge/.codex/worktrees/omerta-rc1-closure/Omerta/omerta-contracts\lib/openzeppelin-contracts/token/ERC20/utils/SafeERC20.sol": The system cannot find the path specified. (os error 3)
2026-09-20T22:47:33.363108Z ERROR foundry_compilers_artifacts_solc::sources: error="C:/Users/Jorge/.codex/worktrees/omerta-rc1-closure/Omerta/omerta-contracts\lib/openzeppelin-contracts/utils/math/Math.sol": The system cannot find the path specified. (os error 3)
2026-09-20T22:47:33.365665Z ERROR foundry_compilers_artifacts_solc::sources: error="C:/Users/Jorge/.codex/worktrees/omerta-rc1-closure/Omerta/omerta-contracts\lib/openzeppelin-contracts/token/ERC20/IERC20.sol": The system cannot find the path specified. (os error 3)
2026-09-20T22:47:33.366031Z ERROR foundry_compilers_artifacts_solc::sources: error="C:/Users/Jorge/.codex/worktrees/omerta-rc1-closure/Omerta/omerta-contracts\lib/openzeppelin-contracts/token/ERC721/IERC721Receiver.sol": The system cannot find the path specified. (os error 3)
2026-09-20T22:47:33.366403Z ERROR foundry_compilers_artifacts_solc::sources: error="C:/Users/Jorge/.codex/worktrees/omerta-rc1-closure/Omerta/omerta-contracts\lib/openzeppelin-contracts/token/ERC1155/utils/ERC1155Holder.sol": The system cannot find the path specified. (os error 3)
2026-09-20T22:47:33.366700Z ERROR foundry_compilers_artifacts_solc::sources: error="C:/Users/Jorge/.codex/worktrees/omerta-rc1-closure/Omerta/omerta-contracts\lib/v4-core/src/PoolManager.sol": The system cannot find the path specified. (os error 3)
2026-09-20T22:47:33.366998Z ERROR foundry_compilers_artifacts_solc::sources: error="C:/Users/Jorge/.codex/worktrees/omerta-rc1-closure/Omerta/omerta-contracts\lib/v4-core/src/types/PoolKey.sol": The system cannot find the path specified. (os error 3)
2026-09-20T22:47:33.367293Z ERROR foundry_compilers_artifacts_solc::sources: error="C:/Users/Jorge/.codex/worktrees/omerta-rc1-closure/Omerta/omerta-contracts\lib/v4-core/src/types/PoolId.sol": The system cannot find the path specified. (os error 3)
2026-09-20T22:47:33.367589Z ERROR foundry_compilers_artifacts_solc::sources: error="C:/Users/Jorge/.codex/worktrees/omerta-rc1-closure/Omerta/omerta-contracts\lib/v4-core/src/types/Currency.sol": The system cannot find the path specified. (os error 3)
2026-09-20T22:47:33.367885Z ERROR foundry_compilers_artifacts_solc::sources: error="C:/Users/Jorge/.codex/worktrees/omerta-rc1-closure/Omerta/omerta-contracts\lib/v4-core/src/interfaces/IHooks.sol": The system cannot find the path specified. (os error 3)
2026-09-20T22:47:33.369524Z ERROR foundry_compilers_artifacts_solc::sources: error="C:/Users/Jorge/.codex/worktrees/omerta-rc1-closure/Omerta/omerta-contracts\lib/v4-core/src/PoolManager.sol": The system cannot find the path specified. (os error 3)
2026-09-20T22:47:33.369830Z ERROR foundry_compilers_artifacts_solc::sources: error="C:/Users/Jorge/.codex/worktrees/omerta-rc1-closure/Omerta/omerta-contracts\lib/v4-core/src/interfaces/IPoolManager.sol": The system cannot find the path specified. (os error 3)
2026-09-20T22:47:33.370126Z ERROR foundry_compilers_artifacts_solc::sources: error="C:/Users/Jorge/.codex/worktrees/omerta-rc1-closure/Omerta/omerta-contracts\lib/v4-core/src/interfaces/IHooks.sol": The system cannot find the path specified. (os error 3)
2026-09-20T22:47:33.370424Z ERROR foundry_compilers_artifacts_solc::sources: error="C:/Users/Jorge/.codex/worktrees/omerta-rc1-closure/Omerta/omerta-contracts\lib/v4-core/src/libraries/Hooks.sol": The system cannot find the path specified. (os error 3)
2026-09-20T22:47:33.370719Z ERROR foundry_compilers_artifacts_solc::sources: error="C:/Users/Jorge/.codex/worktrees/omerta-rc1-closure/Omerta/omerta-contracts\lib/v4-core/src/libraries/StateLibrary.sol": The system cannot find the path specified. (os error 3)
2026-09-20T22:47:33.371014Z ERROR foundry_compilers_artifacts_solc::sources: error="C:/Users/Jorge/.codex/worktrees/omerta-rc1-closure/Omerta/omerta-contracts\lib/v4-core/src/types/PoolKey.sol": The system cannot find the path specified. (os error 3)
2026-09-20T22:47:33.371312Z ERROR foundry_compilers_artifacts_solc::sources: error="C:/Users/Jorge/.codex/worktrees/omerta-rc1-closure/Omerta/omerta-contracts\lib/v4-core/src/types/PoolId.sol": The system cannot find the path specified. (os error 3)
2026-09-20T22:47:33.371609Z ERROR foundry_compilers_artifacts_solc::sources: error="C:/Users/Jorge/.codex/worktrees/omerta-rc1-closure/Omerta/omerta-contracts\lib/v4-core/src/types/Currency.sol": The system cannot find the path specified. (os error 3)
2026-09-20T22:47:33.371903Z ERROR foundry_compilers_artifacts_solc::sources: error="C:/Users/Jorge/.codex/worktrees/omerta-rc1-closure/Omerta/omerta-contracts\lib/v4-core/src/types/BalanceDelta.sol": The system cannot find the path specified. (os error 3)
2026-09-20T22:47:33.372198Z ERROR foundry_compilers_artifacts_solc::sources: error="C:/Users/Jorge/.codex/worktrees/omerta-rc1-closure/Omerta/omerta-contracts\lib/v4-core/src/types/PoolOperation.sol": The system cannot find the path specified. (os error 3)
2026-09-20T22:47:33.372496Z ERROR foundry_compilers_artifacts_solc::sources: error="C:/Users/Jorge/.codex/worktrees/omerta-rc1-closure/Omerta/omerta-contracts\lib/v4-core/src/test/PoolSwapTest.sol": The system cannot find the path specified. (os error 3)
2026-09-20T22:47:33.372792Z ERROR foundry_compilers_artifacts_solc::sources: error="C:/Users/Jorge/.codex/worktrees/omerta-rc1-closure/Omerta/omerta-contracts\lib/v4-core/src/test/PoolModifyLiquidityTest.sol": The system cannot find the path specified. (os error 3)
2026-09-20T22:47:33.373726Z ERROR foundry_compilers_artifacts_solc::sources: error="C:/Users/Jorge/.codex/worktrees/omerta-rc1-closure/Omerta/omerta-contracts\lib/v4-core/src/PoolManager.sol": The system cannot find the path specified. (os error 3)
2026-09-20T22:47:33.374030Z ERROR foundry_compilers_artifacts_solc::sources: error="C:/Users/Jorge/.codex/worktrees/omerta-rc1-closure/Omerta/omerta-contracts\lib/v4-core/src/interfaces/IHooks.sol": The system cannot find the path specified. (os error 3)
2026-09-20T22:47:33.374327Z ERROR foundry_compilers_artifacts_solc::sources: error="C:/Users/Jorge/.codex/worktrees/omerta-rc1-closure/Omerta/omerta-contracts\lib/v4-core/src/libraries/Hooks.sol": The system cannot find the path specified. (os error 3)
2026-09-20T22:47:33.374622Z ERROR foundry_compilers_artifacts_solc::sources: error="C:/Users/Jorge/.codex/worktrees/omerta-rc1-closure/Omerta/omerta-contracts\lib/v4-core/src/types/PoolKey.sol": The system cannot find the path specified. (os error 3)
2026-09-20T22:47:33.374916Z ERROR foundry_compilers_artifacts_solc::sources: error="C:/Users/Jorge/.codex/worktrees/omerta-rc1-closure/Omerta/omerta-contracts\lib/v4-core/src/types/PoolId.sol": The system cannot find the path specified. (os error 3)
2026-09-20T22:47:33.375210Z ERROR foundry_compilers_artifacts_solc::sources: error="C:/Users/Jorge/.codex/worktrees/omerta-rc1-closure/Omerta/omerta-contracts\lib/v4-core/src/types/Currency.sol": The system cannot find the path specified. (os error 3)
2026-09-20T22:47:33.376422Z ERROR foundry_compilers_artifacts_solc::sources: error="C:/Users/Jorge/.codex/worktrees/omerta-rc1-closure/Omerta/omerta-contracts\lib/v4-core/src/PoolManager.sol": The system cannot find the path specified. (os error 3)
2026-09-20T22:47:33.376738Z ERROR foundry_compilers_artifacts_solc::sources: error="C:/Users/Jorge/.codex/worktrees/omerta-rc1-closure/Omerta/omerta-contracts\lib/v4-core/src/interfaces/IPoolManager.sol": The system cannot find the path specified. (os error 3)
2026-09-20T22:47:33.377049Z ERROR foundry_compilers_artifacts_solc::sources: error="C:/Users/Jorge/.codex/worktrees/omerta-rc1-closure/Omerta/omerta-contracts\lib/v4-core/src/interfaces/IHooks.sol": The system cannot find the path specified. (os error 3)
2026-09-20T22:47:33.377367Z ERROR foundry_compilers_artifacts_solc::sources: error="C:/Users/Jorge/.codex/worktrees/omerta-rc1-closure/Omerta/omerta-contracts\lib/v4-core/src/libraries/Hooks.sol": The system cannot find the path specified. (os error 3)
2026-09-20T22:47:33.377678Z ERROR foundry_compilers_artifacts_solc::sources: error="C:/Users/Jorge/.codex/worktrees/omerta-rc1-closure/Omerta/omerta-contracts\lib/v4-core/src/types/PoolKey.sol": The system cannot find the path specified. (os error 3)
2026-09-20T22:47:33.377984Z ERROR foundry_compilers_artifacts_solc::sources: error="C:/Users/Jorge/.codex/worktrees/omerta-rc1-closure/Omerta/omerta-contracts\lib/v4-core/src/types/Currency.sol": The system cannot find the path specified. (os error 3)
2026-09-20T22:47:33.378283Z ERROR foundry_compilers_artifacts_solc::sources: error="C:/Users/Jorge/.codex/worktrees/omerta-rc1-closure/Omerta/omerta-contracts\lib/v4-core/src/types/BalanceDelta.sol": The system cannot find the path specified. (os error 3)
2026-09-20T22:47:33.378581Z ERROR foundry_compilers_artifacts_solc::sources: error="C:/Users/Jorge/.codex/worktrees/omerta-rc1-closure/Omerta/omerta-contracts\lib/v4-core/src/types/PoolOperation.sol": The system cannot find the path specified. (os error 3)
2026-09-20T22:47:33.378880Z ERROR foundry_compilers_artifacts_solc::sources: error="C:/Users/Jorge/.codex/worktrees/omerta-rc1-closure/Omerta/omerta-contracts\lib/v4-core/src/test/PoolSwapTest.sol": The system cannot find the path specified. (os error 3)
2026-09-20T22:47:33.379178Z ERROR foundry_compilers_artifacts_solc::sources: error="C:/Users/Jorge/.codex/worktrees/omerta-rc1-closure/Omerta/omerta-contracts\lib/v4-core/src/test/PoolModifyLiquidityTest.sol": The system cannot find the path specified. (os error 3)
2026-09-20T22:47:33.380099Z ERROR foundry_compilers_artifacts_solc::sources: error="C:/Users/Jorge/.codex/worktrees/omerta-rc1-closure/Omerta/omerta-contracts\lib/openzeppelin-contracts/token/ERC20/ERC20.sol": The system cannot find the path specified. (os error 3)
2026-09-20T22:47:33.380473Z ERROR foundry_compilers_artifacts_solc::sources: error="C:/Users/Jorge/.codex/worktrees/omerta-rc1-closure/Omerta/omerta-contracts\lib/openzeppelin-contracts/token/ERC20/IERC20.sol": The system cannot find the path specified. (os error 3)
2026-09-20T22:47:33.380850Z ERROR foundry_compilers_artifacts_solc::sources: error="C:/Users/Jorge/.codex/worktrees/omerta-rc1-closure/Omerta/omerta-contracts\lib/openzeppelin-contracts/token/ERC20/utils/SafeERC20.sol": The system cannot find the path specified. (os error 3)
2026-09-20T22:47:33.381846Z ERROR foundry_compilers_artifacts_solc::sources: error="C:/Users/Jorge/.codex/worktrees/omerta-rc1-closure/Omerta/omerta-contracts\lib/openzeppelin-contracts/token/ERC20/ERC20.sol": The system cannot find the path specified. (os error 3)
2026-09-20T22:47:33.382226Z ERROR foundry_compilers_artifacts_solc::sources: error="C:/Users/Jorge/.codex/worktrees/omerta-rc1-closure/Omerta/omerta-contracts\lib/openzeppelin-contracts/token/ERC20/extensions/ERC4626.sol": The system cannot find the path specified. (os error 3)
2026-09-20T22:47:33.382601Z ERROR foundry_compilers_artifacts_solc::sources: error="C:/Users/Jorge/.codex/worktrees/omerta-rc1-closure/Omerta/omerta-contracts\lib/openzeppelin-contracts/token/ERC20/IERC20.sol": The system cannot find the path specified. (os error 3)
2026-09-20T22:47:33.382971Z ERROR foundry_compilers_artifacts_solc::sources: error="C:/Users/Jorge/.codex/worktrees/omerta-rc1-closure/Omerta/omerta-contracts\lib/openzeppelin-contracts/interfaces/IERC4626.sol": The system cannot find the path specified. (os error 3)
2026-09-20T22:47:33.384653Z ERROR foundry_compilers_artifacts_solc::sources: error="C:/Users/Jorge/.codex/worktrees/omerta-rc1-closure/Omerta/omerta-contracts\lib/openzeppelin-contracts/token/ERC20/IERC20.sol": The system cannot find the path specified. (os error 3)
2026-09-20T22:47:33.385026Z ERROR foundry_compilers_artifacts_solc::sources: error="C:/Users/Jorge/.codex/worktrees/omerta-rc1-closure/Omerta/omerta-contracts\lib/openzeppelin-contracts/interfaces/IERC4626.sol": The system cannot find the path specified. (os error 3)
2026-09-20T22:47:33.390513Z ERROR foundry_compilers_artifacts_solc::sources: error="C:/Users/Jorge/.codex/worktrees/omerta-rc1-closure/Omerta/omerta-contracts\lib/openzeppelin-contracts/token/ERC20/ERC20.sol": The system cannot find the path specified. (os error 3)
2026-09-20T22:47:33.390894Z ERROR foundry_compilers_artifacts_solc::sources: error="C:/Users/Jorge/.codex/worktrees/omerta-rc1-closure/Omerta/omerta-contracts\lib/openzeppelin-contracts/token/ERC20/extensions/ERC4626.sol": The system cannot find the path specified. (os error 3)
2026-09-20T22:47:33.391265Z ERROR foundry_compilers_artifacts_solc::sources: error="C:/Users/Jorge/.codex/worktrees/omerta-rc1-closure/Omerta/omerta-contracts\lib/openzeppelin-contracts/token/ERC20/IERC20.sol": The system cannot find the path specified. (os error 3)
2026-09-20T22:47:33.392076Z ERROR foundry_compilers_artifacts_solc::sources: error="C:/Users/Jorge/.codex/worktrees/omerta-rc1-closure/Omerta/omerta-contracts\lib/v4-core/src/interfaces/IPoolManager.sol": The system cannot find the path specified. (os error 3)
2026-09-20T22:47:33.392373Z ERROR foundry_compilers_artifacts_solc::sources: error="C:/Users/Jorge/.codex/worktrees/omerta-rc1-closure/Omerta/omerta-contracts\lib/v4-core/src/interfaces/IHooks.sol": The system cannot find the path specified. (os error 3)
2026-09-20T22:47:33.392668Z ERROR foundry_compilers_artifacts_solc::sources: error="C:/Users/Jorge/.codex/worktrees/omerta-rc1-closure/Omerta/omerta-contracts\lib/v4-core/src/types/PoolKey.sol": The system cannot find the path specified. (os error 3)
2026-09-20T22:47:33.393026Z ERROR foundry_compilers_artifacts_solc::sources: error="C:/Users/Jorge/.codex/worktrees/omerta-rc1-closure/Omerta/omerta-contracts\lib/v4-core/src/types/PoolId.sol": The system cannot find the path specified. (os error 3)
2026-09-20T22:47:33.393328Z ERROR foundry_compilers_artifacts_solc::sources: error="C:/Users/Jorge/.codex/worktrees/omerta-rc1-closure/Omerta/omerta-contracts\lib/v4-core/src/types/Currency.sol": The system cannot find the path specified. (os error 3)
2026-09-20T22:47:33.393625Z ERROR foundry_compilers_artifacts_solc::sources: error="C:/Users/Jorge/.codex/worktrees/omerta-rc1-closure/Omerta/omerta-contracts\lib/v4-core/src/types/PoolOperation.sol": The system cannot find the path specified. (os error 3)
2026-09-20T22:47:33.393945Z ERROR foundry_compilers_artifacts_solc::sources: error="C:/Users/Jorge/.codex/worktrees/omerta-rc1-closure/Omerta/omerta-contracts\lib/v4-core/src/test/PoolModifyLiquidityTest.sol": The system cannot find the path specified. (os error 3)
2026-09-20T22:47:33.394262Z ERROR foundry_compilers_artifacts_solc::sources: error="C:/Users/Jorge/.codex/worktrees/omerta-rc1-closure/Omerta/omerta-contracts\lib/v4-core/src/libraries/TickMath.sol": The system cannot find the path specified. (os error 3)
2026-09-20T22:47:33.394576Z ERROR foundry_compilers_artifacts_solc::sources: error="C:/Users/Jorge/.codex/worktrees/omerta-rc1-closure/Omerta/omerta-contracts\lib/v4-core/src/libraries/StateLibrary.sol": The system cannot find the path specified. (os error 3)
2026-09-20T22:47:33.394887Z ERROR foundry_compilers_artifacts_solc::sources: error="C:/Users/Jorge/.codex/worktrees/omerta-rc1-closure/Omerta/omerta-contracts\lib/v4-core/src/libraries/Hooks.sol": The system cannot find the path specified. (os error 3)
2026-09-20T22:47:33.395966Z ERROR foundry_compilers_artifacts_solc::sources: error="C:/Users/Jorge/.codex/worktrees/omerta-rc1-closure/Omerta/omerta-contracts\lib/openzeppelin-contracts/token/ERC721/IERC721.sol": The system cannot find the path specified. (os error 3)
2026-09-20T22:47:33.396275Z ERROR foundry_compilers_artifacts_solc::sources: error="C:/Users/Jorge/.codex/worktrees/omerta-rc1-closure/Omerta/omerta-contracts\lib/v4-core/src/interfaces/IPoolManager.sol": The system cannot find the path specified. (os error 3)
2026-09-20T22:47:33.396576Z ERROR foundry_compilers_artifacts_solc::sources: error="C:/Users/Jorge/.codex/worktrees/omerta-rc1-closure/Omerta/omerta-contracts\lib/v4-core/src/interfaces/IHooks.sol": The system cannot find the path specified. (os error 3)
2026-09-20T22:47:33.396875Z ERROR foundry_compilers_artifacts_solc::sources: error="C:/Users/Jorge/.codex/worktrees/omerta-rc1-closure/Omerta/omerta-contracts\lib/v4-core/src/types/PoolKey.sol": The system cannot find the path specified. (os error 3)
2026-09-20T22:47:33.397177Z ERROR foundry_compilers_artifacts_solc::sources: error="C:/Users/Jorge/.codex/worktrees/omerta-rc1-closure/Omerta/omerta-contracts\lib/v4-core/src/types/Currency.sol": The system cannot find the path specified. (os error 3)
2026-09-20T22:47:33.397827Z ERROR foundry_compilers_artifacts_solc::sources: error="C:/Users/Jorge/.codex/worktrees/omerta-rc1-closure/Omerta/omerta-contracts\lib/permit2/src/interfaces/IAllowanceTransfer.sol": The system cannot find the path specified. (os error 3)
2026-09-20T22:47:33.398128Z ERROR foundry_compilers_artifacts_solc::sources: error="C:/Users/Jorge/.codex/worktrees/omerta-rc1-closure/Omerta/omerta-contracts\lib/permit2/test/utils/DeployPermit2.sol": The system cannot find the path specified. (os error 3)
2026-09-20T22:47:33.399368Z ERROR foundry_compilers_artifacts_solc::sources: error="C:/Users/Jorge/.codex/worktrees/omerta-rc1-closure/Omerta/omerta-contracts\lib/v4-core/src/types/PoolKey.sol": The system cannot find the path specified. (os error 3)
2026-09-20T22:47:33.399674Z ERROR foundry_compilers_artifacts_solc::sources: error="C:/Users/Jorge/.codex/worktrees/omerta-rc1-closure/Omerta/omerta-contracts\lib/v4-core/src/interfaces/IHooks.sol": The system cannot find the path specified. (os error 3)
2026-09-20T22:47:33.399979Z ERROR foundry_compilers_artifacts_solc::sources: error="C:/Users/Jorge/.codex/worktrees/omerta-rc1-closure/Omerta/omerta-contracts\lib/v4-core/src/types/PoolOperation.sol": The system cannot find the path specified. (os error 3)
2026-09-20T22:47:33.400287Z ERROR foundry_compilers_artifacts_solc::sources: error="C:/Users/Jorge/.codex/worktrees/omerta-rc1-closure/Omerta/omerta-contracts\lib/v4-core/src/test/PoolSwapTest.sol": The system cannot find the path specified. (os error 3)
2026-09-20T22:47:33.400586Z ERROR foundry_compilers_artifacts_solc::sources: error="C:/Users/Jorge/.codex/worktrees/omerta-rc1-closure/Omerta/omerta-contracts\lib/v4-core/src/libraries/TickMath.sol": The system cannot find the path specified. (os error 3)
2026-09-20T22:47:33.400969Z ERROR foundry_compilers_artifacts_solc::sources: error="C:/Users/Jorge/.codex/worktrees/omerta-rc1-closure/Omerta/omerta-contracts\lib/openzeppelin-contracts/token/ERC20/ERC20.sol": The system cannot find the path specified. (os error 3)
2026-09-20T22:47:33.402291Z ERROR foundry_compilers_artifacts_solc::sources: error="C:/Users/Jorge/.codex/worktrees/omerta-rc1-closure/Omerta/omerta-contracts\lib/v4-core/src/interfaces/IHooks.sol": The system cannot find the path specified. (os error 3)
2026-09-20T22:47:33.402602Z ERROR foundry_compilers_artifacts_solc::sources: error="C:/Users/Jorge/.codex/worktrees/omerta-rc1-closure/Omerta/omerta-contracts\lib/v4-core/src/types/PoolKey.sol": The system cannot find the path specified. (os error 3)
2026-09-20T22:47:33.402942Z ERROR foundry_compilers_artifacts_solc::sources: error="C:/Users/Jorge/.codex/worktrees/omerta-rc1-closure/Omerta/omerta-contracts\lib/v4-core/src/libraries/TickMath.sol": The system cannot find the path specified. (os error 3)
2026-09-20T22:47:33.403250Z ERROR foundry_compilers_artifacts_solc::sources: error="C:/Users/Jorge/.codex/worktrees/omerta-rc1-closure/Omerta/omerta-contracts\lib/v4-core/src/types/PoolOperation.sol": The system cannot find the path specified. (os error 3)
2026-09-20T22:47:33.404376Z ERROR foundry_compilers_artifacts_solc::sources: error="C:/Users/Jorge/.codex/worktrees/omerta-rc1-closure/Omerta/omerta-contracts\lib/v4-core/src/types/PoolOperation.sol": The system cannot find the path specified. (os error 3)
2026-09-20T22:47:33.404675Z ERROR foundry_compilers_artifacts_solc::sources: error="C:/Users/Jorge/.codex/worktrees/omerta-rc1-closure/Omerta/omerta-contracts\lib/v4-core/src/libraries/TickMath.sol": The system cannot find the path specified. (os error 3)
2026-09-20T22:47:33.405636Z ERROR foundry_compilers_artifacts_solc::sources: error="C:/Users/Jorge/.codex/worktrees/omerta-rc1-closure/Omerta/omerta-contracts\lib/openzeppelin-contracts/token/ERC20/ERC20.sol": The system cannot find the path specified. (os error 3)
2026-09-20T22:47:33.405941Z ERROR foundry_compilers_artifacts_solc::sources: error="C:/Users/Jorge/.codex/worktrees/omerta-rc1-closure/Omerta/omerta-contracts\lib/v4-core/src/interfaces/IPoolManager.sol": The system cannot find the path specified. (os error 3)
2026-09-20T22:47:33.406236Z ERROR foundry_compilers_artifacts_solc::sources: error="C:/Users/Jorge/.codex/worktrees/omerta-rc1-closure/Omerta/omerta-contracts\lib/v4-core/src/interfaces/IHooks.sol": The system cannot find the path specified. (os error 3)
2026-09-20T22:47:33.406537Z ERROR foundry_compilers_artifacts_solc::sources: error="C:/Users/Jorge/.codex/worktrees/omerta-rc1-closure/Omerta/omerta-contracts\lib/v4-core/src/libraries/Hooks.sol": The system cannot find the path specified. (os error 3)
2026-09-20T22:47:33.406835Z ERROR foundry_compilers_artifacts_solc::sources: error="C:/Users/Jorge/.codex/worktrees/omerta-rc1-closure/Omerta/omerta-contracts\lib/v4-core/src/libraries/StateLibrary.sol": The system cannot find the path specified. (os error 3)
2026-09-20T22:47:33.407144Z ERROR foundry_compilers_artifacts_solc::sources: error="C:/Users/Jorge/.codex/worktrees/omerta-rc1-closure/Omerta/omerta-contracts\lib/v4-core/src/libraries/TickMath.sol": The system cannot find the path specified. (os error 3)
2026-09-20T22:47:33.407441Z ERROR foundry_compilers_artifacts_solc::sources: error="C:/Users/Jorge/.codex/worktrees/omerta-rc1-closure/Omerta/omerta-contracts\lib/v4-core/src/types/PoolKey.sol": The system cannot find the path specified. (os error 3)
2026-09-20T22:47:33.407741Z ERROR foundry_compilers_artifacts_solc::sources: error="C:/Users/Jorge/.codex/worktrees/omerta-rc1-closure/Omerta/omerta-contracts\lib/v4-core/src/types/PoolId.sol": The system cannot find the path specified. (os error 3)
2026-09-20T22:47:33.408038Z ERROR foundry_compilers_artifacts_solc::sources: error="C:/Users/Jorge/.codex/worktrees/omerta-rc1-closure/Omerta/omerta-contracts\lib/v4-core/src/types/Currency.sol": The system cannot find the path specified. (os error 3)
2026-09-20T22:47:33.408335Z ERROR foundry_compilers_artifacts_solc::sources: error="C:/Users/Jorge/.codex/worktrees/omerta-rc1-closure/Omerta/omerta-contracts\lib/v4-core/src/types/BalanceDelta.sol": The system cannot find the path specified. (os error 3)
2026-09-20T22:47:33.408629Z ERROR foundry_compilers_artifacts_solc::sources: error="C:/Users/Jorge/.codex/worktrees/omerta-rc1-closure/Omerta/omerta-contracts\lib/v4-core/src/types/PoolOperation.sol": The system cannot find the path specified. (os error 3)
2026-09-20T22:47:33.408922Z ERROR foundry_compilers_artifacts_solc::sources: error="C:/Users/Jorge/.codex/worktrees/omerta-rc1-closure/Omerta/omerta-contracts\lib/v4-core/src/test/PoolSwapTest.sol": The system cannot find the path specified. (os error 3)
2026-09-20T22:47:33.409217Z ERROR foundry_compilers_artifacts_solc::sources: error="C:/Users/Jorge/.codex/worktrees/omerta-rc1-closure/Omerta/omerta-contracts\lib/v4-core/src/test/PoolModifyLiquidityTest.sol": The system cannot find the path specified. (os error 3)
2026-09-20T22:47:33.410713Z ERROR foundry_compilers_artifacts_solc::sources: error="C:/Users/Jorge/.codex/worktrees/omerta-rc1-closure/Omerta/omerta-contracts\lib/v4-core/src/interfaces/IPoolManager.sol": The system cannot find the path specified. (os error 3)
2026-09-20T22:47:33.411106Z ERROR foundry_compilers_artifacts_solc::sources: error="C:/Users/Jorge/.codex/worktrees/omerta-rc1-closure/Omerta/omerta-contracts\lib/v4-core/src/interfaces/IHooks.sol": The system cannot find the path specified. (os error 3)
2026-09-20T22:47:33.411451Z ERROR foundry_compilers_artifacts_solc::sources: error="C:/Users/Jorge/.codex/worktrees/omerta-rc1-closure/Omerta/omerta-contracts\lib/v4-core/src/types/PoolKey.sol": The system cannot find the path specified. (os error 3)
2026-09-20T22:47:33.411748Z ERROR foundry_compilers_artifacts_solc::sources: error="C:/Users/Jorge/.codex/worktrees/omerta-rc1-closure/Omerta/omerta-contracts\lib/v4-core/src/types/Currency.sol": The system cannot find the path specified. (os error 3)
2026-09-20T22:47:33.412694Z ERROR foundry_compilers_artifacts_solc::sources: error="C:/Users/Jorge/.codex/worktrees/omerta-rc1-closure/Omerta/omerta-contracts\lib/v4-core/src/interfaces/IPoolManager.sol": The system cannot find the path specified. (os error 3)
2026-09-20T22:47:33.413093Z ERROR foundry_compilers_artifacts_solc::sources: error="C:/Users/Jorge/.codex/worktrees/omerta-rc1-closure/Omerta/omerta-contracts\lib/v4-core/src/interfaces/IHooks.sol": The system cannot find the path specified. (os error 3)
2026-09-20T22:47:33.413403Z ERROR foundry_compilers_artifacts_solc::sources: error="C:/Users/Jorge/.codex/worktrees/omerta-rc1-closure/Omerta/omerta-contracts\lib/v4-core/src/types/PoolKey.sol": The system cannot find the path specified. (os error 3)
2026-09-20T22:47:33.413704Z ERROR foundry_compilers_artifacts_solc::sources: error="C:/Users/Jorge/.codex/worktrees/omerta-rc1-closure/Omerta/omerta-contracts\lib/v4-core/src/types/PoolId.sol": The system cannot find the path specified. (os error 3)
2026-09-20T22:47:33.414000Z ERROR foundry_compilers_artifacts_solc::sources: error="C:/Users/Jorge/.codex/worktrees/omerta-rc1-closure/Omerta/omerta-contracts\lib/v4-core/src/types/Currency.sol": The system cannot find the path specified. (os error 3)
2026-09-20T22:47:33.414295Z ERROR foundry_compilers_artifacts_solc::sources: error="C:/Users/Jorge/.codex/worktrees/omerta-rc1-closure/Omerta/omerta-contracts\lib/v4-core/src/types/PoolOperation.sol": The system cannot find the path specified. (os error 3)
2026-09-20T22:47:33.414594Z ERROR foundry_compilers_artifacts_solc::sources: error="C:/Users/Jorge/.codex/worktrees/omerta-rc1-closure/Omerta/omerta-contracts\lib/v4-core/src/test/PoolModifyLiquidityTest.sol": The system cannot find the path specified. (os error 3)
2026-09-20T22:47:33.414891Z ERROR foundry_compilers_artifacts_solc::sources: error="C:/Users/Jorge/.codex/worktrees/omerta-rc1-closure/Omerta/omerta-contracts\lib/v4-core/src/test/PoolSwapTest.sol": The system cannot find the path specified. (os error 3)
2026-09-20T22:47:33.415206Z ERROR foundry_compilers_artifacts_solc::sources: error="C:/Users/Jorge/.codex/worktrees/omerta-rc1-closure/Omerta/omerta-contracts\lib/v4-core/src/libraries/StateLibrary.sol": The system cannot find the path specified. (os error 3)
2026-09-20T22:47:33.415501Z ERROR foundry_compilers_artifacts_solc::sources: error="C:/Users/Jorge/.codex/worktrees/omerta-rc1-closure/Omerta/omerta-contracts\lib/v4-core/src/libraries/TickMath.sol": The system cannot find the path specified. (os error 3)
2026-09-20T22:47:33.415796Z ERROR foundry_compilers_artifacts_solc::sources: error="C:/Users/Jorge/.codex/worktrees/omerta-rc1-closure/Omerta/omerta-contracts\lib/v4-core/src/libraries/Hooks.sol": The system cannot find the path specified. (os error 3)
2026-09-20T22:47:33.417310Z ERROR foundry_compilers_artifacts_solc::sources: error="C:/Users/Jorge/.codex/worktrees/omerta-rc1-closure/Omerta/omerta-contracts\lib/v4-core/src/interfaces/IPoolManager.sol": The system cannot find the path specified. (os error 3)
2026-09-20T22:47:33.417610Z ERROR foundry_compilers_artifacts_solc::sources: error="C:/Users/Jorge/.codex/worktrees/omerta-rc1-closure/Omerta/omerta-contracts\lib/v4-core/src/types/PoolKey.sol": The system cannot find the path specified. (os error 3)
2026-09-20T22:47:33.417909Z ERROR foundry_compilers_artifacts_solc::sources: error="C:/Users/Jorge/.codex/worktrees/omerta-rc1-closure/Omerta/omerta-contracts\lib/v4-core/src/types/PoolId.sol": The system cannot find the path specified. (os error 3)
2026-09-20T22:47:33.418204Z ERROR foundry_compilers_artifacts_solc::sources: error="C:/Users/Jorge/.codex/worktrees/omerta-rc1-closure/Omerta/omerta-contracts\lib/v4-core/src/libraries/StateLibrary.sol": The system cannot find the path specified. (os error 3)
2026-09-20T22:47:33.418497Z ERROR foundry_compilers_artifacts_solc::sources: error="C:/Users/Jorge/.codex/worktrees/omerta-rc1-closure/Omerta/omerta-contracts\lib/v4-core/src/test/PoolSwapTest.sol": The system cannot find the path specified. (os error 3)
2026-09-20T22:47:33.418792Z ERROR foundry_compilers_artifacts_solc::sources: error="C:/Users/Jorge/.codex/worktrees/omerta-rc1-closure/Omerta/omerta-contracts\lib/v4-core/src/types/PoolOperation.sol": The system cannot find the path specified. (os error 3)
2026-09-20T22:47:33.419091Z ERROR foundry_compilers_artifacts_solc::sources: error="C:/Users/Jorge/.codex/worktrees/omerta-rc1-closure/Omerta/omerta-contracts\lib/v4-core/src/libraries/TickMath.sol": The system cannot find the path specified. (os error 3)
2026-09-20T22:47:33.420364Z ERROR foundry_compilers_artifacts_solc::sources: error="C:/Users/Jorge/.codex/worktrees/omerta-rc1-closure/Omerta/omerta-contracts\lib/openzeppelin-contracts/token/ERC20/ERC20.sol": The system cannot find the path specified. (os error 3)
2026-09-20T22:47:33.421631Z ERROR foundry_compilers_artifacts_solc::sources: error="C:/Users/Jorge/.codex/worktrees/omerta-rc1-closure/Omerta/omerta-contracts\lib/openzeppelin-contracts/utils/introspection/IERC165.sol": The system cannot find the path specified. (os error 3)
2026-09-20T22:47:33.422014Z ERROR foundry_compilers_artifacts_solc::sources: error="C:/Users/Jorge/.codex/worktrees/omerta-rc1-closure/Omerta/omerta-contracts\lib/openzeppelin-contracts/token/ERC721/IERC721.sol": The system cannot find the path specified. (os error 3)
2026-09-20T22:47:33.422395Z ERROR foundry_compilers_artifacts_solc::sources: error="C:/Users/Jorge/.codex/worktrees/omerta-rc1-closure/Omerta/omerta-contracts\lib/openzeppelin-contracts/interfaces/IERC1271.sol": The system cannot find the path specified. (os error 3)
2026-09-20T22:47:33.422768Z ERROR foundry_compilers_artifacts_solc::sources: error="C:/Users/Jorge/.codex/worktrees/omerta-rc1-closure/Omerta/omerta-contracts\lib/openzeppelin-contracts/utils/cryptography/SignatureChecker.sol": The system cannot find the path specified. (os error 3)
2026-09-20T22:47:33.554389Z ERROR foundry_compilers_artifacts_solc::sources: error="C:/Users/Jorge/.codex/worktrees/omerta-rc1-closure/Omerta/omerta-contracts/lib/openzeppelin-contracts\contracts/access/Ownable.sol": The system cannot find the path specified. (os error 3)
2026-09-20T22:47:33.554925Z ERROR foundry_compilers_artifacts_solc::sources: error="C:/Users/Jorge/.codex/worktrees/omerta-rc1-closure/Omerta/omerta-contracts/lib/openzeppelin-contracts\contracts/access/Ownable2Step.sol": The system cannot find the path specified. (os error 3)
2026-09-20T22:47:33.555249Z ERROR foundry_compilers_artifacts_solc::sources: error="C:/Users/Jorge/.codex/worktrees/omerta-rc1-closure/Omerta/omerta-contracts/lib/openzeppelin-contracts\contracts/utils/cryptography/EIP712.sol": The system cannot find the path specified. (os error 3)
2026-09-20T22:47:33.555570Z ERROR foundry_compilers_artifacts_solc::sources: error="C:/Users/Jorge/.codex/worktrees/omerta-rc1-closure/Omerta/omerta-contracts/lib/openzeppelin-contracts\contracts/utils/Pausable.sol": The system cannot find the path specified. (os error 3)
2026-09-20T22:47:33.555887Z ERROR foundry_compilers_artifacts_solc::sources: error="C:/Users/Jorge/.codex/worktrees/omerta-rc1-closure/Omerta/omerta-contracts/lib/openzeppelin-contracts\contracts/utils/ReentrancyGuard.sol": The system cannot find the path specified. (os error 3)
2026-09-20T22:47:33.556352Z ERROR foundry_compilers_artifacts_solc::sources: error="C:/Users/Jorge/.codex/worktrees/omerta-rc1-closure/Omerta/omerta-contracts/lib/openzeppelin-contracts\contracts/access/Ownable.sol": The system cannot find the path specified. (os error 3)
2026-09-20T22:47:33.556669Z ERROR foundry_compilers_artifacts_solc::sources: error="C:/Users/Jorge/.codex/worktrees/omerta-rc1-closure/Omerta/omerta-contracts/lib/openzeppelin-contracts\contracts/access/Ownable2Step.sol": The system cannot find the path specified. (os error 3)
2026-09-20T22:47:33.556975Z ERROR foundry_compilers_artifacts_solc::sources: error="C:/Users/Jorge/.codex/worktrees/omerta-rc1-closure/Omerta/omerta-contracts/lib/openzeppelin-contracts\contracts/utils/cryptography/EIP712.sol": The system cannot find the path specified. (os error 3)
2026-09-20T22:47:33.557286Z ERROR foundry_compilers_artifacts_solc::sources: error="C:/Users/Jorge/.codex/worktrees/omerta-rc1-closure/Omerta/omerta-contracts/lib/openzeppelin-contracts\contracts/utils/cryptography/ECDSA.sol": The system cannot find the path specified. (os error 3)
2026-09-20T22:47:33.557596Z ERROR foundry_compilers_artifacts_solc::sources: error="C:/Users/Jorge/.codex/worktrees/omerta-rc1-closure/Omerta/omerta-contracts/lib/openzeppelin-contracts\contracts/utils/Pausable.sol": The system cannot find the path specified. (os error 3)
2026-09-20T22:47:33.557900Z ERROR foundry_compilers_artifacts_solc::sources: error="C:/Users/Jorge/.codex/worktrees/omerta-rc1-closure/Omerta/omerta-contracts/lib/openzeppelin-contracts\contracts/utils/ReentrancyGuard.sol": The system cannot find the path specified. (os error 3)
2026-09-20T22:47:33.558467Z ERROR foundry_compilers_artifacts_solc::sources: error="C:/Users/Jorge/.codex/worktrees/omerta-rc1-closure/Omerta/omerta-contracts/lib/openzeppelin-contracts\contracts/utils/ReentrancyGuard.sol": The system cannot find the path specified. (os error 3)
2026-09-20T22:47:33.558779Z ERROR foundry_compilers_artifacts_solc::sources: error="C:/Users/Jorge/.codex/worktrees/omerta-rc1-closure/Omerta/omerta-contracts/lib/openzeppelin-contracts\contracts/interfaces/IERC20.sol": The system cannot find the path specified. (os error 3)
2026-09-20T22:47:33.559083Z ERROR foundry_compilers_artifacts_solc::sources: error="C:/Users/Jorge/.codex/worktrees/omerta-rc1-closure/Omerta/omerta-contracts/lib/openzeppelin-contracts\contracts/interfaces/IERC20Metadata.sol": The system cannot find the path specified. (os error 3)
2026-09-20T22:47:33.559392Z ERROR foundry_compilers_artifacts_solc::sources: error="C:/Users/Jorge/.codex/worktrees/omerta-rc1-closure/Omerta/omerta-contracts/lib/openzeppelin-contracts\contracts/interfaces/IERC4626.sol": The system cannot find the path specified. (os error 3)
2026-09-20T22:47:33.559770Z ERROR foundry_compilers_artifacts_solc::sources: error="C:/Users/Jorge/.codex/worktrees/omerta-rc1-closure/Omerta/omerta-contracts/lib/openzeppelin-contracts\contracts/token/ERC20/utils/SafeERC20.sol": The system cannot find the path specified. (os error 3)
2026-09-20T22:47:33.560079Z ERROR foundry_compilers_artifacts_solc::sources: error="C:/Users/Jorge/.codex/worktrees/omerta-rc1-closure/Omerta/omerta-contracts/lib/openzeppelin-contracts\contracts/access/Ownable.sol": The system cannot find the path specified. (os error 3)
2026-09-20T22:47:33.560384Z ERROR foundry_compilers_artifacts_solc::sources: error="C:/Users/Jorge/.codex/worktrees/omerta-rc1-closure/Omerta/omerta-contracts/lib/openzeppelin-contracts\contracts/access/Ownable2Step.sol": The system cannot find the path specified. (os error 3)
2026-09-20T22:47:33.560686Z ERROR foundry_compilers_artifacts_solc::sources: error="C:/Users/Jorge/.codex/worktrees/omerta-rc1-closure/Omerta/omerta-contracts/lib/openzeppelin-contracts\contracts/utils/ReentrancyGuard.sol": The system cannot find the path specified. (os error 3)
2026-09-20T22:47:33.561503Z ERROR foundry_compilers_artifacts_solc::sources: error="C:/Users/Jorge/.codex/worktrees/omerta-rc1-closure/Omerta/omerta-contracts/lib/openzeppelin-contracts\contracts/interfaces/IERC20.sol": The system cannot find the path specified. (os error 3)
2026-09-20T22:47:33.561844Z ERROR foundry_compilers_artifacts_solc::sources: error="C:/Users/Jorge/.codex/worktrees/omerta-rc1-closure/Omerta/omerta-contracts/lib/openzeppelin-contracts\contracts/token/ERC20/utils/SafeERC20.sol": The system cannot find the path specified. (os error 3)
2026-09-20T22:47:33.562152Z ERROR foundry_compilers_artifacts_solc::sources: error="C:/Users/Jorge/.codex/worktrees/omerta-rc1-closure/Omerta/omerta-contracts/lib/openzeppelin-contracts\contracts/access/Ownable2Step.sol": The system cannot find the path specified. (os error 3)
2026-09-20T22:47:33.562468Z ERROR foundry_compilers_artifacts_solc::sources: error="C:/Users/Jorge/.codex/worktrees/omerta-rc1-closure/Omerta/omerta-contracts/lib/openzeppelin-contracts\contracts/utils/Pausable.sol": The system cannot find the path specified. (os error 3)
2026-09-20T22:47:33.562780Z ERROR foundry_compilers_artifacts_solc::sources: error="C:/Users/Jorge/.codex/worktrees/omerta-rc1-closure/Omerta/omerta-contracts/lib/openzeppelin-contracts\contracts/utils/ReentrancyGuard.sol": The system cannot find the path specified. (os error 3)
2026-09-20T22:47:33.563089Z ERROR foundry_compilers_artifacts_solc::sources: error="C:/Users/Jorge/.codex/worktrees/omerta-rc1-closure/Omerta/omerta-contracts/lib/openzeppelin-contracts\contracts/utils/math/Math.sol": The system cannot find the path specified. (os error 3)
2026-09-20T22:47:33.563539Z ERROR foundry_compilers_artifacts_solc::sources: error="C:/Users/Jorge/.codex/worktrees/omerta-rc1-closure/Omerta/omerta-contracts/lib/openzeppelin-contracts\contracts/interfaces/IERC20.sol": The system cannot find the path specified. (os error 3)
2026-09-20T22:47:33.563844Z ERROR foundry_compilers_artifacts_solc::sources: error="C:/Users/Jorge/.codex/worktrees/omerta-rc1-closure/Omerta/omerta-contracts/lib/openzeppelin-contracts\contracts/interfaces/IERC4626.sol": The system cannot find the path specified. (os error 3)
2026-09-20T22:47:33.564152Z ERROR foundry_compilers_artifacts_solc::sources: error="C:/Users/Jorge/.codex/worktrees/omerta-rc1-closure/Omerta/omerta-contracts/lib/openzeppelin-contracts\contracts/token/ERC20/utils/SafeERC20.sol": The system cannot find the path specified. (os error 3)
2026-09-20T22:47:33.564462Z ERROR foundry_compilers_artifacts_solc::sources: error="C:/Users/Jorge/.codex/worktrees/omerta-rc1-closure/Omerta/omerta-contracts/lib/openzeppelin-contracts\contracts/token/ERC20/ERC20.sol": The system cannot find the path specified. (os error 3)
2026-09-20T22:47:33.564781Z ERROR foundry_compilers_artifacts_solc::sources: error="C:/Users/Jorge/.codex/worktrees/omerta-rc1-closure/Omerta/omerta-contracts/lib/openzeppelin-contracts\contracts/token/ERC20/extensions/ERC20Permit.sol": The system cannot find the path specified. (os error 3)
2026-09-20T22:47:33.565088Z ERROR foundry_compilers_artifacts_solc::sources: error="C:/Users/Jorge/.codex/worktrees/omerta-rc1-closure/Omerta/omerta-contracts/lib/openzeppelin-contracts\contracts/access/Ownable.sol": The system cannot find the path specified. (os error 3)
2026-09-20T22:47:33.565396Z ERROR foundry_compilers_artifacts_solc::sources: error="C:/Users/Jorge/.codex/worktrees/omerta-rc1-closure/Omerta/omerta-contracts/lib/openzeppelin-contracts\contracts/access/Ownable2Step.sol": The system cannot find the path specified. (os error 3)
2026-09-20T22:47:33.565719Z ERROR foundry_compilers_artifacts_solc::sources: error="C:/Users/Jorge/.codex/worktrees/omerta-rc1-closure/Omerta/omerta-contracts/lib/openzeppelin-contracts\contracts/token/ERC721/ERC721.sol": The system cannot find the path specified. (os error 3)
2026-09-20T22:47:33.566036Z ERROR foundry_compilers_artifacts_solc::sources: error="C:/Users/Jorge/.codex/worktrees/omerta-rc1-closure/Omerta/omerta-contracts/lib/openzeppelin-contracts\contracts/token/common/ERC2981.sol": The system cannot find the path specified. (os error 3)
2026-09-20T22:47:33.566348Z ERROR foundry_compilers_artifacts_solc::sources: error="C:/Users/Jorge/.codex/worktrees/omerta-rc1-closure/Omerta/omerta-contracts/lib/openzeppelin-contracts\contracts/utils/cryptography/EIP712.sol": The system cannot find the path specified. (os error 3)
2026-09-20T22:47:33.566657Z ERROR foundry_compilers_artifacts_solc::sources: error="C:/Users/Jorge/.codex/worktrees/omerta-rc1-closure/Omerta/omerta-contracts/lib/openzeppelin-contracts\contracts/utils/cryptography/ECDSA.sol": The system cannot find the path specified. (os error 3)
2026-09-20T22:47:33.566962Z ERROR foundry_compilers_artifacts_solc::sources: error="C:/Users/Jorge/.codex/worktrees/omerta-rc1-closure/Omerta/omerta-contracts/lib/openzeppelin-contracts\contracts/access/Ownable2Step.sol": The system cannot find the path specified. (os error 3)
2026-09-20T22:47:33.567265Z ERROR foundry_compilers_artifacts_solc::sources: error="C:/Users/Jorge/.codex/worktrees/omerta-rc1-closure/Omerta/omerta-contracts/lib/openzeppelin-contracts\contracts/utils/Pausable.sol": The system cannot find the path specified. (os error 3)
2026-09-20T22:47:33.567571Z ERROR foundry_compilers_artifacts_solc::sources: error="C:/Users/Jorge/.codex/worktrees/omerta-rc1-closure/Omerta/omerta-contracts/lib/openzeppelin-contracts\contracts/utils/ReentrancyGuard.sol": The system cannot find the path specified. (os error 3)
2026-09-20T22:47:33.567874Z ERROR foundry_compilers_artifacts_solc::sources: error="C:/Users/Jorge/.codex/worktrees/omerta-rc1-closure/Omerta/omerta-contracts/lib/openzeppelin-contracts\contracts/utils/Strings.sol": The system cannot find the path specified. (os error 3)
2026-09-20T22:47:33.568178Z ERROR foundry_compilers_artifacts_solc::sources: error="C:/Users/Jorge/.codex/worktrees/omerta-rc1-closure/Omerta/omerta-contracts/lib/openzeppelin-contracts\contracts/utils/ReentrancyGuard.sol": The system cannot find the path specified. (os error 3)
2026-09-20T22:47:33.568483Z ERROR foundry_compilers_artifacts_solc::sources: error="C:/Users/Jorge/.codex/worktrees/omerta-rc1-closure/Omerta/omerta-contracts/lib/openzeppelin-contracts\contracts/utils/math/Math.sol": The system cannot find the path specified. (os error 3)
2026-09-20T22:47:33.568790Z ERROR foundry_compilers_artifacts_solc::sources: error="C:/Users/Jorge/.codex/worktrees/omerta-rc1-closure/Omerta/omerta-contracts/lib/openzeppelin-contracts\contracts/token/ERC1155/ERC1155.sol": The system cannot find the path specified. (os error 3)
2026-09-20T22:47:33.569094Z ERROR foundry_compilers_artifacts_solc::sources: error="C:/Users/Jorge/.codex/worktrees/omerta-rc1-closure/Omerta/omerta-contracts/lib/openzeppelin-contracts\contracts/access/Ownable2Step.sol": The system cannot find the path specified. (os error 3)
2026-09-20T22:47:33.569404Z ERROR foundry_compilers_artifacts_solc::sources: error="C:/Users/Jorge/.codex/worktrees/omerta-rc1-closure/Omerta/omerta-contracts/lib/openzeppelin-contracts\contracts/utils/Strings.sol": The system cannot find the path specified. (os error 3)
2026-09-20T22:47:33.569708Z ERROR foundry_compilers_artifacts_solc::sources: error="C:/Users/Jorge/.codex/worktrees/omerta-rc1-closure/Omerta/omerta-contracts/lib/openzeppelin-contracts\contracts/utils/Base64.sol": The system cannot find the path specified. (os error 3)
2026-09-20T22:47:33.570011Z ERROR foundry_compilers_artifacts_solc::sources: error="C:/Users/Jorge/.codex/worktrees/omerta-rc1-closure/Omerta/omerta-contracts/lib/openzeppelin-contracts\contracts/access/Ownable2Step.sol": The system cannot find the path specified. (os error 3)
2026-09-20T22:47:33.570312Z ERROR foundry_compilers_artifacts_solc::sources: error="C:/Users/Jorge/.codex/worktrees/omerta-rc1-closure/Omerta/omerta-contracts/lib/openzeppelin-contracts\contracts/utils/ReentrancyGuard.sol": The system cannot find the path specified. (os error 3)
2026-09-20T22:47:33.570620Z ERROR foundry_compilers_artifacts_solc::sources: error="C:/Users/Jorge/.codex/worktrees/omerta-rc1-closure/Omerta/omerta-contracts/lib/openzeppelin-contracts\contracts/token/ERC20/IERC20.sol": The system cannot find the path specified. (os error 3)
2026-09-20T22:47:33.570922Z ERROR foundry_compilers_artifacts_solc::sources: error="C:/Users/Jorge/.codex/worktrees/omerta-rc1-closure/Omerta/omerta-contracts/lib/openzeppelin-contracts\contracts/token/ERC20/utils/SafeERC20.sol": The system cannot find the path specified. (os error 3)
2026-09-20T22:47:33.571498Z ERROR foundry_compilers_artifacts_solc::sources: error="C:/Users/Jorge/.codex/worktrees/omerta-rc1-closure/Omerta/omerta-contracts/lib/v4-core/src\types/PoolId.sol": The system cannot find the path specified. (os error 3)
2026-09-20T22:47:33.571809Z ERROR foundry_compilers_artifacts_solc::sources: error="C:/Users/Jorge/.codex/worktrees/omerta-rc1-closure/Omerta/omerta-contracts/lib/v4-core/src\types/PoolKey.sol": The system cannot find the path specified. (os error 3)
2026-09-20T22:47:33.572110Z ERROR foundry_compilers_artifacts_solc::sources: error="C:/Users/Jorge/.codex/worktrees/omerta-rc1-closure/Omerta/omerta-contracts/lib/v4-core/src\types/Currency.sol": The system cannot find the path specified. (os error 3)
2026-09-20T22:47:33.572413Z ERROR foundry_compilers_artifacts_solc::sources: error="C:/Users/Jorge/.codex/worktrees/omerta-rc1-closure/Omerta/omerta-contracts/lib/v4-core/src\interfaces/IHooks.sol": The system cannot find the path specified. (os error 3)
2026-09-20T22:47:33.572717Z ERROR foundry_compilers_artifacts_solc::sources: error="C:/Users/Jorge/.codex/worktrees/omerta-rc1-closure/Omerta/omerta-contracts/lib/openzeppelin-contracts\contracts/access/Ownable.sol": The system cannot find the path specified. (os error 3)
2026-09-20T22:47:33.573021Z ERROR foundry_compilers_artifacts_solc::sources: error="C:/Users/Jorge/.codex/worktrees/omerta-rc1-closure/Omerta/omerta-contracts/lib/openzeppelin-contracts\contracts/access/Ownable2Step.sol": The system cannot find the path specified. (os error 3)
2026-09-20T22:47:33.573453Z ERROR foundry_compilers_artifacts_solc::sources: error="C:/Users/Jorge/.codex/worktrees/omerta-rc1-closure/Omerta/omerta-contracts/lib/openzeppelin-contracts\contracts/token/ERC20/IERC20.sol": The system cannot find the path specified. (os error 3)
2026-09-20T22:47:33.573786Z ERROR foundry_compilers_artifacts_solc::sources: error="C:/Users/Jorge/.codex/worktrees/omerta-rc1-closure/Omerta/omerta-contracts/lib/openzeppelin-contracts\contracts/token/ERC20/utils/SafeERC20.sol": The system cannot find the path specified. (os error 3)
2026-09-20T22:47:33.574095Z ERROR foundry_compilers_artifacts_solc::sources: error="C:/Users/Jorge/.codex/worktrees/omerta-rc1-closure/Omerta/omerta-contracts/lib/openzeppelin-contracts\contracts/utils/ReentrancyGuard.sol": The system cannot find the path specified. (os error 3)
2026-09-20T22:47:33.574402Z ERROR foundry_compilers_artifacts_solc::sources: error="C:/Users/Jorge/.codex/worktrees/omerta-rc1-closure/Omerta/omerta-contracts/lib/v4-core/src\interfaces/IPoolManager.sol": The system cannot find the path specified. (os error 3)
2026-09-20T22:47:33.574707Z ERROR foundry_compilers_artifacts_solc::sources: error="C:/Users/Jorge/.codex/worktrees/omerta-rc1-closure/Omerta/omerta-contracts/lib/v4-core/src\types/PoolId.sol": The system cannot find the path specified. (os error 3)
2026-09-20T22:47:33.575024Z ERROR foundry_compilers_artifacts_solc::sources: error="C:/Users/Jorge/.codex/worktrees/omerta-rc1-closure/Omerta/omerta-contracts/lib/v4-core/src\libraries/StateLibrary.sol": The system cannot find the path specified. (os error 3)
2026-09-20T22:47:33.575342Z ERROR foundry_compilers_artifacts_solc::sources: error="C:/Users/Jorge/.codex/worktrees/omerta-rc1-closure/Omerta/omerta-contracts/lib/openzeppelin-contracts\contracts/access/Ownable2Step.sol": The system cannot find the path specified. (os error 3)
2026-09-20T22:47:33.575687Z ERROR foundry_compilers_artifacts_solc::sources: error="C:/Users/Jorge/.codex/worktrees/omerta-rc1-closure/Omerta/omerta-contracts/lib/openzeppelin-contracts\contracts/utils/Pausable.sol": The system cannot find the path specified. (os error 3)
2026-09-20T22:47:33.575999Z ERROR foundry_compilers_artifacts_solc::sources: error="C:/Users/Jorge/.codex/worktrees/omerta-rc1-closure/Omerta/omerta-contracts/lib/openzeppelin-contracts\contracts/utils/ReentrancyGuard.sol": The system cannot find the path specified. (os error 3)
2026-09-20T22:47:33.576310Z ERROR foundry_compilers_artifacts_solc::sources: error="C:/Users/Jorge/.codex/worktrees/omerta-rc1-closure/Omerta/omerta-contracts/lib/openzeppelin-contracts\contracts/utils/math/Math.sol": The system cannot find the path specified. (os error 3)
2026-09-20T22:47:33.576694Z ERROR foundry_compilers_artifacts_solc::sources: error="C:/Users/Jorge/.codex/worktrees/omerta-rc1-closure/Omerta/omerta-contracts/lib/openzeppelin-contracts\contracts/access/Ownable2Step.sol": The system cannot find the path specified. (os error 3)
2026-09-20T22:47:33.577025Z ERROR foundry_compilers_artifacts_solc::sources: error="C:/Users/Jorge/.codex/worktrees/omerta-rc1-closure/Omerta/omerta-contracts/lib/openzeppelin-contracts\contracts/utils/Pausable.sol": The system cannot find the path specified. (os error 3)
2026-09-20T22:47:33.577379Z ERROR foundry_compilers_artifacts_solc::sources: error="C:/Users/Jorge/.codex/worktrees/omerta-rc1-closure/Omerta/omerta-contracts/lib/openzeppelin-contracts\contracts/utils/ReentrancyGuard.sol": The system cannot find the path specified. (os error 3)
2026-09-20T22:47:33.577783Z ERROR foundry_compilers_artifacts_solc::sources: error="C:/Users/Jorge/.codex/worktrees/omerta-rc1-closure/Omerta/omerta-contracts/lib/openzeppelin-contracts\contracts/token/ERC20/IERC20.sol": The system cannot find the path specified. (os error 3)
2026-09-20T22:47:33.578101Z ERROR foundry_compilers_artifacts_solc::sources: error="C:/Users/Jorge/.codex/worktrees/omerta-rc1-closure/Omerta/omerta-contracts/lib/openzeppelin-contracts\contracts/token/ERC20/utils/SafeERC20.sol": The system cannot find the path specified. (os error 3)
2026-09-20T22:47:33.578418Z ERROR foundry_compilers_artifacts_solc::sources: error="C:/Users/Jorge/.codex/worktrees/omerta-rc1-closure/Omerta/omerta-contracts/lib/openzeppelin-contracts\contracts/utils/math/Math.sol": The system cannot find the path specified. (os error 3)
2026-09-20T22:47:33.578724Z ERROR foundry_compilers_artifacts_solc::sources: error="C:/Users/Jorge/.codex/worktrees/omerta-rc1-closure/Omerta/omerta-contracts/lib/v4-core/src\interfaces/IPoolManager.sol": The system cannot find the path specified. (os error 3)
2026-09-20T22:47:33.579039Z ERROR foundry_compilers_artifacts_solc::sources: error="C:/Users/Jorge/.codex/worktrees/omerta-rc1-closure/Omerta/omerta-contracts/lib/v4-core/src\interfaces/callback/IUnlockCallback.sol": The system cannot find the path specified. (os error 3)
2026-09-20T22:47:33.579352Z ERROR foundry_compilers_artifacts_solc::sources: error="C:/Users/Jorge/.codex/worktrees/omerta-rc1-closure/Omerta/omerta-contracts/lib/v4-core/src\types/PoolKey.sol": The system cannot find the path specified. (os error 3)
2026-09-20T22:47:33.579661Z ERROR foundry_compilers_artifacts_solc::sources: error="C:/Users/Jorge/.codex/worktrees/omerta-rc1-closure/Omerta/omerta-contracts/lib/v4-core/src\types/PoolId.sol": The system cannot find the path specified. (os error 3)
2026-09-20T22:47:33.579963Z ERROR foundry_compilers_artifacts_solc::sources: error="C:/Users/Jorge/.codex/worktrees/omerta-rc1-closure/Omerta/omerta-contracts/lib/v4-core/src\types/Currency.sol": The system cannot find the path specified. (os error 3)
2026-09-20T22:47:33.580278Z ERROR foundry_compilers_artifacts_solc::sources: error="C:/Users/Jorge/.codex/worktrees/omerta-rc1-closure/Omerta/omerta-contracts/lib/v4-core/src\types/BalanceDelta.sol": The system cannot find the path specified. (os error 3)
2026-09-20T22:47:33.580603Z ERROR foundry_compilers_artifacts_solc::sources: error="C:/Users/Jorge/.codex/worktrees/omerta-rc1-closure/Omerta/omerta-contracts/lib/v4-core/src\types/PoolOperation.sol": The system cannot find the path specified. (os error 3)
2026-09-20T22:47:33.580905Z ERROR foundry_compilers_artifacts_solc::sources: error="C:/Users/Jorge/.codex/worktrees/omerta-rc1-closure/Omerta/omerta-contracts/lib/v4-core/src\libraries/TickMath.sol": The system cannot find the path specified. (os error 3)
2026-09-20T22:47:33.581513Z ERROR foundry_compilers_artifacts_solc::sources: error="C:/Users/Jorge/.codex/worktrees/omerta-rc1-closure/Omerta/omerta-contracts/lib/openzeppelin-contracts\contracts/token/ERC20/ERC20.sol": The system cannot find the path specified. (os error 3)
2026-09-20T22:47:33.581824Z ERROR foundry_compilers_artifacts_solc::sources: error="C:/Users/Jorge/.codex/worktrees/omerta-rc1-closure/Omerta/omerta-contracts/lib/openzeppelin-contracts\contracts/token/ERC20/extensions/ERC20Permit.sol": The system cannot find the path specified. (os error 3)
2026-09-20T22:47:33.582127Z ERROR foundry_compilers_artifacts_solc::sources: error="C:/Users/Jorge/.codex/worktrees/omerta-rc1-closure/Omerta/omerta-contracts/lib/openzeppelin-contracts\contracts/access/Ownable.sol": The system cannot find the path specified. (os error 3)
2026-09-20T22:47:33.582429Z ERROR foundry_compilers_artifacts_solc::sources: error="C:/Users/Jorge/.codex/worktrees/omerta-rc1-closure/Omerta/omerta-contracts/lib/openzeppelin-contracts\contracts/access/Ownable2Step.sol": The system cannot find the path specified. (os error 3)
2026-09-20T22:47:33.582732Z ERROR foundry_compilers_artifacts_solc::sources: error="C:/Users/Jorge/.codex/worktrees/omerta-rc1-closure/Omerta/omerta-contracts/lib/openzeppelin-contracts\contracts/token/ERC20/utils/SafeERC20.sol": The system cannot find the path specified. (os error 3)
2026-09-20T22:47:33.583031Z ERROR foundry_compilers_artifacts_solc::sources: error="C:/Users/Jorge/.codex/worktrees/omerta-rc1-closure/Omerta/omerta-contracts/lib/openzeppelin-contracts\contracts/token/ERC20/IERC20.sol": The system cannot find the path specified. (os error 3)
2026-09-20T22:47:33.583326Z ERROR foundry_compilers_artifacts_solc::sources: error="C:/Users/Jorge/.codex/worktrees/omerta-rc1-closure/Omerta/omerta-contracts/lib/openzeppelin-contracts\contracts/access/Ownable2Step.sol": The system cannot find the path specified. (os error 3)
2026-09-20T22:47:33.583634Z ERROR foundry_compilers_artifacts_solc::sources: error="C:/Users/Jorge/.codex/worktrees/omerta-rc1-closure/Omerta/omerta-contracts/lib/openzeppelin-contracts\contracts/utils/ReentrancyGuard.sol": The system cannot find the path specified. (os error 3)
2026-09-20T22:47:33.583944Z ERROR foundry_compilers_artifacts_solc::sources: error="C:/Users/Jorge/.codex/worktrees/omerta-rc1-closure/Omerta/omerta-contracts/lib/openzeppelin-contracts\contracts/utils/cryptography/EIP712.sol": The system cannot find the path specified. (os error 3)
2026-09-20T22:47:33.584248Z ERROR foundry_compilers_artifacts_solc::sources: error="C:/Users/Jorge/.codex/worktrees/omerta-rc1-closure/Omerta/omerta-contracts/lib/openzeppelin-contracts\contracts/utils/cryptography/ECDSA.sol": The system cannot find the path specified. (os error 3)
2026-09-20T22:47:33.584554Z ERROR foundry_compilers_artifacts_solc::sources: error="C:/Users/Jorge/.codex/worktrees/omerta-rc1-closure/Omerta/omerta-contracts/lib/openzeppelin-contracts\contracts/token/ERC20/utils/SafeERC20.sol": The system cannot find the path specified. (os error 3)
2026-09-20T22:47:33.584856Z ERROR foundry_compilers_artifacts_solc::sources: error="C:/Users/Jorge/.codex/worktrees/omerta-rc1-closure/Omerta/omerta-contracts/lib/openzeppelin-contracts\contracts/token/ERC20/IERC20.sol": The system cannot find the path specified. (os error 3)
2026-09-20T22:47:33.585169Z ERROR foundry_compilers_artifacts_solc::sources: error="C:/Users/Jorge/.codex/worktrees/omerta-rc1-closure/Omerta/omerta-contracts/lib/openzeppelin-contracts\contracts/access/Ownable2Step.sol": The system cannot find the path specified. (os error 3)
2026-09-20T22:47:33.585479Z ERROR foundry_compilers_artifacts_solc::sources: error="C:/Users/Jorge/.codex/worktrees/omerta-rc1-closure/Omerta/omerta-contracts/lib/openzeppelin-contracts\contracts/utils/Pausable.sol": The system cannot find the path specified. (os error 3)
2026-09-20T22:47:33.585785Z ERROR foundry_compilers_artifacts_solc::sources: error="C:/Users/Jorge/.codex/worktrees/omerta-rc1-closure/Omerta/omerta-contracts/lib/openzeppelin-contracts\contracts/utils/ReentrancyGuard.sol": The system cannot find the path specified. (os error 3)
2026-09-20T22:47:33.586337Z ERROR foundry_compilers_artifacts_solc::sources: error="C:/Users/Jorge/.codex/worktrees/omerta-rc1-closure/Omerta/omerta-contracts/lib/openzeppelin-contracts\contracts/access/Ownable2Step.sol": The system cannot find the path specified. (os error 3)
2026-09-20T22:47:33.586645Z ERROR foundry_compilers_artifacts_solc::sources: error="C:/Users/Jorge/.codex/worktrees/omerta-rc1-closure/Omerta/omerta-contracts/lib/openzeppelin-contracts\contracts/utils/ReentrancyGuard.sol": The system cannot find the path specified. (os error 3)
2026-09-20T22:47:33.587085Z ERROR foundry_compilers_artifacts_solc::sources: error="C:/Users/Jorge/.codex/worktrees/omerta-rc1-closure/Omerta/omerta-contracts/lib/openzeppelin-contracts\contracts/access/Ownable.sol": The system cannot find the path specified. (os error 3)
2026-09-20T22:47:33.587388Z ERROR foundry_compilers_artifacts_solc::sources: error="C:/Users/Jorge/.codex/worktrees/omerta-rc1-closure/Omerta/omerta-contracts/lib/openzeppelin-contracts\contracts/access/Ownable2Step.sol": The system cannot find the path specified. (os error 3)
2026-09-20T22:47:33.587693Z ERROR foundry_compilers_artifacts_solc::sources: error="C:/Users/Jorge/.codex/worktrees/omerta-rc1-closure/Omerta/omerta-contracts/lib/openzeppelin-contracts\contracts/utils/introspection/IERC165.sol": The system cannot find the path specified. (os error 3)
2026-09-20T22:47:33.587998Z ERROR foundry_compilers_artifacts_solc::sources: error="C:/Users/Jorge/.codex/worktrees/omerta-rc1-closure/Omerta/omerta-contracts/lib/v4-core/src\interfaces/IHooks.sol": The system cannot find the path specified. (os error 3)
2026-09-20T22:47:33.588299Z ERROR foundry_compilers_artifacts_solc::sources: error="C:/Users/Jorge/.codex/worktrees/omerta-rc1-closure/Omerta/omerta-contracts/lib/v4-core/src\interfaces/IPoolManager.sol": The system cannot find the path specified. (os error 3)
2026-09-20T22:47:33.588599Z ERROR foundry_compilers_artifacts_solc::sources: error="C:/Users/Jorge/.codex/worktrees/omerta-rc1-closure/Omerta/omerta-contracts/lib/v4-core/src\libraries/Hooks.sol": The system cannot find the path specified. (os error 3)
2026-09-20T22:47:33.588901Z ERROR foundry_compilers_artifacts_solc::sources: error="C:/Users/Jorge/.codex/worktrees/omerta-rc1-closure/Omerta/omerta-contracts/lib/v4-core/src\types/PoolKey.sol": The system cannot find the path specified. (os error 3)
2026-09-20T22:47:33.589198Z ERROR foundry_compilers_artifacts_solc::sources: error="C:/Users/Jorge/.codex/worktrees/omerta-rc1-closure/Omerta/omerta-contracts/lib/v4-core/src\types/PoolId.sol": The system cannot find the path specified. (os error 3)
2026-09-20T22:47:33.589503Z ERROR foundry_compilers_artifacts_solc::sources: error="C:/Users/Jorge/.codex/worktrees/omerta-rc1-closure/Omerta/omerta-contracts/lib/v4-core/src\types/Currency.sol": The system cannot find the path specified. (os error 3)
2026-09-20T22:47:33.589801Z ERROR foundry_compilers_artifacts_solc::sources: error="C:/Users/Jorge/.codex/worktrees/omerta-rc1-closure/Omerta/omerta-contracts/lib/v4-core/src\types/BalanceDelta.sol": The system cannot find the path specified. (os error 3)
2026-09-20T22:47:33.590099Z ERROR foundry_compilers_artifacts_solc::sources: error="C:/Users/Jorge/.codex/worktrees/omerta-rc1-closure/Omerta/omerta-contracts/lib/v4-core/src\types/BeforeSwapDelta.sol": The system cannot find the path specified. (os error 3)
2026-09-20T22:47:33.590400Z ERROR foundry_compilers_artifacts_solc::sources: error="C:/Users/Jorge/.codex/worktrees/omerta-rc1-closure/Omerta/omerta-contracts/lib/v4-core/src\types/PoolOperation.sol": The system cannot find the path specified. (os error 3)
2026-09-20T22:47:33.590703Z ERROR foundry_compilers_artifacts_solc::sources: error="C:/Users/Jorge/.codex/worktrees/omerta-rc1-closure/Omerta/omerta-contracts/lib/v4-core/src\libraries/StateLibrary.sol": The system cannot find the path specified. (os error 3)
2026-09-20T22:47:33.591368Z ERROR foundry_compilers_artifacts_solc::sources: error="C:/Users/Jorge/.codex/worktrees/omerta-rc1-closure/Omerta/omerta-contracts/lib/openzeppelin-contracts\contracts/utils/math/Math.sol": The system cannot find the path specified. (os error 3)
2026-09-20T22:47:33.591677Z ERROR foundry_compilers_artifacts_solc::sources: error="C:/Users/Jorge/.codex/worktrees/omerta-rc1-closure/Omerta/omerta-contracts/lib/openzeppelin-contracts\contracts/token/ERC20/extensions/IERC20Metadata.sol": The system cannot find the path specified. (os error 3)
2026-09-20T22:47:33.591983Z ERROR foundry_compilers_artifacts_solc::sources: error="C:/Users/Jorge/.codex/worktrees/omerta-rc1-closure/Omerta/omerta-contracts/lib/openzeppelin-contracts\contracts/access/Ownable2Step.sol": The system cannot find the path specified. (os error 3)
2026-09-20T22:47:33.592340Z ERROR foundry_compilers_artifacts_solc::sources: error="C:/Users/Jorge/.codex/worktrees/omerta-rc1-closure/Omerta/omerta-contracts/lib/openzeppelin-contracts\contracts/token/ERC20/extensions/IERC20Metadata.sol": The system cannot find the path specified. (os error 3)
2026-09-20T22:47:33.592648Z ERROR foundry_compilers_artifacts_solc::sources: error="C:/Users/Jorge/.codex/worktrees/omerta-rc1-closure/Omerta/omerta-contracts/lib/openzeppelin-contracts\contracts/utils/introspection/IERC165.sol": The system cannot find the path specified. (os error 3)
2026-09-20T22:47:33.592949Z ERROR foundry_compilers_artifacts_solc::sources: error="C:/Users/Jorge/.codex/worktrees/omerta-rc1-closure/Omerta/omerta-contracts/lib/openzeppelin-contracts\contracts/utils/math/Math.sol": The system cannot find the path specified. (os error 3)
2026-09-20T22:47:33.593413Z ERROR foundry_compilers_artifacts_solc::sources: error="C:/Users/Jorge/.codex/worktrees/omerta-rc1-closure/Omerta/omerta-contracts/lib/v4-core/src\interfaces/IHooks.sol": The system cannot find the path specified. (os error 3)
2026-09-20T22:47:33.593795Z ERROR foundry_compilers_artifacts_solc::sources: error="C:/Users/Jorge/.codex/worktrees/omerta-rc1-closure/Omerta/omerta-contracts/lib/v4-core/src\interfaces/IPoolManager.sol": The system cannot find the path specified. (os error 3)
2026-09-20T22:47:33.594164Z ERROR foundry_compilers_artifacts_solc::sources: error="C:/Users/Jorge/.codex/worktrees/omerta-rc1-closure/Omerta/omerta-contracts/lib/v4-core/src\libraries/TickMath.sol": The system cannot find the path specified. (os error 3)
2026-09-20T22:47:33.594518Z ERROR foundry_compilers_artifacts_solc::sources: error="C:/Users/Jorge/.codex/worktrees/omerta-rc1-closure/Omerta/omerta-contracts/lib/v4-core/src\types/Currency.sol": The system cannot find the path specified. (os error 3)
2026-09-20T22:47:33.594884Z ERROR foundry_compilers_artifacts_solc::sources: error="C:/Users/Jorge/.codex/worktrees/omerta-rc1-closure/Omerta/omerta-contracts/lib/v4-core/src\types/PoolId.sol": The system cannot find the path specified. (os error 3)
2026-09-20T22:47:33.595232Z ERROR foundry_compilers_artifacts_solc::sources: error="C:/Users/Jorge/.codex/worktrees/omerta-rc1-closure/Omerta/omerta-contracts/lib/v4-core/src\types/PoolKey.sol": The system cannot find the path specified. (os error 3)
2026-09-20T22:47:33.595942Z ERROR foundry_compilers_artifacts_solc::sources: error="C:/Users/Jorge/.codex/worktrees/omerta-rc1-closure/Omerta/omerta-contracts/lib/openzeppelin-contracts\contracts/access/Ownable.sol": The system cannot find the path specified. (os error 3)
2026-09-20T22:47:33.596249Z ERROR foundry_compilers_artifacts_solc::sources: error="C:/Users/Jorge/.codex/worktrees/omerta-rc1-closure/Omerta/omerta-contracts/lib/openzeppelin-contracts\contracts/access/Ownable2Step.sol": The system cannot find the path specified. (os error 3)
2026-09-20T22:47:33.596553Z ERROR foundry_compilers_artifacts_solc::sources: error="C:/Users/Jorge/.codex/worktrees/omerta-rc1-closure/Omerta/omerta-contracts/lib/openzeppelin-contracts\contracts/utils/ReentrancyGuard.sol": The system cannot find the path specified. (os error 3)
2026-09-20T22:47:33.596860Z ERROR foundry_compilers_artifacts_solc::sources: error="C:/Users/Jorge/.codex/worktrees/omerta-rc1-closure/Omerta/omerta-contracts/lib/openzeppelin-contracts\contracts/token/ERC20/IERC20.sol": The system cannot find the path specified. (os error 3)
2026-09-20T22:47:33.597170Z ERROR foundry_compilers_artifacts_solc::sources: error="C:/Users/Jorge/.codex/worktrees/omerta-rc1-closure/Omerta/omerta-contracts/lib/openzeppelin-contracts\contracts/token/ERC20/extensions/IERC20Metadata.sol": The system cannot find the path specified. (os error 3)
2026-09-20T22:47:33.597477Z ERROR foundry_compilers_artifacts_solc::sources: error="C:/Users/Jorge/.codex/worktrees/omerta-rc1-closure/Omerta/omerta-contracts/lib/openzeppelin-contracts\contracts/token/ERC20/utils/SafeERC20.sol": The system cannot find the path specified. (os error 3)
2026-09-20T22:47:33.597779Z ERROR foundry_compilers_artifacts_solc::sources: error="C:/Users/Jorge/.codex/worktrees/omerta-rc1-closure/Omerta/omerta-contracts/lib/openzeppelin-contracts\contracts/token/ERC721/IERC721Receiver.sol": The system cannot find the path specified. (os error 3)
2026-09-20T22:47:33.598082Z ERROR foundry_compilers_artifacts_solc::sources: error="C:/Users/Jorge/.codex/worktrees/omerta-rc1-closure/Omerta/omerta-contracts/lib/v4-core/src\interfaces/IPoolManager.sol": The system cannot find the path specified. (os error 3)
2026-09-20T22:47:33.598388Z ERROR foundry_compilers_artifacts_solc::sources: error="C:/Users/Jorge/.codex/worktrees/omerta-rc1-closure/Omerta/omerta-contracts/lib/v4-core/src\types/PoolKey.sol": The system cannot find the path specified. (os error 3)
2026-09-20T22:47:33.598689Z ERROR foundry_compilers_artifacts_solc::sources: error="C:/Users/Jorge/.codex/worktrees/omerta-rc1-closure/Omerta/omerta-contracts/lib/v4-core/src\types/PoolId.sol": The system cannot find the path specified. (os error 3)
2026-09-20T22:47:33.598985Z ERROR foundry_compilers_artifacts_solc::sources: error="C:/Users/Jorge/.codex/worktrees/omerta-rc1-closure/Omerta/omerta-contracts/lib/v4-core/src\types/Currency.sol": The system cannot find the path specified. (os error 3)
2026-09-20T22:47:33.599288Z ERROR foundry_compilers_artifacts_solc::sources: error="C:/Users/Jorge/.codex/worktrees/omerta-rc1-closure/Omerta/omerta-contracts/lib/v4-core/src\libraries/StateLibrary.sol": The system cannot find the path specified. (os error 3)
2026-09-20T22:47:33.599584Z ERROR foundry_compilers_artifacts_solc::sources: error="C:/Users/Jorge/.codex/worktrees/omerta-rc1-closure/Omerta/omerta-contracts/lib/v4-core/src\libraries/TickMath.sol": The system cannot find the path specified. (os error 3)
2026-09-20T22:47:33.599878Z ERROR foundry_compilers_artifacts_solc::sources: error="C:/Users/Jorge/.codex/worktrees/omerta-rc1-closure/Omerta/omerta-contracts/lib/v4-core/src\libraries/FullMath.sol": The system cannot find the path specified. (os error 3)
2026-09-20T22:47:33.600173Z ERROR foundry_compilers_artifacts_solc::sources: error="C:/Users/Jorge/.codex/worktrees/omerta-rc1-closure/Omerta/omerta-contracts/lib/v4-core/src\libraries/Hooks.sol": The system cannot find the path specified. (os error 3)
2026-09-20T22:47:33.600470Z ERROR foundry_compilers_artifacts_solc::sources: error="C:/Users/Jorge/.codex/worktrees/omerta-rc1-closure/Omerta/omerta-contracts/lib/permit2\src/interfaces/IAllowanceTransfer.sol": The system cannot find the path specified. (os error 3)
2026-09-20T22:47:33.601498Z ERROR foundry_compilers_artifacts_solc::sources: error="C:/Users/Jorge/.codex/worktrees/omerta-rc1-closure/Omerta/omerta-contracts/lib/openzeppelin-contracts\contracts/token/ERC20/IERC20.sol": The system cannot find the path specified. (os error 3)
2026-09-20T22:47:33.601803Z ERROR foundry_compilers_artifacts_solc::sources: error="C:/Users/Jorge/.codex/worktrees/omerta-rc1-closure/Omerta/omerta-contracts/lib/openzeppelin-contracts\contracts/token/ERC20/utils/SafeERC20.sol": The system cannot find the path specified. (os error 3)
2026-09-20T22:47:33.602104Z ERROR foundry_compilers_artifacts_solc::sources: error="C:/Users/Jorge/.codex/worktrees/omerta-rc1-closure/Omerta/omerta-contracts/lib/openzeppelin-contracts\contracts/access/Ownable2Step.sol": The system cannot find the path specified. (os error 3)
2026-09-20T22:47:33.602406Z ERROR foundry_compilers_artifacts_solc::sources: error="C:/Users/Jorge/.codex/worktrees/omerta-rc1-closure/Omerta/omerta-contracts/lib/openzeppelin-contracts\contracts/utils/Pausable.sol": The system cannot find the path specified. (os error 3)
2026-09-20T22:47:33.602711Z ERROR foundry_compilers_artifacts_solc::sources: error="C:/Users/Jorge/.codex/worktrees/omerta-rc1-closure/Omerta/omerta-contracts/lib/openzeppelin-contracts\contracts/utils/ReentrancyGuard.sol": The system cannot find the path specified. (os error 3)
2026-09-20T22:47:33.603012Z ERROR foundry_compilers_artifacts_solc::sources: error="C:/Users/Jorge/.codex/worktrees/omerta-rc1-closure/Omerta/omerta-contracts/lib/openzeppelin-contracts\contracts/access/Ownable.sol": The system cannot find the path specified. (os error 3)
2026-09-20T22:47:33.603310Z ERROR foundry_compilers_artifacts_solc::sources: error="C:/Users/Jorge/.codex/worktrees/omerta-rc1-closure/Omerta/omerta-contracts/lib/openzeppelin-contracts\contracts/access/Ownable2Step.sol": The system cannot find the path specified. (os error 3)
2026-09-20T22:47:33.603609Z ERROR foundry_compilers_artifacts_solc::sources: error="C:/Users/Jorge/.codex/worktrees/omerta-rc1-closure/Omerta/omerta-contracts/lib/openzeppelin-contracts\contracts/utils/Pausable.sol": The system cannot find the path specified. (os error 3)
2026-09-20T22:47:33.603910Z ERROR foundry_compilers_artifacts_solc::sources: error="C:/Users/Jorge/.codex/worktrees/omerta-rc1-closure/Omerta/omerta-contracts/lib/openzeppelin-contracts\contracts/utils/ReentrancyGuard.sol": The system cannot find the path specified. (os error 3)
2026-09-20T22:47:33.604355Z ERROR foundry_compilers_artifacts_solc::sources: error="C:/Users/Jorge/.codex/worktrees/omerta-rc1-closure/Omerta/omerta-contracts/lib/openzeppelin-contracts\contracts/access/Ownable2Step.sol": The system cannot find the path specified. (os error 3)
2026-09-20T22:47:33.604699Z ERROR foundry_compilers_artifacts_solc::sources: error="C:/Users/Jorge/.codex/worktrees/omerta-rc1-closure/Omerta/omerta-contracts/lib/openzeppelin-contracts\contracts/access/Ownable2Step.sol": The system cannot find the path specified. (os error 3)
2026-09-20T22:47:33.605027Z ERROR foundry_compilers_artifacts_solc::sources: error="C:/Users/Jorge/.codex/worktrees/omerta-rc1-closure/Omerta/omerta-contracts/lib/openzeppelin-contracts\contracts/token/ERC20/extensions/IERC20Metadata.sol": The system cannot find the path specified. (os error 3)
2026-09-20T22:47:33.605473Z ERROR foundry_compilers_artifacts_solc::sources: error="C:/Users/Jorge/.codex/worktrees/omerta-rc1-closure/Omerta/omerta-contracts/lib/openzeppelin-contracts\contracts/token/ERC20/utils/SafeERC20.sol": The system cannot find the path specified. (os error 3)
2026-09-20T22:47:33.605776Z ERROR foundry_compilers_artifacts_solc::sources: error="C:/Users/Jorge/.codex/worktrees/omerta-rc1-closure/Omerta/omerta-contracts/lib/openzeppelin-contracts\contracts/token/ERC20/IERC20.sol": The system cannot find the path specified. (os error 3)
2026-09-20T22:47:33.606077Z ERROR foundry_compilers_artifacts_solc::sources: error="C:/Users/Jorge/.codex/worktrees/omerta-rc1-closure/Omerta/omerta-contracts/lib/openzeppelin-contracts\contracts/access/Ownable2Step.sol": The system cannot find the path specified. (os error 3)
2026-09-20T22:47:33.606384Z ERROR foundry_compilers_artifacts_solc::sources: error="C:/Users/Jorge/.codex/worktrees/omerta-rc1-closure/Omerta/omerta-contracts/lib/openzeppelin-contracts\contracts/utils/Pausable.sol": The system cannot find the path specified. (os error 3)
2026-09-20T22:47:33.606681Z ERROR foundry_compilers_artifacts_solc::sources: error="C:/Users/Jorge/.codex/worktrees/omerta-rc1-closure/Omerta/omerta-contracts/lib/openzeppelin-contracts\contracts/utils/ReentrancyGuard.sol": The system cannot find the path specified. (os error 3)
2026-09-20T22:47:33.606983Z ERROR foundry_compilers_artifacts_solc::sources: error="C:/Users/Jorge/.codex/worktrees/omerta-rc1-closure/Omerta/omerta-contracts/lib/openzeppelin-contracts\contracts/utils/cryptography/EIP712.sol": The system cannot find the path specified. (os error 3)
2026-09-20T22:47:33.607297Z ERROR foundry_compilers_artifacts_solc::sources: error="C:/Users/Jorge/.codex/worktrees/omerta-rc1-closure/Omerta/omerta-contracts/lib/openzeppelin-contracts\contracts/utils/cryptography/ECDSA.sol": The system cannot find the path specified. (os error 3)
2026-09-20T22:47:33.607599Z ERROR foundry_compilers_artifacts_solc::sources: error="C:/Users/Jorge/.codex/worktrees/omerta-rc1-closure/Omerta/omerta-contracts/lib/openzeppelin-contracts\contracts/token/ERC721/ERC721.sol": The system cannot find the path specified. (os error 3)
2026-09-20T22:47:33.607907Z ERROR foundry_compilers_artifacts_solc::sources: error="C:/Users/Jorge/.codex/worktrees/omerta-rc1-closure/Omerta/omerta-contracts/lib/openzeppelin-contracts\contracts/utils/cryptography/EIP712.sol": The system cannot find the path specified. (os error 3)
2026-09-20T22:47:33.608207Z ERROR foundry_compilers_artifacts_solc::sources: error="C:/Users/Jorge/.codex/worktrees/omerta-rc1-closure/Omerta/omerta-contracts/lib/openzeppelin-contracts\contracts/utils/cryptography/ECDSA.sol": The system cannot find the path specified. (os error 3)
2026-09-20T22:47:33.608511Z ERROR foundry_compilers_artifacts_solc::sources: error="C:/Users/Jorge/.codex/worktrees/omerta-rc1-closure/Omerta/omerta-contracts/lib/openzeppelin-contracts\contracts/access/Ownable2Step.sol": The system cannot find the path specified. (os error 3)
2026-09-20T22:47:33.608809Z ERROR foundry_compilers_artifacts_solc::sources: error="C:/Users/Jorge/.codex/worktrees/omerta-rc1-closure/Omerta/omerta-contracts/lib/openzeppelin-contracts\contracts/utils/Pausable.sol": The system cannot find the path specified. (os error 3)
2026-09-20T22:47:33.609105Z ERROR foundry_compilers_artifacts_solc::sources: error="C:/Users/Jorge/.codex/worktrees/omerta-rc1-closure/Omerta/omerta-contracts/lib/openzeppelin-contracts\contracts/utils/ReentrancyGuard.sol": The system cannot find the path specified. (os error 3)
2026-09-20T22:47:33.609406Z ERROR foundry_compilers_artifacts_solc::sources: error="C:/Users/Jorge/.codex/worktrees/omerta-rc1-closure/Omerta/omerta-contracts/lib/openzeppelin-contracts\contracts/utils/Strings.sol": The system cannot find the path specified. (os error 3)
2026-09-20T22:47:33.609715Z ERROR foundry_compilers_artifacts_solc::sources: error="C:/Users/Jorge/.codex/worktrees/omerta-rc1-closure/Omerta/omerta-contracts/lib/openzeppelin-contracts\contracts/utils/Base64.sol": The system cannot find the path specified. (os error 3)
2026-09-20T22:47:33.610322Z ERROR foundry_compilers_artifacts_solc::sources: error="C:/Users/Jorge/.codex/worktrees/omerta-rc1-closure/Omerta/omerta-contracts/lib/openzeppelin-contracts\contracts/interfaces/IERC20.sol": The system cannot find the path specified. (os error 3)
2026-09-20T22:47:33.610653Z ERROR foundry_compilers_artifacts_solc::sources: error="C:/Users/Jorge/.codex/worktrees/omerta-rc1-closure/Omerta/omerta-contracts/lib/openzeppelin-contracts\contracts/interfaces/IERC20Metadata.sol": The system cannot find the path specified. (os error 3)
2026-09-20T22:47:33.610958Z ERROR foundry_compilers_artifacts_solc::sources: error="C:/Users/Jorge/.codex/worktrees/omerta-rc1-closure/Omerta/omerta-contracts/lib/openzeppelin-contracts\contracts/token/ERC20/utils/SafeERC20.sol": The system cannot find the path specified. (os error 3)
2026-09-20T22:47:33.611265Z ERROR foundry_compilers_artifacts_solc::sources: error="C:/Users/Jorge/.codex/worktrees/omerta-rc1-closure/Omerta/omerta-contracts/lib/openzeppelin-contracts\contracts/access/Ownable.sol": The system cannot find the path specified. (os error 3)
2026-09-20T22:47:33.611565Z ERROR foundry_compilers_artifacts_solc::sources: error="C:/Users/Jorge/.codex/worktrees/omerta-rc1-closure/Omerta/omerta-contracts/lib/openzeppelin-contracts\contracts/access/Ownable2Step.sol": The system cannot find the path specified. (os error 3)
2026-09-20T22:47:33.611866Z ERROR foundry_compilers_artifacts_solc::sources: error="C:/Users/Jorge/.codex/worktrees/omerta-rc1-closure/Omerta/omerta-contracts/lib/openzeppelin-contracts\contracts/utils/ReentrancyGuard.sol": The system cannot find the path specified. (os error 3)
2026-09-20T22:47:33.612619Z ERROR foundry_compilers_artifacts_solc::sources: error="C:/Users/Jorge/.codex/worktrees/omerta-rc1-closure/Omerta/omerta-contracts/lib/openzeppelin-contracts\contracts/utils/cryptography/EIP712.sol": The system cannot find the path specified. (os error 3)
2026-09-20T22:47:33.612922Z ERROR foundry_compilers_artifacts_solc::sources: error="C:/Users/Jorge/.codex/worktrees/omerta-rc1-closure/Omerta/omerta-contracts/lib/openzeppelin-contracts\contracts/utils/cryptography/ECDSA.sol": The system cannot find the path specified. (os error 3)
2026-09-20T22:47:33.613300Z ERROR foundry_compilers_artifacts_solc::sources: error="C:/Users/Jorge/.codex/worktrees/omerta-rc1-closure/Omerta/omerta-contracts/lib/openzeppelin-contracts\contracts/token/ERC20/utils/SafeERC20.sol": The system cannot find the path specified. (os error 3)
2026-09-20T22:47:33.613607Z ERROR foundry_compilers_artifacts_solc::sources: error="C:/Users/Jorge/.codex/worktrees/omerta-rc1-closure/Omerta/omerta-contracts/lib/openzeppelin-contracts\contracts/token/ERC20/IERC20.sol": The system cannot find the path specified. (os error 3)
2026-09-20T22:47:33.613908Z ERROR foundry_compilers_artifacts_solc::sources: error="C:/Users/Jorge/.codex/worktrees/omerta-rc1-closure/Omerta/omerta-contracts/lib/openzeppelin-contracts\contracts/access/Ownable2Step.sol": The system cannot find the path specified. (os error 3)
2026-09-20T22:47:33.614213Z ERROR foundry_compilers_artifacts_solc::sources: error="C:/Users/Jorge/.codex/worktrees/omerta-rc1-closure/Omerta/omerta-contracts/lib/openzeppelin-contracts\contracts/utils/Pausable.sol": The system cannot find the path specified. (os error 3)
2026-09-20T22:47:33.614523Z ERROR foundry_compilers_artifacts_solc::sources: error="C:/Users/Jorge/.codex/worktrees/omerta-rc1-closure/Omerta/omerta-contracts/lib/openzeppelin-contracts\contracts/utils/ReentrancyGuard.sol": The system cannot find the path specified. (os error 3)
2026-09-20T22:47:33.614829Z ERROR foundry_compilers_artifacts_solc::sources: error="C:/Users/Jorge/.codex/worktrees/omerta-rc1-closure/Omerta/omerta-contracts/lib/openzeppelin-contracts\contracts/utils/introspection/IERC165.sol": The system cannot find the path specified. (os error 3)
2026-09-20T22:47:33.615148Z ERROR foundry_compilers_artifacts_solc::sources: error="C:/Users/Jorge/.codex/worktrees/omerta-rc1-closure/Omerta/omerta-contracts/lib/v4-core/src\interfaces/IPoolManager.sol": The system cannot find the path specified. (os error 3)
2026-09-20T22:47:33.615452Z ERROR foundry_compilers_artifacts_solc::sources: error="C:/Users/Jorge/.codex/worktrees/omerta-rc1-closure/Omerta/omerta-contracts/lib/v4-core/src\types/PoolId.sol": The system cannot find the path specified. (os error 3)
2026-09-20T22:47:33.615899Z ERROR foundry_compilers_artifacts_solc::sources: error="C:/Users/Jorge/.codex/worktrees/omerta-rc1-closure/Omerta/omerta-contracts/lib/openzeppelin-contracts\contracts/utils/ReentrancyGuard.sol": The system cannot find the path specified. (os error 3)
2026-09-20T22:47:33.616201Z ERROR foundry_compilers_artifacts_solc::sources: error="C:/Users/Jorge/.codex/worktrees/omerta-rc1-closure/Omerta/omerta-contracts/lib/v4-core/src\interfaces/IPoolManager.sol": The system cannot find the path specified. (os error 3)
2026-09-20T22:47:33.616504Z ERROR foundry_compilers_artifacts_solc::sources: error="C:/Users/Jorge/.codex/worktrees/omerta-rc1-closure/Omerta/omerta-contracts/lib/v4-core/src\interfaces/callback/IUnlockCallback.sol": The system cannot find the path specified. (os error 3)
2026-09-20T22:47:33.616800Z ERROR foundry_compilers_artifacts_solc::sources: error="C:/Users/Jorge/.codex/worktrees/omerta-rc1-closure/Omerta/omerta-contracts/lib/v4-core/src\types/PoolKey.sol": The system cannot find the path specified. (os error 3)
2026-09-20T22:47:33.617095Z ERROR foundry_compilers_artifacts_solc::sources: error="C:/Users/Jorge/.codex/worktrees/omerta-rc1-closure/Omerta/omerta-contracts/lib/v4-core/src\types/PoolId.sol": The system cannot find the path specified. (os error 3)
2026-09-20T22:47:33.617395Z ERROR foundry_compilers_artifacts_solc::sources: error="C:/Users/Jorge/.codex/worktrees/omerta-rc1-closure/Omerta/omerta-contracts/lib/v4-core/src\types/Currency.sol": The system cannot find the path specified. (os error 3)
2026-09-20T22:47:33.617690Z ERROR foundry_compilers_artifacts_solc::sources: error="C:/Users/Jorge/.codex/worktrees/omerta-rc1-closure/Omerta/omerta-contracts/lib/v4-core/src\types/BalanceDelta.sol": The system cannot find the path specified. (os error 3)
2026-09-20T22:47:33.617985Z ERROR foundry_compilers_artifacts_solc::sources: error="C:/Users/Jorge/.codex/worktrees/omerta-rc1-closure/Omerta/omerta-contracts/lib/v4-core/src\types/PoolOperation.sol": The system cannot find the path specified. (os error 3)
2026-09-20T22:47:33.618279Z ERROR foundry_compilers_artifacts_solc::sources: error="C:/Users/Jorge/.codex/worktrees/omerta-rc1-closure/Omerta/omerta-contracts/lib/v4-core/src\libraries/TickMath.sol": The system cannot find the path specified. (os error 3)
2026-09-20T22:47:33.618577Z ERROR foundry_compilers_artifacts_solc::sources: error="C:/Users/Jorge/.codex/worktrees/omerta-rc1-closure/Omerta/omerta-contracts/lib/openzeppelin-contracts\contracts/access/Ownable.sol": The system cannot find the path specified. (os error 3)
2026-09-20T22:47:33.618874Z ERROR foundry_compilers_artifacts_solc::sources: error="C:/Users/Jorge/.codex/worktrees/omerta-rc1-closure/Omerta/omerta-contracts/lib/openzeppelin-contracts\contracts/access/Ownable2Step.sol": The system cannot find the path specified. (os error 3)
2026-09-20T22:47:33.619168Z ERROR foundry_compilers_artifacts_solc::sources: error="C:/Users/Jorge/.codex/worktrees/omerta-rc1-closure/Omerta/omerta-contracts/lib/openzeppelin-contracts\contracts/utils/ReentrancyGuard.sol": The system cannot find the path specified. (os error 3)
2026-09-20T22:47:33.619466Z ERROR foundry_compilers_artifacts_solc::sources: error="C:/Users/Jorge/.codex/worktrees/omerta-rc1-closure/Omerta/omerta-contracts/lib/openzeppelin-contracts\contracts/token/ERC721/IERC721Receiver.sol": The system cannot find the path specified. (os error 3)
2026-09-20T22:47:33.619762Z ERROR foundry_compilers_artifacts_solc::sources: error="C:/Users/Jorge/.codex/worktrees/omerta-rc1-closure/Omerta/omerta-contracts/lib/v4-core/src\interfaces/IPoolManager.sol": The system cannot find the path specified. (os error 3)
2026-09-20T22:47:33.620058Z ERROR foundry_compilers_artifacts_solc::sources: error="C:/Users/Jorge/.codex/worktrees/omerta-rc1-closure/Omerta/omerta-contracts/lib/v4-core/src\types/PoolKey.sol": The system cannot find the path specified. (os error 3)
2026-09-20T22:47:33.620351Z ERROR foundry_compilers_artifacts_solc::sources: error="C:/Users/Jorge/.codex/worktrees/omerta-rc1-closure/Omerta/omerta-contracts/lib/v4-core/src\types/PoolId.sol": The system cannot find the path specified. (os error 3)
2026-09-20T22:47:33.620646Z ERROR foundry_compilers_artifacts_solc::sources: error="C:/Users/Jorge/.codex/worktrees/omerta-rc1-closure/Omerta/omerta-contracts/lib/v4-core/src\types/Currency.sol": The system cannot find the path specified. (os error 3)
2026-09-20T22:47:33.620946Z ERROR foundry_compilers_artifacts_solc::sources: error="C:/Users/Jorge/.codex/worktrees/omerta-rc1-closure/Omerta/omerta-contracts/lib/v4-core/src\libraries/TickMath.sol": The system cannot find the path specified. (os error 3)
2026-09-20T22:47:33.621246Z ERROR foundry_compilers_artifacts_solc::sources: error="C:/Users/Jorge/.codex/worktrees/omerta-rc1-closure/Omerta/omerta-contracts/lib/v4-core/src\libraries/FullMath.sol": The system cannot find the path specified. (os error 3)
2026-09-20T22:47:33.621730Z ERROR foundry_compilers_artifacts_solc::sources: error="C:/Users/Jorge/.codex/worktrees/omerta-rc1-closure/Omerta/omerta-contracts/lib/v4-core/src\libraries/SqrtPriceMath.sol": The system cannot find the path specified. (os error 3)
2026-09-20T22:47:33.622165Z ERROR foundry_compilers_artifacts_solc::sources: error="C:/Users/Jorge/.codex/worktrees/omerta-rc1-closure/Omerta/omerta-contracts/lib/openzeppelin-contracts\contracts/utils/ReentrancyGuard.sol": The system cannot find the path specified. (os error 3)
2026-09-20T22:47:33.622716Z ERROR foundry_compilers_artifacts_solc::sources: error="C:/Users/Jorge/.codex/worktrees/omerta-rc1-closure/Omerta/omerta-contracts/lib/openzeppelin-contracts\contracts/utils/introspection/IERC165.sol": The system cannot find the path specified. (os error 3)
2026-09-20T22:47:33.623024Z ERROR foundry_compilers_artifacts_solc::sources: error="C:/Users/Jorge/.codex/worktrees/omerta-rc1-closure/Omerta/omerta-contracts/lib/openzeppelin-contracts\contracts/token/ERC20/extensions/IERC20Metadata.sol": The system cannot find the path specified. (os error 3)
2026-09-20T22:47:33.623324Z ERROR foundry_compilers_artifacts_solc::sources: error="C:/Users/Jorge/.codex/worktrees/omerta-rc1-closure/Omerta/omerta-contracts/lib/openzeppelin-contracts\contracts/utils/ReentrancyGuard.sol": The system cannot find the path specified. (os error 3)
2026-09-20T22:47:33.623622Z ERROR foundry_compilers_artifacts_solc::sources: error="C:/Users/Jorge/.codex/worktrees/omerta-rc1-closure/Omerta/omerta-contracts/lib/v4-core/src\interfaces/IHooks.sol": The system cannot find the path specified. (os error 3)
2026-09-20T22:47:33.623916Z ERROR foundry_compilers_artifacts_solc::sources: error="C:/Users/Jorge/.codex/worktrees/omerta-rc1-closure/Omerta/omerta-contracts/lib/v4-core/src\interfaces/IPoolManager.sol": The system cannot find the path specified. (os error 3)
2026-09-20T22:47:33.624209Z ERROR foundry_compilers_artifacts_solc::sources: error="C:/Users/Jorge/.codex/worktrees/omerta-rc1-closure/Omerta/omerta-contracts/lib/v4-core/src\libraries/Hooks.sol": The system cannot find the path specified. (os error 3)
2026-09-20T22:47:33.624515Z ERROR foundry_compilers_artifacts_solc::sources: error="C:/Users/Jorge/.codex/worktrees/omerta-rc1-closure/Omerta/omerta-contracts/lib/v4-core/src\libraries/StateLibrary.sol": The system cannot find the path specified. (os error 3)
2026-09-20T22:47:33.624812Z ERROR foundry_compilers_artifacts_solc::sources: error="C:/Users/Jorge/.codex/worktrees/omerta-rc1-closure/Omerta/omerta-contracts/lib/v4-core/src\types/PoolKey.sol": The system cannot find the path specified. (os error 3)
2026-09-20T22:47:33.625108Z ERROR foundry_compilers_artifacts_solc::sources: error="C:/Users/Jorge/.codex/worktrees/omerta-rc1-closure/Omerta/omerta-contracts/lib/v4-core/src\types/PoolId.sol": The system cannot find the path specified. (os error 3)
2026-09-20T22:47:33.625401Z ERROR foundry_compilers_artifacts_solc::sources: error="C:/Users/Jorge/.codex/worktrees/omerta-rc1-closure/Omerta/omerta-contracts/lib/v4-core/src\types/Currency.sol": The system cannot find the path specified. (os error 3)
2026-09-20T22:47:33.625695Z ERROR foundry_compilers_artifacts_solc::sources: error="C:/Users/Jorge/.codex/worktrees/omerta-rc1-closure/Omerta/omerta-contracts/lib/v4-core/src\types/BalanceDelta.sol": The system cannot find the path specified. (os error 3)
2026-09-20T22:47:33.626072Z ERROR foundry_compilers_artifacts_solc::sources: error="C:/Users/Jorge/.codex/worktrees/omerta-rc1-closure/Omerta/omerta-contracts/lib/v4-core/src\types/BeforeSwapDelta.sol": The system cannot find the path specified. (os error 3)
2026-09-20T22:47:33.626407Z ERROR foundry_compilers_artifacts_solc::sources: error="C:/Users/Jorge/.codex/worktrees/omerta-rc1-closure/Omerta/omerta-contracts/lib/v4-core/src\types/PoolOperation.sol": The system cannot find the path specified. (os error 3)
2026-09-20T22:47:33.627275Z ERROR foundry_compilers_artifacts_solc::sources: error="C:/Users/Jorge/.codex/worktrees/omerta-rc1-closure/Omerta/omerta-contracts/lib/openzeppelin-contracts\contracts/token/ERC20/IERC20.sol": The system cannot find the path specified. (os error 3)
2026-09-20T22:47:33.627599Z ERROR foundry_compilers_artifacts_solc::sources: error="C:/Users/Jorge/.codex/worktrees/omerta-rc1-closure/Omerta/omerta-contracts/lib/openzeppelin-contracts\contracts/token/ERC20/utils/SafeERC20.sol": The system cannot find the path specified. (os error 3)
2026-09-20T22:47:33.627907Z ERROR foundry_compilers_artifacts_solc::sources: error="C:/Users/Jorge/.codex/worktrees/omerta-rc1-closure/Omerta/omerta-contracts/lib/openzeppelin-contracts\contracts/utils/ReentrancyGuard.sol": The system cannot find the path specified. (os error 3)
2026-09-20T22:47:33.628212Z ERROR foundry_compilers_artifacts_solc::sources: error="C:/Users/Jorge/.codex/worktrees/omerta-rc1-closure/Omerta/omerta-contracts/lib/openzeppelin-contracts\contracts/utils/math/Math.sol": The system cannot find the path specified. (os error 3)
2026-09-20T22:47:33.628784Z ERROR foundry_compilers_artifacts_solc::sources: error="C:/Users/Jorge/.codex/worktrees/omerta-rc1-closure/Omerta/omerta-contracts/lib/v4-core/src\interfaces/IPoolManager.sol": The system cannot find the path specified. (os error 3)
2026-09-20T22:47:33.629086Z ERROR foundry_compilers_artifacts_solc::sources: error="C:/Users/Jorge/.codex/worktrees/omerta-rc1-closure/Omerta/omerta-contracts/lib/v4-core/src\types/PoolKey.sol": The system cannot find the path specified. (os error 3)
2026-09-20T22:47:33.629382Z ERROR foundry_compilers_artifacts_solc::sources: error="C:/Users/Jorge/.codex/worktrees/omerta-rc1-closure/Omerta/omerta-contracts/lib/v4-core/src\types/PoolId.sol": The system cannot find the path specified. (os error 3)
2026-09-20T22:47:33.629763Z ERROR foundry_compilers_artifacts_solc::sources: error="C:/Users/Jorge/.codex/worktrees/omerta-rc1-closure/Omerta/omerta-contracts/lib/v4-core/src\types/Currency.sol": The system cannot find the path specified. (os error 3)
2026-09-20T22:47:33.630065Z ERROR foundry_compilers_artifacts_solc::sources: error="C:/Users/Jorge/.codex/worktrees/omerta-rc1-closure/Omerta/omerta-contracts/lib/v4-core/src\libraries/StateLibrary.sol": The system cannot find the path specified. (os error 3)
2026-09-20T22:47:33.630526Z ERROR foundry_compilers_artifacts_solc::sources: error="C:/Users/Jorge/.codex/worktrees/omerta-rc1-closure/Omerta/omerta-contracts/lib/openzeppelin-contracts\contracts/utils/math/Math.sol": The system cannot find the path specified. (os error 3)
2026-09-20T22:47:33.630879Z ERROR foundry_compilers_artifacts_solc::sources: error="C:/Users/Jorge/.codex/worktrees/omerta-rc1-closure/Omerta/omerta-contracts/lib/v4-core/src\libraries/TickMath.sol": The system cannot find the path specified. (os error 3)
2026-09-20T22:47:33.631436Z ERROR foundry_compilers_artifacts_solc::sources: error="C:/Users/Jorge/.codex/worktrees/omerta-rc1-closure/Omerta/omerta-contracts/lib/openzeppelin-contracts\contracts/token/ERC20/IERC20.sol": The system cannot find the path specified. (os error 3)
2026-09-20T22:47:33.631746Z ERROR foundry_compilers_artifacts_solc::sources: error="C:/Users/Jorge/.codex/worktrees/omerta-rc1-closure/Omerta/omerta-contracts/lib/openzeppelin-contracts\contracts/token/ERC20/utils/SafeERC20.sol": The system cannot find the path specified. (os error 3)
2026-09-20T22:47:33.632048Z ERROR foundry_compilers_artifacts_solc::sources: error="C:/Users/Jorge/.codex/worktrees/omerta-rc1-closure/Omerta/omerta-contracts/lib/openzeppelin-contracts\contracts/utils/ReentrancyGuard.sol": The system cannot find the path specified. (os error 3)
2026-09-20T22:47:33.632493Z ERROR foundry_compilers_artifacts_solc::sources: error="C:/Users/Jorge/.codex/worktrees/omerta-rc1-closure/Omerta/omerta-contracts/lib/openzeppelin-contracts\contracts/token/ERC20/IERC20.sol": The system cannot find the path specified. (os error 3)
2026-09-20T22:47:33.632796Z ERROR foundry_compilers_artifacts_solc::sources: error="C:/Users/Jorge/.codex/worktrees/omerta-rc1-closure/Omerta/omerta-contracts/lib/openzeppelin-contracts\contracts/token/ERC20/utils/SafeERC20.sol": The system cannot find the path specified. (os error 3)
2026-09-20T22:47:33.633099Z ERROR foundry_compilers_artifacts_solc::sources: error="C:/Users/Jorge/.codex/worktrees/omerta-rc1-closure/Omerta/omerta-contracts/lib/openzeppelin-contracts\contracts/utils/ReentrancyGuard.sol": The system cannot find the path specified. (os error 3)
2026-09-20T22:47:33.633401Z ERROR foundry_compilers_artifacts_solc::sources: error="C:/Users/Jorge/.codex/worktrees/omerta-rc1-closure/Omerta/omerta-contracts/lib/v4-core/src\interfaces/IPoolManager.sol": The system cannot find the path specified. (os error 3)
2026-09-20T22:47:33.633706Z ERROR foundry_compilers_artifacts_solc::sources: error="C:/Users/Jorge/.codex/worktrees/omerta-rc1-closure/Omerta/omerta-contracts/lib/v4-core/src\interfaces/callback/IUnlockCallback.sol": The system cannot find the path specified. (os error 3)
2026-09-20T22:47:33.634005Z ERROR foundry_compilers_artifacts_solc::sources: error="C:/Users/Jorge/.codex/worktrees/omerta-rc1-closure/Omerta/omerta-contracts/lib/v4-core/src\types/PoolKey.sol": The system cannot find the path specified. (os error 3)
2026-09-20T22:47:33.634303Z ERROR foundry_compilers_artifacts_solc::sources: error="C:/Users/Jorge/.codex/worktrees/omerta-rc1-closure/Omerta/omerta-contracts/lib/v4-core/src\types/PoolId.sol": The system cannot find the path specified. (os error 3)
2026-09-20T22:47:33.634606Z ERROR foundry_compilers_artifacts_solc::sources: error="C:/Users/Jorge/.codex/worktrees/omerta-rc1-closure/Omerta/omerta-contracts/lib/v4-core/src\types/Currency.sol": The system cannot find the path specified. (os error 3)
2026-09-20T22:47:33.634900Z ERROR foundry_compilers_artifacts_solc::sources: error="C:/Users/Jorge/.codex/worktrees/omerta-rc1-closure/Omerta/omerta-contracts/lib/v4-core/src\types/BalanceDelta.sol": The system cannot find the path specified. (os error 3)
2026-09-20T22:47:33.635193Z ERROR foundry_compilers_artifacts_solc::sources: error="C:/Users/Jorge/.codex/worktrees/omerta-rc1-closure/Omerta/omerta-contracts/lib/v4-core/src\types/PoolOperation.sol": The system cannot find the path specified. (os error 3)
2026-09-20T22:47:33.635496Z ERROR foundry_compilers_artifacts_solc::sources: error="C:/Users/Jorge/.codex/worktrees/omerta-rc1-closure/Omerta/omerta-contracts/lib/v4-core/src\libraries/StateLibrary.sol": The system cannot find the path specified. (os error 3)
2026-09-20T22:47:33.635794Z ERROR foundry_compilers_artifacts_solc::sources: error="C:/Users/Jorge/.codex/worktrees/omerta-rc1-closure/Omerta/omerta-contracts/lib/v4-core/src\libraries/TickMath.sol": The system cannot find the path specified. (os error 3)
2026-09-20T22:47:33.636091Z ERROR foundry_compilers_artifacts_solc::sources: error="C:/Users/Jorge/.codex/worktrees/omerta-rc1-closure/Omerta/omerta-contracts/lib/v4-core/src\libraries/SqrtPriceMath.sol": The system cannot find the path specified. (os error 3)
2026-09-20T22:47:33.636388Z ERROR foundry_compilers_artifacts_solc::sources: error="C:/Users/Jorge/.codex/worktrees/omerta-rc1-closure/Omerta/omerta-contracts/lib/v4-core/src\libraries/Hooks.sol": The system cannot find the path specified. (os error 3)
2026-09-20T22:47:33.636915Z ERROR foundry_compilers_artifacts_solc::sources: error="C:/Users/Jorge/.codex/worktrees/omerta-rc1-closure/Omerta/omerta-contracts/lib/openzeppelin-contracts\contracts/utils/ReentrancyGuard.sol": The system cannot find the path specified. (os error 3)
2026-09-20T22:47:33.637220Z ERROR foundry_compilers_artifacts_solc::sources: error="C:/Users/Jorge/.codex/worktrees/omerta-rc1-closure/Omerta/omerta-contracts/lib/openzeppelin-contracts\contracts/token/ERC20/IERC20.sol": The system cannot find the path specified. (os error 3)
2026-09-20T22:47:33.637522Z ERROR foundry_compilers_artifacts_solc::sources: error="C:/Users/Jorge/.codex/worktrees/omerta-rc1-closure/Omerta/omerta-contracts/lib/openzeppelin-contracts\contracts/token/ERC20/utils/SafeERC20.sol": The system cannot find the path specified. (os error 3)
2026-09-20T22:47:33.638055Z ERROR foundry_compilers_artifacts_solc::sources: error="C:/Users/Jorge/.codex/worktrees/omerta-rc1-closure/Omerta/omerta-contracts/lib/openzeppelin-contracts\contracts/access/Ownable.sol": The system cannot find the path specified. (os error 3)
2026-09-20T22:47:33.638356Z ERROR foundry_compilers_artifacts_solc::sources: error="C:/Users/Jorge/.codex/worktrees/omerta-rc1-closure/Omerta/omerta-contracts/lib/openzeppelin-contracts\contracts/access/Ownable2Step.sol": The system cannot find the path specified. (os error 3)
2026-09-20T22:47:33.638663Z ERROR foundry_compilers_artifacts_solc::sources: error="C:/Users/Jorge/.codex/worktrees/omerta-rc1-closure/Omerta/omerta-contracts/lib/openzeppelin-contracts\contracts/utils/ReentrancyGuard.sol": The system cannot find the path specified. (os error 3)
2026-09-20T22:47:33.638961Z ERROR foundry_compilers_artifacts_solc::sources: error="C:/Users/Jorge/.codex/worktrees/omerta-rc1-closure/Omerta/omerta-contracts/lib/openzeppelin-contracts\contracts/token/ERC20/IERC20.sol": The system cannot find the path specified. (os error 3)
2026-09-20T22:47:33.639258Z ERROR foundry_compilers_artifacts_solc::sources: error="C:/Users/Jorge/.codex/worktrees/omerta-rc1-closure/Omerta/omerta-contracts/lib/openzeppelin-contracts\contracts/token/ERC20/utils/SafeERC20.sol": The system cannot find the path specified. (os error 3)
2026-09-20T22:47:33.650317Z ERROR foundry_compilers_artifacts_solc::sources: error="C:/Users/Jorge/.codex/worktrees/omerta-rc1-closure/Omerta/omerta-contracts/lib/openzeppelin-contracts\contracts/token/ERC20/ERC20.sol": The system cannot find the path specified. (os error 3)
2026-09-20T22:47:33.650641Z ERROR foundry_compilers_artifacts_solc::sources: error="C:/Users/Jorge/.codex/worktrees/omerta-rc1-closure/Omerta/omerta-contracts/lib/openzeppelin-contracts\contracts/token/ERC20/extensions/ERC4626.sol": The system cannot find the path specified. (os error 3)
2026-09-20T22:47:33.650952Z ERROR foundry_compilers_artifacts_solc::sources: error="C:/Users/Jorge/.codex/worktrees/omerta-rc1-closure/Omerta/omerta-contracts/lib/openzeppelin-contracts\contracts/interfaces/IERC20.sol": The system cannot find the path specified. (os error 3)
2026-09-20T22:47:33.651257Z ERROR foundry_compilers_artifacts_solc::sources: error="C:/Users/Jorge/.codex/worktrees/omerta-rc1-closure/Omerta/omerta-contracts/lib/openzeppelin-contracts\contracts/interfaces/IERC4626.sol": The system cannot find the path specified. (os error 3)
2026-09-20T22:47:33.651558Z ERROR foundry_compilers_artifacts_solc::sources: error="C:/Users/Jorge/.codex/worktrees/omerta-rc1-closure/Omerta/omerta-contracts/lib/openzeppelin-contracts\contracts/access/Ownable.sol": The system cannot find the path specified. (os error 3)
2026-09-20T22:47:33.652994Z ERROR foundry_compilers_artifacts_solc::sources: error="C:/Users/Jorge/.codex/worktrees/omerta-rc1-closure/Omerta/omerta-contracts/lib/openzeppelin-contracts\contracts/token/ERC20/ERC20.sol": The system cannot find the path specified. (os error 3)
2026-09-20T22:47:33.653299Z ERROR foundry_compilers_artifacts_solc::sources: error="C:/Users/Jorge/.codex/worktrees/omerta-rc1-closure/Omerta/omerta-contracts/lib/openzeppelin-contracts\contracts/interfaces/IERC20.sol": The system cannot find the path specified. (os error 3)
2026-09-20T22:47:33.653605Z ERROR foundry_compilers_artifacts_solc::sources: error="C:/Users/Jorge/.codex/worktrees/omerta-rc1-closure/Omerta/omerta-contracts/lib/openzeppelin-contracts\contracts/utils/Pausable.sol": The system cannot find the path specified. (os error 3)
2026-09-20T22:47:33.653906Z ERROR foundry_compilers_artifacts_solc::sources: error="C:/Users/Jorge/.codex/worktrees/omerta-rc1-closure/Omerta/omerta-contracts/lib/openzeppelin-contracts\contracts/access/Ownable.sol": The system cannot find the path specified. (os error 3)
2026-09-20T22:47:33.655265Z ERROR foundry_compilers_artifacts_solc::sources: error="C:/Users/Jorge/.codex/worktrees/omerta-rc1-closure/Omerta/omerta-contracts/lib/openzeppelin-contracts\contracts/token/ERC20/IERC20.sol": The system cannot find the path specified. (os error 3)
2026-09-20T22:47:33.655570Z ERROR foundry_compilers_artifacts_solc::sources: error="C:/Users/Jorge/.codex/worktrees/omerta-rc1-closure/Omerta/omerta-contracts/lib/openzeppelin-contracts\contracts/access/Ownable.sol": The system cannot find the path specified. (os error 3)
2026-09-20T22:47:33.655869Z ERROR foundry_compilers_artifacts_solc::sources: error="C:/Users/Jorge/.codex/worktrees/omerta-rc1-closure/Omerta/omerta-contracts/lib/openzeppelin-contracts\contracts/utils/Pausable.sol": The system cannot find the path specified. (os error 3)
2026-09-20T22:47:33.657231Z ERROR foundry_compilers_artifacts_solc::sources: error="C:/Users/Jorge/.codex/worktrees/omerta-rc1-closure/Omerta/omerta-contracts/lib/openzeppelin-contracts\contracts/token/ERC721/IERC721Receiver.sol": The system cannot find the path specified. (os error 3)
2026-09-20T22:47:33.657534Z ERROR foundry_compilers_artifacts_solc::sources: error="C:/Users/Jorge/.codex/worktrees/omerta-rc1-closure/Omerta/omerta-contracts/lib/openzeppelin-contracts\contracts/interfaces/draft-IERC6093.sol": The system cannot find the path specified. (os error 3)
2026-09-20T22:47:33.657833Z ERROR foundry_compilers_artifacts_solc::sources: error="C:/Users/Jorge/.codex/worktrees/omerta-rc1-closure/Omerta/omerta-contracts/lib/openzeppelin-contracts\contracts/access/Ownable.sol": The system cannot find the path specified. (os error 3)
2026-09-20T22:47:33.658136Z ERROR foundry_compilers_artifacts_solc::sources: error="C:/Users/Jorge/.codex/worktrees/omerta-rc1-closure/Omerta/omerta-contracts/lib/openzeppelin-contracts\contracts/utils/cryptography/ECDSA.sol": The system cannot find the path specified. (os error 3)
2026-09-20T22:47:33.658442Z ERROR foundry_compilers_artifacts_solc::sources: error="C:/Users/Jorge/.codex/worktrees/omerta-rc1-closure/Omerta/omerta-contracts/lib/openzeppelin-contracts\contracts/utils/ReentrancyGuard.sol": The system cannot find the path specified. (os error 3)
2026-09-20T22:47:33.658749Z ERROR foundry_compilers_artifacts_solc::sources: error="C:/Users/Jorge/.codex/worktrees/omerta-rc1-closure/Omerta/omerta-contracts/lib/openzeppelin-contracts\contracts/utils/Pausable.sol": The system cannot find the path specified. (os error 3)
2026-09-20T22:47:33.659462Z ERROR foundry_compilers_artifacts_solc::sources: error="C:/Users/Jorge/.codex/worktrees/omerta-rc1-closure/Omerta/omerta-contracts/lib/openzeppelin-contracts\contracts/interfaces/IERC2981.sol": The system cannot find the path specified. (os error 3)
2026-09-20T22:47:33.659878Z ERROR foundry_compilers_artifacts_solc::sources: error="C:/Users/Jorge/.codex/worktrees/omerta-rc1-closure/Omerta/omerta-contracts/lib/openzeppelin-contracts\contracts/token/ERC721/IERC721.sol": The system cannot find the path specified. (os error 3)
2026-09-20T22:47:33.660193Z ERROR foundry_compilers_artifacts_solc::sources: error="C:/Users/Jorge/.codex/worktrees/omerta-rc1-closure/Omerta/omerta-contracts/lib/openzeppelin-contracts\contracts/utils/Strings.sol": The system cannot find the path specified. (os error 3)
2026-09-20T22:47:33.661459Z ERROR foundry_compilers_artifacts_solc::sources: error="C:/Users/Jorge/.codex/worktrees/omerta-rc1-closure/Omerta/omerta-contracts/lib/openzeppelin-contracts\contracts/utils/Base64.sol": The system cannot find the path specified. (os error 3)
2026-09-20T22:47:33.661854Z ERROR foundry_compilers_artifacts_solc::sources: error="C:/Users/Jorge/.codex/worktrees/omerta-rc1-closure/Omerta/omerta-contracts/lib/openzeppelin-contracts\contracts/utils/Strings.sol": The system cannot find the path specified. (os error 3)
2026-09-20T22:47:33.662590Z ERROR foundry_compilers_artifacts_solc::sources: error="C:/Users/Jorge/.codex/worktrees/omerta-rc1-closure/Omerta/omerta-contracts/lib/openzeppelin-contracts\contracts/access/Ownable.sol": The system cannot find the path specified. (os error 3)
2026-09-20T22:47:33.662908Z ERROR foundry_compilers_artifacts_solc::sources: error="C:/Users/Jorge/.codex/worktrees/omerta-rc1-closure/Omerta/omerta-contracts/lib/openzeppelin-contracts\contracts/token/ERC20/IERC20.sol": The system cannot find the path specified. (os error 3)
2026-09-20T22:47:33.663219Z ERROR foundry_compilers_artifacts_solc::sources: error="C:/Users/Jorge/.codex/worktrees/omerta-rc1-closure/Omerta/omerta-contracts/lib/v4-core/src\interfaces/IPoolManager.sol": The system cannot find the path specified. (os error 3)
2026-09-20T22:47:33.663572Z ERROR foundry_compilers_artifacts_solc::sources: error="C:/Users/Jorge/.codex/worktrees/omerta-rc1-closure/Omerta/omerta-contracts/lib/v4-core/src\interfaces/IHooks.sol": The system cannot find the path specified. (os error 3)
2026-09-20T22:47:33.663903Z ERROR foundry_compilers_artifacts_solc::sources: error="C:/Users/Jorge/.codex/worktrees/omerta-rc1-closure/Omerta/omerta-contracts/lib/v4-core/src\types/Currency.sol": The system cannot find the path specified. (os error 3)
2026-09-20T22:47:33.664224Z ERROR foundry_compilers_artifacts_solc::sources: error="C:/Users/Jorge/.codex/worktrees/omerta-rc1-closure/Omerta/omerta-contracts/lib/v4-core/src\types/PoolKey.sol": The system cannot find the path specified. (os error 3)
2026-09-20T22:47:33.664540Z ERROR foundry_compilers_artifacts_solc::sources: error="C:/Users/Jorge/.codex/worktrees/omerta-rc1-closure/Omerta/omerta-contracts/lib/v4-core/src\types/PoolId.sol": The system cannot find the path specified. (os error 3)
2026-09-20T22:47:33.664872Z ERROR foundry_compilers_artifacts_solc::sources: error="C:/Users/Jorge/.codex/worktrees/omerta-rc1-closure/Omerta/omerta-contracts/lib/v4-core/src\libraries/TickMath.sol": The system cannot find the path specified. (os error 3)
2026-09-20T22:47:33.665190Z ERROR foundry_compilers_artifacts_solc::sources: error="C:/Users/Jorge/.codex/worktrees/omerta-rc1-closure/Omerta/omerta-contracts/lib/permit2\src/interfaces/IAllowanceTransfer.sol": The system cannot find the path specified. (os error 3)
2026-09-20T22:47:33.665514Z ERROR foundry_compilers_artifacts_solc::sources: error="C:/Users/Jorge/.codex/worktrees/omerta-rc1-closure/Omerta/omerta-contracts/lib/permit2\test/utils/DeployPermit2.sol": The system cannot find the path specified. (os error 3)
2026-09-20T22:47:33.667236Z ERROR foundry_compilers_artifacts_solc::sources: error="C:/Users/Jorge/.codex/worktrees/omerta-rc1-closure/Omerta/omerta-contracts/lib/openzeppelin-contracts\contracts/token/ERC20/IERC20.sol": The system cannot find the path specified. (os error 3)
2026-09-20T22:47:33.667860Z ERROR foundry_compilers_artifacts_solc::sources: error="C:/Users/Jorge/.codex/worktrees/omerta-rc1-closure/Omerta/omerta-contracts/lib/v4-core/src\PoolManager.sol": The system cannot find the path specified. (os error 3)
2026-09-20T22:47:33.668175Z ERROR foundry_compilers_artifacts_solc::sources: error="C:/Users/Jorge/.codex/worktrees/omerta-rc1-closure/Omerta/omerta-contracts/lib/v4-core/src\interfaces/IHooks.sol": The system cannot find the path specified. (os error 3)
2026-09-20T22:47:33.668481Z ERROR foundry_compilers_artifacts_solc::sources: error="C:/Users/Jorge/.codex/worktrees/omerta-rc1-closure/Omerta/omerta-contracts/lib/v4-core/src\types/Currency.sol": The system cannot find the path specified. (os error 3)
2026-09-20T22:47:33.668793Z ERROR foundry_compilers_artifacts_solc::sources: error="C:/Users/Jorge/.codex/worktrees/omerta-rc1-closure/Omerta/omerta-contracts/lib/v4-core/src\types/PoolKey.sol": The system cannot find the path specified. (os error 3)
2026-09-20T22:47:33.669098Z ERROR foundry_compilers_artifacts_solc::sources: error="C:/Users/Jorge/.codex/worktrees/omerta-rc1-closure/Omerta/omerta-contracts/lib/v4-core/src\types/PoolId.sol": The system cannot find the path specified. (os error 3)
2026-09-20T22:47:33.670636Z ERROR foundry_compilers_artifacts_solc::sources: error="C:/Users/Jorge/.codex/worktrees/omerta-rc1-closure/Omerta/omerta-contracts/lib/v4-core/src\PoolManager.sol": The system cannot find the path specified. (os error 3)
2026-09-20T22:47:33.670948Z ERROR foundry_compilers_artifacts_solc::sources: error="C:/Users/Jorge/.codex/worktrees/omerta-rc1-closure/Omerta/omerta-contracts/lib/v4-core/src\interfaces/IPoolManager.sol": The system cannot find the path specified. (os error 3)
2026-09-20T22:47:33.671249Z ERROR foundry_compilers_artifacts_solc::sources: error="C:/Users/Jorge/.codex/worktrees/omerta-rc1-closure/Omerta/omerta-contracts/lib/v4-core/src\interfaces/IHooks.sol": The system cannot find the path specified. (os error 3)
2026-09-20T22:47:33.671551Z ERROR foundry_compilers_artifacts_solc::sources: error="C:/Users/Jorge/.codex/worktrees/omerta-rc1-closure/Omerta/omerta-contracts/lib/v4-core/src\libraries/Hooks.sol": The system cannot find the path specified. (os error 3)
2026-09-20T22:47:33.671852Z ERROR foundry_compilers_artifacts_solc::sources: error="C:/Users/Jorge/.codex/worktrees/omerta-rc1-closure/Omerta/omerta-contracts/lib/v4-core/src\libraries/StateLibrary.sol": The system cannot find the path specified. (os error 3)
2026-09-20T22:47:33.672152Z ERROR foundry_compilers_artifacts_solc::sources: error="C:/Users/Jorge/.codex/worktrees/omerta-rc1-closure/Omerta/omerta-contracts/lib/v4-core/src\types/PoolKey.sol": The system cannot find the path specified. (os error 3)
2026-09-20T22:47:33.672450Z ERROR foundry_compilers_artifacts_solc::sources: error="C:/Users/Jorge/.codex/worktrees/omerta-rc1-closure/Omerta/omerta-contracts/lib/v4-core/src\types/PoolId.sol": The system cannot find the path specified. (os error 3)
2026-09-20T22:47:33.672751Z ERROR foundry_compilers_artifacts_solc::sources: error="C:/Users/Jorge/.codex/worktrees/omerta-rc1-closure/Omerta/omerta-contracts/lib/v4-core/src\types/Currency.sol": The system cannot find the path specified. (os error 3)
2026-09-20T22:47:33.673048Z ERROR foundry_compilers_artifacts_solc::sources: error="C:/Users/Jorge/.codex/worktrees/omerta-rc1-closure/Omerta/omerta-contracts/lib/v4-core/src\types/PoolOperation.sol": The system cannot find the path specified. (os error 3)
2026-09-20T22:47:33.673346Z ERROR foundry_compilers_artifacts_solc::sources: error="C:/Users/Jorge/.codex/worktrees/omerta-rc1-closure/Omerta/omerta-contracts/lib/v4-core/src\test/PoolModifyLiquidityTest.sol": The system cannot find the path specified. (os error 3)
2026-09-20T22:47:33.673647Z ERROR foundry_compilers_artifacts_solc::sources: error="C:/Users/Jorge/.codex/worktrees/omerta-rc1-closure/Omerta/omerta-contracts/lib/openzeppelin-contracts\contracts/token/ERC20/ERC20.sol": The system cannot find the path specified. (os error 3)
2026-09-20T22:47:33.673949Z ERROR foundry_compilers_artifacts_solc::sources: error="C:/Users/Jorge/.codex/worktrees/omerta-rc1-closure/Omerta/omerta-contracts/lib/openzeppelin-contracts\contracts/token/ERC20/IERC20.sol": The system cannot find the path specified. (os error 3)
2026-09-20T22:47:33.674249Z ERROR foundry_compilers_artifacts_solc::sources: error="C:/Users/Jorge/.codex/worktrees/omerta-rc1-closure/Omerta/omerta-contracts/lib/openzeppelin-contracts\contracts/access/Ownable.sol": The system cannot find the path specified. (os error 3)
2026-09-20T22:47:33.674549Z ERROR foundry_compilers_artifacts_solc::sources: error="C:/Users/Jorge/.codex/worktrees/omerta-rc1-closure/Omerta/omerta-contracts/lib/openzeppelin-contracts\contracts/utils/Pausable.sol": The system cannot find the path specified. (os error 3)
2026-09-20T22:47:33.674848Z ERROR foundry_compilers_artifacts_solc::sources: error="C:/Users/Jorge/.codex/worktrees/omerta-rc1-closure/Omerta/omerta-contracts/lib/openzeppelin-contracts\contracts/utils/ReentrancyGuard.sol": The system cannot find the path specified. (os error 3)
2026-09-20T22:47:33.676699Z ERROR foundry_compilers_artifacts_solc::sources: error="C:/Users/Jorge/.codex/worktrees/omerta-rc1-closure/Omerta/omerta-contracts/lib/openzeppelin-contracts\contracts/access/Ownable.sol": The system cannot find the path specified. (os error 3)
2026-09-20T22:47:33.677012Z ERROR foundry_compilers_artifacts_solc::sources: error="C:/Users/Jorge/.codex/worktrees/omerta-rc1-closure/Omerta/omerta-contracts/lib/openzeppelin-contracts\contracts/utils/Pausable.sol": The system cannot find the path specified. (os error 3)
2026-09-20T22:47:33.677362Z ERROR foundry_compilers_artifacts_solc::sources: error="C:/Users/Jorge/.codex/worktrees/omerta-rc1-closure/Omerta/omerta-contracts/lib/openzeppelin-contracts\contracts/utils/ReentrancyGuard.sol": The system cannot find the path specified. (os error 3)
2026-09-20T22:47:33.679334Z ERROR foundry_compilers_artifacts_solc::sources: error="C:/Users/Jorge/.codex/worktrees/omerta-rc1-closure/Omerta/omerta-contracts/lib/openzeppelin-contracts\contracts/token/ERC20/IERC20.sol": The system cannot find the path specified. (os error 3)
2026-09-20T22:47:33.680263Z ERROR foundry_compilers_artifacts_solc::sources: error="C:/Users/Jorge/.codex/worktrees/omerta-rc1-closure/Omerta/omerta-contracts/lib/openzeppelin-contracts\contracts/token/ERC20/IERC20.sol": The system cannot find the path specified. (os error 3)
2026-09-20T22:47:33.680858Z ERROR foundry_compilers_artifacts_solc::sources: error="C:/Users/Jorge/.codex/worktrees/omerta-rc1-closure/Omerta/omerta-contracts/lib/v4-core/src\PoolManager.sol": The system cannot find the path specified. (os error 3)
2026-09-20T22:47:33.681160Z ERROR foundry_compilers_artifacts_solc::sources: error="C:/Users/Jorge/.codex/worktrees/omerta-rc1-closure/Omerta/omerta-contracts/lib/v4-core/src\interfaces/IPoolManager.sol": The system cannot find the path specified. (os error 3)
2026-09-20T22:47:33.681462Z ERROR foundry_compilers_artifacts_solc::sources: error="C:/Users/Jorge/.codex/worktrees/omerta-rc1-closure/Omerta/omerta-contracts/lib/v4-core/src\interfaces/IHooks.sol": The system cannot find the path specified. (os error 3)
2026-09-20T22:47:33.681759Z ERROR foundry_compilers_artifacts_solc::sources: error="C:/Users/Jorge/.codex/worktrees/omerta-rc1-closure/Omerta/omerta-contracts/lib/v4-core/src\libraries/Hooks.sol": The system cannot find the path specified. (os error 3)
2026-09-20T22:47:33.682055Z ERROR foundry_compilers_artifacts_solc::sources: error="C:/Users/Jorge/.codex/worktrees/omerta-rc1-closure/Omerta/omerta-contracts/lib/v4-core/src\libraries/StateLibrary.sol": The system cannot find the path specified. (os error 3)
2026-09-20T22:47:33.682349Z ERROR foundry_compilers_artifacts_solc::sources: error="C:/Users/Jorge/.codex/worktrees/omerta-rc1-closure/Omerta/omerta-contracts/lib/v4-core/src\types/PoolKey.sol": The system cannot find the path specified. (os error 3)
2026-09-20T22:47:33.682648Z ERROR foundry_compilers_artifacts_solc::sources: error="C:/Users/Jorge/.codex/worktrees/omerta-rc1-closure/Omerta/omerta-contracts/lib/v4-core/src\types/PoolId.sol": The system cannot find the path specified. (os error 3)
2026-09-20T22:47:33.682946Z ERROR foundry_compilers_artifacts_solc::sources: error="C:/Users/Jorge/.codex/worktrees/omerta-rc1-closure/Omerta/omerta-contracts/lib/v4-core/src\types/Currency.sol": The system cannot find the path specified. (os error 3)
2026-09-20T22:47:33.683244Z ERROR foundry_compilers_artifacts_solc::sources: error="C:/Users/Jorge/.codex/worktrees/omerta-rc1-closure/Omerta/omerta-contracts/lib/v4-core/src\types/BalanceDelta.sol": The system cannot find the path specified. (os error 3)
2026-09-20T22:47:33.683535Z ERROR foundry_compilers_artifacts_solc::sources: error="C:/Users/Jorge/.codex/worktrees/omerta-rc1-closure/Omerta/omerta-contracts/lib/v4-core/src\types/PoolOperation.sol": The system cannot find the path specified. (os error 3)
2026-09-20T22:47:33.683842Z ERROR foundry_compilers_artifacts_solc::sources: error="C:/Users/Jorge/.codex/worktrees/omerta-rc1-closure/Omerta/omerta-contracts/lib/v4-core/src\test/PoolSwapTest.sol": The system cannot find the path specified. (os error 3)
2026-09-20T22:47:33.684138Z ERROR foundry_compilers_artifacts_solc::sources: error="C:/Users/Jorge/.codex/worktrees/omerta-rc1-closure/Omerta/omerta-contracts/lib/v4-core/src\test/PoolModifyLiquidityTest.sol": The system cannot find the path specified. (os error 3)
2026-09-20T22:47:33.684764Z ERROR foundry_compilers_artifacts_solc::sources: error="C:/Users/Jorge/.codex/worktrees/omerta-rc1-closure/Omerta/omerta-contracts/lib/openzeppelin-contracts\contracts/token/ERC20/ERC20.sol": The system cannot find the path specified. (os error 3)
2026-09-20T22:47:33.685068Z ERROR foundry_compilers_artifacts_solc::sources: error="C:/Users/Jorge/.codex/worktrees/omerta-rc1-closure/Omerta/omerta-contracts/lib/openzeppelin-contracts\contracts/utils/introspection/IERC165.sol": The system cannot find the path specified. (os error 3)
2026-09-20T22:47:33.685882Z ERROR foundry_compilers_artifacts_solc::sources: error="C:/Users/Jorge/.codex/worktrees/omerta-rc1-closure/Omerta/omerta-contracts/lib/openzeppelin-contracts\contracts/token/ERC20/ERC20.sol": The system cannot find the path specified. (os error 3)
2026-09-20T22:47:33.686583Z ERROR foundry_compilers_artifacts_solc::sources: error="C:/Users/Jorge/.codex/worktrees/omerta-rc1-closure/Omerta/omerta-contracts/lib/openzeppelin-contracts\contracts/token/ERC20/ERC20.sol": The system cannot find the path specified. (os error 3)
2026-09-20T22:47:33.686883Z ERROR foundry_compilers_artifacts_solc::sources: error="C:/Users/Jorge/.codex/worktrees/omerta-rc1-closure/Omerta/omerta-contracts/lib/openzeppelin-contracts\contracts/utils/introspection/IERC165.sol": The system cannot find the path specified. (os error 3)
2026-09-20T22:47:33.687182Z ERROR foundry_compilers_artifacts_solc::sources: error="C:/Users/Jorge/.codex/worktrees/omerta-rc1-closure/Omerta/omerta-contracts/lib/openzeppelin-contracts\contracts/utils/math/Math.sol": The system cannot find the path specified. (os error 3)
2026-09-20T22:47:33.687480Z ERROR foundry_compilers_artifacts_solc::sources: error="C:/Users/Jorge/.codex/worktrees/omerta-rc1-closure/Omerta/omerta-contracts/lib/v4-core/src\interfaces/IHooks.sol": The system cannot find the path specified. (os error 3)
2026-09-20T22:47:33.687781Z ERROR foundry_compilers_artifacts_solc::sources: error="C:/Users/Jorge/.codex/worktrees/omerta-rc1-closure/Omerta/omerta-contracts/lib/v4-core/src\interfaces/IPoolManager.sol": The system cannot find the path specified. (os error 3)
2026-09-20T22:47:33.688080Z ERROR foundry_compilers_artifacts_solc::sources: error="C:/Users/Jorge/.codex/worktrees/omerta-rc1-closure/Omerta/omerta-contracts/lib/v4-core/src\PoolManager.sol": The system cannot find the path specified. (os error 3)
2026-09-20T22:47:33.688387Z ERROR foundry_compilers_artifacts_solc::sources: error="C:/Users/Jorge/.codex/worktrees/omerta-rc1-closure/Omerta/omerta-contracts/lib/v4-core/src\libraries/TickMath.sol": The system cannot find the path specified. (os error 3)
2026-09-20T22:47:33.688698Z ERROR foundry_compilers_artifacts_solc::sources: error="C:/Users/Jorge/.codex/worktrees/omerta-rc1-closure/Omerta/omerta-contracts/lib/v4-core/src\types/Currency.sol": The system cannot find the path specified. (os error 3)
2026-09-20T22:47:33.688996Z ERROR foundry_compilers_artifacts_solc::sources: error="C:/Users/Jorge/.codex/worktrees/omerta-rc1-closure/Omerta/omerta-contracts/lib/v4-core/src\types/PoolId.sol": The system cannot find the path specified. (os error 3)
2026-09-20T22:47:33.689295Z ERROR foundry_compilers_artifacts_solc::sources: error="C:/Users/Jorge/.codex/worktrees/omerta-rc1-closure/Omerta/omerta-contracts/lib/v4-core/src\types/PoolKey.sol": The system cannot find the path specified. (os error 3)
2026-09-20T22:47:33.690126Z ERROR foundry_compilers_artifacts_solc::sources: error="C:/Users/Jorge/.codex/worktrees/omerta-rc1-closure/Omerta/omerta-contracts/lib/openzeppelin-contracts\contracts/access/Ownable.sol": The system cannot find the path specified. (os error 3)
2026-09-20T22:47:33.690432Z ERROR foundry_compilers_artifacts_solc::sources: error="C:/Users/Jorge/.codex/worktrees/omerta-rc1-closure/Omerta/omerta-contracts/lib/openzeppelin-contracts\contracts/token/ERC721/IERC721Receiver.sol": The system cannot find the path specified. (os error 3)
2026-09-20T22:47:33.690744Z ERROR foundry_compilers_artifacts_solc::sources: error="C:/Users/Jorge/.codex/worktrees/omerta-rc1-closure/Omerta/omerta-contracts/lib/openzeppelin-contracts\contracts/utils/ReentrancyGuard.sol": The system cannot find the path specified. (os error 3)
2026-09-20T22:47:33.691059Z ERROR foundry_compilers_artifacts_solc::sources: error="C:/Users/Jorge/.codex/worktrees/omerta-rc1-closure/Omerta/omerta-contracts/lib/v4-core/src\interfaces/IPoolManager.sol": The system cannot find the path specified. (os error 3)
2026-09-20T22:47:33.691368Z ERROR foundry_compilers_artifacts_solc::sources: error="C:/Users/Jorge/.codex/worktrees/omerta-rc1-closure/Omerta/omerta-contracts/lib/v4-core/src\interfaces/IHooks.sol": The system cannot find the path specified. (os error 3)
2026-09-20T22:47:33.691677Z ERROR foundry_compilers_artifacts_solc::sources: error="C:/Users/Jorge/.codex/worktrees/omerta-rc1-closure/Omerta/omerta-contracts/lib/v4-core/src\types/PoolKey.sol": The system cannot find the path specified. (os error 3)
2026-09-20T22:47:33.691974Z ERROR foundry_compilers_artifacts_solc::sources: error="C:/Users/Jorge/.codex/worktrees/omerta-rc1-closure/Omerta/omerta-contracts/lib/v4-core/src\types/PoolId.sol": The system cannot find the path specified. (os error 3)
2026-09-20T22:47:33.692279Z ERROR foundry_compilers_artifacts_solc::sources: error="C:/Users/Jorge/.codex/worktrees/omerta-rc1-closure/Omerta/omerta-contracts/lib/v4-core/src\types/Currency.sol": The system cannot find the path specified. (os error 3)
2026-09-20T22:47:33.692579Z ERROR foundry_compilers_artifacts_solc::sources: error="C:/Users/Jorge/.codex/worktrees/omerta-rc1-closure/Omerta/omerta-contracts/lib/v4-core/src\types/PoolOperation.sol": The system cannot find the path specified. (os error 3)
2026-09-20T22:47:33.692883Z ERROR foundry_compilers_artifacts_solc::sources: error="C:/Users/Jorge/.codex/worktrees/omerta-rc1-closure/Omerta/omerta-contracts/lib/v4-core/src\libraries/TickMath.sol": The system cannot find the path specified. (os error 3)
2026-09-20T22:47:33.693223Z ERROR foundry_compilers_artifacts_solc::sources: error="C:/Users/Jorge/.codex/worktrees/omerta-rc1-closure/Omerta/omerta-contracts/lib/v4-core/src\libraries/StateLibrary.sol": The system cannot find the path specified. (os error 3)
2026-09-20T22:47:33.693532Z ERROR foundry_compilers_artifacts_solc::sources: error="C:/Users/Jorge/.codex/worktrees/omerta-rc1-closure/Omerta/omerta-contracts/lib/v4-core/src\libraries/Hooks.sol": The system cannot find the path specified. (os error 3)
2026-09-20T22:47:33.693833Z ERROR foundry_compilers_artifacts_solc::sources: error="C:/Users/Jorge/.codex/worktrees/omerta-rc1-closure/Omerta/omerta-contracts/lib/v4-core/src\test/PoolSwapTest.sol": The system cannot find the path specified. (os error 3)
2026-09-20T22:47:33.694633Z ERROR foundry_compilers_artifacts_solc::sources: error="C:/Users/Jorge/.codex/worktrees/omerta-rc1-closure/Omerta/omerta-contracts/lib/permit2\src/interfaces/IAllowanceTransfer.sol": The system cannot find the path specified. (os error 3)
2026-09-20T22:47:33.695069Z ERROR foundry_compilers_artifacts_solc::sources: error="C:/Users/Jorge/.codex/worktrees/omerta-rc1-closure/Omerta/omerta-contracts/lib/permit2\test/utils/DeployPermit2.sol": The system cannot find the path specified. (os error 3)
2026-09-20T22:47:33.698941Z ERROR foundry_compilers_artifacts_solc::sources: error="C:/Users/Jorge/.codex/worktrees/omerta-rc1-closure/Omerta/omerta-contracts/lib/openzeppelin-contracts\contracts/token/ERC20/ERC20.sol": The system cannot find the path specified. (os error 3)
2026-09-20T22:47:33.699503Z ERROR foundry_compilers_artifacts_solc::sources: error="C:/Users/Jorge/.codex/worktrees/omerta-rc1-closure/Omerta/omerta-contracts/lib/openzeppelin-contracts\contracts/access/Ownable.sol": The system cannot find the path specified. (os error 3)
2026-09-20T22:47:33.700153Z ERROR foundry_compilers_artifacts_solc::sources: error="C:/Users/Jorge/.codex/worktrees/omerta-rc1-closure/Omerta/omerta-contracts/lib/openzeppelin-contracts\contracts/access/Ownable.sol": The system cannot find the path specified. (os error 3)
2026-09-20T22:47:33.701405Z ERROR foundry_compilers_artifacts_solc::sources: error="C:/Users/Jorge/.codex/worktrees/omerta-rc1-closure/Omerta/omerta-contracts/lib/openzeppelin-contracts\contracts/access/Ownable.sol": The system cannot find the path specified. (os error 3)
2026-09-20T22:47:33.702341Z ERROR foundry_compilers_artifacts_solc::sources: error="C:/Users/Jorge/.codex/worktrees/omerta-rc1-closure/Omerta/omerta-contracts/lib/openzeppelin-contracts\contracts/token/ERC20/ERC20.sol": The system cannot find the path specified. (os error 3)
2026-09-20T22:47:33.702699Z ERROR foundry_compilers_artifacts_solc::sources: error="C:/Users/Jorge/.codex/worktrees/omerta-rc1-closure/Omerta/omerta-contracts/lib/openzeppelin-contracts\contracts/access/Ownable.sol": The system cannot find the path specified. (os error 3)
2026-09-20T22:47:33.703900Z ERROR foundry_compilers_artifacts_solc::sources: error="C:/Users/Jorge/.codex/worktrees/omerta-rc1-closure/Omerta/omerta-contracts/lib/openzeppelin-contracts\contracts/token/ERC20/ERC20.sol": The system cannot find the path specified. (os error 3)
2026-09-20T22:47:33.704899Z ERROR foundry_compilers_artifacts_solc::sources: error="C:/Users/Jorge/.codex/worktrees/omerta-rc1-closure/Omerta/omerta-contracts/lib/openzeppelin-contracts\contracts/token/ERC20/ERC20.sol": The system cannot find the path specified. (os error 3)
2026-09-20T22:47:33.705643Z ERROR foundry_compilers_artifacts_solc::sources: error="C:/Users/Jorge/.codex/worktrees/omerta-rc1-closure/Omerta/omerta-contracts/lib/openzeppelin-contracts\contracts/utils/Base64.sol": The system cannot find the path specified. (os error 3)
2026-09-20T22:47:33.706032Z ERROR foundry_compilers_artifacts_solc::sources: error="C:/Users/Jorge/.codex/worktrees/omerta-rc1-closure/Omerta/omerta-contracts/lib/openzeppelin-contracts\contracts/utils/Strings.sol": The system cannot find the path specified. (os error 3)
2026-09-20T22:47:33.706756Z ERROR foundry_compilers_artifacts_solc::sources: error="C:/Users/Jorge/.codex/worktrees/omerta-rc1-closure/Omerta/omerta-contracts/lib/openzeppelin-contracts\contracts/interfaces/IERC20.sol": The system cannot find the path specified. (os error 3)
2026-09-20T22:47:33.707207Z ERROR foundry_compilers_artifacts_solc::sources: error="C:/Users/Jorge/.codex/worktrees/omerta-rc1-closure/Omerta/omerta-contracts/lib/openzeppelin-contracts\contracts/interfaces/IERC20Metadata.sol": The system cannot find the path specified. (os error 3)
2026-09-20T22:47:33.707609Z ERROR foundry_compilers_artifacts_solc::sources: error="C:/Users/Jorge/.codex/worktrees/omerta-rc1-closure/Omerta/omerta-contracts/lib/openzeppelin-contracts\contracts/interfaces/IERC4626.sol": The system cannot find the path specified. (os error 3)
2026-09-20T22:47:33.708793Z ERROR foundry_compilers_artifacts_solc::sources: error="C:/Users/Jorge/.codex/worktrees/omerta-rc1-closure/Omerta/omerta-contracts/lib/openzeppelin-contracts\contracts/token/ERC20/ERC20.sol": The system cannot find the path specified. (os error 3)
2026-09-20T22:47:33.709165Z ERROR foundry_compilers_artifacts_solc::sources: error="C:/Users/Jorge/.codex/worktrees/omerta-rc1-closure/Omerta/omerta-contracts/lib/openzeppelin-contracts\contracts/interfaces/IERC20.sol": The system cannot find the path specified. (os error 3)
2026-09-20T22:47:33.709564Z ERROR foundry_compilers_artifacts_solc::sources: error="C:/Users/Jorge/.codex/worktrees/omerta-rc1-closure/Omerta/omerta-contracts/lib/openzeppelin-contracts\contracts/interfaces/IERC20Metadata.sol": The system cannot find the path specified. (os error 3)
2026-09-20T22:47:33.710925Z ERROR foundry_compilers_artifacts_solc::sources: error="C:/Users/Jorge/.codex/worktrees/omerta-rc1-closure/Omerta/omerta-contracts/lib/openzeppelin-contracts\contracts/token/ERC20/ERC20.sol": The system cannot find the path specified. (os error 3)
2026-09-20T22:47:33.711310Z ERROR foundry_compilers_artifacts_solc::sources: error="C:/Users/Jorge/.codex/worktrees/omerta-rc1-closure/Omerta/omerta-contracts/lib/openzeppelin-contracts\contracts/token/ERC20/extensions/ERC4626.sol": The system cannot find the path specified. (os error 3)
2026-09-20T22:47:33.711678Z ERROR foundry_compilers_artifacts_solc::sources: error="C:/Users/Jorge/.codex/worktrees/omerta-rc1-closure/Omerta/omerta-contracts/lib/openzeppelin-contracts\contracts/interfaces/IERC20.sol": The system cannot find the path specified. (os error 3)
2026-09-20T22:47:33.712036Z ERROR foundry_compilers_artifacts_solc::sources: error="C:/Users/Jorge/.codex/worktrees/omerta-rc1-closure/Omerta/omerta-contracts/lib/openzeppelin-contracts\contracts/interfaces/IERC4626.sol": The system cannot find the path specified. (os error 3)
2026-09-20T22:47:33.712358Z ERROR foundry_compilers_artifacts_solc::sources: error="C:/Users/Jorge/.codex/worktrees/omerta-rc1-closure/Omerta/omerta-contracts/lib/openzeppelin-contracts\contracts/token/ERC20/utils/SafeERC20.sol": The system cannot find the path specified. (os error 3)
2026-09-20T22:47:33.712678Z ERROR foundry_compilers_artifacts_solc::sources: error="C:/Users/Jorge/.codex/worktrees/omerta-rc1-closure/Omerta/omerta-contracts/lib/openzeppelin-contracts\contracts/utils/math/Math.sol": The system cannot find the path specified. (os error 3)
2026-09-20T22:47:33.715395Z ERROR foundry_compilers_artifacts_solc::sources: error="C:/Users/Jorge/.codex/worktrees/omerta-rc1-closure/Omerta/omerta-contracts/lib/openzeppelin-contracts\contracts/token/ERC20/IERC20.sol": The system cannot find the path specified. (os error 3)
2026-09-20T22:47:33.715966Z ERROR foundry_compilers_artifacts_solc::sources: error="C:/Users/Jorge/.codex/worktrees/omerta-rc1-closure/Omerta/omerta-contracts/lib/openzeppelin-contracts\contracts/token/ERC721/IERC721Receiver.sol": The system cannot find the path specified. (os error 3)
2026-09-20T22:47:33.716283Z ERROR foundry_compilers_artifacts_solc::sources: error="C:/Users/Jorge/.codex/worktrees/omerta-rc1-closure/Omerta/omerta-contracts/lib/openzeppelin-contracts\contracts/token/ERC1155/utils/ERC1155Holder.sol": The system cannot find the path specified. (os error 3)
2026-09-20T22:47:33.716594Z ERROR foundry_compilers_artifacts_solc::sources: error="C:/Users/Jorge/.codex/worktrees/omerta-rc1-closure/Omerta/omerta-contracts/lib/v4-core/src\PoolManager.sol": The system cannot find the path specified. (os error 3)
2026-09-20T22:47:33.716911Z ERROR foundry_compilers_artifacts_solc::sources: error="C:/Users/Jorge/.codex/worktrees/omerta-rc1-closure/Omerta/omerta-contracts/lib/v4-core/src\types/PoolKey.sol": The system cannot find the path specified. (os error 3)
2026-09-20T22:47:33.717214Z ERROR foundry_compilers_artifacts_solc::sources: error="C:/Users/Jorge/.codex/worktrees/omerta-rc1-closure/Omerta/omerta-contracts/lib/v4-core/src\types/PoolId.sol": The system cannot find the path specified. (os error 3)
2026-09-20T22:47:33.717520Z ERROR foundry_compilers_artifacts_solc::sources: error="C:/Users/Jorge/.codex/worktrees/omerta-rc1-closure/Omerta/omerta-contracts/lib/v4-core/src\types/Currency.sol": The system cannot find the path specified. (os error 3)
2026-09-20T22:47:33.717827Z ERROR foundry_compilers_artifacts_solc::sources: error="C:/Users/Jorge/.codex/worktrees/omerta-rc1-closure/Omerta/omerta-contracts/lib/v4-core/src\interfaces/IHooks.sol": The system cannot find the path specified. (os error 3)
2026-09-20T22:47:33.719594Z ERROR foundry_compilers_artifacts_solc::sources: error="C:/Users/Jorge/.codex/worktrees/omerta-rc1-closure/Omerta/omerta-contracts/lib/v4-core/src\PoolManager.sol": The system cannot find the path specified. (os error 3)
2026-09-20T22:47:33.719906Z ERROR foundry_compilers_artifacts_solc::sources: error="C:/Users/Jorge/.codex/worktrees/omerta-rc1-closure/Omerta/omerta-contracts/lib/v4-core/src\interfaces/IPoolManager.sol": The system cannot find the path specified. (os error 3)
2026-09-20T22:47:33.720225Z ERROR foundry_compilers_artifacts_solc::sources: error="C:/Users/Jorge/.codex/worktrees/omerta-rc1-closure/Omerta/omerta-contracts/lib/v4-core/src\interfaces/IHooks.sol": The system cannot find the path specified. (os error 3)
2026-09-20T22:47:33.720540Z ERROR foundry_compilers_artifacts_solc::sources: error="C:/Users/Jorge/.codex/worktrees/omerta-rc1-closure/Omerta/omerta-contracts/lib/v4-core/src\libraries/Hooks.sol": The system cannot find the path specified. (os error 3)
2026-09-20T22:47:33.720849Z ERROR foundry_compilers_artifacts_solc::sources: error="C:/Users/Jorge/.codex/worktrees/omerta-rc1-closure/Omerta/omerta-contracts/lib/v4-core/src\libraries/StateLibrary.sol": The system cannot find the path specified. (os error 3)
2026-09-20T22:47:33.721154Z ERROR foundry_compilers_artifacts_solc::sources: error="C:/Users/Jorge/.codex/worktrees/omerta-rc1-closure/Omerta/omerta-contracts/lib/v4-core/src\types/PoolKey.sol": The system cannot find the path specified. (os error 3)
2026-09-20T22:47:33.721468Z ERROR foundry_compilers_artifacts_solc::sources: error="C:/Users/Jorge/.codex/worktrees/omerta-rc1-closure/Omerta/omerta-contracts/lib/v4-core/src\types/PoolId.sol": The system cannot find the path specified. (os error 3)
2026-09-20T22:47:33.721794Z ERROR foundry_compilers_artifacts_solc::sources: error="C:/Users/Jorge/.codex/worktrees/omerta-rc1-closure/Omerta/omerta-contracts/lib/v4-core/src\types/Currency.sol": The system cannot find the path specified. (os error 3)
2026-09-20T22:47:33.722107Z ERROR foundry_compilers_artifacts_solc::sources: error="C:/Users/Jorge/.codex/worktrees/omerta-rc1-closure/Omerta/omerta-contracts/lib/v4-core/src\types/BalanceDelta.sol": The system cannot find the path specified. (os error 3)
2026-09-20T22:47:33.722433Z ERROR foundry_compilers_artifacts_solc::sources: error="C:/Users/Jorge/.codex/worktrees/omerta-rc1-closure/Omerta/omerta-contracts/lib/v4-core/src\types/PoolOperation.sol": The system cannot find the path specified. (os error 3)
2026-09-20T22:47:33.722761Z ERROR foundry_compilers_artifacts_solc::sources: error="C:/Users/Jorge/.codex/worktrees/omerta-rc1-closure/Omerta/omerta-contracts/lib/v4-core/src\test/PoolSwapTest.sol": The system cannot find the path specified. (os error 3)
2026-09-20T22:47:33.723080Z ERROR foundry_compilers_artifacts_solc::sources: error="C:/Users/Jorge/.codex/worktrees/omerta-rc1-closure/Omerta/omerta-contracts/lib/v4-core/src\test/PoolModifyLiquidityTest.sol": The system cannot find the path specified. (os error 3)
2026-09-20T22:47:33.724065Z ERROR foundry_compilers_artifacts_solc::sources: error="C:/Users/Jorge/.codex/worktrees/omerta-rc1-closure/Omerta/omerta-contracts/lib/v4-core/src\PoolManager.sol": The system cannot find the path specified. (os error 3)
2026-09-20T22:47:33.724402Z ERROR foundry_compilers_artifacts_solc::sources: error="C:/Users/Jorge/.codex/worktrees/omerta-rc1-closure/Omerta/omerta-contracts/lib/v4-core/src\interfaces/IHooks.sol": The system cannot find the path specified. (os error 3)
2026-09-20T22:47:33.724741Z ERROR foundry_compilers_artifacts_solc::sources: error="C:/Users/Jorge/.codex/worktrees/omerta-rc1-closure/Omerta/omerta-contracts/lib/v4-core/src\libraries/Hooks.sol": The system cannot find the path specified. (os error 3)
2026-09-20T22:47:33.725068Z ERROR foundry_compilers_artifacts_solc::sources: error="C:/Users/Jorge/.codex/worktrees/omerta-rc1-closure/Omerta/omerta-contracts/lib/v4-core/src\types/PoolKey.sol": The system cannot find the path specified. (os error 3)
2026-09-20T22:47:33.725391Z ERROR foundry_compilers_artifacts_solc::sources: error="C:/Users/Jorge/.codex/worktrees/omerta-rc1-closure/Omerta/omerta-contracts/lib/v4-core/src\types/PoolId.sol": The system cannot find the path specified. (os error 3)
2026-09-20T22:47:33.725725Z ERROR foundry_compilers_artifacts_solc::sources: error="C:/Users/Jorge/.codex/worktrees/omerta-rc1-closure/Omerta/omerta-contracts/lib/v4-core/src\types/Currency.sol": The system cannot find the path specified. (os error 3)
2026-09-20T22:47:33.727621Z ERROR foundry_compilers_artifacts_solc::sources: error="C:/Users/Jorge/.codex/worktrees/omerta-rc1-closure/Omerta/omerta-contracts/lib/v4-core/src\PoolManager.sol": The system cannot find the path specified. (os error 3)
2026-09-20T22:47:33.727966Z ERROR foundry_compilers_artifacts_solc::sources: error="C:/Users/Jorge/.codex/worktrees/omerta-rc1-closure/Omerta/omerta-contracts/lib/v4-core/src\interfaces/IPoolManager.sol": The system cannot find the path specified. (os error 3)
2026-09-20T22:47:33.728281Z ERROR foundry_compilers_artifacts_solc::sources: error="C:/Users/Jorge/.codex/worktrees/omerta-rc1-closure/Omerta/omerta-contracts/lib/v4-core/src\interfaces/IHooks.sol": The system cannot find the path specified. (os error 3)
2026-09-20T22:47:33.728753Z ERROR foundry_compilers_artifacts_solc::sources: error="C:/Users/Jorge/.codex/worktrees/omerta-rc1-closure/Omerta/omerta-contracts/lib/v4-core/src\libraries/Hooks.sol": The system cannot find the path specified. (os error 3)
2026-09-20T22:47:33.729065Z ERROR foundry_compilers_artifacts_solc::sources: error="C:/Users/Jorge/.codex/worktrees/omerta-rc1-closure/Omerta/omerta-contracts/lib/v4-core/src\types/PoolKey.sol": The system cannot find the path specified. (os error 3)
2026-09-20T22:47:33.729495Z ERROR foundry_compilers_artifacts_solc::sources: error="C:/Users/Jorge/.codex/worktrees/omerta-rc1-closure/Omerta/omerta-contracts/lib/v4-core/src\types/Currency.sol": The system cannot find the path specified. (os error 3)
2026-09-20T22:47:33.729924Z ERROR foundry_compilers_artifacts_solc::sources: error="C:/Users/Jorge/.codex/worktrees/omerta-rc1-closure/Omerta/omerta-contracts/lib/v4-core/src\types/BalanceDelta.sol": The system cannot find the path specified. (os error 3)
2026-09-20T22:47:33.730268Z ERROR foundry_compilers_artifacts_solc::sources: error="C:/Users/Jorge/.codex/worktrees/omerta-rc1-closure/Omerta/omerta-contracts/lib/v4-core/src\types/PoolOperation.sol": The system cannot find the path specified. (os error 3)
2026-09-20T22:47:33.730587Z ERROR foundry_compilers_artifacts_solc::sources: error="C:/Users/Jorge/.codex/worktrees/omerta-rc1-closure/Omerta/omerta-contracts/lib/v4-core/src\test/PoolSwapTest.sol": The system cannot find the path specified. (os error 3)
2026-09-20T22:47:33.730940Z ERROR foundry_compilers_artifacts_solc::sources: error="C:/Users/Jorge/.codex/worktrees/omerta-rc1-closure/Omerta/omerta-contracts/lib/v4-core/src\test/PoolModifyLiquidityTest.sol": The system cannot find the path specified. (os error 3)
2026-09-20T22:47:33.731891Z ERROR foundry_compilers_artifacts_solc::sources: error="C:/Users/Jorge/.codex/worktrees/omerta-rc1-closure/Omerta/omerta-contracts/lib/openzeppelin-contracts\contracts/token/ERC20/ERC20.sol": The system cannot find the path specified. (os error 3)
2026-09-20T22:47:33.732266Z ERROR foundry_compilers_artifacts_solc::sources: error="C:/Users/Jorge/.codex/worktrees/omerta-rc1-closure/Omerta/omerta-contracts/lib/openzeppelin-contracts\contracts/token/ERC20/IERC20.sol": The system cannot find the path specified. (os error 3)
2026-09-20T22:47:33.732614Z ERROR foundry_compilers_artifacts_solc::sources: error="C:/Users/Jorge/.codex/worktrees/omerta-rc1-closure/Omerta/omerta-contracts/lib/openzeppelin-contracts\contracts/token/ERC20/utils/SafeERC20.sol": The system cannot find the path specified. (os error 3)
2026-09-20T22:47:33.733621Z ERROR foundry_compilers_artifacts_solc::sources: error="C:/Users/Jorge/.codex/worktrees/omerta-rc1-closure/Omerta/omerta-contracts/lib/openzeppelin-contracts\contracts/token/ERC20/ERC20.sol": The system cannot find the path specified. (os error 3)
2026-09-20T22:47:33.733952Z ERROR foundry_compilers_artifacts_solc::sources: error="C:/Users/Jorge/.codex/worktrees/omerta-rc1-closure/Omerta/omerta-contracts/lib/openzeppelin-contracts\contracts/token/ERC20/extensions/ERC4626.sol": The system cannot find the path specified. (os error 3)
2026-09-20T22:47:33.734267Z ERROR foundry_compilers_artifacts_solc::sources: error="C:/Users/Jorge/.codex/worktrees/omerta-rc1-closure/Omerta/omerta-contracts/lib/openzeppelin-contracts\contracts/token/ERC20/IERC20.sol": The system cannot find the path specified. (os error 3)
2026-09-20T22:47:33.734624Z ERROR foundry_compilers_artifacts_solc::sources: error="C:/Users/Jorge/.codex/worktrees/omerta-rc1-closure/Omerta/omerta-contracts/lib/openzeppelin-contracts\contracts/interfaces/IERC4626.sol": The system cannot find the path specified. (os error 3)
2026-09-20T22:47:33.736452Z ERROR foundry_compilers_artifacts_solc::sources: error="C:/Users/Jorge/.codex/worktrees/omerta-rc1-closure/Omerta/omerta-contracts/lib/openzeppelin-contracts\contracts/token/ERC20/IERC20.sol": The system cannot find the path specified. (os error 3)
2026-09-20T22:47:33.736789Z ERROR foundry_compilers_artifacts_solc::sources: error="C:/Users/Jorge/.codex/worktrees/omerta-rc1-closure/Omerta/omerta-contracts/lib/openzeppelin-contracts\contracts/interfaces/IERC4626.sol": The system cannot find the path specified. (os error 3)
2026-09-20T22:47:33.742782Z ERROR foundry_compilers_artifacts_solc::sources: error="C:/Users/Jorge/.codex/worktrees/omerta-rc1-closure/Omerta/omerta-contracts/lib/openzeppelin-contracts\contracts/token/ERC20/ERC20.sol": The system cannot find the path specified. (os error 3)
2026-09-20T22:47:33.743111Z ERROR foundry_compilers_artifacts_solc::sources: error="C:/Users/Jorge/.codex/worktrees/omerta-rc1-closure/Omerta/omerta-contracts/lib/openzeppelin-contracts\contracts/token/ERC20/extensions/ERC4626.sol": The system cannot find the path specified. (os error 3)
2026-09-20T22:47:33.743725Z ERROR foundry_compilers_artifacts_solc::sources: error="C:/Users/Jorge/.codex/worktrees/omerta-rc1-closure/Omerta/omerta-contracts/lib/openzeppelin-contracts\contracts/token/ERC20/IERC20.sol": The system cannot find the path specified. (os error 3)
2026-09-20T22:47:33.744642Z ERROR foundry_compilers_artifacts_solc::sources: error="C:/Users/Jorge/.codex/worktrees/omerta-rc1-closure/Omerta/omerta-contracts/lib/v4-core/src\interfaces/IPoolManager.sol": The system cannot find the path specified. (os error 3)
2026-09-20T22:47:33.744964Z ERROR foundry_compilers_artifacts_solc::sources: error="C:/Users/Jorge/.codex/worktrees/omerta-rc1-closure/Omerta/omerta-contracts/lib/v4-core/src\interfaces/IHooks.sol": The system cannot find the path specified. (os error 3)
2026-09-20T22:47:33.745569Z ERROR foundry_compilers_artifacts_solc::sources: error="C:/Users/Jorge/.codex/worktrees/omerta-rc1-closure/Omerta/omerta-contracts/lib/v4-core/src\types/PoolKey.sol": The system cannot find the path specified. (os error 3)
2026-09-20T22:47:33.746068Z ERROR foundry_compilers_artifacts_solc::sources: error="C:/Users/Jorge/.codex/worktrees/omerta-rc1-closure/Omerta/omerta-contracts/lib/v4-core/src\types/PoolId.sol": The system cannot find the path specified. (os error 3)
2026-09-20T22:47:33.746533Z ERROR foundry_compilers_artifacts_solc::sources: error="C:/Users/Jorge/.codex/worktrees/omerta-rc1-closure/Omerta/omerta-contracts/lib/v4-core/src\types/Currency.sol": The system cannot find the path specified. (os error 3)
2026-09-20T22:47:33.746842Z ERROR foundry_compilers_artifacts_solc::sources: error="C:/Users/Jorge/.codex/worktrees/omerta-rc1-closure/Omerta/omerta-contracts/lib/v4-core/src\types/PoolOperation.sol": The system cannot find the path specified. (os error 3)
2026-09-20T22:47:33.747147Z ERROR foundry_compilers_artifacts_solc::sources: error="C:/Users/Jorge/.codex/worktrees/omerta-rc1-closure/Omerta/omerta-contracts/lib/v4-core/src\test/PoolModifyLiquidityTest.sol": The system cannot find the path specified. (os error 3)
2026-09-20T22:47:33.747449Z ERROR foundry_compilers_artifacts_solc::sources: error="C:/Users/Jorge/.codex/worktrees/omerta-rc1-closure/Omerta/omerta-contracts/lib/v4-core/src\libraries/TickMath.sol": The system cannot find the path specified. (os error 3)
2026-09-20T22:47:33.747765Z ERROR foundry_compilers_artifacts_solc::sources: error="C:/Users/Jorge/.codex/worktrees/omerta-rc1-closure/Omerta/omerta-contracts/lib/v4-core/src\libraries/StateLibrary.sol": The system cannot find the path specified. (os error 3)
2026-09-20T22:47:33.748065Z ERROR foundry_compilers_artifacts_solc::sources: error="C:/Users/Jorge/.codex/worktrees/omerta-rc1-closure/Omerta/omerta-contracts/lib/v4-core/src\libraries/Hooks.sol": The system cannot find the path specified. (os error 3)
2026-09-20T22:47:33.749079Z ERROR foundry_compilers_artifacts_solc::sources: error="C:/Users/Jorge/.codex/worktrees/omerta-rc1-closure/Omerta/omerta-contracts/lib/openzeppelin-contracts\contracts/token/ERC721/IERC721.sol": The system cannot find the path specified. (os error 3)
2026-09-20T22:47:33.749504Z ERROR foundry_compilers_artifacts_solc::sources: error="C:/Users/Jorge/.codex/worktrees/omerta-rc1-closure/Omerta/omerta-contracts/lib/v4-core/src\interfaces/IPoolManager.sol": The system cannot find the path specified. (os error 3)
2026-09-20T22:47:33.749833Z ERROR foundry_compilers_artifacts_solc::sources: error="C:/Users/Jorge/.codex/worktrees/omerta-rc1-closure/Omerta/omerta-contracts/lib/v4-core/src\interfaces/IHooks.sol": The system cannot find the path specified. (os error 3)
2026-09-20T22:47:33.750159Z ERROR foundry_compilers_artifacts_solc::sources: error="C:/Users/Jorge/.codex/worktrees/omerta-rc1-closure/Omerta/omerta-contracts/lib/v4-core/src\types/PoolKey.sol": The system cannot find the path specified. (os error 3)
2026-09-20T22:47:33.750471Z ERROR foundry_compilers_artifacts_solc::sources: error="C:/Users/Jorge/.codex/worktrees/omerta-rc1-closure/Omerta/omerta-contracts/lib/v4-core/src\types/Currency.sol": The system cannot find the path specified. (os error 3)
2026-09-20T22:47:33.751141Z ERROR foundry_compilers_artifacts_solc::sources: error="C:/Users/Jorge/.codex/worktrees/omerta-rc1-closure/Omerta/omerta-contracts/lib/permit2\src/interfaces/IAllowanceTransfer.sol": The system cannot find the path specified. (os error 3)
2026-09-20T22:47:33.751457Z ERROR foundry_compilers_artifacts_solc::sources: error="C:/Users/Jorge/.codex/worktrees/omerta-rc1-closure/Omerta/omerta-contracts/lib/permit2\test/utils/DeployPermit2.sol": The system cannot find the path specified. (os error 3)
2026-09-20T22:47:33.752807Z ERROR foundry_compilers_artifacts_solc::sources: error="C:/Users/Jorge/.codex/worktrees/omerta-rc1-closure/Omerta/omerta-contracts/lib/v4-core/src\types/PoolKey.sol": The system cannot find the path specified. (os error 3)
2026-09-20T22:47:33.753129Z ERROR foundry_compilers_artifacts_solc::sources: error="C:/Users/Jorge/.codex/worktrees/omerta-rc1-closure/Omerta/omerta-contracts/lib/v4-core/src\interfaces/IHooks.sol": The system cannot find the path specified. (os error 3)
2026-09-20T22:47:33.753432Z ERROR foundry_compilers_artifacts_solc::sources: error="C:/Users/Jorge/.codex/worktrees/omerta-rc1-closure/Omerta/omerta-contracts/lib/v4-core/src\types/PoolOperation.sol": The system cannot find the path specified. (os error 3)
2026-09-20T22:47:33.753744Z ERROR foundry_compilers_artifacts_solc::sources: error="C:/Users/Jorge/.codex/worktrees/omerta-rc1-closure/Omerta/omerta-contracts/lib/v4-core/src\test/PoolSwapTest.sol": The system cannot find the path specified. (os error 3)
2026-09-20T22:47:33.754076Z ERROR foundry_compilers_artifacts_solc::sources: error="C:/Users/Jorge/.codex/worktrees/omerta-rc1-closure/Omerta/omerta-contracts/lib/v4-core/src\libraries/TickMath.sol": The system cannot find the path specified. (os error 3)
2026-09-20T22:47:33.754387Z ERROR foundry_compilers_artifacts_solc::sources: error="C:/Users/Jorge/.codex/worktrees/omerta-rc1-closure/Omerta/omerta-contracts/lib/openzeppelin-contracts\contracts/token/ERC20/ERC20.sol": The system cannot find the path specified. (os error 3)
2026-09-20T22:47:33.755751Z ERROR foundry_compilers_artifacts_solc::sources: error="C:/Users/Jorge/.codex/worktrees/omerta-rc1-closure/Omerta/omerta-contracts/lib/v4-core/src\interfaces/IHooks.sol": The system cannot find the path specified. (os error 3)
2026-09-20T22:47:33.756064Z ERROR foundry_compilers_artifacts_solc::sources: error="C:/Users/Jorge/.codex/worktrees/omerta-rc1-closure/Omerta/omerta-contracts/lib/v4-core/src\types/PoolKey.sol": The system cannot find the path specified. (os error 3)
2026-09-20T22:47:33.756371Z ERROR foundry_compilers_artifacts_solc::sources: error="C:/Users/Jorge/.codex/worktrees/omerta-rc1-closure/Omerta/omerta-contracts/lib/v4-core/src\libraries/TickMath.sol": The system cannot find the path specified. (os error 3)
2026-09-20T22:47:33.756676Z ERROR foundry_compilers_artifacts_solc::sources: error="C:/Users/Jorge/.codex/worktrees/omerta-rc1-closure/Omerta/omerta-contracts/lib/v4-core/src\types/PoolOperation.sol": The system cannot find the path specified. (os error 3)
2026-09-20T22:47:33.757788Z ERROR foundry_compilers_artifacts_solc::sources: error="C:/Users/Jorge/.codex/worktrees/omerta-rc1-closure/Omerta/omerta-contracts/lib/v4-core/src\types/PoolOperation.sol": The system cannot find the path specified. (os error 3)
2026-09-20T22:47:33.758107Z ERROR foundry_compilers_artifacts_solc::sources: error="C:/Users/Jorge/.codex/worktrees/omerta-rc1-closure/Omerta/omerta-contracts/lib/v4-core/src\libraries/TickMath.sol": The system cannot find the path specified. (os error 3)
2026-09-20T22:47:33.759207Z ERROR foundry_compilers_artifacts_solc::sources: error="C:/Users/Jorge/.codex/worktrees/omerta-rc1-closure/Omerta/omerta-contracts/lib/openzeppelin-contracts\contracts/token/ERC20/ERC20.sol": The system cannot find the path specified. (os error 3)
2026-09-20T22:47:33.759595Z ERROR foundry_compilers_artifacts_solc::sources: error="C:/Users/Jorge/.codex/worktrees/omerta-rc1-closure/Omerta/omerta-contracts/lib/v4-core/src\interfaces/IPoolManager.sol": The system cannot find the path specified. (os error 3)
2026-09-20T22:47:33.760011Z ERROR foundry_compilers_artifacts_solc::sources: error="C:/Users/Jorge/.codex/worktrees/omerta-rc1-closure/Omerta/omerta-contracts/lib/v4-core/src\interfaces/IHooks.sol": The system cannot find the path specified. (os error 3)
2026-09-20T22:47:33.760747Z ERROR foundry_compilers_artifacts_solc::sources: error="C:/Users/Jorge/.codex/worktrees/omerta-rc1-closure/Omerta/omerta-contracts/lib/v4-core/src\libraries/Hooks.sol": The system cannot find the path specified. (os error 3)
2026-09-20T22:47:33.761100Z ERROR foundry_compilers_artifacts_solc::sources: error="C:/Users/Jorge/.codex/worktrees/omerta-rc1-closure/Omerta/omerta-contracts/lib/v4-core/src\libraries/StateLibrary.sol": The system cannot find the path specified. (os error 3)
2026-09-20T22:47:33.761413Z ERROR foundry_compilers_artifacts_solc::sources: error="C:/Users/Jorge/.codex/worktrees/omerta-rc1-closure/Omerta/omerta-contracts/lib/v4-core/src\libraries/TickMath.sol": The system cannot find the path specified. (os error 3)
2026-09-20T22:47:33.761755Z ERROR foundry_compilers_artifacts_solc::sources: error="C:/Users/Jorge/.codex/worktrees/omerta-rc1-closure/Omerta/omerta-contracts/lib/v4-core/src\types/PoolKey.sol": The system cannot find the path specified. (os error 3)
2026-09-20T22:47:33.762155Z ERROR foundry_compilers_artifacts_solc::sources: error="C:/Users/Jorge/.codex/worktrees/omerta-rc1-closure/Omerta/omerta-contracts/lib/v4-core/src\types/PoolId.sol": The system cannot find the path specified. (os error 3)
2026-09-20T22:47:33.762573Z ERROR foundry_compilers_artifacts_solc::sources: error="C:/Users/Jorge/.codex/worktrees/omerta-rc1-closure/Omerta/omerta-contracts/lib/v4-core/src\types/Currency.sol": The system cannot find the path specified. (os error 3)
2026-09-20T22:47:33.762929Z ERROR foundry_compilers_artifacts_solc::sources: error="C:/Users/Jorge/.codex/worktrees/omerta-rc1-closure/Omerta/omerta-contracts/lib/v4-core/src\types/BalanceDelta.sol": The system cannot find the path specified. (os error 3)
2026-09-20T22:47:33.763351Z ERROR foundry_compilers_artifacts_solc::sources: error="C:/Users/Jorge/.codex/worktrees/omerta-rc1-closure/Omerta/omerta-contracts/lib/v4-core/src\types/PoolOperation.sol": The system cannot find the path specified. (os error 3)
2026-09-20T22:47:33.763713Z ERROR foundry_compilers_artifacts_solc::sources: error="C:/Users/Jorge/.codex/worktrees/omerta-rc1-closure/Omerta/omerta-contracts/lib/v4-core/src\test/PoolSwapTest.sol": The system cannot find the path specified. (os error 3)
2026-09-20T22:47:33.764033Z ERROR foundry_compilers_artifacts_solc::sources: error="C:/Users/Jorge/.codex/worktrees/omerta-rc1-closure/Omerta/omerta-contracts/lib/v4-core/src\test/PoolModifyLiquidityTest.sol": The system cannot find the path specified. (os error 3)
2026-09-20T22:47:33.765165Z ERROR foundry_compilers_artifacts_solc::sources: error="C:/Users/Jorge/.codex/worktrees/omerta-rc1-closure/Omerta/omerta-contracts/lib/v4-core/src\interfaces/IPoolManager.sol": The system cannot find the path specified. (os error 3)
2026-09-20T22:47:33.765472Z ERROR foundry_compilers_artifacts_solc::sources: error="C:/Users/Jorge/.codex/worktrees/omerta-rc1-closure/Omerta/omerta-contracts/lib/v4-core/src\interfaces/IHooks.sol": The system cannot find the path specified. (os error 3)
2026-09-20T22:47:33.765773Z ERROR foundry_compilers_artifacts_solc::sources: error="C:/Users/Jorge/.codex/worktrees/omerta-rc1-closure/Omerta/omerta-contracts/lib/v4-core/src\types/PoolKey.sol": The system cannot find the path specified. (os error 3)
2026-09-20T22:47:33.766078Z ERROR foundry_compilers_artifacts_solc::sources: error="C:/Users/Jorge/.codex/worktrees/omerta-rc1-closure/Omerta/omerta-contracts/lib/v4-core/src\types/Currency.sol": The system cannot find the path specified. (os error 3)
2026-09-20T22:47:33.766806Z ERROR foundry_compilers_artifacts_solc::sources: error="C:/Users/Jorge/.codex/worktrees/omerta-rc1-closure/Omerta/omerta-contracts/lib/v4-core/src\interfaces/IPoolManager.sol": The system cannot find the path specified. (os error 3)
2026-09-20T22:47:33.767108Z ERROR foundry_compilers_artifacts_solc::sources: error="C:/Users/Jorge/.codex/worktrees/omerta-rc1-closure/Omerta/omerta-contracts/lib/v4-core/src\interfaces/IHooks.sol": The system cannot find the path specified. (os error 3)
2026-09-20T22:47:33.767407Z ERROR foundry_compilers_artifacts_solc::sources: error="C:/Users/Jorge/.codex/worktrees/omerta-rc1-closure/Omerta/omerta-contracts/lib/v4-core/src\types/PoolKey.sol": The system cannot find the path specified. (os error 3)
2026-09-20T22:47:33.767712Z ERROR foundry_compilers_artifacts_solc::sources: error="C:/Users/Jorge/.codex/worktrees/omerta-rc1-closure/Omerta/omerta-contracts/lib/v4-core/src\types/PoolId.sol": The system cannot find the path specified. (os error 3)
2026-09-20T22:47:33.768019Z ERROR foundry_compilers_artifacts_solc::sources: error="C:/Users/Jorge/.codex/worktrees/omerta-rc1-closure/Omerta/omerta-contracts/lib/v4-core/src\types/Currency.sol": The system cannot find the path specified. (os error 3)
2026-09-20T22:47:33.768320Z ERROR foundry_compilers_artifacts_solc::sources: error="C:/Users/Jorge/.codex/worktrees/omerta-rc1-closure/Omerta/omerta-contracts/lib/v4-core/src\types/PoolOperation.sol": The system cannot find the path specified. (os error 3)
2026-09-20T22:47:33.768635Z ERROR foundry_compilers_artifacts_solc::sources: error="C:/Users/Jorge/.codex/worktrees/omerta-rc1-closure/Omerta/omerta-contracts/lib/v4-core/src\test/PoolModifyLiquidityTest.sol": The system cannot find the path specified. (os error 3)
2026-09-20T22:47:33.768952Z ERROR foundry_compilers_artifacts_solc::sources: error="C:/Users/Jorge/.codex/worktrees/omerta-rc1-closure/Omerta/omerta-contracts/lib/v4-core/src\test/PoolSwapTest.sol": The system cannot find the path specified. (os error 3)
2026-09-20T22:47:33.769284Z ERROR foundry_compilers_artifacts_solc::sources: error="C:/Users/Jorge/.codex/worktrees/omerta-rc1-closure/Omerta/omerta-contracts/lib/v4-core/src\libraries/StateLibrary.sol": The system cannot find the path specified. (os error 3)
2026-09-20T22:47:33.769596Z ERROR foundry_compilers_artifacts_solc::sources: error="C:/Users/Jorge/.codex/worktrees/omerta-rc1-closure/Omerta/omerta-contracts/lib/v4-core/src\libraries/TickMath.sol": The system cannot find the path specified. (os error 3)
2026-09-20T22:47:33.769925Z ERROR foundry_compilers_artifacts_solc::sources: error="C:/Users/Jorge/.codex/worktrees/omerta-rc1-closure/Omerta/omerta-contracts/lib/v4-core/src\libraries/Hooks.sol": The system cannot find the path specified. (os error 3)
2026-09-20T22:47:33.771482Z ERROR foundry_compilers_artifacts_solc::sources: error="C:/Users/Jorge/.codex/worktrees/omerta-rc1-closure/Omerta/omerta-contracts/lib/v4-core/src\interfaces/IPoolManager.sol": The system cannot find the path specified. (os error 3)
2026-09-20T22:47:33.771817Z ERROR foundry_compilers_artifacts_solc::sources: error="C:/Users/Jorge/.codex/worktrees/omerta-rc1-closure/Omerta/omerta-contracts/lib/v4-core/src\types/PoolKey.sol": The system cannot find the path specified. (os error 3)
2026-09-20T22:47:33.772143Z ERROR foundry_compilers_artifacts_solc::sources: error="C:/Users/Jorge/.codex/worktrees/omerta-rc1-closure/Omerta/omerta-contracts/lib/v4-core/src\types/PoolId.sol": The system cannot find the path specified. (os error 3)
2026-09-20T22:47:33.772450Z ERROR foundry_compilers_artifacts_solc::sources: error="C:/Users/Jorge/.codex/worktrees/omerta-rc1-closure/Omerta/omerta-contracts/lib/v4-core/src\libraries/StateLibrary.sol": The system cannot find the path specified. (os error 3)
2026-09-20T22:47:33.772767Z ERROR foundry_compilers_artifacts_solc::sources: error="C:/Users/Jorge/.codex/worktrees/omerta-rc1-closure/Omerta/omerta-contracts/lib/v4-core/src\test/PoolSwapTest.sol": The system cannot find the path specified. (os error 3)
2026-09-20T22:47:33.773072Z ERROR foundry_compilers_artifacts_solc::sources: error="C:/Users/Jorge/.codex/worktrees/omerta-rc1-closure/Omerta/omerta-contracts/lib/v4-core/src\types/PoolOperation.sol": The system cannot find the path specified. (os error 3)
2026-09-20T22:47:33.773382Z ERROR foundry_compilers_artifacts_solc::sources: error="C:/Users/Jorge/.codex/worktrees/omerta-rc1-closure/Omerta/omerta-contracts/lib/v4-core/src\libraries/TickMath.sol": The system cannot find the path specified. (os error 3)
2026-09-20T22:47:33.774646Z ERROR foundry_compilers_artifacts_solc::sources: error="C:/Users/Jorge/.codex/worktrees/omerta-rc1-closure/Omerta/omerta-contracts/lib/openzeppelin-contracts\contracts/token/ERC20/ERC20.sol": The system cannot find the path specified. (os error 3)
2026-09-20T22:47:33.775847Z ERROR foundry_compilers_artifacts_solc::sources: error="C:/Users/Jorge/.codex/worktrees/omerta-rc1-closure/Omerta/omerta-contracts/lib/openzeppelin-contracts\contracts/utils/introspection/IERC165.sol": The system cannot find the path specified. (os error 3)
2026-09-20T22:47:33.776163Z ERROR foundry_compilers_artifacts_solc::sources: error="C:/Users/Jorge/.codex/worktrees/omerta-rc1-closure/Omerta/omerta-contracts/lib/openzeppelin-contracts\contracts/token/ERC721/IERC721.sol": The system cannot find the path specified. (os error 3)
2026-09-20T22:47:33.776570Z ERROR foundry_compilers_artifacts_solc::sources: error="C:/Users/Jorge/.codex/worktrees/omerta-rc1-closure/Omerta/omerta-contracts/lib/openzeppelin-contracts\contracts/interfaces/IERC1271.sol": The system cannot find the path specified. (os error 3)
2026-09-20T22:47:33.777275Z ERROR foundry_compilers_artifacts_solc::sources: error="C:/Users/Jorge/.codex/worktrees/omerta-rc1-closure/Omerta/omerta-contracts/lib/openzeppelin-contracts\contracts/utils/cryptography/SignatureChecker.sol": The system cannot find the path specified. (os error 3)
2026-09-20T22:47:33.777666Z ERROR foundry_compilers_artifacts_solc::sources: error="C:/Users/Jorge/.codex/worktrees/omerta-rc1-closure/Omerta/omerta-contracts/lib/openzeppelin-contracts\contracts/token/ERC20/ERC20.sol": The system cannot find the path specified. (os error 3)
2026-09-20T22:47:33.778041Z ERROR foundry_compilers_artifacts_solc::sources: error="C:/Users/Jorge/.codex/worktrees/omerta-rc1-closure/Omerta/omerta-contracts/lib/openzeppelin-contracts\contracts/token/ERC20/extensions/ERC4626.sol": The system cannot find the path specified. (os error 3)
2026-09-20T22:47:33.778474Z ERROR foundry_compilers_artifacts_solc::sources: error="C:/Users/Jorge/.codex/worktrees/omerta-rc1-closure/Omerta/omerta-contracts/lib/openzeppelin-contracts\contracts/interfaces/IERC20.sol": The system cannot find the path specified. (os error 3)
2026-09-20T22:47:33.779080Z ERROR foundry_compilers_artifacts_solc::sources: error="C:/Users/Jorge/.codex/worktrees/omerta-rc1-closure/Omerta/omerta-contracts/lib/openzeppelin-contracts\contracts/token/ERC20/ERC20.sol": The system cannot find the path specified. (os error 3)
2026-09-20T22:47:33.779985Z ERROR foundry_compilers_artifacts_solc::sources: error="C:/Users/Jorge/.codex/worktrees/omerta-rc1-closure/Omerta/omerta-contracts/lib/v4-core/src\interfaces/IHooks.sol": The system cannot find the path specified. (os error 3)
2026-09-20T22:47:33.780310Z ERROR foundry_compilers_artifacts_solc::sources: error="C:/Users/Jorge/.codex/worktrees/omerta-rc1-closure/Omerta/omerta-contracts/lib/v4-core/src\interfaces/IPoolManager.sol": The system cannot find the path specified. (os error 3)
2026-09-20T22:47:33.780636Z ERROR foundry_compilers_artifacts_solc::sources: error="C:/Users/Jorge/.codex/worktrees/omerta-rc1-closure/Omerta/omerta-contracts/lib/v4-core/src\types/Currency.sol": The system cannot find the path specified. (os error 3)
2026-09-20T22:47:33.780944Z ERROR foundry_compilers_artifacts_solc::sources: error="C:/Users/Jorge/.codex/worktrees/omerta-rc1-closure/Omerta/omerta-contracts/lib/v4-core/src\types/PoolId.sol": The system cannot find the path specified. (os error 3)
2026-09-20T22:47:33.781272Z ERROR foundry_compilers_artifacts_solc::sources: error="C:/Users/Jorge/.codex/worktrees/omerta-rc1-closure/Omerta/omerta-contracts/lib/v4-core/src\types/PoolKey.sol": The system cannot find the path specified. (os error 3)
Unable to resolve imports:
      "v4-core/PoolManager.sol" in "C:/Users/Jorge/.codex/worktrees/omerta-rc1-closure/Omerta/omerta-contracts/test\audit\GenesisOracleBootstrap.t.sol"
      "@openzeppelin/contracts/utils/ReentrancyGuard.sol" in "C:/Users/Jorge/.codex/worktrees/omerta-rc1-closure/Omerta/omerta-contracts/src\market-v2\OmertaHookV2.sol"
      "v4-core/types/PoolId.sol" in "C:/Users/Jorge/.codex/worktrees/omerta-rc1-closure/Omerta/omerta-contracts/test\market-v2\StabilityV2.t.sol"
      "forge-std/Test.sol" in "C:/Users/Jorge/.codex/worktrees/omerta-rc1-closure/Omerta/omerta-contracts/test\Bank.t.sol"
      "@openzeppelin/contracts/utils/ReentrancyGuard.sol" in "C:/Users/Jorge/.codex/worktrees/omerta-rc1-closure/Omerta/omerta-contracts/test\LiquidityBuybackExecutor.t.sol"
      "v4-core/interfaces/IPoolManager.sol" in "C:/Users/Jorge/.codex/worktrees/omerta-rc1-closure/Omerta/omerta-contracts/test\audit\ComprehensiveMarketAudit.t.sol"
      "@openzeppelin/contracts/token/ERC20/utils/SafeERC20.sol" in "C:/Users/Jorge/.codex/worktrees/omerta-rc1-closure/Omerta/omerta-contracts/src\market-v2\OmertaInventoryBondV2.sol"
      "@openzeppelin/contracts/access/Ownable2Step.sol" in "C:/Users/Jorge/.codex/worktrees/omerta-rc1-closure/Omerta/omerta-contracts/src\VoucherClaim.sol"
      "@openzeppelin/contracts/interfaces/IERC4626.sol" in "C:/Users/Jorge/.codex/worktrees/omerta-rc1-closure/Omerta/omerta-contracts/test\fizz\Base.sol"
      "v4-core/types/PoolKey.sol" in "C:/Users/Jorge/.codex/worktrees/omerta-rc1-closure/Omerta/omerta-contracts/test\market-v2\ArbitrageV2.t.sol"
      "v4-core/types/PoolKey.sol" in "C:/Users/Jorge/.codex/worktrees/omerta-rc1-closure/Omerta/omerta-contracts/test\market-v2\FundingIntegrationV2.t.sol"
      "v4-core/libraries/StateLibrary.sol" in "C:/Users/Jorge/.codex/worktrees/omerta-rc1-closure/Omerta/omerta-contracts/test\market-v2\StabilityV2Invariant.t.sol"
      "@openzeppelin/contracts/access/Ownable2Step.sol" in "C:/Users/Jorge/.codex/worktrees/omerta-rc1-closure/Omerta/omerta-contracts/src\market-v2\OmertaCommitmentVaultV2.sol"
      "@openzeppelin/contracts/utils/Pausable.sol" in "C:/Users/Jorge/.codex/worktrees/omerta-rc1-closure/Omerta/omerta-contracts/test\BankBufferVault.t.sol"
      "@openzeppelin/contracts/access/Ownable.sol" in "C:/Users/Jorge/.codex/worktrees/omerta-rc1-closure/Omerta/omerta-contracts/test\GenesisLifecycleController.t.sol"
      "../lib/v4-periphery/src/interfaces/IPositionDescriptor.sol" in "C:/Users/Jorge/.codex/worktrees/omerta-rc1-closure/Omerta/omerta-contracts/test\ProtocolLiquidityVault.t.sol"
      "@openzeppelin/contracts/token/ERC20/utils/SafeERC20.sol" in "C:/Users/Jorge/.codex/worktrees/omerta-rc1-closure/Omerta/omerta-contracts/src\Alchemist.sol"
      "v4-core/types/Currency.sol" in "C:/Users/Jorge/.codex/worktrees/omerta-rc1-closure/Omerta/omerta-contracts/test\market-v2\ArbitrageV2.t.sol"
      "v4-core/types/PoolOperation.sol" in "C:/Users/Jorge/.codex/worktrees/omerta-rc1-closure/Omerta/omerta-contracts/test\market-v2\IntegrationV2.t.sol"
      "@openzeppelin/contracts/utils/Pausable.sol" in "C:/Users/Jorge/.codex/worktrees/omerta-rc1-closure/Omerta/omerta-contracts/src\OmertaBond.sol"
      "forge-std/Test.sol" in "C:/Users/Jorge/.codex/worktrees/omerta-rc1-closure/Omerta/omerta-contracts/test\LiquidityBuybackExecutor.t.sol"
      "@openzeppelin/contracts/token/ERC20/IERC20.sol" in "C:/Users/Jorge/.codex/worktrees/omerta-rc1-closure/Omerta/omerta-contracts/src\OMRStaking.sol"
      "v4-core/interfaces/IPoolManager.sol" in "C:/Users/Jorge/.codex/worktrees/omerta-rc1-closure/Omerta/omerta-contracts/test\market-v2\ArbitrageV2.t.sol"
      "v4-core/interfaces/IHooks.sol" in "C:/Users/Jorge/.codex/worktrees/omerta-rc1-closure/Omerta/omerta-contracts/src\GenesisLifecycleController.sol"
      "@openzeppelin/contracts/utils/ReentrancyGuard.sol" in "C:/Users/Jorge/.codex/worktrees/omerta-rc1-closure/Omerta/omerta-contracts/test\ProtocolLiquidityVault.t.sol"
      "v4-core/types/PoolId.sol" in "C:/Users/Jorge/.codex/worktrees/omerta-rc1-closure/Omerta/omerta-contracts/test\audit\ComprehensiveCoreAudit.t.sol"
      "@openzeppelin/contracts/token/ERC20/utils/SafeERC20.sol" in "C:/Users/Jorge/.codex/worktrees/omerta-rc1-closure/Omerta/omerta-contracts/src\LiquidityBuybackExecutor.sol"
      "@openzeppelin/contracts/utils/ReentrancyGuard.sol" in "C:/Users/Jorge/.codex/worktrees/omerta-rc1-closure/Omerta/omerta-contracts/src\market-v2\OmertaInventoryBondV2.sol"
      "v4-core/interfaces/IPoolManager.sol" in "C:/Users/Jorge/.codex/worktrees/omerta-rc1-closure/Omerta/omerta-contracts/test\market-v2\SolverHashV2.t.sol"
      "v4-core/types/PoolKey.sol" in "C:/Users/Jorge/.codex/worktrees/omerta-rc1-closure/Omerta/omerta-contracts/script/DeployV4TwapOracle.s.sol"
      "v4-core/test/PoolModifyLiquidityTest.sol" in "C:/Users/Jorge/.codex/worktrees/omerta-rc1-closure/Omerta/omerta-contracts/test\market-v2\StabilityV2.t.sol"
      "v4-core/libraries/TickMath.sol" in "C:/Users/Jorge/.codex/worktrees/omerta-rc1-closure/Omerta/omerta-contracts/src\market-v2\OmertaStabilityControllerV2.sol"
      "@openzeppelin/contracts/utils/ReentrancyGuard.sol" in "C:/Users/Jorge/.codex/worktrees/omerta-rc1-closure/Omerta/omerta-contracts/src\market-v2\OmertaStabilityControllerV2.sol"
      "v4-core/interfaces/IHooks.sol" in "C:/Users/Jorge/.codex/worktrees/omerta-rc1-closure/Omerta/omerta-contracts/test\GenesisLifecycleController.t.sol"
      "../lib/v4-periphery/src/PositionManager.sol" in "C:/Users/Jorge/.codex/worktrees/omerta-rc1-closure/Omerta/omerta-contracts/test\ProtocolLiquidityVault.t.sol"
      "v4-core/types/PoolId.sol" in "C:/Users/Jorge/.codex/worktrees/omerta-rc1-closure/Omerta/omerta-contracts/src\market-v2\OmertaArbitrageV2.sol"
      "@openzeppelin/contracts/interfaces/IERC20.sol" in "C:/Users/Jorge/.codex/worktrees/omerta-rc1-closure/Omerta/omerta-contracts/src\Transmuter.sol"
      "v4-core/types/BalanceDelta.sol" in "C:/Users/Jorge/.codex/worktrees/omerta-rc1-closure/Omerta/omerta-contracts/src\market-v2\OmertaArbitrageV2.sol"
      "@openzeppelin/contracts/utils/math/Math.sol" in "C:/Users/Jorge/.codex/worktrees/omerta-rc1-closure/Omerta/omerta-contracts/test\audit\AlchemistRedTeam.t.sol"
      "v4-core/test/PoolSwapTest.sol" in "C:/Users/Jorge/.codex/worktrees/omerta-rc1-closure/Omerta/omerta-contracts/test\audit\ComprehensiveMarketAudit.t.sol"
      "@openzeppelin/contracts/utils/Base64.sol" in "C:/Users/Jorge/.codex/worktrees/omerta-rc1-closure/Omerta/omerta-contracts/test\StreetDeed.t.sol"
      "v4-core/libraries/StateLibrary.sol" in "C:/Users/Jorge/.codex/worktrees/omerta-rc1-closure/Omerta/omerta-contracts/src\GenesisProceedsSplitter.sol"
      "v4-core/types/PoolOperation.sol" in "C:/Users/Jorge/.codex/worktrees/omerta-rc1-closure/Omerta/omerta-contracts/test\audit\ComprehensiveMarketAudit.t.sol"
      "forge-std/Test.sol" in "C:/Users/Jorge/.codex/worktrees/omerta-rc1-closure/Omerta/omerta-contracts/test\AcquisitionConstellationTask1.t.sol"
      "v4-core/types/PoolId.sol" in "C:/Users/Jorge/.codex/worktrees/omerta-rc1-closure/Omerta/omerta-contracts/test\LiquidityBuybackExecutor.t.sol"
      "v4-core/types/Currency.sol" in "C:/Users/Jorge/.codex/worktrees/omerta-rc1-closure/Omerta/omerta-contracts/src\LiquidityBuybackExecutor.sol"
      "forge-std/Test.sol" in "C:/Users/Jorge/.codex/worktrees/omerta-rc1-closure/Omerta/omerta-contracts/test\market-v2\CommitmentV2.t.sol"
      "v4-core/libraries/TickMath.sol" in "C:/Users/Jorge/.codex/worktrees/omerta-rc1-closure/Omerta/omerta-contracts/test\market-v2\FundingIntegrationV2.t.sol"
      "forge-std/Test.sol" in "C:/Users/Jorge/.codex/worktrees/omerta-rc1-closure/Omerta/omerta-contracts/test\LiquidityRevenueAutomation.t.sol"
      "../lib/v4-periphery/src/libraries/Actions.sol" in "C:/Users/Jorge/.codex/worktrees/omerta-rc1-closure/Omerta/omerta-contracts/src\ProtocolLiquidityVault.sol"
      "@openzeppelin/contracts/utils/Pausable.sol" in "C:/Users/Jorge/.codex/worktrees/omerta-rc1-closure/Omerta/omerta-contracts/src\KeeperGasVault.sol"
      "@openzeppelin/contracts/token/ERC721/IERC721.sol" in "C:/Users/Jorge/.codex/worktrees/omerta-rc1-closure/Omerta/omerta-contracts/test\DynastyNFT.t.sol"
      "permit2/test/utils/DeployPermit2.sol" in "C:/Users/Jorge/.codex/worktrees/omerta-rc1-closure/Omerta/omerta-contracts/test\GenesisLifecycleController.t.sol"
      "v4-core/interfaces/IHooks.sol" in "C:/Users/Jorge/.codex/worktrees/omerta-rc1-closure/Omerta/omerta-contracts/test\OmrV4TwapOracle.t.sol"
      "v4-core/types/BalanceDelta.sol" in "C:/Users/Jorge/.codex/worktrees/omerta-rc1-closure/Omerta/omerta-contracts/src\market-v2\OmertaStabilityControllerV2.sol"
      "@openzeppelin/contracts/access/Ownable2Step.sol" in "C:/Users/Jorge/.codex/worktrees/omerta-rc1-closure/Omerta/omerta-contracts/src\StockVault.sol"
      "forge-std/Test.sol" in "C:/Users/Jorge/.codex/worktrees/omerta-rc1-closure/Omerta/omerta-contracts/test\CharacterLaunchAudit.t.sol"
      "forge-std/StdInvariant.sol" in "C:/Users/Jorge/.codex/worktrees/omerta-rc1-closure/Omerta/omerta-contracts/test\market-v2\OmertaHookV2.t.sol"
      "v4-core/types/Currency.sol" in "C:/Users/Jorge/.codex/worktrees/omerta-rc1-closure/Omerta/omerta-contracts/test\OmrV4TwapOracle.t.sol"
      "forge-std/Test.sol" in "C:/Users/Jorge/.codex/worktrees/omerta-rc1-closure/Omerta/omerta-contracts/test\audit\RwaStockMachineRedTeam.t.sol"
      "@openzeppelin/contracts/utils/cryptography/ECDSA.sol" in "C:/Users/Jorge/.codex/worktrees/omerta-rc1-closure/Omerta/omerta-contracts/src\DynastyNFT.sol"
      "v4-core/libraries/FullMath.sol" in "C:/Users/Jorge/.codex/worktrees/omerta-rc1-closure/Omerta/omerta-contracts/src\ProtocolLiquidityVault.sol"
      "v4-core/interfaces/IPoolManager.sol" in "C:/Users/Jorge/.codex/worktrees/omerta-rc1-closure/Omerta/omerta-contracts/src\market-v2\OmertaInventoryBondV2.sol"
      "v4-core/PoolManager.sol" in "C:/Users/Jorge/.codex/worktrees/omerta-rc1-closure/Omerta/omerta-contracts/test\GenesisProceedsSplitter.t.sol"
      "@openzeppelin/contracts/token/ERC20/IERC20.sol" in "C:/Users/Jorge/.codex/worktrees/omerta-rc1-closure/Omerta/omerta-contracts/test\audit\TransmuterFundingRedTeam.t.sol"
      "@openzeppelin/contracts/token/ERC721/ERC721.sol" in "C:/Users/Jorge/.codex/worktrees/omerta-rc1-closure/Omerta/omerta-contracts/src\DynastyNFT.sol"
      "v4-core/interfaces/IHooks.sol" in "C:/Users/Jorge/.codex/worktrees/omerta-rc1-closure/Omerta/omerta-contracts/test\market-v2\CommitmentV2.t.sol"
      "v4-core/interfaces/IPoolManager.sol" in "C:/Users/Jorge/.codex/worktrees/omerta-rc1-closure/Omerta/omerta-contracts/test\OmrV4TwapOracle.t.sol"
      "v4-core/types/Currency.sol" in "C:/Users/Jorge/.codex/worktrees/omerta-rc1-closure/Omerta/omerta-contracts/src\market-v2\OmertaArbitrageV2.sol"
      "v4-core/types/Currency.sol" in "C:/Users/Jorge/.codex/worktrees/omerta-rc1-closure/Omerta/omerta-contracts/test\market-v2\CommitmentV2.t.sol"
      "@openzeppelin/contracts/access/Ownable2Step.sol" in "C:/Users/Jorge/.codex/worktrees/omerta-rc1-closure/Omerta/omerta-contracts/src\DynastyNFT.sol"
      "@openzeppelin/contracts/utils/Pausable.sol" in "C:/Users/Jorge/.codex/worktrees/omerta-rc1-closure/Omerta/omerta-contracts/src\VoucherClaim.sol"
      "@openzeppelin/contracts/access/Ownable2Step.sol" in "C:/Users/Jorge/.codex/worktrees/omerta-rc1-closure/Omerta/omerta-contracts/src\StockTokenRegistry.sol"
      "forge-std/Test.sol" in "C:/Users/Jorge/.codex/worktrees/omerta-rc1-closure/Omerta/omerta-contracts/test\RwaStockMachine.t.sol"
      "@openzeppelin/contracts/access/Ownable2Step.sol" in "C:/Users/Jorge/.codex/worktrees/omerta-rc1-closure/Omerta/omerta-contracts/src\OmertaBond.sol"
      "@openzeppelin/contracts/token/ERC721/IERC721Receiver.sol" in "C:/Users/Jorge/.codex/worktrees/omerta-rc1-closure/Omerta/omerta-contracts/test\audit\ComprehensiveCoreAudit.t.sol"
      "@openzeppelin/contracts/utils/cryptography/EIP712.sol" in "C:/Users/Jorge/.codex/worktrees/omerta-rc1-closure/Omerta/omerta-contracts/src\VoucherClaim.sol"
      "v4-core/test/PoolModifyLiquidityTest.sol" in "C:/Users/Jorge/.codex/worktrees/omerta-rc1-closure/Omerta/omerta-contracts/test\audit\OmertaHookObserverDoS.t.sol"
      "v4-core/PoolManager.sol" in "C:/Users/Jorge/.codex/worktrees/omerta-rc1-closure/Omerta/omerta-contracts/test\LiquidityBuybackExecutor.t.sol"
      "@openzeppelin/contracts/token/ERC20/IERC20.sol" in "C:/Users/Jorge/.codex/worktrees/omerta-rc1-closure/Omerta/omerta-contracts/test\fizz\utils\FuzzMocks.sol"
      "v4-core/types/Currency.sol" in "C:/Users/Jorge/.codex/worktrees/omerta-rc1-closure/Omerta/omerta-contracts/test\audit\GenesisOracleBootstrap.t.sol"
      "v4-core/libraries/StateLibrary.sol" in "C:/Users/Jorge/.codex/worktrees/omerta-rc1-closure/Omerta/omerta-contracts/test\market-v2\StabilityV2.t.sol"
      "@openzeppelin/contracts/interfaces/IERC20Metadata.sol" in "C:/Users/Jorge/.codex/worktrees/omerta-rc1-closure/Omerta/omerta-contracts/test\TestnetTwapDependencies.t.sol"
      "@openzeppelin/contracts/utils/Base64.sol" in "C:/Users/Jorge/.codex/worktrees/omerta-rc1-closure/Omerta/omerta-contracts/src\StreetDeed.sol"
      "@openzeppelin/contracts/token/ERC20/IERC20.sol" in "C:/Users/Jorge/.codex/worktrees/omerta-rc1-closure/Omerta/omerta-contracts/src\LiquidityBuybackExecutor.sol"
      "@openzeppelin/contracts/access/Ownable2Step.sol" in "C:/Users/Jorge/.codex/worktrees/omerta-rc1-closure/Omerta/omerta-contracts/src\LiquidityBuybackExecutor.sol"
      "@openzeppelin/contracts/token/ERC20/IERC20.sol" in "C:/Users/Jorge/.codex/worktrees/omerta-rc1-closure/Omerta/omerta-contracts/test\GenesisOracle.t.sol"
      "@openzeppelin/contracts/token/ERC20/extensions/ERC4626.sol" in "C:/Users/Jorge/.codex/worktrees/omerta-rc1-closure/Omerta/omerta-contracts/test\Bank.t.sol"
      "v4-core/interfaces/IPoolManager.sol" in "C:/Users/Jorge/.codex/worktrees/omerta-rc1-closure/Omerta/omerta-contracts/script/DeployV4TwapOracle.s.sol"
      "@openzeppelin/contracts/token/ERC20/utils/SafeERC20.sol" in "C:/Users/Jorge/.codex/worktrees/omerta-rc1-closure/Omerta/omerta-contracts/src\GenesisProceedsSplitter.sol"
      "@openzeppelin/contracts/token/ERC20/IERC20.sol" in "C:/Users/Jorge/.codex/worktrees/omerta-rc1-closure/Omerta/omerta-contracts/src\market-v2\OmertaReserveFundingV2.sol"
      "@openzeppelin/contracts/utils/math/Math.sol" in "C:/Users/Jorge/.codex/worktrees/omerta-rc1-closure/Omerta/omerta-contracts/src\OmrV4TwapOracle.sol"
      "@openzeppelin/contracts/utils/Pausable.sol" in "C:/Users/Jorge/.codex/worktrees/omerta-rc1-closure/Omerta/omerta-contracts/src\StreetDeed.sol"
      "forge-std/Vm.sol" in "C:/Users/Jorge/.codex/worktrees/omerta-rc1-closure/Omerta/omerta-contracts/test\audit\ComprehensiveCoreAudit.t.sol"
      "@openzeppelin/contracts/token/ERC20/ERC20.sol" in "C:/Users/Jorge/.codex/worktrees/omerta-rc1-closure/Omerta/omerta-contracts/src\Denari.sol"
      "@openzeppelin/contracts/utils/introspection/IERC165.sol" in "C:/Users/Jorge/.codex/worktrees/omerta-rc1-closure/Omerta/omerta-contracts/src\market-v2\OmertaHookV2.sol"
      "v4-core/test/PoolModifyLiquidityTest.sol" in "C:/Users/Jorge/.codex/worktrees/omerta-rc1-closure/Omerta/omerta-contracts/test\LiquidityBuybackExecutor.t.sol"
      "@openzeppelin/contracts/utils/Pausable.sol" in "C:/Users/Jorge/.codex/worktrees/omerta-rc1-closure/Omerta/omerta-contracts/test\LiquidityBuybackExecutor.t.sol"
      "v4-core/interfaces/IPoolManager.sol" in "C:/Users/Jorge/.codex/worktrees/omerta-rc1-closure/Omerta/omerta-contracts/test\market-v2\StabilityV2.t.sol"
      "@openzeppelin/contracts/utils/cryptography/EIP712.sol" in "C:/Users/Jorge/.codex/worktrees/omerta-rc1-closure/Omerta/omerta-contracts/src\StreetDeed.sol"
      "@openzeppelin/contracts/utils/ReentrancyGuard.sol" in "C:/Users/Jorge/.codex/worktrees/omerta-rc1-closure/Omerta/omerta-contracts/src\DynastyNFT.sol"
      "@openzeppelin/contracts/token/ERC20/ERC20.sol" in "C:/Users/Jorge/.codex/worktrees/omerta-rc1-closure/Omerta/omerta-contracts/test\BankBufferVault.t.sol"
      "@openzeppelin/contracts/utils/ReentrancyGuard.sol" in "C:/Users/Jorge/.codex/worktrees/omerta-rc1-closure/Omerta/omerta-contracts/src\AcquisitionVaultCore.sol"
      "v4-core/interfaces/IPoolManager.sol" in "C:/Users/Jorge/.codex/worktrees/omerta-rc1-closure/Omerta/omerta-contracts/src\market-v2\OmertaArbitrageV2.sol"
      "@openzeppelin/contracts/token/ERC721/IERC721Receiver.sol" in "C:/Users/Jorge/.codex/worktrees/omerta-rc1-closure/Omerta/omerta-contracts/src\market-v2\OmertaCommitmentVaultV2.sol"
      "@openzeppelin/contracts/token/ERC20/utils/SafeERC20.sol" in "C:/Users/Jorge/.codex/worktrees/omerta-rc1-closure/Omerta/omerta-contracts/src\market-v2\OmertaStabilityControllerV2.sol"
      "@openzeppelin/contracts/utils/Base64.sol" in "C:/Users/Jorge/.codex/worktrees/omerta-rc1-closure/Omerta/omerta-contracts/test\GearVault.t.sol"
      "@openzeppelin/contracts/utils/Base64.sol" in "C:/Users/Jorge/.codex/worktrees/omerta-rc1-closure/Omerta/omerta-contracts/src\GearVault.sol"
      "@openzeppelin/contracts/token/ERC1155/utils/ERC1155Holder.sol" in "C:/Users/Jorge/.codex/worktrees/omerta-rc1-closure/Omerta/omerta-contracts/test\audit\ComprehensiveCoreAudit.t.sol"
      "@openzeppelin/contracts/interfaces/IERC4626.sol" in "C:/Users/Jorge/.codex/worktrees/omerta-rc1-closure/Omerta/omerta-contracts/test\audit\TransmuterFundingRedTeam.t.sol"
      "v4-core/interfaces/IPoolManager.sol" in "C:/Users/Jorge/.codex/worktrees/omerta-rc1-closure/Omerta/omerta-contracts/src\ProtocolLiquidityVault.sol"
      "@openzeppelin/contracts/token/ERC20/extensions/IERC20Metadata.sol" in "C:/Users/Jorge/.codex/worktrees/omerta-rc1-closure/Omerta/omerta-contracts/src\ProtocolLiquidityVault.sol"
      "v4-core/test/PoolSwapTest.sol" in "C:/Users/Jorge/.codex/worktrees/omerta-rc1-closure/Omerta/omerta-contracts/test\audit\OmertaHookObserverDoS.t.sol"
      "@openzeppelin/contracts/interfaces/IERC20.sol" in "C:/Users/Jorge/.codex/worktrees/omerta-rc1-closure/Omerta/omerta-contracts/src\Alchemist.sol"
      "v4-core/interfaces/IPoolManager.sol" in "C:/Users/Jorge/.codex/worktrees/omerta-rc1-closure/Omerta/omerta-contracts/test\market-v2\StabilityV2Invariant.t.sol"
      "forge-std/Test.sol" in "C:/Users/Jorge/.codex/worktrees/omerta-rc1-closure/Omerta/omerta-contracts/test\OMRTax.t.sol"
      "@openzeppelin/contracts/utils/Pausable.sol" in "C:/Users/Jorge/.codex/worktrees/omerta-rc1-closure/Omerta/omerta-contracts/src\LiquidityBuybackExecutor.sol"
      "forge-std/Test.sol" in "C:/Users/Jorge/.codex/worktrees/omerta-rc1-closure/Omerta/omerta-contracts/test\BondLiquidityHealth.t.sol"
      "@openzeppelin/contracts/token/ERC20/IERC20.sol" in "C:/Users/Jorge/.codex/worktrees/omerta-rc1-closure/Omerta/omerta-contracts/test\Omerta.t.sol"
      "@openzeppelin/contracts/token/ERC20/IERC20.sol" in "C:/Users/Jorge/.codex/worktrees/omerta-rc1-closure/Omerta/omerta-contracts/src\VoucherClaim.sol"
      "v4-core/libraries/TickMath.sol" in "C:/Users/Jorge/.codex/worktrees/omerta-rc1-closure/Omerta/omerta-contracts/test\ProtocolLiquidityVault.t.sol"
      "v4-core/libraries/TickMath.sol" in "C:/Users/Jorge/.codex/worktrees/omerta-rc1-closure/Omerta/omerta-contracts/src\market-v2\OmertaArbitrageV2.sol"
      "v4-core/types/PoolKey.sol" in "C:/Users/Jorge/.codex/worktrees/omerta-rc1-closure/Omerta/omerta-contracts/test\market-v2\IntegrationV2.t.sol"
      "@openzeppelin/contracts/utils/math/Math.sol" in "C:/Users/Jorge/.codex/worktrees/omerta-rc1-closure/Omerta/omerta-contracts/src\OmrTwapOracle.sol"
      "@openzeppelin/contracts/utils/ReentrancyGuard.sol" in "C:/Users/Jorge/.codex/worktrees/omerta-rc1-closure/Omerta/omerta-contracts/src\GenesisLifecycleController.sol"
      "v4-core/libraries/StateLibrary.sol" in "C:/Users/Jorge/.codex/worktrees/omerta-rc1-closure/Omerta/omerta-contracts/test\market-v2\ArbitrageV2.t.sol"
      "@openzeppelin/contracts/utils/cryptography/EIP712.sol" in "C:/Users/Jorge/.codex/worktrees/omerta-rc1-closure/Omerta/omerta-contracts/src\DynastyNFT.sol"
      "@openzeppelin/contracts/utils/cryptography/EIP712.sol" in "C:/Users/Jorge/.codex/worktrees/omerta-rc1-closure/Omerta/omerta-contracts/src\AcquisitionAuthority.sol"
      "@openzeppelin/contracts/utils/ReentrancyGuard.sol" in "C:/Users/Jorge/.codex/worktrees/omerta-rc1-closure/Omerta/omerta-contracts/src\AcquisitionAuthority.sol"
      "v4-core/interfaces/IHooks.sol" in "C:/Users/Jorge/.codex/worktrees/omerta-rc1-closure/Omerta/omerta-contracts/test\audit\ComprehensiveCoreAudit.t.sol"
      "@openzeppelin/contracts/interfaces/IERC2981.sol" in "C:/Users/Jorge/.codex/worktrees/omerta-rc1-closure/Omerta/omerta-contracts/test\DynastyNFT.t.sol"
      "forge-std/Test.sol" in "C:/Users/Jorge/.codex/worktrees/omerta-rc1-closure/Omerta/omerta-contracts/test\Omerta.t.sol"
      "@openzeppelin/contracts/utils/introspection/IERC165.sol" in "C:/Users/Jorge/.codex/worktrees/omerta-rc1-closure/Omerta/omerta-contracts/test\OmertaHook.t.sol"
      "v4-core/types/BalanceDelta.sol" in "C:/Users/Jorge/.codex/worktrees/omerta-rc1-closure/Omerta/omerta-contracts/test\OmertaHook.t.sol"
      "@openzeppelin/contracts/access/Ownable2Step.sol" in "C:/Users/Jorge/.codex/worktrees/omerta-rc1-closure/Omerta/omerta-contracts/src\StreetDeed.sol"
      "@openzeppelin/contracts/token/ERC20/extensions/ERC4626.sol" in "C:/Users/Jorge/.codex/worktrees/omerta-rc1-closure/Omerta/omerta-contracts/test\audit\TransmuterFundingRedTeam.t.sol"
      "@openzeppelin/contracts/token/ERC20/ERC20.sol" in "C:/Users/Jorge/.codex/worktrees/omerta-rc1-closure/Omerta/omerta-contracts/test\audit\RwaStockMachineRedTeam.t.sol"
      "v4-core/interfaces/IHooks.sol" in "C:/Users/Jorge/.codex/worktrees/omerta-rc1-closure/Omerta/omerta-contracts/test\GenesisProceedsSplitter.t.sol"
      "v4-core/libraries/Hooks.sol" in "C:/Users/Jorge/.codex/worktrees/omerta-rc1-closure/Omerta/omerta-contracts/src\ProtocolLiquidityVault.sol"
      "forge-std/Vm.sol" in "C:/Users/Jorge/.codex/worktrees/omerta-rc1-closure/Omerta/omerta-contracts/test\AcquisitionVaultAccounting.t.sol"
      "v4-core/interfaces/IPoolManager.sol" in "C:/Users/Jorge/.codex/worktrees/omerta-rc1-closure/Omerta/omerta-contracts/src\market-v2\OmertaCommitmentVaultV2.sol"
      "@openzeppelin/contracts/interfaces/IERC4626.sol" in "C:/Users/Jorge/.codex/worktrees/omerta-rc1-closure/Omerta/omerta-contracts/test\Bank.t.sol"
      "v4-core/libraries/FullMath.sol" in "C:/Users/Jorge/.codex/worktrees/omerta-rc1-closure/Omerta/omerta-contracts/src\market-v2\OmertaCommitmentVaultV2.sol"
      "v4-core/test/PoolModifyLiquidityTest.sol" in "C:/Users/Jorge/.codex/worktrees/omerta-rc1-closure/Omerta/omerta-contracts/test\OmertaHook.t.sol"
      "@openzeppelin/contracts/token/ERC20/IERC20.sol" in "C:/Users/Jorge/.codex/worktrees/omerta-rc1-closure/Omerta/omerta-contracts/src\ProtocolLiquidityVault.sol"
      "v4-core/interfaces/IHooks.sol" in "C:/Users/Jorge/.codex/worktrees/omerta-rc1-closure/Omerta/omerta-contracts/test\audit\ComprehensiveMarketAudit.t.sol"
      "v4-core/types/PoolId.sol" in "C:/Users/Jorge/.codex/worktrees/omerta-rc1-closure/Omerta/omerta-contracts/test\OmrV4TwapOracle.t.sol"
      "@openzeppelin/contracts/access/Ownable2Step.sol" in "C:/Users/Jorge/.codex/worktrees/omerta-rc1-closure/Omerta/omerta-contracts/src\OmertaHook.sol"
      "v4-core/test/PoolSwapTest.sol" in "C:/Users/Jorge/.codex/worktrees/omerta-rc1-closure/Omerta/omerta-contracts/test\market-v2\FundingIntegrationV2.t.sol"
      "@openzeppelin/contracts/utils/ReentrancyGuard.sol" in "C:/Users/Jorge/.codex/worktrees/omerta-rc1-closure/Omerta/omerta-contracts/src\Alchemist.sol"
      "@openzeppelin/contracts/token/ERC20/extensions/IERC20Metadata.sol" in "C:/Users/Jorge/.codex/worktrees/omerta-rc1-closure/Omerta/omerta-contracts/src\OmrV4TwapOracle.sol"
      "v4-core/types/PoolId.sol" in "C:/Users/Jorge/.codex/worktrees/omerta-rc1-closure/Omerta/omerta-contracts/test\market-v2\StabilityV2Invariant.t.sol"
      "@openzeppelin/contracts/token/ERC20/IERC20.sol" in "C:/Users/Jorge/.codex/worktrees/omerta-rc1-closure/Omerta/omerta-contracts/src\market-v2\OmertaTurfV2.sol"
      "v4-core/interfaces/IPoolManager.sol" in "C:/Users/Jorge/.codex/worktrees/omerta-rc1-closure/Omerta/omerta-contracts/src\market-v2\OmertaStabilityControllerV2.sol"
      "forge-std/Test.sol" in "C:/Users/Jorge/.codex/worktrees/omerta-rc1-closure/Omerta/omerta-contracts/test\AcquisitionConstellationTask3A.t.sol"
      "v4-core/libraries/SqrtPriceMath.sol" in "C:/Users/Jorge/.codex/worktrees/omerta-rc1-closure/Omerta/omerta-contracts/src\market-v2\OmertaStabilityControllerV2.sol"
      "@openzeppelin/contracts/utils/Pausable.sol" in "C:/Users/Jorge/.codex/worktrees/omerta-rc1-closure/Omerta/omerta-contracts/test\LiquidityRevenueAutomation.t.sol"
      "v4-core/interfaces/IHooks.sol" in "C:/Users/Jorge/.codex/worktrees/omerta-rc1-closure/Omerta/omerta-contracts/test\market-v2\FundingIntegrationV2.t.sol"
      "v4-core/interfaces/IPoolManager.sol" in "C:/Users/Jorge/.codex/worktrees/omerta-rc1-closure/Omerta/omerta-contracts/src\OmertaHook.sol"
      "@openzeppelin/contracts/access/Ownable.sol" in "C:/Users/Jorge/.codex/worktrees/omerta-rc1-closure/Omerta/omerta-contracts/src\market-v2\OmertaTurfV2.sol"
      "../../lib/v4-periphery/src/interfaces/IPositionDescriptor.sol" in "C:/Users/Jorge/.codex/worktrees/omerta-rc1-closure/Omerta/omerta-contracts/test\market-v2\CommitmentV2.t.sol"
      "forge-std/Test.sol" in "C:/Users/Jorge/.codex/worktrees/omerta-rc1-closure/Omerta/omerta-contracts/test\GearVault.t.sol"
      "v4-core/libraries/StateLibrary.sol" in "C:/Users/Jorge/.codex/worktrees/omerta-rc1-closure/Omerta/omerta-contracts/src\market-v2\OmertaInventoryBondV2.sol"
      "@openzeppelin/contracts/access/Ownable2Step.sol" in "C:/Users/Jorge/.codex/worktrees/omerta-rc1-closure/Omerta/omerta-contracts/src\OmertaFees.sol"
      "v4-core/libraries/StateLibrary.sol" in "C:/Users/Jorge/.codex/worktrees/omerta-rc1-closure/Omerta/omerta-contracts/test\ProtocolLiquidityVault.t.sol"
      "v4-core/types/PoolOperation.sol" in "C:/Users/Jorge/.codex/worktrees/omerta-rc1-closure/Omerta/omerta-contracts/src\LiquidityBuybackExecutor.sol"
      "v4-core/interfaces/IPoolManager.sol" in "C:/Users/Jorge/.codex/worktrees/omerta-rc1-closure/Omerta/omerta-contracts/test\LiquidityBuybackExecutor.t.sol"
      "v4-core/libraries/StateLibrary.sol" in "C:/Users/Jorge/.codex/worktrees/omerta-rc1-closure/Omerta/omerta-contracts/test\audit\ComprehensiveMarketAudit.t.sol"
      "v4-core/interfaces/IPoolManager.sol" in "C:/Users/Jorge/.codex/worktrees/omerta-rc1-closure/Omerta/omerta-contracts/src\interfaces\IOmrV4ObservationSource.sol"
      "@openzeppelin/contracts/utils/math/Math.sol" in "C:/Users/Jorge/.codex/worktrees/omerta-rc1-closure/Omerta/omerta-contracts/src\market-v2\OmertaInventoryBondV2.sol"
      "forge-std/StdInvariant.sol" in "C:/Users/Jorge/.codex/worktrees/omerta-rc1-closure/Omerta/omerta-contracts/test\RwaHealthOverlayInvariant.t.sol"
      "@openzeppelin/contracts/utils/ReentrancyGuard.sol" in "C:/Users/Jorge/.codex/worktrees/omerta-rc1-closure/Omerta/omerta-contracts/src\BankBufferVault.sol"
      "v4-core/types/PoolOperation.sol" in "C:/Users/Jorge/.codex/worktrees/omerta-rc1-closure/Omerta/omerta-contracts/src\OmertaHook.sol"
      "@openzeppelin/contracts/utils/ReentrancyGuard.sol" in "C:/Users/Jorge/.codex/worktrees/omerta-rc1-closure/Omerta/omerta-contracts/src\ProtocolLiquidityVault.sol"
      "v4-core/libraries/Hooks.sol" in "C:/Users/Jorge/.codex/worktrees/omerta-rc1-closure/Omerta/omerta-contracts/test\ProtocolLiquidityVault.t.sol"
      "v4-core/types/Currency.sol" in "C:/Users/Jorge/.codex/worktrees/omerta-rc1-closure/Omerta/omerta-contracts/src\ProtocolLiquidityVault.sol"
      "v4-core/types/PoolKey.sol" in "C:/Users/Jorge/.codex/worktrees/omerta-rc1-closure/Omerta/omerta-contracts/test\OmertaHook.t.sol"
      "@openzeppelin/contracts/token/ERC20/utils/SafeERC20.sol" in "C:/Users/Jorge/.codex/worktrees/omerta-rc1-closure/Omerta/omerta-contracts/src\BankBufferVault.sol"
      "@openzeppelin/contracts/token/ERC20/IERC20.sol" in "C:/Users/Jorge/.codex/worktrees/omerta-rc1-closure/Omerta/omerta-contracts/src\GenesisLifecycleController.sol"
      "v4-core/types/PoolOperation.sol" in "C:/Users/Jorge/.codex/worktrees/omerta-rc1-closure/Omerta/omerta-contracts/test\market-v2\StabilityV2Invariant.t.sol"
      "@openzeppelin/contracts/token/ERC20/utils/SafeERC20.sol" in "C:/Users/Jorge/.codex/worktrees/omerta-rc1-closure/Omerta/omerta-contracts/src\CollateralEscrow.sol"
      "@openzeppelin/contracts/utils/ReentrancyGuard.sol" in "C:/Users/Jorge/.codex/worktrees/omerta-rc1-closure/Omerta/omerta-contracts/src\GenesisProceedsSplitter.sol"
      "@openzeppelin/contracts/token/ERC20/extensions/ERC4626.sol" in "C:/Users/Jorge/.codex/worktrees/omerta-rc1-closure/Omerta/omerta-contracts/test\audit\AlchemistRedTeam.t.sol"
      "forge-std/Test.sol" in "C:/Users/Jorge/.codex/worktrees/omerta-rc1-closure/Omerta/omerta-contracts/test\market-v2\OmertaHookV2.t.sol"
      "@openzeppelin/contracts/utils/ReentrancyGuard.sol" in "C:/Users/Jorge/.codex/worktrees/omerta-rc1-closure/Omerta/omerta-contracts/src\FeeRevenueRouter.sol"
      "../../lib/v4-periphery/src/PositionManager.sol" in "C:/Users/Jorge/.codex/worktrees/omerta-rc1-closure/Omerta/omerta-contracts/test\market-v2\CommitmentV2.t.sol"
      "@openzeppelin/contracts/interfaces/IERC20.sol" in "C:/Users/Jorge/.codex/worktrees/omerta-rc1-closure/Omerta/omerta-contracts/src\BankBufferVault.sol"
      "v4-core/types/PoolId.sol" in "C:/Users/Jorge/.codex/worktrees/omerta-rc1-closure/Omerta/omerta-contracts/src\ProtocolLiquidityVault.sol"
      "v4-core/types/PoolId.sol" in "C:/Users/Jorge/.codex/worktrees/omerta-rc1-closure/Omerta/omerta-contracts/src\interfaces\IOmrV4ObservationSource.sol"
      "@openzeppelin/contracts/utils/math/Math.sol" in "C:/Users/Jorge/.codex/worktrees/omerta-rc1-closure/Omerta/omerta-contracts/src\FeeRevenueRouter.sol"
      "v4-core/libraries/Hooks.sol" in "C:/Users/Jorge/.codex/worktrees/omerta-rc1-closure/Omerta/omerta-contracts/src\OmertaHook.sol"
      "v4-core/libraries/Hooks.sol" in "C:/Users/Jorge/.codex/worktrees/omerta-rc1-closure/Omerta/omerta-contracts/test\audit\ComprehensiveMarketAudit.t.sol"
      "@openzeppelin/contracts/utils/Pausable.sol" in "C:/Users/Jorge/.codex/worktrees/omerta-rc1-closure/Omerta/omerta-contracts/src\StockVault.sol"
      "../../lib/v4-periphery/src/interfaces/external/IWETH9.sol" in "C:/Users/Jorge/.codex/worktrees/omerta-rc1-closure/Omerta/omerta-contracts/test\market-v2\CommitmentV2.t.sol"
      "@openzeppelin/contracts/token/ERC20/utils/SafeERC20.sol" in "C:/Users/Jorge/.codex/worktrees/omerta-rc1-closure/Omerta/omerta-contracts/src\market-v2\OmertaReserveFundingV2.sol"
      "v4-core/libraries/Hooks.sol" in "C:/Users/Jorge/.codex/worktrees/omerta-rc1-closure/Omerta/omerta-contracts/test\OmertaHook.t.sol"
      "@openzeppelin/contracts/interfaces/IERC20.sol" in "C:/Users/Jorge/.codex/worktrees/omerta-rc1-closure/Omerta/omerta-contracts/test\TestnetTwapDependencies.t.sol"
      "@openzeppelin/contracts/utils/ReentrancyGuard.sol" in "C:/Users/Jorge/.codex/worktrees/omerta-rc1-closure/Omerta/omerta-contracts/src\VoucherClaim.sol"
      "@openzeppelin/contracts/utils/cryptography/EIP712.sol" in "C:/Users/Jorge/.codex/worktrees/omerta-rc1-closure/Omerta/omerta-contracts/src\StockVault.sol"
      "v4-core/libraries/Hooks.sol" in "C:/Users/Jorge/.codex/worktrees/omerta-rc1-closure/Omerta/omerta-contracts/src\market-v2\OmertaStabilityControllerV2.sol"
      "forge-std/StdError.sol" in "C:/Users/Jorge/.codex/worktrees/omerta-rc1-closure/Omerta/omerta-contracts/test\AcquisitionVaultAccounting.t.sol"
      "v4-core/libraries/Hooks.sol" in "C:/Users/Jorge/.codex/worktrees/omerta-rc1-closure/Omerta/omerta-contracts/test\LiquidityBuybackExecutor.t.sol"
      "@openzeppelin/contracts/token/ERC20/ERC20.sol" in "C:/Users/Jorge/.codex/worktrees/omerta-rc1-closure/Omerta/omerta-contracts/test\Bank.t.sol"
      "forge-std/Test.sol" in "C:/Users/Jorge/.codex/worktrees/omerta-rc1-closure/Omerta/omerta-contracts/test\OmrV4TwapOracle.t.sol"
      "v4-core/interfaces/IHooks.sol" in "C:/Users/Jorge/.codex/worktrees/omerta-rc1-closure/Omerta/omerta-contracts/src\OmertaHook.sol"
      "@openzeppelin/contracts/token/ERC20/utils/SafeERC20.sol" in "C:/Users/Jorge/.codex/worktrees/omerta-rc1-closure/Omerta/omerta-contracts/src\market-v2\OmertaTurfFeeBridgeV2.sol"
      "@openzeppelin/contracts/access/Ownable2Step.sol" in "C:/Users/Jorge/.codex/worktrees/omerta-rc1-closure/Omerta/omerta-contracts/src\GenesisOracle.sol"
      "forge-std/Test.sol" in "C:/Users/Jorge/.codex/worktrees/omerta-rc1-closure/Omerta/omerta-contracts/test\audit\GenesisOracleBootstrap.t.sol"
      "v4-core/libraries/TickMath.sol" in "C:/Users/Jorge/.codex/worktrees/omerta-rc1-closure/Omerta/omerta-contracts/test\market-v2\ArbitrageV2.t.sol"
      "@openzeppelin/contracts/access/Ownable2Step.sol" in "C:/Users/Jorge/.codex/worktrees/omerta-rc1-closure/Omerta/omerta-contracts/src\Alchemist.sol"
      "@openzeppelin/contracts/access/Ownable.sol" in "C:/Users/Jorge/.codex/worktrees/omerta-rc1-closure/Omerta/omerta-contracts/test\StockTokenRegistryV2.t.sol"
      "v4-core/libraries/Hooks.sol" in "C:/Users/Jorge/.codex/worktrees/omerta-rc1-closure/Omerta/omerta-contracts/test\audit\OmertaHookObserverDoS.t.sol"
      "v4-core/test/PoolSwapTest.sol" in "C:/Users/Jorge/.codex/worktrees/omerta-rc1-closure/Omerta/omerta-contracts/test\market-v2\StabilityV2Invariant.t.sol"
      "@openzeppelin/contracts/token/ERC20/ERC20.sol" in "C:/Users/Jorge/.codex/worktrees/omerta-rc1-closure/Omerta/omerta-contracts/src\OMR.sol"
      "@openzeppelin/contracts/access/Ownable2Step.sol" in "C:/Users/Jorge/.codex/worktrees/omerta-rc1-closure/Omerta/omerta-contracts/src\OMR.sol"
      "v4-core/types/PoolKey.sol" in "C:/Users/Jorge/.codex/worktrees/omerta-rc1-closure/Omerta/omerta-contracts/src\market-v2\OmertaCommitmentVaultV2.sol"
      "@openzeppelin/contracts/token/ERC20/ERC20.sol" in "C:/Users/Jorge/.codex/worktrees/omerta-rc1-closure/Omerta/omerta-contracts/test\utils\RwaHealthOverlayTestBase.sol"
      "@openzeppelin/contracts/token/ERC20/IERC20.sol" in "C:/Users/Jorge/.codex/worktrees/omerta-rc1-closure/Omerta/omerta-contracts/test\GenesisLifecycleController.t.sol"
      "forge-std/Script.sol" in "C:/Users/Jorge/.codex/worktrees/omerta-rc1-closure/Omerta/omerta-contracts/script/DeployV4TwapOracle.s.sol"
      "@openzeppelin/contracts/interfaces/IERC1271.sol" in "C:/Users/Jorge/.codex/worktrees/omerta-rc1-closure/Omerta/omerta-contracts/test\vendor\ERC6551Account.sol"
      "@openzeppelin/contracts/interfaces/IERC4626.sol" in "C:/Users/Jorge/.codex/worktrees/omerta-rc1-closure/Omerta/omerta-contracts/src\CollateralEscrow.sol"
      "../lib/v4-periphery/src/libraries/LiquidityAmounts.sol" in "C:/Users/Jorge/.codex/worktrees/omerta-rc1-closure/Omerta/omerta-contracts/test\ProtocolLiquidityVault.t.sol"
      "@openzeppelin/contracts/utils/Pausable.sol" in "C:/Users/Jorge/.codex/worktrees/omerta-rc1-closure/Omerta/omerta-contracts/src\AcquisitionVault.sol"
      "v4-core/interfaces/IPoolManager.sol" in "C:/Users/Jorge/.codex/worktrees/omerta-rc1-closure/Omerta/omerta-contracts/src\GenesisProceedsSplitter.sol"
      "@openzeppelin/contracts/access/Ownable.sol" in "C:/Users/Jorge/.codex/worktrees/omerta-rc1-closure/Omerta/omerta-contracts/src\Denari.sol"
      "@openzeppelin/contracts/utils/ReentrancyGuard.sol" in "C:/Users/Jorge/.codex/worktrees/omerta-rc1-closure/Omerta/omerta-contracts/src\LiquidityBuybackExecutor.sol"
      "v4-core/types/PoolKey.sol" in "C:/Users/Jorge/.codex/worktrees/omerta-rc1-closure/Omerta/omerta-contracts/src\OmertaHook.sol"
      "v4-core/types/PoolOperation.sol" in "C:/Users/Jorge/.codex/worktrees/omerta-rc1-closure/Omerta/omerta-contracts/src\market-v2\OmertaArbitrageV2.sol"
      "@openzeppelin/contracts/interfaces/IERC20.sol" in "C:/Users/Jorge/.codex/worktrees/omerta-rc1-closure/Omerta/omerta-contracts/test\audit\AlchemistRedTeam.t.sol"
      "@openzeppelin/contracts/token/ERC20/ERC20.sol" in "C:/Users/Jorge/.codex/worktrees/omerta-rc1-closure/Omerta/omerta-contracts/test\fizz\utils\FuzzMocks.sol"
      "@openzeppelin/contracts/token/ERC20/ERC20.sol" in "C:/Users/Jorge/.codex/worktrees/omerta-rc1-closure/Omerta/omerta-contracts/test\market-v2\OmertaHookV2.t.sol"
      "forge-std/StdInvariant.sol" in "C:/Users/Jorge/.codex/worktrees/omerta-rc1-closure/Omerta/omerta-contracts/test\LiquidityRevenueAutomation.t.sol"
      "v4-core/types/PoolKey.sol" in "C:/Users/Jorge/.codex/worktrees/omerta-rc1-closure/Omerta/omerta-contracts/test\market-v2\StabilityV2Invariant.t.sol"
      "@openzeppelin/contracts/utils/Pausable.sol" in "C:/Users/Jorge/.codex/worktrees/omerta-rc1-closure/Omerta/omerta-contracts/src\AcquisitionAuthority.sol"
      "v4-core/types/PoolId.sol" in "C:/Users/Jorge/.codex/worktrees/omerta-rc1-closure/Omerta/omerta-contracts/src\GenesisProceedsSplitter.sol"
      "@openzeppelin/contracts/token/ERC721/IERC721.sol" in "C:/Users/Jorge/.codex/worktrees/omerta-rc1-closure/Omerta/omerta-contracts/test\market-v2\CommitmentV2.t.sol"
      "@openzeppelin/contracts/access/Ownable2Step.sol" in "C:/Users/Jorge/.codex/worktrees/omerta-rc1-closure/Omerta/omerta-contracts/src\OMRStaking.sol"
      "@openzeppelin/contracts/utils/ReentrancyGuard.sol" in "C:/Users/Jorge/.codex/worktrees/omerta-rc1-closure/Omerta/omerta-contracts/src\market-v2\OmertaArbitrageV2.sol"
      "@openzeppelin/contracts/access/Ownable2Step.sol" in "C:/Users/Jorge/.codex/worktrees/omerta-rc1-closure/Omerta/omerta-contracts/src\SettlementGasPool.sol"
      "@openzeppelin/contracts/access/Ownable.sol" in "C:/Users/Jorge/.codex/worktrees/omerta-rc1-closure/Omerta/omerta-contracts/test\Bank.t.sol"
      "forge-std/Test.sol" in "C:/Users/Jorge/.codex/worktrees/omerta-rc1-closure/Omerta/omerta-contracts/test\StreetDeed.t.sol"
      "v4-core/libraries/Hooks.sol" in "C:/Users/Jorge/.codex/worktrees/omerta-rc1-closure/Omerta/omerta-contracts/test\market-v2\OmertaHookV2.t.sol"
      "forge-std/Test.sol" in "C:/Users/Jorge/.codex/worktrees/omerta-rc1-closure/Omerta/omerta-contracts/test\RwaHealthIdentityVectors.t.sol"
      "v4-core/interfaces/IHooks.sol" in "C:/Users/Jorge/.codex/worktrees/omerta-rc1-closure/Omerta/omerta-contracts/test\market-v2\ArbitrageV2.t.sol"
      "@openzeppelin/contracts/utils/math/Math.sol" in "C:/Users/Jorge/.codex/worktrees/omerta-rc1-closure/Omerta/omerta-contracts/src\LiquidityBuybackExecutor.sol"
      "v4-core/interfaces/IHooks.sol" in "C:/Users/Jorge/.codex/worktrees/omerta-rc1-closure/Omerta/omerta-contracts/script/DeployV4TwapOracle.s.sol"
      "v4-core/interfaces/IPoolManager.sol" in "C:/Users/Jorge/.codex/worktrees/omerta-rc1-closure/Omerta/omerta-contracts/src\market-v2\OmertaHookV2.sol"
      "v4-core/libraries/Hooks.sol" in "C:/Users/Jorge/.codex/worktrees/omerta-rc1-closure/Omerta/omerta-contracts/test\audit\GenesisOracleBootstrap.t.sol"
      "v4-core/types/PoolId.sol" in "C:/Users/Jorge/.codex/worktrees/omerta-rc1-closure/Omerta/omerta-contracts/test\OmertaHook.t.sol"
      "@openzeppelin/contracts/utils/ReentrancyGuard.sol" in "C:/Users/Jorge/.codex/worktrees/omerta-rc1-closure/Omerta/omerta-contracts/src\StreetDeed.sol"
      "@openzeppelin/contracts/token/ERC20/IERC20.sol" in "C:/Users/Jorge/.codex/worktrees/omerta-rc1-closure/Omerta/omerta-contracts/src\market-v2\OmertaTurfFeeBridgeV2.sol"
      "forge-std/Test.sol" in "C:/Users/Jorge/.codex/worktrees/omerta-rc1-closure/Omerta/omerta-contracts/test\audit\TransmuterFundingRedTeam.t.sol"
      "v4-core/types/BalanceDelta.sol" in "C:/Users/Jorge/.codex/worktrees/omerta-rc1-closure/Omerta/omerta-contracts/src\OmertaHook.sol"
      "forge-std/Test.sol" in "C:/Users/Jorge/.codex/worktrees/omerta-rc1-closure/Omerta/omerta-contracts/test\DynastyNFT.t.sol"
      "@openzeppelin/contracts/interfaces/IERC20Metadata.sol" in "C:/Users/Jorge/.codex/worktrees/omerta-rc1-closure/Omerta/omerta-contracts/src\Alchemist.sol"
      "@openzeppelin/contracts/utils/Pausable.sol" in "C:/Users/Jorge/.codex/worktrees/omerta-rc1-closure/Omerta/omerta-contracts/src\DynastyNFT.sol"
      "forge-std/StdInvariant.sol" in "C:/Users/Jorge/.codex/worktrees/omerta-rc1-closure/Omerta/omerta-contracts/test\StockTokenRegistryV2Invariant.t.sol"
      "@openzeppelin/contracts/access/Ownable2Step.sol" in "C:/Users/Jorge/.codex/worktrees/omerta-rc1-closure/Omerta/omerta-contracts/src\AcquisitionVault.sol"
      "@openzeppelin/contracts/utils/Strings.sol" in "C:/Users/Jorge/.codex/worktrees/omerta-rc1-closure/Omerta/omerta-contracts/test\StreetDeed.t.sol"
      "v4-core/types/PoolKey.sol" in "C:/Users/Jorge/.codex/worktrees/omerta-rc1-closure/Omerta/omerta-contracts/test\audit\ComprehensiveCoreAudit.t.sol"
      "v4-core/libraries/Hooks.sol" in "C:/Users/Jorge/.codex/worktrees/omerta-rc1-closure/Omerta/omerta-contracts/test\market-v2\ArbitrageV2.t.sol"
      "v4-core/types/PoolId.sol" in "C:/Users/Jorge/.codex/worktrees/omerta-rc1-closure/Omerta/omerta-contracts/test\ProtocolLiquidityVault.t.sol"
      "v4-core/PoolManager.sol" in "C:/Users/Jorge/.codex/worktrees/omerta-rc1-closure/Omerta/omerta-contracts/test\OmrV4TwapOracle.t.sol"
      "@openzeppelin/contracts/token/ERC20/ERC20.sol" in "C:/Users/Jorge/.codex/worktrees/omerta-rc1-closure/Omerta/omerta-contracts/test\audit\TransmuterFundingRedTeam.t.sol"
      "@openzeppelin/contracts/utils/cryptography/SignatureChecker.sol" in "C:/Users/Jorge/.codex/worktrees/omerta-rc1-closure/Omerta/omerta-contracts/test\vendor\ERC6551Account.sol"
      "v4-core/types/Currency.sol" in "C:/Users/Jorge/.codex/worktrees/omerta-rc1-closure/Omerta/omerta-contracts/src\market-v2\OmertaCommitmentVaultV2.sol"
      "@openzeppelin/contracts/token/ERC20/utils/SafeERC20.sol" in "C:/Users/Jorge/.codex/worktrees/omerta-rc1-closure/Omerta/omerta-contracts/test\audit\AlchemistRedTeam.t.sol"
      "@openzeppelin/contracts/utils/cryptography/ECDSA.sol" in "C:/Users/Jorge/.codex/worktrees/omerta-rc1-closure/Omerta/omerta-contracts/src\OmertaBond.sol"
      "v4-core/types/BeforeSwapDelta.sol" in "C:/Users/Jorge/.codex/worktrees/omerta-rc1-closure/Omerta/omerta-contracts/src\OmertaHook.sol"
      "v4-core/types/PoolOperation.sol" in "C:/Users/Jorge/.codex/worktrees/omerta-rc1-closure/Omerta/omerta-contracts/test\OmertaHook.t.sol"
      "@openzeppelin/contracts/utils/ReentrancyGuard.sol" in "C:/Users/Jorge/.codex/worktrees/omerta-rc1-closure/Omerta/omerta-contracts/src\market-v2\OmertaCommitmentVaultV2.sol"
      "@openzeppelin/contracts/access/Ownable2Step.sol" in "C:/Users/Jorge/.codex/worktrees/omerta-rc1-closure/Omerta/omerta-contracts/src\GearVault.sol"
      "@openzeppelin/contracts/token/ERC20/utils/SafeERC20.sol" in "C:/Users/Jorge/.codex/worktrees/omerta-rc1-closure/Omerta/omerta-contracts/src\VoucherClaim.sol"
      "@openzeppelin/contracts/token/ERC20/extensions/ERC4626.sol" in "C:/Users/Jorge/.codex/worktrees/omerta-rc1-closure/Omerta/omerta-contracts/test\fizz\utils\FuzzMocks.sol"
      "forge-std/Test.sol" in "C:/Users/Jorge/.codex/worktrees/omerta-rc1-closure/Omerta/omerta-contracts/test\audit\ComprehensiveCoreAudit.t.sol"
      "@openzeppelin/contracts/utils/math/Math.sol" in "C:/Users/Jorge/.codex/worktrees/omerta-rc1-closure/Omerta/omerta-contracts/src\market-v2\OmertaMarketStateV2.sol"
      "forge-std/Test.sol" in "C:/Users/Jorge/.codex/worktrees/omerta-rc1-closure/Omerta/omerta-contracts/test\GenesisOracle.t.sol"
      "v4-core/types/PoolOperation.sol" in "C:/Users/Jorge/.codex/worktrees/omerta-rc1-closure/Omerta/omerta-contracts/test\market-v2\OmertaHookV2.t.sol"
      "@openzeppelin/contracts/access/Ownable2Step.sol" in "C:/Users/Jorge/.codex/worktrees/omerta-rc1-closure/Omerta/omerta-contracts/src\RwaStockBuyer.sol"
      "forge-std/StdInvariant.sol" in "C:/Users/Jorge/.codex/worktrees/omerta-rc1-closure/Omerta/omerta-contracts/test\SettlementGasPoolInvariant.t.sol"
      "v4-core/types/PoolKey.sol" in "C:/Users/Jorge/.codex/worktrees/omerta-rc1-closure/Omerta/omerta-contracts/test\market-v2\SolverHashV2.t.sol"
      "v4-core/types/PoolKey.sol" in "C:/Users/Jorge/.codex/worktrees/omerta-rc1-closure/Omerta/omerta-contracts/test\market-v2\StabilityV2.t.sol"
      "../lib/v4-periphery/src/libraries/Actions.sol" in "C:/Users/Jorge/.codex/worktrees/omerta-rc1-closure/Omerta/omerta-contracts/test\GenesisLifecycleController.t.sol"
      "forge-std/Vm.sol" in "C:/Users/Jorge/.codex/worktrees/omerta-rc1-closure/Omerta/omerta-contracts/test\LiquidityRevenueAutomation.t.sol"
      "@openzeppelin/contracts/utils/ReentrancyGuard.sol" in "C:/Users/Jorge/.codex/worktrees/omerta-rc1-closure/Omerta/omerta-contracts/test\LiquidityRevenueAutomation.t.sol"
      "v4-core/interfaces/IPoolManager.sol" in "C:/Users/Jorge/.codex/worktrees/omerta-rc1-closure/Omerta/omerta-contracts/src\OmrV4TwapOracle.sol"
      "v4-core/types/PoolId.sol" in "C:/Users/Jorge/.codex/worktrees/omerta-rc1-closure/Omerta/omerta-contracts/test\GenesisLifecycleController.t.sol"
      "@openzeppelin/contracts/token/ERC721/IERC721Receiver.sol" in "C:/Users/Jorge/.codex/worktrees/omerta-rc1-closure/Omerta/omerta-contracts/test\CharacterLaunchAudit.t.sol"
      "@openzeppelin/contracts/token/ERC721/IERC721Receiver.sol" in "C:/Users/Jorge/.codex/worktrees/omerta-rc1-closure/Omerta/omerta-contracts/test\ProtocolLiquidityVault.t.sol"
      "forge-std/Test.sol" in "C:/Users/Jorge/.codex/worktrees/omerta-rc1-closure/Omerta/omerta-contracts/test\OmertaHook.t.sol"
      "@openzeppelin/contracts/interfaces/IERC20.sol" in "C:/Users/Jorge/.codex/worktrees/omerta-rc1-closure/Omerta/omerta-contracts/test\TestnetBankDependencies.t.sol"
      "@openzeppelin/contracts/interfaces/IERC4626.sol" in "C:/Users/Jorge/.codex/worktrees/omerta-rc1-closure/Omerta/omerta-contracts/src\Alchemist.sol"
      "@openzeppelin/contracts/access/Ownable.sol" in "C:/Users/Jorge/.codex/worktrees/omerta-rc1-closure/Omerta/omerta-contracts/test\ProtocolLiquidityVault.t.sol"
      "v4-core/PoolManager.sol" in "C:/Users/Jorge/.codex/worktrees/omerta-rc1-closure/Omerta/omerta-contracts/test\audit\ComprehensiveMarketAudit.t.sol"
      "@openzeppelin/contracts/token/ERC20/extensions/ERC20Permit.sol" in "C:/Users/Jorge/.codex/worktrees/omerta-rc1-closure/Omerta/omerta-contracts/src\Denari.sol"
      "v4-core/types/PoolKey.sol" in "C:/Users/Jorge/.codex/worktrees/omerta-rc1-closure/Omerta/omerta-contracts/src\OmrV4TwapOracle.sol"
      "@openzeppelin/contracts/token/ERC20/ERC20.sol" in "C:/Users/Jorge/.codex/worktrees/omerta-rc1-closure/Omerta/omerta-contracts/test\TestnetTwapDependencies.t.sol"
      "v4-core/libraries/TickMath.sol" in "C:/Users/Jorge/.codex/worktrees/omerta-rc1-closure/Omerta/omerta-contracts/src\market-v2\OmertaMarketStateV2.sol"
      "v4-core/types/PoolId.sol" in "C:/Users/Jorge/.codex/worktrees/omerta-rc1-closure/Omerta/omerta-contracts/test\market-v2\ArbitrageV2.t.sol"
      "v4-core/test/PoolSwapTest.sol" in "C:/Users/Jorge/.codex/worktrees/omerta-rc1-closure/Omerta/omerta-contracts/test\market-v2\OmertaHookV2.t.sol"
      "@openzeppelin/contracts/access/Ownable.sol" in "C:/Users/Jorge/.codex/worktrees/omerta-rc1-closure/Omerta/omerta-contracts/test\SettlementGasPoolConfig.t.sol"
      "v4-core/types/PoolKey.sol" in "C:/Users/Jorge/.codex/worktrees/omerta-rc1-closure/Omerta/omerta-contracts/test\market-v2\CommitmentV2.t.sol"
      "forge-std/Test.sol" in "C:/Users/Jorge/.codex/worktrees/omerta-rc1-closure/Omerta/omerta-contracts/test\GenesisWalletCap.t.sol"
      "forge-std/Test.sol" in "C:/Users/Jorge/.codex/worktrees/omerta-rc1-closure/Omerta/omerta-contracts/test\StockVault.t.sol"
      "@openzeppelin/contracts/interfaces/IERC4626.sol" in "C:/Users/Jorge/.codex/worktrees/omerta-rc1-closure/Omerta/omerta-contracts/test\TestnetBankDependencies.t.sol"
      "v4-core/types/PoolId.sol" in "C:/Users/Jorge/.codex/worktrees/omerta-rc1-closure/Omerta/omerta-contracts/src\OmertaHook.sol"
      "@openzeppelin/contracts/access/Ownable.sol" in "C:/Users/Jorge/.codex/worktrees/omerta-rc1-closure/Omerta/omerta-contracts/src\SettlementGasPool.sol"
      "@openzeppelin/contracts/utils/ReentrancyGuard.sol" in "C:/Users/Jorge/.codex/worktrees/omerta-rc1-closure/Omerta/omerta-contracts/src\market-v2\OmertaTurfV2.sol"
      "@openzeppelin/contracts/token/common/ERC2981.sol" in "C:/Users/Jorge/.codex/worktrees/omerta-rc1-closure/Omerta/omerta-contracts/src\DynastyNFT.sol"
      "@openzeppelin/contracts/interfaces/IERC20.sol" in "C:/Users/Jorge/.codex/worktrees/omerta-rc1-closure/Omerta/omerta-contracts/test\BankBufferVault.t.sol"
      "v4-core/types/BalanceDelta.sol" in "C:/Users/Jorge/.codex/worktrees/omerta-rc1-closure/Omerta/omerta-contracts/test\audit\OmertaHookObserverDoS.t.sol"
      "v4-core/interfaces/IHooks.sol" in "C:/Users/Jorge/.codex/worktrees/omerta-rc1-closure/Omerta/omerta-contracts/test\market-v2\OmertaHookV2.t.sol"
      "v4-core/types/PoolId.sol" in "C:/Users/Jorge/.codex/worktrees/omerta-rc1-closure/Omerta/omerta-contracts/test\audit\ComprehensiveMarketAudit.t.sol"
      "v4-core/types/Currency.sol" in "C:/Users/Jorge/.codex/worktrees/omerta-rc1-closure/Omerta/omerta-contracts/test\audit\OmertaHookObserverDoS.t.sol"
      "@openzeppelin/contracts/token/ERC20/ERC20.sol" in "C:/Users/Jorge/.codex/worktrees/omerta-rc1-closure/Omerta/omerta-contracts/test\OmrV4TwapOracle.t.sol"
      "v4-core/types/Currency.sol" in "C:/Users/Jorge/.codex/worktrees/omerta-rc1-closure/Omerta/omerta-contracts/script/DeployV4TwapOracle.s.sol"
      "v4-core/types/PoolOperation.sol" in "C:/Users/Jorge/.codex/worktrees/omerta-rc1-closure/Omerta/omerta-contracts/src\market-v2\OmertaStabilityControllerV2.sol"
      "../lib/v4-periphery/src/libraries/LiquidityAmounts.sol" in "C:/Users/Jorge/.codex/worktrees/omerta-rc1-closure/Omerta/omerta-contracts/src\ProtocolLiquidityVault.sol"
      "v4-core/types/PoolOperation.sol" in "C:/Users/Jorge/.codex/worktrees/omerta-rc1-closure/Omerta/omerta-contracts/test\audit\OmertaHookObserverDoS.t.sol"
      "v4-core/libraries/StateLibrary.sol" in "C:/Users/Jorge/.codex/worktrees/omerta-rc1-closure/Omerta/omerta-contracts/src\ProtocolLiquidityVault.sol"
      "v4-core/types/Currency.sol" in "C:/Users/Jorge/.codex/worktrees/omerta-rc1-closure/Omerta/omerta-contracts/src\market-v2\OmertaHookV2.sol"
      "@openzeppelin/contracts/token/ERC20/utils/SafeERC20.sol" in "C:/Users/Jorge/.codex/worktrees/omerta-rc1-closure/Omerta/omerta-contracts/src\Transmuter.sol"
      "v4-core/PoolManager.sol" in "C:/Users/Jorge/.codex/worktrees/omerta-rc1-closure/Omerta/omerta-contracts/test\OmertaHook.t.sol"
      "@openzeppelin/contracts/interfaces/IERC20.sol" in "C:/Users/Jorge/.codex/worktrees/omerta-rc1-closure/Omerta/omerta-contracts/script/testnet/TestBankDependencies.sol"
      "@openzeppelin/contracts/utils/cryptography/ECDSA.sol" in "C:/Users/Jorge/.codex/worktrees/omerta-rc1-closure/Omerta/omerta-contracts/test\CharacterLaunchAudit.t.sol"
      "v4-core/libraries/TickMath.sol" in "C:/Users/Jorge/.codex/worktrees/omerta-rc1-closure/Omerta/omerta-contracts/test\market-v2\OmertaHookV2.t.sol"
      "@openzeppelin/contracts/utils/ReentrancyGuard.sol" in "C:/Users/Jorge/.codex/worktrees/omerta-rc1-closure/Omerta/omerta-contracts/src\AcquisitionVault.sol"
      "v4-core/types/Currency.sol" in "C:/Users/Jorge/.codex/worktrees/omerta-rc1-closure/Omerta/omerta-contracts/test\market-v2\OmertaHookV2.t.sol"
      "@openzeppelin/contracts/token/ERC20/IERC20.sol" in "C:/Users/Jorge/.codex/worktrees/omerta-rc1-closure/Omerta/omerta-contracts/src\RwaStockBuyer.sol"
      "@openzeppelin/contracts/utils/cryptography/ECDSA.sol" in "C:/Users/Jorge/.codex/worktrees/omerta-rc1-closure/Omerta/omerta-contracts/src\StockVault.sol"
      "forge-std/Vm.sol" in "C:/Users/Jorge/.codex/worktrees/omerta-rc1-closure/Omerta/omerta-contracts/test\CharacterLaunchAudit.t.sol"
      "v4-core/libraries/TickMath.sol" in "C:/Users/Jorge/.codex/worktrees/omerta-rc1-closure/Omerta/omerta-contracts/test\market-v2\IntegrationV2.t.sol"
      "@openzeppelin/contracts/utils/Pausable.sol" in "C:/Users/Jorge/.codex/worktrees/omerta-rc1-closure/Omerta/omerta-contracts/test\CharacterLaunchAudit.t.sol"
      "v4-core/types/Currency.sol" in "C:/Users/Jorge/.codex/worktrees/omerta-rc1-closure/Omerta/omerta-contracts/test\GenesisLifecycleController.t.sol"
      "v4-core/types/PoolKey.sol" in "C:/Users/Jorge/.codex/worktrees/omerta-rc1-closure/Omerta/omerta-contracts/test\GenesisLifecycleController.t.sol"
      "@openzeppelin/contracts/interfaces/IERC4626.sol" in "C:/Users/Jorge/.codex/worktrees/omerta-rc1-closure/Omerta/omerta-contracts/test\audit\AlchemistRedTeam.t.sol"
      "forge-std/console.sol" in "C:/Users/Jorge/.codex/worktrees/omerta-rc1-closure/Omerta/omerta-contracts/test\fizz\FoundryTester.sol"
      "v4-core/types/PoolKey.sol" in "C:/Users/Jorge/.codex/worktrees/omerta-rc1-closure/Omerta/omerta-contracts/src\market-v2\OmertaHookV2.sol"
      "@openzeppelin/contracts/utils/math/Math.sol" in "C:/Users/Jorge/.codex/worktrees/omerta-rc1-closure/Omerta/omerta-contracts/src\BankBufferVault.sol"
      "v4-core/libraries/TickMath.sol" in "C:/Users/Jorge/.codex/worktrees/omerta-rc1-closure/Omerta/omerta-contracts/test\OmrV4TwapOracle.t.sol"
      "v4-core/types/Currency.sol" in "C:/Users/Jorge/.codex/worktrees/omerta-rc1-closure/Omerta/omerta-contracts/test\audit\ComprehensiveCoreAudit.t.sol"
      "forge-std/Test.sol" in "C:/Users/Jorge/.codex/worktrees/omerta-rc1-closure/Omerta/omerta-contracts/test\audit\ComprehensiveAcquisitionAudit.t.sol"
      "@openzeppelin/contracts/utils/ReentrancyGuard.sol" in "C:/Users/Jorge/.codex/worktrees/omerta-rc1-closure/Omerta/omerta-contracts/src\RwaStockBuyer.sol"
      "v4-core/types/PoolKey.sol" in "C:/Users/Jorge/.codex/worktrees/omerta-rc1-closure/Omerta/omerta-contracts/test\audit\GenesisOracleBootstrap.t.sol"
      "../lib/v4-periphery/src/interfaces/external/IWETH9.sol" in "C:/Users/Jorge/.codex/worktrees/omerta-rc1-closure/Omerta/omerta-contracts/test\ProtocolLiquidityVault.t.sol"
      "v4-core/types/PoolKey.sol" in "C:/Users/Jorge/.codex/worktrees/omerta-rc1-closure/Omerta/omerta-contracts/src\LiquidityBuybackExecutor.sol"
      "@openzeppelin/contracts/utils/ReentrancyGuard.sol" in "C:/Users/Jorge/.codex/worktrees/omerta-rc1-closure/Omerta/omerta-contracts/src\Transmuter.sol"
      "@openzeppelin/contracts/token/ERC1155/ERC1155.sol" in "C:/Users/Jorge/.codex/worktrees/omerta-rc1-closure/Omerta/omerta-contracts/src\GearVault.sol"
      "@openzeppelin/contracts/token/ERC20/IERC20.sol" in "C:/Users/Jorge/.codex/worktrees/omerta-rc1-closure/Omerta/omerta-contracts/src\market-v2\OmertaInventoryBondV2.sol"
      "@openzeppelin/contracts/token/ERC20/ERC20.sol" in "C:/Users/Jorge/.codex/worktrees/omerta-rc1-closure/Omerta/omerta-contracts/test\StockTokenRegistryV2.t.sol"
      "../../lib/v4-periphery/src/libraries/Actions.sol" in "C:/Users/Jorge/.codex/worktrees/omerta-rc1-closure/Omerta/omerta-contracts/test\market-v2\CommitmentV2.t.sol"
      "@openzeppelin/contracts/token/ERC20/IERC20.sol" in "C:/Users/Jorge/.codex/worktrees/omerta-rc1-closure/Omerta/omerta-contracts/src\market-v2\OmertaStabilityControllerV2.sol"
      "forge-std/Test.sol" in "C:/Users/Jorge/.codex/worktrees/omerta-rc1-closure/Omerta/omerta-contracts/test\SettlementGasPoolInvariant.t.sol"
      "@openzeppelin/contracts/token/ERC20/utils/SafeERC20.sol" in "C:/Users/Jorge/.codex/worktrees/omerta-rc1-closure/Omerta/omerta-contracts/src\StockVault.sol"
      "forge-std/Vm.sol" in "C:/Users/Jorge/.codex/worktrees/omerta-rc1-closure/Omerta/omerta-contracts/test\RwaHealthOverlay.t.sol"
      "forge-std/Test.sol" in "C:/Users/Jorge/.codex/worktrees/omerta-rc1-closure/Omerta/omerta-contracts/test\AcquisitionVaultOperator.t.sol"
      "@openzeppelin/contracts/utils/introspection/IERC165.sol" in "C:/Users/Jorge/.codex/worktrees/omerta-rc1-closure/Omerta/omerta-contracts/test\vendor\ERC6551Account.sol"
      "@openzeppelin/contracts/token/ERC20/IERC20.sol" in "C:/Users/Jorge/.codex/worktrees/omerta-rc1-closure/Omerta/omerta-contracts/src\StockVault.sol"
      "forge-std/StdStorage.sol" in "C:/Users/Jorge/.codex/worktrees/omerta-rc1-closure/Omerta/omerta-contracts/test\AcquisitionVaultOperator.t.sol"
      "v4-core/interfaces/IHooks.sol" in "C:/Users/Jorge/.codex/worktrees/omerta-rc1-closure/Omerta/omerta-contracts/test\ProtocolLiquidityVault.t.sol"
      "v4-core/types/Currency.sol" in "C:/Users/Jorge/.codex/worktrees/omerta-rc1-closure/Omerta/omerta-contracts/test\audit\ComprehensiveMarketAudit.t.sol"
      "@openzeppelin/contracts/token/ERC20/utils/SafeERC20.sol" in "C:/Users/Jorge/.codex/worktrees/omerta-rc1-closure/Omerta/omerta-contracts/src\OMRStaking.sol"
      "@openzeppelin/contracts/utils/introspection/IERC165.sol" in "C:/Users/Jorge/.codex/worktrees/omerta-rc1-closure/Omerta/omerta-contracts/src\interfaces\IInitializerHook.sol"
      "@openzeppelin/contracts/utils/cryptography/EIP712.sol" in "C:/Users/Jorge/.codex/worktrees/omerta-rc1-closure/Omerta/omerta-contracts/src\AcquisitionVault.sol"
      "v4-core/types/PoolKey.sol" in "C:/Users/Jorge/.codex/worktrees/omerta-rc1-closure/Omerta/omerta-contracts/test\audit\OmertaHookObserverDoS.t.sol"
      "forge-std/Test.sol" in "C:/Users/Jorge/.codex/worktrees/omerta-rc1-closure/Omerta/omerta-contracts/test\utils\SettlementGasPoolTestBase.sol"
      "forge-std/Test.sol" in "C:/Users/Jorge/.codex/worktrees/omerta-rc1-closure/Omerta/omerta-contracts/test\TestnetTwapDependencies.t.sol"
      "../../lib/v4-periphery/src/libraries/LiquidityAmounts.sol" in "C:/Users/Jorge/.codex/worktrees/omerta-rc1-closure/Omerta/omerta-contracts/src\market-v2\OmertaStabilityControllerV2.sol"
      "forge-std/Test.sol" in "C:/Users/Jorge/.codex/worktrees/omerta-rc1-closure/Omerta/omerta-contracts/test\market-v2\StabilityV2Invariant.t.sol"
      "@openzeppelin/contracts/utils/math/Math.sol" in "C:/Users/Jorge/.codex/worktrees/omerta-rc1-closure/Omerta/omerta-contracts/src\KeeperGasVault.sol"
      "forge-std/Vm.sol" in "C:/Users/Jorge/.codex/worktrees/omerta-rc1-closure/Omerta/omerta-contracts/test\AcquisitionConstellationTask1.t.sol"
      "@openzeppelin/contracts/utils/Pausable.sol" in "C:/Users/Jorge/.codex/worktrees/omerta-rc1-closure/Omerta/omerta-contracts/src\SettlementGasPool.sol"
      "@openzeppelin/contracts/token/ERC20/IERC20.sol" in "C:/Users/Jorge/.codex/worktrees/omerta-rc1-closure/Omerta/omerta-contracts/test\BondLiquidityHealth.t.sol"
      "@openzeppelin/contracts/token/ERC20/ERC20.sol" in "C:/Users/Jorge/.codex/worktrees/omerta-rc1-closure/Omerta/omerta-contracts/test\OmrTwapOracle.t.sol"
      "v4-core/test/PoolModifyLiquidityTest.sol" in "C:/Users/Jorge/.codex/worktrees/omerta-rc1-closure/Omerta/omerta-contracts/test\audit\ComprehensiveMarketAudit.t.sol"
      "forge-std/Vm.sol" in "C:/Users/Jorge/.codex/worktrees/omerta-rc1-closure/Omerta/omerta-contracts/test\AcquisitionConstellationTask3A.t.sol"
      "forge-std/Test.sol" in "C:/Users/Jorge/.codex/worktrees/omerta-rc1-closure/Omerta/omerta-contracts/test\BankBufferVault.t.sol"
      "v4-core/interfaces/IHooks.sol" in "C:/Users/Jorge/.codex/worktrees/omerta-rc1-closure/Omerta/omerta-contracts/test\OmertaHook.t.sol"
      "v4-core/types/PoolOperation.sol" in "C:/Users/Jorge/.codex/worktrees/omerta-rc1-closure/Omerta/omerta-contracts/test\market-v2\ArbitrageV2.t.sol"
      "v4-core/types/BalanceDelta.sol" in "C:/Users/Jorge/.codex/worktrees/omerta-rc1-closure/Omerta/omerta-contracts/test\market-v2\OmertaHookV2.t.sol"
      "@openzeppelin/contracts/utils/introspection/IERC165.sol" in "C:/Users/Jorge/.codex/worktrees/omerta-rc1-closure/Omerta/omerta-contracts/src\OmrV4TwapOracle.sol"
      "v4-core/types/BalanceDelta.sol" in "C:/Users/Jorge/.codex/worktrees/omerta-rc1-closure/Omerta/omerta-contracts/src\market-v2\OmertaHookV2.sol"
      "v4-core/types/PoolId.sol" in "C:/Users/Jorge/.codex/worktrees/omerta-rc1-closure/Omerta/omerta-contracts/src\GenesisLifecycleController.sol"
      "v4-core/libraries/StateLibrary.sol" in "C:/Users/Jorge/.codex/worktrees/omerta-rc1-closure/Omerta/omerta-contracts/src\market-v2\OmertaHookV2.sol"
      "forge-std/Test.sol" in "C:/Users/Jorge/.codex/worktrees/omerta-rc1-closure/Omerta/omerta-contracts/test\AcquisitionConstellationTask5IntentIdentity.t.sol"
      "v4-core/interfaces/IPoolManager.sol" in "C:/Users/Jorge/.codex/worktrees/omerta-rc1-closure/Omerta/omerta-contracts/test\GenesisLifecycleController.t.sol"
      "@openzeppelin/contracts/token/ERC20/extensions/ERC20Permit.sol" in "C:/Users/Jorge/.codex/worktrees/omerta-rc1-closure/Omerta/omerta-contracts/src\OMR.sol"
      "../../lib/v4-periphery/src/libraries/PositionInfoLibrary.sol" in "C:/Users/Jorge/.codex/worktrees/omerta-rc1-closure/Omerta/omerta-contracts/src\market-v2\OmertaCommitmentVaultV2.sol"
      "v4-core/types/PoolKey.sol" in "C:/Users/Jorge/.codex/worktrees/omerta-rc1-closure/Omerta/omerta-contracts/test\ProtocolLiquidityVault.t.sol"
      "forge-std/StdStorage.sol" in "C:/Users/Jorge/.codex/worktrees/omerta-rc1-closure/Omerta/omerta-contracts/test\AcquisitionVaultAccounting.t.sol"
      "forge-std/Test.sol" in "C:/Users/Jorge/.codex/worktrees/omerta-rc1-closure/Omerta/omerta-contracts/test\audit\OmertaHookObserverDoS.t.sol"
      "forge-std/Test.sol" in "C:/Users/Jorge/.codex/worktrees/omerta-rc1-closure/Omerta/omerta-contracts/test\ProtocolLiquidityVault.t.sol"
      "@openzeppelin/contracts/token/ERC20/utils/SafeERC20.sol" in "C:/Users/Jorge/.codex/worktrees/omerta-rc1-closure/Omerta/omerta-contracts/test\audit\RwaStockMachineRedTeam.t.sol"
      "@openzeppelin/contracts/utils/Strings.sol" in "C:/Users/Jorge/.codex/worktrees/omerta-rc1-closure/Omerta/omerta-contracts/src\GearVault.sol"
      "@openzeppelin/contracts/utils/cryptography/ECDSA.sol" in "C:/Users/Jorge/.codex/worktrees/omerta-rc1-closure/Omerta/omerta-contracts/src\StreetDeed.sol"
      "forge-std/Test.sol" in "C:/Users/Jorge/.codex/worktrees/omerta-rc1-closure/Omerta/omerta-contracts/test\AcquisitionAuthoritySnapshotTask2.t.sol"
      "v4-core/types/Currency.sol" in "C:/Users/Jorge/.codex/worktrees/omerta-rc1-closure/Omerta/omerta-contracts/test\market-v2\SolverHashV2.t.sol"
      "forge-std/Vm.sol" in "C:/Users/Jorge/.codex/worktrees/omerta-rc1-closure/Omerta/omerta-contracts/test\AcquisitionAuthorityTask2.t.sol"
      "@openzeppelin/contracts/utils/Strings.sol" in "C:/Users/Jorge/.codex/worktrees/omerta-rc1-closure/Omerta/omerta-contracts/test\GearVault.t.sol"
      "permit2/src/interfaces/IAllowanceTransfer.sol" in "C:/Users/Jorge/.codex/worktrees/omerta-rc1-closure/Omerta/omerta-contracts/test\market-v2\CommitmentV2.t.sol"
      "@openzeppelin/contracts/token/ERC20/extensions/ERC4626.sol" in "C:/Users/Jorge/.codex/worktrees/omerta-rc1-closure/Omerta/omerta-contracts/script/testnet/TestBankDependencies.sol"
      "@openzeppelin/contracts/utils/ReentrancyGuard.sol" in "C:/Users/Jorge/.codex/worktrees/omerta-rc1-closure/Omerta/omerta-contracts/src\market-v2\OmertaTurfFeeBridgeV2.sol"
      "forge-std/Test.sol" in "C:/Users/Jorge/.codex/worktrees/omerta-rc1-closure/Omerta/omerta-contracts/test\audit\AlchemistRedTeam.t.sol"
      "v4-core/libraries/TickMath.sol" in "C:/Users/Jorge/.codex/worktrees/omerta-rc1-closure/Omerta/omerta-contracts/test\market-v2\StabilityV2.t.sol"
      "v4-core/types/Currency.sol" in "C:/Users/Jorge/.codex/worktrees/omerta-rc1-closure/Omerta/omerta-contracts/src\market-v2\OmertaStabilityControllerV2.sol"
      "v4-core/libraries/TickMath.sol" in "C:/Users/Jorge/.codex/worktrees/omerta-rc1-closure/Omerta/omerta-contracts/src\ProtocolLiquidityVault.sol"
      "@openzeppelin/contracts/utils/Pausable.sol" in "C:/Users/Jorge/.codex/worktrees/omerta-rc1-closure/Omerta/omerta-contracts/src\BankBufferVault.sol"
      "@openzeppelin/contracts/utils/Strings.sol" in "C:/Users/Jorge/.codex/worktrees/omerta-rc1-closure/Omerta/omerta-contracts/src\StreetDeed.sol"
      "@openzeppelin/contracts/access/Ownable.sol" in "C:/Users/Jorge/.codex/worktrees/omerta-rc1-closure/Omerta/omerta-contracts/test\LiquidityBuybackExecutor.t.sol"
      "@openzeppelin/contracts/utils/math/Math.sol" in "C:/Users/Jorge/.codex/worktrees/omerta-rc1-closure/Omerta/omerta-contracts/test\OmrV4TwapOracle.t.sol"
      "forge-std/Test.sol" in "C:/Users/Jorge/.codex/worktrees/omerta-rc1-closure/Omerta/omerta-contracts/test\TestnetBankDependencies.t.sol"
      "forge-std/Test.sol" in "C:/Users/Jorge/.codex/worktrees/omerta-rc1-closure/Omerta/omerta-contracts/test\AcquisitionConstellationTask3B.t.sol"
      "forge-std/Test.sol" in "C:/Users/Jorge/.codex/worktrees/omerta-rc1-closure/Omerta/omerta-contracts/test\StockTokenRegistryV2.t.sol"
      "v4-core/test/PoolSwapTest.sol" in "C:/Users/Jorge/.codex/worktrees/omerta-rc1-closure/Omerta/omerta-contracts/test\ProtocolLiquidityVault.t.sol"
      "v4-core/libraries/StateLibrary.sol" in "C:/Users/Jorge/.codex/worktrees/omerta-rc1-closure/Omerta/omerta-contracts/src\market-v2\OmertaStabilityControllerV2.sol"
      "v4-core/types/PoolId.sol" in "C:/Users/Jorge/.codex/worktrees/omerta-rc1-closure/Omerta/omerta-contracts/test\market-v2\OmertaHookV2.t.sol"
      "forge-std/StdInvariant.sol" in "C:/Users/Jorge/.codex/worktrees/omerta-rc1-closure/Omerta/omerta-contracts/test\GenesisWalletCap.t.sol"
      "v4-core/interfaces/IPoolManager.sol" in "C:/Users/Jorge/.codex/worktrees/omerta-rc1-closure/Omerta/omerta-contracts/test\audit\OmertaHookObserverDoS.t.sol"
      "permit2/test/utils/DeployPermit2.sol" in "C:/Users/Jorge/.codex/worktrees/omerta-rc1-closure/Omerta/omerta-contracts/test\ProtocolLiquidityVault.t.sol"
      "forge-std/Test.sol" in "C:/Users/Jorge/.codex/worktrees/omerta-rc1-closure/Omerta/omerta-contracts/test\OmrTwapOracle.t.sol"
      "@openzeppelin/contracts/token/ERC20/IERC20.sol" in "C:/Users/Jorge/.codex/worktrees/omerta-rc1-closure/Omerta/omerta-contracts/test\audit\ComprehensiveCoreAudit.t.sol"
      "v4-core/types/BalanceDelta.sol" in "C:/Users/Jorge/.codex/worktrees/omerta-rc1-closure/Omerta/omerta-contracts/src\LiquidityBuybackExecutor.sol"
      "v4-core/types/Currency.sol" in "C:/Users/Jorge/.codex/worktrees/omerta-rc1-closure/Omerta/omerta-contracts/src\market-v2\OmertaInventoryBondV2.sol"
      "v4-core/PoolManager.sol" in "C:/Users/Jorge/.codex/worktrees/omerta-rc1-closure/Omerta/omerta-contracts/test\audit\OmertaHookObserverDoS.t.sol"
      "v4-core/libraries/TickMath.sol" in "C:/Users/Jorge/.codex/worktrees/omerta-rc1-closure/Omerta/omerta-contracts/test\market-v2\MarketStateV2.t.sol"
      "forge-std/Test.sol" in "C:/Users/Jorge/.codex/worktrees/omerta-rc1-closure/Omerta/omerta-contracts/test\FlashGuard.t.sol"
      "@openzeppelin/contracts/utils/introspection/IERC165.sol" in "C:/Users/Jorge/.codex/worktrees/omerta-rc1-closure/Omerta/omerta-contracts/src\OmertaHook.sol"
      "forge-std/Test.sol" in "C:/Users/Jorge/.codex/worktrees/omerta-rc1-closure/Omerta/omerta-contracts/test\StockTokenRegistryV2Invariant.t.sol"
      "@openzeppelin/contracts/token/ERC20/ERC20.sol" in "C:/Users/Jorge/.codex/worktrees/omerta-rc1-closure/Omerta/omerta-contracts/test\RwaStockMachine.t.sol"
      "v4-core/interfaces/IHooks.sol" in "C:/Users/Jorge/.codex/worktrees/omerta-rc1-closure/Omerta/omerta-contracts/src\market-v2\OmertaHookV2.sol"
      "v4-core/types/PoolKey.sol" in "C:/Users/Jorge/.codex/worktrees/omerta-rc1-closure/Omerta/omerta-contracts/src\market-v2\OmertaStabilityControllerV2.sol"
      "@openzeppelin/contracts/access/Ownable.sol" in "C:/Users/Jorge/.codex/worktrees/omerta-rc1-closure/Omerta/omerta-contracts/test\SettlementGasPoolMigration.t.sol"
      "v4-core/types/Currency.sol" in "C:/Users/Jorge/.codex/worktrees/omerta-rc1-closure/Omerta/omerta-contracts/src\OmrV4TwapOracle.sol"
      "@openzeppelin/contracts/token/ERC20/IERC20.sol" in "C:/Users/Jorge/.codex/worktrees/omerta-rc1-closure/Omerta/omerta-contracts/src\OmertaBond.sol"
      "v4-core/interfaces/IHooks.sol" in "C:/Users/Jorge/.codex/worktrees/omerta-rc1-closure/Omerta/omerta-contracts/test\audit\OmertaHookObserverDoS.t.sol"
      "v4-core/libraries/TickMath.sol" in "C:/Users/Jorge/.codex/worktrees/omerta-rc1-closure/Omerta/omerta-contracts/src\market-v2\OmertaCommitmentVaultV2.sol"
      "v4-core/interfaces/callback/IUnlockCallback.sol" in "C:/Users/Jorge/.codex/worktrees/omerta-rc1-closure/Omerta/omerta-contracts/src\LiquidityBuybackExecutor.sol"
      "../lib/v4-periphery/src/libraries/PositionInfoLibrary.sol" in "C:/Users/Jorge/.codex/worktrees/omerta-rc1-closure/Omerta/omerta-contracts/src\ProtocolLiquidityVault.sol"
      "v4-core/interfaces/IHooks.sol" in "C:/Users/Jorge/.codex/worktrees/omerta-rc1-closure/Omerta/omerta-contracts/src\OmrV4TwapOracle.sol"
      "v4-core/libraries/TickMath.sol" in "C:/Users/Jorge/.codex/worktrees/omerta-rc1-closure/Omerta/omerta-contracts/test\market-v2\StabilityV2Invariant.t.sol"
      "forge-std/Test.sol" in "C:/Users/Jorge/.codex/worktrees/omerta-rc1-closure/Omerta/omerta-contracts/test\AcquisitionConstellationCrosswalk.t.sol"
      "forge-std/Test.sol" in "C:/Users/Jorge/.codex/worktrees/omerta-rc1-closure/Omerta/omerta-contracts/test\OmertaBond.t.sol"
      "v4-core/types/PoolId.sol" in "C:/Users/Jorge/.codex/worktrees/omerta-rc1-closure/Omerta/omerta-contracts/src\market-v2\OmertaInventoryBondV2.sol"
      "@openzeppelin/contracts/access/Ownable.sol" in "C:/Users/Jorge/.codex/worktrees/omerta-rc1-closure/Omerta/omerta-contracts/src\OMR.sol"
      "v4-core/types/PoolId.sol" in "C:/Users/Jorge/.codex/worktrees/omerta-rc1-closure/Omerta/omerta-contracts/src\LiquidityBuybackExecutor.sol"
      "v4-core/libraries/TickMath.sol" in "C:/Users/Jorge/.codex/worktrees/omerta-rc1-closure/Omerta/omerta-contracts/src\OmrV4TwapOracle.sol"
      "@openzeppelin/contracts/access/Ownable2Step.sol" in "C:/Users/Jorge/.codex/worktrees/omerta-rc1-closure/Omerta/omerta-contracts/src\AcquisitionAuthority.sol"
      "v4-core/types/BalanceDelta.sol" in "C:/Users/Jorge/.codex/worktrees/omerta-rc1-closure/Omerta/omerta-contracts/test\audit\ComprehensiveMarketAudit.t.sol"
      "v4-core/test/PoolSwapTest.sol" in "C:/Users/Jorge/.codex/worktrees/omerta-rc1-closure/Omerta/omerta-contracts/test\market-v2\StabilityV2.t.sol"
      "@openzeppelin/contracts/access/Ownable.sol" in "C:/Users/Jorge/.codex/worktrees/omerta-rc1-closure/Omerta/omerta-contracts/test\SettlementGasPoolCore.t.sol"
      "v4-core/interfaces/IPoolManager.sol" in "C:/Users/Jorge/.codex/worktrees/omerta-rc1-closure/Omerta/omerta-contracts/test\OmertaHook.t.sol"
      "forge-std/Test.sol" in "C:/Users/Jorge/.codex/worktrees/omerta-rc1-closure/Omerta/omerta-contracts/test\market-v2\ArbitrageV2.t.sol"
      "@openzeppelin/contracts/utils/Strings.sol" in "C:/Users/Jorge/.codex/worktrees/omerta-rc1-closure/Omerta/omerta-contracts/src\DynastyNFT.sol"
      "v4-core/interfaces/callback/IUnlockCallback.sol" in "C:/Users/Jorge/.codex/worktrees/omerta-rc1-closure/Omerta/omerta-contracts/src\market-v2\OmertaArbitrageV2.sol"
      "v4-core/libraries/StateLibrary.sol" in "C:/Users/Jorge/.codex/worktrees/omerta-rc1-closure/Omerta/omerta-contracts/test\market-v2\OmertaHookV2.t.sol"
      "forge-std/StdInvariant.sol" in "C:/Users/Jorge/.codex/worktrees/omerta-rc1-closure/Omerta/omerta-contracts/test\BankBufferVault.t.sol"
      "v4-core/test/PoolModifyLiquidityTest.sol" in "C:/Users/Jorge/.codex/worktrees/omerta-rc1-closure/Omerta/omerta-contracts/test\market-v2\ArbitrageV2.t.sol"
      "v4-core/types/PoolKey.sol" in "C:/Users/Jorge/.codex/worktrees/omerta-rc1-closure/Omerta/omerta-contracts/test\LiquidityBuybackExecutor.t.sol"
      "forge-std/Test.sol" in "C:/Users/Jorge/.codex/worktrees/omerta-rc1-closure/Omerta/omerta-contracts/test\audit\ComprehensiveMarketAudit.t.sol"
      "@openzeppelin/contracts/token/ERC20/utils/SafeERC20.sol" in "C:/Users/Jorge/.codex/worktrees/omerta-rc1-closure/Omerta/omerta-contracts/src\RwaStockBuyer.sol"
      "@openzeppelin/contracts/token/ERC20/extensions/IERC20Metadata.sol" in "C:/Users/Jorge/.codex/worktrees/omerta-rc1-closure/Omerta/omerta-contracts/src\StockTokenRegistryV2.sol"
      "@openzeppelin/contracts/token/ERC20/ERC20.sol" in "C:/Users/Jorge/.codex/worktrees/omerta-rc1-closure/Omerta/omerta-contracts/test\audit\AlchemistRedTeam.t.sol"
      "v4-core/types/Currency.sol" in "C:/Users/Jorge/.codex/worktrees/omerta-rc1-closure/Omerta/omerta-contracts/test\LiquidityBuybackExecutor.t.sol"
      "@openzeppelin/contracts/token/ERC20/IERC20.sol" in "C:/Users/Jorge/.codex/worktrees/omerta-rc1-closure/Omerta/omerta-contracts/test\fizz\Base.sol"
      "@openzeppelin/contracts/token/ERC20/IERC20.sol" in "C:/Users/Jorge/.codex/worktrees/omerta-rc1-closure/Omerta/omerta-contracts/src\GenesisProceedsSplitter.sol"
      "@openzeppelin/contracts/token/ERC20/utils/SafeERC20.sol" in "C:/Users/Jorge/.codex/worktrees/omerta-rc1-closure/Omerta/omerta-contracts/src\market-v2\OmertaTurfV2.sol"
      "@openzeppelin/contracts/access/Ownable.sol" in "C:/Users/Jorge/.codex/worktrees/omerta-rc1-closure/Omerta/omerta-contracts/test\BondLiquidityHealth.t.sol"
      "@openzeppelin/contracts/token/ERC20/ERC20.sol" in "C:/Users/Jorge/.codex/worktrees/omerta-rc1-closure/Omerta/omerta-contracts/test\LiquidityBuybackExecutor.t.sol"
      "v4-core/types/PoolKey.sol" in "C:/Users/Jorge/.codex/worktrees/omerta-rc1-closure/Omerta/omerta-contracts/test\market-v2\OmertaHookV2.t.sol"
      "v4-core/libraries/Hooks.sol" in "C:/Users/Jorge/.codex/worktrees/omerta-rc1-closure/Omerta/omerta-contracts/test\market-v2\StabilityV2.t.sol"
      "@openzeppelin/contracts/utils/ReentrancyGuard.sol" in "C:/Users/Jorge/.codex/worktrees/omerta-rc1-closure/Omerta/omerta-contracts/src\OMRStaking.sol"
      "@openzeppelin/contracts/utils/cryptography/EIP712.sol" in "C:/Users/Jorge/.codex/worktrees/omerta-rc1-closure/Omerta/omerta-contracts/src\OmertaBond.sol"
      "@openzeppelin/contracts/utils/cryptography/ECDSA.sol" in "C:/Users/Jorge/.codex/worktrees/omerta-rc1-closure/Omerta/omerta-contracts/src\VoucherClaim.sol"
      "v4-core/types/Currency.sol" in "C:/Users/Jorge/.codex/worktrees/omerta-rc1-closure/Omerta/omerta-contracts/test\OmertaHook.t.sol"
      "v4-core/types/PoolId.sol" in "C:/Users/Jorge/.codex/worktrees/omerta-rc1-closure/Omerta/omerta-contracts/test\audit\GenesisOracleBootstrap.t.sol"
      "forge-std/Test.sol" in "C:/Users/Jorge/.codex/worktrees/omerta-rc1-closure/Omerta/omerta-contracts/test\fizz\FoundryTester.sol"
      "v4-core/libraries/StateLibrary.sol" in "C:/Users/Jorge/.codex/worktrees/omerta-rc1-closure/Omerta/omerta-contracts/test\OmertaHook.t.sol"
      "@openzeppelin/contracts/utils/ReentrancyGuard.sol" in "C:/Users/Jorge/.codex/worktrees/omerta-rc1-closure/Omerta/omerta-contracts/src\StockVault.sol"
      "forge-std/Test.sol" in "C:/Users/Jorge/.codex/worktrees/omerta-rc1-closure/Omerta/omerta-contracts/test\market-v2\SolverHashV2.t.sol"
      "@openzeppelin/contracts/token/ERC721/IERC721.sol" in "C:/Users/Jorge/.codex/worktrees/omerta-rc1-closure/Omerta/omerta-contracts/test\vendor\ERC6551Account.sol"
      "@openzeppelin/contracts/access/Ownable.sol" in "C:/Users/Jorge/.codex/worktrees/omerta-rc1-closure/Omerta/omerta-contracts/src\ProtocolLiquidityVault.sol"
      "@openzeppelin/contracts/token/ERC20/ERC20.sol" in "C:/Users/Jorge/.codex/worktrees/omerta-rc1-closure/Omerta/omerta-contracts/test\OmertaHook.t.sol"
      "../lib/v4-periphery/src/interfaces/IPositionManager.sol" in "C:/Users/Jorge/.codex/worktrees/omerta-rc1-closure/Omerta/omerta-contracts/src\ProtocolLiquidityVault.sol"
      "@openzeppelin/contracts/utils/ReentrancyGuard.sol" in "C:/Users/Jorge/.codex/worktrees/omerta-rc1-closure/Omerta/omerta-contracts/src\OmertaBond.sol"
      "v4-core/types/Currency.sol" in "C:/Users/Jorge/.codex/worktrees/omerta-rc1-closure/Omerta/omerta-contracts/test\ProtocolLiquidityVault.t.sol"
      "forge-std/Test.sol" in "C:/Users/Jorge/.codex/worktrees/omerta-rc1-closure/Omerta/omerta-contracts/test\market-v2\TurfV2.t.sol"
      "@openzeppelin/contracts/access/Ownable.sol" in "C:/Users/Jorge/.codex/worktrees/omerta-rc1-closure/Omerta/omerta-contracts/src\OmertaHook.sol"
      "permit2/src/interfaces/IAllowanceTransfer.sol" in "C:/Users/Jorge/.codex/worktrees/omerta-rc1-closure/Omerta/omerta-contracts/src\ProtocolLiquidityVault.sol"
      "@openzeppelin/contracts/token/ERC20/IERC20.sol" in "C:/Users/Jorge/.codex/worktrees/omerta-rc1-closure/Omerta/omerta-contracts/test\audit\RwaStockMachineRedTeam.t.sol"
      "forge-std/Test.sol" in "C:/Users/Jorge/.codex/worktrees/omerta-rc1-closure/Omerta/omerta-contracts/test\GenesisProceedsSplitter.t.sol"
      "@openzeppelin/contracts/token/ERC20/utils/SafeERC20.sol" in "C:/Users/Jorge/.codex/worktrees/omerta-rc1-closure/Omerta/omerta-contracts/src\OmertaBond.sol"
      "v4-core/libraries/StateLibrary.sol" in "C:/Users/Jorge/.codex/worktrees/omerta-rc1-closure/Omerta/omerta-contracts/test\LiquidityBuybackExecutor.t.sol"
      "@openzeppelin/contracts/access/Ownable.sol" in "C:/Users/Jorge/.codex/worktrees/omerta-rc1-closure/Omerta/omerta-contracts/src\Transmuter.sol"
      "forge-std/Vm.sol" in "C:/Users/Jorge/.codex/worktrees/omerta-rc1-closure/Omerta/omerta-contracts/test\AcquisitionAuthoritySnapshotTask2.t.sol"
      "@openzeppelin/contracts/access/Ownable.sol" in "C:/Users/Jorge/.codex/worktrees/omerta-rc1-closure/Omerta/omerta-contracts/src\market-v2\OmertaCommitmentVaultV2.sol"
      "forge-std/Test.sol" in "C:/Users/Jorge/.codex/worktrees/omerta-rc1-closure/Omerta/omerta-contracts/test\market-v2\StabilityV2.t.sol"
      "forge-std/StdInvariant.sol" in "C:/Users/Jorge/.codex/worktrees/omerta-rc1-closure/Omerta/omerta-contracts/test\CharacterLaunchAudit.t.sol"
      "@openzeppelin/contracts/token/ERC20/extensions/IERC20Metadata.sol" in "C:/Users/Jorge/.codex/worktrees/omerta-rc1-closure/Omerta/omerta-contracts/src\market-v2\OmertaHookV2.sol"
      "v4-core/types/PoolKey.sol" in "C:/Users/Jorge/.codex/worktrees/omerta-rc1-closure/Omerta/omerta-contracts/src\GenesisLifecycleController.sol"
      "v4-core/interfaces/IPoolManager.sol" in "C:/Users/Jorge/.codex/worktrees/omerta-rc1-closure/Omerta/omerta-contracts/test\ProtocolLiquidityVault.t.sol"
      "v4-core/PoolManager.sol" in "C:/Users/Jorge/.codex/worktrees/omerta-rc1-closure/Omerta/omerta-contracts/test\audit\ComprehensiveCoreAudit.t.sol"
      "v4-core/types/Currency.sol" in "C:/Users/Jorge/.codex/worktrees/omerta-rc1-closure/Omerta/omerta-contracts/src\GenesisLifecycleController.sol"
      "@openzeppelin/contracts/utils/ReentrancyGuard.sol" in "C:/Users/Jorge/.codex/worktrees/omerta-rc1-closure/Omerta/omerta-contracts/src\SettlementGasPool.sol"
      "v4-core/interfaces/IHooks.sol" in "C:/Users/Jorge/.codex/worktrees/omerta-rc1-closure/Omerta/omerta-contracts/test\audit\GenesisOracleBootstrap.t.sol"
      "v4-core/interfaces/IPoolManager.sol" in "C:/Users/Jorge/.codex/worktrees/omerta-rc1-closure/Omerta/omerta-contracts/test\market-v2\OmertaHookV2.t.sol"
      "v4-core/types/PoolOperation.sol" in "C:/Users/Jorge/.codex/worktrees/omerta-rc1-closure/Omerta/omerta-contracts/test\market-v2\StabilityV2.t.sol"
      "v4-core/types/PoolOperation.sol" in "C:/Users/Jorge/.codex/worktrees/omerta-rc1-closure/Omerta/omerta-contracts/src\market-v2\OmertaHookV2.sol"
      "v4-core/types/PoolKey.sol" in "C:/Users/Jorge/.codex/worktrees/omerta-rc1-closure/Omerta/omerta-contracts/src\market-v2\OmertaArbitrageV2.sol"
      "@openzeppelin/contracts/token/ERC20/utils/SafeERC20.sol" in "C:/Users/Jorge/.codex/worktrees/omerta-rc1-closure/Omerta/omerta-contracts/src\ProtocolLiquidityVault.sol"
      "v4-core/types/PoolId.sol" in "C:/Users/Jorge/.codex/worktrees/omerta-rc1-closure/Omerta/omerta-contracts/script/DeployV4TwapOracle.s.sol"
      "v4-core/types/Currency.sol" in "C:/Users/Jorge/.codex/worktrees/omerta-rc1-closure/Omerta/omerta-contracts/src\OmertaHook.sol"
      "v4-core/libraries/StateLibrary.sol" in "C:/Users/Jorge/.codex/worktrees/omerta-rc1-closure/Omerta/omerta-contracts/src\OmertaHook.sol"
      "v4-core/types/PoolKey.sol" in "C:/Users/Jorge/.codex/worktrees/omerta-rc1-closure/Omerta/omerta-contracts/test\OmrV4TwapOracle.t.sol"
      "@openzeppelin/contracts/access/Ownable2Step.sol" in "C:/Users/Jorge/.codex/worktrees/omerta-rc1-closure/Omerta/omerta-contracts/src\Transmuter.sol"
      "@openzeppelin/contracts/utils/ReentrancyGuard.sol" in "C:/Users/Jorge/.codex/worktrees/omerta-rc1-closure/Omerta/omerta-contracts/src\OmertaFees.sol"
      "v4-core/types/Currency.sol" in "C:/Users/Jorge/.codex/worktrees/omerta-rc1-closure/Omerta/omerta-contracts/test\GenesisProceedsSplitter.t.sol"
      "@openzeppelin/contracts/token/ERC20/IERC20.sol" in "C:/Users/Jorge/.codex/worktrees/omerta-rc1-closure/Omerta/omerta-contracts/test\LiquidityBuybackExecutor.t.sol"
      "v4-core/types/PoolKey.sol" in "C:/Users/Jorge/.codex/worktrees/omerta-rc1-closure/Omerta/omerta-contracts/src\ProtocolLiquidityVault.sol"
      "@openzeppelin/contracts/interfaces/draft-IERC6093.sol" in "C:/Users/Jorge/.codex/worktrees/omerta-rc1-closure/Omerta/omerta-contracts/test\CharacterLaunchAudit.t.sol"
      "v4-core/types/PoolKey.sol" in "C:/Users/Jorge/.codex/worktrees/omerta-rc1-closure/Omerta/omerta-contracts/test\GenesisProceedsSplitter.t.sol"
      "v4-core/types/PoolId.sol" in "C:/Users/Jorge/.codex/worktrees/omerta-rc1-closure/Omerta/omerta-contracts/src\market-v2\OmertaStabilityControllerV2.sol"
      "v4-core/interfaces/IPoolManager.sol" in "C:/Users/Jorge/.codex/worktrees/omerta-rc1-closure/Omerta/omerta-contracts/test\market-v2\CommitmentV2.t.sol"
      "v4-core/interfaces/IHooks.sol" in "C:/Users/Jorge/.codex/worktrees/omerta-rc1-closure/Omerta/omerta-contracts/test\market-v2\IntegrationV2.t.sol"
      "@openzeppelin/contracts/utils/cryptography/ECDSA.sol" in "C:/Users/Jorge/.codex/worktrees/omerta-rc1-closure/Omerta/omerta-contracts/src\AcquisitionVault.sol"
      "@openzeppelin/contracts/token/ERC721/ERC721.sol" in "C:/Users/Jorge/.codex/worktrees/omerta-rc1-closure/Omerta/omerta-contracts/src\StreetDeed.sol"
      "permit2/src/interfaces/IAllowanceTransfer.sol" in "C:/Users/Jorge/.codex/worktrees/omerta-rc1-closure/Omerta/omerta-contracts/test\GenesisLifecycleController.t.sol"
      "v4-core/types/PoolId.sol" in "C:/Users/Jorge/.codex/worktrees/omerta-rc1-closure/Omerta/omerta-contracts/test\GenesisProceedsSplitter.t.sol"
      "@openzeppelin/contracts/utils/ReentrancyGuard.sol" in "C:/Users/Jorge/.codex/worktrees/omerta-rc1-closure/Omerta/omerta-contracts/src\KeeperGasVault.sol"
      "@openzeppelin/contracts/token/ERC20/ERC20.sol" in "C:/Users/Jorge/.codex/worktrees/omerta-rc1-closure/Omerta/omerta-contracts/test\market-v2\GameFixtureV2.sol"
      "@openzeppelin/contracts/token/ERC20/ERC20.sol" in "C:/Users/Jorge/.codex/worktrees/omerta-rc1-closure/Omerta/omerta-contracts/test\StockVault.t.sol"
      "v4-core/libraries/TickMath.sol" in "C:/Users/Jorge/.codex/worktrees/omerta-rc1-closure/Omerta/omerta-contracts/src\LiquidityBuybackExecutor.sol"
      "v4-core/types/PoolId.sol" in "C:/Users/Jorge/.codex/worktrees/omerta-rc1-closure/Omerta/omerta-contracts/src\OmrV4TwapOracle.sol"
      "@openzeppelin/contracts/utils/Pausable.sol" in "C:/Users/Jorge/.codex/worktrees/omerta-rc1-closure/Omerta/omerta-contracts/test\BondLiquidityHealth.t.sol"
      "@openzeppelin/contracts/utils/introspection/IERC165.sol" in "C:/Users/Jorge/.codex/worktrees/omerta-rc1-closure/Omerta/omerta-contracts/test\OmrV4TwapOracle.t.sol"
      "forge-std/Test.sol" in "C:/Users/Jorge/.codex/worktrees/omerta-rc1-closure/Omerta/omerta-contracts/test\utils\RwaHealthOverlayTestBase.sol"
      "@openzeppelin/contracts/utils/Strings.sol" in "C:/Users/Jorge/.codex/worktrees/omerta-rc1-closure/Omerta/omerta-contracts/test\DynastyNFT.t.sol"
      "v4-core/interfaces/IHooks.sol" in "C:/Users/Jorge/.codex/worktrees/omerta-rc1-closure/Omerta/omerta-contracts/test\market-v2\StabilityV2.t.sol"
      "forge-std/Vm.sol" in "C:/Users/Jorge/.codex/worktrees/omerta-rc1-closure/Omerta/omerta-contracts/test\AcquisitionVaultOperator.t.sol"
      "@openzeppelin/contracts/access/Ownable2Step.sol" in "C:/Users/Jorge/.codex/worktrees/omerta-rc1-closure/Omerta/omerta-contracts/src\OmrTwapOracle.sol"
      "@openzeppelin/contracts/interfaces/IERC20Metadata.sol" in "C:/Users/Jorge/.codex/worktrees/omerta-rc1-closure/Omerta/omerta-contracts/src\Transmuter.sol"
      "v4-core/libraries/SqrtPriceMath.sol" in "C:/Users/Jorge/.codex/worktrees/omerta-rc1-closure/Omerta/omerta-contracts/src\market-v2\OmertaCommitmentVaultV2.sol"
      "forge-std/Test.sol" in "C:/Users/Jorge/.codex/worktrees/omerta-rc1-closure/Omerta/omerta-contracts/test\GenesisLifecycleController.t.sol"
      "@openzeppelin/contracts/access/Ownable.sol" in "C:/Users/Jorge/.codex/worktrees/omerta-rc1-closure/Omerta/omerta-contracts/test\BankBufferVault.t.sol"
      "@openzeppelin/contracts/access/Ownable.sol" in "C:/Users/Jorge/.codex/worktrees/omerta-rc1-closure/Omerta/omerta-contracts/test\LiquidityRevenueAutomation.t.sol"
      "v4-core/libraries/TickMath.sol" in "C:/Users/Jorge/.codex/worktrees/omerta-rc1-closure/Omerta/omerta-contracts/test\GenesisLifecycleController.t.sol"
      "v4-core/test/PoolSwapTest.sol" in "C:/Users/Jorge/.codex/worktrees/omerta-rc1-closure/Omerta/omerta-contracts/test\OmertaHook.t.sol"
      "@openzeppelin/contracts/access/Ownable.sol" in "C:/Users/Jorge/.codex/worktrees/omerta-rc1-closure/Omerta/omerta-contracts/src\Alchemist.sol"
      "v4-core/types/Currency.sol" in "C:/Users/Jorge/.codex/worktrees/omerta-rc1-closure/Omerta/omerta-contracts/test\market-v2\StabilityV2.t.sol"
      "v4-core/types/PoolKey.sol" in "C:/Users/Jorge/.codex/worktrees/omerta-rc1-closure/Omerta/omerta-contracts/src\market-v2\OmertaInventoryBondV2.sol"
      "@openzeppelin/contracts/access/Ownable2Step.sol" in "C:/Users/Jorge/.codex/worktrees/omerta-rc1-closure/Omerta/omerta-contracts/src\GenesisLifecycleController.sol"
      "@openzeppelin/contracts/token/ERC20/ERC20.sol" in "C:/Users/Jorge/.codex/worktrees/omerta-rc1-closure/Omerta/omerta-contracts/script/testnet/TestTwapDependencies.sol"
      "@openzeppelin/contracts/token/ERC20/ERC20.sol" in "C:/Users/Jorge/.codex/worktrees/omerta-rc1-closure/Omerta/omerta-contracts/script/testnet/TestBankDependencies.sol"
      "@openzeppelin/contracts/access/Ownable.sol" in "C:/Users/Jorge/.codex/worktrees/omerta-rc1-closure/Omerta/omerta-contracts/test\CharacterLaunchAudit.t.sol"
      "v4-core/types/PoolId.sol" in "C:/Users/Jorge/.codex/worktrees/omerta-rc1-closure/Omerta/omerta-contracts/src\market-v2\OmertaCommitmentVaultV2.sol"
      "@openzeppelin/contracts/access/Ownable2Step.sol" in "C:/Users/Jorge/.codex/worktrees/omerta-rc1-closure/Omerta/omerta-contracts/src\BankBufferVault.sol"
      "v4-core/types/BeforeSwapDelta.sol" in "C:/Users/Jorge/.codex/worktrees/omerta-rc1-closure/Omerta/omerta-contracts/src\market-v2\OmertaHookV2.sol"
      "@openzeppelin/contracts/token/ERC20/extensions/IERC20Metadata.sol" in "C:/Users/Jorge/.codex/worktrees/omerta-rc1-closure/Omerta/omerta-contracts/src\OmrTwapOracle.sol"
      "@openzeppelin/contracts/access/Ownable.sol" in "C:/Users/Jorge/.codex/worktrees/omerta-rc1-closure/Omerta/omerta-contracts/src\AcquisitionAuthority.sol"
      "v4-core/interfaces/callback/IUnlockCallback.sol" in "C:/Users/Jorge/.codex/worktrees/omerta-rc1-closure/Omerta/omerta-contracts/src\market-v2\OmertaStabilityControllerV2.sol"
      "@openzeppelin/contracts/access/Ownable2Step.sol" in "C:/Users/Jorge/.codex/worktrees/omerta-rc1-closure/Omerta/omerta-contracts/src\Denari.sol"
      "@openzeppelin/contracts/interfaces/IERC20.sol" in "C:/Users/Jorge/.codex/worktrees/omerta-rc1-closure/Omerta/omerta-contracts/test\Bank.t.sol"
      "@openzeppelin/contracts/interfaces/IERC20.sol" in "C:/Users/Jorge/.codex/worktrees/omerta-rc1-closure/Omerta/omerta-contracts/src\CollateralEscrow.sol"
      "v4-core/types/PoolOperation.sol" in "C:/Users/Jorge/.codex/worktrees/omerta-rc1-closure/Omerta/omerta-contracts/test\market-v2\FundingIntegrationV2.t.sol"
      "v4-core/types/PoolOperation.sol" in "C:/Users/Jorge/.codex/worktrees/omerta-rc1-closure/Omerta/omerta-contracts/test\LiquidityBuybackExecutor.t.sol"
      "../../lib/v4-periphery/src/interfaces/IPositionManager.sol" in "C:/Users/Jorge/.codex/worktrees/omerta-rc1-closure/Omerta/omerta-contracts/src\market-v2\OmertaCommitmentVaultV2.sol"
      "@openzeppelin/contracts/token/ERC20/utils/SafeERC20.sol" in "C:/Users/Jorge/.codex/worktrees/omerta-rc1-closure/Omerta/omerta-contracts/src\GenesisLifecycleController.sol"
      "v4-core/libraries/Hooks.sol" in "C:/Users/Jorge/.codex/worktrees/omerta-rc1-closure/Omerta/omerta-contracts/src\market-v2\OmertaHookV2.sol"
      "v4-core/types/PoolId.sol" in "C:/Users/Jorge/.codex/worktrees/omerta-rc1-closure/Omerta/omerta-contracts/src\market-v2\OmertaHookV2.sol"
      "v4-core/types/PoolKey.sol" in "C:/Users/Jorge/.codex/worktrees/omerta-rc1-closure/Omerta/omerta-contracts/test\audit\ComprehensiveMarketAudit.t.sol"
      "permit2/src/interfaces/IAllowanceTransfer.sol" in "C:/Users/Jorge/.codex/worktrees/omerta-rc1-closure/Omerta/omerta-contracts/test\ProtocolLiquidityVault.t.sol"
      "@openzeppelin/contracts/utils/ReentrancyGuard.sol" in "C:/Users/Jorge/.codex/worktrees/omerta-rc1-closure/Omerta/omerta-contracts/test\CharacterLaunchAudit.t.sol"
      "v4-core/types/PoolOperation.sol" in "C:/Users/Jorge/.codex/worktrees/omerta-rc1-closure/Omerta/omerta-contracts/test\market-v2\MarketStateV2.t.sol"
      "@openzeppelin/contracts/access/Ownable2Step.sol" in "C:/Users/Jorge/.codex/worktrees/omerta-rc1-closure/Omerta/omerta-contracts/src\ProtocolLiquidityVault.sol"
      "v4-core/test/PoolModifyLiquidityTest.sol" in "C:/Users/Jorge/.codex/worktrees/omerta-rc1-closure/Omerta/omerta-contracts/test\market-v2\OmertaHookV2.t.sol"
      "@openzeppelin/contracts/access/Ownable2Step.sol" in "C:/Users/Jorge/.codex/worktrees/omerta-rc1-closure/Omerta/omerta-contracts/src\market-v2\OmertaTurfV2.sol"
      "@openzeppelin/contracts/utils/ReentrancyGuard.sol" in "C:/Users/Jorge/.codex/worktrees/omerta-rc1-closure/Omerta/omerta-contracts/src\market-v2\OmertaGameSettlementV2.sol"
      "@openzeppelin/contracts/utils/ReentrancyGuard.sol" in "C:/Users/Jorge/.codex/worktrees/omerta-rc1-closure/Omerta/omerta-contracts/src\market-v2\OmertaReserveFundingV2.sol"
      "@openzeppelin/contracts/access/Ownable.sol" in "C:/Users/Jorge/.codex/worktrees/omerta-rc1-closure/Omerta/omerta-contracts/src\AcquisitionVault.sol"
      "@openzeppelin/contracts/access/Ownable2Step.sol" in "C:/Users/Jorge/.codex/worktrees/omerta-rc1-closure/Omerta/omerta-contracts/src\StockTokenRegistryV2.sol"
      "permit2/test/utils/DeployPermit2.sol" in "C:/Users/Jorge/.codex/worktrees/omerta-rc1-closure/Omerta/omerta-contracts/test\market-v2\CommitmentV2.t.sol"
      "v4-core/interfaces/IHooks.sol" in "C:/Users/Jorge/.codex/worktrees/omerta-rc1-closure/Omerta/omerta-contracts/test\market-v2\SolverHashV2.t.sol"
      "@openzeppelin/contracts/token/ERC20/IERC20.sol" in "C:/Users/Jorge/.codex/worktrees/omerta-rc1-closure/Omerta/omerta-contracts/test\OmertaBond.t.sol"
      "v4-core/types/PoolOperation.sol" in "C:/Users/Jorge/.codex/worktrees/omerta-rc1-closure/Omerta/omerta-contracts/test\ProtocolLiquidityVault.t.sol"
      "@openzeppelin/contracts/interfaces/IERC20Metadata.sol" in "C:/Users/Jorge/.codex/worktrees/omerta-rc1-closure/Omerta/omerta-contracts/test\TestnetBankDependencies.t.sol"
      "v4-core/interfaces/IHooks.sol" in "C:/Users/Jorge/.codex/worktrees/omerta-rc1-closure/Omerta/omerta-contracts/test\LiquidityBuybackExecutor.t.sol"
      "@openzeppelin/contracts/access/Ownable.sol" in "C:/Users/Jorge/.codex/worktrees/omerta-rc1-closure/Omerta/omerta-contracts/src\GenesisOracle.sol"
      "forge-std/Test.sol" in "C:/Users/Jorge/.codex/worktrees/omerta-rc1-closure/Omerta/omerta-contracts/test\RwaHealthOverlayInvariant.t.sol"
      "../lib/v4-periphery/src/libraries/Actions.sol" in "C:/Users/Jorge/.codex/worktrees/omerta-rc1-closure/Omerta/omerta-contracts/test\ProtocolLiquidityVault.t.sol"
      "@openzeppelin/contracts/token/ERC20/ERC20.sol" in "C:/Users/Jorge/.codex/worktrees/omerta-rc1-closure/Omerta/omerta-contracts/test\StockTokenRegistryV2Invariant.t.sol"
      "@openzeppelin/contracts/access/Ownable2Step.sol" in "C:/Users/Jorge/.codex/worktrees/omerta-rc1-closure/Omerta/omerta-contracts/src\KeeperGasVault.sol"
      "@openzeppelin/contracts/token/ERC721/IERC721Receiver.sol" in "C:/Users/Jorge/.codex/worktrees/omerta-rc1-closure/Omerta/omerta-contracts/src\ProtocolLiquidityVault.sol"
      "v4-core/interfaces/IPoolManager.sol" in "C:/Users/Jorge/.codex/worktrees/omerta-rc1-closure/Omerta/omerta-contracts/src\LiquidityBuybackExecutor.sol"
      "@openzeppelin/contracts/utils/Pausable.sol" in "C:/Users/Jorge/.codex/worktrees/omerta-rc1-closure/Omerta/omerta-contracts/src\RwaStockBuyer.sol"
      "forge-std/Test.sol" in "C:/Users/Jorge/.codex/worktrees/omerta-rc1-closure/Omerta/omerta-contracts/test\AcquisitionConstellationTask4BudgetBook.t.sol"
      "forge-std/Vm.sol" in "C:/Users/Jorge/.codex/worktrees/omerta-rc1-closure/Omerta/omerta-contracts/test\AcquisitionConstellationTask4BudgetBook.t.sol"
      "forge-std/Test.sol" in "C:/Users/Jorge/.codex/worktrees/omerta-rc1-closure/Omerta/omerta-contracts/test\AcquisitionVaultAccounting.t.sol"
with remappings:
      @openzeppelin/=C:/Users/Jorge/.codex/worktrees/omerta-rc1-closure/Omerta/omerta-contracts/lib/openzeppelin-contracts/
      v4-core/=C:/Users/Jorge/.codex/worktrees/omerta-rc1-closure/Omerta/omerta-contracts/lib/v4-core/src/
      @uniswap/v4-core/=C:/Users/Jorge/.codex/worktrees/omerta-rc1-closure/Omerta/omerta-contracts/lib/v4-core/
      permit2/=C:/Users/Jorge/.codex/worktrees/omerta-rc1-closure/Omerta/omerta-contracts/lib/permit2/
      solmate/=C:/Users/Jorge/.codex/worktrees/omerta-rc1-closure/Omerta/omerta-contracts/lib/v4-core/lib/solmate/
Compiling 110 files with Solc 0.8.26
Compiling 62 files with Solc 0.8.26
Solc 0.8.26 finished in 1.58s
Solc 0.8.26 finished in 1.67s
Error: Compiler run failed:
Error (6275): Source "forge-std/Script.sol" not found: File not found. Searched the following locations: "/Users/Jorge/.codex/worktrees/omerta-rc1-closure/Omerta/omerta-contracts".
ParserError: Source "forge-std/Script.sol" not found: File not found. Searched the following locations: "/Users/Jorge/.codex/worktrees/omerta-rc1-closure/Omerta/omerta-contracts".
 --> script/DeployV4TwapOracle.s.sol:4:1:
  |
4 | import {Script, console} from "forge-std/Script.sol";
  | ^^^^^^^^^^^^^^^^^^^^^^^^^^^^^^^^^^^^^^^^^^^^^^^^^^^^^

Error (6275): Source "lib/v4-core/src/interfaces/IHooks.sol" not found: File not found. Searched the following locations: "/Users/Jorge/.codex/worktrees/omerta-rc1-closure/Omerta/omerta-contracts".
ParserError: Source "lib/v4-core/src/interfaces/IHooks.sol" not found: File not found. Searched the following locations: "/Users/Jorge/.codex/worktrees/omerta-rc1-closure/Omerta/omerta-contracts".
 --> script/DeployV4TwapOracle.s.sol:5:1:
  |
5 | import {IHooks} from "v4-core/interfaces/IHooks.sol";
  | ^^^^^^^^^^^^^^^^^^^^^^^^^^^^^^^^^^^^^^^^^^^^^^^^^^^^^

Error (6275): Source "lib/v4-core/src/interfaces/IPoolManager.sol" not found: File not found. Searched the following locations: "/Users/Jorge/.codex/worktrees/omerta-rc1-closure/Omerta/omerta-contracts".
ParserError: Source "lib/v4-core/src/interfaces/IPoolManager.sol" not found: File not found. Searched the following locations: "/Users/Jorge/.codex/worktrees/omerta-rc1-closure/Omerta/omerta-contracts".
 --> script/DeployV4TwapOracle.s.sol:6:1:
  |
6 | import {IPoolManager} from "v4-core/interfaces/IPoolManager.sol";
  | ^^^^^^^^^^^^^^^^^^^^^^^^^^^^^^^^^^^^^^^^^^^^^^^^^^^^^^^^^^^^^^^^^

Error (6275): Source "lib/v4-core/src/types/Currency.sol" not found: File not found. Searched the following locations: "/Users/Jorge/.codex/worktrees/omerta-rc1-closure/Omerta/omerta-contracts".
ParserError: Source "lib/v4-core/src/types/Currency.sol" not found: File not found. Searched the following locations: "/Users/Jorge/.codex/worktrees/omerta-rc1-closure/Omerta/omerta-contracts".
 --> script/DeployV4TwapOracle.s.sol:7:1:
  |
7 | import {Currency} from "v4-core/types/Currency.sol";
  | ^^^^^^^^^^^^^^^^^^^^^^^^^^^^^^^^^^^^^^^^^^^^^^^^^^^^

Error (6275): Source "lib/v4-core/src/types/PoolId.sol" not found: File not found. Searched the following locations: "/Users/Jorge/.codex/worktrees/omerta-rc1-closure/Omerta/omerta-contracts".
ParserError: Source "lib/v4-core/src/types/PoolId.sol" not found: File not found. Searched the following locations: "/Users/Jorge/.codex/worktrees/omerta-rc1-closure/Omerta/omerta-contracts".
 --> script/DeployV4TwapOracle.s.sol:8:1:
  |
8 | import {PoolId, PoolIdLibrary} from "v4-core/types/PoolId.sol";
  | ^^^^^^^^^^^^^^^^^^^^^^^^^^^^^^^^^^^^^^^^^^^^^^^^^^^^^^^^^^^^^^^

Error (6275): Source "lib/v4-core/src/types/PoolKey.sol" not found: File not found. Searched the following locations: "/Users/Jorge/.codex/worktrees/omerta-rc1-closure/Omerta/omerta-contracts".
ParserError: Source "lib/v4-core/src/types/PoolKey.sol" not found: File not found. Searched the following locations: "/Users/Jorge/.codex/worktrees/omerta-rc1-closure/Omerta/omerta-contracts".
 --> script/DeployV4TwapOracle.s.sol:9:1:
  |
9 | import {PoolKey} from "v4-core/types/PoolKey.sol";
  | ^^^^^^^^^^^^^^^^^^^^^^^^^^^^^^^^^^^^^^^^^^^^^^^^^^

Error (6275): Source "lib/openzeppelin-contracts/contracts/token/ERC20/ERC20.sol" not found: File not found. Searched the following locations: "/Users/Jorge/.codex/worktrees/omerta-rc1-closure/Omerta/omerta-contracts".
ParserError: Source "lib/openzeppelin-contracts/contracts/token/ERC20/ERC20.sol" not found: File not found. Searched the following locations: "/Users/Jorge/.codex/worktrees/omerta-rc1-closure/Omerta/omerta-contracts".
 --> script/testnet/TestBankDependencies.sol:4:1:
  |
4 | import {ERC20} from "@openzeppelin/contracts/token/ERC20/ERC20.sol";
  | ^^^^^^^^^^^^^^^^^^^^^^^^^^^^^^^^^^^^^^^^^^^^^^^^^^^^^^^^^^^^^^^^^^^^

Error (6275): Source "lib/openzeppelin-contracts/contracts/token/ERC20/extensions/ERC4626.sol" not found: File not found. Searched the following locations: "/Users/Jorge/.codex/worktrees/omerta-rc1-closure/Omerta/omerta-contracts".
ParserError: Source "lib/openzeppelin-contracts/contracts/token/ERC20/extensions/ERC4626.sol" not found: File not found. Searched the following locations: "/Users/Jorge/.codex/worktrees/omerta-rc1-closure/Omerta/omerta-contracts".
 --> script/testnet/TestBankDependencies.sol:5:1:
  |
5 | import {ERC4626} from "@openzeppelin/contracts/token/ERC20/extensions/ERC4626.sol";
  | ^^^^^^^^^^^^^^^^^^^^^^^^^^^^^^^^^^^^^^^^^^^^^^^^^^^^^^^^^^^^^^^^^^^^^^^^^^^^^^^^^^^

Error (6275): Source "lib/openzeppelin-contracts/contracts/interfaces/IERC20.sol" not found: File not found. Searched the following locations: "/Users/Jorge/.codex/worktrees/omerta-rc1-closure/Omerta/omerta-contracts".
ParserError: Source "lib/openzeppelin-contracts/contracts/interfaces/IERC20.sol" not found: File not found. Searched the following locations: "/Users/Jorge/.codex/worktrees/omerta-rc1-closure/Omerta/omerta-contracts".
 --> script/testnet/TestBankDependencies.sol:6:1:
  |
6 | import {IERC20} from "@openzeppelin/contracts/interfaces/IERC20.sol";
  | ^^^^^^^^^^^^^^^^^^^^^^^^^^^^^^^^^^^^^^^^^^^^^^^^^^^^^^^^^^^^^^^^^^^^^

Error (6275): Source "lib/openzeppelin-contracts/contracts/token/ERC20/ERC20.sol" not found: File not found. Searched the following locations: "/Users/Jorge/.codex/worktrees/omerta-rc1-closure/Omerta/omerta-contracts".
ParserError: Source "lib/openzeppelin-contracts/contracts/token/ERC20/ERC20.sol" not found: File not found. Searched the following locations: "/Users/Jorge/.codex/worktrees/omerta-rc1-closure/Omerta/omerta-contracts".
 --> script/testnet/TestTwapDependencies.sol:4:1:
  |
4 | import {ERC20} from "@openzeppelin/contracts/token/ERC20/ERC20.sol";
  | ^^^^^^^^^^^^^^^^^^^^^^^^^^^^^^^^^^^^^^^^^^^^^^^^^^^^^^^^^^^^^^^^^^^^

Error (6275): Source "lib/openzeppelin-contracts/contracts/access/Ownable.sol" not found: File not found. Searched the following locations: "/Users/Jorge/.codex/worktrees/omerta-rc1-closure/Omerta/omerta-contracts".
ParserError: Source "lib/openzeppelin-contracts/contracts/access/Ownable.sol" not found: File not found. Searched the following locations: "/Users/Jorge/.codex/worktrees/omerta-rc1-closure/Omerta/omerta-contracts".
 --> src/AcquisitionVault.sol:4:1:
  |
4 | import {Ownable} from "@openzeppelin/contracts/access/Ownable.sol";
  | ^^^^^^^^^^^^^^^^^^^^^^^^^^^^^^^^^^^^^^^^^^^^^^^^^^^^^^^^^^^^^^^^^^^

Error (6275): Source "lib/openzeppelin-contracts/contracts/access/Ownable2Step.sol" not found: File not found. Searched the following locations: "/Users/Jorge/.codex/worktrees/omerta-rc1-closure/Omerta/omerta-contracts".
ParserError: Source "lib/openzeppelin-contracts/contracts/access/Ownable2Step.sol" not found: File not found. Searched the following locations: "/Users/Jorge/.codex/worktrees/omerta-rc1-closure/Omerta/omerta-contracts".
 --> src/AcquisitionVault.sol:5:1:
  |
5 | import {Ownable2Step} from "@openzeppelin/contracts/access/Ownable2Step.sol";
  | ^^^^^^^^^^^^^^^^^^^^^^^^^^^^^^^^^^^^^^^^^^^^^^^^^^^^^^^^^^^^^^^^^^^^^^^^^^^^^

Error (6275): Source "lib/openzeppelin-contracts/contracts/utils/cryptography/EIP712.sol" not found: File not found. Searched the following locations: "/Users/Jorge/.codex/worktrees/omerta-rc1-closure/Omerta/omerta-contracts".
ParserError: Source "lib/openzeppelin-contracts/contracts/utils/cryptography/EIP712.sol" not found: File not found. Searched the following locations: "/Users/Jorge/.codex/worktrees/omerta-rc1-closure/Omerta/omerta-contracts".
 --> src/AcquisitionVault.sol:6:1:
  |
6 | import {EIP712} from "@openzeppelin/contracts/utils/cryptography/EIP712.sol";
  | ^^^^^^^^^^^^^^^^^^^^^^^^^^^^^^^^^^^^^^^^^^^^^^^^^^^^^^^^^^^^^^^^^^^^^^^^^^^^^

Error (6275): Source "lib/openzeppelin-contracts/contracts/utils/cryptography/ECDSA.sol" not found: File not found. Searched the following locations: "/Users/Jorge/.codex/worktrees/omerta-rc1-closure/Omerta/omerta-contracts".
ParserError: Source "lib/openzeppelin-contracts/contracts/utils/cryptography/ECDSA.sol" not found: File not found. Searched the following locations: "/Users/Jorge/.codex/worktrees/omerta-rc1-closure/Omerta/omerta-contracts".
 --> src/AcquisitionVault.sol:7:1:
  |
7 | import {ECDSA} from "@openzeppelin/contracts/utils/cryptography/ECDSA.sol";
  | ^^^^^^^^^^^^^^^^^^^^^^^^^^^^^^^^^^^^^^^^^^^^^^^^^^^^^^^^^^^^^^^^^^^^^^^^^^^

Error (6275): Source "lib/openzeppelin-contracts/contracts/utils/Pausable.sol" not found: File not found. Searched the following locations: "/Users/Jorge/.codex/worktrees/omerta-rc1-closure/Omerta/omerta-contracts".
ParserError: Source "lib/openzeppelin-contracts/contracts/utils/Pausable.sol" not found: File not found. Searched the following locations: "/Users/Jorge/.codex/worktrees/omerta-rc1-closure/Omerta/omerta-contracts".
 --> src/AcquisitionVault.sol:8:1:
  |
8 | import {Pausable} from "@openzeppelin/contracts/utils/Pausable.sol";
  | ^^^^^^^^^^^^^^^^^^^^^^^^^^^^^^^^^^^^^^^^^^^^^^^^^^^^^^^^^^^^^^^^^^^^

Error (6275): Source "lib/openzeppelin-contracts/contracts/utils/ReentrancyGuard.sol" not found: File not found. Searched the following locations: "/Users/Jorge/.codex/worktrees/omerta-rc1-closure/Omerta/omerta-contracts".
ParserError: Source "lib/openzeppelin-contracts/contracts/utils/ReentrancyGuard.sol" not found: File not found. Searched the following locations: "/Users/Jorge/.codex/worktrees/omerta-rc1-closure/Omerta/omerta-contracts".
 --> src/AcquisitionVault.sol:9:1:
  |
9 | import {ReentrancyGuard} from "@openzeppelin/contracts/utils/ReentrancyGuard.sol";
  | ^^^^^^^^^^^^^^^^^^^^^^^^^^^^^^^^^^^^^^^^^^^^^^^^^^^^^^^^^^^^^^^^^^^^^^^^^^^^^^^^^^

Error (6275): Source "lib/openzeppelin-contracts/contracts/interfaces/IERC20.sol" not found: File not found. Searched the following locations: "/Users/Jorge/.codex/worktrees/omerta-rc1-closure/Omerta/omerta-contracts".
ParserError: Source "lib/openzeppelin-contracts/contracts/interfaces/IERC20.sol" not found: File not found. Searched the following locations: "/Users/Jorge/.codex/worktrees/omerta-rc1-closure/Omerta/omerta-contracts".
 --> src/Alchemist.sol:4:1:
  |
4 | import {IERC20} from "@openzeppelin/contracts/interfaces/IERC20.sol";
  | ^^^^^^^^^^^^^^^^^^^^^^^^^^^^^^^^^^^^^^^^^^^^^^^^^^^^^^^^^^^^^^^^^^^^^

Error (6275): Source "lib/openzeppelin-contracts/contracts/interfaces/IERC20Metadata.sol" not found: File not found. Searched the following locations: "/Users/Jorge/.codex/worktrees/omerta-rc1-closure/Omerta/omerta-contracts".
ParserError: Source "lib/openzeppelin-contracts/contracts/interfaces/IERC20Metadata.sol" not found: File not found. Searched the following locations: "/Users/Jorge/.codex/worktrees/omerta-rc1-closure/Omerta/omerta-contracts".
 --> src/Alchemist.sol:5:1:
  |
5 | import {IERC20Metadata} from "@openzeppelin/contracts/interfaces/IERC20Metadata.sol";
  | ^^^^^^^^^^^^^^^^^^^^^^^^^^^^^^^^^^^^^^^^^^^^^^^^^^^^^^^^^^^^^^^^^^^^^^^^^^^^^^^^^^^^^

Error (6275): Source "lib/openzeppelin-contracts/contracts/interfaces/IERC4626.sol" not found: File not found. Searched the following locations: "/Users/Jorge/.codex/worktrees/omerta-rc1-closure/Omerta/omerta-contracts".
ParserError: Source "lib/openzeppelin-contracts/contracts/interfaces/IERC4626.sol" not found: File not found. Searched the following locations: "/Users/Jorge/.codex/worktrees/omerta-rc1-closure/Omerta/omerta-contracts".
 --> src/Alchemist.sol:6:1:
  |
6 | import {IERC4626} from "@openzeppelin/contracts/interfaces/IERC4626.sol";
  | ^^^^^^^^^^^^^^^^^^^^^^^^^^^^^^^^^^^^^^^^^^^^^^^^^^^^^^^^^^^^^^^^^^^^^^^^^

Error (6275): Source "lib/openzeppelin-contracts/contracts/token/ERC20/utils/SafeERC20.sol" not found: File not found. Searched the following locations: "/Users/Jorge/.codex/worktrees/omerta-rc1-closure/Omerta/omerta-contracts".
ParserError: Source "lib/openzeppelin-contracts/contracts/token/ERC20/utils/SafeERC20.sol" not found: File not found. Searched the following locations: "/Users/Jorge/.codex/worktrees/omerta-rc1-closure/Omerta/omerta-contracts".
 --> src/Alchemist.sol:7:1:
  |
7 | import {SafeERC20} from "@openzeppelin/contracts/token/ERC20/utils/SafeERC20.sol";
  | ^^^^^^^^^^^^^^^^^^^^^^^^^^^^^^^^^^^^^^^^^^^^^^^^^^^^^^^^^^^^^^^^^^^^^^^^^^^^^^^^^^

Error (6275): Source "lib/openzeppelin-contracts/contracts/access/Ownable.sol" not found: File not found. Searched the following locations: "/Users/Jorge/.codex/worktrees/omerta-rc1-closure/Omerta/omerta-contracts".
ParserError: Source "lib/openzeppelin-contracts/contracts/access/Ownable.sol" not found: File not found. Searched the following locations: "/Users/Jorge/.codex/worktrees/omerta-rc1-closure/Omerta/omerta-contracts".
 --> src/Alchemist.sol:8:1:
  |
8 | import {Ownable} from "@openzeppelin/contracts/access/Ownable.sol";
  | ^^^^^^^^^^^^^^^^^^^^^^^^^^^^^^^^^^^^^^^^^^^^^^^^^^^^^^^^^^^^^^^^^^^

Error (6275): Source "lib/openzeppelin-contracts/contracts/access/Ownable2Step.sol" not found: File not found. Searched the following locations: "/Users/Jorge/.codex/worktrees/omerta-rc1-closure/Omerta/omerta-contracts".
ParserError: Source "lib/openzeppelin-contracts/contracts/access/Ownable2Step.sol" not found: File not found. Searched the following locations: "/Users/Jorge/.codex/worktrees/omerta-rc1-closure/Omerta/omerta-contracts".
 --> src/Alchemist.sol:9:1:
  |
9 | import {Ownable2Step} from "@openzeppelin/contracts/access/Ownable2Step.sol";
  | ^^^^^^^^^^^^^^^^^^^^^^^^^^^^^^^^^^^^^^^^^^^^^^^^^^^^^^^^^^^^^^^^^^^^^^^^^^^^^

Error (6275): Source "lib/openzeppelin-contracts/contracts/utils/ReentrancyGuard.sol" not found: File not found. Searched the following locations: "/Users/Jorge/.codex/worktrees/omerta-rc1-closure/Omerta/omerta-contracts".
ParserError: Source "lib/openzeppelin-contracts/contracts/utils/ReentrancyGuard.sol" not found: File not found. Searched the following locations: "/Users/Jorge/.codex/worktrees/omerta-rc1-closure/Omerta/omerta-contracts".
  --> src/Alchemist.sol:10:1:
   |
10 | import {ReentrancyGuard} from "@openzeppelin/contracts/utils/ReentrancyGuard.sol";
   | ^^^^^^^^^^^^^^^^^^^^^^^^^^^^^^^^^^^^^^^^^^^^^^^^^^^^^^^^^^^^^^^^^^^^^^^^^^^^^^^^^^

Error (6275): Source "lib/openzeppelin-contracts/contracts/interfaces/IERC20.sol" not found: File not found. Searched the following locations: "/Users/Jorge/.codex/worktrees/omerta-rc1-closure/Omerta/omerta-contracts".
ParserError: Source "lib/openzeppelin-contracts/contracts/interfaces/IERC20.sol" not found: File not found. Searched the following locations: "/Users/Jorge/.codex/worktrees/omerta-rc1-closure/Omerta/omerta-contracts".
 --> src/BankBufferVault.sol:4:1:
  |
4 | import {IERC20} from "@openzeppelin/contracts/interfaces/IERC20.sol";
  | ^^^^^^^^^^^^^^^^^^^^^^^^^^^^^^^^^^^^^^^^^^^^^^^^^^^^^^^^^^^^^^^^^^^^^

Error (6275): Source "lib/openzeppelin-contracts/contracts/token/ERC20/utils/SafeERC20.sol" not found: File not found. Searched the following locations: "/Users/Jorge/.codex/worktrees/omerta-rc1-closure/Omerta/omerta-contracts".
ParserError: Source "lib/openzeppelin-contracts/contracts/token/ERC20/utils/SafeERC20.sol" not found: File not found. Searched the following locations: "/Users/Jorge/.codex/worktrees/omerta-rc1-closure/Omerta/omerta-contracts".
 --> src/BankBufferVault.sol:5:1:
  |
5 | import {SafeERC20} from "@openzeppelin/contracts/token/ERC20/utils/SafeERC20.sol";
  | ^^^^^^^^^^^^^^^^^^^^^^^^^^^^^^^^^^^^^^^^^^^^^^^^^^^^^^^^^^^^^^^^^^^^^^^^^^^^^^^^^^

Error (6275): Source "lib/openzeppelin-contracts/contracts/access/Ownable2Step.sol" not found: File not found. Searched the following locations: "/Users/Jorge/.codex/worktrees/omerta-rc1-closure/Omerta/omerta-contracts".
ParserError: Source "lib/openzeppelin-contracts/contracts/access/Ownable2Step.sol" not found: File not found. Searched the following locations: "/Users/Jorge/.codex/worktrees/omerta-rc1-closure/Omerta/omerta-contracts".
 --> src/BankBufferVault.sol:6:1:
  |
6 | import {Ownable2Step, Ownable} from "@openzeppelin/contracts/access/Ownable2Step.sol";
  | ^^^^^^^^^^^^^^^^^^^^^^^^^^^^^^^^^^^^^^^^^^^^^^^^^^^^^^^^^^^^^^^^^^^^^^^^^^^^^^^^^^^^^^

Error (6275): Source "lib/openzeppelin-contracts/contracts/utils/Pausable.sol" not found: File not found. Searched the following locations: "/Users/Jorge/.codex/worktrees/omerta-rc1-closure/Omerta/omerta-contracts".
ParserError: Source "lib/openzeppelin-contracts/contracts/utils/Pausable.sol" not found: File not found. Searched the following locations: "/Users/Jorge/.codex/worktrees/omerta-rc1-closure/Omerta/omerta-contracts".
 --> src/BankBufferVault.sol:7:1:
  |
7 | import {Pausable} from "@openzeppelin/contracts/utils/Pausable.sol";
  | ^^^^^^^^^^^^^^^^^^^^^^^^^^^^^^^^^^^^^^^^^^^^^^^^^^^^^^^^^^^^^^^^^^^^

Error (6275): Source "lib/openzeppelin-contracts/contracts/utils/ReentrancyGuard.sol" not found: File not found. Searched the following locations: "/Users/Jorge/.codex/worktrees/omerta-rc1-closure/Omerta/omerta-contracts".
ParserError: Source "lib/openzeppelin-contracts/contracts/utils/ReentrancyGuard.sol" not found: File not found. Searched the following locations: "/Users/Jorge/.codex/worktrees/omerta-rc1-closure/Omerta/omerta-contracts".
 --> src/BankBufferVault.sol:8:1:
  |
8 | import {ReentrancyGuard} from "@openzeppelin/contracts/utils/ReentrancyGuard.sol";
  | ^^^^^^^^^^^^^^^^^^^^^^^^^^^^^^^^^^^^^^^^^^^^^^^^^^^^^^^^^^^^^^^^^^^^^^^^^^^^^^^^^^

Error (6275): Source "lib/openzeppelin-contracts/contracts/utils/math/Math.sol" not found: File not found. Searched the following locations: "/Users/Jorge/.codex/worktrees/omerta-rc1-closure/Omerta/omerta-contracts".
ParserError: Source "lib/openzeppelin-contracts/contracts/utils/math/Math.sol" not found: File not found. Searched the following locations: "/Users/Jorge/.codex/worktrees/omerta-rc1-closure/Omerta/omerta-contracts".
 --> src/BankBufferVault.sol:9:1:
  |
9 | import {Math} from "@openzeppelin/contracts/utils/math/Math.sol";
  | ^^^^^^^^^^^^^^^^^^^^^^^^^^^^^^^^^^^^^^^^^^^^^^^^^^^^^^^^^^^^^^^^^

Error (6275): Source "lib/openzeppelin-contracts/contracts/interfaces/IERC20.sol" not found: File not found. Searched the following locations: "/Users/Jorge/.codex/worktrees/omerta-rc1-closure/Omerta/omerta-contracts".
ParserError: Source "lib/openzeppelin-contracts/contracts/interfaces/IERC20.sol" not found: File not found. Searched the following locations: "/Users/Jorge/.codex/worktrees/omerta-rc1-closure/Omerta/omerta-contracts".
 --> src/CollateralEscrow.sol:4:1:
  |
4 | import {IERC20} from "@openzeppelin/contracts/interfaces/IERC20.sol";
  | ^^^^^^^^^^^^^^^^^^^^^^^^^^^^^^^^^^^^^^^^^^^^^^^^^^^^^^^^^^^^^^^^^^^^^

Error (6275): Source "lib/openzeppelin-contracts/contracts/interfaces/IERC4626.sol" not found: File not found. Searched the following locations: "/Users/Jorge/.codex/worktrees/omerta-rc1-closure/Omerta/omerta-contracts".
ParserError: Source "lib/openzeppelin-contracts/contracts/interfaces/IERC4626.sol" not found: File not found. Searched the following locations: "/Users/Jorge/.codex/worktrees/omerta-rc1-closure/Omerta/omerta-contracts".
 --> src/CollateralEscrow.sol:5:1:
  |
5 | import {IERC4626} from "@openzeppelin/contracts/interfaces/IERC4626.sol";
  | ^^^^^^^^^^^^^^^^^^^^^^^^^^^^^^^^^^^^^^^^^^^^^^^^^^^^^^^^^^^^^^^^^^^^^^^^^

Error (6275): Source "lib/openzeppelin-contracts/contracts/token/ERC20/utils/SafeERC20.sol" not found: File not found. Searched the following locations: "/Users/Jorge/.codex/worktrees/omerta-rc1-closure/Omerta/omerta-contracts".
ParserError: Source "lib/openzeppelin-contracts/contracts/token/ERC20/utils/SafeERC20.sol" not found: File not found. Searched the following locations: "/Users/Jorge/.codex/worktrees/omerta-rc1-closure/Omerta/omerta-contracts".
 --> src/CollateralEscrow.sol:6:1:
  |
6 | import {SafeERC20} from "@openzeppelin/contracts/token/ERC20/utils/SafeERC20.sol";
  | ^^^^^^^^^^^^^^^^^^^^^^^^^^^^^^^^^^^^^^^^^^^^^^^^^^^^^^^^^^^^^^^^^^^^^^^^^^^^^^^^^^

Error (6275): Source "lib/openzeppelin-contracts/contracts/token/ERC20/ERC20.sol" not found: File not found. Searched the following locations: "/Users/Jorge/.codex/worktrees/omerta-rc1-closure/Omerta/omerta-contracts".
ParserError: Source "lib/openzeppelin-contracts/contracts/token/ERC20/ERC20.sol" not found: File not found. Searched the following locations: "/Users/Jorge/.codex/worktrees/omerta-rc1-closure/Omerta/omerta-contracts".
 --> src/Denari.sol:4:1:
  |
4 | import {ERC20} from "@openzeppelin/contracts/token/ERC20/ERC20.sol";
  | ^^^^^^^^^^^^^^^^^^^^^^^^^^^^^^^^^^^^^^^^^^^^^^^^^^^^^^^^^^^^^^^^^^^^

Error (6275): Source "lib/openzeppelin-contracts/contracts/token/ERC20/extensions/ERC20Permit.sol" not found: File not found. Searched the following locations: "/Users/Jorge/.codex/worktrees/omerta-rc1-closure/Omerta/omerta-contracts".
ParserError: Source "lib/openzeppelin-contracts/contracts/token/ERC20/extensions/ERC20Permit.sol" not found: File not found. Searched the following locations: "/Users/Jorge/.codex/worktrees/omerta-rc1-closure/Omerta/omerta-contracts".
 --> src/Denari.sol:5:1:
  |
5 | import {ERC20Permit} from "@openzeppelin/contracts/token/ERC20/extensions/ERC20Permit.sol";
  | ^^^^^^^^^^^^^^^^^^^^^^^^^^^^^^^^^^^^^^^^^^^^^^^^^^^^^^^^^^^^^^^^^^^^^^^^^^^^^^^^^^^^^^^^^^^

Error (6275): Source "lib/openzeppelin-contracts/contracts/access/Ownable.sol" not found: File not found. Searched the following locations: "/Users/Jorge/.codex/worktrees/omerta-rc1-closure/Omerta/omerta-contracts".
ParserError: Source "lib/openzeppelin-contracts/contracts/access/Ownable.sol" not found: File not found. Searched the following locations: "/Users/Jorge/.codex/worktrees/omerta-rc1-closure/Omerta/omerta-contracts".
 --> src/Denari.sol:6:1:
  |
6 | import {Ownable} from "@openzeppelin/contracts/access/Ownable.sol";
  | ^^^^^^^^^^^^^^^^^^^^^^^^^^^^^^^^^^^^^^^^^^^^^^^^^^^^^^^^^^^^^^^^^^^

Error (6275): Source "lib/openzeppelin-contracts/contracts/access/Ownable2Step.sol" not found: File not found. Searched the following locations: "/Users/Jorge/.codex/worktrees/omerta-rc1-closure/Omerta/omerta-contracts".
ParserError: Source "lib/openzeppelin-contracts/contracts/access/Ownable2Step.sol" not found: File not found. Searched the following locations: "/Users/Jorge/.codex/worktrees/omerta-rc1-closure/Omerta/omerta-contracts".
 --> src/Denari.sol:7:1:
  |
7 | import {Ownable2Step} from "@openzeppelin/contracts/access/Ownable2Step.sol";
  | ^^^^^^^^^^^^^^^^^^^^^^^^^^^^^^^^^^^^^^^^^^^^^^^^^^^^^^^^^^^^^^^^^^^^^^^^^^^^^

Error (6275): Source "lib/openzeppelin-contracts/contracts/token/ERC721/ERC721.sol" not found: File not found. Searched the following locations: "/Users/Jorge/.codex/worktrees/omerta-rc1-closure/Omerta/omerta-contracts".
ParserError: Source "lib/openzeppelin-contracts/contracts/token/ERC721/ERC721.sol" not found: File not found. Searched the following locations: "/Users/Jorge/.codex/worktrees/omerta-rc1-closure/Omerta/omerta-contracts".
 --> src/DynastyNFT.sol:4:1:
  |
4 | import {ERC721} from "@openzeppelin/contracts/token/ERC721/ERC721.sol";
  | ^^^^^^^^^^^^^^^^^^^^^^^^^^^^^^^^^^^^^^^^^^^^^^^^^^^^^^^^^^^^^^^^^^^^^^^

Error (6275): Source "lib/openzeppelin-contracts/contracts/token/common/ERC2981.sol" not found: File not found. Searched the following locations: "/Users/Jorge/.codex/worktrees/omerta-rc1-closure/Omerta/omerta-contracts".
ParserError: Source "lib/openzeppelin-contracts/contracts/token/common/ERC2981.sol" not found: File not found. Searched the following locations: "/Users/Jorge/.codex/worktrees/omerta-rc1-closure/Omerta/omerta-contracts".
 --> src/DynastyNFT.sol:5:1:
  |
5 | import {ERC2981} from "@openzeppelin/contracts/token/common/ERC2981.sol";
  | ^^^^^^^^^^^^^^^^^^^^^^^^^^^^^^^^^^^^^^^^^^^^^^^^^^^^^^^^^^^^^^^^^^^^^^^^^

Error (6275): Source "lib/openzeppelin-contracts/contracts/utils/cryptography/EIP712.sol" not found: File not found. Searched the following locations: "/Users/Jorge/.codex/worktrees/omerta-rc1-closure/Omerta/omerta-contracts".
ParserError: Source "lib/openzeppelin-contracts/contracts/utils/cryptography/EIP712.sol" not found: File not found. Searched the following locations: "/Users/Jorge/.codex/worktrees/omerta-rc1-closure/Omerta/omerta-contracts".
 --> src/DynastyNFT.sol:6:1:
  |
6 | import {EIP712} from "@openzeppelin/contracts/utils/cryptography/EIP712.sol";
  | ^^^^^^^^^^^^^^^^^^^^^^^^^^^^^^^^^^^^^^^^^^^^^^^^^^^^^^^^^^^^^^^^^^^^^^^^^^^^^

Error (6275): Source "lib/openzeppelin-contracts/contracts/utils/cryptography/ECDSA.sol" not found: File not found. Searched the following locations: "/Users/Jorge/.codex/worktrees/omerta-rc1-closure/Omerta/omerta-contracts".
ParserError: Source "lib/openzeppelin-contracts/contracts/utils/cryptography/ECDSA.sol" not found: File not found. Searched the following locations: "/Users/Jorge/.codex/worktrees/omerta-rc1-closure/Omerta/omerta-contracts".
 --> src/DynastyNFT.sol:7:1:
  |
7 | import {ECDSA} from "@openzeppelin/contracts/utils/cryptography/ECDSA.sol";
  | ^^^^^^^^^^^^^^^^^^^^^^^^^^^^^^^^^^^^^^^^^^^^^^^^^^^^^^^^^^^^^^^^^^^^^^^^^^^

Error (6275): Source "lib/openzeppelin-contracts/contracts/access/Ownable2Step.sol" not found: File not found. Searched the following locations: "/Users/Jorge/.codex/worktrees/omerta-rc1-closure/Omerta/omerta-contracts".
ParserError: Source "lib/openzeppelin-contracts/contracts/access/Ownable2Step.sol" not found: File not found. Searched the following locations: "/Users/Jorge/.codex/worktrees/omerta-rc1-closure/Omerta/omerta-contracts".
 --> src/DynastyNFT.sol:8:1:
  |
8 | import {Ownable2Step, Ownable} from "@openzeppelin/contracts/access/Ownable2Step.sol";
  | ^^^^^^^^^^^^^^^^^^^^^^^^^^^^^^^^^^^^^^^^^^^^^^^^^^^^^^^^^^^^^^^^^^^^^^^^^^^^^^^^^^^^^^

Error (6275): Source "lib/openzeppelin-contracts/contracts/utils/Pausable.sol" not found: File not found. Searched the following locations: "/Users/Jorge/.codex/worktrees/omerta-rc1-closure/Omerta/omerta-contracts".
ParserError: Source "lib/openzeppelin-contracts/contracts/utils/Pausable.sol" not found: File not found. Searched the following locations: "/Users/Jorge/.codex/worktrees/omerta-rc1-closure/Omerta/omerta-contracts".
 --> src/DynastyNFT.sol:9:1:
  |
9 | import {Pausable} from "@openzeppelin/contracts/utils/Pausable.sol";
  | ^^^^^^^^^^^^^^^^^^^^^^^^^^^^^^^^^^^^^^^^^^^^^^^^^^^^^^^^^^^^^^^^^^^^

Error (6275): Source "lib/openzeppelin-contracts/contracts/utils/ReentrancyGuard.sol" not found: File not found. Searched the following locations: "/Users/Jorge/.codex/worktrees/omerta-rc1-closure/Omerta/omerta-contracts".
ParserError: Source "lib/openzeppelin-contracts/contracts/utils/ReentrancyGuard.sol" not found: File not found. Searched the following locations: "/Users/Jorge/.codex/worktrees/omerta-rc1-closure/Omerta/omerta-contracts".
  --> src/DynastyNFT.sol:10:1:
   |
10 | import {ReentrancyGuard} from "@openzeppelin/contracts/utils/ReentrancyGuard.sol";
   | ^^^^^^^^^^^^^^^^^^^^^^^^^^^^^^^^^^^^^^^^^^^^^^^^^^^^^^^^^^^^^^^^^^^^^^^^^^^^^^^^^^

Error (6275): Source "lib/openzeppelin-contracts/contracts/utils/Strings.sol" not found: File not found. Searched the following locations: "/Users/Jorge/.codex/worktrees/omerta-rc1-closure/Omerta/omerta-contracts".
ParserError: Source "lib/openzeppelin-contracts/contracts/utils/Strings.sol" not found: File not found. Searched the following locations: "/Users/Jorge/.codex/worktrees/omerta-rc1-closure/Omerta/omerta-contracts".
  --> src/DynastyNFT.sol:11:1:
   |
11 | import {Strings} from "@openzeppelin/contracts/utils/Strings.sol";
   | ^^^^^^^^^^^^^^^^^^^^^^^^^^^^^^^^^^^^^^^^^^^^^^^^^^^^^^^^^^^^^^^^^^

Error (6275): Source "lib/openzeppelin-contracts/contracts/utils/ReentrancyGuard.sol" not found: File not found. Searched the following locations: "/Users/Jorge/.codex/worktrees/omerta-rc1-closure/Omerta/omerta-contracts".
ParserError: Source "lib/openzeppelin-contracts/contracts/utils/ReentrancyGuard.sol" not found: File not found. Searched the following locations: "/Users/Jorge/.codex/worktrees/omerta-rc1-closure/Omerta/omerta-contracts".
 --> src/FeeRevenueRouter.sol:4:1:
  |
4 | import {ReentrancyGuard} from "@openzeppelin/contracts/utils/ReentrancyGuard.sol";
  | ^^^^^^^^^^^^^^^^^^^^^^^^^^^^^^^^^^^^^^^^^^^^^^^^^^^^^^^^^^^^^^^^^^^^^^^^^^^^^^^^^^

Error (6275): Source "lib/openzeppelin-contracts/contracts/utils/math/Math.sol" not found: File not found. Searched the following locations: "/Users/Jorge/.codex/worktrees/omerta-rc1-closure/Omerta/omerta-contracts".
ParserError: Source "lib/openzeppelin-contracts/contracts/utils/math/Math.sol" not found: File not found. Searched the following locations: "/Users/Jorge/.codex/worktrees/omerta-rc1-closure/Omerta/omerta-contracts".
 --> src/FeeRevenueRouter.sol:5:1:
  |
5 | import {Math} from "@openzeppelin/contracts/utils/math/Math.sol";
  | ^^^^^^^^^^^^^^^^^^^^^^^^^^^^^^^^^^^^^^^^^^^^^^^^^^^^^^^^^^^^^^^^^

Error (6275): Source "lib/openzeppelin-contracts/contracts/token/ERC1155/ERC1155.sol" not found: File not found. Searched the following locations: "/Users/Jorge/.codex/worktrees/omerta-rc1-closure/Omerta/omerta-contracts".
ParserError: Source "lib/openzeppelin-contracts/contracts/token/ERC1155/ERC1155.sol" not found: File not found. Searched the following locations: "/Users/Jorge/.codex/worktrees/omerta-rc1-closure/Omerta/omerta-contracts".
 --> src/GearVault.sol:4:1:
  |
4 | import {ERC1155} from "@openzeppelin/contracts/token/ERC1155/ERC1155.sol";
  | ^^^^^^^^^^^^^^^^^^^^^^^^^^^^^^^^^^^^^^^^^^^^^^^^^^^^^^^^^^^^^^^^^^^^^^^^^^

Error (6275): Source "lib/openzeppelin-contracts/contracts/access/Ownable2Step.sol" not found: File not found. Searched the following locations: "/Users/Jorge/.codex/worktrees/omerta-rc1-closure/Omerta/omerta-contracts".
ParserError: Source "lib/openzeppelin-contracts/contracts/access/Ownable2Step.sol" not found: File not found. Searched the following locations: "/Users/Jorge/.codex/worktrees/omerta-rc1-closure/Omerta/omerta-contracts".
 --> src/GearVault.sol:5:1:
  |
5 | import {Ownable2Step, Ownable} from "@openzeppelin/contracts/access/Ownable2Step.sol";
  | ^^^^^^^^^^^^^^^^^^^^^^^^^^^^^^^^^^^^^^^^^^^^^^^^^^^^^^^^^^^^^^^^^^^^^^^^^^^^^^^^^^^^^^

Error (6275): Source "lib/openzeppelin-contracts/contracts/utils/Strings.sol" not found: File not found. Searched the following locations: "/Users/Jorge/.codex/worktrees/omerta-rc1-closure/Omerta/omerta-contracts".
ParserError: Source "lib/openzeppelin-contracts/contracts/utils/Strings.sol" not found: File not found. Searched the following locations: "/Users/Jorge/.codex/worktrees/omerta-rc1-closure/Omerta/omerta-contracts".
 --> src/GearVault.sol:6:1:
  |
6 | import {Strings} from "@openzeppelin/contracts/utils/Strings.sol";
  | ^^^^^^^^^^^^^^^^^^^^^^^^^^^^^^^^^^^^^^^^^^^^^^^^^^^^^^^^^^^^^^^^^^

Error (6275): Source "lib/openzeppelin-contracts/contracts/utils/Base64.sol" not found: File not found. Searched the following locations: "/Users/Jorge/.codex/worktrees/omerta-rc1-closure/Omerta/omerta-contracts".
ParserError: Source "lib/openzeppelin-contracts/contracts/utils/Base64.sol" not found: File not found. Searched the following locations: "/Users/Jorge/.codex/worktrees/omerta-rc1-closure/Omerta/omerta-contracts".
 --> src/GearVault.sol:7:1:
  |
7 | import {Base64} from "@openzeppelin/contracts/utils/Base64.sol";
  | ^^^^^^^^^^^^^^^^^^^^^^^^^^^^^^^^^^^^^^^^^^^^^^^^^^^^^^^^^^^^^^^^

Error (6275): Source "lib/openzeppelin-contracts/contracts/access/Ownable2Step.sol" not found: File not found. Searched the following locations: "/Users/Jorge/.codex/worktrees/omerta-rc1-closure/Omerta/omerta-contracts".
ParserError: Source "lib/openzeppelin-contracts/contracts/access/Ownable2Step.sol" not found: File not found. Searched the following locations: "/Users/Jorge/.codex/worktrees/omerta-rc1-closure/Omerta/omerta-contracts".
 --> src/GenesisLifecycleController.sol:4:1:
  |
4 | import {Ownable2Step, Ownable} from "@openzeppelin/contracts/access/Ownable2Step.sol";
  | ^^^^^^^^^^^^^^^^^^^^^^^^^^^^^^^^^^^^^^^^^^^^^^^^^^^^^^^^^^^^^^^^^^^^^^^^^^^^^^^^^^^^^^

Error (6275): Source "lib/openzeppelin-contracts/contracts/utils/ReentrancyGuard.sol" not found: File not found. Searched the following locations: "/Users/Jorge/.codex/worktrees/omerta-rc1-closure/Omerta/omerta-contracts".
ParserError: Source "lib/openzeppelin-contracts/contracts/utils/ReentrancyGuard.sol" not found: File not found. Searched the following locations: "/Users/Jorge/.codex/worktrees/omerta-rc1-closure/Omerta/omerta-contracts".
 --> src/GenesisLifecycleController.sol:5:1:
  |
5 | import {ReentrancyGuard} from "@openzeppelin/contracts/utils/ReentrancyGuard.sol";
  | ^^^^^^^^^^^^^^^^^^^^^^^^^^^^^^^^^^^^^^^^^^^^^^^^^^^^^^^^^^^^^^^^^^^^^^^^^^^^^^^^^^

Error (6275): Source "lib/openzeppelin-contracts/contracts/token/ERC20/IERC20.sol" not found: File not found. Searched the following locations: "/Users/Jorge/.codex/worktrees/omerta-rc1-closure/Omerta/omerta-contracts".
ParserError: Source "lib/openzeppelin-contracts/contracts/token/ERC20/IERC20.sol" not found: File not found. Searched the following locations: "/Users/Jorge/.codex/worktrees/omerta-rc1-closure/Omerta/omerta-contracts".
 --> src/GenesisLifecycleController.sol:6:1:
  |
6 | import {IERC20} from "@openzeppelin/contracts/token/ERC20/IERC20.sol";
  | ^^^^^^^^^^^^^^^^^^^^^^^^^^^^^^^^^^^^^^^^^^^^^^^^^^^^^^^^^^^^^^^^^^^^^^

Error (6275): Source "lib/openzeppelin-contracts/contracts/token/ERC20/utils/SafeERC20.sol" not found: File not found. Searched the following locations: "/Users/Jorge/.codex/worktrees/omerta-rc1-closure/Omerta/omerta-contracts".
ParserError: Source "lib/openzeppelin-contracts/contracts/token/ERC20/utils/SafeERC20.sol" not found: File not found. Searched the following locations: "/Users/Jorge/.codex/worktrees/omerta-rc1-closure/Omerta/omerta-contracts".
 --> src/GenesisLifecycleController.sol:7:1:
  |
7 | import {SafeERC20} from "@openzeppelin/contracts/token/ERC20/utils/SafeERC20.sol";
  | ^^^^^^^^^^^^^^^^^^^^^^^^^^^^^^^^^^^^^^^^^^^^^^^^^^^^^^^^^^^^^^^^^^^^^^^^^^^^^^^^^^

Error (6275): Source "lib/v4-core/src/types/PoolId.sol" not found: File not found. Searched the following locations: "/Users/Jorge/.codex/worktrees/omerta-rc1-closure/Omerta/omerta-contracts".
ParserError: Source "lib/v4-core/src/types/PoolId.sol" not found: File not found. Searched the following locations: "/Users/Jorge/.codex/worktrees/omerta-rc1-closure/Omerta/omerta-contracts".
  --> src/GenesisLifecycleController.sol:10:1:
   |
10 | import {PoolId, PoolIdLibrary} from "v4-core/types/PoolId.sol";
   | ^^^^^^^^^^^^^^^^^^^^^^^^^^^^^^^^^^^^^^^^^^^^^^^^^^^^^^^^^^^^^^^

Error (6275): Source "lib/v4-core/src/types/PoolKey.sol" not found: File not found. Searched the following locations: "/Users/Jorge/.codex/worktrees/omerta-rc1-closure/Omerta/omerta-contracts".
ParserError: Source "lib/v4-core/src/types/PoolKey.sol" not found: File not found. Searched the following locations: "/Users/Jorge/.codex/worktrees/omerta-rc1-closure/Omerta/omerta-contracts".
  --> src/GenesisLifecycleController.sol:11:1:
   |
11 | import {PoolKey} from "v4-core/types/PoolKey.sol";
   | ^^^^^^^^^^^^^^^^^^^^^^^^^^^^^^^^^^^^^^^^^^^^^^^^^^

Error (6275): Source "lib/v4-core/src/types/Currency.sol" not found: File not found. Searched the following locations: "/Users/Jorge/.codex/worktrees/omerta-rc1-closure/Omerta/omerta-contracts".
ParserError: Source "lib/v4-core/src/types/Currency.sol" not found: File not found. Searched the following locations: "/Users/Jorge/.codex/worktrees/omerta-rc1-closure/Omerta/omerta-contracts".
  --> src/GenesisLifecycleController.sol:12:1:
   |
12 | import {Currency} from "v4-core/types/Currency.sol";
   | ^^^^^^^^^^^^^^^^^^^^^^^^^^^^^^^^^^^^^^^^^^^^^^^^^^^^

Error (6275): Source "lib/v4-core/src/interfaces/IHooks.sol" not found: File not found. Searched the following locations: "/Users/Jorge/.codex/worktrees/omerta-rc1-closure/Omerta/omerta-contracts".
ParserError: Source "lib/v4-core/src/interfaces/IHooks.sol" not found: File not found. Searched the following locations: "/Users/Jorge/.codex/worktrees/omerta-rc1-closure/Omerta/omerta-contracts".
  --> src/GenesisLifecycleController.sol:13:1:
   |
13 | import {IHooks} from "v4-core/interfaces/IHooks.sol";
   | ^^^^^^^^^^^^^^^^^^^^^^^^^^^^^^^^^^^^^^^^^^^^^^^^^^^^^

Error (6275): Source "lib/openzeppelin-contracts/contracts/access/Ownable.sol" not found: File not found. Searched the following locations: "/Users/Jorge/.codex/worktrees/omerta-rc1-closure/Omerta/omerta-contracts".
ParserError: Source "lib/openzeppelin-contracts/contracts/access/Ownable.sol" not found: File not found. Searched the following locations: "/Users/Jorge/.codex/worktrees/omerta-rc1-closure/Omerta/omerta-contracts".
 --> src/GenesisOracle.sol:4:1:
  |
4 | import {Ownable} from "@openzeppelin/contracts/access/Ownable.sol";
  | ^^^^^^^^^^^^^^^^^^^^^^^^^^^^^^^^^^^^^^^^^^^^^^^^^^^^^^^^^^^^^^^^^^^

Error (6275): Source "lib/openzeppelin-contracts/contracts/access/Ownable2Step.sol" not found: File not found. Searched the following locations: "/Users/Jorge/.codex/worktrees/omerta-rc1-closure/Omerta/omerta-contracts".
ParserError: Source "lib/openzeppelin-contracts/contracts/access/Ownable2Step.sol" not found: File not found. Searched the following locations: "/Users/Jorge/.codex/worktrees/omerta-rc1-closure/Omerta/omerta-contracts".
 --> src/GenesisOracle.sol:5:1:
  |
5 | import {Ownable2Step} from "@openzeppelin/contracts/access/Ownable2Step.sol";
  | ^^^^^^^^^^^^^^^^^^^^^^^^^^^^^^^^^^^^^^^^^^^^^^^^^^^^^^^^^^^^^^^^^^^^^^^^^^^^^

Error (6275): Source "lib/openzeppelin-contracts/contracts/token/ERC20/IERC20.sol" not found: File not found. Searched the following locations: "/Users/Jorge/.codex/worktrees/omerta-rc1-closure/Omerta/omerta-contracts".
ParserError: Source "lib/openzeppelin-contracts/contracts/token/ERC20/IERC20.sol" not found: File not found. Searched the following locations: "/Users/Jorge/.codex/worktrees/omerta-rc1-closure/Omerta/omerta-contracts".
 --> src/GenesisProceedsSplitter.sol:4:1:
  |
4 | import {IERC20} from "@openzeppelin/contracts/token/ERC20/IERC20.sol";
  | ^^^^^^^^^^^^^^^^^^^^^^^^^^^^^^^^^^^^^^^^^^^^^^^^^^^^^^^^^^^^^^^^^^^^^^

Error (6275): Source "lib/openzeppelin-contracts/contracts/token/ERC20/utils/SafeERC20.sol" not found: File not found. Searched the following locations: "/Users/Jorge/.codex/worktrees/omerta-rc1-closure/Omerta/omerta-contracts".
ParserError: Source "lib/openzeppelin-contracts/contracts/token/ERC20/utils/SafeERC20.sol" not found: File not found. Searched the following locations: "/Users/Jorge/.codex/worktrees/omerta-rc1-closure/Omerta/omerta-contracts".
 --> src/GenesisProceedsSplitter.sol:5:1:
  |
5 | import {SafeERC20} from "@openzeppelin/contracts/token/ERC20/utils/SafeERC20.sol";
  | ^^^^^^^^^^^^^^^^^^^^^^^^^^^^^^^^^^^^^^^^^^^^^^^^^^^^^^^^^^^^^^^^^^^^^^^^^^^^^^^^^^

Error (6275): Source "lib/openzeppelin-contracts/contracts/utils/ReentrancyGuard.sol" not found: File not found. Searched the following locations: "/Users/Jorge/.codex/worktrees/omerta-rc1-closure/Omerta/omerta-contracts".
ParserError: Source "lib/openzeppelin-contracts/contracts/utils/ReentrancyGuard.sol" not found: File not found. Searched the following locations: "/Users/Jorge/.codex/worktrees/omerta-rc1-closure/Omerta/omerta-contracts".
 --> src/GenesisProceedsSplitter.sol:6:1:
  |
6 | import {ReentrancyGuard} from "@openzeppelin/contracts/utils/ReentrancyGuard.sol";
  | ^^^^^^^^^^^^^^^^^^^^^^^^^^^^^^^^^^^^^^^^^^^^^^^^^^^^^^^^^^^^^^^^^^^^^^^^^^^^^^^^^^

Error (6275): Source "lib/v4-core/src/interfaces/IPoolManager.sol" not found: File not found. Searched the following locations: "/Users/Jorge/.codex/worktrees/omerta-rc1-closure/Omerta/omerta-contracts".
ParserError: Source "lib/v4-core/src/interfaces/IPoolManager.sol" not found: File not found. Searched the following locations: "/Users/Jorge/.codex/worktrees/omerta-rc1-closure/Omerta/omerta-contracts".
 --> src/GenesisProceedsSplitter.sol:7:1:
  |
7 | import {IPoolManager} from "v4-core/interfaces/IPoolManager.sol";
  | ^^^^^^^^^^^^^^^^^^^^^^^^^^^^^^^^^^^^^^^^^^^^^^^^^^^^^^^^^^^^^^^^^

Error (6275): Source "lib/v4-core/src/types/PoolId.sol" not found: File not found. Searched the following locations: "/Users/Jorge/.codex/worktrees/omerta-rc1-closure/Omerta/omerta-contracts".
ParserError: Source "lib/v4-core/src/types/PoolId.sol" not found: File not found. Searched the following locations: "/Users/Jorge/.codex/worktrees/omerta-rc1-closure/Omerta/omerta-contracts".
 --> src/GenesisProceedsSplitter.sol:8:1:
  |
8 | import {PoolId} from "v4-core/types/PoolId.sol";
  | ^^^^^^^^^^^^^^^^^^^^^^^^^^^^^^^^^^^^^^^^^^^^^^^^

Error (6275): Source "lib/v4-core/src/libraries/StateLibrary.sol" not found: File not found. Searched the following locations: "/Users/Jorge/.codex/worktrees/omerta-rc1-closure/Omerta/omerta-contracts".
ParserError: Source "lib/v4-core/src/libraries/StateLibrary.sol" not found: File not found. Searched the following locations: "/Users/Jorge/.codex/worktrees/omerta-rc1-closure/Omerta/omerta-contracts".
 --> src/GenesisProceedsSplitter.sol:9:1:
  |
9 | import {StateLibrary} from "v4-core/libraries/StateLibrary.sol";
  | ^^^^^^^^^^^^^^^^^^^^^^^^^^^^^^^^^^^^^^^^^^^^^^^^^^^^^^^^^^^^^^^^

Error (6275): Source "lib/openzeppelin-contracts/contracts/access/Ownable2Step.sol" not found: File not found. Searched the following locations: "/Users/Jorge/.codex/worktrees/omerta-rc1-closure/Omerta/omerta-contracts".
ParserError: Source "lib/openzeppelin-contracts/contracts/access/Ownable2Step.sol" not found: File not found. Searched the following locations: "/Users/Jorge/.codex/worktrees/omerta-rc1-closure/Omerta/omerta-contracts".
 --> src/KeeperGasVault.sol:4:1:
  |
4 | import {Ownable2Step, Ownable} from "@openzeppelin/contracts/access/Ownable2Step.sol";
  | ^^^^^^^^^^^^^^^^^^^^^^^^^^^^^^^^^^^^^^^^^^^^^^^^^^^^^^^^^^^^^^^^^^^^^^^^^^^^^^^^^^^^^^

Error (6275): Source "lib/openzeppelin-contracts/contracts/utils/Pausable.sol" not found: File not found. Searched the following locations: "/Users/Jorge/.codex/worktrees/omerta-rc1-closure/Omerta/omerta-contracts".
ParserError: Source "lib/openzeppelin-contracts/contracts/utils/Pausable.sol" not found: File not found. Searched the following locations: "/Users/Jorge/.codex/worktrees/omerta-rc1-closure/Omerta/omerta-contracts".
 --> src/KeeperGasVault.sol:5:1:
  |
5 | import {Pausable} from "@openzeppelin/contracts/utils/Pausable.sol";
  | ^^^^^^^^^^^^^^^^^^^^^^^^^^^^^^^^^^^^^^^^^^^^^^^^^^^^^^^^^^^^^^^^^^^^

Error (6275): Source "lib/openzeppelin-contracts/contracts/utils/ReentrancyGuard.sol" not found: File not found. Searched the following locations: "/Users/Jorge/.codex/worktrees/omerta-rc1-closure/Omerta/omerta-contracts".
ParserError: Source "lib/openzeppelin-contracts/contracts/utils/ReentrancyGuard.sol" not found: File not found. Searched the following locations: "/Users/Jorge/.codex/worktrees/omerta-rc1-closure/Omerta/omerta-contracts".
 --> src/KeeperGasVault.sol:6:1:
  |
6 | import {ReentrancyGuard} from "@openzeppelin/contracts/utils/ReentrancyGuard.sol";
  | ^^^^^^^^^^^^^^^^^^^^^^^^^^^^^^^^^^^^^^^^^^^^^^^^^^^^^^^^^^^^^^^^^^^^^^^^^^^^^^^^^^

Error (6275): Source "lib/openzeppelin-contracts/contracts/utils/math/Math.sol" not found: File not found. Searched the following locations: "/Users/Jorge/.codex/worktrees/omerta-rc1-closure/Omerta/omerta-contracts".
ParserError: Source "lib/openzeppelin-contracts/contracts/utils/math/Math.sol" not found: File not found. Searched the following locations: "/Users/Jorge/.codex/worktrees/omerta-rc1-closure/Omerta/omerta-contracts".
 --> src/KeeperGasVault.sol:7:1:
  |
7 | import {Math} from "@openzeppelin/contracts/utils/math/Math.sol";
  | ^^^^^^^^^^^^^^^^^^^^^^^^^^^^^^^^^^^^^^^^^^^^^^^^^^^^^^^^^^^^^^^^^

Error (6275): Source "lib/openzeppelin-contracts/contracts/access/Ownable2Step.sol" not found: File not found. Searched the following locations: "/Users/Jorge/.codex/worktrees/omerta-rc1-closure/Omerta/omerta-contracts".
ParserError: Source "lib/openzeppelin-contracts/contracts/access/Ownable2Step.sol" not found: File not found. Searched the following locations: "/Users/Jorge/.codex/worktrees/omerta-rc1-closure/Omerta/omerta-contracts".
 --> src/LiquidityBuybackExecutor.sol:4:1:
  |
4 | import {Ownable2Step, Ownable} from "@openzeppelin/contracts/access/Ownable2Step.sol";
  | ^^^^^^^^^^^^^^^^^^^^^^^^^^^^^^^^^^^^^^^^^^^^^^^^^^^^^^^^^^^^^^^^^^^^^^^^^^^^^^^^^^^^^^

Error (6275): Source "lib/openzeppelin-contracts/contracts/utils/Pausable.sol" not found: File not found. Searched the following locations: "/Users/Jorge/.codex/worktrees/omerta-rc1-closure/Omerta/omerta-contracts".
ParserError: Source "lib/openzeppelin-contracts/contracts/utils/Pausable.sol" not found: File not found. Searched the following locations: "/Users/Jorge/.codex/worktrees/omerta-rc1-closure/Omerta/omerta-contracts".
 --> src/LiquidityBuybackExecutor.sol:5:1:
  |
5 | import {Pausable} from "@openzeppelin/contracts/utils/Pausable.sol";
  | ^^^^^^^^^^^^^^^^^^^^^^^^^^^^^^^^^^^^^^^^^^^^^^^^^^^^^^^^^^^^^^^^^^^^

Error (6275): Source "lib/openzeppelin-contracts/contracts/utils/ReentrancyGuard.sol" not found: File not found. Searched the following locations: "/Users/Jorge/.codex/worktrees/omerta-rc1-closure/Omerta/omerta-contracts".
ParserError: Source "lib/openzeppelin-contracts/contracts/utils/ReentrancyGuard.sol" not found: File not found. Searched the following locations: "/Users/Jorge/.codex/worktrees/omerta-rc1-closure/Omerta/omerta-contracts".
 --> src/LiquidityBuybackExecutor.sol:6:1:
  |
6 | import {ReentrancyGuard} from "@openzeppelin/contracts/utils/ReentrancyGuard.sol";
  | ^^^^^^^^^^^^^^^^^^^^^^^^^^^^^^^^^^^^^^^^^^^^^^^^^^^^^^^^^^^^^^^^^^^^^^^^^^^^^^^^^^

Error (6275): Source "lib/openzeppelin-contracts/contracts/token/ERC20/IERC20.sol" not found: File not found. Searched the following locations: "/Users/Jorge/.codex/worktrees/omerta-rc1-closure/Omerta/omerta-contracts".
ParserError: Source "lib/openzeppelin-contracts/contracts/token/ERC20/IERC20.sol" not found: File not found. Searched the following locations: "/Users/Jorge/.codex/worktrees/omerta-rc1-closure/Omerta/omerta-contracts".
 --> src/LiquidityBuybackExecutor.sol:7:1:
  |
7 | import {IERC20} from "@openzeppelin/contracts/token/ERC20/IERC20.sol";
  | ^^^^^^^^^^^^^^^^^^^^^^^^^^^^^^^^^^^^^^^^^^^^^^^^^^^^^^^^^^^^^^^^^^^^^^

Error (6275): Source "lib/openzeppelin-contracts/contracts/token/ERC20/utils/SafeERC20.sol" not found: File not found. Searched the following locations: "/Users/Jorge/.codex/worktrees/omerta-rc1-closure/Omerta/omerta-contracts".
ParserError: Source "lib/openzeppelin-contracts/contracts/token/ERC20/utils/SafeERC20.sol" not found: File not found. Searched the following locations: "/Users/Jorge/.codex/worktrees/omerta-rc1-closure/Omerta/omerta-contracts".
 --> src/LiquidityBuybackExecutor.sol:8:1:
  |
8 | import {SafeERC20} from "@openzeppelin/contracts/token/ERC20/utils/SafeERC20.sol";
  | ^^^^^^^^^^^^^^^^^^^^^^^^^^^^^^^^^^^^^^^^^^^^^^^^^^^^^^^^^^^^^^^^^^^^^^^^^^^^^^^^^^

Error (6275): Source "lib/openzeppelin-contracts/contracts/utils/math/Math.sol" not found: File not found. Searched the following locations: "/Users/Jorge/.codex/worktrees/omerta-rc1-closure/Omerta/omerta-contracts".
ParserError: Source "lib/openzeppelin-contracts/contracts/utils/math/Math.sol" not found: File not found. Searched the following locations: "/Users/Jorge/.codex/worktrees/omerta-rc1-closure/Omerta/omerta-contracts".
 --> src/LiquidityBuybackExecutor.sol:9:1:
  |
9 | import {Math} from "@openzeppelin/contracts/utils/math/Math.sol";
  | ^^^^^^^^^^^^^^^^^^^^^^^^^^^^^^^^^^^^^^^^^^^^^^^^^^^^^^^^^^^^^^^^^

Error (6275): Source "lib/v4-core/src/interfaces/IPoolManager.sol" not found: File not found. Searched the following locations: "/Users/Jorge/.codex/worktrees/omerta-rc1-closure/Omerta/omerta-contracts".
ParserError: Source "lib/v4-core/src/interfaces/IPoolManager.sol" not found: File not found. Searched the following locations: "/Users/Jorge/.codex/worktrees/omerta-rc1-closure/Omerta/omerta-contracts".
  --> src/LiquidityBuybackExecutor.sol:10:1:
   |
10 | import {IPoolManager} from "v4-core/interfaces/IPoolManager.sol";
   | ^^^^^^^^^^^^^^^^^^^^^^^^^^^^^^^^^^^^^^^^^^^^^^^^^^^^^^^^^^^^^^^^^

Error (6275): Source "lib/v4-core/src/interfaces/callback/IUnlockCallback.sol" not found: File not found. Searched the following locations: "/Users/Jorge/.codex/worktrees/omerta-rc1-closure/Omerta/omerta-contracts".
ParserError: Source "lib/v4-core/src/interfaces/callback/IUnlockCallback.sol" not found: File not found. Searched the following locations: "/Users/Jorge/.codex/worktrees/omerta-rc1-closure/Omerta/omerta-contracts".
  --> src/LiquidityBuybackExecutor.sol:11:1:
   |
11 | import {IUnlockCallback} from "v4-core/interfaces/callback/IUnlockCallback.sol";
   | ^^^^^^^^^^^^^^^^^^^^^^^^^^^^^^^^^^^^^^^^^^^^^^^^^^^^^^^^^^^^^^^^^^^^^^^^^^^^^^^^

Error (6275): Source "lib/v4-core/src/types/PoolKey.sol" not found: File not found. Searched the following locations: "/Users/Jorge/.codex/worktrees/omerta-rc1-closure/Omerta/omerta-contracts".
ParserError: Source "lib/v4-core/src/types/PoolKey.sol" not found: File not found. Searched the following locations: "/Users/Jorge/.codex/worktrees/omerta-rc1-closure/Omerta/omerta-contracts".
  --> src/LiquidityBuybackExecutor.sol:12:1:
   |
12 | import {PoolKey} from "v4-core/types/PoolKey.sol";
   | ^^^^^^^^^^^^^^^^^^^^^^^^^^^^^^^^^^^^^^^^^^^^^^^^^^

Error (6275): Source "lib/v4-core/src/types/PoolId.sol" not found: File not found. Searched the following locations: "/Users/Jorge/.codex/worktrees/omerta-rc1-closure/Omerta/omerta-contracts".
ParserError: Source "lib/v4-core/src/types/PoolId.sol" not found: File not found. Searched the following locations: "/Users/Jorge/.codex/worktrees/omerta-rc1-closure/Omerta/omerta-contracts".
  --> src/LiquidityBuybackExecutor.sol:13:1:
   |
13 | import {PoolId, PoolIdLibrary} from "v4-core/types/PoolId.sol";
   | ^^^^^^^^^^^^^^^^^^^^^^^^^^^^^^^^^^^^^^^^^^^^^^^^^^^^^^^^^^^^^^^

Error (6275): Source "lib/v4-core/src/types/Currency.sol" not found: File not found. Searched the following locations: "/Users/Jorge/.codex/worktrees/omerta-rc1-closure/Omerta/omerta-contracts".
ParserError: Source "lib/v4-core/src/types/Currency.sol" not found: File not found. Searched the following locations: "/Users/Jorge/.codex/worktrees/omerta-rc1-closure/Omerta/omerta-contracts".
  --> src/LiquidityBuybackExecutor.sol:14:1:
   |
14 | import {Currency} from "v4-core/types/Currency.sol";
   | ^^^^^^^^^^^^^^^^^^^^^^^^^^^^^^^^^^^^^^^^^^^^^^^^^^^^

Error (6275): Source "lib/v4-core/src/types/BalanceDelta.sol" not found: File not found. Searched the following locations: "/Users/Jorge/.codex/worktrees/omerta-rc1-closure/Omerta/omerta-contracts".
ParserError: Source "lib/v4-core/src/types/BalanceDelta.sol" not found: File not found. Searched the following locations: "/Users/Jorge/.codex/worktrees/omerta-rc1-closure/Omerta/omerta-contracts".
  --> src/LiquidityBuybackExecutor.sol:15:1:
   |
15 | import {BalanceDelta} from "v4-core/types/BalanceDelta.sol";
   | ^^^^^^^^^^^^^^^^^^^^^^^^^^^^^^^^^^^^^^^^^^^^^^^^^^^^^^^^^^^^

Error (6275): Source "lib/v4-core/src/types/PoolOperation.sol" not found: File not found. Searched the following locations: "/Users/Jorge/.codex/worktrees/omerta-rc1-closure/Omerta/omerta-contracts".
ParserError: Source "lib/v4-core/src/types/PoolOperation.sol" not found: File not found. Searched the following locations: "/Users/Jorge/.codex/worktrees/omerta-rc1-closure/Omerta/omerta-contracts".
  --> src/LiquidityBuybackExecutor.sol:16:1:
   |
16 | import {SwapParams} from "v4-core/types/PoolOperation.sol";
   | ^^^^^^^^^^^^^^^^^^^^^^^^^^^^^^^^^^^^^^^^^^^^^^^^^^^^^^^^^^^

Error (6275): Source "lib/v4-core/src/libraries/TickMath.sol" not found: File not found. Searched the following locations: "/Users/Jorge/.codex/worktrees/omerta-rc1-closure/Omerta/omerta-contracts".
ParserError: Source "lib/v4-core/src/libraries/TickMath.sol" not found: File not found. Searched the following locations: "/Users/Jorge/.codex/worktrees/omerta-rc1-closure/Omerta/omerta-contracts".
  --> src/LiquidityBuybackExecutor.sol:17:1:
   |
17 | import {TickMath} from "v4-core/libraries/TickMath.sol";
   | ^^^^^^^^^^^^^^^^^^^^^^^^^^^^^^^^^^^^^^^^^^^^^^^^^^^^^^^^

Error (6275): Source "lib/openzeppelin-contracts/contracts/token/ERC20/ERC20.sol" not found: File not found. Searched the following locations: "/Users/Jorge/.codex/worktrees/omerta-rc1-closure/Omerta/omerta-contracts".
ParserError: Source "lib/openzeppelin-contracts/contracts/token/ERC20/ERC20.sol" not found: File not found. Searched the following locations: "/Users/Jorge/.codex/worktrees/omerta-rc1-closure/Omerta/omerta-contracts".
 --> src/OMR.sol:4:1:
  |
4 | import {ERC20} from "@openzeppelin/contracts/token/ERC20/ERC20.sol";
  | ^^^^^^^^^^^^^^^^^^^^^^^^^^^^^^^^^^^^^^^^^^^^^^^^^^^^^^^^^^^^^^^^^^^^

Error (6275): Source "lib/openzeppelin-contracts/contracts/token/ERC20/extensions/ERC20Permit.sol" not found: File not found. Searched the following locations: "/Users/Jorge/.codex/worktrees/omerta-rc1-closure/Omerta/omerta-contracts".
ParserError: Source "lib/openzeppelin-contracts/contracts/token/ERC20/extensions/ERC20Permit.sol" not found: File not found. Searched the following locations: "/Users/Jorge/.codex/worktrees/omerta-rc1-closure/Omerta/omerta-contracts".
 --> src/OMR.sol:5:1:
  |
5 | import {ERC20Permit} from "@openzeppelin/contracts/token/ERC20/extensions/ERC20Permit.sol";
  | ^^^^^^^^^^^^^^^^^^^^^^^^^^^^^^^^^^^^^^^^^^^^^^^^^^^^^^^^^^^^^^^^^^^^^^^^^^^^^^^^^^^^^^^^^^^

Error (6275): Source "lib/openzeppelin-contracts/contracts/access/Ownable.sol" not found: File not found. Searched the following locations: "/Users/Jorge/.codex/worktrees/omerta-rc1-closure/Omerta/omerta-contracts".
ParserError: Source "lib/openzeppelin-contracts/contracts/access/Ownable.sol" not found: File not found. Searched the following locations: "/Users/Jorge/.codex/worktrees/omerta-rc1-closure/Omerta/omerta-contracts".
 --> src/OMR.sol:6:1:
  |
6 | import {Ownable} from "@openzeppelin/contracts/access/Ownable.sol";
  | ^^^^^^^^^^^^^^^^^^^^^^^^^^^^^^^^^^^^^^^^^^^^^^^^^^^^^^^^^^^^^^^^^^^

Error (6275): Source "lib/openzeppelin-contracts/contracts/access/Ownable2Step.sol" not found: File not found. Searched the following locations: "/Users/Jorge/.codex/worktrees/omerta-rc1-closure/Omerta/omerta-contracts".
ParserError: Source "lib/openzeppelin-contracts/contracts/access/Ownable2Step.sol" not found: File not found. Searched the following locations: "/Users/Jorge/.codex/worktrees/omerta-rc1-closure/Omerta/omerta-contracts".
 --> src/OMR.sol:7:1:
  |
7 | import {Ownable2Step} from "@openzeppelin/contracts/access/Ownable2Step.sol";
  | ^^^^^^^^^^^^^^^^^^^^^^^^^^^^^^^^^^^^^^^^^^^^^^^^^^^^^^^^^^^^^^^^^^^^^^^^^^^^^

Error (6275): Source "lib/openzeppelin-contracts/contracts/token/ERC20/utils/SafeERC20.sol" not found: File not found. Searched the following locations: "/Users/Jorge/.codex/worktrees/omerta-rc1-closure/Omerta/omerta-contracts".
ParserError: Source "lib/openzeppelin-contracts/contracts/token/ERC20/utils/SafeERC20.sol" not found: File not found. Searched the following locations: "/Users/Jorge/.codex/worktrees/omerta-rc1-closure/Omerta/omerta-contracts".
 --> src/OMRStaking.sol:4:1:
  |
4 | import {SafeERC20} from "@openzeppelin/contracts/token/ERC20/utils/SafeERC20.sol";
  | ^^^^^^^^^^^^^^^^^^^^^^^^^^^^^^^^^^^^^^^^^^^^^^^^^^^^^^^^^^^^^^^^^^^^^^^^^^^^^^^^^^

Error (6275): Source "lib/openzeppelin-contracts/contracts/token/ERC20/IERC20.sol" not found: File not found. Searched the following locations: "/Users/Jorge/.codex/worktrees/omerta-rc1-closure/Omerta/omerta-contracts".
ParserError: Source "lib/openzeppelin-contracts/contracts/token/ERC20/IERC20.sol" not found: File not found. Searched the following locations: "/Users/Jorge/.codex/worktrees/omerta-rc1-closure/Omerta/omerta-contracts".
 --> src/OMRStaking.sol:5:1:
  |
5 | import {IERC20} from "@openzeppelin/contracts/token/ERC20/IERC20.sol";
  | ^^^^^^^^^^^^^^^^^^^^^^^^^^^^^^^^^^^^^^^^^^^^^^^^^^^^^^^^^^^^^^^^^^^^^^

Error (6275): Source "lib/openzeppelin-contracts/contracts/access/Ownable2Step.sol" not found: File not found. Searched the following locations: "/Users/Jorge/.codex/worktrees/omerta-rc1-closure/Omerta/omerta-contracts".
ParserError: Source "lib/openzeppelin-contracts/contracts/access/Ownable2Step.sol" not found: File not found. Searched the following locations: "/Users/Jorge/.codex/worktrees/omerta-rc1-closure/Omerta/omerta-contracts".
 --> src/OMRStaking.sol:6:1:
  |
6 | import {Ownable2Step, Ownable} from "@openzeppelin/contracts/access/Ownable2Step.sol";
  | ^^^^^^^^^^^^^^^^^^^^^^^^^^^^^^^^^^^^^^^^^^^^^^^^^^^^^^^^^^^^^^^^^^^^^^^^^^^^^^^^^^^^^^

Error (6275): Source "lib/openzeppelin-contracts/contracts/utils/ReentrancyGuard.sol" not found: File not found. Searched the following locations: "/Users/Jorge/.codex/worktrees/omerta-rc1-closure/Omerta/omerta-contracts".
ParserError: Source "lib/openzeppelin-contracts/contracts/utils/ReentrancyGuard.sol" not found: File not found. Searched the following locations: "/Users/Jorge/.codex/worktrees/omerta-rc1-closure/Omerta/omerta-contracts".
 --> src/OMRStaking.sol:7:1:
  |
7 | import {ReentrancyGuard} from "@openzeppelin/contracts/utils/ReentrancyGuard.sol";
  | ^^^^^^^^^^^^^^^^^^^^^^^^^^^^^^^^^^^^^^^^^^^^^^^^^^^^^^^^^^^^^^^^^^^^^^^^^^^^^^^^^^

Error (6275): Source "lib/openzeppelin-contracts/contracts/utils/cryptography/EIP712.sol" not found: File not found. Searched the following locations: "/Users/Jorge/.codex/worktrees/omerta-rc1-closure/Omerta/omerta-contracts".
ParserError: Source "lib/openzeppelin-contracts/contracts/utils/cryptography/EIP712.sol" not found: File not found. Searched the following locations: "/Users/Jorge/.codex/worktrees/omerta-rc1-closure/Omerta/omerta-contracts".
 --> src/OmertaBond.sol:4:1:
  |
4 | import {EIP712} from "@openzeppelin/contracts/utils/cryptography/EIP712.sol";
  | ^^^^^^^^^^^^^^^^^^^^^^^^^^^^^^^^^^^^^^^^^^^^^^^^^^^^^^^^^^^^^^^^^^^^^^^^^^^^^

Error (6275): Source "lib/openzeppelin-contracts/contracts/utils/cryptography/ECDSA.sol" not found: File not found. Searched the following locations: "/Users/Jorge/.codex/worktrees/omerta-rc1-closure/Omerta/omerta-contracts".
ParserError: Source "lib/openzeppelin-contracts/contracts/utils/cryptography/ECDSA.sol" not found: File not found. Searched the following locations: "/Users/Jorge/.codex/worktrees/omerta-rc1-closure/Omerta/omerta-contracts".
 --> src/OmertaBond.sol:5:1:
  |
5 | import {ECDSA} from "@openzeppelin/contracts/utils/cryptography/ECDSA.sol";
  | ^^^^^^^^^^^^^^^^^^^^^^^^^^^^^^^^^^^^^^^^^^^^^^^^^^^^^^^^^^^^^^^^^^^^^^^^^^^

Error (6275): Source "lib/openzeppelin-contracts/contracts/token/ERC20/utils/SafeERC20.sol" not found: File not found. Searched the following locations: "/Users/Jorge/.codex/worktrees/omerta-rc1-closure/Omerta/omerta-contracts".
ParserError: Source "lib/openzeppelin-contracts/contracts/token/ERC20/utils/SafeERC20.sol" not found: File not found. Searched the following locations: "/Users/Jorge/.codex/worktrees/omerta-rc1-closure/Omerta/omerta-contracts".
 --> src/OmertaBond.sol:6:1:
  |
6 | import {SafeERC20} from "@openzeppelin/contracts/token/ERC20/utils/SafeERC20.sol";
  | ^^^^^^^^^^^^^^^^^^^^^^^^^^^^^^^^^^^^^^^^^^^^^^^^^^^^^^^^^^^^^^^^^^^^^^^^^^^^^^^^^^

Error (6275): Source "lib/openzeppelin-contracts/contracts/token/ERC20/IERC20.sol" not found: File not found. Searched the following locations: "/Users/Jorge/.codex/worktrees/omerta-rc1-closure/Omerta/omerta-contracts".
ParserError: Source "lib/openzeppelin-contracts/contracts/token/ERC20/IERC20.sol" not found: File not found. Searched the following locations: "/Users/Jorge/.codex/worktrees/omerta-rc1-closure/Omerta/omerta-contracts".
 --> src/OmertaBond.sol:7:1:
  |
7 | import {IERC20} from "@openzeppelin/contracts/token/ERC20/IERC20.sol";
  | ^^^^^^^^^^^^^^^^^^^^^^^^^^^^^^^^^^^^^^^^^^^^^^^^^^^^^^^^^^^^^^^^^^^^^^

Error (6275): Source "lib/openzeppelin-contracts/contracts/access/Ownable2Step.sol" not found: File not found. Searched the following locations: "/Users/Jorge/.codex/worktrees/omerta-rc1-closure/Omerta/omerta-contracts".
ParserError: Source "lib/openzeppelin-contracts/contracts/access/Ownable2Step.sol" not found: File not found. Searched the following locations: "/Users/Jorge/.codex/worktrees/omerta-rc1-closure/Omerta/omerta-contracts".
 --> src/OmertaBond.sol:8:1:
  |
8 | import {Ownable2Step, Ownable} from "@openzeppelin/contracts/access/Ownable2Step.sol";
  | ^^^^^^^^^^^^^^^^^^^^^^^^^^^^^^^^^^^^^^^^^^^^^^^^^^^^^^^^^^^^^^^^^^^^^^^^^^^^^^^^^^^^^^

Error (6275): Source "lib/openzeppelin-contracts/contracts/utils/Pausable.sol" not found: File not found. Searched the following locations: "/Users/Jorge/.codex/worktrees/omerta-rc1-closure/Omerta/omerta-contracts".
ParserError: Source "lib/openzeppelin-contracts/contracts/utils/Pausable.sol" not found: File not found. Searched the following locations: "/Users/Jorge/.codex/worktrees/omerta-rc1-closure/Omerta/omerta-contracts".
 --> src/OmertaBond.sol:9:1:
  |
9 | import {Pausable} from "@openzeppelin/contracts/utils/Pausable.sol";
  | ^^^^^^^^^^^^^^^^^^^^^^^^^^^^^^^^^^^^^^^^^^^^^^^^^^^^^^^^^^^^^^^^^^^^

Error (6275): Source "lib/openzeppelin-contracts/contracts/utils/ReentrancyGuard.sol" not found: File not found. Searched the following locations: "/Users/Jorge/.codex/worktrees/omerta-rc1-closure/Omerta/omerta-contracts".
ParserError: Source "lib/openzeppelin-contracts/contracts/utils/ReentrancyGuard.sol" not found: File not found. Searched the following locations: "/Users/Jorge/.codex/worktrees/omerta-rc1-closure/Omerta/omerta-contracts".
  --> src/OmertaBond.sol:10:1:
   |
10 | import {ReentrancyGuard} from "@openzeppelin/contracts/utils/ReentrancyGuard.sol";
   | ^^^^^^^^^^^^^^^^^^^^^^^^^^^^^^^^^^^^^^^^^^^^^^^^^^^^^^^^^^^^^^^^^^^^^^^^^^^^^^^^^^

Error (6275): Source "lib/openzeppelin-contracts/contracts/access/Ownable2Step.sol" not found: File not found. Searched the following locations: "/Users/Jorge/.codex/worktrees/omerta-rc1-closure/Omerta/omerta-contracts".
ParserError: Source "lib/openzeppelin-contracts/contracts/access/Ownable2Step.sol" not found: File not found. Searched the following locations: "/Users/Jorge/.codex/worktrees/omerta-rc1-closure/Omerta/omerta-contracts".
 --> src/OmertaFees.sol:4:1:
  |
4 | import {Ownable2Step, Ownable} from "@openzeppelin/contracts/access/Ownable2Step.sol";
  | ^^^^^^^^^^^^^^^^^^^^^^^^^^^^^^^^^^^^^^^^^^^^^^^^^^^^^^^^^^^^^^^^^^^^^^^^^^^^^^^^^^^^^^

Error (6275): Source "lib/openzeppelin-contracts/contracts/utils/ReentrancyGuard.sol" not found: File not found. Searched the following locations: "/Users/Jorge/.codex/worktrees/omerta-rc1-closure/Omerta/omerta-contracts".
ParserError: Source "lib/openzeppelin-contracts/contracts/utils/ReentrancyGuard.sol" not found: File not found. Searched the following locations: "/Users/Jorge/.codex/worktrees/omerta-rc1-closure/Omerta/omerta-contracts".
 --> src/OmertaFees.sol:5:1:
  |
5 | import {ReentrancyGuard} from "@openzeppelin/contracts/utils/ReentrancyGuard.sol";
  | ^^^^^^^^^^^^^^^^^^^^^^^^^^^^^^^^^^^^^^^^^^^^^^^^^^^^^^^^^^^^^^^^^^^^^^^^^^^^^^^^^^

Error (6275): Source "lib/openzeppelin-contracts/contracts/access/Ownable.sol" not found: File not found. Searched the following locations: "/Users/Jorge/.codex/worktrees/omerta-rc1-closure/Omerta/omerta-contracts".
ParserError: Source "lib/openzeppelin-contracts/contracts/access/Ownable.sol" not found: File not found. Searched the following locations: "/Users/Jorge/.codex/worktrees/omerta-rc1-closure/Omerta/omerta-contracts".
 --> src/OmertaHook.sol:4:1:
  |
4 | import {Ownable} from "@openzeppelin/contracts/access/Ownable.sol";
  | ^^^^^^^^^^^^^^^^^^^^^^^^^^^^^^^^^^^^^^^^^^^^^^^^^^^^^^^^^^^^^^^^^^^

Error (6275): Source "lib/openzeppelin-contracts/contracts/access/Ownable2Step.sol" not found: File not found. Searched the following locations: "/Users/Jorge/.codex/worktrees/omerta-rc1-closure/Omerta/omerta-contracts".
ParserError: Source "lib/openzeppelin-contracts/contracts/access/Ownable2Step.sol" not found: File not found. Searched the following locations: "/Users/Jorge/.codex/worktrees/omerta-rc1-closure/Omerta/omerta-contracts".
 --> src/OmertaHook.sol:5:1:
  |
5 | import {Ownable2Step} from "@openzeppelin/contracts/access/Ownable2Step.sol";
  | ^^^^^^^^^^^^^^^^^^^^^^^^^^^^^^^^^^^^^^^^^^^^^^^^^^^^^^^^^^^^^^^^^^^^^^^^^^^^^

Error (6275): Source "lib/openzeppelin-contracts/contracts/utils/introspection/IERC165.sol" not found: File not found. Searched the following locations: "/Users/Jorge/.codex/worktrees/omerta-rc1-closure/Omerta/omerta-contracts".
ParserError: Source "lib/openzeppelin-contracts/contracts/utils/introspection/IERC165.sol" not found: File not found. Searched the following locations: "/Users/Jorge/.codex/worktrees/omerta-rc1-closure/Omerta/omerta-contracts".
 --> src/OmertaHook.sol:6:1:
  |
6 | import {IERC165} from "@openzeppelin/contracts/utils/introspection/IERC165.sol";
  | ^^^^^^^^^^^^^^^^^^^^^^^^^^^^^^^^^^^^^^^^^^^^^^^^^^^^^^^^^^^^^^^^^^^^^^^^^^^^^^^^

Error (6275): Source "lib/v4-core/src/interfaces/IHooks.sol" not found: File not found. Searched the following locations: "/Users/Jorge/.codex/worktrees/omerta-rc1-closure/Omerta/omerta-contracts".
ParserError: Source "lib/v4-core/src/interfaces/IHooks.sol" not found: File not found. Searched the following locations: "/Users/Jorge/.codex/worktrees/omerta-rc1-closure/Omerta/omerta-contracts".
 --> src/OmertaHook.sol:7:1:
  |
7 | import {IHooks} from "v4-core/interfaces/IHooks.sol";
  | ^^^^^^^^^^^^^^^^^^^^^^^^^^^^^^^^^^^^^^^^^^^^^^^^^^^^^

Error (6275): Source "lib/v4-core/src/interfaces/IPoolManager.sol" not found: File not found. Searched the following locations: "/Users/Jorge/.codex/worktrees/omerta-rc1-closure/Omerta/omerta-contracts".
ParserError: Source "lib/v4-core/src/interfaces/IPoolManager.sol" not found: File not found. Searched the following locations: "/Users/Jorge/.codex/worktrees/omerta-rc1-closure/Omerta/omerta-contracts".
 --> src/OmertaHook.sol:8:1:
  |
8 | import {IPoolManager} from "v4-core/interfaces/IPoolManager.sol";
  | ^^^^^^^^^^^^^^^^^^^^^^^^^^^^^^^^^^^^^^^^^^^^^^^^^^^^^^^^^^^^^^^^^

Error (6275): Source "lib/v4-core/src/libraries/Hooks.sol" not found: File not found. Searched the following locations: "/Users/Jorge/.codex/worktrees/omerta-rc1-closure/Omerta/omerta-contracts".
ParserError: Source "lib/v4-core/src/libraries/Hooks.sol" not found: File not found. Searched the following locations: "/Users/Jorge/.codex/worktrees/omerta-rc1-closure/Omerta/omerta-contracts".
 --> src/OmertaHook.sol:9:1:
  |
9 | import {Hooks} from "v4-core/libraries/Hooks.sol";
  | ^^^^^^^^^^^^^^^^^^^^^^^^^^^^^^^^^^^^^^^^^^^^^^^^^^

Error (6275): Source "lib/v4-core/src/types/PoolKey.sol" not found: File not found. Searched the following locations: "/Users/Jorge/.codex/worktrees/omerta-rc1-closure/Omerta/omerta-contracts".
ParserError: Source "lib/v4-core/src/types/PoolKey.sol" not found: File not found. Searched the following locations: "/Users/Jorge/.codex/worktrees/omerta-rc1-closure/Omerta/omerta-contracts".
  --> src/OmertaHook.sol:10:1:
   |
10 | import {PoolKey} from "v4-core/types/PoolKey.sol";
   | ^^^^^^^^^^^^^^^^^^^^^^^^^^^^^^^^^^^^^^^^^^^^^^^^^^

Error (6275): Source "lib/v4-core/src/types/PoolId.sol" not found: File not found. Searched the following locations: "/Users/Jorge/.codex/worktrees/omerta-rc1-closure/Omerta/omerta-contracts".
ParserError: Source "lib/v4-core/src/types/PoolId.sol" not found: File not found. Searched the following locations: "/Users/Jorge/.codex/worktrees/omerta-rc1-closure/Omerta/omerta-contracts".
  --> src/OmertaHook.sol:11:1:
   |
11 | import {PoolId} from "v4-core/types/PoolId.sol";
   | ^^^^^^^^^^^^^^^^^^^^^^^^^^^^^^^^^^^^^^^^^^^^^^^^

Error (6275): Source "lib/v4-core/src/types/Currency.sol" not found: File not found. Searched the following locations: "/Users/Jorge/.codex/worktrees/omerta-rc1-closure/Omerta/omerta-contracts".
ParserError: Source "lib/v4-core/src/types/Currency.sol" not found: File not found. Searched the following locations: "/Users/Jorge/.codex/worktrees/omerta-rc1-closure/Omerta/omerta-contracts".
  --> src/OmertaHook.sol:12:1:
   |
12 | import {Currency} from "v4-core/types/Currency.sol";
   | ^^^^^^^^^^^^^^^^^^^^^^^^^^^^^^^^^^^^^^^^^^^^^^^^^^^^

Error (6275): Source "lib/v4-core/src/types/BalanceDelta.sol" not found: File not found. Searched the following locations: "/Users/Jorge/.codex/worktrees/omerta-rc1-closure/Omerta/omerta-contracts".
ParserError: Source "lib/v4-core/src/types/BalanceDelta.sol" not found: File not found. Searched the following locations: "/Users/Jorge/.codex/worktrees/omerta-rc1-closure/Omerta/omerta-contracts".
  --> src/OmertaHook.sol:13:1:
   |
13 | import {BalanceDelta} from "v4-core/types/BalanceDelta.sol";
   | ^^^^^^^^^^^^^^^^^^^^^^^^^^^^^^^^^^^^^^^^^^^^^^^^^^^^^^^^^^^^

Error (6275): Source "lib/v4-core/src/types/BeforeSwapDelta.sol" not found: File not found. Searched the following locations: "/Users/Jorge/.codex/worktrees/omerta-rc1-closure/Omerta/omerta-contracts".
ParserError: Source "lib/v4-core/src/types/BeforeSwapDelta.sol" not found: File not found. Searched the following locations: "/Users/Jorge/.codex/worktrees/omerta-rc1-closure/Omerta/omerta-contracts".
  --> src/OmertaHook.sol:14:1:
   |
14 | import {BeforeSwapDelta, BeforeSwapDeltaLibrary} from "v4-core/types/BeforeSwapDelta.sol";
   | ^^^^^^^^^^^^^^^^^^^^^^^^^^^^^^^^^^^^^^^^^^^^^^^^^^^^^^^^^^^^^^^^^^^^^^^^^^^^^^^^^^^^^^^^^^

Error (6275): Source "lib/v4-core/src/types/PoolOperation.sol" not found: File not found. Searched the following locations: "/Users/Jorge/.codex/worktrees/omerta-rc1-closure/Omerta/omerta-contracts".
ParserError: Source "lib/v4-core/src/types/PoolOperation.sol" not found: File not found. Searched the following locations: "/Users/Jorge/.codex/worktrees/omerta-rc1-closure/Omerta/omerta-contracts".
  --> src/OmertaHook.sol:15:1:
   |
15 | import {ModifyLiquidityParams, SwapParams} from "v4-core/types/PoolOperation.sol";
   | ^^^^^^^^^^^^^^^^^^^^^^^^^^^^^^^^^^^^^^^^^^^^^^^^^^^^^^^^^^^^^^^^^^^^^^^^^^^^^^^^^^

Error (6275): Source "lib/v4-core/src/libraries/StateLibrary.sol" not found: File not found. Searched the following locations: "/Users/Jorge/.codex/worktrees/omerta-rc1-closure/Omerta/omerta-contracts".
ParserError: Source "lib/v4-core/src/libraries/StateLibrary.sol" not found: File not found. Searched the following locations: "/Users/Jorge/.codex/worktrees/omerta-rc1-closure/Omerta/omerta-contracts".
  --> src/OmertaHook.sol:16:1:
   |
16 | import {StateLibrary} from "v4-core/libraries/StateLibrary.sol";
   | ^^^^^^^^^^^^^^^^^^^^^^^^^^^^^^^^^^^^^^^^^^^^^^^^^^^^^^^^^^^^^^^^

Error (6275): Source "lib/openzeppelin-contracts/contracts/utils/math/Math.sol" not found: File not found. Searched the following locations: "/Users/Jorge/.codex/worktrees/omerta-rc1-closure/Omerta/omerta-contracts".
ParserError: Source "lib/openzeppelin-contracts/contracts/utils/math/Math.sol" not found: File not found. Searched the following locations: "/Users/Jorge/.codex/worktrees/omerta-rc1-closure/Omerta/omerta-contracts".
 --> src/OmrTwapOracle.sol:5:1:
  |
5 | import {Math} from "@openzeppelin/contracts/utils/math/Math.sol";
  | ^^^^^^^^^^^^^^^^^^^^^^^^^^^^^^^^^^^^^^^^^^^^^^^^^^^^^^^^^^^^^^^^^

Error (6275): Source "lib/openzeppelin-contracts/contracts/token/ERC20/extensions/IERC20Metadata.sol" not found: File not found. Searched the following locations: "/Users/Jorge/.codex/worktrees/omerta-rc1-closure/Omerta/omerta-contracts".
ParserError: Source "lib/openzeppelin-contracts/contracts/token/ERC20/extensions/IERC20Metadata.sol" not found: File not found. Searched the following locations: "/Users/Jorge/.codex/worktrees/omerta-rc1-closure/Omerta/omerta-contracts".
 --> src/OmrTwapOracle.sol:6:1:
  |
6 | import {IERC20Metadata} from "@openzeppelin/contracts/token/ERC20/extensions/IERC20Metadata.sol";
  | ^^^^^^^^^^^^^^^^^^^^^^^^^^^^^^^^^^^^^^^^^^^^^^^^^^^^^^^^^^^^^^^^^^^^^^^^^^^^^^^^^^^^^^^^^^^^^^^^^

Error (6275): Source "lib/openzeppelin-contracts/contracts/access/Ownable2Step.sol" not found: File not found. Searched the following locations: "/Users/Jorge/.codex/worktrees/omerta-rc1-closure/Omerta/omerta-contracts".
ParserError: Source "lib/openzeppelin-contracts/contracts/access/Ownable2Step.sol" not found: File not found. Searched the following locations: "/Users/Jorge/.codex/worktrees/omerta-rc1-closure/Omerta/omerta-contracts".
 --> src/OmrTwapOracle.sol:7:1:
  |
7 | import {Ownable2Step, Ownable} from "@openzeppelin/contracts/access/Ownable2Step.sol";
  | ^^^^^^^^^^^^^^^^^^^^^^^^^^^^^^^^^^^^^^^^^^^^^^^^^^^^^^^^^^^^^^^^^^^^^^^^^^^^^^^^^^^^^^

Error (6275): Source "lib/openzeppelin-contracts/contracts/token/ERC20/extensions/IERC20Metadata.sol" not found: File not found. Searched the following locations: "/Users/Jorge/.codex/worktrees/omerta-rc1-closure/Omerta/omerta-contracts".
ParserError: Source "lib/openzeppelin-contracts/contracts/token/ERC20/extensions/IERC20Metadata.sol" not found: File not found. Searched the following locations: "/Users/Jorge/.codex/worktrees/omerta-rc1-closure/Omerta/omerta-contracts".
 --> src/OmrV4TwapOracle.sol:4:1:
  |
4 | import {IERC20Metadata} from "@openzeppelin/contracts/token/ERC20/extensions/IERC20Metadata.sol";
  | ^^^^^^^^^^^^^^^^^^^^^^^^^^^^^^^^^^^^^^^^^^^^^^^^^^^^^^^^^^^^^^^^^^^^^^^^^^^^^^^^^^^^^^^^^^^^^^^^^

Error (6275): Source "lib/openzeppelin-contracts/contracts/utils/introspection/IERC165.sol" not found: File not found. Searched the following locations: "/Users/Jorge/.codex/worktrees/omerta-rc1-closure/Omerta/omerta-contracts".
ParserError: Source "lib/openzeppelin-contracts/contracts/utils/introspection/IERC165.sol" not found: File not found. Searched the following locations: "/Users/Jorge/.codex/worktrees/omerta-rc1-closure/Omerta/omerta-contracts".
 --> src/OmrV4TwapOracle.sol:5:1:
  |
5 | import {IERC165} from "@openzeppelin/contracts/utils/introspection/IERC165.sol";
  | ^^^^^^^^^^^^^^^^^^^^^^^^^^^^^^^^^^^^^^^^^^^^^^^^^^^^^^^^^^^^^^^^^^^^^^^^^^^^^^^^

Error (6275): Source "lib/openzeppelin-contracts/contracts/utils/math/Math.sol" not found: File not found. Searched the following locations: "/Users/Jorge/.codex/worktrees/omerta-rc1-closure/Omerta/omerta-contracts".
ParserError: Source "lib/openzeppelin-contracts/contracts/utils/math/Math.sol" not found: File not found. Searched the following locations: "/Users/Jorge/.codex/worktrees/omerta-rc1-closure/Omerta/omerta-contracts".
 --> src/OmrV4TwapOracle.sol:6:1:
  |
6 | import {Math} from "@openzeppelin/contracts/utils/math/Math.sol";
  | ^^^^^^^^^^^^^^^^^^^^^^^^^^^^^^^^^^^^^^^^^^^^^^^^^^^^^^^^^^^^^^^^^

Error (6275): Source "lib/v4-core/src/interfaces/IHooks.sol" not found: File not found. Searched the following locations: "/Users/Jorge/.codex/worktrees/omerta-rc1-closure/Omerta/omerta-contracts".
ParserError: Source "lib/v4-core/src/interfaces/IHooks.sol" not found: File not found. Searched the following locations: "/Users/Jorge/.codex/worktrees/omerta-rc1-closure/Omerta/omerta-contracts".
 --> src/OmrV4TwapOracle.sol:7:1:
  |
7 | import {IHooks} from "v4-core/interfaces/IHooks.sol";
  | ^^^^^^^^^^^^^^^^^^^^^^^^^^^^^^^^^^^^^^^^^^^^^^^^^^^^^

Error (6275): Source "lib/v4-core/src/interfaces/IPoolManager.sol" not found: File not found. Searched the following locations: "/Users/Jorge/.codex/worktrees/omerta-rc1-closure/Omerta/omerta-contracts".
ParserError: Source "lib/v4-core/src/interfaces/IPoolManager.sol" not found: File not found. Searched the following locations: "/Users/Jorge/.codex/worktrees/omerta-rc1-closure/Omerta/omerta-contracts".
 --> src/OmrV4TwapOracle.sol:8:1:
  |
8 | import {IPoolManager} from "v4-core/interfaces/IPoolManager.sol";
  | ^^^^^^^^^^^^^^^^^^^^^^^^^^^^^^^^^^^^^^^^^^^^^^^^^^^^^^^^^^^^^^^^^

Error (6275): Source "lib/v4-core/src/libraries/TickMath.sol" not found: File not found. Searched the following locations: "/Users/Jorge/.codex/worktrees/omerta-rc1-closure/Omerta/omerta-contracts".
ParserError: Source "lib/v4-core/src/libraries/TickMath.sol" not found: File not found. Searched the following locations: "/Users/Jorge/.codex/worktrees/omerta-rc1-closure/Omerta/omerta-contracts".
 --> src/OmrV4TwapOracle.sol:9:1:
  |
9 | import {TickMath} from "v4-core/libraries/TickMath.sol";
  | ^^^^^^^^^^^^^^^^^^^^^^^^^^^^^^^^^^^^^^^^^^^^^^^^^^^^^^^^

Error (6275): Source "lib/v4-core/src/types/Currency.sol" not found: File not found. Searched the following locations: "/Users/Jorge/.codex/worktrees/omerta-rc1-closure/Omerta/omerta-contracts".
ParserError: Source "lib/v4-core/src/types/Currency.sol" not found: File not found. Searched the following locations: "/Users/Jorge/.codex/worktrees/omerta-rc1-closure/Omerta/omerta-contracts".
  --> src/OmrV4TwapOracle.sol:10:1:
   |
10 | import {Currency} from "v4-core/types/Currency.sol";
   | ^^^^^^^^^^^^^^^^^^^^^^^^^^^^^^^^^^^^^^^^^^^^^^^^^^^^

Error (6275): Source "lib/v4-core/src/types/PoolId.sol" not found: File not found. Searched the following locations: "/Users/Jorge/.codex/worktrees/omerta-rc1-closure/Omerta/omerta-contracts".
ParserError: Source "lib/v4-core/src/types/PoolId.sol" not found: File not found. Searched the following locations: "/Users/Jorge/.codex/worktrees/omerta-rc1-closure/Omerta/omerta-contracts".
  --> src/OmrV4TwapOracle.sol:11:1:
   |
11 | import {PoolId, PoolIdLibrary} from "v4-core/types/PoolId.sol";
   | ^^^^^^^^^^^^^^^^^^^^^^^^^^^^^^^^^^^^^^^^^^^^^^^^^^^^^^^^^^^^^^^

Error (6275): Source "lib/v4-core/src/types/PoolKey.sol" not found: File not found. Searched the following locations: "/Users/Jorge/.codex/worktrees/omerta-rc1-closure/Omerta/omerta-contracts".
ParserError: Source "lib/v4-core/src/types/PoolKey.sol" not found: File not found. Searched the following locations: "/Users/Jorge/.codex/worktrees/omerta-rc1-closure/Omerta/omerta-contracts".
  --> src/OmrV4TwapOracle.sol:12:1:
   |
12 | import {PoolKey} from "v4-core/types/PoolKey.sol";
   | ^^^^^^^^^^^^^^^^^^^^^^^^^^^^^^^^^^^^^^^^^^^^^^^^^^

Error (6275): Source "lib/openzeppelin-contracts/contracts/token/ERC20/IERC20.sol" not found: File not found. Searched the following locations: "/Users/Jorge/.codex/worktrees/omerta-rc1-closure/Omerta/omerta-contracts".
ParserError: Source "lib/openzeppelin-contracts/contracts/token/ERC20/IERC20.sol" not found: File not found. Searched the following locations: "/Users/Jorge/.codex/worktrees/omerta-rc1-closure/Omerta/omerta-contracts".
 --> src/RwaStockBuyer.sol:4:1:
  |
4 | import {IERC20} from "@openzeppelin/contracts/token/ERC20/IERC20.sol";
  | ^^^^^^^^^^^^^^^^^^^^^^^^^^^^^^^^^^^^^^^^^^^^^^^^^^^^^^^^^^^^^^^^^^^^^^

Error (6275): Source "lib/openzeppelin-contracts/contracts/token/ERC20/utils/SafeERC20.sol" not found: File not found. Searched the following locations: "/Users/Jorge/.codex/worktrees/omerta-rc1-closure/Omerta/omerta-contracts".
ParserError: Source "lib/openzeppelin-contracts/contracts/token/ERC20/utils/SafeERC20.sol" not found: File not found. Searched the following locations: "/Users/Jorge/.codex/worktrees/omerta-rc1-closure/Omerta/omerta-contracts".
 --> src/RwaStockBuyer.sol:5:1:
  |
5 | import {SafeERC20} from "@openzeppelin/contracts/token/ERC20/utils/SafeERC20.sol";
  | ^^^^^^^^^^^^^^^^^^^^^^^^^^^^^^^^^^^^^^^^^^^^^^^^^^^^^^^^^^^^^^^^^^^^^^^^^^^^^^^^^^

Error (6275): Source "lib/openzeppelin-contracts/contracts/access/Ownable2Step.sol" not found: File not found. Searched the following locations: "/Users/Jorge/.codex/worktrees/omerta-rc1-closure/Omerta/omerta-contracts".
ParserError: Source "lib/openzeppelin-contracts/contracts/access/Ownable2Step.sol" not found: File not found. Searched the following locations: "/Users/Jorge/.codex/worktrees/omerta-rc1-closure/Omerta/omerta-contracts".
 --> src/RwaStockBuyer.sol:6:1:
  |
6 | import {Ownable2Step, Ownable} from "@openzeppelin/contracts/access/Ownable2Step.sol";
  | ^^^^^^^^^^^^^^^^^^^^^^^^^^^^^^^^^^^^^^^^^^^^^^^^^^^^^^^^^^^^^^^^^^^^^^^^^^^^^^^^^^^^^^

Error (6275): Source "lib/openzeppelin-contracts/contracts/utils/Pausable.sol" not found: File not found. Searched the following locations: "/Users/Jorge/.codex/worktrees/omerta-rc1-closure/Omerta/omerta-contracts".
ParserError: Source "lib/openzeppelin-contracts/contracts/utils/Pausable.sol" not found: File not found. Searched the following locations: "/Users/Jorge/.codex/worktrees/omerta-rc1-closure/Omerta/omerta-contracts".
 --> src/RwaStockBuyer.sol:7:1:
  |
7 | import {Pausable} from "@openzeppelin/contracts/utils/Pausable.sol";
  | ^^^^^^^^^^^^^^^^^^^^^^^^^^^^^^^^^^^^^^^^^^^^^^^^^^^^^^^^^^^^^^^^^^^^

Error (6275): Source "lib/openzeppelin-contracts/contracts/utils/ReentrancyGuard.sol" not found: File not found. Searched the following locations: "/Users/Jorge/.codex/worktrees/omerta-rc1-closure/Omerta/omerta-contracts".
ParserError: Source "lib/openzeppelin-contracts/contracts/utils/ReentrancyGuard.sol" not found: File not found. Searched the following locations: "/Users/Jorge/.codex/worktrees/omerta-rc1-closure/Omerta/omerta-contracts".
 --> src/RwaStockBuyer.sol:8:1:
  |
8 | import {ReentrancyGuard} from "@openzeppelin/contracts/utils/ReentrancyGuard.sol";
  | ^^^^^^^^^^^^^^^^^^^^^^^^^^^^^^^^^^^^^^^^^^^^^^^^^^^^^^^^^^^^^^^^^^^^^^^^^^^^^^^^^^

Error (6275): Source "lib/openzeppelin-contracts/contracts/access/Ownable.sol" not found: File not found. Searched the following locations: "/Users/Jorge/.codex/worktrees/omerta-rc1-closure/Omerta/omerta-contracts".
ParserError: Source "lib/openzeppelin-contracts/contracts/access/Ownable.sol" not found: File not found. Searched the following locations: "/Users/Jorge/.codex/worktrees/omerta-rc1-closure/Omerta/omerta-contracts".
 --> src/SettlementGasPool.sol:4:1:
  |
4 | import {Ownable} from "@openzeppelin/contracts/access/Ownable.sol";
  | ^^^^^^^^^^^^^^^^^^^^^^^^^^^^^^^^^^^^^^^^^^^^^^^^^^^^^^^^^^^^^^^^^^^

Error (6275): Source "lib/openzeppelin-contracts/contracts/access/Ownable2Step.sol" not found: File not found. Searched the following locations: "/Users/Jorge/.codex/worktrees/omerta-rc1-closure/Omerta/omerta-contracts".
ParserError: Source "lib/openzeppelin-contracts/contracts/access/Ownable2Step.sol" not found: File not found. Searched the following locations: "/Users/Jorge/.codex/worktrees/omerta-rc1-closure/Omerta/omerta-contracts".
 --> src/SettlementGasPool.sol:5:1:
  |
5 | import {Ownable2Step} from "@openzeppelin/contracts/access/Ownable2Step.sol";
  | ^^^^^^^^^^^^^^^^^^^^^^^^^^^^^^^^^^^^^^^^^^^^^^^^^^^^^^^^^^^^^^^^^^^^^^^^^^^^^

Error (6275): Source "lib/openzeppelin-contracts/contracts/utils/Pausable.sol" not found: File not found. Searched the following locations: "/Users/Jorge/.codex/worktrees/omerta-rc1-closure/Omerta/omerta-contracts".
ParserError: Source "lib/openzeppelin-contracts/contracts/utils/Pausable.sol" not found: File not found. Searched the following locations: "/Users/Jorge/.codex/worktrees/omerta-rc1-closure/Omerta/omerta-contracts".
 --> src/SettlementGasPool.sol:6:1:
  |
6 | import {Pausable} from "@openzeppelin/contracts/utils/Pausable.sol";
  | ^^^^^^^^^^^^^^^^^^^^^^^^^^^^^^^^^^^^^^^^^^^^^^^^^^^^^^^^^^^^^^^^^^^^

Error (6275): Source "lib/openzeppelin-contracts/contracts/utils/ReentrancyGuard.sol" not found: File not found. Searched the following locations: "/Users/Jorge/.codex/worktrees/omerta-rc1-closure/Omerta/omerta-contracts".
ParserError: Source "lib/openzeppelin-contracts/contracts/utils/ReentrancyGuard.sol" not found: File not found. Searched the following locations: "/Users/Jorge/.codex/worktrees/omerta-rc1-closure/Omerta/omerta-contracts".
 --> src/SettlementGasPool.sol:7:1:
  |
7 | import {ReentrancyGuard} from "@openzeppelin/contracts/utils/ReentrancyGuard.sol";
  | ^^^^^^^^^^^^^^^^^^^^^^^^^^^^^^^^^^^^^^^^^^^^^^^^^^^^^^^^^^^^^^^^^^^^^^^^^^^^^^^^^^

Error (6275): Source "lib/openzeppelin-contracts/contracts/access/Ownable2Step.sol" not found: File not found. Searched the following locations: "/Users/Jorge/.codex/worktrees/omerta-rc1-closure/Omerta/omerta-contracts".
ParserError: Source "lib/openzeppelin-contracts/contracts/access/Ownable2Step.sol" not found: File not found. Searched the following locations: "/Users/Jorge/.codex/worktrees/omerta-rc1-closure/Omerta/omerta-contracts".
 --> src/StockTokenRegistry.sol:4:1:
  |
4 | import {Ownable2Step, Ownable} from "@openzeppelin/contracts/access/Ownable2Step.sol";
  | ^^^^^^^^^^^^^^^^^^^^^^^^^^^^^^^^^^^^^^^^^^^^^^^^^^^^^^^^^^^^^^^^^^^^^^^^^^^^^^^^^^^^^^

Error (6275): Source "lib/openzeppelin-contracts/contracts/access/Ownable2Step.sol" not found: File not found. Searched the following locations: "/Users/Jorge/.codex/worktrees/omerta-rc1-closure/Omerta/omerta-contracts".
ParserError: Source "lib/openzeppelin-contracts/contracts/access/Ownable2Step.sol" not found: File not found. Searched the following locations: "/Users/Jorge/.codex/worktrees/omerta-rc1-closure/Omerta/omerta-contracts".
 --> src/StockTokenRegistryV2.sol:4:1:
  |
4 | import {Ownable2Step, Ownable} from "@openzeppelin/contracts/access/Ownable2Step.sol";
  | ^^^^^^^^^^^^^^^^^^^^^^^^^^^^^^^^^^^^^^^^^^^^^^^^^^^^^^^^^^^^^^^^^^^^^^^^^^^^^^^^^^^^^^

Error (6275): Source "lib/openzeppelin-contracts/contracts/token/ERC20/extensions/IERC20Metadata.sol" not found: File not found. Searched the following locations: "/Users/Jorge/.codex/worktrees/omerta-rc1-closure/Omerta/omerta-contracts".
ParserError: Source "lib/openzeppelin-contracts/contracts/token/ERC20/extensions/IERC20Metadata.sol" not found: File not found. Searched the following locations: "/Users/Jorge/.codex/worktrees/omerta-rc1-closure/Omerta/omerta-contracts".
 --> src/StockTokenRegistryV2.sol:5:1:
  |
5 | import {IERC20Metadata} from "@openzeppelin/contracts/token/ERC20/extensions/IERC20Metadata.sol";
  | ^^^^^^^^^^^^^^^^^^^^^^^^^^^^^^^^^^^^^^^^^^^^^^^^^^^^^^^^^^^^^^^^^^^^^^^^^^^^^^^^^^^^^^^^^^^^^^^^^

Error (6275): Source "lib/openzeppelin-contracts/contracts/token/ERC20/utils/SafeERC20.sol" not found: File not found. Searched the following locations: "/Users/Jorge/.codex/worktrees/omerta-rc1-closure/Omerta/omerta-contracts".
ParserError: Source "lib/openzeppelin-contracts/contracts/token/ERC20/utils/SafeERC20.sol" not found: File not found. Searched the following locations: "/Users/Jorge/.codex/worktrees/omerta-rc1-closure/Omerta/omerta-contracts".
 --> src/StockVault.sol:4:1:
  |
4 | import {SafeERC20} from "@openzeppelin/contracts/token/ERC20/utils/SafeERC20.sol";
  | ^^^^^^^^^^^^^^^^^^^^^^^^^^^^^^^^^^^^^^^^^^^^^^^^^^^^^^^^^^^^^^^^^^^^^^^^^^^^^^^^^^

Error (6275): Source "lib/openzeppelin-contracts/contracts/token/ERC20/IERC20.sol" not found: File not found. Searched the following locations: "/Users/Jorge/.codex/worktrees/omerta-rc1-closure/Omerta/omerta-contracts".
ParserError: Source "lib/openzeppelin-contracts/contracts/token/ERC20/IERC20.sol" not found: File not found. Searched the following locations: "/Users/Jorge/.codex/worktrees/omerta-rc1-closure/Omerta/omerta-contracts".
 --> src/StockVault.sol:5:1:
  |
5 | import {IERC20} from "@openzeppelin/contracts/token/ERC20/IERC20.sol";
  | ^^^^^^^^^^^^^^^^^^^^^^^^^^^^^^^^^^^^^^^^^^^^^^^^^^^^^^^^^^^^^^^^^^^^^^

Error (6275): Source "lib/openzeppelin-contracts/contracts/access/Ownable2Step.sol" not found: File not found. Searched the following locations: "/Users/Jorge/.codex/worktrees/omerta-rc1-closure/Omerta/omerta-contracts".
ParserError: Source "lib/openzeppelin-contracts/contracts/access/Ownable2Step.sol" not found: File not found. Searched the following locations: "/Users/Jorge/.codex/worktrees/omerta-rc1-closure/Omerta/omerta-contracts".
 --> src/StockVault.sol:6:1:
  |
6 | import {Ownable2Step, Ownable} from "@openzeppelin/contracts/access/Ownable2Step.sol";
  | ^^^^^^^^^^^^^^^^^^^^^^^^^^^^^^^^^^^^^^^^^^^^^^^^^^^^^^^^^^^^^^^^^^^^^^^^^^^^^^^^^^^^^^

Error (6275): Source "lib/openzeppelin-contracts/contracts/utils/Pausable.sol" not found: File not found. Searched the following locations: "/Users/Jorge/.codex/worktrees/omerta-rc1-closure/Omerta/omerta-contracts".
ParserError: Source "lib/openzeppelin-contracts/contracts/utils/Pausable.sol" not found: File not found. Searched the following locations: "/Users/Jorge/.codex/worktrees/omerta-rc1-closure/Omerta/omerta-contracts".
 --> src/StockVault.sol:7:1:
  |
7 | import {Pausable} from "@openzeppelin/contracts/utils/Pausable.sol";
  | ^^^^^^^^^^^^^^^^^^^^^^^^^^^^^^^^^^^^^^^^^^^^^^^^^^^^^^^^^^^^^^^^^^^^

Error (6275): Source "lib/openzeppelin-contracts/contracts/utils/ReentrancyGuard.sol" not found: File not found. Searched the following locations: "/Users/Jorge/.codex/worktrees/omerta-rc1-closure/Omerta/omerta-contracts".
ParserError: Source "lib/openzeppelin-contracts/contracts/utils/ReentrancyGuard.sol" not found: File not found. Searched the following locations: "/Users/Jorge/.codex/worktrees/omerta-rc1-closure/Omerta/omerta-contracts".
 --> src/StockVault.sol:8:1:
  |
8 | import {ReentrancyGuard} from "@openzeppelin/contracts/utils/ReentrancyGuard.sol";
  | ^^^^^^^^^^^^^^^^^^^^^^^^^^^^^^^^^^^^^^^^^^^^^^^^^^^^^^^^^^^^^^^^^^^^^^^^^^^^^^^^^^

Error (6275): Source "lib/openzeppelin-contracts/contracts/utils/cryptography/EIP712.sol" not found: File not found. Searched the following locations: "/Users/Jorge/.codex/worktrees/omerta-rc1-closure/Omerta/omerta-contracts".
ParserError: Source "lib/openzeppelin-contracts/contracts/utils/cryptography/EIP712.sol" not found: File not found. Searched the following locations: "/Users/Jorge/.codex/worktrees/omerta-rc1-closure/Omerta/omerta-contracts".
 --> src/StockVault.sol:9:1:
  |
9 | import {EIP712} from "@openzeppelin/contracts/utils/cryptography/EIP712.sol";
  | ^^^^^^^^^^^^^^^^^^^^^^^^^^^^^^^^^^^^^^^^^^^^^^^^^^^^^^^^^^^^^^^^^^^^^^^^^^^^^

Error (6275): Source "lib/openzeppelin-contracts/contracts/utils/cryptography/ECDSA.sol" not found: File not found. Searched the following locations: "/Users/Jorge/.codex/worktrees/omerta-rc1-closure/Omerta/omerta-contracts".
ParserError: Source "lib/openzeppelin-contracts/contracts/utils/cryptography/ECDSA.sol" not found: File not found. Searched the following locations: "/Users/Jorge/.codex/worktrees/omerta-rc1-closure/Omerta/omerta-contracts".
  --> src/StockVault.sol:10:1:
   |
10 | import {ECDSA} from "@openzeppelin/contracts/utils/cryptography/ECDSA.sol";
   | ^^^^^^^^^^^^^^^^^^^^^^^^^^^^^^^^^^^^^^^^^^^^^^^^^^^^^^^^^^^^^^^^^^^^^^^^^^^

Error (6275): Source "lib/openzeppelin-contracts/contracts/token/ERC721/ERC721.sol" not found: File not found. Searched the following locations: "/Users/Jorge/.codex/worktrees/omerta-rc1-closure/Omerta/omerta-contracts".
ParserError: Source "lib/openzeppelin-contracts/contracts/token/ERC721/ERC721.sol" not found: File not found. Searched the following locations: "/Users/Jorge/.codex/worktrees/omerta-rc1-closure/Omerta/omerta-contracts".
 --> src/StreetDeed.sol:4:1:
  |
4 | import {ERC721} from "@openzeppelin/contracts/token/ERC721/ERC721.sol";
  | ^^^^^^^^^^^^^^^^^^^^^^^^^^^^^^^^^^^^^^^^^^^^^^^^^^^^^^^^^^^^^^^^^^^^^^^

Error (6275): Source "lib/openzeppelin-contracts/contracts/utils/cryptography/EIP712.sol" not found: File not found. Searched the following locations: "/Users/Jorge/.codex/worktrees/omerta-rc1-closure/Omerta/omerta-contracts".
ParserError: Source "lib/openzeppelin-contracts/contracts/utils/cryptography/EIP712.sol" not found: File not found. Searched the following locations: "/Users/Jorge/.codex/worktrees/omerta-rc1-closure/Omerta/omerta-contracts".
 --> src/StreetDeed.sol:5:1:
  |
5 | import {EIP712} from "@openzeppelin/contracts/utils/cryptography/EIP712.sol";
  | ^^^^^^^^^^^^^^^^^^^^^^^^^^^^^^^^^^^^^^^^^^^^^^^^^^^^^^^^^^^^^^^^^^^^^^^^^^^^^

Error (6275): Source "lib/openzeppelin-contracts/contracts/utils/cryptography/ECDSA.sol" not found: File not found. Searched the following locations: "/Users/Jorge/.codex/worktrees/omerta-rc1-closure/Omerta/omerta-contracts".
ParserError: Source "lib/openzeppelin-contracts/contracts/utils/cryptography/ECDSA.sol" not found: File not found. Searched the following locations: "/Users/Jorge/.codex/worktrees/omerta-rc1-closure/Omerta/omerta-contracts".
 --> src/StreetDeed.sol:6:1:
  |
6 | import {ECDSA} from "@openzeppelin/contracts/utils/cryptography/ECDSA.sol";
  | ^^^^^^^^^^^^^^^^^^^^^^^^^^^^^^^^^^^^^^^^^^^^^^^^^^^^^^^^^^^^^^^^^^^^^^^^^^^

Error (6275): Source "lib/openzeppelin-contracts/contracts/access/Ownable2Step.sol" not found: File not found. Searched the following locations: "/Users/Jorge/.codex/worktrees/omerta-rc1-closure/Omerta/omerta-contracts".
ParserError: Source "lib/openzeppelin-contracts/contracts/access/Ownable2Step.sol" not found: File not found. Searched the following locations: "/Users/Jorge/.codex/worktrees/omerta-rc1-closure/Omerta/omerta-contracts".
 --> src/StreetDeed.sol:7:1:
  |
7 | import {Ownable2Step, Ownable} from "@openzeppelin/contracts/access/Ownable2Step.sol";
  | ^^^^^^^^^^^^^^^^^^^^^^^^^^^^^^^^^^^^^^^^^^^^^^^^^^^^^^^^^^^^^^^^^^^^^^^^^^^^^^^^^^^^^^

Error (6275): Source "lib/openzeppelin-contracts/contracts/utils/Pausable.sol" not found: File not found. Searched the following locations: "/Users/Jorge/.codex/worktrees/omerta-rc1-closure/Omerta/omerta-contracts".
ParserError: Source "lib/openzeppelin-contracts/contracts/utils/Pausable.sol" not found: File not found. Searched the following locations: "/Users/Jorge/.codex/worktrees/omerta-rc1-closure/Omerta/omerta-contracts".
 --> src/StreetDeed.sol:8:1:
  |
8 | import {Pausable} from "@openzeppelin/contracts/utils/Pausable.sol";
  | ^^^^^^^^^^^^^^^^^^^^^^^^^^^^^^^^^^^^^^^^^^^^^^^^^^^^^^^^^^^^^^^^^^^^

Error (6275): Source "lib/openzeppelin-contracts/contracts/utils/ReentrancyGuard.sol" not found: File not found. Searched the following locations: "/Users/Jorge/.codex/worktrees/omerta-rc1-closure/Omerta/omerta-contracts".
ParserError: Source "lib/openzeppelin-contracts/contracts/utils/ReentrancyGuard.sol" not found: File not found. Searched the following locations: "/Users/Jorge/.codex/worktrees/omerta-rc1-closure/Omerta/omerta-contracts".
 --> src/StreetDeed.sol:9:1:
  |
9 | import {ReentrancyGuard} from "@openzeppelin/contracts/utils/ReentrancyGuard.sol";
  | ^^^^^^^^^^^^^^^^^^^^^^^^^^^^^^^^^^^^^^^^^^^^^^^^^^^^^^^^^^^^^^^^^^^^^^^^^^^^^^^^^^

Error (6275): Source "lib/openzeppelin-contracts/contracts/utils/Strings.sol" not found: File not found. Searched the following locations: "/Users/Jorge/.codex/worktrees/omerta-rc1-closure/Omerta/omerta-contracts".
ParserError: Source "lib/openzeppelin-contracts/contracts/utils/Strings.sol" not found: File not found. Searched the following locations: "/Users/Jorge/.codex/worktrees/omerta-rc1-closure/Omerta/omerta-contracts".
  --> src/StreetDeed.sol:10:1:
   |
10 | import {Strings} from "@openzeppelin/contracts/utils/Strings.sol";
   | ^^^^^^^^^^^^^^^^^^^^^^^^^^^^^^^^^^^^^^^^^^^^^^^^^^^^^^^^^^^^^^^^^^

Error (6275): Source "lib/openzeppelin-contracts/contracts/utils/Base64.sol" not found: File not found. Searched the following locations: "/Users/Jorge/.codex/worktrees/omerta-rc1-closure/Omerta/omerta-contracts".
ParserError: Source "lib/openzeppelin-contracts/contracts/utils/Base64.sol" not found: File not found. Searched the following locations: "/Users/Jorge/.codex/worktrees/omerta-rc1-closure/Omerta/omerta-contracts".
  --> src/StreetDeed.sol:11:1:
   |
11 | import {Base64} from "@openzeppelin/contracts/utils/Base64.sol";
   | ^^^^^^^^^^^^^^^^^^^^^^^^^^^^^^^^^^^^^^^^^^^^^^^^^^^^^^^^^^^^^^^^

Error (6275): Source "lib/openzeppelin-contracts/contracts/interfaces/IERC20.sol" not found: File not found. Searched the following locations: "/Users/Jorge/.codex/worktrees/omerta-rc1-closure/Omerta/omerta-contracts".
ParserError: Source "lib/openzeppelin-contracts/contracts/interfaces/IERC20.sol" not found: File not found. Searched the following locations: "/Users/Jorge/.codex/worktrees/omerta-rc1-closure/Omerta/omerta-contracts".
 --> src/Transmuter.sol:4:1:
  |
4 | import {IERC20} from "@openzeppelin/contracts/interfaces/IERC20.sol";
  | ^^^^^^^^^^^^^^^^^^^^^^^^^^^^^^^^^^^^^^^^^^^^^^^^^^^^^^^^^^^^^^^^^^^^^

Error (6275): Source "lib/openzeppelin-contracts/contracts/interfaces/IERC20Metadata.sol" not found: File not found. Searched the following locations: "/Users/Jorge/.codex/worktrees/omerta-rc1-closure/Omerta/omerta-contracts".
ParserError: Source "lib/openzeppelin-contracts/contracts/interfaces/IERC20Metadata.sol" not found: File not found. Searched the following locations: "/Users/Jorge/.codex/worktrees/omerta-rc1-closure/Omerta/omerta-contracts".
 --> src/Transmuter.sol:5:1:
  |
5 | import {IERC20Metadata} from "@openzeppelin/contracts/interfaces/IERC20Metadata.sol";
  | ^^^^^^^^^^^^^^^^^^^^^^^^^^^^^^^^^^^^^^^^^^^^^^^^^^^^^^^^^^^^^^^^^^^^^^^^^^^^^^^^^^^^^

Error (6275): Source "lib/openzeppelin-contracts/contracts/token/ERC20/utils/SafeERC20.sol" not found: File not found. Searched the following locations: "/Users/Jorge/.codex/worktrees/omerta-rc1-closure/Omerta/omerta-contracts".
ParserError: Source "lib/openzeppelin-contracts/contracts/token/ERC20/utils/SafeERC20.sol" not found: File not found. Searched the following locations: "/Users/Jorge/.codex/worktrees/omerta-rc1-closure/Omerta/omerta-contracts".
 --> src/Transmuter.sol:6:1:
  |
6 | import {SafeERC20} from "@openzeppelin/contracts/token/ERC20/utils/SafeERC20.sol";
  | ^^^^^^^^^^^^^^^^^^^^^^^^^^^^^^^^^^^^^^^^^^^^^^^^^^^^^^^^^^^^^^^^^^^^^^^^^^^^^^^^^^

Error (6275): Source "lib/openzeppelin-contracts/contracts/access/Ownable.sol" not found: File not found. Searched the following locations: "/Users/Jorge/.codex/worktrees/omerta-rc1-closure/Omerta/omerta-contracts".
ParserError: Source "lib/openzeppelin-contracts/contracts/access/Ownable.sol" not found: File not found. Searched the following locations: "/Users/Jorge/.codex/worktrees/omerta-rc1-closure/Omerta/omerta-contracts".
 --> src/Transmuter.sol:7:1:
  |
7 | import {Ownable} from "@openzeppelin/contracts/access/Ownable.sol";
  | ^^^^^^^^^^^^^^^^^^^^^^^^^^^^^^^^^^^^^^^^^^^^^^^^^^^^^^^^^^^^^^^^^^^

Error (6275): Source "lib/openzeppelin-contracts/contracts/access/Ownable2Step.sol" not found: File not found. Searched the following locations: "/Users/Jorge/.codex/worktrees/omerta-rc1-closure/Omerta/omerta-contracts".
ParserError: Source "lib/openzeppelin-contracts/contracts/access/Ownable2Step.sol" not found: File not found. Searched the following locations: "/Users/Jorge/.codex/worktrees/omerta-rc1-closure/Omerta/omerta-contracts".
 --> src/Transmuter.sol:8:1:
  |
8 | import {Ownable2Step} from "@openzeppelin/contracts/access/Ownable2Step.sol";
  | ^^^^^^^^^^^^^^^^^^^^^^^^^^^^^^^^^^^^^^^^^^^^^^^^^^^^^^^^^^^^^^^^^^^^^^^^^^^^^

Error (6275): Source "lib/openzeppelin-contracts/contracts/utils/ReentrancyGuard.sol" not found: File not found. Searched the following locations: "/Users/Jorge/.codex/worktrees/omerta-rc1-closure/Omerta/omerta-contracts".
ParserError: Source "lib/openzeppelin-contracts/contracts/utils/ReentrancyGuard.sol" not found: File not found. Searched the following locations: "/Users/Jorge/.codex/worktrees/omerta-rc1-closure/Omerta/omerta-contracts".
 --> src/Transmuter.sol:9:1:
  |
9 | import {ReentrancyGuard} from "@openzeppelin/contracts/utils/ReentrancyGuard.sol";
  | ^^^^^^^^^^^^^^^^^^^^^^^^^^^^^^^^^^^^^^^^^^^^^^^^^^^^^^^^^^^^^^^^^^^^^^^^^^^^^^^^^^

Error (6275): Source "lib/openzeppelin-contracts/contracts/utils/cryptography/EIP712.sol" not found: File not found. Searched the following locations: "/Users/Jorge/.codex/worktrees/omerta-rc1-closure/Omerta/omerta-contracts".
ParserError: Source "lib/openzeppelin-contracts/contracts/utils/cryptography/EIP712.sol" not found: File not found. Searched the following locations: "/Users/Jorge/.codex/worktrees/omerta-rc1-closure/Omerta/omerta-contracts".
 --> src/VoucherClaim.sol:4:1:
  |
4 | import {EIP712} from "@openzeppelin/contracts/utils/cryptography/EIP712.sol";
  | ^^^^^^^^^^^^^^^^^^^^^^^^^^^^^^^^^^^^^^^^^^^^^^^^^^^^^^^^^^^^^^^^^^^^^^^^^^^^^

Error (6275): Source "lib/openzeppelin-contracts/contracts/utils/cryptography/ECDSA.sol" not found: File not found. Searched the following locations: "/Users/Jorge/.codex/worktrees/omerta-rc1-closure/Omerta/omerta-contracts".
ParserError: Source "lib/openzeppelin-contracts/contracts/utils/cryptography/ECDSA.sol" not found: File not found. Searched the following locations: "/Users/Jorge/.codex/worktrees/omerta-rc1-closure/Omerta/omerta-contracts".
 --> src/VoucherClaim.sol:5:1:
  |
5 | import {ECDSA} from "@openzeppelin/contracts/utils/cryptography/ECDSA.sol";
  | ^^^^^^^^^^^^^^^^^^^^^^^^^^^^^^^^^^^^^^^^^^^^^^^^^^^^^^^^^^^^^^^^^^^^^^^^^^^

Error (6275): Source "lib/openzeppelin-contracts/contracts/token/ERC20/utils/SafeERC20.sol" not found: File not found. Searched the following locations: "/Users/Jorge/.codex/worktrees/omerta-rc1-closure/Omerta/omerta-contracts".
ParserError: Source "lib/openzeppelin-contracts/contracts/token/ERC20/utils/SafeERC20.sol" not found: File not found. Searched the following locations: "/Users/Jorge/.codex/worktrees/omerta-rc1-closure/Omerta/omerta-contracts".
 --> src/VoucherClaim.sol:6:1:
  |
6 | import {SafeERC20} from "@openzeppelin/contracts/token/ERC20/utils/SafeERC20.sol";
  | ^^^^^^^^^^^^^^^^^^^^^^^^^^^^^^^^^^^^^^^^^^^^^^^^^^^^^^^^^^^^^^^^^^^^^^^^^^^^^^^^^^

Error (6275): Source "lib/openzeppelin-contracts/contracts/token/ERC20/IERC20.sol" not found: File not found. Searched the following locations: "/Users/Jorge/.codex/worktrees/omerta-rc1-closure/Omerta/omerta-contracts".
ParserError: Source "lib/openzeppelin-contracts/contracts/token/ERC20/IERC20.sol" not found: File not found. Searched the following locations: "/Users/Jorge/.codex/worktrees/omerta-rc1-closure/Omerta/omerta-contracts".
 --> src/VoucherClaim.sol:7:1:
  |
7 | import {IERC20} from "@openzeppelin/contracts/token/ERC20/IERC20.sol";
  | ^^^^^^^^^^^^^^^^^^^^^^^^^^^^^^^^^^^^^^^^^^^^^^^^^^^^^^^^^^^^^^^^^^^^^^

Error (6275): Source "lib/openzeppelin-contracts/contracts/access/Ownable2Step.sol" not found: File not found. Searched the following locations: "/Users/Jorge/.codex/worktrees/omerta-rc1-closure/Omerta/omerta-contracts".
ParserError: Source "lib/openzeppelin-contracts/contracts/access/Ownable2Step.sol" not found: File not found. Searched the following locations: "/Users/Jorge/.codex/worktrees/omerta-rc1-closure/Omerta/omerta-contracts".
 --> src/VoucherClaim.sol:8:1:
  |
8 | import {Ownable2Step, Ownable} from "@openzeppelin/contracts/access/Ownable2Step.sol";
  | ^^^^^^^^^^^^^^^^^^^^^^^^^^^^^^^^^^^^^^^^^^^^^^^^^^^^^^^^^^^^^^^^^^^^^^^^^^^^^^^^^^^^^^

Error (6275): Source "lib/openzeppelin-contracts/contracts/utils/Pausable.sol" not found: File not found. Searched the following locations: "/Users/Jorge/.codex/worktrees/omerta-rc1-closure/Omerta/omerta-contracts".
ParserError: Source "lib/openzeppelin-contracts/contracts/utils/Pausable.sol" not found: File not found. Searched the following locations: "/Users/Jorge/.codex/worktrees/omerta-rc1-closure/Omerta/omerta-contracts".
 --> src/VoucherClaim.sol:9:1:
  |
9 | import {Pausable} from "@openzeppelin/contracts/utils/Pausable.sol";
  | ^^^^^^^^^^^^^^^^^^^^^^^^^^^^^^^^^^^^^^^^^^^^^^^^^^^^^^^^^^^^^^^^^^^^

Error (6275): Source "lib/openzeppelin-contracts/contracts/utils/ReentrancyGuard.sol" not found: File not found. Searched the following locations: "/Users/Jorge/.codex/worktrees/omerta-rc1-closure/Omerta/omerta-contracts".
ParserError: Source "lib/openzeppelin-contracts/contracts/utils/ReentrancyGuard.sol" not found: File not found. Searched the following locations: "/Users/Jorge/.codex/worktrees/omerta-rc1-closure/Omerta/omerta-contracts".
  --> src/VoucherClaim.sol:10:1:
   |
10 | import {ReentrancyGuard} from "@openzeppelin/contracts/utils/ReentrancyGuard.sol";
   | ^^^^^^^^^^^^^^^^^^^^^^^^^^^^^^^^^^^^^^^^^^^^^^^^^^^^^^^^^^^^^^^^^^^^^^^^^^^^^^^^^^

Error (6275): Source "lib/openzeppelin-contracts/contracts/utils/introspection/IERC165.sol" not found: File not found. Searched the following locations: "/Users/Jorge/.codex/worktrees/omerta-rc1-closure/Omerta/omerta-contracts".
ParserError: Source "lib/openzeppelin-contracts/contracts/utils/introspection/IERC165.sol" not found: File not found. Searched the following locations: "/Users/Jorge/.codex/worktrees/omerta-rc1-closure/Omerta/omerta-contracts".
 --> src/interfaces/IInitializerHook.sol:4:1:
  |
4 | import {IERC165} from "@openzeppelin/contracts/utils/introspection/IERC165.sol";
  | ^^^^^^^^^^^^^^^^^^^^^^^^^^^^^^^^^^^^^^^^^^^^^^^^^^^^^^^^^^^^^^^^^^^^^^^^^^^^^^^^

Error (6275): Source "lib/v4-core/src/interfaces/IPoolManager.sol" not found: File not found. Searched the following locations: "/Users/Jorge/.codex/worktrees/omerta-rc1-closure/Omerta/omerta-contracts".
ParserError: Source "lib/v4-core/src/interfaces/IPoolManager.sol" not found: File not found. Searched the following locations: "/Users/Jorge/.codex/worktrees/omerta-rc1-closure/Omerta/omerta-contracts".
 --> src/interfaces/IOmrV4ObservationSource.sol:4:1:
  |
4 | import {IPoolManager} from "v4-core/interfaces/IPoolManager.sol";
  | ^^^^^^^^^^^^^^^^^^^^^^^^^^^^^^^^^^^^^^^^^^^^^^^^^^^^^^^^^^^^^^^^^

Error (6275): Source "lib/v4-core/src/types/PoolId.sol" not found: File not found. Searched the following locations: "/Users/Jorge/.codex/worktrees/omerta-rc1-closure/Omerta/omerta-contracts".
ParserError: Source "lib/v4-core/src/types/PoolId.sol" not found: File not found. Searched the following locations: "/Users/Jorge/.codex/worktrees/omerta-rc1-closure/Omerta/omerta-contracts".
 --> src/interfaces/IOmrV4ObservationSource.sol:5:1:
  |
5 | import {PoolId} from "v4-core/types/PoolId.sol";
  | ^^^^^^^^^^^^^^^^^^^^^^^^^^^^^^^^^^^^^^^^^^^^^^^^

Error (6275): Source "forge-std/Test.sol" not found: File not found. Searched the following locations: "/Users/Jorge/.codex/worktrees/omerta-rc1-closure/Omerta/omerta-contracts".
ParserError: Source "forge-std/Test.sol" not found: File not found. Searched the following locations: "/Users/Jorge/.codex/worktrees/omerta-rc1-closure/Omerta/omerta-contracts".
 --> test/AcquisitionConstellationCrosswalk.t.sol:4:1:
  |
4 | import {Test} from "forge-std/Test.sol";
  | ^^^^^^^^^^^^^^^^^^^^^^^^^^^^^^^^^^^^^^^^

Error (6275): Source "forge-std/Test.sol" not found: File not found. Searched the following locations: "/Users/Jorge/.codex/worktrees/omerta-rc1-closure/Omerta/omerta-contracts".
ParserError: Source "forge-std/Test.sol" not found: File not found. Searched the following locations: "/Users/Jorge/.codex/worktrees/omerta-rc1-closure/Omerta/omerta-contracts".
 --> test/AcquisitionVaultAccounting.t.sol:4:1:
  |
4 | import {Test} from "forge-std/Test.sol";
  | ^^^^^^^^^^^^^^^^^^^^^^^^^^^^^^^^^^^^^^^^

Error (6275): Source "forge-std/Vm.sol" not found: File not found. Searched the following locations: "/Users/Jorge/.codex/worktrees/omerta-rc1-closure/Omerta/omerta-contracts".
ParserError: Source "forge-std/Vm.sol" not found: File not found. Searched the following locations: "/Users/Jorge/.codex/worktrees/omerta-rc1-closure/Omerta/omerta-contracts".
 --> test/AcquisitionVaultAccounting.t.sol:5:1:
  |
5 | import {Vm} from "forge-std/Vm.sol";
  | ^^^^^^^^^^^^^^^^^^^^^^^^^^^^^^^^^^^^

Error (6275): Source "forge-std/StdStorage.sol" not found: File not found. Searched the following locations: "/Users/Jorge/.codex/worktrees/omerta-rc1-closure/Omerta/omerta-contracts".
ParserError: Source "forge-std/StdStorage.sol" not found: File not found. Searched the following locations: "/Users/Jorge/.codex/worktrees/omerta-rc1-closure/Omerta/omerta-contracts".
 --> test/AcquisitionVaultAccounting.t.sol:6:1:
  |
6 | import {StdStorage, stdStorage} from "forge-std/StdStorage.sol";
  | ^^^^^^^^^^^^^^^^^^^^^^^^^^^^^^^^^^^^^^^^^^^^^^^^^^^^^^^^^^^^^^^^

Error (6275): Source "forge-std/StdError.sol" not found: File not found. Searched the following locations: "/Users/Jorge/.codex/worktrees/omerta-rc1-closure/Omerta/omerta-contracts".
ParserError: Source "forge-std/StdError.sol" not found: File not found. Searched the following locations: "/Users/Jorge/.codex/worktrees/omerta-rc1-closure/Omerta/omerta-contracts".
 --> test/AcquisitionVaultAccounting.t.sol:7:1:
  |
7 | import {stdError} from "forge-std/StdError.sol";
  | ^^^^^^^^^^^^^^^^^^^^^^^^^^^^^^^^^^^^^^^^^^^^^^^^

Error (6275): Source "forge-std/Test.sol" not found: File not found. Searched the following locations: "/Users/Jorge/.codex/worktrees/omerta-rc1-closure/Omerta/omerta-contracts".
ParserError: Source "forge-std/Test.sol" not found: File not found. Searched the following locations: "/Users/Jorge/.codex/worktrees/omerta-rc1-closure/Omerta/omerta-contracts".
 --> test/AcquisitionVaultOperator.t.sol:4:1:
  |
4 | import {Test} from "forge-std/Test.sol";
  | ^^^^^^^^^^^^^^^^^^^^^^^^^^^^^^^^^^^^^^^^

Error (6275): Source "forge-std/Vm.sol" not found: File not found. Searched the following locations: "/Users/Jorge/.codex/worktrees/omerta-rc1-closure/Omerta/omerta-contracts".
ParserError: Source "forge-std/Vm.sol" not found: File not found. Searched the following locations: "/Users/Jorge/.codex/worktrees/omerta-rc1-closure/Omerta/omerta-contracts".
 --> test/AcquisitionVaultOperator.t.sol:5:1:
  |
5 | import {Vm} from "forge-std/Vm.sol";
  | ^^^^^^^^^^^^^^^^^^^^^^^^^^^^^^^^^^^^

Error (6275): Source "forge-std/StdStorage.sol" not found: File not found. Searched the following locations: "/Users/Jorge/.codex/worktrees/omerta-rc1-closure/Omerta/omerta-contracts".
ParserError: Source "forge-std/StdStorage.sol" not found: File not found. Searched the following locations: "/Users/Jorge/.codex/worktrees/omerta-rc1-closure/Omerta/omerta-contracts".
 --> test/AcquisitionVaultOperator.t.sol:6:1:
  |
6 | import {StdStorage, stdStorage} from "forge-std/StdStorage.sol";
  | ^^^^^^^^^^^^^^^^^^^^^^^^^^^^^^^^^^^^^^^^^^^^^^^^^^^^^^^^^^^^^^^^

Error (6275): Source "forge-std/Test.sol" not found: File not found. Searched the following locations: "/Users/Jorge/.codex/worktrees/omerta-rc1-closure/Omerta/omerta-contracts".
ParserError: Source "forge-std/Test.sol" not found: File not found. Searched the following locations: "/Users/Jorge/.codex/worktrees/omerta-rc1-closure/Omerta/omerta-contracts".
 --> test/Bank.t.sol:4:1:
  |
4 | import {Test} from "forge-std/Test.sol";
  | ^^^^^^^^^^^^^^^^^^^^^^^^^^^^^^^^^^^^^^^^

Error (6275): Source "lib/openzeppelin-contracts/contracts/token/ERC20/ERC20.sol" not found: File not found. Searched the following locations: "/Users/Jorge/.codex/worktrees/omerta-rc1-closure/Omerta/omerta-contracts".
ParserError: Source "lib/openzeppelin-contracts/contracts/token/ERC20/ERC20.sol" not found: File not found. Searched the following locations: "/Users/Jorge/.codex/worktrees/omerta-rc1-closure/Omerta/omerta-contracts".
 --> test/Bank.t.sol:5:1:
  |
5 | import {ERC20} from "@openzeppelin/contracts/token/ERC20/ERC20.sol";
  | ^^^^^^^^^^^^^^^^^^^^^^^^^^^^^^^^^^^^^^^^^^^^^^^^^^^^^^^^^^^^^^^^^^^^

Error (6275): Source "lib/openzeppelin-contracts/contracts/token/ERC20/extensions/ERC4626.sol" not found: File not found. Searched the following locations: "/Users/Jorge/.codex/worktrees/omerta-rc1-closure/Omerta/omerta-contracts".
ParserError: Source "lib/openzeppelin-contracts/contracts/token/ERC20/extensions/ERC4626.sol" not found: File not found. Searched the following locations: "/Users/Jorge/.codex/worktrees/omerta-rc1-closure/Omerta/omerta-contracts".
 --> test/Bank.t.sol:6:1:
  |
6 | import {ERC4626} from "@openzeppelin/contracts/token/ERC20/extensions/ERC4626.sol";
  | ^^^^^^^^^^^^^^^^^^^^^^^^^^^^^^^^^^^^^^^^^^^^^^^^^^^^^^^^^^^^^^^^^^^^^^^^^^^^^^^^^^^

Error (6275): Source "lib/openzeppelin-contracts/contracts/interfaces/IERC20.sol" not found: File not found. Searched the following locations: "/Users/Jorge/.codex/worktrees/omerta-rc1-closure/Omerta/omerta-contracts".
ParserError: Source "lib/openzeppelin-contracts/contracts/interfaces/IERC20.sol" not found: File not found. Searched the following locations: "/Users/Jorge/.codex/worktrees/omerta-rc1-closure/Omerta/omerta-contracts".
 --> test/Bank.t.sol:7:1:
  |
7 | import {IERC20} from "@openzeppelin/contracts/interfaces/IERC20.sol";
  | ^^^^^^^^^^^^^^^^^^^^^^^^^^^^^^^^^^^^^^^^^^^^^^^^^^^^^^^^^^^^^^^^^^^^^

Error (6275): Source "lib/openzeppelin-contracts/contracts/interfaces/IERC4626.sol" not found: File not found. Searched the following locations: "/Users/Jorge/.codex/worktrees/omerta-rc1-closure/Omerta/omerta-contracts".
ParserError: Source "lib/openzeppelin-contracts/contracts/interfaces/IERC4626.sol" not found: File not found. Searched the following locations: "/Users/Jorge/.codex/worktrees/omerta-rc1-closure/Omerta/omerta-contracts".
 --> test/Bank.t.sol:8:1:
  |
8 | import {IERC4626} from "@openzeppelin/contracts/interfaces/IERC4626.sol";
  | ^^^^^^^^^^^^^^^^^^^^^^^^^^^^^^^^^^^^^^^^^^^^^^^^^^^^^^^^^^^^^^^^^^^^^^^^^

Error (6275): Source "lib/openzeppelin-contracts/contracts/access/Ownable.sol" not found: File not found. Searched the following locations: "/Users/Jorge/.codex/worktrees/omerta-rc1-closure/Omerta/omerta-contracts".
ParserError: Source "lib/openzeppelin-contracts/contracts/access/Ownable.sol" not found: File not found. Searched the following locations: "/Users/Jorge/.codex/worktrees/omerta-rc1-closure/Omerta/omerta-contracts".
 --> test/Bank.t.sol:9:1:
  |
9 | import {Ownable} from "@openzeppelin/contracts/access/Ownable.sol";
  | ^^^^^^^^^^^^^^^^^^^^^^^^^^^^^^^^^^^^^^^^^^^^^^^^^^^^^^^^^^^^^^^^^^^

Error (6275): Source "forge-std/Test.sol" not found: File not found. Searched the following locations: "/Users/Jorge/.codex/worktrees/omerta-rc1-closure/Omerta/omerta-contracts".
ParserError: Source "forge-std/Test.sol" not found: File not found. Searched the following locations: "/Users/Jorge/.codex/worktrees/omerta-rc1-closure/Omerta/omerta-contracts".
 --> test/BankBufferVault.t.sol:4:1:
  |
4 | import {Test} from "forge-std/Test.sol";
  | ^^^^^^^^^^^^^^^^^^^^^^^^^^^^^^^^^^^^^^^^

Error (6275): Source "forge-std/StdInvariant.sol" not found: File not found. Searched the following locations: "/Users/Jorge/.codex/worktrees/omerta-rc1-closure/Omerta/omerta-contracts".
ParserError: Source "forge-std/StdInvariant.sol" not found: File not found. Searched the following locations: "/Users/Jorge/.codex/worktrees/omerta-rc1-closure/Omerta/omerta-contracts".
 --> test/BankBufferVault.t.sol:5:1:
  |
5 | import {StdInvariant} from "forge-std/StdInvariant.sol";
  | ^^^^^^^^^^^^^^^^^^^^^^^^^^^^^^^^^^^^^^^^^^^^^^^^^^^^^^^^

Error (6275): Source "lib/openzeppelin-contracts/contracts/token/ERC20/ERC20.sol" not found: File not found. Searched the following locations: "/Users/Jorge/.codex/worktrees/omerta-rc1-closure/Omerta/omerta-contracts".
ParserError: Source "lib/openzeppelin-contracts/contracts/token/ERC20/ERC20.sol" not found: File not found. Searched the following locations: "/Users/Jorge/.codex/worktrees/omerta-rc1-closure/Omerta/omerta-contracts".
 --> test/BankBufferVault.t.sol:6:1:
  |
6 | import {ERC20} from "@openzeppelin/contracts/token/ERC20/ERC20.sol";
  | ^^^^^^^^^^^^^^^^^^^^^^^^^^^^^^^^^^^^^^^^^^^^^^^^^^^^^^^^^^^^^^^^^^^^

Error (6275): Source "lib/openzeppelin-contracts/contracts/interfaces/IERC20.sol" not found: File not found. Searched the following locations: "/Users/Jorge/.codex/worktrees/omerta-rc1-closure/Omerta/omerta-contracts".
ParserError: Source "lib/openzeppelin-contracts/contracts/interfaces/IERC20.sol" not found: File not found. Searched the following locations: "/Users/Jorge/.codex/worktrees/omerta-rc1-closure/Omerta/omerta-contracts".
 --> test/BankBufferVault.t.sol:7:1:
  |
7 | import {IERC20} from "@openzeppelin/contracts/interfaces/IERC20.sol";
  | ^^^^^^^^^^^^^^^^^^^^^^^^^^^^^^^^^^^^^^^^^^^^^^^^^^^^^^^^^^^^^^^^^^^^^

Error (6275): Source "lib/openzeppelin-contracts/contracts/utils/Pausable.sol" not found: File not found. Searched the following locations: "/Users/Jorge/.codex/worktrees/omerta-rc1-closure/Omerta/omerta-contracts".
ParserError: Source "lib/openzeppelin-contracts/contracts/utils/Pausable.sol" not found: File not found. Searched the following locations: "/Users/Jorge/.codex/worktrees/omerta-rc1-closure/Omerta/omerta-contracts".
 --> test/BankBufferVault.t.sol:8:1:
  |
8 | import {Pausable} from "@openzeppelin/contracts/utils/Pausable.sol";
  | ^^^^^^^^^^^^^^^^^^^^^^^^^^^^^^^^^^^^^^^^^^^^^^^^^^^^^^^^^^^^^^^^^^^^

Error (6275): Source "lib/openzeppelin-contracts/contracts/access/Ownable.sol" not found: File not found. Searched the following locations: "/Users/Jorge/.codex/worktrees/omerta-rc1-closure/Omerta/omerta-contracts".
ParserError: Source "lib/openzeppelin-contracts/contracts/access/Ownable.sol" not found: File not found. Searched the following locations: "/Users/Jorge/.codex/worktrees/omerta-rc1-closure/Omerta/omerta-contracts".
 --> test/BankBufferVault.t.sol:9:1:
  |
9 | import {Ownable} from "@openzeppelin/contracts/access/Ownable.sol";
  | ^^^^^^^^^^^^^^^^^^^^^^^^^^^^^^^^^^^^^^^^^^^^^^^^^^^^^^^^^^^^^^^^^^^

Error (6275): Source "forge-std/Test.sol" not found: File not found. Searched the following locations: "/Users/Jorge/.codex/worktrees/omerta-rc1-closure/Omerta/omerta-contracts".
ParserError: Source "forge-std/Test.sol" not found: File not found. Searched the following locations: "/Users/Jorge/.codex/worktrees/omerta-rc1-closure/Omerta/omerta-contracts".
 --> test/BondLiquidityHealth.t.sol:4:1:
  |
4 | import {Test} from "forge-std/Test.sol";
  | ^^^^^^^^^^^^^^^^^^^^^^^^^^^^^^^^^^^^^^^^

Error (6275): Source "lib/openzeppelin-contracts/contracts/token/ERC20/IERC20.sol" not found: File not found. Searched the following locations: "/Users/Jorge/.codex/worktrees/omerta-rc1-closure/Omerta/omerta-contracts".
ParserError: Source "lib/openzeppelin-contracts/contracts/token/ERC20/IERC20.sol" not found: File not found. Searched the following locations: "/Users/Jorge/.codex/worktrees/omerta-rc1-closure/Omerta/omerta-contracts".
 --> test/BondLiquidityHealth.t.sol:9:1:
  |
9 | import {IERC20} from "@openzeppelin/contracts/token/ERC20/IERC20.sol";
  | ^^^^^^^^^^^^^^^^^^^^^^^^^^^^^^^^^^^^^^^^^^^^^^^^^^^^^^^^^^^^^^^^^^^^^^

Error (6275): Source "lib/openzeppelin-contracts/contracts/access/Ownable.sol" not found: File not found. Searched the following locations: "/Users/Jorge/.codex/worktrees/omerta-rc1-closure/Omerta/omerta-contracts".
ParserError: Source "lib/openzeppelin-contracts/contracts/access/Ownable.sol" not found: File not found. Searched the following locations: "/Users/Jorge/.codex/worktrees/omerta-rc1-closure/Omerta/omerta-contracts".
  --> test/BondLiquidityHealth.t.sol:10:1:
   |
10 | import {Ownable} from "@openzeppelin/contracts/access/Ownable.sol";
   | ^^^^^^^^^^^^^^^^^^^^^^^^^^^^^^^^^^^^^^^^^^^^^^^^^^^^^^^^^^^^^^^^^^^

Error (6275): Source "lib/openzeppelin-contracts/contracts/utils/Pausable.sol" not found: File not found. Searched the following locations: "/Users/Jorge/.codex/worktrees/omerta-rc1-closure/Omerta/omerta-contracts".
ParserError: Source "lib/openzeppelin-contracts/contracts/utils/Pausable.sol" not found: File not found. Searched the following locations: "/Users/Jorge/.codex/worktrees/omerta-rc1-closure/Omerta/omerta-contracts".
  --> test/BondLiquidityHealth.t.sol:11:1:
   |
11 | import {Pausable} from "@openzeppelin/contracts/utils/Pausable.sol";
   | ^^^^^^^^^^^^^^^^^^^^^^^^^^^^^^^^^^^^^^^^^^^^^^^^^^^^^^^^^^^^^^^^^^^^

Error (6275): Source "forge-std/Test.sol" not found: File not found. Searched the following locations: "/Users/Jorge/.codex/worktrees/omerta-rc1-closure/Omerta/omerta-contracts".
ParserError: Source "forge-std/Test.sol" not found: File not found. Searched the following locations: "/Users/Jorge/.codex/worktrees/omerta-rc1-closure/Omerta/omerta-contracts".
 --> test/CharacterLaunchAudit.t.sol:4:1:
  |
4 | import {Test} from "forge-std/Test.sol";
  | ^^^^^^^^^^^^^^^^^^^^^^^^^^^^^^^^^^^^^^^^

Error (6275): Source "forge-std/StdInvariant.sol" not found: File not found. Searched the following locations: "/Users/Jorge/.codex/worktrees/omerta-rc1-closure/Omerta/omerta-contracts".
ParserError: Source "forge-std/StdInvariant.sol" not found: File not found. Searched the following locations: "/Users/Jorge/.codex/worktrees/omerta-rc1-closure/Omerta/omerta-contracts".
 --> test/CharacterLaunchAudit.t.sol:5:1:
  |
5 | import {StdInvariant} from "forge-std/StdInvariant.sol";
  | ^^^^^^^^^^^^^^^^^^^^^^^^^^^^^^^^^^^^^^^^^^^^^^^^^^^^^^^^

Error (6275): Source "forge-std/Vm.sol" not found: File not found. Searched the following locations: "/Users/Jorge/.codex/worktrees/omerta-rc1-closure/Omerta/omerta-contracts".
ParserError: Source "forge-std/Vm.sol" not found: File not found. Searched the following locations: "/Users/Jorge/.codex/worktrees/omerta-rc1-closure/Omerta/omerta-contracts".
 --> test/CharacterLaunchAudit.t.sol:6:1:
  |
6 | import {Vm} from "forge-std/Vm.sol";
  | ^^^^^^^^^^^^^^^^^^^^^^^^^^^^^^^^^^^^

Error (6275): Source "lib/openzeppelin-contracts/contracts/token/ERC721/IERC721Receiver.sol" not found: File not found. Searched the following locations: "/Users/Jorge/.codex/worktrees/omerta-rc1-closure/Omerta/omerta-contracts".
ParserError: Source "lib/openzeppelin-contracts/contracts/token/ERC721/IERC721Receiver.sol" not found: File not found. Searched the following locations: "/Users/Jorge/.codex/worktrees/omerta-rc1-closure/Omerta/omerta-contracts".
 --> test/CharacterLaunchAudit.t.sol:9:1:
  |
9 | import {IERC721Receiver} from "@openzeppelin/contracts/token/ERC721/IERC721Receiver.sol";
  | ^^^^^^^^^^^^^^^^^^^^^^^^^^^^^^^^^^^^^^^^^^^^^^^^^^^^^^^^^^^^^^^^^^^^^^^^^^^^^^^^^^^^^^^^^

Error (6275): Source "lib/openzeppelin-contracts/contracts/interfaces/draft-IERC6093.sol" not found: File not found. Searched the following locations: "/Users/Jorge/.codex/worktrees/omerta-rc1-closure/Omerta/omerta-contracts".
ParserError: Source "lib/openzeppelin-contracts/contracts/interfaces/draft-IERC6093.sol" not found: File not found. Searched the following locations: "/Users/Jorge/.codex/worktrees/omerta-rc1-closure/Omerta/omerta-contracts".
  --> test/CharacterLaunchAudit.t.sol:10:1:
   |
10 | import {IERC721Errors} from "@openzeppelin/contracts/interfaces/draft-IERC6093.sol";
   | ^^^^^^^^^^^^^^^^^^^^^^^^^^^^^^^^^^^^^^^^^^^^^^^^^^^^^^^^^^^^^^^^^^^^^^^^^^^^^^^^^^^^

Error (6275): Source "lib/openzeppelin-contracts/contracts/access/Ownable.sol" not found: File not found. Searched the following locations: "/Users/Jorge/.codex/worktrees/omerta-rc1-closure/Omerta/omerta-contracts".
ParserError: Source "lib/openzeppelin-contracts/contracts/access/Ownable.sol" not found: File not found. Searched the following locations: "/Users/Jorge/.codex/worktrees/omerta-rc1-closure/Omerta/omerta-contracts".
  --> test/CharacterLaunchAudit.t.sol:11:1:
   |
11 | import {Ownable} from "@openzeppelin/contracts/access/Ownable.sol";
   | ^^^^^^^^^^^^^^^^^^^^^^^^^^^^^^^^^^^^^^^^^^^^^^^^^^^^^^^^^^^^^^^^^^^

Error (6275): Source "lib/openzeppelin-contracts/contracts/utils/cryptography/ECDSA.sol" not found: File not found. Searched the following locations: "/Users/Jorge/.codex/worktrees/omerta-rc1-closure/Omerta/omerta-contracts".
ParserError: Source "lib/openzeppelin-contracts/contracts/utils/cryptography/ECDSA.sol" not found: File not found. Searched the following locations: "/Users/Jorge/.codex/worktrees/omerta-rc1-closure/Omerta/omerta-contracts".
  --> test/CharacterLaunchAudit.t.sol:12:1:
   |
12 | import {ECDSA} from "@openzeppelin/contracts/utils/cryptography/ECDSA.sol";
   | ^^^^^^^^^^^^^^^^^^^^^^^^^^^^^^^^^^^^^^^^^^^^^^^^^^^^^^^^^^^^^^^^^^^^^^^^^^^

Error (6275): Source "lib/openzeppelin-contracts/contracts/utils/ReentrancyGuard.sol" not found: File not found. Searched the following locations: "/Users/Jorge/.codex/worktrees/omerta-rc1-closure/Omerta/omerta-contracts".
ParserError: Source "lib/openzeppelin-contracts/contracts/utils/ReentrancyGuard.sol" not found: File not found. Searched the following locations: "/Users/Jorge/.codex/worktrees/omerta-rc1-closure/Omerta/omerta-contracts".
  --> test/CharacterLaunchAudit.t.sol:13:1:
   |
13 | import {ReentrancyGuard} from "@openzeppelin/contracts/utils/ReentrancyGuard.sol";
   | ^^^^^^^^^^^^^^^^^^^^^^^^^^^^^^^^^^^^^^^^^^^^^^^^^^^^^^^^^^^^^^^^^^^^^^^^^^^^^^^^^^

Error (6275): Source "lib/openzeppelin-contracts/contracts/utils/Pausable.sol" not found: File not found. Searched the following locations: "/Users/Jorge/.codex/worktrees/omerta-rc1-closure/Omerta/omerta-contracts".
ParserError: Source "lib/openzeppelin-contracts/contracts/utils/Pausable.sol" not found: File not found. Searched the following locations: "/Users/Jorge/.codex/worktrees/omerta-rc1-closure/Omerta/omerta-contracts".
  --> test/CharacterLaunchAudit.t.sol:14:1:
   |
14 | import {Pausable} from "@openzeppelin/contracts/utils/Pausable.sol";
   | ^^^^^^^^^^^^^^^^^^^^^^^^^^^^^^^^^^^^^^^^^^^^^^^^^^^^^^^^^^^^^^^^^^^^

Error (6275): Source "forge-std/Test.sol" not found: File not found. Searched the following locations: "/Users/Jorge/.codex/worktrees/omerta-rc1-closure/Omerta/omerta-contracts".
ParserError: Source "forge-std/Test.sol" not found: File not found. Searched the following locations: "/Users/Jorge/.codex/worktrees/omerta-rc1-closure/Omerta/omerta-contracts".
 --> test/DynastyNFT.t.sol:4:1:
  |
4 | import {Test} from "forge-std/Test.sol";
  | ^^^^^^^^^^^^^^^^^^^^^^^^^^^^^^^^^^^^^^^^

Error (6275): Source "lib/openzeppelin-contracts/contracts/interfaces/IERC2981.sol" not found: File not found. Searched the following locations: "/Users/Jorge/.codex/worktrees/omerta-rc1-closure/Omerta/omerta-contracts".
ParserError: Source "lib/openzeppelin-contracts/contracts/interfaces/IERC2981.sol" not found: File not found. Searched the following locations: "/Users/Jorge/.codex/worktrees/omerta-rc1-closure/Omerta/omerta-contracts".
 --> test/DynastyNFT.t.sol:6:1:
  |
6 | import {IERC2981} from "@openzeppelin/contracts/interfaces/IERC2981.sol";
  | ^^^^^^^^^^^^^^^^^^^^^^^^^^^^^^^^^^^^^^^^^^^^^^^^^^^^^^^^^^^^^^^^^^^^^^^^^

Error (6275): Source "lib/openzeppelin-contracts/contracts/token/ERC721/IERC721.sol" not found: File not found. Searched the following locations: "/Users/Jorge/.codex/worktrees/omerta-rc1-closure/Omerta/omerta-contracts".
ParserError: Source "lib/openzeppelin-contracts/contracts/token/ERC721/IERC721.sol" not found: File not found. Searched the following locations: "/Users/Jorge/.codex/worktrees/omerta-rc1-closure/Omerta/omerta-contracts".
 --> test/DynastyNFT.t.sol:7:1:
  |
7 | import {IERC721} from "@openzeppelin/contracts/token/ERC721/IERC721.sol";
  | ^^^^^^^^^^^^^^^^^^^^^^^^^^^^^^^^^^^^^^^^^^^^^^^^^^^^^^^^^^^^^^^^^^^^^^^^^

Error (6275): Source "lib/openzeppelin-contracts/contracts/utils/Strings.sol" not found: File not found. Searched the following locations: "/Users/Jorge/.codex/worktrees/omerta-rc1-closure/Omerta/omerta-contracts".
ParserError: Source "lib/openzeppelin-contracts/contracts/utils/Strings.sol" not found: File not found. Searched the following locations: "/Users/Jorge/.codex/worktrees/omerta-rc1-closure/Omerta/omerta-contracts".
 --> test/DynastyNFT.t.sol:8:1:
  |
8 | import {Strings} from "@openzeppelin/contracts/utils/Strings.sol";
  | ^^^^^^^^^^^^^^^^^^^^^^^^^^^^^^^^^^^^^^^^^^^^^^^^^^^^^^^^^^^^^^^^^^

Error (6275): Source "forge-std/Test.sol" not found: File not found. Searched the following locations: "/Users/Jorge/.codex/worktrees/omerta-rc1-closure/Omerta/omerta-contracts".
ParserError: Source "forge-std/Test.sol" not found: File not found. Searched the following locations: "/Users/Jorge/.codex/worktrees/omerta-rc1-closure/Omerta/omerta-contracts".
 --> test/FlashGuard.t.sol:4:1:
  |
4 | import {Test} from "forge-std/Test.sol";
  | ^^^^^^^^^^^^^^^^^^^^^^^^^^^^^^^^^^^^^^^^

Error (6275): Source "forge-std/Test.sol" not found: File not found. Searched the following locations: "/Users/Jorge/.codex/worktrees/omerta-rc1-closure/Omerta/omerta-contracts".
ParserError: Source "forge-std/Test.sol" not found: File not found. Searched the following locations: "/Users/Jorge/.codex/worktrees/omerta-rc1-closure/Omerta/omerta-contracts".
 --> test/GearVault.t.sol:4:1:
  |
4 | import {Test} from "forge-std/Test.sol";
  | ^^^^^^^^^^^^^^^^^^^^^^^^^^^^^^^^^^^^^^^^

Error (6275): Source "lib/openzeppelin-contracts/contracts/utils/Base64.sol" not found: File not found. Searched the following locations: "/Users/Jorge/.codex/worktrees/omerta-rc1-closure/Omerta/omerta-contracts".
ParserError: Source "lib/openzeppelin-contracts/contracts/utils/Base64.sol" not found: File not found. Searched the following locations: "/Users/Jorge/.codex/worktrees/omerta-rc1-closure/Omerta/omerta-contracts".
 --> test/GearVault.t.sol:6:1:
  |
6 | import {Base64} from "@openzeppelin/contracts/utils/Base64.sol";
  | ^^^^^^^^^^^^^^^^^^^^^^^^^^^^^^^^^^^^^^^^^^^^^^^^^^^^^^^^^^^^^^^^

Error (6275): Source "lib/openzeppelin-contracts/contracts/utils/Strings.sol" not found: File not found. Searched the following locations: "/Users/Jorge/.codex/worktrees/omerta-rc1-closure/Omerta/omerta-contracts".
ParserError: Source "lib/openzeppelin-contracts/contracts/utils/Strings.sol" not found: File not found. Searched the following locations: "/Users/Jorge/.codex/worktrees/omerta-rc1-closure/Omerta/omerta-contracts".
 --> test/GearVault.t.sol:7:1:
  |
7 | import {Strings} from "@openzeppelin/contracts/utils/Strings.sol";
  | ^^^^^^^^^^^^^^^^^^^^^^^^^^^^^^^^^^^^^^^^^^^^^^^^^^^^^^^^^^^^^^^^^^

Error (6275): Source "forge-std/Test.sol" not found: File not found. Searched the following locations: "/Users/Jorge/.codex/worktrees/omerta-rc1-closure/Omerta/omerta-contracts".
ParserError: Source "forge-std/Test.sol" not found: File not found. Searched the following locations: "/Users/Jorge/.codex/worktrees/omerta-rc1-closure/Omerta/omerta-contracts".
 --> test/GenesisOracle.t.sol:4:1:
  |
4 | import {Test} from "forge-std/Test.sol";
  | ^^^^^^^^^^^^^^^^^^^^^^^^^^^^^^^^^^^^^^^^

Error (6275): Source "lib/openzeppelin-contracts/contracts/token/ERC20/IERC20.sol" not found: File not found. Searched the following locations: "/Users/Jorge/.codex/worktrees/omerta-rc1-closure/Omerta/omerta-contracts".
ParserError: Source "lib/openzeppelin-contracts/contracts/token/ERC20/IERC20.sol" not found: File not found. Searched the following locations: "/Users/Jorge/.codex/worktrees/omerta-rc1-closure/Omerta/omerta-contracts".
 --> test/GenesisOracle.t.sol:9:1:
  |
9 | import {IERC20} from "@openzeppelin/contracts/token/ERC20/IERC20.sol";
  | ^^^^^^^^^^^^^^^^^^^^^^^^^^^^^^^^^^^^^^^^^^^^^^^^^^^^^^^^^^^^^^^^^^^^^^

Error (6275): Source "forge-std/Test.sol" not found: File not found. Searched the following locations: "/Users/Jorge/.codex/worktrees/omerta-rc1-closure/Omerta/omerta-contracts".
ParserError: Source "forge-std/Test.sol" not found: File not found. Searched the following locations: "/Users/Jorge/.codex/worktrees/omerta-rc1-closure/Omerta/omerta-contracts".
 --> test/GenesisProceedsSplitter.t.sol:4:1:
  |
4 | import {Test} from "forge-std/Test.sol";
  | ^^^^^^^^^^^^^^^^^^^^^^^^^^^^^^^^^^^^^^^^

Error (6275): Source "lib/v4-core/src/PoolManager.sol" not found: File not found. Searched the following locations: "/Users/Jorge/.codex/worktrees/omerta-rc1-closure/Omerta/omerta-contracts".
ParserError: Source "lib/v4-core/src/PoolManager.sol" not found: File not found. Searched the following locations: "/Users/Jorge/.codex/worktrees/omerta-rc1-closure/Omerta/omerta-contracts".
 --> test/GenesisProceedsSplitter.t.sol:5:1:
  |
5 | import {PoolManager} from "v4-core/PoolManager.sol";
  | ^^^^^^^^^^^^^^^^^^^^^^^^^^^^^^^^^^^^^^^^^^^^^^^^^^^^

Error (6275): Source "lib/v4-core/src/interfaces/IHooks.sol" not found: File not found. Searched the following locations: "/Users/Jorge/.codex/worktrees/omerta-rc1-closure/Omerta/omerta-contracts".
ParserError: Source "lib/v4-core/src/interfaces/IHooks.sol" not found: File not found. Searched the following locations: "/Users/Jorge/.codex/worktrees/omerta-rc1-closure/Omerta/omerta-contracts".
 --> test/GenesisProceedsSplitter.t.sol:6:1:
  |
6 | import {IHooks} from "v4-core/interfaces/IHooks.sol";
  | ^^^^^^^^^^^^^^^^^^^^^^^^^^^^^^^^^^^^^^^^^^^^^^^^^^^^^

Error (6275): Source "lib/v4-core/src/types/Currency.sol" not found: File not found. Searched the following locations: "/Users/Jorge/.codex/worktrees/omerta-rc1-closure/Omerta/omerta-contracts".
ParserError: Source "lib/v4-core/src/types/Currency.sol" not found: File not found. Searched the following locations: "/Users/Jorge/.codex/worktrees/omerta-rc1-closure/Omerta/omerta-contracts".
 --> test/GenesisProceedsSplitter.t.sol:7:1:
  |
7 | import {Currency} from "v4-core/types/Currency.sol";
  | ^^^^^^^^^^^^^^^^^^^^^^^^^^^^^^^^^^^^^^^^^^^^^^^^^^^^

Error (6275): Source "lib/v4-core/src/types/PoolKey.sol" not found: File not found. Searched the following locations: "/Users/Jorge/.codex/worktrees/omerta-rc1-closure/Omerta/omerta-contracts".
ParserError: Source "lib/v4-core/src/types/PoolKey.sol" not found: File not found. Searched the following locations: "/Users/Jorge/.codex/worktrees/omerta-rc1-closure/Omerta/omerta-contracts".
 --> test/GenesisProceedsSplitter.t.sol:8:1:
  |
8 | import {PoolKey} from "v4-core/types/PoolKey.sol";
  | ^^^^^^^^^^^^^^^^^^^^^^^^^^^^^^^^^^^^^^^^^^^^^^^^^^

Error (6275): Source "lib/v4-core/src/types/PoolId.sol" not found: File not found. Searched the following locations: "/Users/Jorge/.codex/worktrees/omerta-rc1-closure/Omerta/omerta-contracts".
ParserError: Source "lib/v4-core/src/types/PoolId.sol" not found: File not found. Searched the following locations: "/Users/Jorge/.codex/worktrees/omerta-rc1-closure/Omerta/omerta-contracts".
 --> test/GenesisProceedsSplitter.t.sol:9:1:
  |
9 | import {PoolId, PoolIdLibrary} from "v4-core/types/PoolId.sol";
  | ^^^^^^^^^^^^^^^^^^^^^^^^^^^^^^^^^^^^^^^^^^^^^^^^^^^^^^^^^^^^^^^

Error (6275): Source "forge-std/Test.sol" not found: File not found. Searched the following locations: "/Users/Jorge/.codex/worktrees/omerta-rc1-closure/Omerta/omerta-contracts".
ParserError: Source "forge-std/Test.sol" not found: File not found. Searched the following locations: "/Users/Jorge/.codex/worktrees/omerta-rc1-closure/Omerta/omerta-contracts".
 --> test/GenesisWalletCap.t.sol:4:1:
  |
4 | import {Test} from "forge-std/Test.sol";
  | ^^^^^^^^^^^^^^^^^^^^^^^^^^^^^^^^^^^^^^^^

Error (6275): Source "forge-std/StdInvariant.sol" not found: File not found. Searched the following locations: "/Users/Jorge/.codex/worktrees/omerta-rc1-closure/Omerta/omerta-contracts".
ParserError: Source "forge-std/StdInvariant.sol" not found: File not found. Searched the following locations: "/Users/Jorge/.codex/worktrees/omerta-rc1-closure/Omerta/omerta-contracts".
 --> test/GenesisWalletCap.t.sol:5:1:
  |
5 | import {StdInvariant} from "forge-std/StdInvariant.sol";
  | ^^^^^^^^^^^^^^^^^^^^^^^^^^^^^^^^^^^^^^^^^^^^^^^^^^^^^^^^

Error (6275): Source "forge-std/Test.sol" not found: File not found. Searched the following locations: "/Users/Jorge/.codex/worktrees/omerta-rc1-closure/Omerta/omerta-contracts".
ParserError: Source "forge-std/Test.sol" not found: File not found. Searched the following locations: "/Users/Jorge/.codex/worktrees/omerta-rc1-closure/Omerta/omerta-contracts".
 --> test/LiquidityBuybackExecutor.t.sol:4:1:
  |
4 | import {Test} from "forge-std/Test.sol";
  | ^^^^^^^^^^^^^^^^^^^^^^^^^^^^^^^^^^^^^^^^

Error (6275): Source "lib/v4-core/src/PoolManager.sol" not found: File not found. Searched the following locations: "/Users/Jorge/.codex/worktrees/omerta-rc1-closure/Omerta/omerta-contracts".
ParserError: Source "lib/v4-core/src/PoolManager.sol" not found: File not found. Searched the following locations: "/Users/Jorge/.codex/worktrees/omerta-rc1-closure/Omerta/omerta-contracts".
 --> test/LiquidityBuybackExecutor.t.sol:5:1:
  |
5 | import {PoolManager} from "v4-core/PoolManager.sol";
  | ^^^^^^^^^^^^^^^^^^^^^^^^^^^^^^^^^^^^^^^^^^^^^^^^^^^^

Error (6275): Source "lib/v4-core/src/interfaces/IPoolManager.sol" not found: File not found. Searched the following locations: "/Users/Jorge/.codex/worktrees/omerta-rc1-closure/Omerta/omerta-contracts".
ParserError: Source "lib/v4-core/src/interfaces/IPoolManager.sol" not found: File not found. Searched the following locations: "/Users/Jorge/.codex/worktrees/omerta-rc1-closure/Omerta/omerta-contracts".
 --> test/LiquidityBuybackExecutor.t.sol:6:1:
  |
6 | import {IPoolManager} from "v4-core/interfaces/IPoolManager.sol";
  | ^^^^^^^^^^^^^^^^^^^^^^^^^^^^^^^^^^^^^^^^^^^^^^^^^^^^^^^^^^^^^^^^^

Error (6275): Source "lib/v4-core/src/interfaces/IHooks.sol" not found: File not found. Searched the following locations: "/Users/Jorge/.codex/worktrees/omerta-rc1-closure/Omerta/omerta-contracts".
ParserError: Source "lib/v4-core/src/interfaces/IHooks.sol" not found: File not found. Searched the following locations: "/Users/Jorge/.codex/worktrees/omerta-rc1-closure/Omerta/omerta-contracts".
 --> test/LiquidityBuybackExecutor.t.sol:7:1:
  |
7 | import {IHooks} from "v4-core/interfaces/IHooks.sol";
  | ^^^^^^^^^^^^^^^^^^^^^^^^^^^^^^^^^^^^^^^^^^^^^^^^^^^^^

Error (6275): Source "lib/v4-core/src/libraries/Hooks.sol" not found: File not found. Searched the following locations: "/Users/Jorge/.codex/worktrees/omerta-rc1-closure/Omerta/omerta-contracts".
ParserError: Source "lib/v4-core/src/libraries/Hooks.sol" not found: File not found. Searched the following locations: "/Users/Jorge/.codex/worktrees/omerta-rc1-closure/Omerta/omerta-contracts".
 --> test/LiquidityBuybackExecutor.t.sol:8:1:
  |
8 | import {Hooks} from "v4-core/libraries/Hooks.sol";
  | ^^^^^^^^^^^^^^^^^^^^^^^^^^^^^^^^^^^^^^^^^^^^^^^^^^

Error (6275): Source "lib/v4-core/src/libraries/StateLibrary.sol" not found: File not found. Searched the following locations: "/Users/Jorge/.codex/worktrees/omerta-rc1-closure/Omerta/omerta-contracts".
ParserError: Source "lib/v4-core/src/libraries/StateLibrary.sol" not found: File not found. Searched the following locations: "/Users/Jorge/.codex/worktrees/omerta-rc1-closure/Omerta/omerta-contracts".
 --> test/LiquidityBuybackExecutor.t.sol:9:1:
  |
9 | import {StateLibrary} from "v4-core/libraries/StateLibrary.sol";
  | ^^^^^^^^^^^^^^^^^^^^^^^^^^^^^^^^^^^^^^^^^^^^^^^^^^^^^^^^^^^^^^^^

Error (6275): Source "lib/v4-core/src/types/PoolKey.sol" not found: File not found. Searched the following locations: "/Users/Jorge/.codex/worktrees/omerta-rc1-closure/Omerta/omerta-contracts".
ParserError: Source "lib/v4-core/src/types/PoolKey.sol" not found: File not found. Searched the following locations: "/Users/Jorge/.codex/worktrees/omerta-rc1-closure/Omerta/omerta-contracts".
  --> test/LiquidityBuybackExecutor.t.sol:10:1:
   |
10 | import {PoolKey} from "v4-core/types/PoolKey.sol";
   | ^^^^^^^^^^^^^^^^^^^^^^^^^^^^^^^^^^^^^^^^^^^^^^^^^^

Error (6275): Source "lib/v4-core/src/types/PoolId.sol" not found: File not found. Searched the following locations: "/Users/Jorge/.codex/worktrees/omerta-rc1-closure/Omerta/omerta-contracts".
ParserError: Source "lib/v4-core/src/types/PoolId.sol" not found: File not found. Searched the following locations: "/Users/Jorge/.codex/worktrees/omerta-rc1-closure/Omerta/omerta-contracts".
  --> test/LiquidityBuybackExecutor.t.sol:11:1:
   |
11 | import {PoolIdLibrary} from "v4-core/types/PoolId.sol";
   | ^^^^^^^^^^^^^^^^^^^^^^^^^^^^^^^^^^^^^^^^^^^^^^^^^^^^^^^

Error (6275): Source "lib/v4-core/src/types/Currency.sol" not found: File not found. Searched the following locations: "/Users/Jorge/.codex/worktrees/omerta-rc1-closure/Omerta/omerta-contracts".
ParserError: Source "lib/v4-core/src/types/Currency.sol" not found: File not found. Searched the following locations: "/Users/Jorge/.codex/worktrees/omerta-rc1-closure/Omerta/omerta-contracts".
  --> test/LiquidityBuybackExecutor.t.sol:12:1:
   |
12 | import {Currency} from "v4-core/types/Currency.sol";
   | ^^^^^^^^^^^^^^^^^^^^^^^^^^^^^^^^^^^^^^^^^^^^^^^^^^^^

Error (6275): Source "lib/v4-core/src/types/PoolOperation.sol" not found: File not found. Searched the following locations: "/Users/Jorge/.codex/worktrees/omerta-rc1-closure/Omerta/omerta-contracts".
ParserError: Source "lib/v4-core/src/types/PoolOperation.sol" not found: File not found. Searched the following locations: "/Users/Jorge/.codex/worktrees/omerta-rc1-closure/Omerta/omerta-contracts".
  --> test/LiquidityBuybackExecutor.t.sol:13:1:
   |
13 | import {ModifyLiquidityParams} from "v4-core/types/PoolOperation.sol";
   | ^^^^^^^^^^^^^^^^^^^^^^^^^^^^^^^^^^^^^^^^^^^^^^^^^^^^^^^^^^^^^^^^^^^^^^

Error (6275): Source "lib/v4-core/src/test/PoolModifyLiquidityTest.sol" not found: File not found. Searched the following locations: "/Users/Jorge/.codex/worktrees/omerta-rc1-closure/Omerta/omerta-contracts".
ParserError: Source "lib/v4-core/src/test/PoolModifyLiquidityTest.sol" not found: File not found. Searched the following locations: "/Users/Jorge/.codex/worktrees/omerta-rc1-closure/Omerta/omerta-contracts".
  --> test/LiquidityBuybackExecutor.t.sol:14:1:
   |
14 | import {PoolModifyLiquidityTest} from "v4-core/test/PoolModifyLiquidityTest.sol";
   | ^^^^^^^^^^^^^^^^^^^^^^^^^^^^^^^^^^^^^^^^^^^^^^^^^^^^^^^^^^^^^^^^^^^^^^^^^^^^^^^^^

Error (6275): Source "lib/openzeppelin-contracts/contracts/token/ERC20/ERC20.sol" not found: File not found. Searched the following locations: "/Users/Jorge/.codex/worktrees/omerta-rc1-closure/Omerta/omerta-contracts".
ParserError: Source "lib/openzeppelin-contracts/contracts/token/ERC20/ERC20.sol" not found: File not found. Searched the following locations: "/Users/Jorge/.codex/worktrees/omerta-rc1-closure/Omerta/omerta-contracts".
  --> test/LiquidityBuybackExecutor.t.sol:15:1:
   |
15 | import {ERC20} from "@openzeppelin/contracts/token/ERC20/ERC20.sol";
   | ^^^^^^^^^^^^^^^^^^^^^^^^^^^^^^^^^^^^^^^^^^^^^^^^^^^^^^^^^^^^^^^^^^^^

Error (6275): Source "lib/openzeppelin-contracts/contracts/token/ERC20/IERC20.sol" not found: File not found. Searched the following locations: "/Users/Jorge/.codex/worktrees/omerta-rc1-closure/Omerta/omerta-contracts".
ParserError: Source "lib/openzeppelin-contracts/contracts/token/ERC20/IERC20.sol" not found: File not found. Searched the following locations: "/Users/Jorge/.codex/worktrees/omerta-rc1-closure/Omerta/omerta-contracts".
  --> test/LiquidityBuybackExecutor.t.sol:16:1:
   |
16 | import {IERC20} from "@openzeppelin/contracts/token/ERC20/IERC20.sol";
   | ^^^^^^^^^^^^^^^^^^^^^^^^^^^^^^^^^^^^^^^^^^^^^^^^^^^^^^^^^^^^^^^^^^^^^^

Error (6275): Source "lib/openzeppelin-contracts/contracts/access/Ownable.sol" not found: File not found. Searched the following locations: "/Users/Jorge/.codex/worktrees/omerta-rc1-closure/Omerta/omerta-contracts".
ParserError: Source "lib/openzeppelin-contracts/contracts/access/Ownable.sol" not found: File not found. Searched the following locations: "/Users/Jorge/.codex/worktrees/omerta-rc1-closure/Omerta/omerta-contracts".
  --> test/LiquidityBuybackExecutor.t.sol:17:1:
   |
17 | import {Ownable} from "@openzeppelin/contracts/access/Ownable.sol";
   | ^^^^^^^^^^^^^^^^^^^^^^^^^^^^^^^^^^^^^^^^^^^^^^^^^^^^^^^^^^^^^^^^^^^

Error (6275): Source "lib/openzeppelin-contracts/contracts/utils/Pausable.sol" not found: File not found. Searched the following locations: "/Users/Jorge/.codex/worktrees/omerta-rc1-closure/Omerta/omerta-contracts".
ParserError: Source "lib/openzeppelin-contracts/contracts/utils/Pausable.sol" not found: File not found. Searched the following locations: "/Users/Jorge/.codex/worktrees/omerta-rc1-closure/Omerta/omerta-contracts".
  --> test/LiquidityBuybackExecutor.t.sol:18:1:
   |
18 | import {Pausable} from "@openzeppelin/contracts/utils/Pausable.sol";
   | ^^^^^^^^^^^^^^^^^^^^^^^^^^^^^^^^^^^^^^^^^^^^^^^^^^^^^^^^^^^^^^^^^^^^

Error (6275): Source "lib/openzeppelin-contracts/contracts/utils/ReentrancyGuard.sol" not found: File not found. Searched the following locations: "/Users/Jorge/.codex/worktrees/omerta-rc1-closure/Omerta/omerta-contracts".
ParserError: Source "lib/openzeppelin-contracts/contracts/utils/ReentrancyGuard.sol" not found: File not found. Searched the following locations: "/Users/Jorge/.codex/worktrees/omerta-rc1-closure/Omerta/omerta-contracts".
  --> test/LiquidityBuybackExecutor.t.sol:19:1:
   |
19 | import {ReentrancyGuard} from "@openzeppelin/contracts/utils/ReentrancyGuard.sol";
   | ^^^^^^^^^^^^^^^^^^^^^^^^^^^^^^^^^^^^^^^^^^^^^^^^^^^^^^^^^^^^^^^^^^^^^^^^^^^^^^^^^^

Error (6275): Source "forge-std/Test.sol" not found: File not found. Searched the following locations: "/Users/Jorge/.codex/worktrees/omerta-rc1-closure/Omerta/omerta-contracts".
ParserError: Source "forge-std/Test.sol" not found: File not found. Searched the following locations: "/Users/Jorge/.codex/worktrees/omerta-rc1-closure/Omerta/omerta-contracts".
 --> test/LiquidityRevenueAutomation.t.sol:4:1:
  |
4 | import {Test} from "forge-std/Test.sol";
  | ^^^^^^^^^^^^^^^^^^^^^^^^^^^^^^^^^^^^^^^^

Error (6275): Source "forge-std/StdInvariant.sol" not found: File not found. Searched the following locations: "/Users/Jorge/.codex/worktrees/omerta-rc1-closure/Omerta/omerta-contracts".
ParserError: Source "forge-std/StdInvariant.sol" not found: File not found. Searched the following locations: "/Users/Jorge/.codex/worktrees/omerta-rc1-closure/Omerta/omerta-contracts".
 --> test/LiquidityRevenueAutomation.t.sol:5:1:
  |
5 | import {StdInvariant} from "forge-std/StdInvariant.sol";
  | ^^^^^^^^^^^^^^^^^^^^^^^^^^^^^^^^^^^^^^^^^^^^^^^^^^^^^^^^

Error (6275): Source "forge-std/Vm.sol" not found: File not found. Searched the following locations: "/Users/Jorge/.codex/worktrees/omerta-rc1-closure/Omerta/omerta-contracts".
ParserError: Source "forge-std/Vm.sol" not found: File not found. Searched the following locations: "/Users/Jorge/.codex/worktrees/omerta-rc1-closure/Omerta/omerta-contracts".
 --> test/LiquidityRevenueAutomation.t.sol:6:1:
  |
6 | import {Vm} from "forge-std/Vm.sol";
  | ^^^^^^^^^^^^^^^^^^^^^^^^^^^^^^^^^^^^

Error (6275): Source "lib/openzeppelin-contracts/contracts/access/Ownable.sol" not found: File not found. Searched the following locations: "/Users/Jorge/.codex/worktrees/omerta-rc1-closure/Omerta/omerta-contracts".
ParserError: Source "lib/openzeppelin-contracts/contracts/access/Ownable.sol" not found: File not found. Searched the following locations: "/Users/Jorge/.codex/worktrees/omerta-rc1-closure/Omerta/omerta-contracts".
 --> test/LiquidityRevenueAutomation.t.sol:7:1:
  |
7 | import {Ownable} from "@openzeppelin/contracts/access/Ownable.sol";
  | ^^^^^^^^^^^^^^^^^^^^^^^^^^^^^^^^^^^^^^^^^^^^^^^^^^^^^^^^^^^^^^^^^^^

Error (6275): Source "lib/openzeppelin-contracts/contracts/utils/Pausable.sol" not found: File not found. Searched the following locations: "/Users/Jorge/.codex/worktrees/omerta-rc1-closure/Omerta/omerta-contracts".
ParserError: Source "lib/openzeppelin-contracts/contracts/utils/Pausable.sol" not found: File not found. Searched the following locations: "/Users/Jorge/.codex/worktrees/omerta-rc1-closure/Omerta/omerta-contracts".
 --> test/LiquidityRevenueAutomation.t.sol:8:1:
  |
8 | import {Pausable} from "@openzeppelin/contracts/utils/Pausable.sol";
  | ^^^^^^^^^^^^^^^^^^^^^^^^^^^^^^^^^^^^^^^^^^^^^^^^^^^^^^^^^^^^^^^^^^^^

Error (6275): Source "lib/openzeppelin-contracts/contracts/utils/ReentrancyGuard.sol" not found: File not found. Searched the following locations: "/Users/Jorge/.codex/worktrees/omerta-rc1-closure/Omerta/omerta-contracts".
ParserError: Source "lib/openzeppelin-contracts/contracts/utils/ReentrancyGuard.sol" not found: File not found. Searched the following locations: "/Users/Jorge/.codex/worktrees/omerta-rc1-closure/Omerta/omerta-contracts".
 --> test/LiquidityRevenueAutomation.t.sol:9:1:
  |
9 | import {ReentrancyGuard} from "@openzeppelin/contracts/utils/ReentrancyGuard.sol";
  | ^^^^^^^^^^^^^^^^^^^^^^^^^^^^^^^^^^^^^^^^^^^^^^^^^^^^^^^^^^^^^^^^^^^^^^^^^^^^^^^^^^

Error (6275): Source "forge-std/Test.sol" not found: File not found. Searched the following locations: "/Users/Jorge/.codex/worktrees/omerta-rc1-closure/Omerta/omerta-contracts".
ParserError: Source "forge-std/Test.sol" not found: File not found. Searched the following locations: "/Users/Jorge/.codex/worktrees/omerta-rc1-closure/Omerta/omerta-contracts".
 --> test/OMRTax.t.sol:4:1:
  |
4 | import {Test} from "forge-std/Test.sol";
  | ^^^^^^^^^^^^^^^^^^^^^^^^^^^^^^^^^^^^^^^^

Error (6275): Source "forge-std/Test.sol" not found: File not found. Searched the following locations: "/Users/Jorge/.codex/worktrees/omerta-rc1-closure/Omerta/omerta-contracts".
ParserError: Source "forge-std/Test.sol" not found: File not found. Searched the following locations: "/Users/Jorge/.codex/worktrees/omerta-rc1-closure/Omerta/omerta-contracts".
 --> test/Omerta.t.sol:4:1:
  |
4 | import {Test} from "forge-std/Test.sol";
  | ^^^^^^^^^^^^^^^^^^^^^^^^^^^^^^^^^^^^^^^^

Error (6275): Source "lib/openzeppelin-contracts/contracts/token/ERC20/IERC20.sol" not found: File not found. Searched the following locations: "/Users/Jorge/.codex/worktrees/omerta-rc1-closure/Omerta/omerta-contracts".
ParserError: Source "lib/openzeppelin-contracts/contracts/token/ERC20/IERC20.sol" not found: File not found. Searched the following locations: "/Users/Jorge/.codex/worktrees/omerta-rc1-closure/Omerta/omerta-contracts".
  --> test/Omerta.t.sol:10:1:
   |
10 | import {IERC20} from "@openzeppelin/contracts/token/ERC20/IERC20.sol";
   | ^^^^^^^^^^^^^^^^^^^^^^^^^^^^^^^^^^^^^^^^^^^^^^^^^^^^^^^^^^^^^^^^^^^^^^

Error (6275): Source "forge-std/Test.sol" not found: File not found. Searched the following locations: "/Users/Jorge/.codex/worktrees/omerta-rc1-closure/Omerta/omerta-contracts".
ParserError: Source "forge-std/Test.sol" not found: File not found. Searched the following locations: "/Users/Jorge/.codex/worktrees/omerta-rc1-closure/Omerta/omerta-contracts".
 --> test/OmertaBond.t.sol:4:1:
  |
4 | import {Test} from "forge-std/Test.sol";
  | ^^^^^^^^^^^^^^^^^^^^^^^^^^^^^^^^^^^^^^^^

Error (6275): Source "lib/openzeppelin-contracts/contracts/token/ERC20/IERC20.sol" not found: File not found. Searched the following locations: "/Users/Jorge/.codex/worktrees/omerta-rc1-closure/Omerta/omerta-contracts".
ParserError: Source "lib/openzeppelin-contracts/contracts/token/ERC20/IERC20.sol" not found: File not found. Searched the following locations: "/Users/Jorge/.codex/worktrees/omerta-rc1-closure/Omerta/omerta-contracts".
 --> test/OmertaBond.t.sol:8:1:
  |
8 | import {IERC20} from "@openzeppelin/contracts/token/ERC20/IERC20.sol";
  | ^^^^^^^^^^^^^^^^^^^^^^^^^^^^^^^^^^^^^^^^^^^^^^^^^^^^^^^^^^^^^^^^^^^^^^

Error (6275): Source "forge-std/Test.sol" not found: File not found. Searched the following locations: "/Users/Jorge/.codex/worktrees/omerta-rc1-closure/Omerta/omerta-contracts".
ParserError: Source "forge-std/Test.sol" not found: File not found. Searched the following locations: "/Users/Jorge/.codex/worktrees/omerta-rc1-closure/Omerta/omerta-contracts".
 --> test/OmertaHook.t.sol:4:1:
  |
4 | import {Test} from "forge-std/Test.sol";
  | ^^^^^^^^^^^^^^^^^^^^^^^^^^^^^^^^^^^^^^^^

Error (6275): Source "lib/v4-core/src/PoolManager.sol" not found: File not found. Searched the following locations: "/Users/Jorge/.codex/worktrees/omerta-rc1-closure/Omerta/omerta-contracts".
ParserError: Source "lib/v4-core/src/PoolManager.sol" not found: File not found. Searched the following locations: "/Users/Jorge/.codex/worktrees/omerta-rc1-closure/Omerta/omerta-contracts".
 --> test/OmertaHook.t.sol:5:1:
  |
5 | import {PoolManager} from "v4-core/PoolManager.sol";
  | ^^^^^^^^^^^^^^^^^^^^^^^^^^^^^^^^^^^^^^^^^^^^^^^^^^^^

Error (6275): Source "lib/v4-core/src/interfaces/IPoolManager.sol" not found: File not found. Searched the following locations: "/Users/Jorge/.codex/worktrees/omerta-rc1-closure/Omerta/omerta-contracts".
ParserError: Source "lib/v4-core/src/interfaces/IPoolManager.sol" not found: File not found. Searched the following locations: "/Users/Jorge/.codex/worktrees/omerta-rc1-closure/Omerta/omerta-contracts".
 --> test/OmertaHook.t.sol:6:1:
  |
6 | import {IPoolManager} from "v4-core/interfaces/IPoolManager.sol";
  | ^^^^^^^^^^^^^^^^^^^^^^^^^^^^^^^^^^^^^^^^^^^^^^^^^^^^^^^^^^^^^^^^^

Error (6275): Source "lib/v4-core/src/interfaces/IHooks.sol" not found: File not found. Searched the following locations: "/Users/Jorge/.codex/worktrees/omerta-rc1-closure/Omerta/omerta-contracts".
ParserError: Source "lib/v4-core/src/interfaces/IHooks.sol" not found: File not found. Searched the following locations: "/Users/Jorge/.codex/worktrees/omerta-rc1-closure/Omerta/omerta-contracts".
 --> test/OmertaHook.t.sol:7:1:
  |
7 | import {IHooks} from "v4-core/interfaces/IHooks.sol";
  | ^^^^^^^^^^^^^^^^^^^^^^^^^^^^^^^^^^^^^^^^^^^^^^^^^^^^^

Error (6275): Source "lib/v4-core/src/libraries/Hooks.sol" not found: File not found. Searched the following locations: "/Users/Jorge/.codex/worktrees/omerta-rc1-closure/Omerta/omerta-contracts".
ParserError: Source "lib/v4-core/src/libraries/Hooks.sol" not found: File not found. Searched the following locations: "/Users/Jorge/.codex/worktrees/omerta-rc1-closure/Omerta/omerta-contracts".
 --> test/OmertaHook.t.sol:8:1:
  |
8 | import {Hooks} from "v4-core/libraries/Hooks.sol";
  | ^^^^^^^^^^^^^^^^^^^^^^^^^^^^^^^^^^^^^^^^^^^^^^^^^^

Error (6275): Source "lib/v4-core/src/libraries/StateLibrary.sol" not found: File not found. Searched the following locations: "/Users/Jorge/.codex/worktrees/omerta-rc1-closure/Omerta/omerta-contracts".
ParserError: Source "lib/v4-core/src/libraries/StateLibrary.sol" not found: File not found. Searched the following locations: "/Users/Jorge/.codex/worktrees/omerta-rc1-closure/Omerta/omerta-contracts".
 --> test/OmertaHook.t.sol:9:1:
  |
9 | import {StateLibrary} from "v4-core/libraries/StateLibrary.sol";
  | ^^^^^^^^^^^^^^^^^^^^^^^^^^^^^^^^^^^^^^^^^^^^^^^^^^^^^^^^^^^^^^^^

Error (6275): Source "lib/v4-core/src/types/PoolKey.sol" not found: File not found. Searched the following locations: "/Users/Jorge/.codex/worktrees/omerta-rc1-closure/Omerta/omerta-contracts".
ParserError: Source "lib/v4-core/src/types/PoolKey.sol" not found: File not found. Searched the following locations: "/Users/Jorge/.codex/worktrees/omerta-rc1-closure/Omerta/omerta-contracts".
  --> test/OmertaHook.t.sol:10:1:
   |
10 | import {PoolKey} from "v4-core/types/PoolKey.sol";
   | ^^^^^^^^^^^^^^^^^^^^^^^^^^^^^^^^^^^^^^^^^^^^^^^^^^

Error (6275): Source "lib/v4-core/src/types/PoolId.sol" not found: File not found. Searched the following locations: "/Users/Jorge/.codex/worktrees/omerta-rc1-closure/Omerta/omerta-contracts".
ParserError: Source "lib/v4-core/src/types/PoolId.sol" not found: File not found. Searched the following locations: "/Users/Jorge/.codex/worktrees/omerta-rc1-closure/Omerta/omerta-contracts".
  --> test/OmertaHook.t.sol:11:1:
   |
11 | import {PoolId} from "v4-core/types/PoolId.sol";
   | ^^^^^^^^^^^^^^^^^^^^^^^^^^^^^^^^^^^^^^^^^^^^^^^^

Error (6275): Source "lib/v4-core/src/types/Currency.sol" not found: File not found. Searched the following locations: "/Users/Jorge/.codex/worktrees/omerta-rc1-closure/Omerta/omerta-contracts".
ParserError: Source "lib/v4-core/src/types/Currency.sol" not found: File not found. Searched the following locations: "/Users/Jorge/.codex/worktrees/omerta-rc1-closure/Omerta/omerta-contracts".
  --> test/OmertaHook.t.sol:12:1:
   |
12 | import {Currency} from "v4-core/types/Currency.sol";
   | ^^^^^^^^^^^^^^^^^^^^^^^^^^^^^^^^^^^^^^^^^^^^^^^^^^^^

Warning (4013): There are more than 256 errors. Aborting.
Warning (4013): There are more than 256 errors. Aborting.
Warning (4013): There are more than 256 errors. Aborting.
Warning (4013): There are more than 256 errors. Aborting.
Warning (4013): There are more than 256 errors. Aborting.
Warning (4013): There are more than 256 errors. Aborting.
Warning (4013): There are more than 256 errors. Aborting.
Warning (4013): There are more than 256 errors. Aborting.
Warning (4013): There are more than 256 errors. Aborting.
Warning (4013): There are more than 256 errors. Aborting.
Warning (4013): There are more than 256 errors. Aborting.
Warning (4013): There are more than 256 errors. Aborting.
Warning (4013): There are more than 256 errors. Aborting.
Warning (4013): There are more than 256 errors. Aborting.
Warning (4013): There are more than 256 errors. Aborting.
Warning (4013): There are more than 256 errors. Aborting.
Warning (4013): There are more than 256 errors. Aborting.
Warning (4013): There are more than 256 errors. Aborting.
Warning (4013): There are more than 256 errors. Aborting.
Warning (4013): There are more than 256 errors. Aborting.
Warning (4013): There are more than 256 errors. Aborting.
Warning (4013): There are more than 256 errors. Aborting.
Warning (4013): There are more than 256 errors. Aborting.
Warning (4013): There are more than 256 errors. Aborting.
Warning (4013): There are more than 256 errors. Aborting.
Warning (4013): There are more than 256 errors. Aborting.
Warning (4013): There are more than 256 errors. Aborting.
Error (6275): Source "lib/openzeppelin-contracts/contracts/access/Ownable.sol" not found: File not found. Searched the following locations: "/Users/Jorge/.codex/worktrees/omerta-rc1-closure/Omerta/omerta-contracts".
ParserError: Source "lib/openzeppelin-contracts/contracts/access/Ownable.sol" not found: File not found. Searched the following locations: "/Users/Jorge/.codex/worktrees/omerta-rc1-closure/Omerta/omerta-contracts".
 --> src/AcquisitionAuthority.sol:4:1:
  |
4 | import {Ownable} from "@openzeppelin/contracts/access/Ownable.sol";
  | ^^^^^^^^^^^^^^^^^^^^^^^^^^^^^^^^^^^^^^^^^^^^^^^^^^^^^^^^^^^^^^^^^^^

Error (6275): Source "lib/openzeppelin-contracts/contracts/access/Ownable2Step.sol" not found: File not found. Searched the following locations: "/Users/Jorge/.codex/worktrees/omerta-rc1-closure/Omerta/omerta-contracts".
ParserError: Source "lib/openzeppelin-contracts/contracts/access/Ownable2Step.sol" not found: File not found. Searched the following locations: "/Users/Jorge/.codex/worktrees/omerta-rc1-closure/Omerta/omerta-contracts".
 --> src/AcquisitionAuthority.sol:5:1:
  |
5 | import {Ownable2Step} from "@openzeppelin/contracts/access/Ownable2Step.sol";
  | ^^^^^^^^^^^^^^^^^^^^^^^^^^^^^^^^^^^^^^^^^^^^^^^^^^^^^^^^^^^^^^^^^^^^^^^^^^^^^

Error (6275): Source "lib/openzeppelin-contracts/contracts/utils/cryptography/EIP712.sol" not found: File not found. Searched the following locations: "/Users/Jorge/.codex/worktrees/omerta-rc1-closure/Omerta/omerta-contracts".
ParserError: Source "lib/openzeppelin-contracts/contracts/utils/cryptography/EIP712.sol" not found: File not found. Searched the following locations: "/Users/Jorge/.codex/worktrees/omerta-rc1-closure/Omerta/omerta-contracts".
 --> src/AcquisitionAuthority.sol:6:1:
  |
6 | import {EIP712} from "@openzeppelin/contracts/utils/cryptography/EIP712.sol";
  | ^^^^^^^^^^^^^^^^^^^^^^^^^^^^^^^^^^^^^^^^^^^^^^^^^^^^^^^^^^^^^^^^^^^^^^^^^^^^^

Error (6275): Source "lib/openzeppelin-contracts/contracts/utils/Pausable.sol" not found: File not found. Searched the following locations: "/Users/Jorge/.codex/worktrees/omerta-rc1-closure/Omerta/omerta-contracts".
ParserError: Source "lib/openzeppelin-contracts/contracts/utils/Pausable.sol" not found: File not found. Searched the following locations: "/Users/Jorge/.codex/worktrees/omerta-rc1-closure/Omerta/omerta-contracts".
 --> src/AcquisitionAuthority.sol:7:1:
  |
7 | import {Pausable} from "@openzeppelin/contracts/utils/Pausable.sol";
  | ^^^^^^^^^^^^^^^^^^^^^^^^^^^^^^^^^^^^^^^^^^^^^^^^^^^^^^^^^^^^^^^^^^^^

Error (6275): Source "lib/openzeppelin-contracts/contracts/utils/ReentrancyGuard.sol" not found: File not found. Searched the following locations: "/Users/Jorge/.codex/worktrees/omerta-rc1-closure/Omerta/omerta-contracts".
ParserError: Source "lib/openzeppelin-contracts/contracts/utils/ReentrancyGuard.sol" not found: File not found. Searched the following locations: "/Users/Jorge/.codex/worktrees/omerta-rc1-closure/Omerta/omerta-contracts".
 --> src/AcquisitionAuthority.sol:8:1:
  |
8 | import {ReentrancyGuard} from "@openzeppelin/contracts/utils/ReentrancyGuard.sol";
  | ^^^^^^^^^^^^^^^^^^^^^^^^^^^^^^^^^^^^^^^^^^^^^^^^^^^^^^^^^^^^^^^^^^^^^^^^^^^^^^^^^^

Error (6275): Source "lib/openzeppelin-contracts/contracts/utils/ReentrancyGuard.sol" not found: File not found. Searched the following locations: "/Users/Jorge/.codex/worktrees/omerta-rc1-closure/Omerta/omerta-contracts".
ParserError: Source "lib/openzeppelin-contracts/contracts/utils/ReentrancyGuard.sol" not found: File not found. Searched the following locations: "/Users/Jorge/.codex/worktrees/omerta-rc1-closure/Omerta/omerta-contracts".
 --> src/AcquisitionVaultCore.sol:3:1:
  |
3 | import {ReentrancyGuard} from "@openzeppelin/contracts/utils/ReentrancyGuard.sol";
  | ^^^^^^^^^^^^^^^^^^^^^^^^^^^^^^^^^^^^^^^^^^^^^^^^^^^^^^^^^^^^^^^^^^^^^^^^^^^^^^^^^^

Error (6275): Source "lib/openzeppelin-contracts/contracts/access/Ownable2Step.sol" not found: File not found. Searched the following locations: "/Users/Jorge/.codex/worktrees/omerta-rc1-closure/Omerta/omerta-contracts".
ParserError: Source "lib/openzeppelin-contracts/contracts/access/Ownable2Step.sol" not found: File not found. Searched the following locations: "/Users/Jorge/.codex/worktrees/omerta-rc1-closure/Omerta/omerta-contracts".
 --> src/GenesisLifecycleController.sol:4:1:
  |
4 | import {Ownable2Step, Ownable} from "@openzeppelin/contracts/access/Ownable2Step.sol";
  | ^^^^^^^^^^^^^^^^^^^^^^^^^^^^^^^^^^^^^^^^^^^^^^^^^^^^^^^^^^^^^^^^^^^^^^^^^^^^^^^^^^^^^^

Error (6275): Source "lib/openzeppelin-contracts/contracts/utils/ReentrancyGuard.sol" not found: File not found. Searched the following locations: "/Users/Jorge/.codex/worktrees/omerta-rc1-closure/Omerta/omerta-contracts".
ParserError: Source "lib/openzeppelin-contracts/contracts/utils/ReentrancyGuard.sol" not found: File not found. Searched the following locations: "/Users/Jorge/.codex/worktrees/omerta-rc1-closure/Omerta/omerta-contracts".
 --> src/GenesisLifecycleController.sol:5:1:
  |
5 | import {ReentrancyGuard} from "@openzeppelin/contracts/utils/ReentrancyGuard.sol";
  | ^^^^^^^^^^^^^^^^^^^^^^^^^^^^^^^^^^^^^^^^^^^^^^^^^^^^^^^^^^^^^^^^^^^^^^^^^^^^^^^^^^

Error (6275): Source "lib/openzeppelin-contracts/contracts/token/ERC20/IERC20.sol" not found: File not found. Searched the following locations: "/Users/Jorge/.codex/worktrees/omerta-rc1-closure/Omerta/omerta-contracts".
ParserError: Source "lib/openzeppelin-contracts/contracts/token/ERC20/IERC20.sol" not found: File not found. Searched the following locations: "/Users/Jorge/.codex/worktrees/omerta-rc1-closure/Omerta/omerta-contracts".
 --> src/GenesisLifecycleController.sol:6:1:
  |
6 | import {IERC20} from "@openzeppelin/contracts/token/ERC20/IERC20.sol";
  | ^^^^^^^^^^^^^^^^^^^^^^^^^^^^^^^^^^^^^^^^^^^^^^^^^^^^^^^^^^^^^^^^^^^^^^

Error (6275): Source "lib/openzeppelin-contracts/contracts/token/ERC20/utils/SafeERC20.sol" not found: File not found. Searched the following locations: "/Users/Jorge/.codex/worktrees/omerta-rc1-closure/Omerta/omerta-contracts".
ParserError: Source "lib/openzeppelin-contracts/contracts/token/ERC20/utils/SafeERC20.sol" not found: File not found. Searched the following locations: "/Users/Jorge/.codex/worktrees/omerta-rc1-closure/Omerta/omerta-contracts".
 --> src/GenesisLifecycleController.sol:7:1:
  |
7 | import {SafeERC20} from "@openzeppelin/contracts/token/ERC20/utils/SafeERC20.sol";
  | ^^^^^^^^^^^^^^^^^^^^^^^^^^^^^^^^^^^^^^^^^^^^^^^^^^^^^^^^^^^^^^^^^^^^^^^^^^^^^^^^^^

Error (6275): Source "lib/v4-core/src/types/PoolId.sol" not found: File not found. Searched the following locations: "/Users/Jorge/.codex/worktrees/omerta-rc1-closure/Omerta/omerta-contracts".
ParserError: Source "lib/v4-core/src/types/PoolId.sol" not found: File not found. Searched the following locations: "/Users/Jorge/.codex/worktrees/omerta-rc1-closure/Omerta/omerta-contracts".
  --> src/GenesisLifecycleController.sol:10:1:
   |
10 | import {PoolId, PoolIdLibrary} from "v4-core/types/PoolId.sol";
   | ^^^^^^^^^^^^^^^^^^^^^^^^^^^^^^^^^^^^^^^^^^^^^^^^^^^^^^^^^^^^^^^

Error (6275): Source "lib/v4-core/src/types/PoolKey.sol" not found: File not found. Searched the following locations: "/Users/Jorge/.codex/worktrees/omerta-rc1-closure/Omerta/omerta-contracts".
ParserError: Source "lib/v4-core/src/types/PoolKey.sol" not found: File not found. Searched the following locations: "/Users/Jorge/.codex/worktrees/omerta-rc1-closure/Omerta/omerta-contracts".
  --> src/GenesisLifecycleController.sol:11:1:
   |
11 | import {PoolKey} from "v4-core/types/PoolKey.sol";
   | ^^^^^^^^^^^^^^^^^^^^^^^^^^^^^^^^^^^^^^^^^^^^^^^^^^

Error (6275): Source "lib/v4-core/src/types/Currency.sol" not found: File not found. Searched the following locations: "/Users/Jorge/.codex/worktrees/omerta-rc1-closure/Omerta/omerta-contracts".
ParserError: Source "lib/v4-core/src/types/Currency.sol" not found: File not found. Searched the following locations: "/Users/Jorge/.codex/worktrees/omerta-rc1-closure/Omerta/omerta-contracts".
  --> src/GenesisLifecycleController.sol:12:1:
   |
12 | import {Currency} from "v4-core/types/Currency.sol";
   | ^^^^^^^^^^^^^^^^^^^^^^^^^^^^^^^^^^^^^^^^^^^^^^^^^^^^

Error (6275): Source "lib/v4-core/src/interfaces/IHooks.sol" not found: File not found. Searched the following locations: "/Users/Jorge/.codex/worktrees/omerta-rc1-closure/Omerta/omerta-contracts".
ParserError: Source "lib/v4-core/src/interfaces/IHooks.sol" not found: File not found. Searched the following locations: "/Users/Jorge/.codex/worktrees/omerta-rc1-closure/Omerta/omerta-contracts".
  --> src/GenesisLifecycleController.sol:13:1:
   |
13 | import {IHooks} from "v4-core/interfaces/IHooks.sol";
   | ^^^^^^^^^^^^^^^^^^^^^^^^^^^^^^^^^^^^^^^^^^^^^^^^^^^^^

Error (6275): Source "lib/openzeppelin-contracts/contracts/token/ERC20/IERC20.sol" not found: File not found. Searched the following locations: "/Users/Jorge/.codex/worktrees/omerta-rc1-closure/Omerta/omerta-contracts".
ParserError: Source "lib/openzeppelin-contracts/contracts/token/ERC20/IERC20.sol" not found: File not found. Searched the following locations: "/Users/Jorge/.codex/worktrees/omerta-rc1-closure/Omerta/omerta-contracts".
 --> src/GenesisProceedsSplitter.sol:4:1:
  |
4 | import {IERC20} from "@openzeppelin/contracts/token/ERC20/IERC20.sol";
  | ^^^^^^^^^^^^^^^^^^^^^^^^^^^^^^^^^^^^^^^^^^^^^^^^^^^^^^^^^^^^^^^^^^^^^^

Error (6275): Source "lib/openzeppelin-contracts/contracts/token/ERC20/utils/SafeERC20.sol" not found: File not found. Searched the following locations: "/Users/Jorge/.codex/worktrees/omerta-rc1-closure/Omerta/omerta-contracts".
ParserError: Source "lib/openzeppelin-contracts/contracts/token/ERC20/utils/SafeERC20.sol" not found: File not found. Searched the following locations: "/Users/Jorge/.codex/worktrees/omerta-rc1-closure/Omerta/omerta-contracts".
 --> src/GenesisProceedsSplitter.sol:5:1:
  |
5 | import {SafeERC20} from "@openzeppelin/contracts/token/ERC20/utils/SafeERC20.sol";
  | ^^^^^^^^^^^^^^^^^^^^^^^^^^^^^^^^^^^^^^^^^^^^^^^^^^^^^^^^^^^^^^^^^^^^^^^^^^^^^^^^^^

Error (6275): Source "lib/openzeppelin-contracts/contracts/utils/ReentrancyGuard.sol" not found: File not found. Searched the following locations: "/Users/Jorge/.codex/worktrees/omerta-rc1-closure/Omerta/omerta-contracts".
ParserError: Source "lib/openzeppelin-contracts/contracts/utils/ReentrancyGuard.sol" not found: File not found. Searched the following locations: "/Users/Jorge/.codex/worktrees/omerta-rc1-closure/Omerta/omerta-contracts".
 --> src/GenesisProceedsSplitter.sol:6:1:
  |
6 | import {ReentrancyGuard} from "@openzeppelin/contracts/utils/ReentrancyGuard.sol";
  | ^^^^^^^^^^^^^^^^^^^^^^^^^^^^^^^^^^^^^^^^^^^^^^^^^^^^^^^^^^^^^^^^^^^^^^^^^^^^^^^^^^

Error (6275): Source "lib/v4-core/src/interfaces/IPoolManager.sol" not found: File not found. Searched the following locations: "/Users/Jorge/.codex/worktrees/omerta-rc1-closure/Omerta/omerta-contracts".
ParserError: Source "lib/v4-core/src/interfaces/IPoolManager.sol" not found: File not found. Searched the following locations: "/Users/Jorge/.codex/worktrees/omerta-rc1-closure/Omerta/omerta-contracts".
 --> src/GenesisProceedsSplitter.sol:7:1:
  |
7 | import {IPoolManager} from "v4-core/interfaces/IPoolManager.sol";
  | ^^^^^^^^^^^^^^^^^^^^^^^^^^^^^^^^^^^^^^^^^^^^^^^^^^^^^^^^^^^^^^^^^

Error (6275): Source "lib/v4-core/src/types/PoolId.sol" not found: File not found. Searched the following locations: "/Users/Jorge/.codex/worktrees/omerta-rc1-closure/Omerta/omerta-contracts".
ParserError: Source "lib/v4-core/src/types/PoolId.sol" not found: File not found. Searched the following locations: "/Users/Jorge/.codex/worktrees/omerta-rc1-closure/Omerta/omerta-contracts".
 --> src/GenesisProceedsSplitter.sol:8:1:
  |
8 | import {PoolId} from "v4-core/types/PoolId.sol";
  | ^^^^^^^^^^^^^^^^^^^^^^^^^^^^^^^^^^^^^^^^^^^^^^^^

Error (6275): Source "lib/v4-core/src/libraries/StateLibrary.sol" not found: File not found. Searched the following locations: "/Users/Jorge/.codex/worktrees/omerta-rc1-closure/Omerta/omerta-contracts".
ParserError: Source "lib/v4-core/src/libraries/StateLibrary.sol" not found: File not found. Searched the following locations: "/Users/Jorge/.codex/worktrees/omerta-rc1-closure/Omerta/omerta-contracts".
 --> src/GenesisProceedsSplitter.sol:9:1:
  |
9 | import {StateLibrary} from "v4-core/libraries/StateLibrary.sol";
  | ^^^^^^^^^^^^^^^^^^^^^^^^^^^^^^^^^^^^^^^^^^^^^^^^^^^^^^^^^^^^^^^^

Error (6275): Source "lib/openzeppelin-contracts/contracts/access/Ownable2Step.sol" not found: File not found. Searched the following locations: "/Users/Jorge/.codex/worktrees/omerta-rc1-closure/Omerta/omerta-contracts".
ParserError: Source "lib/openzeppelin-contracts/contracts/access/Ownable2Step.sol" not found: File not found. Searched the following locations: "/Users/Jorge/.codex/worktrees/omerta-rc1-closure/Omerta/omerta-contracts".
 --> src/LiquidityBuybackExecutor.sol:4:1:
  |
4 | import {Ownable2Step, Ownable} from "@openzeppelin/contracts/access/Ownable2Step.sol";
  | ^^^^^^^^^^^^^^^^^^^^^^^^^^^^^^^^^^^^^^^^^^^^^^^^^^^^^^^^^^^^^^^^^^^^^^^^^^^^^^^^^^^^^^

Error (6275): Source "lib/openzeppelin-contracts/contracts/utils/Pausable.sol" not found: File not found. Searched the following locations: "/Users/Jorge/.codex/worktrees/omerta-rc1-closure/Omerta/omerta-contracts".
ParserError: Source "lib/openzeppelin-contracts/contracts/utils/Pausable.sol" not found: File not found. Searched the following locations: "/Users/Jorge/.codex/worktrees/omerta-rc1-closure/Omerta/omerta-contracts".
 --> src/LiquidityBuybackExecutor.sol:5:1:
  |
5 | import {Pausable} from "@openzeppelin/contracts/utils/Pausable.sol";
  | ^^^^^^^^^^^^^^^^^^^^^^^^^^^^^^^^^^^^^^^^^^^^^^^^^^^^^^^^^^^^^^^^^^^^

Error (6275): Source "lib/openzeppelin-contracts/contracts/utils/ReentrancyGuard.sol" not found: File not found. Searched the following locations: "/Users/Jorge/.codex/worktrees/omerta-rc1-closure/Omerta/omerta-contracts".
ParserError: Source "lib/openzeppelin-contracts/contracts/utils/ReentrancyGuard.sol" not found: File not found. Searched the following locations: "/Users/Jorge/.codex/worktrees/omerta-rc1-closure/Omerta/omerta-contracts".
 --> src/LiquidityBuybackExecutor.sol:6:1:
  |
6 | import {ReentrancyGuard} from "@openzeppelin/contracts/utils/ReentrancyGuard.sol";
  | ^^^^^^^^^^^^^^^^^^^^^^^^^^^^^^^^^^^^^^^^^^^^^^^^^^^^^^^^^^^^^^^^^^^^^^^^^^^^^^^^^^

Error (6275): Source "lib/openzeppelin-contracts/contracts/token/ERC20/IERC20.sol" not found: File not found. Searched the following locations: "/Users/Jorge/.codex/worktrees/omerta-rc1-closure/Omerta/omerta-contracts".
ParserError: Source "lib/openzeppelin-contracts/contracts/token/ERC20/IERC20.sol" not found: File not found. Searched the following locations: "/Users/Jorge/.codex/worktrees/omerta-rc1-closure/Omerta/omerta-contracts".
 --> src/LiquidityBuybackExecutor.sol:7:1:
  |
7 | import {IERC20} from "@openzeppelin/contracts/token/ERC20/IERC20.sol";
  | ^^^^^^^^^^^^^^^^^^^^^^^^^^^^^^^^^^^^^^^^^^^^^^^^^^^^^^^^^^^^^^^^^^^^^^

Error (6275): Source "lib/openzeppelin-contracts/contracts/token/ERC20/utils/SafeERC20.sol" not found: File not found. Searched the following locations: "/Users/Jorge/.codex/worktrees/omerta-rc1-closure/Omerta/omerta-contracts".
ParserError: Source "lib/openzeppelin-contracts/contracts/token/ERC20/utils/SafeERC20.sol" not found: File not found. Searched the following locations: "/Users/Jorge/.codex/worktrees/omerta-rc1-closure/Omerta/omerta-contracts".
 --> src/LiquidityBuybackExecutor.sol:8:1:
  |
8 | import {SafeERC20} from "@openzeppelin/contracts/token/ERC20/utils/SafeERC20.sol";
  | ^^^^^^^^^^^^^^^^^^^^^^^^^^^^^^^^^^^^^^^^^^^^^^^^^^^^^^^^^^^^^^^^^^^^^^^^^^^^^^^^^^

Error (6275): Source "lib/openzeppelin-contracts/contracts/utils/math/Math.sol" not found: File not found. Searched the following locations: "/Users/Jorge/.codex/worktrees/omerta-rc1-closure/Omerta/omerta-contracts".
ParserError: Source "lib/openzeppelin-contracts/contracts/utils/math/Math.sol" not found: File not found. Searched the following locations: "/Users/Jorge/.codex/worktrees/omerta-rc1-closure/Omerta/omerta-contracts".
 --> src/LiquidityBuybackExecutor.sol:9:1:
  |
9 | import {Math} from "@openzeppelin/contracts/utils/math/Math.sol";
  | ^^^^^^^^^^^^^^^^^^^^^^^^^^^^^^^^^^^^^^^^^^^^^^^^^^^^^^^^^^^^^^^^^

Error (6275): Source "lib/v4-core/src/interfaces/IPoolManager.sol" not found: File not found. Searched the following locations: "/Users/Jorge/.codex/worktrees/omerta-rc1-closure/Omerta/omerta-contracts".
ParserError: Source "lib/v4-core/src/interfaces/IPoolManager.sol" not found: File not found. Searched the following locations: "/Users/Jorge/.codex/worktrees/omerta-rc1-closure/Omerta/omerta-contracts".
  --> src/LiquidityBuybackExecutor.sol:10:1:
   |
10 | import {IPoolManager} from "v4-core/interfaces/IPoolManager.sol";
   | ^^^^^^^^^^^^^^^^^^^^^^^^^^^^^^^^^^^^^^^^^^^^^^^^^^^^^^^^^^^^^^^^^

Error (6275): Source "lib/v4-core/src/interfaces/callback/IUnlockCallback.sol" not found: File not found. Searched the following locations: "/Users/Jorge/.codex/worktrees/omerta-rc1-closure/Omerta/omerta-contracts".
ParserError: Source "lib/v4-core/src/interfaces/callback/IUnlockCallback.sol" not found: File not found. Searched the following locations: "/Users/Jorge/.codex/worktrees/omerta-rc1-closure/Omerta/omerta-contracts".
  --> src/LiquidityBuybackExecutor.sol:11:1:
   |
11 | import {IUnlockCallback} from "v4-core/interfaces/callback/IUnlockCallback.sol";
   | ^^^^^^^^^^^^^^^^^^^^^^^^^^^^^^^^^^^^^^^^^^^^^^^^^^^^^^^^^^^^^^^^^^^^^^^^^^^^^^^^

Error (6275): Source "lib/v4-core/src/types/PoolKey.sol" not found: File not found. Searched the following locations: "/Users/Jorge/.codex/worktrees/omerta-rc1-closure/Omerta/omerta-contracts".
ParserError: Source "lib/v4-core/src/types/PoolKey.sol" not found: File not found. Searched the following locations: "/Users/Jorge/.codex/worktrees/omerta-rc1-closure/Omerta/omerta-contracts".
  --> src/LiquidityBuybackExecutor.sol:12:1:
   |
12 | import {PoolKey} from "v4-core/types/PoolKey.sol";
   | ^^^^^^^^^^^^^^^^^^^^^^^^^^^^^^^^^^^^^^^^^^^^^^^^^^

Error (6275): Source "lib/v4-core/src/types/PoolId.sol" not found: File not found. Searched the following locations: "/Users/Jorge/.codex/worktrees/omerta-rc1-closure/Omerta/omerta-contracts".
ParserError: Source "lib/v4-core/src/types/PoolId.sol" not found: File not found. Searched the following locations: "/Users/Jorge/.codex/worktrees/omerta-rc1-closure/Omerta/omerta-contracts".
  --> src/LiquidityBuybackExecutor.sol:13:1:
   |
13 | import {PoolId, PoolIdLibrary} from "v4-core/types/PoolId.sol";
   | ^^^^^^^^^^^^^^^^^^^^^^^^^^^^^^^^^^^^^^^^^^^^^^^^^^^^^^^^^^^^^^^

Error (6275): Source "lib/v4-core/src/types/Currency.sol" not found: File not found. Searched the following locations: "/Users/Jorge/.codex/worktrees/omerta-rc1-closure/Omerta/omerta-contracts".
ParserError: Source "lib/v4-core/src/types/Currency.sol" not found: File not found. Searched the following locations: "/Users/Jorge/.codex/worktrees/omerta-rc1-closure/Omerta/omerta-contracts".
  --> src/LiquidityBuybackExecutor.sol:14:1:
   |
14 | import {Currency} from "v4-core/types/Currency.sol";
   | ^^^^^^^^^^^^^^^^^^^^^^^^^^^^^^^^^^^^^^^^^^^^^^^^^^^^

Error (6275): Source "lib/v4-core/src/types/BalanceDelta.sol" not found: File not found. Searched the following locations: "/Users/Jorge/.codex/worktrees/omerta-rc1-closure/Omerta/omerta-contracts".
ParserError: Source "lib/v4-core/src/types/BalanceDelta.sol" not found: File not found. Searched the following locations: "/Users/Jorge/.codex/worktrees/omerta-rc1-closure/Omerta/omerta-contracts".
  --> src/LiquidityBuybackExecutor.sol:15:1:
   |
15 | import {BalanceDelta} from "v4-core/types/BalanceDelta.sol";
   | ^^^^^^^^^^^^^^^^^^^^^^^^^^^^^^^^^^^^^^^^^^^^^^^^^^^^^^^^^^^^

Error (6275): Source "lib/v4-core/src/types/PoolOperation.sol" not found: File not found. Searched the following locations: "/Users/Jorge/.codex/worktrees/omerta-rc1-closure/Omerta/omerta-contracts".
ParserError: Source "lib/v4-core/src/types/PoolOperation.sol" not found: File not found. Searched the following locations: "/Users/Jorge/.codex/worktrees/omerta-rc1-closure/Omerta/omerta-contracts".
  --> src/LiquidityBuybackExecutor.sol:16:1:
   |
16 | import {SwapParams} from "v4-core/types/PoolOperation.sol";
   | ^^^^^^^^^^^^^^^^^^^^^^^^^^^^^^^^^^^^^^^^^^^^^^^^^^^^^^^^^^^

Error (6275): Source "lib/v4-core/src/libraries/TickMath.sol" not found: File not found. Searched the following locations: "/Users/Jorge/.codex/worktrees/omerta-rc1-closure/Omerta/omerta-contracts".
ParserError: Source "lib/v4-core/src/libraries/TickMath.sol" not found: File not found. Searched the following locations: "/Users/Jorge/.codex/worktrees/omerta-rc1-closure/Omerta/omerta-contracts".
  --> src/LiquidityBuybackExecutor.sol:17:1:
   |
17 | import {TickMath} from "v4-core/libraries/TickMath.sol";
   | ^^^^^^^^^^^^^^^^^^^^^^^^^^^^^^^^^^^^^^^^^^^^^^^^^^^^^^^^

Error (6275): Source "lib/openzeppelin-contracts/contracts/token/ERC20/ERC20.sol" not found: File not found. Searched the following locations: "/Users/Jorge/.codex/worktrees/omerta-rc1-closure/Omerta/omerta-contracts".
ParserError: Source "lib/openzeppelin-contracts/contracts/token/ERC20/ERC20.sol" not found: File not found. Searched the following locations: "/Users/Jorge/.codex/worktrees/omerta-rc1-closure/Omerta/omerta-contracts".
 --> src/OMR.sol:4:1:
  |
4 | import {ERC20} from "@openzeppelin/contracts/token/ERC20/ERC20.sol";
  | ^^^^^^^^^^^^^^^^^^^^^^^^^^^^^^^^^^^^^^^^^^^^^^^^^^^^^^^^^^^^^^^^^^^^

Error (6275): Source "lib/openzeppelin-contracts/contracts/token/ERC20/extensions/ERC20Permit.sol" not found: File not found. Searched the following locations: "/Users/Jorge/.codex/worktrees/omerta-rc1-closure/Omerta/omerta-contracts".
ParserError: Source "lib/openzeppelin-contracts/contracts/token/ERC20/extensions/ERC20Permit.sol" not found: File not found. Searched the following locations: "/Users/Jorge/.codex/worktrees/omerta-rc1-closure/Omerta/omerta-contracts".
 --> src/OMR.sol:5:1:
  |
5 | import {ERC20Permit} from "@openzeppelin/contracts/token/ERC20/extensions/ERC20Permit.sol";
  | ^^^^^^^^^^^^^^^^^^^^^^^^^^^^^^^^^^^^^^^^^^^^^^^^^^^^^^^^^^^^^^^^^^^^^^^^^^^^^^^^^^^^^^^^^^^

Error (6275): Source "lib/openzeppelin-contracts/contracts/access/Ownable.sol" not found: File not found. Searched the following locations: "/Users/Jorge/.codex/worktrees/omerta-rc1-closure/Omerta/omerta-contracts".
ParserError: Source "lib/openzeppelin-contracts/contracts/access/Ownable.sol" not found: File not found. Searched the following locations: "/Users/Jorge/.codex/worktrees/omerta-rc1-closure/Omerta/omerta-contracts".
 --> src/OMR.sol:6:1:
  |
6 | import {Ownable} from "@openzeppelin/contracts/access/Ownable.sol";
  | ^^^^^^^^^^^^^^^^^^^^^^^^^^^^^^^^^^^^^^^^^^^^^^^^^^^^^^^^^^^^^^^^^^^

Error (6275): Source "lib/openzeppelin-contracts/contracts/access/Ownable2Step.sol" not found: File not found. Searched the following locations: "/Users/Jorge/.codex/worktrees/omerta-rc1-closure/Omerta/omerta-contracts".
ParserError: Source "lib/openzeppelin-contracts/contracts/access/Ownable2Step.sol" not found: File not found. Searched the following locations: "/Users/Jorge/.codex/worktrees/omerta-rc1-closure/Omerta/omerta-contracts".
 --> src/OMR.sol:7:1:
  |
7 | import {Ownable2Step} from "@openzeppelin/contracts/access/Ownable2Step.sol";
  | ^^^^^^^^^^^^^^^^^^^^^^^^^^^^^^^^^^^^^^^^^^^^^^^^^^^^^^^^^^^^^^^^^^^^^^^^^^^^^

Error (6275): Source "lib/openzeppelin-contracts/contracts/access/Ownable.sol" not found: File not found. Searched the following locations: "/Users/Jorge/.codex/worktrees/omerta-rc1-closure/Omerta/omerta-contracts".
ParserError: Source "lib/openzeppelin-contracts/contracts/access/Ownable.sol" not found: File not found. Searched the following locations: "/Users/Jorge/.codex/worktrees/omerta-rc1-closure/Omerta/omerta-contracts".
 --> src/OmertaHook.sol:4:1:
  |
4 | import {Ownable} from "@openzeppelin/contracts/access/Ownable.sol";
  | ^^^^^^^^^^^^^^^^^^^^^^^^^^^^^^^^^^^^^^^^^^^^^^^^^^^^^^^^^^^^^^^^^^^

Error (6275): Source "lib/openzeppelin-contracts/contracts/access/Ownable2Step.sol" not found: File not found. Searched the following locations: "/Users/Jorge/.codex/worktrees/omerta-rc1-closure/Omerta/omerta-contracts".
ParserError: Source "lib/openzeppelin-contracts/contracts/access/Ownable2Step.sol" not found: File not found. Searched the following locations: "/Users/Jorge/.codex/worktrees/omerta-rc1-closure/Omerta/omerta-contracts".
 --> src/OmertaHook.sol:5:1:
  |
5 | import {Ownable2Step} from "@openzeppelin/contracts/access/Ownable2Step.sol";
  | ^^^^^^^^^^^^^^^^^^^^^^^^^^^^^^^^^^^^^^^^^^^^^^^^^^^^^^^^^^^^^^^^^^^^^^^^^^^^^

Error (6275): Source "lib/openzeppelin-contracts/contracts/utils/introspection/IERC165.sol" not found: File not found. Searched the following locations: "/Users/Jorge/.codex/worktrees/omerta-rc1-closure/Omerta/omerta-contracts".
ParserError: Source "lib/openzeppelin-contracts/contracts/utils/introspection/IERC165.sol" not found: File not found. Searched the following locations: "/Users/Jorge/.codex/worktrees/omerta-rc1-closure/Omerta/omerta-contracts".
 --> src/OmertaHook.sol:6:1:
  |
6 | import {IERC165} from "@openzeppelin/contracts/utils/introspection/IERC165.sol";
  | ^^^^^^^^^^^^^^^^^^^^^^^^^^^^^^^^^^^^^^^^^^^^^^^^^^^^^^^^^^^^^^^^^^^^^^^^^^^^^^^^

Error (6275): Source "lib/v4-core/src/interfaces/IHooks.sol" not found: File not found. Searched the following locations: "/Users/Jorge/.codex/worktrees/omerta-rc1-closure/Omerta/omerta-contracts".
ParserError: Source "lib/v4-core/src/interfaces/IHooks.sol" not found: File not found. Searched the following locations: "/Users/Jorge/.codex/worktrees/omerta-rc1-closure/Omerta/omerta-contracts".
 --> src/OmertaHook.sol:7:1:
  |
7 | import {IHooks} from "v4-core/interfaces/IHooks.sol";
  | ^^^^^^^^^^^^^^^^^^^^^^^^^^^^^^^^^^^^^^^^^^^^^^^^^^^^^

Error (6275): Source "lib/v4-core/src/interfaces/IPoolManager.sol" not found: File not found. Searched the following locations: "/Users/Jorge/.codex/worktrees/omerta-rc1-closure/Omerta/omerta-contracts".
ParserError: Source "lib/v4-core/src/interfaces/IPoolManager.sol" not found: File not found. Searched the following locations: "/Users/Jorge/.codex/worktrees/omerta-rc1-closure/Omerta/omerta-contracts".
 --> src/OmertaHook.sol:8:1:
  |
8 | import {IPoolManager} from "v4-core/interfaces/IPoolManager.sol";
  | ^^^^^^^^^^^^^^^^^^^^^^^^^^^^^^^^^^^^^^^^^^^^^^^^^^^^^^^^^^^^^^^^^

Error (6275): Source "lib/v4-core/src/libraries/Hooks.sol" not found: File not found. Searched the following locations: "/Users/Jorge/.codex/worktrees/omerta-rc1-closure/Omerta/omerta-contracts".
ParserError: Source "lib/v4-core/src/libraries/Hooks.sol" not found: File not found. Searched the following locations: "/Users/Jorge/.codex/worktrees/omerta-rc1-closure/Omerta/omerta-contracts".
 --> src/OmertaHook.sol:9:1:
  |
9 | import {Hooks} from "v4-core/libraries/Hooks.sol";
  | ^^^^^^^^^^^^^^^^^^^^^^^^^^^^^^^^^^^^^^^^^^^^^^^^^^

Error (6275): Source "lib/v4-core/src/types/PoolKey.sol" not found: File not found. Searched the following locations: "/Users/Jorge/.codex/worktrees/omerta-rc1-closure/Omerta/omerta-contracts".
ParserError: Source "lib/v4-core/src/types/PoolKey.sol" not found: File not found. Searched the following locations: "/Users/Jorge/.codex/worktrees/omerta-rc1-closure/Omerta/omerta-contracts".
  --> src/OmertaHook.sol:10:1:
   |
10 | import {PoolKey} from "v4-core/types/PoolKey.sol";
   | ^^^^^^^^^^^^^^^^^^^^^^^^^^^^^^^^^^^^^^^^^^^^^^^^^^

Error (6275): Source "lib/v4-core/src/types/PoolId.sol" not found: File not found. Searched the following locations: "/Users/Jorge/.codex/worktrees/omerta-rc1-closure/Omerta/omerta-contracts".
ParserError: Source "lib/v4-core/src/types/PoolId.sol" not found: File not found. Searched the following locations: "/Users/Jorge/.codex/worktrees/omerta-rc1-closure/Omerta/omerta-contracts".
  --> src/OmertaHook.sol:11:1:
   |
11 | import {PoolId} from "v4-core/types/PoolId.sol";
   | ^^^^^^^^^^^^^^^^^^^^^^^^^^^^^^^^^^^^^^^^^^^^^^^^

Error (6275): Source "lib/v4-core/src/types/Currency.sol" not found: File not found. Searched the following locations: "/Users/Jorge/.codex/worktrees/omerta-rc1-closure/Omerta/omerta-contracts".
ParserError: Source "lib/v4-core/src/types/Currency.sol" not found: File not found. Searched the following locations: "/Users/Jorge/.codex/worktrees/omerta-rc1-closure/Omerta/omerta-contracts".
  --> src/OmertaHook.sol:12:1:
   |
12 | import {Currency} from "v4-core/types/Currency.sol";
   | ^^^^^^^^^^^^^^^^^^^^^^^^^^^^^^^^^^^^^^^^^^^^^^^^^^^^

Error (6275): Source "lib/v4-core/src/types/BalanceDelta.sol" not found: File not found. Searched the following locations: "/Users/Jorge/.codex/worktrees/omerta-rc1-closure/Omerta/omerta-contracts".
ParserError: Source "lib/v4-core/src/types/BalanceDelta.sol" not found: File not found. Searched the following locations: "/Users/Jorge/.codex/worktrees/omerta-rc1-closure/Omerta/omerta-contracts".
  --> src/OmertaHook.sol:13:1:
   |
13 | import {BalanceDelta} from "v4-core/types/BalanceDelta.sol";
   | ^^^^^^^^^^^^^^^^^^^^^^^^^^^^^^^^^^^^^^^^^^^^^^^^^^^^^^^^^^^^

Error (6275): Source "lib/v4-core/src/types/BeforeSwapDelta.sol" not found: File not found. Searched the following locations: "/Users/Jorge/.codex/worktrees/omerta-rc1-closure/Omerta/omerta-contracts".
ParserError: Source "lib/v4-core/src/types/BeforeSwapDelta.sol" not found: File not found. Searched the following locations: "/Users/Jorge/.codex/worktrees/omerta-rc1-closure/Omerta/omerta-contracts".
  --> src/OmertaHook.sol:14:1:
   |
14 | import {BeforeSwapDelta, BeforeSwapDeltaLibrary} from "v4-core/types/BeforeSwapDelta.sol";
   | ^^^^^^^^^^^^^^^^^^^^^^^^^^^^^^^^^^^^^^^^^^^^^^^^^^^^^^^^^^^^^^^^^^^^^^^^^^^^^^^^^^^^^^^^^^

Error (6275): Source "lib/v4-core/src/types/PoolOperation.sol" not found: File not found. Searched the following locations: "/Users/Jorge/.codex/worktrees/omerta-rc1-closure/Omerta/omerta-contracts".
ParserError: Source "lib/v4-core/src/types/PoolOperation.sol" not found: File not found. Searched the following locations: "/Users/Jorge/.codex/worktrees/omerta-rc1-closure/Omerta/omerta-contracts".
  --> src/OmertaHook.sol:15:1:
   |
15 | import {ModifyLiquidityParams, SwapParams} from "v4-core/types/PoolOperation.sol";
   | ^^^^^^^^^^^^^^^^^^^^^^^^^^^^^^^^^^^^^^^^^^^^^^^^^^^^^^^^^^^^^^^^^^^^^^^^^^^^^^^^^^

Error (6275): Source "lib/v4-core/src/libraries/StateLibrary.sol" not found: File not found. Searched the following locations: "/Users/Jorge/.codex/worktrees/omerta-rc1-closure/Omerta/omerta-contracts".
ParserError: Source "lib/v4-core/src/libraries/StateLibrary.sol" not found: File not found. Searched the following locations: "/Users/Jorge/.codex/worktrees/omerta-rc1-closure/Omerta/omerta-contracts".
  --> src/OmertaHook.sol:16:1:
   |
16 | import {StateLibrary} from "v4-core/libraries/StateLibrary.sol";
   | ^^^^^^^^^^^^^^^^^^^^^^^^^^^^^^^^^^^^^^^^^^^^^^^^^^^^^^^^^^^^^^^^

Error (6275): Source "lib/openzeppelin-contracts/contracts/access/Ownable.sol" not found: File not found. Searched the following locations: "/Users/Jorge/.codex/worktrees/omerta-rc1-closure/Omerta/omerta-contracts".
ParserError: Source "lib/openzeppelin-contracts/contracts/access/Ownable.sol" not found: File not found. Searched the following locations: "/Users/Jorge/.codex/worktrees/omerta-rc1-closure/Omerta/omerta-contracts".
 --> src/ProtocolLiquidityVault.sol:4:1:
  |
4 | import {Ownable} from "@openzeppelin/contracts/access/Ownable.sol";
  | ^^^^^^^^^^^^^^^^^^^^^^^^^^^^^^^^^^^^^^^^^^^^^^^^^^^^^^^^^^^^^^^^^^^

Error (6275): Source "lib/openzeppelin-contracts/contracts/access/Ownable2Step.sol" not found: File not found. Searched the following locations: "/Users/Jorge/.codex/worktrees/omerta-rc1-closure/Omerta/omerta-contracts".
ParserError: Source "lib/openzeppelin-contracts/contracts/access/Ownable2Step.sol" not found: File not found. Searched the following locations: "/Users/Jorge/.codex/worktrees/omerta-rc1-closure/Omerta/omerta-contracts".
 --> src/ProtocolLiquidityVault.sol:5:1:
  |
5 | import {Ownable2Step} from "@openzeppelin/contracts/access/Ownable2Step.sol";
  | ^^^^^^^^^^^^^^^^^^^^^^^^^^^^^^^^^^^^^^^^^^^^^^^^^^^^^^^^^^^^^^^^^^^^^^^^^^^^^

Error (6275): Source "lib/openzeppelin-contracts/contracts/utils/ReentrancyGuard.sol" not found: File not found. Searched the following locations: "/Users/Jorge/.codex/worktrees/omerta-rc1-closure/Omerta/omerta-contracts".
ParserError: Source "lib/openzeppelin-contracts/contracts/utils/ReentrancyGuard.sol" not found: File not found. Searched the following locations: "/Users/Jorge/.codex/worktrees/omerta-rc1-closure/Omerta/omerta-contracts".
 --> src/ProtocolLiquidityVault.sol:6:1:
  |
6 | import {ReentrancyGuard} from "@openzeppelin/contracts/utils/ReentrancyGuard.sol";
  | ^^^^^^^^^^^^^^^^^^^^^^^^^^^^^^^^^^^^^^^^^^^^^^^^^^^^^^^^^^^^^^^^^^^^^^^^^^^^^^^^^^

Error (6275): Source "lib/openzeppelin-contracts/contracts/token/ERC20/IERC20.sol" not found: File not found. Searched the following locations: "/Users/Jorge/.codex/worktrees/omerta-rc1-closure/Omerta/omerta-contracts".
ParserError: Source "lib/openzeppelin-contracts/contracts/token/ERC20/IERC20.sol" not found: File not found. Searched the following locations: "/Users/Jorge/.codex/worktrees/omerta-rc1-closure/Omerta/omerta-contracts".
 --> src/ProtocolLiquidityVault.sol:7:1:
  |
7 | import {IERC20} from "@openzeppelin/contracts/token/ERC20/IERC20.sol";
  | ^^^^^^^^^^^^^^^^^^^^^^^^^^^^^^^^^^^^^^^^^^^^^^^^^^^^^^^^^^^^^^^^^^^^^^

Error (6275): Source "lib/openzeppelin-contracts/contracts/token/ERC20/extensions/IERC20Metadata.sol" not found: File not found. Searched the following locations: "/Users/Jorge/.codex/worktrees/omerta-rc1-closure/Omerta/omerta-contracts".
ParserError: Source "lib/openzeppelin-contracts/contracts/token/ERC20/extensions/IERC20Metadata.sol" not found: File not found. Searched the following locations: "/Users/Jorge/.codex/worktrees/omerta-rc1-closure/Omerta/omerta-contracts".
 --> src/ProtocolLiquidityVault.sol:8:1:
  |
8 | import {IERC20Metadata} from "@openzeppelin/contracts/token/ERC20/extensions/IERC20Metadata.sol";
  | ^^^^^^^^^^^^^^^^^^^^^^^^^^^^^^^^^^^^^^^^^^^^^^^^^^^^^^^^^^^^^^^^^^^^^^^^^^^^^^^^^^^^^^^^^^^^^^^^^

Error (6275): Source "lib/openzeppelin-contracts/contracts/token/ERC20/utils/SafeERC20.sol" not found: File not found. Searched the following locations: "/Users/Jorge/.codex/worktrees/omerta-rc1-closure/Omerta/omerta-contracts".
ParserError: Source "lib/openzeppelin-contracts/contracts/token/ERC20/utils/SafeERC20.sol" not found: File not found. Searched the following locations: "/Users/Jorge/.codex/worktrees/omerta-rc1-closure/Omerta/omerta-contracts".
 --> src/ProtocolLiquidityVault.sol:9:1:
  |
9 | import {SafeERC20} from "@openzeppelin/contracts/token/ERC20/utils/SafeERC20.sol";
  | ^^^^^^^^^^^^^^^^^^^^^^^^^^^^^^^^^^^^^^^^^^^^^^^^^^^^^^^^^^^^^^^^^^^^^^^^^^^^^^^^^^

Error (6275): Source "lib/openzeppelin-contracts/contracts/token/ERC721/IERC721Receiver.sol" not found: File not found. Searched the following locations: "/Users/Jorge/.codex/worktrees/omerta-rc1-closure/Omerta/omerta-contracts".
ParserError: Source "lib/openzeppelin-contracts/contracts/token/ERC721/IERC721Receiver.sol" not found: File not found. Searched the following locations: "/Users/Jorge/.codex/worktrees/omerta-rc1-closure/Omerta/omerta-contracts".
  --> src/ProtocolLiquidityVault.sol:10:1:
   |
10 | import {IERC721Receiver} from "@openzeppelin/contracts/token/ERC721/IERC721Receiver.sol";
   | ^^^^^^^^^^^^^^^^^^^^^^^^^^^^^^^^^^^^^^^^^^^^^^^^^^^^^^^^^^^^^^^^^^^^^^^^^^^^^^^^^^^^^^^^^

Error (6275): Source "lib/v4-core/src/interfaces/IPoolManager.sol" not found: File not found. Searched the following locations: "/Users/Jorge/.codex/worktrees/omerta-rc1-closure/Omerta/omerta-contracts".
ParserError: Source "lib/v4-core/src/interfaces/IPoolManager.sol" not found: File not found. Searched the following locations: "/Users/Jorge/.codex/worktrees/omerta-rc1-closure/Omerta/omerta-contracts".
  --> src/ProtocolLiquidityVault.sol:11:1:
   |
11 | import {IPoolManager} from "v4-core/interfaces/IPoolManager.sol";
   | ^^^^^^^^^^^^^^^^^^^^^^^^^^^^^^^^^^^^^^^^^^^^^^^^^^^^^^^^^^^^^^^^^

Error (6275): Source "lib/v4-core/src/types/PoolKey.sol" not found: File not found. Searched the following locations: "/Users/Jorge/.codex/worktrees/omerta-rc1-closure/Omerta/omerta-contracts".
ParserError: Source "lib/v4-core/src/types/PoolKey.sol" not found: File not found. Searched the following locations: "/Users/Jorge/.codex/worktrees/omerta-rc1-closure/Omerta/omerta-contracts".
  --> src/ProtocolLiquidityVault.sol:12:1:
   |
12 | import {PoolKey} from "v4-core/types/PoolKey.sol";
   | ^^^^^^^^^^^^^^^^^^^^^^^^^^^^^^^^^^^^^^^^^^^^^^^^^^

Error (6275): Source "lib/v4-core/src/types/PoolId.sol" not found: File not found. Searched the following locations: "/Users/Jorge/.codex/worktrees/omerta-rc1-closure/Omerta/omerta-contracts".
ParserError: Source "lib/v4-core/src/types/PoolId.sol" not found: File not found. Searched the following locations: "/Users/Jorge/.codex/worktrees/omerta-rc1-closure/Omerta/omerta-contracts".
  --> src/ProtocolLiquidityVault.sol:13:1:
   |
13 | import {PoolId, PoolIdLibrary} from "v4-core/types/PoolId.sol";
   | ^^^^^^^^^^^^^^^^^^^^^^^^^^^^^^^^^^^^^^^^^^^^^^^^^^^^^^^^^^^^^^^

Error (6275): Source "lib/v4-core/src/types/Currency.sol" not found: File not found. Searched the following locations: "/Users/Jorge/.codex/worktrees/omerta-rc1-closure/Omerta/omerta-contracts".
ParserError: Source "lib/v4-core/src/types/Currency.sol" not found: File not found. Searched the following locations: "/Users/Jorge/.codex/worktrees/omerta-rc1-closure/Omerta/omerta-contracts".
  --> src/ProtocolLiquidityVault.sol:14:1:
   |
14 | import {Currency} from "v4-core/types/Currency.sol";
   | ^^^^^^^^^^^^^^^^^^^^^^^^^^^^^^^^^^^^^^^^^^^^^^^^^^^^

Error (6275): Source "lib/v4-core/src/libraries/StateLibrary.sol" not found: File not found. Searched the following locations: "/Users/Jorge/.codex/worktrees/omerta-rc1-closure/Omerta/omerta-contracts".
ParserError: Source "lib/v4-core/src/libraries/StateLibrary.sol" not found: File not found. Searched the following locations: "/Users/Jorge/.codex/worktrees/omerta-rc1-closure/Omerta/omerta-contracts".
  --> src/ProtocolLiquidityVault.sol:15:1:
   |
15 | import {StateLibrary} from "v4-core/libraries/StateLibrary.sol";
   | ^^^^^^^^^^^^^^^^^^^^^^^^^^^^^^^^^^^^^^^^^^^^^^^^^^^^^^^^^^^^^^^^

Error (6275): Source "lib/v4-core/src/libraries/TickMath.sol" not found: File not found. Searched the following locations: "/Users/Jorge/.codex/worktrees/omerta-rc1-closure/Omerta/omerta-contracts".
ParserError: Source "lib/v4-core/src/libraries/TickMath.sol" not found: File not found. Searched the following locations: "/Users/Jorge/.codex/worktrees/omerta-rc1-closure/Omerta/omerta-contracts".
  --> src/ProtocolLiquidityVault.sol:16:1:
   |
16 | import {TickMath} from "v4-core/libraries/TickMath.sol";
   | ^^^^^^^^^^^^^^^^^^^^^^^^^^^^^^^^^^^^^^^^^^^^^^^^^^^^^^^^

Error (6275): Source "lib/v4-core/src/libraries/FullMath.sol" not found: File not found. Searched the following locations: "/Users/Jorge/.codex/worktrees/omerta-rc1-closure/Omerta/omerta-contracts".
ParserError: Source "lib/v4-core/src/libraries/FullMath.sol" not found: File not found. Searched the following locations: "/Users/Jorge/.codex/worktrees/omerta-rc1-closure/Omerta/omerta-contracts".
  --> src/ProtocolLiquidityVault.sol:17:1:
   |
17 | import {FullMath} from "v4-core/libraries/FullMath.sol";
   | ^^^^^^^^^^^^^^^^^^^^^^^^^^^^^^^^^^^^^^^^^^^^^^^^^^^^^^^^

Error (6275): Source "lib/v4-core/src/libraries/Hooks.sol" not found: File not found. Searched the following locations: "/Users/Jorge/.codex/worktrees/omerta-rc1-closure/Omerta/omerta-contracts".
ParserError: Source "lib/v4-core/src/libraries/Hooks.sol" not found: File not found. Searched the following locations: "/Users/Jorge/.codex/worktrees/omerta-rc1-closure/Omerta/omerta-contracts".
  --> src/ProtocolLiquidityVault.sol:18:1:
   |
18 | import {Hooks} from "v4-core/libraries/Hooks.sol";
   | ^^^^^^^^^^^^^^^^^^^^^^^^^^^^^^^^^^^^^^^^^^^^^^^^^^

Error (6275): Source "lib/permit2/src/interfaces/IAllowanceTransfer.sol" not found: File not found. Searched the following locations: "/Users/Jorge/.codex/worktrees/omerta-rc1-closure/Omerta/omerta-contracts".
ParserError: Source "lib/permit2/src/interfaces/IAllowanceTransfer.sol" not found: File not found. Searched the following locations: "/Users/Jorge/.codex/worktrees/omerta-rc1-closure/Omerta/omerta-contracts".
  --> src/ProtocolLiquidityVault.sol:19:1:
   |
19 | import {IAllowanceTransfer} from "permit2/src/interfaces/IAllowanceTransfer.sol";
   | ^^^^^^^^^^^^^^^^^^^^^^^^^^^^^^^^^^^^^^^^^^^^^^^^^^^^^^^^^^^^^^^^^^^^^^^^^^^^^^^^^

Error (6275): Source "lib/v4-periphery/src/interfaces/IPositionManager.sol" not found: File not found. Searched the following locations: "/Users/Jorge/.codex/worktrees/omerta-rc1-closure/Omerta/omerta-contracts".
ParserError: Source "lib/v4-periphery/src/interfaces/IPositionManager.sol" not found: File not found. Searched the following locations: "/Users/Jorge/.codex/worktrees/omerta-rc1-closure/Omerta/omerta-contracts".
  --> src/ProtocolLiquidityVault.sol:20:1:
   |
20 | import {IPositionManager} from "../lib/v4-periphery/src/interfaces/IPositionManager.sol";
   | ^^^^^^^^^^^^^^^^^^^^^^^^^^^^^^^^^^^^^^^^^^^^^^^^^^^^^^^^^^^^^^^^^^^^^^^^^^^^^^^^^^^^^^^^^

Error (6275): Source "lib/v4-periphery/src/libraries/PositionInfoLibrary.sol" not found: File not found. Searched the following locations: "/Users/Jorge/.codex/worktrees/omerta-rc1-closure/Omerta/omerta-contracts".
ParserError: Source "lib/v4-periphery/src/libraries/PositionInfoLibrary.sol" not found: File not found. Searched the following locations: "/Users/Jorge/.codex/worktrees/omerta-rc1-closure/Omerta/omerta-contracts".
  --> src/ProtocolLiquidityVault.sol:21:1:
   |
21 | import {PositionInfo, PositionInfoLibrary} from "../lib/v4-periphery/src/libraries/PositionInfoLibrary.sol";
   | ^^^^^^^^^^^^^^^^^^^^^^^^^^^^^^^^^^^^^^^^^^^^^^^^^^^^^^^^^^^^^^^^^^^^^^^^^^^^^^^^^^^^^^^^^^^^^^^^^^^^^^^^^^^^

Error (6275): Source "lib/v4-periphery/src/libraries/LiquidityAmounts.sol" not found: File not found. Searched the following locations: "/Users/Jorge/.codex/worktrees/omerta-rc1-closure/Omerta/omerta-contracts".
ParserError: Source "lib/v4-periphery/src/libraries/LiquidityAmounts.sol" not found: File not found. Searched the following locations: "/Users/Jorge/.codex/worktrees/omerta-rc1-closure/Omerta/omerta-contracts".
  --> src/ProtocolLiquidityVault.sol:22:1:
   |
22 | import {LiquidityAmounts} from "../lib/v4-periphery/src/libraries/LiquidityAmounts.sol";
   | ^^^^^^^^^^^^^^^^^^^^^^^^^^^^^^^^^^^^^^^^^^^^^^^^^^^^^^^^^^^^^^^^^^^^^^^^^^^^^^^^^^^^^^^^

Error (6275): Source "lib/v4-periphery/src/libraries/Actions.sol" not found: File not found. Searched the following locations: "/Users/Jorge/.codex/worktrees/omerta-rc1-closure/Omerta/omerta-contracts".
ParserError: Source "lib/v4-periphery/src/libraries/Actions.sol" not found: File not found. Searched the following locations: "/Users/Jorge/.codex/worktrees/omerta-rc1-closure/Omerta/omerta-contracts".
  --> src/ProtocolLiquidityVault.sol:23:1:
   |
23 | import {Actions} from "../lib/v4-periphery/src/libraries/Actions.sol";
   | ^^^^^^^^^^^^^^^^^^^^^^^^^^^^^^^^^^^^^^^^^^^^^^^^^^^^^^^^^^^^^^^^^^^^^^

Error (6275): Source "lib/openzeppelin-contracts/contracts/access/Ownable.sol" not found: File not found. Searched the following locations: "/Users/Jorge/.codex/worktrees/omerta-rc1-closure/Omerta/omerta-contracts".
ParserError: Source "lib/openzeppelin-contracts/contracts/access/Ownable.sol" not found: File not found. Searched the following locations: "/Users/Jorge/.codex/worktrees/omerta-rc1-closure/Omerta/omerta-contracts".
 --> src/SettlementGasPool.sol:4:1:
  |
4 | import {Ownable} from "@openzeppelin/contracts/access/Ownable.sol";
  | ^^^^^^^^^^^^^^^^^^^^^^^^^^^^^^^^^^^^^^^^^^^^^^^^^^^^^^^^^^^^^^^^^^^

Error (6275): Source "lib/openzeppelin-contracts/contracts/access/Ownable2Step.sol" not found: File not found. Searched the following locations: "/Users/Jorge/.codex/worktrees/omerta-rc1-closure/Omerta/omerta-contracts".
ParserError: Source "lib/openzeppelin-contracts/contracts/access/Ownable2Step.sol" not found: File not found. Searched the following locations: "/Users/Jorge/.codex/worktrees/omerta-rc1-closure/Omerta/omerta-contracts".
 --> src/SettlementGasPool.sol:5:1:
  |
5 | import {Ownable2Step} from "@openzeppelin/contracts/access/Ownable2Step.sol";
  | ^^^^^^^^^^^^^^^^^^^^^^^^^^^^^^^^^^^^^^^^^^^^^^^^^^^^^^^^^^^^^^^^^^^^^^^^^^^^^

Error (6275): Source "lib/openzeppelin-contracts/contracts/utils/Pausable.sol" not found: File not found. Searched the following locations: "/Users/Jorge/.codex/worktrees/omerta-rc1-closure/Omerta/omerta-contracts".
ParserError: Source "lib/openzeppelin-contracts/contracts/utils/Pausable.sol" not found: File not found. Searched the following locations: "/Users/Jorge/.codex/worktrees/omerta-rc1-closure/Omerta/omerta-contracts".
 --> src/SettlementGasPool.sol:6:1:
  |
6 | import {Pausable} from "@openzeppelin/contracts/utils/Pausable.sol";
  | ^^^^^^^^^^^^^^^^^^^^^^^^^^^^^^^^^^^^^^^^^^^^^^^^^^^^^^^^^^^^^^^^^^^^

Error (6275): Source "lib/openzeppelin-contracts/contracts/utils/ReentrancyGuard.sol" not found: File not found. Searched the following locations: "/Users/Jorge/.codex/worktrees/omerta-rc1-closure/Omerta/omerta-contracts".
ParserError: Source "lib/openzeppelin-contracts/contracts/utils/ReentrancyGuard.sol" not found: File not found. Searched the following locations: "/Users/Jorge/.codex/worktrees/omerta-rc1-closure/Omerta/omerta-contracts".
 --> src/SettlementGasPool.sol:7:1:
  |
7 | import {ReentrancyGuard} from "@openzeppelin/contracts/utils/ReentrancyGuard.sol";
  | ^^^^^^^^^^^^^^^^^^^^^^^^^^^^^^^^^^^^^^^^^^^^^^^^^^^^^^^^^^^^^^^^^^^^^^^^^^^^^^^^^^

Error (6275): Source "lib/openzeppelin-contracts/contracts/access/Ownable2Step.sol" not found: File not found. Searched the following locations: "/Users/Jorge/.codex/worktrees/omerta-rc1-closure/Omerta/omerta-contracts".
ParserError: Source "lib/openzeppelin-contracts/contracts/access/Ownable2Step.sol" not found: File not found. Searched the following locations: "/Users/Jorge/.codex/worktrees/omerta-rc1-closure/Omerta/omerta-contracts".
 --> src/StockTokenRegistryV2.sol:4:1:
  |
4 | import {Ownable2Step, Ownable} from "@openzeppelin/contracts/access/Ownable2Step.sol";
  | ^^^^^^^^^^^^^^^^^^^^^^^^^^^^^^^^^^^^^^^^^^^^^^^^^^^^^^^^^^^^^^^^^^^^^^^^^^^^^^^^^^^^^^

Error (6275): Source "lib/openzeppelin-contracts/contracts/token/ERC20/extensions/IERC20Metadata.sol" not found: File not found. Searched the following locations: "/Users/Jorge/.codex/worktrees/omerta-rc1-closure/Omerta/omerta-contracts".
ParserError: Source "lib/openzeppelin-contracts/contracts/token/ERC20/extensions/IERC20Metadata.sol" not found: File not found. Searched the following locations: "/Users/Jorge/.codex/worktrees/omerta-rc1-closure/Omerta/omerta-contracts".
 --> src/StockTokenRegistryV2.sol:5:1:
  |
5 | import {IERC20Metadata} from "@openzeppelin/contracts/token/ERC20/extensions/IERC20Metadata.sol";
  | ^^^^^^^^^^^^^^^^^^^^^^^^^^^^^^^^^^^^^^^^^^^^^^^^^^^^^^^^^^^^^^^^^^^^^^^^^^^^^^^^^^^^^^^^^^^^^^^^^

Error (6275): Source "lib/openzeppelin-contracts/contracts/utils/introspection/IERC165.sol" not found: File not found. Searched the following locations: "/Users/Jorge/.codex/worktrees/omerta-rc1-closure/Omerta/omerta-contracts".
ParserError: Source "lib/openzeppelin-contracts/contracts/utils/introspection/IERC165.sol" not found: File not found. Searched the following locations: "/Users/Jorge/.codex/worktrees/omerta-rc1-closure/Omerta/omerta-contracts".
 --> src/interfaces/IInitializerHook.sol:4:1:
  |
4 | import {IERC165} from "@openzeppelin/contracts/utils/introspection/IERC165.sol";
  | ^^^^^^^^^^^^^^^^^^^^^^^^^^^^^^^^^^^^^^^^^^^^^^^^^^^^^^^^^^^^^^^^^^^^^^^^^^^^^^^^

Error (6275): Source "lib/v4-core/src/interfaces/IPoolManager.sol" not found: File not found. Searched the following locations: "/Users/Jorge/.codex/worktrees/omerta-rc1-closure/Omerta/omerta-contracts".
ParserError: Source "lib/v4-core/src/interfaces/IPoolManager.sol" not found: File not found. Searched the following locations: "/Users/Jorge/.codex/worktrees/omerta-rc1-closure/Omerta/omerta-contracts".
 --> src/interfaces/IOmrV4ObservationSource.sol:4:1:
  |
4 | import {IPoolManager} from "v4-core/interfaces/IPoolManager.sol";
  | ^^^^^^^^^^^^^^^^^^^^^^^^^^^^^^^^^^^^^^^^^^^^^^^^^^^^^^^^^^^^^^^^^

Error (6275): Source "lib/v4-core/src/types/PoolId.sol" not found: File not found. Searched the following locations: "/Users/Jorge/.codex/worktrees/omerta-rc1-closure/Omerta/omerta-contracts".
ParserError: Source "lib/v4-core/src/types/PoolId.sol" not found: File not found. Searched the following locations: "/Users/Jorge/.codex/worktrees/omerta-rc1-closure/Omerta/omerta-contracts".
 --> src/interfaces/IOmrV4ObservationSource.sol:5:1:
  |
5 | import {PoolId} from "v4-core/types/PoolId.sol";
  | ^^^^^^^^^^^^^^^^^^^^^^^^^^^^^^^^^^^^^^^^^^^^^^^^

Error (6275): Source "lib/openzeppelin-contracts/contracts/utils/ReentrancyGuard.sol" not found: File not found. Searched the following locations: "/Users/Jorge/.codex/worktrees/omerta-rc1-closure/Omerta/omerta-contracts".
ParserError: Source "lib/openzeppelin-contracts/contracts/utils/ReentrancyGuard.sol" not found: File not found. Searched the following locations: "/Users/Jorge/.codex/worktrees/omerta-rc1-closure/Omerta/omerta-contracts".
 --> src/market-v2/OmertaArbitrageV2.sol:4:1:
  |
4 | import {ReentrancyGuard} from "@openzeppelin/contracts/utils/ReentrancyGuard.sol";
  | ^^^^^^^^^^^^^^^^^^^^^^^^^^^^^^^^^^^^^^^^^^^^^^^^^^^^^^^^^^^^^^^^^^^^^^^^^^^^^^^^^^

Error (6275): Source "lib/v4-core/src/interfaces/IPoolManager.sol" not found: File not found. Searched the following locations: "/Users/Jorge/.codex/worktrees/omerta-rc1-closure/Omerta/omerta-contracts".
ParserError: Source "lib/v4-core/src/interfaces/IPoolManager.sol" not found: File not found. Searched the following locations: "/Users/Jorge/.codex/worktrees/omerta-rc1-closure/Omerta/omerta-contracts".
 --> src/market-v2/OmertaArbitrageV2.sol:5:1:
  |
5 | import {IPoolManager} from "v4-core/interfaces/IPoolManager.sol";
  | ^^^^^^^^^^^^^^^^^^^^^^^^^^^^^^^^^^^^^^^^^^^^^^^^^^^^^^^^^^^^^^^^^

Error (6275): Source "lib/v4-core/src/interfaces/callback/IUnlockCallback.sol" not found: File not found. Searched the following locations: "/Users/Jorge/.codex/worktrees/omerta-rc1-closure/Omerta/omerta-contracts".
ParserError: Source "lib/v4-core/src/interfaces/callback/IUnlockCallback.sol" not found: File not found. Searched the following locations: "/Users/Jorge/.codex/worktrees/omerta-rc1-closure/Omerta/omerta-contracts".
 --> src/market-v2/OmertaArbitrageV2.sol:6:1:
  |
6 | import {IUnlockCallback} from "v4-core/interfaces/callback/IUnlockCallback.sol";
  | ^^^^^^^^^^^^^^^^^^^^^^^^^^^^^^^^^^^^^^^^^^^^^^^^^^^^^^^^^^^^^^^^^^^^^^^^^^^^^^^^

Error (6275): Source "lib/v4-core/src/types/PoolKey.sol" not found: File not found. Searched the following locations: "/Users/Jorge/.codex/worktrees/omerta-rc1-closure/Omerta/omerta-contracts".
ParserError: Source "lib/v4-core/src/types/PoolKey.sol" not found: File not found. Searched the following locations: "/Users/Jorge/.codex/worktrees/omerta-rc1-closure/Omerta/omerta-contracts".
 --> src/market-v2/OmertaArbitrageV2.sol:7:1:
  |
7 | import {PoolKey} from "v4-core/types/PoolKey.sol";
  | ^^^^^^^^^^^^^^^^^^^^^^^^^^^^^^^^^^^^^^^^^^^^^^^^^^

Error (6275): Source "lib/v4-core/src/types/PoolId.sol" not found: File not found. Searched the following locations: "/Users/Jorge/.codex/worktrees/omerta-rc1-closure/Omerta/omerta-contracts".
ParserError: Source "lib/v4-core/src/types/PoolId.sol" not found: File not found. Searched the following locations: "/Users/Jorge/.codex/worktrees/omerta-rc1-closure/Omerta/omerta-contracts".
 --> src/market-v2/OmertaArbitrageV2.sol:8:1:
  |
8 | import {PoolId, PoolIdLibrary} from "v4-core/types/PoolId.sol";
  | ^^^^^^^^^^^^^^^^^^^^^^^^^^^^^^^^^^^^^^^^^^^^^^^^^^^^^^^^^^^^^^^

Error (6275): Source "lib/v4-core/src/types/Currency.sol" not found: File not found. Searched the following locations: "/Users/Jorge/.codex/worktrees/omerta-rc1-closure/Omerta/omerta-contracts".
ParserError: Source "lib/v4-core/src/types/Currency.sol" not found: File not found. Searched the following locations: "/Users/Jorge/.codex/worktrees/omerta-rc1-closure/Omerta/omerta-contracts".
 --> src/market-v2/OmertaArbitrageV2.sol:9:1:
  |
9 | import {Currency} from "v4-core/types/Currency.sol";
  | ^^^^^^^^^^^^^^^^^^^^^^^^^^^^^^^^^^^^^^^^^^^^^^^^^^^^

Error (6275): Source "lib/v4-core/src/types/BalanceDelta.sol" not found: File not found. Searched the following locations: "/Users/Jorge/.codex/worktrees/omerta-rc1-closure/Omerta/omerta-contracts".
ParserError: Source "lib/v4-core/src/types/BalanceDelta.sol" not found: File not found. Searched the following locations: "/Users/Jorge/.codex/worktrees/omerta-rc1-closure/Omerta/omerta-contracts".
  --> src/market-v2/OmertaArbitrageV2.sol:10:1:
   |
10 | import {BalanceDelta} from "v4-core/types/BalanceDelta.sol";
   | ^^^^^^^^^^^^^^^^^^^^^^^^^^^^^^^^^^^^^^^^^^^^^^^^^^^^^^^^^^^^

Error (6275): Source "lib/v4-core/src/types/PoolOperation.sol" not found: File not found. Searched the following locations: "/Users/Jorge/.codex/worktrees/omerta-rc1-closure/Omerta/omerta-contracts".
ParserError: Source "lib/v4-core/src/types/PoolOperation.sol" not found: File not found. Searched the following locations: "/Users/Jorge/.codex/worktrees/omerta-rc1-closure/Omerta/omerta-contracts".
  --> src/market-v2/OmertaArbitrageV2.sol:11:1:
   |
11 | import {SwapParams} from "v4-core/types/PoolOperation.sol";
   | ^^^^^^^^^^^^^^^^^^^^^^^^^^^^^^^^^^^^^^^^^^^^^^^^^^^^^^^^^^^

Error (6275): Source "lib/v4-core/src/libraries/TickMath.sol" not found: File not found. Searched the following locations: "/Users/Jorge/.codex/worktrees/omerta-rc1-closure/Omerta/omerta-contracts".
ParserError: Source "lib/v4-core/src/libraries/TickMath.sol" not found: File not found. Searched the following locations: "/Users/Jorge/.codex/worktrees/omerta-rc1-closure/Omerta/omerta-contracts".
  --> src/market-v2/OmertaArbitrageV2.sol:12:1:
   |
12 | import {TickMath} from "v4-core/libraries/TickMath.sol";
   | ^^^^^^^^^^^^^^^^^^^^^^^^^^^^^^^^^^^^^^^^^^^^^^^^^^^^^^^^

Error (6275): Source "lib/openzeppelin-contracts/contracts/access/Ownable.sol" not found: File not found. Searched the following locations: "/Users/Jorge/.codex/worktrees/omerta-rc1-closure/Omerta/omerta-contracts".
ParserError: Source "lib/openzeppelin-contracts/contracts/access/Ownable.sol" not found: File not found. Searched the following locations: "/Users/Jorge/.codex/worktrees/omerta-rc1-closure/Omerta/omerta-contracts".
 --> src/market-v2/OmertaCommitmentVaultV2.sol:4:1:
  |
4 | import {Ownable} from "@openzeppelin/contracts/access/Ownable.sol";
  | ^^^^^^^^^^^^^^^^^^^^^^^^^^^^^^^^^^^^^^^^^^^^^^^^^^^^^^^^^^^^^^^^^^^

Error (6275): Source "lib/openzeppelin-contracts/contracts/access/Ownable2Step.sol" not found: File not found. Searched the following locations: "/Users/Jorge/.codex/worktrees/omerta-rc1-closure/Omerta/omerta-contracts".
ParserError: Source "lib/openzeppelin-contracts/contracts/access/Ownable2Step.sol" not found: File not found. Searched the following locations: "/Users/Jorge/.codex/worktrees/omerta-rc1-closure/Omerta/omerta-contracts".
 --> src/market-v2/OmertaCommitmentVaultV2.sol:5:1:
  |
5 | import {Ownable2Step} from "@openzeppelin/contracts/access/Ownable2Step.sol";
  | ^^^^^^^^^^^^^^^^^^^^^^^^^^^^^^^^^^^^^^^^^^^^^^^^^^^^^^^^^^^^^^^^^^^^^^^^^^^^^

Error (6275): Source "lib/openzeppelin-contracts/contracts/utils/ReentrancyGuard.sol" not found: File not found. Searched the following locations: "/Users/Jorge/.codex/worktrees/omerta-rc1-closure/Omerta/omerta-contracts".
ParserError: Source "lib/openzeppelin-contracts/contracts/utils/ReentrancyGuard.sol" not found: File not found. Searched the following locations: "/Users/Jorge/.codex/worktrees/omerta-rc1-closure/Omerta/omerta-contracts".
 --> src/market-v2/OmertaCommitmentVaultV2.sol:6:1:
  |
6 | import {ReentrancyGuard} from "@openzeppelin/contracts/utils/ReentrancyGuard.sol";
  | ^^^^^^^^^^^^^^^^^^^^^^^^^^^^^^^^^^^^^^^^^^^^^^^^^^^^^^^^^^^^^^^^^^^^^^^^^^^^^^^^^^

Error (6275): Source "lib/openzeppelin-contracts/contracts/token/ERC721/IERC721Receiver.sol" not found: File not found. Searched the following locations: "/Users/Jorge/.codex/worktrees/omerta-rc1-closure/Omerta/omerta-contracts".
ParserError: Source "lib/openzeppelin-contracts/contracts/token/ERC721/IERC721Receiver.sol" not found: File not found. Searched the following locations: "/Users/Jorge/.codex/worktrees/omerta-rc1-closure/Omerta/omerta-contracts".
 --> src/market-v2/OmertaCommitmentVaultV2.sol:7:1:
  |
7 | import {IERC721Receiver} from "@openzeppelin/contracts/token/ERC721/IERC721Receiver.sol";
  | ^^^^^^^^^^^^^^^^^^^^^^^^^^^^^^^^^^^^^^^^^^^^^^^^^^^^^^^^^^^^^^^^^^^^^^^^^^^^^^^^^^^^^^^^^

Error (6275): Source "lib/v4-core/src/interfaces/IPoolManager.sol" not found: File not found. Searched the following locations: "/Users/Jorge/.codex/worktrees/omerta-rc1-closure/Omerta/omerta-contracts".
ParserError: Source "lib/v4-core/src/interfaces/IPoolManager.sol" not found: File not found. Searched the following locations: "/Users/Jorge/.codex/worktrees/omerta-rc1-closure/Omerta/omerta-contracts".
 --> src/market-v2/OmertaCommitmentVaultV2.sol:8:1:
  |
8 | import {IPoolManager} from "v4-core/interfaces/IPoolManager.sol";
  | ^^^^^^^^^^^^^^^^^^^^^^^^^^^^^^^^^^^^^^^^^^^^^^^^^^^^^^^^^^^^^^^^^

Error (6275): Source "lib/v4-core/src/types/PoolKey.sol" not found: File not found. Searched the following locations: "/Users/Jorge/.codex/worktrees/omerta-rc1-closure/Omerta/omerta-contracts".
ParserError: Source "lib/v4-core/src/types/PoolKey.sol" not found: File not found. Searched the following locations: "/Users/Jorge/.codex/worktrees/omerta-rc1-closure/Omerta/omerta-contracts".
 --> src/market-v2/OmertaCommitmentVaultV2.sol:9:1:
  |
9 | import {PoolKey} from "v4-core/types/PoolKey.sol";
  | ^^^^^^^^^^^^^^^^^^^^^^^^^^^^^^^^^^^^^^^^^^^^^^^^^^

Error (6275): Source "lib/v4-core/src/types/PoolId.sol" not found: File not found. Searched the following locations: "/Users/Jorge/.codex/worktrees/omerta-rc1-closure/Omerta/omerta-contracts".
ParserError: Source "lib/v4-core/src/types/PoolId.sol" not found: File not found. Searched the following locations: "/Users/Jorge/.codex/worktrees/omerta-rc1-closure/Omerta/omerta-contracts".
  --> src/market-v2/OmertaCommitmentVaultV2.sol:10:1:
   |
10 | import {PoolId, PoolIdLibrary} from "v4-core/types/PoolId.sol";
   | ^^^^^^^^^^^^^^^^^^^^^^^^^^^^^^^^^^^^^^^^^^^^^^^^^^^^^^^^^^^^^^^

Error (6275): Source "lib/v4-core/src/types/Currency.sol" not found: File not found. Searched the following locations: "/Users/Jorge/.codex/worktrees/omerta-rc1-closure/Omerta/omerta-contracts".
ParserError: Source "lib/v4-core/src/types/Currency.sol" not found: File not found. Searched the following locations: "/Users/Jorge/.codex/worktrees/omerta-rc1-closure/Omerta/omerta-contracts".
  --> src/market-v2/OmertaCommitmentVaultV2.sol:11:1:
   |
11 | import {Currency} from "v4-core/types/Currency.sol";
   | ^^^^^^^^^^^^^^^^^^^^^^^^^^^^^^^^^^^^^^^^^^^^^^^^^^^^

Error (6275): Source "lib/v4-core/src/libraries/TickMath.sol" not found: File not found. Searched the following locations: "/Users/Jorge/.codex/worktrees/omerta-rc1-closure/Omerta/omerta-contracts".
ParserError: Source "lib/v4-core/src/libraries/TickMath.sol" not found: File not found. Searched the following locations: "/Users/Jorge/.codex/worktrees/omerta-rc1-closure/Omerta/omerta-contracts".
  --> src/market-v2/OmertaCommitmentVaultV2.sol:12:1:
   |
12 | import {TickMath} from "v4-core/libraries/TickMath.sol";
   | ^^^^^^^^^^^^^^^^^^^^^^^^^^^^^^^^^^^^^^^^^^^^^^^^^^^^^^^^

Error (6275): Source "lib/v4-core/src/libraries/FullMath.sol" not found: File not found. Searched the following locations: "/Users/Jorge/.codex/worktrees/omerta-rc1-closure/Omerta/omerta-contracts".
ParserError: Source "lib/v4-core/src/libraries/FullMath.sol" not found: File not found. Searched the following locations: "/Users/Jorge/.codex/worktrees/omerta-rc1-closure/Omerta/omerta-contracts".
  --> src/market-v2/OmertaCommitmentVaultV2.sol:13:1:
   |
13 | import {FullMath} from "v4-core/libraries/FullMath.sol";
   | ^^^^^^^^^^^^^^^^^^^^^^^^^^^^^^^^^^^^^^^^^^^^^^^^^^^^^^^^

Error (6275): Source "lib/v4-periphery/src/interfaces/IPositionManager.sol" not found: File not found. Searched the following locations: "/Users/Jorge/.codex/worktrees/omerta-rc1-closure/Omerta/omerta-contracts".
ParserError: Source "lib/v4-periphery/src/interfaces/IPositionManager.sol" not found: File not found. Searched the following locations: "/Users/Jorge/.codex/worktrees/omerta-rc1-closure/Omerta/omerta-contracts".
  --> src/market-v2/OmertaCommitmentVaultV2.sol:14:1:
   |
14 | import {IPositionManager} from "../../lib/v4-periphery/src/interfaces/IPositionManager.sol";
   | ^^^^^^^^^^^^^^^^^^^^^^^^^^^^^^^^^^^^^^^^^^^^^^^^^^^^^^^^^^^^^^^^^^^^^^^^^^^^^^^^^^^^^^^^^^^^

Error (6275): Source "lib/v4-periphery/src/libraries/PositionInfoLibrary.sol" not found: File not found. Searched the following locations: "/Users/Jorge/.codex/worktrees/omerta-rc1-closure/Omerta/omerta-contracts".
ParserError: Source "lib/v4-periphery/src/libraries/PositionInfoLibrary.sol" not found: File not found. Searched the following locations: "/Users/Jorge/.codex/worktrees/omerta-rc1-closure/Omerta/omerta-contracts".
  --> src/market-v2/OmertaCommitmentVaultV2.sol:15:1:
   |
15 | import {PositionInfo} from "../../lib/v4-periphery/src/libraries/PositionInfoLibrary.sol";
   | ^^^^^^^^^^^^^^^^^^^^^^^^^^^^^^^^^^^^^^^^^^^^^^^^^^^^^^^^^^^^^^^^^^^^^^^^^^^^^^^^^^^^^^^^^^

Error (6275): Source "lib/v4-core/src/libraries/SqrtPriceMath.sol" not found: File not found. Searched the following locations: "/Users/Jorge/.codex/worktrees/omerta-rc1-closure/Omerta/omerta-contracts".
ParserError: Source "lib/v4-core/src/libraries/SqrtPriceMath.sol" not found: File not found. Searched the following locations: "/Users/Jorge/.codex/worktrees/omerta-rc1-closure/Omerta/omerta-contracts".
  --> src/market-v2/OmertaCommitmentVaultV2.sol:16:1:
   |
16 | import {SqrtPriceMath} from "v4-core/libraries/SqrtPriceMath.sol";
   | ^^^^^^^^^^^^^^^^^^^^^^^^^^^^^^^^^^^^^^^^^^^^^^^^^^^^^^^^^^^^^^^^^^

Error (6275): Source "lib/openzeppelin-contracts/contracts/utils/ReentrancyGuard.sol" not found: File not found. Searched the following locations: "/Users/Jorge/.codex/worktrees/omerta-rc1-closure/Omerta/omerta-contracts".
ParserError: Source "lib/openzeppelin-contracts/contracts/utils/ReentrancyGuard.sol" not found: File not found. Searched the following locations: "/Users/Jorge/.codex/worktrees/omerta-rc1-closure/Omerta/omerta-contracts".
 --> src/market-v2/OmertaGameSettlementV2.sol:4:1:
  |
4 | import {ReentrancyGuard} from "@openzeppelin/contracts/utils/ReentrancyGuard.sol";
  | ^^^^^^^^^^^^^^^^^^^^^^^^^^^^^^^^^^^^^^^^^^^^^^^^^^^^^^^^^^^^^^^^^^^^^^^^^^^^^^^^^^

Error (6275): Source "lib/openzeppelin-contracts/contracts/utils/introspection/IERC165.sol" not found: File not found. Searched the following locations: "/Users/Jorge/.codex/worktrees/omerta-rc1-closure/Omerta/omerta-contracts".
ParserError: Source "lib/openzeppelin-contracts/contracts/utils/introspection/IERC165.sol" not found: File not found. Searched the following locations: "/Users/Jorge/.codex/worktrees/omerta-rc1-closure/Omerta/omerta-contracts".
 --> src/market-v2/OmertaHookV2.sol:4:1:
  |
4 | import {IERC165} from "@openzeppelin/contracts/utils/introspection/IERC165.sol";
  | ^^^^^^^^^^^^^^^^^^^^^^^^^^^^^^^^^^^^^^^^^^^^^^^^^^^^^^^^^^^^^^^^^^^^^^^^^^^^^^^^

Error (6275): Source "lib/openzeppelin-contracts/contracts/token/ERC20/extensions/IERC20Metadata.sol" not found: File not found. Searched the following locations: "/Users/Jorge/.codex/worktrees/omerta-rc1-closure/Omerta/omerta-contracts".
ParserError: Source "lib/openzeppelin-contracts/contracts/token/ERC20/extensions/IERC20Metadata.sol" not found: File not found. Searched the following locations: "/Users/Jorge/.codex/worktrees/omerta-rc1-closure/Omerta/omerta-contracts".
 --> src/market-v2/OmertaHookV2.sol:5:1:
  |
5 | import {IERC20Metadata} from "@openzeppelin/contracts/token/ERC20/extensions/IERC20Metadata.sol";
  | ^^^^^^^^^^^^^^^^^^^^^^^^^^^^^^^^^^^^^^^^^^^^^^^^^^^^^^^^^^^^^^^^^^^^^^^^^^^^^^^^^^^^^^^^^^^^^^^^^

Error (6275): Source "lib/openzeppelin-contracts/contracts/utils/ReentrancyGuard.sol" not found: File not found. Searched the following locations: "/Users/Jorge/.codex/worktrees/omerta-rc1-closure/Omerta/omerta-contracts".
ParserError: Source "lib/openzeppelin-contracts/contracts/utils/ReentrancyGuard.sol" not found: File not found. Searched the following locations: "/Users/Jorge/.codex/worktrees/omerta-rc1-closure/Omerta/omerta-contracts".
 --> src/market-v2/OmertaHookV2.sol:6:1:
  |
6 | import {ReentrancyGuard} from "@openzeppelin/contracts/utils/ReentrancyGuard.sol";
  | ^^^^^^^^^^^^^^^^^^^^^^^^^^^^^^^^^^^^^^^^^^^^^^^^^^^^^^^^^^^^^^^^^^^^^^^^^^^^^^^^^^

Error (6275): Source "lib/v4-core/src/interfaces/IHooks.sol" not found: File not found. Searched the following locations: "/Users/Jorge/.codex/worktrees/omerta-rc1-closure/Omerta/omerta-contracts".
ParserError: Source "lib/v4-core/src/interfaces/IHooks.sol" not found: File not found. Searched the following locations: "/Users/Jorge/.codex/worktrees/omerta-rc1-closure/Omerta/omerta-contracts".
 --> src/market-v2/OmertaHookV2.sol:7:1:
  |
7 | import {IHooks} from "v4-core/interfaces/IHooks.sol";
  | ^^^^^^^^^^^^^^^^^^^^^^^^^^^^^^^^^^^^^^^^^^^^^^^^^^^^^

Error (6275): Source "lib/v4-core/src/interfaces/IPoolManager.sol" not found: File not found. Searched the following locations: "/Users/Jorge/.codex/worktrees/omerta-rc1-closure/Omerta/omerta-contracts".
ParserError: Source "lib/v4-core/src/interfaces/IPoolManager.sol" not found: File not found. Searched the following locations: "/Users/Jorge/.codex/worktrees/omerta-rc1-closure/Omerta/omerta-contracts".
 --> src/market-v2/OmertaHookV2.sol:8:1:
  |
8 | import {IPoolManager} from "v4-core/interfaces/IPoolManager.sol";
  | ^^^^^^^^^^^^^^^^^^^^^^^^^^^^^^^^^^^^^^^^^^^^^^^^^^^^^^^^^^^^^^^^^

Error (6275): Source "lib/v4-core/src/libraries/Hooks.sol" not found: File not found. Searched the following locations: "/Users/Jorge/.codex/worktrees/omerta-rc1-closure/Omerta/omerta-contracts".
ParserError: Source "lib/v4-core/src/libraries/Hooks.sol" not found: File not found. Searched the following locations: "/Users/Jorge/.codex/worktrees/omerta-rc1-closure/Omerta/omerta-contracts".
 --> src/market-v2/OmertaHookV2.sol:9:1:
  |
9 | import {Hooks} from "v4-core/libraries/Hooks.sol";
  | ^^^^^^^^^^^^^^^^^^^^^^^^^^^^^^^^^^^^^^^^^^^^^^^^^^

Error (6275): Source "lib/v4-core/src/libraries/StateLibrary.sol" not found: File not found. Searched the following locations: "/Users/Jorge/.codex/worktrees/omerta-rc1-closure/Omerta/omerta-contracts".
ParserError: Source "lib/v4-core/src/libraries/StateLibrary.sol" not found: File not found. Searched the following locations: "/Users/Jorge/.codex/worktrees/omerta-rc1-closure/Omerta/omerta-contracts".
  --> src/market-v2/OmertaHookV2.sol:10:1:
   |
10 | import {StateLibrary} from "v4-core/libraries/StateLibrary.sol";
   | ^^^^^^^^^^^^^^^^^^^^^^^^^^^^^^^^^^^^^^^^^^^^^^^^^^^^^^^^^^^^^^^^

Error (6275): Source "lib/v4-core/src/types/PoolKey.sol" not found: File not found. Searched the following locations: "/Users/Jorge/.codex/worktrees/omerta-rc1-closure/Omerta/omerta-contracts".
ParserError: Source "lib/v4-core/src/types/PoolKey.sol" not found: File not found. Searched the following locations: "/Users/Jorge/.codex/worktrees/omerta-rc1-closure/Omerta/omerta-contracts".
  --> src/market-v2/OmertaHookV2.sol:11:1:
   |
11 | import {PoolKey} from "v4-core/types/PoolKey.sol";
   | ^^^^^^^^^^^^^^^^^^^^^^^^^^^^^^^^^^^^^^^^^^^^^^^^^^

Error (6275): Source "lib/v4-core/src/types/PoolId.sol" not found: File not found. Searched the following locations: "/Users/Jorge/.codex/worktrees/omerta-rc1-closure/Omerta/omerta-contracts".
ParserError: Source "lib/v4-core/src/types/PoolId.sol" not found: File not found. Searched the following locations: "/Users/Jorge/.codex/worktrees/omerta-rc1-closure/Omerta/omerta-contracts".
  --> src/market-v2/OmertaHookV2.sol:12:1:
   |
12 | import {PoolId} from "v4-core/types/PoolId.sol";
   | ^^^^^^^^^^^^^^^^^^^^^^^^^^^^^^^^^^^^^^^^^^^^^^^^

Error (6275): Source "lib/v4-core/src/types/Currency.sol" not found: File not found. Searched the following locations: "/Users/Jorge/.codex/worktrees/omerta-rc1-closure/Omerta/omerta-contracts".
ParserError: Source "lib/v4-core/src/types/Currency.sol" not found: File not found. Searched the following locations: "/Users/Jorge/.codex/worktrees/omerta-rc1-closure/Omerta/omerta-contracts".
  --> src/market-v2/OmertaHookV2.sol:13:1:
   |
13 | import {Currency} from "v4-core/types/Currency.sol";
   | ^^^^^^^^^^^^^^^^^^^^^^^^^^^^^^^^^^^^^^^^^^^^^^^^^^^^

Error (6275): Source "lib/v4-core/src/types/BalanceDelta.sol" not found: File not found. Searched the following locations: "/Users/Jorge/.codex/worktrees/omerta-rc1-closure/Omerta/omerta-contracts".
ParserError: Source "lib/v4-core/src/types/BalanceDelta.sol" not found: File not found. Searched the following locations: "/Users/Jorge/.codex/worktrees/omerta-rc1-closure/Omerta/omerta-contracts".
  --> src/market-v2/OmertaHookV2.sol:14:1:
   |
14 | import {BalanceDelta, BalanceDeltaLibrary} from "v4-core/types/BalanceDelta.sol";
   | ^^^^^^^^^^^^^^^^^^^^^^^^^^^^^^^^^^^^^^^^^^^^^^^^^^^^^^^^^^^^^^^^^^^^^^^^^^^^^^^^^

Error (6275): Source "lib/v4-core/src/types/BeforeSwapDelta.sol" not found: File not found. Searched the following locations: "/Users/Jorge/.codex/worktrees/omerta-rc1-closure/Omerta/omerta-contracts".
ParserError: Source "lib/v4-core/src/types/BeforeSwapDelta.sol" not found: File not found. Searched the following locations: "/Users/Jorge/.codex/worktrees/omerta-rc1-closure/Omerta/omerta-contracts".
  --> src/market-v2/OmertaHookV2.sol:15:1:
   |
15 | import {BeforeSwapDelta, BeforeSwapDeltaLibrary} from "v4-core/types/BeforeSwapDelta.sol";
   | ^^^^^^^^^^^^^^^^^^^^^^^^^^^^^^^^^^^^^^^^^^^^^^^^^^^^^^^^^^^^^^^^^^^^^^^^^^^^^^^^^^^^^^^^^^

Error (6275): Source "lib/v4-core/src/types/PoolOperation.sol" not found: File not found. Searched the following locations: "/Users/Jorge/.codex/worktrees/omerta-rc1-closure/Omerta/omerta-contracts".
ParserError: Source "lib/v4-core/src/types/PoolOperation.sol" not found: File not found. Searched the following locations: "/Users/Jorge/.codex/worktrees/omerta-rc1-closure/Omerta/omerta-contracts".
  --> src/market-v2/OmertaHookV2.sol:16:1:
   |
16 | import {ModifyLiquidityParams, SwapParams} from "v4-core/types/PoolOperation.sol";
   | ^^^^^^^^^^^^^^^^^^^^^^^^^^^^^^^^^^^^^^^^^^^^^^^^^^^^^^^^^^^^^^^^^^^^^^^^^^^^^^^^^^

Error (6275): Source "lib/openzeppelin-contracts/contracts/token/ERC20/IERC20.sol" not found: File not found. Searched the following locations: "/Users/Jorge/.codex/worktrees/omerta-rc1-closure/Omerta/omerta-contracts".
ParserError: Source "lib/openzeppelin-contracts/contracts/token/ERC20/IERC20.sol" not found: File not found. Searched the following locations: "/Users/Jorge/.codex/worktrees/omerta-rc1-closure/Omerta/omerta-contracts".
 --> src/market-v2/OmertaInventoryBondV2.sol:4:1:
  |
4 | import {IERC20} from "@openzeppelin/contracts/token/ERC20/IERC20.sol";
  | ^^^^^^^^^^^^^^^^^^^^^^^^^^^^^^^^^^^^^^^^^^^^^^^^^^^^^^^^^^^^^^^^^^^^^^

Error (6275): Source "lib/openzeppelin-contracts/contracts/token/ERC20/utils/SafeERC20.sol" not found: File not found. Searched the following locations: "/Users/Jorge/.codex/worktrees/omerta-rc1-closure/Omerta/omerta-contracts".
ParserError: Source "lib/openzeppelin-contracts/contracts/token/ERC20/utils/SafeERC20.sol" not found: File not found. Searched the following locations: "/Users/Jorge/.codex/worktrees/omerta-rc1-closure/Omerta/omerta-contracts".
 --> src/market-v2/OmertaInventoryBondV2.sol:5:1:
  |
5 | import {SafeERC20} from "@openzeppelin/contracts/token/ERC20/utils/SafeERC20.sol";
  | ^^^^^^^^^^^^^^^^^^^^^^^^^^^^^^^^^^^^^^^^^^^^^^^^^^^^^^^^^^^^^^^^^^^^^^^^^^^^^^^^^^

Error (6275): Source "lib/openzeppelin-contracts/contracts/utils/ReentrancyGuard.sol" not found: File not found. Searched the following locations: "/Users/Jorge/.codex/worktrees/omerta-rc1-closure/Omerta/omerta-contracts".
ParserError: Source "lib/openzeppelin-contracts/contracts/utils/ReentrancyGuard.sol" not found: File not found. Searched the following locations: "/Users/Jorge/.codex/worktrees/omerta-rc1-closure/Omerta/omerta-contracts".
 --> src/market-v2/OmertaInventoryBondV2.sol:6:1:
  |
6 | import {ReentrancyGuard} from "@openzeppelin/contracts/utils/ReentrancyGuard.sol";
  | ^^^^^^^^^^^^^^^^^^^^^^^^^^^^^^^^^^^^^^^^^^^^^^^^^^^^^^^^^^^^^^^^^^^^^^^^^^^^^^^^^^

Error (6275): Source "lib/openzeppelin-contracts/contracts/utils/math/Math.sol" not found: File not found. Searched the following locations: "/Users/Jorge/.codex/worktrees/omerta-rc1-closure/Omerta/omerta-contracts".
ParserError: Source "lib/openzeppelin-contracts/contracts/utils/math/Math.sol" not found: File not found. Searched the following locations: "/Users/Jorge/.codex/worktrees/omerta-rc1-closure/Omerta/omerta-contracts".
 --> src/market-v2/OmertaInventoryBondV2.sol:7:1:
  |
7 | import {Math} from "@openzeppelin/contracts/utils/math/Math.sol";
  | ^^^^^^^^^^^^^^^^^^^^^^^^^^^^^^^^^^^^^^^^^^^^^^^^^^^^^^^^^^^^^^^^^

Error (6275): Source "lib/v4-core/src/interfaces/IPoolManager.sol" not found: File not found. Searched the following locations: "/Users/Jorge/.codex/worktrees/omerta-rc1-closure/Omerta/omerta-contracts".
ParserError: Source "lib/v4-core/src/interfaces/IPoolManager.sol" not found: File not found. Searched the following locations: "/Users/Jorge/.codex/worktrees/omerta-rc1-closure/Omerta/omerta-contracts".
 --> src/market-v2/OmertaInventoryBondV2.sol:8:1:
  |
8 | import {IPoolManager} from "v4-core/interfaces/IPoolManager.sol";
  | ^^^^^^^^^^^^^^^^^^^^^^^^^^^^^^^^^^^^^^^^^^^^^^^^^^^^^^^^^^^^^^^^^

Error (6275): Source "lib/v4-core/src/types/PoolKey.sol" not found: File not found. Searched the following locations: "/Users/Jorge/.codex/worktrees/omerta-rc1-closure/Omerta/omerta-contracts".
ParserError: Source "lib/v4-core/src/types/PoolKey.sol" not found: File not found. Searched the following locations: "/Users/Jorge/.codex/worktrees/omerta-rc1-closure/Omerta/omerta-contracts".
 --> src/market-v2/OmertaInventoryBondV2.sol:9:1:
  |
9 | import {PoolKey} from "v4-core/types/PoolKey.sol";
  | ^^^^^^^^^^^^^^^^^^^^^^^^^^^^^^^^^^^^^^^^^^^^^^^^^^

Error (6275): Source "lib/v4-core/src/types/PoolId.sol" not found: File not found. Searched the following locations: "/Users/Jorge/.codex/worktrees/omerta-rc1-closure/Omerta/omerta-contracts".
ParserError: Source "lib/v4-core/src/types/PoolId.sol" not found: File not found. Searched the following locations: "/Users/Jorge/.codex/worktrees/omerta-rc1-closure/Omerta/omerta-contracts".
  --> src/market-v2/OmertaInventoryBondV2.sol:10:1:
   |
10 | import {PoolId, PoolIdLibrary} from "v4-core/types/PoolId.sol";
   | ^^^^^^^^^^^^^^^^^^^^^^^^^^^^^^^^^^^^^^^^^^^^^^^^^^^^^^^^^^^^^^^

Error (6275): Source "lib/v4-core/src/types/Currency.sol" not found: File not found. Searched the following locations: "/Users/Jorge/.codex/worktrees/omerta-rc1-closure/Omerta/omerta-contracts".
ParserError: Source "lib/v4-core/src/types/Currency.sol" not found: File not found. Searched the following locations: "/Users/Jorge/.codex/worktrees/omerta-rc1-closure/Omerta/omerta-contracts".
  --> src/market-v2/OmertaInventoryBondV2.sol:11:1:
   |
11 | import {Currency} from "v4-core/types/Currency.sol";
   | ^^^^^^^^^^^^^^^^^^^^^^^^^^^^^^^^^^^^^^^^^^^^^^^^^^^^

Error (6275): Source "lib/v4-core/src/libraries/StateLibrary.sol" not found: File not found. Searched the following locations: "/Users/Jorge/.codex/worktrees/omerta-rc1-closure/Omerta/omerta-contracts".
ParserError: Source "lib/v4-core/src/libraries/StateLibrary.sol" not found: File not found. Searched the following locations: "/Users/Jorge/.codex/worktrees/omerta-rc1-closure/Omerta/omerta-contracts".
  --> src/market-v2/OmertaInventoryBondV2.sol:12:1:
   |
12 | import {StateLibrary} from "v4-core/libraries/StateLibrary.sol";
   | ^^^^^^^^^^^^^^^^^^^^^^^^^^^^^^^^^^^^^^^^^^^^^^^^^^^^^^^^^^^^^^^^

Error (6275): Source "lib/openzeppelin-contracts/contracts/utils/math/Math.sol" not found: File not found. Searched the following locations: "/Users/Jorge/.codex/worktrees/omerta-rc1-closure/Omerta/omerta-contracts".
ParserError: Source "lib/openzeppelin-contracts/contracts/utils/math/Math.sol" not found: File not found. Searched the following locations: "/Users/Jorge/.codex/worktrees/omerta-rc1-closure/Omerta/omerta-contracts".
 --> src/market-v2/OmertaMarketStateV2.sol:4:1:
  |
4 | import {Math} from "@openzeppelin/contracts/utils/math/Math.sol";
  | ^^^^^^^^^^^^^^^^^^^^^^^^^^^^^^^^^^^^^^^^^^^^^^^^^^^^^^^^^^^^^^^^^

Error (6275): Source "lib/v4-core/src/libraries/TickMath.sol" not found: File not found. Searched the following locations: "/Users/Jorge/.codex/worktrees/omerta-rc1-closure/Omerta/omerta-contracts".
ParserError: Source "lib/v4-core/src/libraries/TickMath.sol" not found: File not found. Searched the following locations: "/Users/Jorge/.codex/worktrees/omerta-rc1-closure/Omerta/omerta-contracts".
 --> src/market-v2/OmertaMarketStateV2.sol:5:1:
  |
5 | import {TickMath} from "v4-core/libraries/TickMath.sol";
  | ^^^^^^^^^^^^^^^^^^^^^^^^^^^^^^^^^^^^^^^^^^^^^^^^^^^^^^^^

Error (6275): Source "lib/openzeppelin-contracts/contracts/token/ERC20/IERC20.sol" not found: File not found. Searched the following locations: "/Users/Jorge/.codex/worktrees/omerta-rc1-closure/Omerta/omerta-contracts".
ParserError: Source "lib/openzeppelin-contracts/contracts/token/ERC20/IERC20.sol" not found: File not found. Searched the following locations: "/Users/Jorge/.codex/worktrees/omerta-rc1-closure/Omerta/omerta-contracts".
 --> src/market-v2/OmertaReserveFundingV2.sol:4:1:
  |
4 | import {IERC20} from "@openzeppelin/contracts/token/ERC20/IERC20.sol";
  | ^^^^^^^^^^^^^^^^^^^^^^^^^^^^^^^^^^^^^^^^^^^^^^^^^^^^^^^^^^^^^^^^^^^^^^

Error (6275): Source "lib/openzeppelin-contracts/contracts/token/ERC20/utils/SafeERC20.sol" not found: File not found. Searched the following locations: "/Users/Jorge/.codex/worktrees/omerta-rc1-closure/Omerta/omerta-contracts".
ParserError: Source "lib/openzeppelin-contracts/contracts/token/ERC20/utils/SafeERC20.sol" not found: File not found. Searched the following locations: "/Users/Jorge/.codex/worktrees/omerta-rc1-closure/Omerta/omerta-contracts".
 --> src/market-v2/OmertaReserveFundingV2.sol:5:1:
  |
5 | import {SafeERC20} from "@openzeppelin/contracts/token/ERC20/utils/SafeERC20.sol";
  | ^^^^^^^^^^^^^^^^^^^^^^^^^^^^^^^^^^^^^^^^^^^^^^^^^^^^^^^^^^^^^^^^^^^^^^^^^^^^^^^^^^

Error (6275): Source "lib/openzeppelin-contracts/contracts/utils/ReentrancyGuard.sol" not found: File not found. Searched the following locations: "/Users/Jorge/.codex/worktrees/omerta-rc1-closure/Omerta/omerta-contracts".
ParserError: Source "lib/openzeppelin-contracts/contracts/utils/ReentrancyGuard.sol" not found: File not found. Searched the following locations: "/Users/Jorge/.codex/worktrees/omerta-rc1-closure/Omerta/omerta-contracts".
 --> src/market-v2/OmertaReserveFundingV2.sol:6:1:
  |
6 | import {ReentrancyGuard} from "@openzeppelin/contracts/utils/ReentrancyGuard.sol";
  | ^^^^^^^^^^^^^^^^^^^^^^^^^^^^^^^^^^^^^^^^^^^^^^^^^^^^^^^^^^^^^^^^^^^^^^^^^^^^^^^^^^

Error (6275): Source "lib/openzeppelin-contracts/contracts/token/ERC20/IERC20.sol" not found: File not found. Searched the following locations: "/Users/Jorge/.codex/worktrees/omerta-rc1-closure/Omerta/omerta-contracts".
ParserError: Source "lib/openzeppelin-contracts/contracts/token/ERC20/IERC20.sol" not found: File not found. Searched the following locations: "/Users/Jorge/.codex/worktrees/omerta-rc1-closure/Omerta/omerta-contracts".
 --> src/market-v2/OmertaStabilityControllerV2.sol:4:1:
  |
4 | import {IERC20} from "@openzeppelin/contracts/token/ERC20/IERC20.sol";
  | ^^^^^^^^^^^^^^^^^^^^^^^^^^^^^^^^^^^^^^^^^^^^^^^^^^^^^^^^^^^^^^^^^^^^^^

Error (6275): Source "lib/openzeppelin-contracts/contracts/token/ERC20/utils/SafeERC20.sol" not found: File not found. Searched the following locations: "/Users/Jorge/.codex/worktrees/omerta-rc1-closure/Omerta/omerta-contracts".
ParserError: Source "lib/openzeppelin-contracts/contracts/token/ERC20/utils/SafeERC20.sol" not found: File not found. Searched the following locations: "/Users/Jorge/.codex/worktrees/omerta-rc1-closure/Omerta/omerta-contracts".
 --> src/market-v2/OmertaStabilityControllerV2.sol:5:1:
  |
5 | import {SafeERC20} from "@openzeppelin/contracts/token/ERC20/utils/SafeERC20.sol";
  | ^^^^^^^^^^^^^^^^^^^^^^^^^^^^^^^^^^^^^^^^^^^^^^^^^^^^^^^^^^^^^^^^^^^^^^^^^^^^^^^^^^

Error (6275): Source "lib/openzeppelin-contracts/contracts/utils/ReentrancyGuard.sol" not found: File not found. Searched the following locations: "/Users/Jorge/.codex/worktrees/omerta-rc1-closure/Omerta/omerta-contracts".
ParserError: Source "lib/openzeppelin-contracts/contracts/utils/ReentrancyGuard.sol" not found: File not found. Searched the following locations: "/Users/Jorge/.codex/worktrees/omerta-rc1-closure/Omerta/omerta-contracts".
 --> src/market-v2/OmertaStabilityControllerV2.sol:6:1:
  |
6 | import {ReentrancyGuard} from "@openzeppelin/contracts/utils/ReentrancyGuard.sol";
  | ^^^^^^^^^^^^^^^^^^^^^^^^^^^^^^^^^^^^^^^^^^^^^^^^^^^^^^^^^^^^^^^^^^^^^^^^^^^^^^^^^^

Error (6275): Source "lib/v4-core/src/interfaces/IPoolManager.sol" not found: File not found. Searched the following locations: "/Users/Jorge/.codex/worktrees/omerta-rc1-closure/Omerta/omerta-contracts".
ParserError: Source "lib/v4-core/src/interfaces/IPoolManager.sol" not found: File not found. Searched the following locations: "/Users/Jorge/.codex/worktrees/omerta-rc1-closure/Omerta/omerta-contracts".
 --> src/market-v2/OmertaStabilityControllerV2.sol:7:1:
  |
7 | import {IPoolManager} from "v4-core/interfaces/IPoolManager.sol";
  | ^^^^^^^^^^^^^^^^^^^^^^^^^^^^^^^^^^^^^^^^^^^^^^^^^^^^^^^^^^^^^^^^^

Error (6275): Source "lib/v4-core/src/interfaces/callback/IUnlockCallback.sol" not found: File not found. Searched the following locations: "/Users/Jorge/.codex/worktrees/omerta-rc1-closure/Omerta/omerta-contracts".
ParserError: Source "lib/v4-core/src/interfaces/callback/IUnlockCallback.sol" not found: File not found. Searched the following locations: "/Users/Jorge/.codex/worktrees/omerta-rc1-closure/Omerta/omerta-contracts".
 --> src/market-v2/OmertaStabilityControllerV2.sol:8:1:
  |
8 | import {IUnlockCallback} from "v4-core/interfaces/callback/IUnlockCallback.sol";
  | ^^^^^^^^^^^^^^^^^^^^^^^^^^^^^^^^^^^^^^^^^^^^^^^^^^^^^^^^^^^^^^^^^^^^^^^^^^^^^^^^

Error (6275): Source "lib/v4-core/src/types/PoolKey.sol" not found: File not found. Searched the following locations: "/Users/Jorge/.codex/worktrees/omerta-rc1-closure/Omerta/omerta-contracts".
ParserError: Source "lib/v4-core/src/types/PoolKey.sol" not found: File not found. Searched the following locations: "/Users/Jorge/.codex/worktrees/omerta-rc1-closure/Omerta/omerta-contracts".
 --> src/market-v2/OmertaStabilityControllerV2.sol:9:1:
  |
9 | import {PoolKey} from "v4-core/types/PoolKey.sol";
  | ^^^^^^^^^^^^^^^^^^^^^^^^^^^^^^^^^^^^^^^^^^^^^^^^^^

Error (6275): Source "lib/v4-core/src/types/PoolId.sol" not found: File not found. Searched the following locations: "/Users/Jorge/.codex/worktrees/omerta-rc1-closure/Omerta/omerta-contracts".
ParserError: Source "lib/v4-core/src/types/PoolId.sol" not found: File not found. Searched the following locations: "/Users/Jorge/.codex/worktrees/omerta-rc1-closure/Omerta/omerta-contracts".
  --> src/market-v2/OmertaStabilityControllerV2.sol:10:1:
   |
10 | import {PoolId, PoolIdLibrary} from "v4-core/types/PoolId.sol";
   | ^^^^^^^^^^^^^^^^^^^^^^^^^^^^^^^^^^^^^^^^^^^^^^^^^^^^^^^^^^^^^^^

Error (6275): Source "lib/v4-core/src/types/Currency.sol" not found: File not found. Searched the following locations: "/Users/Jorge/.codex/worktrees/omerta-rc1-closure/Omerta/omerta-contracts".
ParserError: Source "lib/v4-core/src/types/Currency.sol" not found: File not found. Searched the following locations: "/Users/Jorge/.codex/worktrees/omerta-rc1-closure/Omerta/omerta-contracts".
  --> src/market-v2/OmertaStabilityControllerV2.sol:11:1:
   |
11 | import {Currency} from "v4-core/types/Currency.sol";
   | ^^^^^^^^^^^^^^^^^^^^^^^^^^^^^^^^^^^^^^^^^^^^^^^^^^^^

Error (6275): Source "lib/v4-core/src/types/BalanceDelta.sol" not found: File not found. Searched the following locations: "/Users/Jorge/.codex/worktrees/omerta-rc1-closure/Omerta/omerta-contracts".
ParserError: Source "lib/v4-core/src/types/BalanceDelta.sol" not found: File not found. Searched the following locations: "/Users/Jorge/.codex/worktrees/omerta-rc1-closure/Omerta/omerta-contracts".
  --> src/market-v2/OmertaStabilityControllerV2.sol:12:1:
   |
12 | import {BalanceDelta} from "v4-core/types/BalanceDelta.sol";
   | ^^^^^^^^^^^^^^^^^^^^^^^^^^^^^^^^^^^^^^^^^^^^^^^^^^^^^^^^^^^^

Error (6275): Source "lib/v4-core/src/types/PoolOperation.sol" not found: File not found. Searched the following locations: "/Users/Jorge/.codex/worktrees/omerta-rc1-closure/Omerta/omerta-contracts".
ParserError: Source "lib/v4-core/src/types/PoolOperation.sol" not found: File not found. Searched the following locations: "/Users/Jorge/.codex/worktrees/omerta-rc1-closure/Omerta/omerta-contracts".
  --> src/market-v2/OmertaStabilityControllerV2.sol:13:1:
   |
13 | import {ModifyLiquidityParams} from "v4-core/types/PoolOperation.sol";
   | ^^^^^^^^^^^^^^^^^^^^^^^^^^^^^^^^^^^^^^^^^^^^^^^^^^^^^^^^^^^^^^^^^^^^^^

Error (6275): Source "lib/v4-core/src/libraries/StateLibrary.sol" not found: File not found. Searched the following locations: "/Users/Jorge/.codex/worktrees/omerta-rc1-closure/Omerta/omerta-contracts".
ParserError: Source "lib/v4-core/src/libraries/StateLibrary.sol" not found: File not found. Searched the following locations: "/Users/Jorge/.codex/worktrees/omerta-rc1-closure/Omerta/omerta-contracts".
  --> src/market-v2/OmertaStabilityControllerV2.sol:14:1:
   |
14 | import {StateLibrary} from "v4-core/libraries/StateLibrary.sol";
   | ^^^^^^^^^^^^^^^^^^^^^^^^^^^^^^^^^^^^^^^^^^^^^^^^^^^^^^^^^^^^^^^^

Error (6275): Source "lib/v4-core/src/libraries/TickMath.sol" not found: File not found. Searched the following locations: "/Users/Jorge/.codex/worktrees/omerta-rc1-closure/Omerta/omerta-contracts".
ParserError: Source "lib/v4-core/src/libraries/TickMath.sol" not found: File not found. Searched the following locations: "/Users/Jorge/.codex/worktrees/omerta-rc1-closure/Omerta/omerta-contracts".
  --> src/market-v2/OmertaStabilityControllerV2.sol:15:1:
   |
15 | import {TickMath} from "v4-core/libraries/TickMath.sol";
   | ^^^^^^^^^^^^^^^^^^^^^^^^^^^^^^^^^^^^^^^^^^^^^^^^^^^^^^^^

Error (6275): Source "lib/v4-core/src/libraries/SqrtPriceMath.sol" not found: File not found. Searched the following locations: "/Users/Jorge/.codex/worktrees/omerta-rc1-closure/Omerta/omerta-contracts".
ParserError: Source "lib/v4-core/src/libraries/SqrtPriceMath.sol" not found: File not found. Searched the following locations: "/Users/Jorge/.codex/worktrees/omerta-rc1-closure/Omerta/omerta-contracts".
  --> src/market-v2/OmertaStabilityControllerV2.sol:16:1:
   |
16 | import {SqrtPriceMath} from "v4-core/libraries/SqrtPriceMath.sol";
   | ^^^^^^^^^^^^^^^^^^^^^^^^^^^^^^^^^^^^^^^^^^^^^^^^^^^^^^^^^^^^^^^^^^

Error (6275): Source "lib/v4-core/src/libraries/Hooks.sol" not found: File not found. Searched the following locations: "/Users/Jorge/.codex/worktrees/omerta-rc1-closure/Omerta/omerta-contracts".
ParserError: Source "lib/v4-core/src/libraries/Hooks.sol" not found: File not found. Searched the following locations: "/Users/Jorge/.codex/worktrees/omerta-rc1-closure/Omerta/omerta-contracts".
  --> src/market-v2/OmertaStabilityControllerV2.sol:17:1:
   |
17 | import {Hooks} from "v4-core/libraries/Hooks.sol";
   | ^^^^^^^^^^^^^^^^^^^^^^^^^^^^^^^^^^^^^^^^^^^^^^^^^^

Error (6275): Source "lib/v4-periphery/src/libraries/LiquidityAmounts.sol" not found: File not found. Searched the following locations: "/Users/Jorge/.codex/worktrees/omerta-rc1-closure/Omerta/omerta-contracts".
ParserError: Source "lib/v4-periphery/src/libraries/LiquidityAmounts.sol" not found: File not found. Searched the following locations: "/Users/Jorge/.codex/worktrees/omerta-rc1-closure/Omerta/omerta-contracts".
  --> src/market-v2/OmertaStabilityControllerV2.sol:18:1:
   |
18 | import {LiquidityAmounts} from "../../lib/v4-periphery/src/libraries/LiquidityAmounts.sol";
   | ^^^^^^^^^^^^^^^^^^^^^^^^^^^^^^^^^^^^^^^^^^^^^^^^^^^^^^^^^^^^^^^^^^^^^^^^^^^^^^^^^^^^^^^^^^^

Error (6275): Source "lib/openzeppelin-contracts/contracts/utils/ReentrancyGuard.sol" not found: File not found. Searched the following locations: "/Users/Jorge/.codex/worktrees/omerta-rc1-closure/Omerta/omerta-contracts".
ParserError: Source "lib/openzeppelin-contracts/contracts/utils/ReentrancyGuard.sol" not found: File not found. Searched the following locations: "/Users/Jorge/.codex/worktrees/omerta-rc1-closure/Omerta/omerta-contracts".
 --> src/market-v2/OmertaTurfFeeBridgeV2.sol:4:1:
  |
4 | import {ReentrancyGuard} from "@openzeppelin/contracts/utils/ReentrancyGuard.sol";
  | ^^^^^^^^^^^^^^^^^^^^^^^^^^^^^^^^^^^^^^^^^^^^^^^^^^^^^^^^^^^^^^^^^^^^^^^^^^^^^^^^^^

Error (6275): Source "lib/openzeppelin-contracts/contracts/token/ERC20/IERC20.sol" not found: File not found. Searched the following locations: "/Users/Jorge/.codex/worktrees/omerta-rc1-closure/Omerta/omerta-contracts".
ParserError: Source "lib/openzeppelin-contracts/contracts/token/ERC20/IERC20.sol" not found: File not found. Searched the following locations: "/Users/Jorge/.codex/worktrees/omerta-rc1-closure/Omerta/omerta-contracts".
 --> src/market-v2/OmertaTurfFeeBridgeV2.sol:5:1:
  |
5 | import {IERC20} from "@openzeppelin/contracts/token/ERC20/IERC20.sol";
  | ^^^^^^^^^^^^^^^^^^^^^^^^^^^^^^^^^^^^^^^^^^^^^^^^^^^^^^^^^^^^^^^^^^^^^^

Error (6275): Source "lib/openzeppelin-contracts/contracts/token/ERC20/utils/SafeERC20.sol" not found: File not found. Searched the following locations: "/Users/Jorge/.codex/worktrees/omerta-rc1-closure/Omerta/omerta-contracts".
ParserError: Source "lib/openzeppelin-contracts/contracts/token/ERC20/utils/SafeERC20.sol" not found: File not found. Searched the following locations: "/Users/Jorge/.codex/worktrees/omerta-rc1-closure/Omerta/omerta-contracts".
 --> src/market-v2/OmertaTurfFeeBridgeV2.sol:6:1:
  |
6 | import {SafeERC20} from "@openzeppelin/contracts/token/ERC20/utils/SafeERC20.sol";
  | ^^^^^^^^^^^^^^^^^^^^^^^^^^^^^^^^^^^^^^^^^^^^^^^^^^^^^^^^^^^^^^^^^^^^^^^^^^^^^^^^^^

Error (6275): Source "lib/openzeppelin-contracts/contracts/access/Ownable.sol" not found: File not found. Searched the following locations: "/Users/Jorge/.codex/worktrees/omerta-rc1-closure/Omerta/omerta-contracts".
ParserError: Source "lib/openzeppelin-contracts/contracts/access/Ownable.sol" not found: File not found. Searched the following locations: "/Users/Jorge/.codex/worktrees/omerta-rc1-closure/Omerta/omerta-contracts".
 --> src/market-v2/OmertaTurfV2.sol:4:1:
  |
4 | import {Ownable} from "@openzeppelin/contracts/access/Ownable.sol";
  | ^^^^^^^^^^^^^^^^^^^^^^^^^^^^^^^^^^^^^^^^^^^^^^^^^^^^^^^^^^^^^^^^^^^

Error (6275): Source "lib/openzeppelin-contracts/contracts/access/Ownable2Step.sol" not found: File not found. Searched the following locations: "/Users/Jorge/.codex/worktrees/omerta-rc1-closure/Omerta/omerta-contracts".
ParserError: Source "lib/openzeppelin-contracts/contracts/access/Ownable2Step.sol" not found: File not found. Searched the following locations: "/Users/Jorge/.codex/worktrees/omerta-rc1-closure/Omerta/omerta-contracts".
 --> src/market-v2/OmertaTurfV2.sol:5:1:
  |
5 | import {Ownable2Step} from "@openzeppelin/contracts/access/Ownable2Step.sol";
  | ^^^^^^^^^^^^^^^^^^^^^^^^^^^^^^^^^^^^^^^^^^^^^^^^^^^^^^^^^^^^^^^^^^^^^^^^^^^^^

Error (6275): Source "lib/openzeppelin-contracts/contracts/utils/ReentrancyGuard.sol" not found: File not found. Searched the following locations: "/Users/Jorge/.codex/worktrees/omerta-rc1-closure/Omerta/omerta-contracts".
ParserError: Source "lib/openzeppelin-contracts/contracts/utils/ReentrancyGuard.sol" not found: File not found. Searched the following locations: "/Users/Jorge/.codex/worktrees/omerta-rc1-closure/Omerta/omerta-contracts".
 --> src/market-v2/OmertaTurfV2.sol:6:1:
  |
6 | import {ReentrancyGuard} from "@openzeppelin/contracts/utils/ReentrancyGuard.sol";
  | ^^^^^^^^^^^^^^^^^^^^^^^^^^^^^^^^^^^^^^^^^^^^^^^^^^^^^^^^^^^^^^^^^^^^^^^^^^^^^^^^^^

Error (6275): Source "lib/openzeppelin-contracts/contracts/token/ERC20/IERC20.sol" not found: File not found. Searched the following locations: "/Users/Jorge/.codex/worktrees/omerta-rc1-closure/Omerta/omerta-contracts".
ParserError: Source "lib/openzeppelin-contracts/contracts/token/ERC20/IERC20.sol" not found: File not found. Searched the following locations: "/Users/Jorge/.codex/worktrees/omerta-rc1-closure/Omerta/omerta-contracts".
 --> src/market-v2/OmertaTurfV2.sol:7:1:
  |
7 | import {IERC20} from "@openzeppelin/contracts/token/ERC20/IERC20.sol";
  | ^^^^^^^^^^^^^^^^^^^^^^^^^^^^^^^^^^^^^^^^^^^^^^^^^^^^^^^^^^^^^^^^^^^^^^

Error (6275): Source "lib/openzeppelin-contracts/contracts/token/ERC20/utils/SafeERC20.sol" not found: File not found. Searched the following locations: "/Users/Jorge/.codex/worktrees/omerta-rc1-closure/Omerta/omerta-contracts".
ParserError: Source "lib/openzeppelin-contracts/contracts/token/ERC20/utils/SafeERC20.sol" not found: File not found. Searched the following locations: "/Users/Jorge/.codex/worktrees/omerta-rc1-closure/Omerta/omerta-contracts".
 --> src/market-v2/OmertaTurfV2.sol:8:1:
  |
8 | import {SafeERC20} from "@openzeppelin/contracts/token/ERC20/utils/SafeERC20.sol";
  | ^^^^^^^^^^^^^^^^^^^^^^^^^^^^^^^^^^^^^^^^^^^^^^^^^^^^^^^^^^^^^^^^^^^^^^^^^^^^^^^^^^

Error (6275): Source "forge-std/Test.sol" not found: File not found. Searched the following locations: "/Users/Jorge/.codex/worktrees/omerta-rc1-closure/Omerta/omerta-contracts".
ParserError: Source "forge-std/Test.sol" not found: File not found. Searched the following locations: "/Users/Jorge/.codex/worktrees/omerta-rc1-closure/Omerta/omerta-contracts".
 --> test/AcquisitionAuthoritySnapshotTask2.t.sol:4:1:
  |
4 | import {Test} from "forge-std/Test.sol";
  | ^^^^^^^^^^^^^^^^^^^^^^^^^^^^^^^^^^^^^^^^

Error (6275): Source "forge-std/Vm.sol" not found: File not found. Searched the following locations: "/Users/Jorge/.codex/worktrees/omerta-rc1-closure/Omerta/omerta-contracts".
ParserError: Source "forge-std/Vm.sol" not found: File not found. Searched the following locations: "/Users/Jorge/.codex/worktrees/omerta-rc1-closure/Omerta/omerta-contracts".
 --> test/AcquisitionAuthoritySnapshotTask2.t.sol:5:1:
  |
5 | import {Vm} from "forge-std/Vm.sol";
  | ^^^^^^^^^^^^^^^^^^^^^^^^^^^^^^^^^^^^

Error (6275): Source "forge-std/Vm.sol" not found: File not found. Searched the following locations: "/Users/Jorge/.codex/worktrees/omerta-rc1-closure/Omerta/omerta-contracts".
ParserError: Source "forge-std/Vm.sol" not found: File not found. Searched the following locations: "/Users/Jorge/.codex/worktrees/omerta-rc1-closure/Omerta/omerta-contracts".
 --> test/AcquisitionAuthorityTask2.t.sol:8:1:
  |
8 | import {Vm, VmSafe} from "forge-std/Vm.sol";
  | ^^^^^^^^^^^^^^^^^^^^^^^^^^^^^^^^^^^^^^^^^^^^

Error (6275): Source "forge-std/Test.sol" not found: File not found. Searched the following locations: "/Users/Jorge/.codex/worktrees/omerta-rc1-closure/Omerta/omerta-contracts".
ParserError: Source "forge-std/Test.sol" not found: File not found. Searched the following locations: "/Users/Jorge/.codex/worktrees/omerta-rc1-closure/Omerta/omerta-contracts".
 --> test/AcquisitionConstellationTask1.t.sol:4:1:
  |
4 | import {Test} from "forge-std/Test.sol";
  | ^^^^^^^^^^^^^^^^^^^^^^^^^^^^^^^^^^^^^^^^

Error (6275): Source "forge-std/Vm.sol" not found: File not found. Searched the following locations: "/Users/Jorge/.codex/worktrees/omerta-rc1-closure/Omerta/omerta-contracts".
ParserError: Source "forge-std/Vm.sol" not found: File not found. Searched the following locations: "/Users/Jorge/.codex/worktrees/omerta-rc1-closure/Omerta/omerta-contracts".
 --> test/AcquisitionConstellationTask1.t.sol:5:1:
  |
5 | import {Vm} from "forge-std/Vm.sol";
  | ^^^^^^^^^^^^^^^^^^^^^^^^^^^^^^^^^^^^

Error (6275): Source "forge-std/Test.sol" not found: File not found. Searched the following locations: "/Users/Jorge/.codex/worktrees/omerta-rc1-closure/Omerta/omerta-contracts".
ParserError: Source "forge-std/Test.sol" not found: File not found. Searched the following locations: "/Users/Jorge/.codex/worktrees/omerta-rc1-closure/Omerta/omerta-contracts".
 --> test/AcquisitionConstellationTask3A.t.sol:4:1:
  |
4 | import {Test} from "forge-std/Test.sol";
  | ^^^^^^^^^^^^^^^^^^^^^^^^^^^^^^^^^^^^^^^^

Error (6275): Source "forge-std/Vm.sol" not found: File not found. Searched the following locations: "/Users/Jorge/.codex/worktrees/omerta-rc1-closure/Omerta/omerta-contracts".
ParserError: Source "forge-std/Vm.sol" not found: File not found. Searched the following locations: "/Users/Jorge/.codex/worktrees/omerta-rc1-closure/Omerta/omerta-contracts".
 --> test/AcquisitionConstellationTask3A.t.sol:5:1:
  |
5 | import {Vm} from "forge-std/Vm.sol";
  | ^^^^^^^^^^^^^^^^^^^^^^^^^^^^^^^^^^^^

Error (6275): Source "forge-std/Test.sol" not found: File not found. Searched the following locations: "/Users/Jorge/.codex/worktrees/omerta-rc1-closure/Omerta/omerta-contracts".
ParserError: Source "forge-std/Test.sol" not found: File not found. Searched the following locations: "/Users/Jorge/.codex/worktrees/omerta-rc1-closure/Omerta/omerta-contracts".
 --> test/AcquisitionConstellationTask3B.t.sol:4:1:
  |
4 | import {Test, Vm, stdError} from "forge-std/Test.sol";
  | ^^^^^^^^^^^^^^^^^^^^^^^^^^^^^^^^^^^^^^^^^^^^^^^^^^^^^^

Error (6275): Source "forge-std/Test.sol" not found: File not found. Searched the following locations: "/Users/Jorge/.codex/worktrees/omerta-rc1-closure/Omerta/omerta-contracts".
ParserError: Source "forge-std/Test.sol" not found: File not found. Searched the following locations: "/Users/Jorge/.codex/worktrees/omerta-rc1-closure/Omerta/omerta-contracts".
 --> test/AcquisitionConstellationTask4BudgetBook.t.sol:4:1:
  |
4 | import {Test} from "forge-std/Test.sol";
  | ^^^^^^^^^^^^^^^^^^^^^^^^^^^^^^^^^^^^^^^^

Error (6275): Source "forge-std/Vm.sol" not found: File not found. Searched the following locations: "/Users/Jorge/.codex/worktrees/omerta-rc1-closure/Omerta/omerta-contracts".
ParserError: Source "forge-std/Vm.sol" not found: File not found. Searched the following locations: "/Users/Jorge/.codex/worktrees/omerta-rc1-closure/Omerta/omerta-contracts".
 --> test/AcquisitionConstellationTask4BudgetBook.t.sol:5:1:
  |
5 | import {Vm, VmSafe} from "forge-std/Vm.sol";
  | ^^^^^^^^^^^^^^^^^^^^^^^^^^^^^^^^^^^^^^^^^^^^

Error (6275): Source "forge-std/Test.sol" not found: File not found. Searched the following locations: "/Users/Jorge/.codex/worktrees/omerta-rc1-closure/Omerta/omerta-contracts".
ParserError: Source "forge-std/Test.sol" not found: File not found. Searched the following locations: "/Users/Jorge/.codex/worktrees/omerta-rc1-closure/Omerta/omerta-contracts".
 --> test/AcquisitionConstellationTask5IntentIdentity.t.sol:4:1:
  |
4 | import {Test} from "forge-std/Test.sol";
  | ^^^^^^^^^^^^^^^^^^^^^^^^^^^^^^^^^^^^^^^^

Error (6275): Source "forge-std/Test.sol" not found: File not found. Searched the following locations: "/Users/Jorge/.codex/worktrees/omerta-rc1-closure/Omerta/omerta-contracts".
ParserError: Source "forge-std/Test.sol" not found: File not found. Searched the following locations: "/Users/Jorge/.codex/worktrees/omerta-rc1-closure/Omerta/omerta-contracts".
 --> test/GenesisLifecycleController.t.sol:4:1:
  |
4 | import {Test} from "forge-std/Test.sol";
  | ^^^^^^^^^^^^^^^^^^^^^^^^^^^^^^^^^^^^^^^^

Error (6275): Source "lib/openzeppelin-contracts/contracts/access/Ownable.sol" not found: File not found. Searched the following locations: "/Users/Jorge/.codex/worktrees/omerta-rc1-closure/Omerta/omerta-contracts".
ParserError: Source "lib/openzeppelin-contracts/contracts/access/Ownable.sol" not found: File not found. Searched the following locations: "/Users/Jorge/.codex/worktrees/omerta-rc1-closure/Omerta/omerta-contracts".
 --> test/GenesisLifecycleController.t.sol:5:1:
  |
5 | import {Ownable} from "@openzeppelin/contracts/access/Ownable.sol";
  | ^^^^^^^^^^^^^^^^^^^^^^^^^^^^^^^^^^^^^^^^^^^^^^^^^^^^^^^^^^^^^^^^^^^

Error (6275): Source "lib/openzeppelin-contracts/contracts/token/ERC20/IERC20.sol" not found: File not found. Searched the following locations: "/Users/Jorge/.codex/worktrees/omerta-rc1-closure/Omerta/omerta-contracts".
ParserError: Source "lib/openzeppelin-contracts/contracts/token/ERC20/IERC20.sol" not found: File not found. Searched the following locations: "/Users/Jorge/.codex/worktrees/omerta-rc1-closure/Omerta/omerta-contracts".
 --> test/GenesisLifecycleController.t.sol:6:1:
  |
6 | import {IERC20} from "@openzeppelin/contracts/token/ERC20/IERC20.sol";
  | ^^^^^^^^^^^^^^^^^^^^^^^^^^^^^^^^^^^^^^^^^^^^^^^^^^^^^^^^^^^^^^^^^^^^^^

Error (6275): Source "lib/v4-core/src/interfaces/IPoolManager.sol" not found: File not found. Searched the following locations: "/Users/Jorge/.codex/worktrees/omerta-rc1-closure/Omerta/omerta-contracts".
ParserError: Source "lib/v4-core/src/interfaces/IPoolManager.sol" not found: File not found. Searched the following locations: "/Users/Jorge/.codex/worktrees/omerta-rc1-closure/Omerta/omerta-contracts".
 --> test/GenesisLifecycleController.t.sol:7:1:
  |
7 | import {IPoolManager} from "v4-core/interfaces/IPoolManager.sol";
  | ^^^^^^^^^^^^^^^^^^^^^^^^^^^^^^^^^^^^^^^^^^^^^^^^^^^^^^^^^^^^^^^^^

Error (6275): Source "lib/v4-core/src/interfaces/IHooks.sol" not found: File not found. Searched the following locations: "/Users/Jorge/.codex/worktrees/omerta-rc1-closure/Omerta/omerta-contracts".
ParserError: Source "lib/v4-core/src/interfaces/IHooks.sol" not found: File not found. Searched the following locations: "/Users/Jorge/.codex/worktrees/omerta-rc1-closure/Omerta/omerta-contracts".
 --> test/GenesisLifecycleController.t.sol:8:1:
  |
8 | import {IHooks} from "v4-core/interfaces/IHooks.sol";
  | ^^^^^^^^^^^^^^^^^^^^^^^^^^^^^^^^^^^^^^^^^^^^^^^^^^^^^

Error (6275): Source "lib/v4-core/src/types/Currency.sol" not found: File not found. Searched the following locations: "/Users/Jorge/.codex/worktrees/omerta-rc1-closure/Omerta/omerta-contracts".
ParserError: Source "lib/v4-core/src/types/Currency.sol" not found: File not found. Searched the following locations: "/Users/Jorge/.codex/worktrees/omerta-rc1-closure/Omerta/omerta-contracts".
 --> test/GenesisLifecycleController.t.sol:9:1:
  |
9 | import {Currency} from "v4-core/types/Currency.sol";
  | ^^^^^^^^^^^^^^^^^^^^^^^^^^^^^^^^^^^^^^^^^^^^^^^^^^^^

Error (6275): Source "lib/v4-core/src/types/PoolKey.sol" not found: File not found. Searched the following locations: "/Users/Jorge/.codex/worktrees/omerta-rc1-closure/Omerta/omerta-contracts".
ParserError: Source "lib/v4-core/src/types/PoolKey.sol" not found: File not found. Searched the following locations: "/Users/Jorge/.codex/worktrees/omerta-rc1-closure/Omerta/omerta-contracts".
  --> test/GenesisLifecycleController.t.sol:10:1:
   |
10 | import {PoolKey} from "v4-core/types/PoolKey.sol";
   | ^^^^^^^^^^^^^^^^^^^^^^^^^^^^^^^^^^^^^^^^^^^^^^^^^^

Error (6275): Source "lib/v4-core/src/types/PoolId.sol" not found: File not found. Searched the following locations: "/Users/Jorge/.codex/worktrees/omerta-rc1-closure/Omerta/omerta-contracts".
ParserError: Source "lib/v4-core/src/types/PoolId.sol" not found: File not found. Searched the following locations: "/Users/Jorge/.codex/worktrees/omerta-rc1-closure/Omerta/omerta-contracts".
  --> test/GenesisLifecycleController.t.sol:11:1:
   |
11 | import {PoolId, PoolIdLibrary} from "v4-core/types/PoolId.sol";
   | ^^^^^^^^^^^^^^^^^^^^^^^^^^^^^^^^^^^^^^^^^^^^^^^^^^^^^^^^^^^^^^^

Error (6275): Source "lib/v4-core/src/libraries/TickMath.sol" not found: File not found. Searched the following locations: "/Users/Jorge/.codex/worktrees/omerta-rc1-closure/Omerta/omerta-contracts".
ParserError: Source "lib/v4-core/src/libraries/TickMath.sol" not found: File not found. Searched the following locations: "/Users/Jorge/.codex/worktrees/omerta-rc1-closure/Omerta/omerta-contracts".
  --> test/GenesisLifecycleController.t.sol:12:1:
   |
12 | import {TickMath} from "v4-core/libraries/TickMath.sol";
   | ^^^^^^^^^^^^^^^^^^^^^^^^^^^^^^^^^^^^^^^^^^^^^^^^^^^^^^^^

Error (6275): Source "lib/permit2/src/interfaces/IAllowanceTransfer.sol" not found: File not found. Searched the following locations: "/Users/Jorge/.codex/worktrees/omerta-rc1-closure/Omerta/omerta-contracts".
ParserError: Source "lib/permit2/src/interfaces/IAllowanceTransfer.sol" not found: File not found. Searched the following locations: "/Users/Jorge/.codex/worktrees/omerta-rc1-closure/Omerta/omerta-contracts".
  --> test/GenesisLifecycleController.t.sol:13:1:
   |
13 | import {IAllowanceTransfer} from "permit2/src/interfaces/IAllowanceTransfer.sol";
   | ^^^^^^^^^^^^^^^^^^^^^^^^^^^^^^^^^^^^^^^^^^^^^^^^^^^^^^^^^^^^^^^^^^^^^^^^^^^^^^^^^

Error (6275): Source "lib/permit2/test/utils/DeployPermit2.sol" not found: File not found. Searched the following locations: "/Users/Jorge/.codex/worktrees/omerta-rc1-closure/Omerta/omerta-contracts".
ParserError: Source "lib/permit2/test/utils/DeployPermit2.sol" not found: File not found. Searched the following locations: "/Users/Jorge/.codex/worktrees/omerta-rc1-closure/Omerta/omerta-contracts".
  --> test/GenesisLifecycleController.t.sol:14:1:
   |
14 | import {DeployPermit2} from "permit2/test/utils/DeployPermit2.sol";
   | ^^^^^^^^^^^^^^^^^^^^^^^^^^^^^^^^^^^^^^^^^^^^^^^^^^^^^^^^^^^^^^^^^^^

Error (6275): Source "lib/v4-periphery/src/libraries/Actions.sol" not found: File not found. Searched the following locations: "/Users/Jorge/.codex/worktrees/omerta-rc1-closure/Omerta/omerta-contracts".
ParserError: Source "lib/v4-periphery/src/libraries/Actions.sol" not found: File not found. Searched the following locations: "/Users/Jorge/.codex/worktrees/omerta-rc1-closure/Omerta/omerta-contracts".
  --> test/GenesisLifecycleController.t.sol:15:1:
   |
15 | import {Actions} from "../lib/v4-periphery/src/libraries/Actions.sol";
   | ^^^^^^^^^^^^^^^^^^^^^^^^^^^^^^^^^^^^^^^^^^^^^^^^^^^^^^^^^^^^^^^^^^^^^^

Error (6275): Source "forge-std/Test.sol" not found: File not found. Searched the following locations: "/Users/Jorge/.codex/worktrees/omerta-rc1-closure/Omerta/omerta-contracts".
ParserError: Source "forge-std/Test.sol" not found: File not found. Searched the following locations: "/Users/Jorge/.codex/worktrees/omerta-rc1-closure/Omerta/omerta-contracts".
 --> test/ProtocolLiquidityVault.t.sol:4:1:
  |
4 | import {Test} from "forge-std/Test.sol";
  | ^^^^^^^^^^^^^^^^^^^^^^^^^^^^^^^^^^^^^^^^

Error (6275): Source "lib/openzeppelin-contracts/contracts/access/Ownable.sol" not found: File not found. Searched the following locations: "/Users/Jorge/.codex/worktrees/omerta-rc1-closure/Omerta/omerta-contracts".
ParserError: Source "lib/openzeppelin-contracts/contracts/access/Ownable.sol" not found: File not found. Searched the following locations: "/Users/Jorge/.codex/worktrees/omerta-rc1-closure/Omerta/omerta-contracts".
 --> test/ProtocolLiquidityVault.t.sol:5:1:
  |
5 | import {Ownable} from "@openzeppelin/contracts/access/Ownable.sol";
  | ^^^^^^^^^^^^^^^^^^^^^^^^^^^^^^^^^^^^^^^^^^^^^^^^^^^^^^^^^^^^^^^^^^^

Error (6275): Source "lib/openzeppelin-contracts/contracts/token/ERC721/IERC721Receiver.sol" not found: File not found. Searched the following locations: "/Users/Jorge/.codex/worktrees/omerta-rc1-closure/Omerta/omerta-contracts".
ParserError: Source "lib/openzeppelin-contracts/contracts/token/ERC721/IERC721Receiver.sol" not found: File not found. Searched the following locations: "/Users/Jorge/.codex/worktrees/omerta-rc1-closure/Omerta/omerta-contracts".
 --> test/ProtocolLiquidityVault.t.sol:6:1:
  |
6 | import {IERC721Receiver} from "@openzeppelin/contracts/token/ERC721/IERC721Receiver.sol";
  | ^^^^^^^^^^^^^^^^^^^^^^^^^^^^^^^^^^^^^^^^^^^^^^^^^^^^^^^^^^^^^^^^^^^^^^^^^^^^^^^^^^^^^^^^^

Error (6275): Source "lib/openzeppelin-contracts/contracts/utils/ReentrancyGuard.sol" not found: File not found. Searched the following locations: "/Users/Jorge/.codex/worktrees/omerta-rc1-closure/Omerta/omerta-contracts".
ParserError: Source "lib/openzeppelin-contracts/contracts/utils/ReentrancyGuard.sol" not found: File not found. Searched the following locations: "/Users/Jorge/.codex/worktrees/omerta-rc1-closure/Omerta/omerta-contracts".
 --> test/ProtocolLiquidityVault.t.sol:7:1:
  |
7 | import {ReentrancyGuard} from "@openzeppelin/contracts/utils/ReentrancyGuard.sol";
  | ^^^^^^^^^^^^^^^^^^^^^^^^^^^^^^^^^^^^^^^^^^^^^^^^^^^^^^^^^^^^^^^^^^^^^^^^^^^^^^^^^^

Error (6275): Source "lib/v4-core/src/interfaces/IPoolManager.sol" not found: File not found. Searched the following locations: "/Users/Jorge/.codex/worktrees/omerta-rc1-closure/Omerta/omerta-contracts".
ParserError: Source "lib/v4-core/src/interfaces/IPoolManager.sol" not found: File not found. Searched the following locations: "/Users/Jorge/.codex/worktrees/omerta-rc1-closure/Omerta/omerta-contracts".
 --> test/ProtocolLiquidityVault.t.sol:8:1:
  |
8 | import {IPoolManager} from "v4-core/interfaces/IPoolManager.sol";
  | ^^^^^^^^^^^^^^^^^^^^^^^^^^^^^^^^^^^^^^^^^^^^^^^^^^^^^^^^^^^^^^^^^

Error (6275): Source "lib/v4-core/src/interfaces/IHooks.sol" not found: File not found. Searched the following locations: "/Users/Jorge/.codex/worktrees/omerta-rc1-closure/Omerta/omerta-contracts".
ParserError: Source "lib/v4-core/src/interfaces/IHooks.sol" not found: File not found. Searched the following locations: "/Users/Jorge/.codex/worktrees/omerta-rc1-closure/Omerta/omerta-contracts".
 --> test/ProtocolLiquidityVault.t.sol:9:1:
  |
9 | import {IHooks} from "v4-core/interfaces/IHooks.sol";
  | ^^^^^^^^^^^^^^^^^^^^^^^^^^^^^^^^^^^^^^^^^^^^^^^^^^^^^

Error (6275): Source "lib/v4-core/src/types/PoolKey.sol" not found: File not found. Searched the following locations: "/Users/Jorge/.codex/worktrees/omerta-rc1-closure/Omerta/omerta-contracts".
ParserError: Source "lib/v4-core/src/types/PoolKey.sol" not found: File not found. Searched the following locations: "/Users/Jorge/.codex/worktrees/omerta-rc1-closure/Omerta/omerta-contracts".
  --> test/ProtocolLiquidityVault.t.sol:10:1:
   |
10 | import {PoolKey} from "v4-core/types/PoolKey.sol";
   | ^^^^^^^^^^^^^^^^^^^^^^^^^^^^^^^^^^^^^^^^^^^^^^^^^^

Error (6275): Source "lib/v4-core/src/types/PoolId.sol" not found: File not found. Searched the following locations: "/Users/Jorge/.codex/worktrees/omerta-rc1-closure/Omerta/omerta-contracts".
ParserError: Source "lib/v4-core/src/types/PoolId.sol" not found: File not found. Searched the following locations: "/Users/Jorge/.codex/worktrees/omerta-rc1-closure/Omerta/omerta-contracts".
  --> test/ProtocolLiquidityVault.t.sol:11:1:
   |
11 | import {PoolId, PoolIdLibrary} from "v4-core/types/PoolId.sol";
   | ^^^^^^^^^^^^^^^^^^^^^^^^^^^^^^^^^^^^^^^^^^^^^^^^^^^^^^^^^^^^^^^

Error (6275): Source "lib/v4-core/src/types/Currency.sol" not found: File not found. Searched the following locations: "/Users/Jorge/.codex/worktrees/omerta-rc1-closure/Omerta/omerta-contracts".
ParserError: Source "lib/v4-core/src/types/Currency.sol" not found: File not found. Searched the following locations: "/Users/Jorge/.codex/worktrees/omerta-rc1-closure/Omerta/omerta-contracts".
  --> test/ProtocolLiquidityVault.t.sol:12:1:
   |
12 | import {Currency} from "v4-core/types/Currency.sol";
   | ^^^^^^^^^^^^^^^^^^^^^^^^^^^^^^^^^^^^^^^^^^^^^^^^^^^^

Error (6275): Source "lib/v4-core/src/types/PoolOperation.sol" not found: File not found. Searched the following locations: "/Users/Jorge/.codex/worktrees/omerta-rc1-closure/Omerta/omerta-contracts".
ParserError: Source "lib/v4-core/src/types/PoolOperation.sol" not found: File not found. Searched the following locations: "/Users/Jorge/.codex/worktrees/omerta-rc1-closure/Omerta/omerta-contracts".
  --> test/ProtocolLiquidityVault.t.sol:13:1:
   |
13 | import {SwapParams} from "v4-core/types/PoolOperation.sol";
   | ^^^^^^^^^^^^^^^^^^^^^^^^^^^^^^^^^^^^^^^^^^^^^^^^^^^^^^^^^^^

Error (6275): Source "lib/v4-core/src/libraries/TickMath.sol" not found: File not found. Searched the following locations: "/Users/Jorge/.codex/worktrees/omerta-rc1-closure/Omerta/omerta-contracts".
ParserError: Source "lib/v4-core/src/libraries/TickMath.sol" not found: File not found. Searched the following locations: "/Users/Jorge/.codex/worktrees/omerta-rc1-closure/Omerta/omerta-contracts".
  --> test/ProtocolLiquidityVault.t.sol:14:1:
   |
14 | import {TickMath} from "v4-core/libraries/TickMath.sol";
   | ^^^^^^^^^^^^^^^^^^^^^^^^^^^^^^^^^^^^^^^^^^^^^^^^^^^^^^^^

Error (6275): Source "lib/v4-core/src/libraries/StateLibrary.sol" not found: File not found. Searched the following locations: "/Users/Jorge/.codex/worktrees/omerta-rc1-closure/Omerta/omerta-contracts".
ParserError: Source "lib/v4-core/src/libraries/StateLibrary.sol" not found: File not found. Searched the following locations: "/Users/Jorge/.codex/worktrees/omerta-rc1-closure/Omerta/omerta-contracts".
  --> test/ProtocolLiquidityVault.t.sol:15:1:
   |
15 | import {StateLibrary} from "v4-core/libraries/StateLibrary.sol";
   | ^^^^^^^^^^^^^^^^^^^^^^^^^^^^^^^^^^^^^^^^^^^^^^^^^^^^^^^^^^^^^^^^

Error (6275): Source "lib/v4-core/src/libraries/Hooks.sol" not found: File not found. Searched the following locations: "/Users/Jorge/.codex/worktrees/omerta-rc1-closure/Omerta/omerta-contracts".
ParserError: Source "lib/v4-core/src/libraries/Hooks.sol" not found: File not found. Searched the following locations: "/Users/Jorge/.codex/worktrees/omerta-rc1-closure/Omerta/omerta-contracts".
  --> test/ProtocolLiquidityVault.t.sol:16:1:
   |
16 | import {Hooks} from "v4-core/libraries/Hooks.sol";
   | ^^^^^^^^^^^^^^^^^^^^^^^^^^^^^^^^^^^^^^^^^^^^^^^^^^

Error (6275): Source "lib/v4-core/src/test/PoolSwapTest.sol" not found: File not found. Searched the following locations: "/Users/Jorge/.codex/worktrees/omerta-rc1-closure/Omerta/omerta-contracts".
ParserError: Source "lib/v4-core/src/test/PoolSwapTest.sol" not found: File not found. Searched the following locations: "/Users/Jorge/.codex/worktrees/omerta-rc1-closure/Omerta/omerta-contracts".
  --> test/ProtocolLiquidityVault.t.sol:17:1:
   |
17 | import {PoolSwapTest} from "v4-core/test/PoolSwapTest.sol";
   | ^^^^^^^^^^^^^^^^^^^^^^^^^^^^^^^^^^^^^^^^^^^^^^^^^^^^^^^^^^^

Error (6275): Source "lib/v4-periphery/src/PositionManager.sol" not found: File not found. Searched the following locations: "/Users/Jorge/.codex/worktrees/omerta-rc1-closure/Omerta/omerta-contracts".
ParserError: Source "lib/v4-periphery/src/PositionManager.sol" not found: File not found. Searched the following locations: "/Users/Jorge/.codex/worktrees/omerta-rc1-closure/Omerta/omerta-contracts".
  --> test/ProtocolLiquidityVault.t.sol:18:1:
   |
18 | import {PositionManager} from "../lib/v4-periphery/src/PositionManager.sol";
   | ^^^^^^^^^^^^^^^^^^^^^^^^^^^^^^^^^^^^^^^^^^^^^^^^^^^^^^^^^^^^^^^^^^^^^^^^^^^^

Error (6275): Source "lib/v4-periphery/src/interfaces/IPositionDescriptor.sol" not found: File not found. Searched the following locations: "/Users/Jorge/.codex/worktrees/omerta-rc1-closure/Omerta/omerta-contracts".
ParserError: Source "lib/v4-periphery/src/interfaces/IPositionDescriptor.sol" not found: File not found. Searched the following locations: "/Users/Jorge/.codex/worktrees/omerta-rc1-closure/Omerta/omerta-contracts".
  --> test/ProtocolLiquidityVault.t.sol:19:1:
   |
19 | import {IPositionDescriptor} from "../lib/v4-periphery/src/interfaces/IPositionDescriptor.sol";
   | ^^^^^^^^^^^^^^^^^^^^^^^^^^^^^^^^^^^^^^^^^^^^^^^^^^^^^^^^^^^^^^^^^^^^^^^^^^^^^^^^^^^^^^^^^^^^^^^

Error (6275): Source "lib/v4-periphery/src/interfaces/external/IWETH9.sol" not found: File not found. Searched the following locations: "/Users/Jorge/.codex/worktrees/omerta-rc1-closure/Omerta/omerta-contracts".
ParserError: Source "lib/v4-periphery/src/interfaces/external/IWETH9.sol" not found: File not found. Searched the following locations: "/Users/Jorge/.codex/worktrees/omerta-rc1-closure/Omerta/omerta-contracts".
  --> test/ProtocolLiquidityVault.t.sol:20:1:
   |
20 | import {IWETH9} from "../lib/v4-periphery/src/interfaces/external/IWETH9.sol";
   | ^^^^^^^^^^^^^^^^^^^^^^^^^^^^^^^^^^^^^^^^^^^^^^^^^^^^^^^^^^^^^^^^^^^^^^^^^^^^^^

Error (6275): Source "lib/v4-periphery/src/libraries/Actions.sol" not found: File not found. Searched the following locations: "/Users/Jorge/.codex/worktrees/omerta-rc1-closure/Omerta/omerta-contracts".
ParserError: Source "lib/v4-periphery/src/libraries/Actions.sol" not found: File not found. Searched the following locations: "/Users/Jorge/.codex/worktrees/omerta-rc1-closure/Omerta/omerta-contracts".
  --> test/ProtocolLiquidityVault.t.sol:21:1:
   |
21 | import {Actions} from "../lib/v4-periphery/src/libraries/Actions.sol";
   | ^^^^^^^^^^^^^^^^^^^^^^^^^^^^^^^^^^^^^^^^^^^^^^^^^^^^^^^^^^^^^^^^^^^^^^

Error (6275): Source "lib/v4-periphery/src/libraries/LiquidityAmounts.sol" not found: File not found. Searched the following locations: "/Users/Jorge/.codex/worktrees/omerta-rc1-closure/Omerta/omerta-contracts".
ParserError: Source "lib/v4-periphery/src/libraries/LiquidityAmounts.sol" not found: File not found. Searched the following locations: "/Users/Jorge/.codex/worktrees/omerta-rc1-closure/Omerta/omerta-contracts".
  --> test/ProtocolLiquidityVault.t.sol:22:1:
   |
22 | import {LiquidityAmounts} from "../lib/v4-periphery/src/libraries/LiquidityAmounts.sol";
   | ^^^^^^^^^^^^^^^^^^^^^^^^^^^^^^^^^^^^^^^^^^^^^^^^^^^^^^^^^^^^^^^^^^^^^^^^^^^^^^^^^^^^^^^^

Error (6275): Source "lib/permit2/src/interfaces/IAllowanceTransfer.sol" not found: File not found. Searched the following locations: "/Users/Jorge/.codex/worktrees/omerta-rc1-closure/Omerta/omerta-contracts".
ParserError: Source "lib/permit2/src/interfaces/IAllowanceTransfer.sol" not found: File not found. Searched the following locations: "/Users/Jorge/.codex/worktrees/omerta-rc1-closure/Omerta/omerta-contracts".
  --> test/ProtocolLiquidityVault.t.sol:23:1:
   |
23 | import {IAllowanceTransfer} from "permit2/src/interfaces/IAllowanceTransfer.sol";
   | ^^^^^^^^^^^^^^^^^^^^^^^^^^^^^^^^^^^^^^^^^^^^^^^^^^^^^^^^^^^^^^^^^^^^^^^^^^^^^^^^^

Error (6275): Source "lib/permit2/test/utils/DeployPermit2.sol" not found: File not found. Searched the following locations: "/Users/Jorge/.codex/worktrees/omerta-rc1-closure/Omerta/omerta-contracts".
ParserError: Source "lib/permit2/test/utils/DeployPermit2.sol" not found: File not found. Searched the following locations: "/Users/Jorge/.codex/worktrees/omerta-rc1-closure/Omerta/omerta-contracts".
  --> test/ProtocolLiquidityVault.t.sol:24:1:
   |
24 | import {DeployPermit2} from "permit2/test/utils/DeployPermit2.sol";
   | ^^^^^^^^^^^^^^^^^^^^^^^^^^^^^^^^^^^^^^^^^^^^^^^^^^^^^^^^^^^^^^^^^^^

Error (6275): Source "forge-std/Vm.sol" not found: File not found. Searched the following locations: "/Users/Jorge/.codex/worktrees/omerta-rc1-closure/Omerta/omerta-contracts".
ParserError: Source "forge-std/Vm.sol" not found: File not found. Searched the following locations: "/Users/Jorge/.codex/worktrees/omerta-rc1-closure/Omerta/omerta-contracts".
 --> test/RwaHealthOverlay.t.sol:8:1:
  |
8 | import {Vm} from "forge-std/Vm.sol";
  | ^^^^^^^^^^^^^^^^^^^^^^^^^^^^^^^^^^^^

Error (6275): Source "forge-std/StdInvariant.sol" not found: File not found. Searched the following locations: "/Users/Jorge/.codex/worktrees/omerta-rc1-closure/Omerta/omerta-contracts".
ParserError: Source "forge-std/StdInvariant.sol" not found: File not found. Searched the following locations: "/Users/Jorge/.codex/worktrees/omerta-rc1-closure/Omerta/omerta-contracts".
 --> test/RwaHealthOverlayInvariant.t.sol:4:1:
  |
4 | import {StdInvariant} from "forge-std/StdInvariant.sol";
  | ^^^^^^^^^^^^^^^^^^^^^^^^^^^^^^^^^^^^^^^^^^^^^^^^^^^^^^^^

Error (6275): Source "forge-std/Test.sol" not found: File not found. Searched the following locations: "/Users/Jorge/.codex/worktrees/omerta-rc1-closure/Omerta/omerta-contracts".
ParserError: Source "forge-std/Test.sol" not found: File not found. Searched the following locations: "/Users/Jorge/.codex/worktrees/omerta-rc1-closure/Omerta/omerta-contracts".
 --> test/RwaHealthOverlayInvariant.t.sol:5:1:
  |
5 | import {Test} from "forge-std/Test.sol";
  | ^^^^^^^^^^^^^^^^^^^^^^^^^^^^^^^^^^^^^^^^

Error (6275): Source "forge-std/Test.sol" not found: File not found. Searched the following locations: "/Users/Jorge/.codex/worktrees/omerta-rc1-closure/Omerta/omerta-contracts".
ParserError: Source "forge-std/Test.sol" not found: File not found. Searched the following locations: "/Users/Jorge/.codex/worktrees/omerta-rc1-closure/Omerta/omerta-contracts".
 --> test/audit/ComprehensiveAcquisitionAudit.t.sol:4:1:
  |
4 | import {Test} from "forge-std/Test.sol";
  | ^^^^^^^^^^^^^^^^^^^^^^^^^^^^^^^^^^^^^^^^

Error (6275): Source "forge-std/Test.sol" not found: File not found. Searched the following locations: "/Users/Jorge/.codex/worktrees/omerta-rc1-closure/Omerta/omerta-contracts".
ParserError: Source "forge-std/Test.sol" not found: File not found. Searched the following locations: "/Users/Jorge/.codex/worktrees/omerta-rc1-closure/Omerta/omerta-contracts".
 --> test/market-v2/ArbitrageV2.t.sol:4:1:
  |
4 | import {Test} from "forge-std/Test.sol";
  | ^^^^^^^^^^^^^^^^^^^^^^^^^^^^^^^^^^^^^^^^

Error (6275): Source "lib/v4-core/src/interfaces/IPoolManager.sol" not found: File not found. Searched the following locations: "/Users/Jorge/.codex/worktrees/omerta-rc1-closure/Omerta/omerta-contracts".
ParserError: Source "lib/v4-core/src/interfaces/IPoolManager.sol" not found: File not found. Searched the following locations: "/Users/Jorge/.codex/worktrees/omerta-rc1-closure/Omerta/omerta-contracts".
 --> test/market-v2/ArbitrageV2.t.sol:5:1:
  |
5 | import {IPoolManager} from "v4-core/interfaces/IPoolManager.sol";
  | ^^^^^^^^^^^^^^^^^^^^^^^^^^^^^^^^^^^^^^^^^^^^^^^^^^^^^^^^^^^^^^^^^

Error (6275): Source "lib/v4-core/src/interfaces/IHooks.sol" not found: File not found. Searched the following locations: "/Users/Jorge/.codex/worktrees/omerta-rc1-closure/Omerta/omerta-contracts".
ParserError: Source "lib/v4-core/src/interfaces/IHooks.sol" not found: File not found. Searched the following locations: "/Users/Jorge/.codex/worktrees/omerta-rc1-closure/Omerta/omerta-contracts".
 --> test/market-v2/ArbitrageV2.t.sol:6:1:
  |
6 | import {IHooks} from "v4-core/interfaces/IHooks.sol";
  | ^^^^^^^^^^^^^^^^^^^^^^^^^^^^^^^^^^^^^^^^^^^^^^^^^^^^^

Error (6275): Source "lib/v4-core/src/types/PoolKey.sol" not found: File not found. Searched the following locations: "/Users/Jorge/.codex/worktrees/omerta-rc1-closure/Omerta/omerta-contracts".
ParserError: Source "lib/v4-core/src/types/PoolKey.sol" not found: File not found. Searched the following locations: "/Users/Jorge/.codex/worktrees/omerta-rc1-closure/Omerta/omerta-contracts".
 --> test/market-v2/ArbitrageV2.t.sol:7:1:
  |
7 | import {PoolKey} from "v4-core/types/PoolKey.sol";
  | ^^^^^^^^^^^^^^^^^^^^^^^^^^^^^^^^^^^^^^^^^^^^^^^^^^

Error (6275): Source "lib/v4-core/src/types/PoolId.sol" not found: File not found. Searched the following locations: "/Users/Jorge/.codex/worktrees/omerta-rc1-closure/Omerta/omerta-contracts".
ParserError: Source "lib/v4-core/src/types/PoolId.sol" not found: File not found. Searched the following locations: "/Users/Jorge/.codex/worktrees/omerta-rc1-closure/Omerta/omerta-contracts".
 --> test/market-v2/ArbitrageV2.t.sol:8:1:
  |
8 | import {PoolIdLibrary} from "v4-core/types/PoolId.sol";
  | ^^^^^^^^^^^^^^^^^^^^^^^^^^^^^^^^^^^^^^^^^^^^^^^^^^^^^^^

Error (6275): Source "lib/v4-core/src/types/Currency.sol" not found: File not found. Searched the following locations: "/Users/Jorge/.codex/worktrees/omerta-rc1-closure/Omerta/omerta-contracts".
ParserError: Source "lib/v4-core/src/types/Currency.sol" not found: File not found. Searched the following locations: "/Users/Jorge/.codex/worktrees/omerta-rc1-closure/Omerta/omerta-contracts".
 --> test/market-v2/ArbitrageV2.t.sol:9:1:
  |
9 | import {Currency} from "v4-core/types/Currency.sol";
  | ^^^^^^^^^^^^^^^^^^^^^^^^^^^^^^^^^^^^^^^^^^^^^^^^^^^^

Error (6275): Source "lib/v4-core/src/types/PoolOperation.sol" not found: File not found. Searched the following locations: "/Users/Jorge/.codex/worktrees/omerta-rc1-closure/Omerta/omerta-contracts".
ParserError: Source "lib/v4-core/src/types/PoolOperation.sol" not found: File not found. Searched the following locations: "/Users/Jorge/.codex/worktrees/omerta-rc1-closure/Omerta/omerta-contracts".
  --> test/market-v2/ArbitrageV2.t.sol:10:1:
   |
10 | import {ModifyLiquidityParams} from "v4-core/types/PoolOperation.sol";
   | ^^^^^^^^^^^^^^^^^^^^^^^^^^^^^^^^^^^^^^^^^^^^^^^^^^^^^^^^^^^^^^^^^^^^^^

Error (6275): Source "lib/v4-core/src/test/PoolModifyLiquidityTest.sol" not found: File not found. Searched the following locations: "/Users/Jorge/.codex/worktrees/omerta-rc1-closure/Omerta/omerta-contracts".
ParserError: Source "lib/v4-core/src/test/PoolModifyLiquidityTest.sol" not found: File not found. Searched the following locations: "/Users/Jorge/.codex/worktrees/omerta-rc1-closure/Omerta/omerta-contracts".
  --> test/market-v2/ArbitrageV2.t.sol:11:1:
   |
11 | import {PoolModifyLiquidityTest} from "v4-core/test/PoolModifyLiquidityTest.sol";
   | ^^^^^^^^^^^^^^^^^^^^^^^^^^^^^^^^^^^^^^^^^^^^^^^^^^^^^^^^^^^^^^^^^^^^^^^^^^^^^^^^^

Error (6275): Source "lib/v4-core/src/libraries/TickMath.sol" not found: File not found. Searched the following locations: "/Users/Jorge/.codex/worktrees/omerta-rc1-closure/Omerta/omerta-contracts".
ParserError: Source "lib/v4-core/src/libraries/TickMath.sol" not found: File not found. Searched the following locations: "/Users/Jorge/.codex/worktrees/omerta-rc1-closure/Omerta/omerta-contracts".
  --> test/market-v2/ArbitrageV2.t.sol:12:1:
   |
12 | import {TickMath} from "v4-core/libraries/TickMath.sol";
   | ^^^^^^^^^^^^^^^^^^^^^^^^^^^^^^^^^^^^^^^^^^^^^^^^^^^^^^^^

Error (6275): Source "lib/v4-core/src/libraries/StateLibrary.sol" not found: File not found. Searched the following locations: "/Users/Jorge/.codex/worktrees/omerta-rc1-closure/Omerta/omerta-contracts".
ParserError: Source "lib/v4-core/src/libraries/StateLibrary.sol" not found: File not found. Searched the following locations: "/Users/Jorge/.codex/worktrees/omerta-rc1-closure/Omerta/omerta-contracts".
  --> test/market-v2/ArbitrageV2.t.sol:13:1:
   |
13 | import {StateLibrary} from "v4-core/libraries/StateLibrary.sol";
   | ^^^^^^^^^^^^^^^^^^^^^^^^^^^^^^^^^^^^^^^^^^^^^^^^^^^^^^^^^^^^^^^^

Error (6275): Source "lib/v4-core/src/libraries/Hooks.sol" not found: File not found. Searched the following locations: "/Users/Jorge/.codex/worktrees/omerta-rc1-closure/Omerta/omerta-contracts".
ParserError: Source "lib/v4-core/src/libraries/Hooks.sol" not found: File not found. Searched the following locations: "/Users/Jorge/.codex/worktrees/omerta-rc1-closure/Omerta/omerta-contracts".
  --> test/market-v2/ArbitrageV2.t.sol:14:1:
   |
14 | import {Hooks} from "v4-core/libraries/Hooks.sol";
   | ^^^^^^^^^^^^^^^^^^^^^^^^^^^^^^^^^^^^^^^^^^^^^^^^^^

Error (6275): Source "forge-std/Test.sol" not found: File not found. Searched the following locations: "/Users/Jorge/.codex/worktrees/omerta-rc1-closure/Omerta/omerta-contracts".
ParserError: Source "forge-std/Test.sol" not found: File not found. Searched the following locations: "/Users/Jorge/.codex/worktrees/omerta-rc1-closure/Omerta/omerta-contracts".
 --> test/market-v2/CommitmentV2.t.sol:4:1:
  |
4 | import {Test} from "forge-std/Test.sol";
  | ^^^^^^^^^^^^^^^^^^^^^^^^^^^^^^^^^^^^^^^^

Error (6275): Source "lib/openzeppelin-contracts/contracts/token/ERC721/IERC721.sol" not found: File not found. Searched the following locations: "/Users/Jorge/.codex/worktrees/omerta-rc1-closure/Omerta/omerta-contracts".
ParserError: Source "lib/openzeppelin-contracts/contracts/token/ERC721/IERC721.sol" not found: File not found. Searched the following locations: "/Users/Jorge/.codex/worktrees/omerta-rc1-closure/Omerta/omerta-contracts".
 --> test/market-v2/CommitmentV2.t.sol:5:1:
  |
5 | import {IERC721} from "@openzeppelin/contracts/token/ERC721/IERC721.sol";
  | ^^^^^^^^^^^^^^^^^^^^^^^^^^^^^^^^^^^^^^^^^^^^^^^^^^^^^^^^^^^^^^^^^^^^^^^^^

Error (6275): Source "lib/v4-core/src/interfaces/IPoolManager.sol" not found: File not found. Searched the following locations: "/Users/Jorge/.codex/worktrees/omerta-rc1-closure/Omerta/omerta-contracts".
ParserError: Source "lib/v4-core/src/interfaces/IPoolManager.sol" not found: File not found. Searched the following locations: "/Users/Jorge/.codex/worktrees/omerta-rc1-closure/Omerta/omerta-contracts".
 --> test/market-v2/CommitmentV2.t.sol:6:1:
  |
6 | import {IPoolManager} from "v4-core/interfaces/IPoolManager.sol";
  | ^^^^^^^^^^^^^^^^^^^^^^^^^^^^^^^^^^^^^^^^^^^^^^^^^^^^^^^^^^^^^^^^^

Error (6275): Source "lib/v4-core/src/interfaces/IHooks.sol" not found: File not found. Searched the following locations: "/Users/Jorge/.codex/worktrees/omerta-rc1-closure/Omerta/omerta-contracts".
ParserError: Source "lib/v4-core/src/interfaces/IHooks.sol" not found: File not found. Searched the following locations: "/Users/Jorge/.codex/worktrees/omerta-rc1-closure/Omerta/omerta-contracts".
 --> test/market-v2/CommitmentV2.t.sol:7:1:
  |
7 | import {IHooks} from "v4-core/interfaces/IHooks.sol";
  | ^^^^^^^^^^^^^^^^^^^^^^^^^^^^^^^^^^^^^^^^^^^^^^^^^^^^^

Error (6275): Source "lib/v4-core/src/types/PoolKey.sol" not found: File not found. Searched the following locations: "/Users/Jorge/.codex/worktrees/omerta-rc1-closure/Omerta/omerta-contracts".
ParserError: Source "lib/v4-core/src/types/PoolKey.sol" not found: File not found. Searched the following locations: "/Users/Jorge/.codex/worktrees/omerta-rc1-closure/Omerta/omerta-contracts".
 --> test/market-v2/CommitmentV2.t.sol:8:1:
  |
8 | import {PoolKey} from "v4-core/types/PoolKey.sol";
  | ^^^^^^^^^^^^^^^^^^^^^^^^^^^^^^^^^^^^^^^^^^^^^^^^^^

Error (6275): Source "lib/v4-core/src/types/Currency.sol" not found: File not found. Searched the following locations: "/Users/Jorge/.codex/worktrees/omerta-rc1-closure/Omerta/omerta-contracts".
ParserError: Source "lib/v4-core/src/types/Currency.sol" not found: File not found. Searched the following locations: "/Users/Jorge/.codex/worktrees/omerta-rc1-closure/Omerta/omerta-contracts".
 --> test/market-v2/CommitmentV2.t.sol:9:1:
  |
9 | import {Currency} from "v4-core/types/Currency.sol";
  | ^^^^^^^^^^^^^^^^^^^^^^^^^^^^^^^^^^^^^^^^^^^^^^^^^^^^

Error (6275): Source "lib/v4-periphery/src/libraries/Actions.sol" not found: File not found. Searched the following locations: "/Users/Jorge/.codex/worktrees/omerta-rc1-closure/Omerta/omerta-contracts".
ParserError: Source "lib/v4-periphery/src/libraries/Actions.sol" not found: File not found. Searched the following locations: "/Users/Jorge/.codex/worktrees/omerta-rc1-closure/Omerta/omerta-contracts".
  --> test/market-v2/CommitmentV2.t.sol:10:1:
   |
10 | import {Actions} from "../../lib/v4-periphery/src/libraries/Actions.sol";
   | ^^^^^^^^^^^^^^^^^^^^^^^^^^^^^^^^^^^^^^^^^^^^^^^^^^^^^^^^^^^^^^^^^^^^^^^^^

Error (6275): Source "lib/v4-periphery/src/PositionManager.sol" not found: File not found. Searched the following locations: "/Users/Jorge/.codex/worktrees/omerta-rc1-closure/Omerta/omerta-contracts".
ParserError: Source "lib/v4-periphery/src/PositionManager.sol" not found: File not found. Searched the following locations: "/Users/Jorge/.codex/worktrees/omerta-rc1-closure/Omerta/omerta-contracts".
  --> test/market-v2/CommitmentV2.t.sol:11:1:
   |
11 | import {PositionManager} from "../../lib/v4-periphery/src/PositionManager.sol";
   | ^^^^^^^^^^^^^^^^^^^^^^^^^^^^^^^^^^^^^^^^^^^^^^^^^^^^^^^^^^^^^^^^^^^^^^^^^^^^^^^

Error (6275): Source "lib/v4-periphery/src/interfaces/IPositionDescriptor.sol" not found: File not found. Searched the following locations: "/Users/Jorge/.codex/worktrees/omerta-rc1-closure/Omerta/omerta-contracts".
ParserError: Source "lib/v4-periphery/src/interfaces/IPositionDescriptor.sol" not found: File not found. Searched the following locations: "/Users/Jorge/.codex/worktrees/omerta-rc1-closure/Omerta/omerta-contracts".
  --> test/market-v2/CommitmentV2.t.sol:12:1:
   |
12 | import {IPositionDescriptor} from "../../lib/v4-periphery/src/interfaces/IPositionDescriptor.sol";
   | ^^^^^^^^^^^^^^^^^^^^^^^^^^^^^^^^^^^^^^^^^^^^^^^^^^^^^^^^^^^^^^^^^^^^^^^^^^^^^^^^^^^^^^^^^^^^^^^^^^

Error (6275): Source "lib/v4-periphery/src/interfaces/external/IWETH9.sol" not found: File not found. Searched the following locations: "/Users/Jorge/.codex/worktrees/omerta-rc1-closure/Omerta/omerta-contracts".
ParserError: Source "lib/v4-periphery/src/interfaces/external/IWETH9.sol" not found: File not found. Searched the following locations: "/Users/Jorge/.codex/worktrees/omerta-rc1-closure/Omerta/omerta-contracts".
  --> test/market-v2/CommitmentV2.t.sol:13:1:
   |
13 | import {IWETH9} from "../../lib/v4-periphery/src/interfaces/external/IWETH9.sol";
   | ^^^^^^^^^^^^^^^^^^^^^^^^^^^^^^^^^^^^^^^^^^^^^^^^^^^^^^^^^^^^^^^^^^^^^^^^^^^^^^^^^

Error (6275): Source "lib/permit2/src/interfaces/IAllowanceTransfer.sol" not found: File not found. Searched the following locations: "/Users/Jorge/.codex/worktrees/omerta-rc1-closure/Omerta/omerta-contracts".
ParserError: Source "lib/permit2/src/interfaces/IAllowanceTransfer.sol" not found: File not found. Searched the following locations: "/Users/Jorge/.codex/worktrees/omerta-rc1-closure/Omerta/omerta-contracts".
  --> test/market-v2/CommitmentV2.t.sol:14:1:
   |
14 | import {IAllowanceTransfer} from "permit2/src/interfaces/IAllowanceTransfer.sol";
   | ^^^^^^^^^^^^^^^^^^^^^^^^^^^^^^^^^^^^^^^^^^^^^^^^^^^^^^^^^^^^^^^^^^^^^^^^^^^^^^^^^

Error (6275): Source "lib/permit2/test/utils/DeployPermit2.sol" not found: File not found. Searched the following locations: "/Users/Jorge/.codex/worktrees/omerta-rc1-closure/Omerta/omerta-contracts".
ParserError: Source "lib/permit2/test/utils/DeployPermit2.sol" not found: File not found. Searched the following locations: "/Users/Jorge/.codex/worktrees/omerta-rc1-closure/Omerta/omerta-contracts".
  --> test/market-v2/CommitmentV2.t.sol:15:1:
   |
15 | import {DeployPermit2} from "permit2/test/utils/DeployPermit2.sol";
   | ^^^^^^^^^^^^^^^^^^^^^^^^^^^^^^^^^^^^^^^^^^^^^^^^^^^^^^^^^^^^^^^^^^^

Error (6275): Source "lib/v4-core/src/types/PoolKey.sol" not found: File not found. Searched the following locations: "/Users/Jorge/.codex/worktrees/omerta-rc1-closure/Omerta/omerta-contracts".
ParserError: Source "lib/v4-core/src/types/PoolKey.sol" not found: File not found. Searched the following locations: "/Users/Jorge/.codex/worktrees/omerta-rc1-closure/Omerta/omerta-contracts".
 --> test/market-v2/FundingIntegrationV2.t.sol:9:1:
  |
9 | import {PoolKey} from "v4-core/types/PoolKey.sol";
  | ^^^^^^^^^^^^^^^^^^^^^^^^^^^^^^^^^^^^^^^^^^^^^^^^^^

Error (6275): Source "lib/v4-core/src/interfaces/IHooks.sol" not found: File not found. Searched the following locations: "/Users/Jorge/.codex/worktrees/omerta-rc1-closure/Omerta/omerta-contracts".
ParserError: Source "lib/v4-core/src/interfaces/IHooks.sol" not found: File not found. Searched the following locations: "/Users/Jorge/.codex/worktrees/omerta-rc1-closure/Omerta/omerta-contracts".
  --> test/market-v2/FundingIntegrationV2.t.sol:10:1:
   |
10 | import {IHooks} from "v4-core/interfaces/IHooks.sol";
   | ^^^^^^^^^^^^^^^^^^^^^^^^^^^^^^^^^^^^^^^^^^^^^^^^^^^^^

Error (6275): Source "lib/v4-core/src/types/PoolOperation.sol" not found: File not found. Searched the following locations: "/Users/Jorge/.codex/worktrees/omerta-rc1-closure/Omerta/omerta-contracts".
ParserError: Source "lib/v4-core/src/types/PoolOperation.sol" not found: File not found. Searched the following locations: "/Users/Jorge/.codex/worktrees/omerta-rc1-closure/Omerta/omerta-contracts".
  --> test/market-v2/FundingIntegrationV2.t.sol:11:1:
   |
11 | import {ModifyLiquidityParams, SwapParams} from "v4-core/types/PoolOperation.sol";
   | ^^^^^^^^^^^^^^^^^^^^^^^^^^^^^^^^^^^^^^^^^^^^^^^^^^^^^^^^^^^^^^^^^^^^^^^^^^^^^^^^^^

Error (6275): Source "lib/v4-core/src/test/PoolSwapTest.sol" not found: File not found. Searched the following locations: "/Users/Jorge/.codex/worktrees/omerta-rc1-closure/Omerta/omerta-contracts".
ParserError: Source "lib/v4-core/src/test/PoolSwapTest.sol" not found: File not found. Searched the following locations: "/Users/Jorge/.codex/worktrees/omerta-rc1-closure/Omerta/omerta-contracts".
  --> test/market-v2/FundingIntegrationV2.t.sol:12:1:
   |
12 | import {PoolSwapTest} from "v4-core/test/PoolSwapTest.sol";
   | ^^^^^^^^^^^^^^^^^^^^^^^^^^^^^^^^^^^^^^^^^^^^^^^^^^^^^^^^^^^

Error (6275): Source "lib/v4-core/src/libraries/TickMath.sol" not found: File not found. Searched the following locations: "/Users/Jorge/.codex/worktrees/omerta-rc1-closure/Omerta/omerta-contracts".
ParserError: Source "lib/v4-core/src/libraries/TickMath.sol" not found: File not found. Searched the following locations: "/Users/Jorge/.codex/worktrees/omerta-rc1-closure/Omerta/omerta-contracts".
  --> test/market-v2/FundingIntegrationV2.t.sol:13:1:
   |
13 | import {TickMath} from "v4-core/libraries/TickMath.sol";
   | ^^^^^^^^^^^^^^^^^^^^^^^^^^^^^^^^^^^^^^^^^^^^^^^^^^^^^^^^

Error (6275): Source "lib/openzeppelin-contracts/contracts/token/ERC20/ERC20.sol" not found: File not found. Searched the following locations: "/Users/Jorge/.codex/worktrees/omerta-rc1-closure/Omerta/omerta-contracts".
ParserError: Source "lib/openzeppelin-contracts/contracts/token/ERC20/ERC20.sol" not found: File not found. Searched the following locations: "/Users/Jorge/.codex/worktrees/omerta-rc1-closure/Omerta/omerta-contracts".
 --> test/market-v2/GameFixtureV2.sol:4:1:
  |
4 | import {ERC20} from "@openzeppelin/contracts/token/ERC20/ERC20.sol";
  | ^^^^^^^^^^^^^^^^^^^^^^^^^^^^^^^^^^^^^^^^^^^^^^^^^^^^^^^^^^^^^^^^^^^^

Error (6275): Source "lib/v4-core/src/interfaces/IHooks.sol" not found: File not found. Searched the following locations: "/Users/Jorge/.codex/worktrees/omerta-rc1-closure/Omerta/omerta-contracts".
ParserError: Source "lib/v4-core/src/interfaces/IHooks.sol" not found: File not found. Searched the following locations: "/Users/Jorge/.codex/worktrees/omerta-rc1-closure/Omerta/omerta-contracts".
  --> test/market-v2/IntegrationV2.t.sol:12:1:
   |
12 | import {IHooks} from "v4-core/interfaces/IHooks.sol";
   | ^^^^^^^^^^^^^^^^^^^^^^^^^^^^^^^^^^^^^^^^^^^^^^^^^^^^^

Error (6275): Source "lib/v4-core/src/types/PoolKey.sol" not found: File not found. Searched the following locations: "/Users/Jorge/.codex/worktrees/omerta-rc1-closure/Omerta/omerta-contracts".
ParserError: Source "lib/v4-core/src/types/PoolKey.sol" not found: File not found. Searched the following locations: "/Users/Jorge/.codex/worktrees/omerta-rc1-closure/Omerta/omerta-contracts".
  --> test/market-v2/IntegrationV2.t.sol:13:1:
   |
13 | import {PoolKey} from "v4-core/types/PoolKey.sol";
   | ^^^^^^^^^^^^^^^^^^^^^^^^^^^^^^^^^^^^^^^^^^^^^^^^^^

Error (6275): Source "lib/v4-core/src/libraries/TickMath.sol" not found: File not found. Searched the following locations: "/Users/Jorge/.codex/worktrees/omerta-rc1-closure/Omerta/omerta-contracts".
ParserError: Source "lib/v4-core/src/libraries/TickMath.sol" not found: File not found. Searched the following locations: "/Users/Jorge/.codex/worktrees/omerta-rc1-closure/Omerta/omerta-contracts".
  --> test/market-v2/IntegrationV2.t.sol:14:1:
   |
14 | import {TickMath} from "v4-core/libraries/TickMath.sol";
   | ^^^^^^^^^^^^^^^^^^^^^^^^^^^^^^^^^^^^^^^^^^^^^^^^^^^^^^^^

Error (6275): Source "lib/v4-core/src/types/PoolOperation.sol" not found: File not found. Searched the following locations: "/Users/Jorge/.codex/worktrees/omerta-rc1-closure/Omerta/omerta-contracts".
ParserError: Source "lib/v4-core/src/types/PoolOperation.sol" not found: File not found. Searched the following locations: "/Users/Jorge/.codex/worktrees/omerta-rc1-closure/Omerta/omerta-contracts".
  --> test/market-v2/IntegrationV2.t.sol:15:1:
   |
15 | import {ModifyLiquidityParams} from "v4-core/types/PoolOperation.sol";
   | ^^^^^^^^^^^^^^^^^^^^^^^^^^^^^^^^^^^^^^^^^^^^^^^^^^^^^^^^^^^^^^^^^^^^^^

Error (6275): Source "lib/v4-core/src/types/PoolOperation.sol" not found: File not found. Searched the following locations: "/Users/Jorge/.codex/worktrees/omerta-rc1-closure/Omerta/omerta-contracts".
ParserError: Source "lib/v4-core/src/types/PoolOperation.sol" not found: File not found. Searched the following locations: "/Users/Jorge/.codex/worktrees/omerta-rc1-closure/Omerta/omerta-contracts".
 --> test/market-v2/MarketStateV2.t.sol:8:1:
  |
8 | import {ModifyLiquidityParams} from "v4-core/types/PoolOperation.sol";
  | ^^^^^^^^^^^^^^^^^^^^^^^^^^^^^^^^^^^^^^^^^^^^^^^^^^^^^^^^^^^^^^^^^^^^^^

Error (6275): Source "lib/v4-core/src/libraries/TickMath.sol" not found: File not found. Searched the following locations: "/Users/Jorge/.codex/worktrees/omerta-rc1-closure/Omerta/omerta-contracts".
ParserError: Source "lib/v4-core/src/libraries/TickMath.sol" not found: File not found. Searched the following locations: "/Users/Jorge/.codex/worktrees/omerta-rc1-closure/Omerta/omerta-contracts".
 --> test/market-v2/MarketStateV2.t.sol:9:1:
  |
9 | import {TickMath} from "v4-core/libraries/TickMath.sol";
  | ^^^^^^^^^^^^^^^^^^^^^^^^^^^^^^^^^^^^^^^^^^^^^^^^^^^^^^^^

Error (6275): Source "forge-std/Test.sol" not found: File not found. Searched the following locations: "/Users/Jorge/.codex/worktrees/omerta-rc1-closure/Omerta/omerta-contracts".
ParserError: Source "forge-std/Test.sol" not found: File not found. Searched the following locations: "/Users/Jorge/.codex/worktrees/omerta-rc1-closure/Omerta/omerta-contracts".
 --> test/market-v2/OmertaHookV2.t.sol:4:1:
  |
4 | import {Test} from "forge-std/Test.sol";
  | ^^^^^^^^^^^^^^^^^^^^^^^^^^^^^^^^^^^^^^^^

Error (6275): Source "forge-std/StdInvariant.sol" not found: File not found. Searched the following locations: "/Users/Jorge/.codex/worktrees/omerta-rc1-closure/Omerta/omerta-contracts".
ParserError: Source "forge-std/StdInvariant.sol" not found: File not found. Searched the following locations: "/Users/Jorge/.codex/worktrees/omerta-rc1-closure/Omerta/omerta-contracts".
 --> test/market-v2/OmertaHookV2.t.sol:5:1:
  |
5 | import {StdInvariant} from "forge-std/StdInvariant.sol";
  | ^^^^^^^^^^^^^^^^^^^^^^^^^^^^^^^^^^^^^^^^^^^^^^^^^^^^^^^^

Error (6275): Source "lib/openzeppelin-contracts/contracts/token/ERC20/ERC20.sol" not found: File not found. Searched the following locations: "/Users/Jorge/.codex/worktrees/omerta-rc1-closure/Omerta/omerta-contracts".
ParserError: Source "lib/openzeppelin-contracts/contracts/token/ERC20/ERC20.sol" not found: File not found. Searched the following locations: "/Users/Jorge/.codex/worktrees/omerta-rc1-closure/Omerta/omerta-contracts".
 --> test/market-v2/OmertaHookV2.t.sol:6:1:
  |
6 | import {ERC20} from "@openzeppelin/contracts/token/ERC20/ERC20.sol";
  | ^^^^^^^^^^^^^^^^^^^^^^^^^^^^^^^^^^^^^^^^^^^^^^^^^^^^^^^^^^^^^^^^^^^^

Error (6275): Source "lib/v4-core/src/interfaces/IPoolManager.sol" not found: File not found. Searched the following locations: "/Users/Jorge/.codex/worktrees/omerta-rc1-closure/Omerta/omerta-contracts".
ParserError: Source "lib/v4-core/src/interfaces/IPoolManager.sol" not found: File not found. Searched the following locations: "/Users/Jorge/.codex/worktrees/omerta-rc1-closure/Omerta/omerta-contracts".
 --> test/market-v2/OmertaHookV2.t.sol:7:1:
  |
7 | import {IPoolManager} from "v4-core/interfaces/IPoolManager.sol";
  | ^^^^^^^^^^^^^^^^^^^^^^^^^^^^^^^^^^^^^^^^^^^^^^^^^^^^^^^^^^^^^^^^^

Error (6275): Source "lib/v4-core/src/interfaces/IHooks.sol" not found: File not found. Searched the following locations: "/Users/Jorge/.codex/worktrees/omerta-rc1-closure/Omerta/omerta-contracts".
ParserError: Source "lib/v4-core/src/interfaces/IHooks.sol" not found: File not found. Searched the following locations: "/Users/Jorge/.codex/worktrees/omerta-rc1-closure/Omerta/omerta-contracts".
 --> test/market-v2/OmertaHookV2.t.sol:8:1:
  |
8 | import {IHooks} from "v4-core/interfaces/IHooks.sol";
  | ^^^^^^^^^^^^^^^^^^^^^^^^^^^^^^^^^^^^^^^^^^^^^^^^^^^^^

Error (6275): Source "lib/v4-core/src/libraries/Hooks.sol" not found: File not found. Searched the following locations: "/Users/Jorge/.codex/worktrees/omerta-rc1-closure/Omerta/omerta-contracts".
ParserError: Source "lib/v4-core/src/libraries/Hooks.sol" not found: File not found. Searched the following locations: "/Users/Jorge/.codex/worktrees/omerta-rc1-closure/Omerta/omerta-contracts".
 --> test/market-v2/OmertaHookV2.t.sol:9:1:
  |
9 | import {Hooks} from "v4-core/libraries/Hooks.sol";
  | ^^^^^^^^^^^^^^^^^^^^^^^^^^^^^^^^^^^^^^^^^^^^^^^^^^

Error (6275): Source "lib/v4-core/src/libraries/StateLibrary.sol" not found: File not found. Searched the following locations: "/Users/Jorge/.codex/worktrees/omerta-rc1-closure/Omerta/omerta-contracts".
ParserError: Source "lib/v4-core/src/libraries/StateLibrary.sol" not found: File not found. Searched the following locations: "/Users/Jorge/.codex/worktrees/omerta-rc1-closure/Omerta/omerta-contracts".
  --> test/market-v2/OmertaHookV2.t.sol:10:1:
   |
10 | import {StateLibrary} from "v4-core/libraries/StateLibrary.sol";
   | ^^^^^^^^^^^^^^^^^^^^^^^^^^^^^^^^^^^^^^^^^^^^^^^^^^^^^^^^^^^^^^^^

Error (6275): Source "lib/v4-core/src/libraries/TickMath.sol" not found: File not found. Searched the following locations: "/Users/Jorge/.codex/worktrees/omerta-rc1-closure/Omerta/omerta-contracts".
ParserError: Source "lib/v4-core/src/libraries/TickMath.sol" not found: File not found. Searched the following locations: "/Users/Jorge/.codex/worktrees/omerta-rc1-closure/Omerta/omerta-contracts".
  --> test/market-v2/OmertaHookV2.t.sol:11:1:
   |
11 | import {TickMath} from "v4-core/libraries/TickMath.sol";
   | ^^^^^^^^^^^^^^^^^^^^^^^^^^^^^^^^^^^^^^^^^^^^^^^^^^^^^^^^

Error (6275): Source "lib/v4-core/src/types/PoolKey.sol" not found: File not found. Searched the following locations: "/Users/Jorge/.codex/worktrees/omerta-rc1-closure/Omerta/omerta-contracts".
ParserError: Source "lib/v4-core/src/types/PoolKey.sol" not found: File not found. Searched the following locations: "/Users/Jorge/.codex/worktrees/omerta-rc1-closure/Omerta/omerta-contracts".
  --> test/market-v2/OmertaHookV2.t.sol:12:1:
   |
12 | import {PoolKey} from "v4-core/types/PoolKey.sol";
   | ^^^^^^^^^^^^^^^^^^^^^^^^^^^^^^^^^^^^^^^^^^^^^^^^^^

Error (6275): Source "lib/v4-core/src/types/PoolId.sol" not found: File not found. Searched the following locations: "/Users/Jorge/.codex/worktrees/omerta-rc1-closure/Omerta/omerta-contracts".
ParserError: Source "lib/v4-core/src/types/PoolId.sol" not found: File not found. Searched the following locations: "/Users/Jorge/.codex/worktrees/omerta-rc1-closure/Omerta/omerta-contracts".
  --> test/market-v2/OmertaHookV2.t.sol:13:1:
   |
13 | import {PoolId} from "v4-core/types/PoolId.sol";
   | ^^^^^^^^^^^^^^^^^^^^^^^^^^^^^^^^^^^^^^^^^^^^^^^^

Error (6275): Source "lib/v4-core/src/types/Currency.sol" not found: File not found. Searched the following locations: "/Users/Jorge/.codex/worktrees/omerta-rc1-closure/Omerta/omerta-contracts".
ParserError: Source "lib/v4-core/src/types/Currency.sol" not found: File not found. Searched the following locations: "/Users/Jorge/.codex/worktrees/omerta-rc1-closure/Omerta/omerta-contracts".
  --> test/market-v2/OmertaHookV2.t.sol:14:1:
   |
14 | import {Currency} from "v4-core/types/Currency.sol";
   | ^^^^^^^^^^^^^^^^^^^^^^^^^^^^^^^^^^^^^^^^^^^^^^^^^^^^

Error (6275): Source "lib/v4-core/src/types/BalanceDelta.sol" not found: File not found. Searched the following locations: "/Users/Jorge/.codex/worktrees/omerta-rc1-closure/Omerta/omerta-contracts".
ParserError: Source "lib/v4-core/src/types/BalanceDelta.sol" not found: File not found. Searched the following locations: "/Users/Jorge/.codex/worktrees/omerta-rc1-closure/Omerta/omerta-contracts".
  --> test/market-v2/OmertaHookV2.t.sol:15:1:
   |
15 | import {BalanceDelta} from "v4-core/types/BalanceDelta.sol";
   | ^^^^^^^^^^^^^^^^^^^^^^^^^^^^^^^^^^^^^^^^^^^^^^^^^^^^^^^^^^^^

Error (6275): Source "lib/v4-core/src/types/PoolOperation.sol" not found: File not found. Searched the following locations: "/Users/Jorge/.codex/worktrees/omerta-rc1-closure/Omerta/omerta-contracts".
ParserError: Source "lib/v4-core/src/types/PoolOperation.sol" not found: File not found. Searched the following locations: "/Users/Jorge/.codex/worktrees/omerta-rc1-closure/Omerta/omerta-contracts".
  --> test/market-v2/OmertaHookV2.t.sol:16:1:
   |
16 | import {ModifyLiquidityParams, SwapParams} from "v4-core/types/PoolOperation.sol";
   | ^^^^^^^^^^^^^^^^^^^^^^^^^^^^^^^^^^^^^^^^^^^^^^^^^^^^^^^^^^^^^^^^^^^^^^^^^^^^^^^^^^

Error (6275): Source "lib/v4-core/src/test/PoolSwapTest.sol" not found: File not found. Searched the following locations: "/Users/Jorge/.codex/worktrees/omerta-rc1-closure/Omerta/omerta-contracts".
ParserError: Source "lib/v4-core/src/test/PoolSwapTest.sol" not found: File not found. Searched the following locations: "/Users/Jorge/.codex/worktrees/omerta-rc1-closure/Omerta/omerta-contracts".
  --> test/market-v2/OmertaHookV2.t.sol:17:1:
   |
17 | import {PoolSwapTest} from "v4-core/test/PoolSwapTest.sol";
   | ^^^^^^^^^^^^^^^^^^^^^^^^^^^^^^^^^^^^^^^^^^^^^^^^^^^^^^^^^^^

Error (6275): Source "lib/v4-core/src/test/PoolModifyLiquidityTest.sol" not found: File not found. Searched the following locations: "/Users/Jorge/.codex/worktrees/omerta-rc1-closure/Omerta/omerta-contracts".
ParserError: Source "lib/v4-core/src/test/PoolModifyLiquidityTest.sol" not found: File not found. Searched the following locations: "/Users/Jorge/.codex/worktrees/omerta-rc1-closure/Omerta/omerta-contracts".
  --> test/market-v2/OmertaHookV2.t.sol:18:1:
   |
18 | import {PoolModifyLiquidityTest} from "v4-core/test/PoolModifyLiquidityTest.sol";
   | ^^^^^^^^^^^^^^^^^^^^^^^^^^^^^^^^^^^^^^^^^^^^^^^^^^^^^^^^^^^^^^^^^^^^^^^^^^^^^^^^^

Error (6275): Source "forge-std/Test.sol" not found: File not found. Searched the following locations: "/Users/Jorge/.codex/worktrees/omerta-rc1-closure/Omerta/omerta-contracts".
ParserError: Source "forge-std/Test.sol" not found: File not found. Searched the following locations: "/Users/Jorge/.codex/worktrees/omerta-rc1-closure/Omerta/omerta-contracts".
 --> test/market-v2/SolverHashV2.t.sol:4:1:
  |
4 | import {Test} from "forge-std/Test.sol";
  | ^^^^^^^^^^^^^^^^^^^^^^^^^^^^^^^^^^^^^^^^

Error (6275): Source "lib/v4-core/src/interfaces/IPoolManager.sol" not found: File not found. Searched the following locations: "/Users/Jorge/.codex/worktrees/omerta-rc1-closure/Omerta/omerta-contracts".
ParserError: Source "lib/v4-core/src/interfaces/IPoolManager.sol" not found: File not found. Searched the following locations: "/Users/Jorge/.codex/worktrees/omerta-rc1-closure/Omerta/omerta-contracts".
 --> test/market-v2/SolverHashV2.t.sol:5:1:
  |
5 | import {IPoolManager} from "v4-core/interfaces/IPoolManager.sol";
  | ^^^^^^^^^^^^^^^^^^^^^^^^^^^^^^^^^^^^^^^^^^^^^^^^^^^^^^^^^^^^^^^^^

Error (6275): Source "lib/v4-core/src/interfaces/IHooks.sol" not found: File not found. Searched the following locations: "/Users/Jorge/.codex/worktrees/omerta-rc1-closure/Omerta/omerta-contracts".
ParserError: Source "lib/v4-core/src/interfaces/IHooks.sol" not found: File not found. Searched the following locations: "/Users/Jorge/.codex/worktrees/omerta-rc1-closure/Omerta/omerta-contracts".
 --> test/market-v2/SolverHashV2.t.sol:6:1:
  |
6 | import {IHooks} from "v4-core/interfaces/IHooks.sol";
  | ^^^^^^^^^^^^^^^^^^^^^^^^^^^^^^^^^^^^^^^^^^^^^^^^^^^^^

Error (6275): Source "lib/v4-core/src/types/PoolKey.sol" not found: File not found. Searched the following locations: "/Users/Jorge/.codex/worktrees/omerta-rc1-closure/Omerta/omerta-contracts".
ParserError: Source "lib/v4-core/src/types/PoolKey.sol" not found: File not found. Searched the following locations: "/Users/Jorge/.codex/worktrees/omerta-rc1-closure/Omerta/omerta-contracts".
 --> test/market-v2/SolverHashV2.t.sol:7:1:
  |
7 | import {PoolKey} from "v4-core/types/PoolKey.sol";
  | ^^^^^^^^^^^^^^^^^^^^^^^^^^^^^^^^^^^^^^^^^^^^^^^^^^

Error (6275): Source "lib/v4-core/src/types/Currency.sol" not found: File not found. Searched the following locations: "/Users/Jorge/.codex/worktrees/omerta-rc1-closure/Omerta/omerta-contracts".
ParserError: Source "lib/v4-core/src/types/Currency.sol" not found: File not found. Searched the following locations: "/Users/Jorge/.codex/worktrees/omerta-rc1-closure/Omerta/omerta-contracts".
 --> test/market-v2/SolverHashV2.t.sol:8:1:
  |
8 | import {Currency} from "v4-core/types/Currency.sol";
  | ^^^^^^^^^^^^^^^^^^^^^^^^^^^^^^^^^^^^^^^^^^^^^^^^^^^^

Warning (4013): There are more than 256 errors. Aborting.
Warning (4013): There are more than 256 errors. Aborting.
Warning (4013): There are more than 256 errors. Aborting.
Warning (4013): There are more than 256 errors. Aborting.
