Compiling 192 files with Solc 0.8.26
Compiling 235 files with Solc 0.8.26
Solc 0.8.26 finished in 781.88s
Solc 0.8.26 finished in 891.68s
Compiler run successful with warnings:
Warning (8760): This declaration has the same name as another declaration.
   --> test/fizz/utils/MockERC20.sol:107:56:
    |
107 |     constructor(address recipient, uint256 mintAmount, string memory name, string memory symbol, uint8 decimals) {
    |                                                        ^^^^^^^^^^^^^^^^^^
Note: The other declaration is here:
  --> test/fizz/utils/MockERC20.sol:59:5:
   |
59 |     function name() external view override returns (string memory) {
   |     ^ (Relevant source part starts here and spans across multiple lines).

Warning (8760): This declaration has the same name as another declaration.
   --> test/fizz/utils/MockERC20.sol:107:76:
    |
107 |     constructor(address recipient, uint256 mintAmount, string memory name, string memory symbol, uint8 decimals) {
    |                                                                            ^^^^^^^^^^^^^^^^^^^^
Note: The other declaration is here:
  --> test/fizz/utils/MockERC20.sol:63:5:
   |
63 |     function symbol() external view override returns (string memory) {
   |     ^ (Relevant source part starts here and spans across multiple lines).

Warning (8760): This declaration has the same name as another declaration.
   --> test/fizz/utils/MockERC20.sol:107:98:
    |
107 |     constructor(address recipient, uint256 mintAmount, string memory name, string memory symbol, uint8 decimals) {
    |                                                                                                  ^^^^^^^^^^^^^^
Note: The other declaration is here:
  --> test/fizz/utils/MockERC20.sol:67:5:
   |
67 |     function decimals() external view override returns (uint8) {
   |     ^ (Relevant source part starts here and spans across multiple lines).

Warning (5159): "selfdestruct" has been deprecated. Note that, starting from the Cancun hard fork, the underlying opcode no longer deletes the code and data associated with an account and only transfers its Ether to the beneficiary, unless executed in the same transaction in which the contract was created (see EIP-6780). Any use in newly deployed contracts is strongly discouraged even if the new behavior is taken into account. Future changes to the EVM might further reduce the functionality of the opcode.
  --> test/AcquisitionVaultAccounting.t.sol:74:9:
   |
74 |         selfdestruct(target);
   |         ^^^^^^^^^^^^

Warning (5159): "selfdestruct" has been deprecated. Note that, starting from the Cancun hard fork, the underlying opcode no longer deletes the code and data associated with an account and only transfers its Ether to the beneficiary, unless executed in the same transaction in which the contract was created (see EIP-6780). Any use in newly deployed contracts is strongly discouraged even if the new behavior is taken into account. Future changes to the EVM might further reduce the functionality of the opcode.
   --> test/CharacterLaunchAudit.t.sol:126:54:
    |
126 |     constructor(address payable recipient) payable { selfdestruct(recipient); }
    |                                                      ^^^^^^^^^^^^

Warning (5159): "selfdestruct" has been deprecated. Note that, starting from the Cancun hard fork, the underlying opcode no longer deletes the code and data associated with an account and only transfers its Ether to the beneficiary, unless executed in the same transaction in which the contract was created (see EIP-6780). Any use in newly deployed contracts is strongly discouraged even if the new behavior is taken into account. Future changes to the EVM might further reduce the functionality of the opcode.
  --> test/LiquidityRevenueAutomation.t.sol:83:56:
   |
83 |     constructor(address payable destination) payable { selfdestruct(destination); }
   |                                                        ^^^^^^^^^^^^

Warning (1699): "selfdestruct" has been deprecated. Note that, starting from the Cancun hard fork, the underlying opcode no longer deletes the code and data associated with an account and only transfers its Ether to the beneficiary, unless executed in the same transaction in which the contract was created (see EIP-6780). Any use in newly deployed contracts is strongly discouraged even if the new behavior is taken into account. Future changes to the EVM might further reduce the functionality of the opcode.
 --> test/fizz/Actor.sol:9:13:
  |
9 |             selfdestruct(dst)
  |             ^^^^^^^^^^^^

Warning (5667): Unused function parameter. Remove or comment out the variable name to silence this warning.
  --> test/fizz/Actor.sol:26:26:
   |
26 |     function onFlashLoan(address initiator, address token, uint256 amount, uint256 fee, bytes calldata data)
   |                          ^^^^^^^^^^^^^^^^^

Warning (5667): Unused function parameter. Remove or comment out the variable name to silence this warning.
  --> test/fizz/Actor.sol:26:45:
   |
26 |     function onFlashLoan(address initiator, address token, uint256 amount, uint256 fee, bytes calldata data)
   |                                             ^^^^^^^^^^^^^

Warning (5667): Unused function parameter. Remove or comment out the variable name to silence this warning.
  --> test/fizz/Actor.sol:26:60:
   |
26 |     function onFlashLoan(address initiator, address token, uint256 amount, uint256 fee, bytes calldata data)
   |                                                            ^^^^^^^^^^^^^^

Warning (5667): Unused function parameter. Remove or comment out the variable name to silence this warning.
  --> test/fizz/Actor.sol:26:76:
   |
26 |     function onFlashLoan(address initiator, address token, uint256 amount, uint256 fee, bytes calldata data)
   |                                                                            ^^^^^^^^^^^

Warning (5667): Unused function parameter. Remove or comment out the variable name to silence this warning.
  --> test/fizz/Actor.sol:26:89:
   |
26 |     function onFlashLoan(address initiator, address token, uint256 amount, uint256 fee, bytes calldata data)
   |                                                                                         ^^^^^^^^^^^^^^^^^^^

Warning (5667): Unused function parameter. Remove or comment out the variable name to silence this warning.
  --> test/fizz/Actor.sol:36:31:
   |
36 |     function onERC721Received(address operator, address from, uint256 tokenId, bytes calldata data)
   |                               ^^^^^^^^^^^^^^^^

Warning (5667): Unused function parameter. Remove or comment out the variable name to silence this warning.
  --> test/fizz/Actor.sol:36:49:
   |
36 |     function onERC721Received(address operator, address from, uint256 tokenId, bytes calldata data)
   |                                                 ^^^^^^^^^^^^

Warning (5667): Unused function parameter. Remove or comment out the variable name to silence this warning.
  --> test/fizz/Actor.sol:36:63:
   |
36 |     function onERC721Received(address operator, address from, uint256 tokenId, bytes calldata data)
   |                                                               ^^^^^^^^^^^^^^^

Warning (5667): Unused function parameter. Remove or comment out the variable name to silence this warning.
  --> test/fizz/Actor.sol:36:80:
   |
36 |     function onERC721Received(address operator, address from, uint256 tokenId, bytes calldata data)
   |                                                                                ^^^^^^^^^^^^^^^^^^^

Warning (5667): Unused function parameter. Remove or comment out the variable name to silence this warning.
  --> test/fizz/Actor.sol:45:32:
   |
45 |     function onERC1155Received(address operator, address from, uint256 id, uint256 value, bytes calldata data)
   |                                ^^^^^^^^^^^^^^^^

Warning (5667): Unused function parameter. Remove or comment out the variable name to silence this warning.
  --> test/fizz/Actor.sol:45:50:
   |
45 |     function onERC1155Received(address operator, address from, uint256 id, uint256 value, bytes calldata data)
   |                                                  ^^^^^^^^^^^^

Warning (5667): Unused function parameter. Remove or comment out the variable name to silence this warning.
  --> test/fizz/Actor.sol:45:64:
   |
45 |     function onERC1155Received(address operator, address from, uint256 id, uint256 value, bytes calldata data)
   |                                                                ^^^^^^^^^^

Warning (5667): Unused function parameter. Remove or comment out the variable name to silence this warning.
  --> test/fizz/Actor.sol:45:76:
   |
45 |     function onERC1155Received(address operator, address from, uint256 id, uint256 value, bytes calldata data)
   |                                                                            ^^^^^^^^^^^^^

Warning (5667): Unused function parameter. Remove or comment out the variable name to silence this warning.
  --> test/fizz/Actor.sol:45:91:
   |
45 |     function onERC1155Received(address operator, address from, uint256 id, uint256 value, bytes calldata data)
   |                                                                                           ^^^^^^^^^^^^^^^^^^^

Warning (5667): Unused function parameter. Remove or comment out the variable name to silence this warning.
  --> test/fizz/Actor.sol:53:9:
   |
53 |         address operator,
   |         ^^^^^^^^^^^^^^^^

Warning (5667): Unused function parameter. Remove or comment out the variable name to silence this warning.
  --> test/fizz/Actor.sol:54:9:
   |
54 |         address from,
   |         ^^^^^^^^^^^^

Warning (5667): Unused function parameter. Remove or comment out the variable name to silence this warning.
  --> test/fizz/Actor.sol:55:9:
   |
55 |         uint256[] calldata ids,
   |         ^^^^^^^^^^^^^^^^^^^^^^

Warning (5667): Unused function parameter. Remove or comment out the variable name to silence this warning.
  --> test/fizz/Actor.sol:56:9:
   |
56 |         uint256[] calldata values,
   |         ^^^^^^^^^^^^^^^^^^^^^^^^^

Warning (5667): Unused function parameter. Remove or comment out the variable name to silence this warning.
  --> test/fizz/Actor.sol:57:9:
   |
57 |         bytes calldata data
   |         ^^^^^^^^^^^^^^^^^^^

Warning (2018): Function state mutability can be restricted to view
   --> src/AcquisitionVault.sol:165:5:
    |
165 |     function renounceOwnership() public override onlyOwner {
    |     ^ (Relevant source part starts here and spans across multiple lines).

Warning (2018): Function state mutability can be restricted to view
   --> test/AcquisitionConstellationCrosswalk.t.sol:192:5:
    |
192 |     function test_task1Green_exactSixFinalArtifactsArePresent() public {
    |     ^ (Relevant source part starts here and spans across multiple lines).

Warning (2018): Function state mutability can be restricted to pure
   --> test/AcquisitionVaultOperator.t.sol:579:5:
    |
579 |     function _sign(uint256 privateKey, bytes32 digest) internal returns (bytes memory signature) {
    |     ^ (Relevant source part starts here and spans across multiple lines).

Warning (2018): Function state mutability can be restricted to view
  --> test/DynastyNFT.t.sol:63:5:
   |
63 |     function test_there_is_NO_owner_mint_path() public {
   |     ^ (Relevant source part starts here and spans across multiple lines).

Warning (2018): Function state mutability can be restricted to pure
  --> test/fizz/Actor.sol:26:5:
   |
26 |     function onFlashLoan(address initiator, address token, uint256 amount, uint256 fee, bytes calldata data)
   |     ^ (Relevant source part starts here and spans across multiple lines).

Warning (2018): Function state mutability can be restricted to pure
  --> test/fizz/Actor.sol:36:5:
   |
36 |     function onERC721Received(address operator, address from, uint256 tokenId, bytes calldata data)
   |     ^ (Relevant source part starts here and spans across multiple lines).

Warning (2018): Function state mutability can be restricted to pure
  --> test/fizz/Actor.sol:45:5:
   |
45 |     function onERC1155Received(address operator, address from, uint256 id, uint256 value, bytes calldata data)
   |     ^ (Relevant source part starts here and spans across multiple lines).

Warning (2018): Function state mutability can be restricted to pure
  --> test/fizz/Actor.sol:52:5:
   |
52 |     function onERC1155BatchReceived(
   |     ^ (Relevant source part starts here and spans across multiple lines).

Warning (8760): This declaration has the same name as another declaration.
   --> src/AcquisitionVaultCore.sol:170:9:
    |
170 |         uint256 globalLifetimeCanonicalDepositCapWei
    |         ^^^^^^^^^^^^^^^^^^^^^^^^^^^^^^^^^^^^^^^^^^^^
Note: The other declaration is here:
   --> src/AcquisitionVaultCore.sol:205:5:
    |
205 |     function globalLifetimeCanonicalDepositCapWei() external view returns (uint256) {
    |     ^ (Relevant source part starts here and spans across multiple lines).

Warning (8760): This declaration has the same name as another declaration.
   --> src/AcquisitionVaultCore.sol:363:13:
    |
363 |             uint256 globalLifetimeCanonicalDepositCapWei,
    |             ^^^^^^^^^^^^^^^^^^^^^^^^^^^^^^^^^^^^^^^^^^^^
Note: The other declaration is here:
   --> src/AcquisitionVaultCore.sol:205:5:
    |
205 |     function globalLifetimeCanonicalDepositCapWei() external view returns (uint256) {
    |     ^ (Relevant source part starts here and spans across multiple lines).

Warning (2519): This declaration shadows an existing declaration.
   --> src/AcquisitionVaultCore.sol:364:13:
    |
364 |             uint256 availableWei,
    |             ^^^^^^^^^^^^^^^^^^^^
Note: The shadowed declaration is here:
   --> src/AcquisitionVaultCore.sol:146:5:
    |
146 |     uint256 public availableWei;
    |     ^^^^^^^^^^^^^^^^^^^^^^^^^^^

Warning (2519): This declaration shadows an existing declaration.
   --> src/AcquisitionVaultCore.sol:365:13:
    |
365 |             uint256 unattributedWei,
    |             ^^^^^^^^^^^^^^^^^^^^^^^
Note: The shadowed declaration is here:
   --> src/AcquisitionVaultCore.sol:147:5:
    |
147 |     uint256 public unattributedWei;
    |     ^^^^^^^^^^^^^^^^^^^^^^^^^^^^^^

Warning (2519): This declaration shadows an existing declaration.
   --> src/AcquisitionVaultCore.sol:366:13:
    |
366 |             uint256 ordinaryReservedWei,
    |             ^^^^^^^^^^^^^^^^^^^^^^^^^^^
Note: The shadowed declaration is here:
   --> src/AcquisitionVaultCore.sol:148:5:
    |
148 |     uint256 public ordinaryReservedWei;
    |     ^^^^^^^^^^^^^^^^^^^^^^^^^^^^^^^^^^

Warning (2519): This declaration shadows an existing declaration.
   --> src/AcquisitionVaultCore.sol:367:13:
    |
367 |             uint256 reconciliationLiabilityWei,
    |             ^^^^^^^^^^^^^^^^^^^^^^^^^^^^^^^^^^
Note: The shadowed declaration is here:
   --> src/AcquisitionVaultCore.sol:149:5:
    |
149 |     uint256 public reconciliationLiabilityWei;
    |     ^^^^^^^^^^^^^^^^^^^^^^^^^^^^^^^^^^^^^^^^^

Warning (2519): This declaration shadows an existing declaration.
   --> src/AcquisitionVaultCore.sol:368:13:
    |
368 |             uint256 reconciliationBackingWei,
    |             ^^^^^^^^^^^^^^^^^^^^^^^^^^^^^^^^
Note: The shadowed declaration is here:
   --> src/AcquisitionVaultCore.sol:150:5:
    |
150 |     uint256 public reconciliationBackingWei;
    |     ^^^^^^^^^^^^^^^^^^^^^^^^^^^^^^^^^^^^^^^

Warning (2519): This declaration shadows an existing declaration.
   --> src/AcquisitionVaultCore.sol:369:13:
    |
369 |             uint256 accountingSequence,
    |             ^^^^^^^^^^^^^^^^^^^^^^^^^^
Note: The shadowed declaration is here:
   --> src/AcquisitionVaultCore.sol:151:5:
    |
151 |     uint256 public accountingSequence;
    |     ^^^^^^^^^^^^^^^^^^^^^^^^^^^^^^^^^

Warning (2519): This declaration shadows an existing declaration.
   --> src/AcquisitionVaultCore.sol:370:13:
    |
370 |             uint256 lastObservedBalanceDeficitWei,
    |             ^^^^^^^^^^^^^^^^^^^^^^^^^^^^^^^^^^^^^
Note: The shadowed declaration is here:
   --> src/AcquisitionVaultCore.sol:152:5:
    |
152 |     uint256 public lastObservedBalanceDeficitWei;
    |     ^^^^^^^^^^^^^^^^^^^^^^^^^^^^^^^^^^^^^^^^^^^^

Warning (2519): This declaration shadows an existing declaration.
   --> src/AcquisitionVaultCore.sol:371:13:
    |
371 |             uint256 globalLifetimeCanonicalDepositedWei
    |             ^^^^^^^^^^^^^^^^^^^^^^^^^^^^^^^^^^^^^^^^^^^
Note: The shadowed declaration is here:
   --> src/AcquisitionVaultCore.sol:153:5:
    |
153 |     uint256 public globalLifetimeCanonicalDepositedWei;
    |     ^^^^^^^^^^^^^^^^^^^^^^^^^^^^^^^^^^^^^^^^^^^^^^^^^^

Warning (8760): This declaration has the same name as another declaration.
   --> test/AcquisitionConstellationTask4BudgetBook.t.sol:238:9:
    |
238 |         bytes32 id = abi.decode(result, (bytes32));
    |         ^^^^^^^^^^
Note: The other declaration is here:
   --> test/AcquisitionConstellationTask4BudgetBook.t.sol:254:5:
    |
254 |     function id(uint256 index) external view returns (bytes32) {
    |     ^ (Relevant source part starts here and spans across multiple lines).

Warning (8760): This declaration has the same name as another declaration.
   --> test/AcquisitionConstellationTask4BudgetBook.t.sol:240:9:
    |
240 |         bytes32 recordHash = keccak256(abi.encode(record));
    |         ^^^^^^^^^^^^^^^^^^
Note: The other declaration is here:
   --> test/AcquisitionConstellationTask4BudgetBook.t.sol:258:5:
    |
258 |     function recordHash(uint256 index) external view returns (bytes32) {
    |     ^ (Relevant source part starts here and spans across multiple lines).

Warning (3628): This contract has a payable fallback function, but no receive ether function. Consider adding a receive ether function.
   --> test/AcquisitionConstellationTask3B.t.sol:228:1:
    |
228 | contract Task3BTestToken {
    | ^ (Relevant source part starts here and spans across multiple lines).
Note: The payable fallback function is defined here.
   --> test/AcquisitionConstellationTask3B.t.sol:263:5:
    |
263 |     fallback() external payable {
    |     ^ (Relevant source part starts here and spans across multiple lines).

Warning (5159): "selfdestruct" has been deprecated. Note that, starting from the Cancun hard fork, the underlying opcode no longer deletes the code and data associated with an account and only transfers its Ether to the beneficiary, unless executed in the same transaction in which the contract was created (see EIP-6780). Any use in newly deployed contracts is strongly discouraged even if the new behavior is taken into account. Future changes to the EVM might further reduce the functionality of the opcode.
  --> test/AcquisitionConstellationTask1.t.sol:17:9:
   |
17 |         selfdestruct(target);
   |         ^^^^^^^^^^^^

Warning (5159): "selfdestruct" has been deprecated. Note that, starting from the Cancun hard fork, the underlying opcode no longer deletes the code and data associated with an account and only transfers its Ether to the beneficiary, unless executed in the same transaction in which the contract was created (see EIP-6780). Any use in newly deployed contracts is strongly discouraged even if the new behavior is taken into account. Future changes to the EVM might further reduce the functionality of the opcode.
  --> test/AcquisitionAuthoritySnapshotTask2.t.sol:66:9:
   |
66 |         selfdestruct(target);
   |         ^^^^^^^^^^^^

Warning (5159): "selfdestruct" has been deprecated. Note that, starting from the Cancun hard fork, the underlying opcode no longer deletes the code and data associated with an account and only transfers its Ether to the beneficiary, unless executed in the same transaction in which the contract was created (see EIP-6780). Any use in newly deployed contracts is strongly discouraged even if the new behavior is taken into account. Future changes to the EVM might further reduce the functionality of the opcode.
  --> test/AcquisitionAuthorityTask2.t.sol:35:9:
   |
35 |         selfdestruct(target);
   |         ^^^^^^^^^^^^

Warning (5159): "selfdestruct" has been deprecated. Note that, starting from the Cancun hard fork, the underlying opcode no longer deletes the code and data associated with an account and only transfers its Ether to the beneficiary, unless executed in the same transaction in which the contract was created (see EIP-6780). Any use in newly deployed contracts is strongly discouraged even if the new behavior is taken into account. Future changes to the EVM might further reduce the functionality of the opcode.
   --> test/AcquisitionConstellationTask3A.t.sol:120:9:
    |
120 |         selfdestruct(target);
    |         ^^^^^^^^^^^^

Warning (5159): "selfdestruct" has been deprecated. Note that, starting from the Cancun hard fork, the underlying opcode no longer deletes the code and data associated with an account and only transfers its Ether to the beneficiary, unless executed in the same transaction in which the contract was created (see EIP-6780). Any use in newly deployed contracts is strongly discouraged even if the new behavior is taken into account. Future changes to the EVM might further reduce the functionality of the opcode.
   --> test/AcquisitionConstellationTask3A.t.sol:150:9:
    |
150 |         selfdestruct(payable(msg.sender));
    |         ^^^^^^^^^^^^

Warning (5159): "selfdestruct" has been deprecated. Note that, starting from the Cancun hard fork, the underlying opcode no longer deletes the code and data associated with an account and only transfers its Ether to the beneficiary, unless executed in the same transaction in which the contract was created (see EIP-6780). Any use in newly deployed contracts is strongly discouraged even if the new behavior is taken into account. Future changes to the EVM might further reduce the functionality of the opcode.
   --> test/AcquisitionConstellationTask4BudgetBook.t.sol:189:9:
    |
189 |         selfdestruct(target);
    |         ^^^^^^^^^^^^

Warning (5159): "selfdestruct" has been deprecated. Note that, starting from the Cancun hard fork, the underlying opcode no longer deletes the code and data associated with an account and only transfers its Ether to the beneficiary, unless executed in the same transaction in which the contract was created (see EIP-6780). Any use in newly deployed contracts is strongly discouraged even if the new behavior is taken into account. Future changes to the EVM might further reduce the functionality of the opcode.
  --> test/audit/ComprehensiveAcquisitionAudit.t.sol:38:9:
   |
38 |         selfdestruct(target);
   |         ^^^^^^^^^^^^

Warning (5740): Unreachable code.
  --> lib/openzeppelin-contracts/contracts/utils/ReentrancyGuard.sol:72:9:
   |
72 |         _nonReentrantAfter();
   |         ^^^^^^^^^^^^^^^^^^^^

Warning (5667): Unused function parameter. Remove or comment out the variable name to silence this warning.
   --> src/AcquisitionVaultCore.sol:354:13:
    |
354 |             uint256 schemaVersion,
    |             ^^^^^^^^^^^^^^^^^^^^^

Warning (5667): Unused function parameter. Remove or comment out the variable name to silence this warning.
   --> src/AcquisitionVaultCore.sol:355:13:
    |
355 |             address factory,
    |             ^^^^^^^^^^^^^^^

Warning (5667): Unused function parameter. Remove or comment out the variable name to silence this warning.
   --> src/AcquisitionVaultCore.sol:356:13:
    |
356 |             bytes32 manifestHash,
    |             ^^^^^^^^^^^^^^^^^^^^

Warning (5667): Unused function parameter. Remove or comment out the variable name to silence this warning.
   --> src/AcquisitionVaultCore.sol:357:13:
    |
357 |             address authority,
    |             ^^^^^^^^^^^^^^^^^

Warning (5667): Unused function parameter. Remove or comment out the variable name to silence this warning.
   --> src/AcquisitionVaultCore.sol:358:13:
    |
358 |             address registry,
    |             ^^^^^^^^^^^^^^^^

Warning (5667): Unused function parameter. Remove or comment out the variable name to silence this warning.
   --> src/AcquisitionVaultCore.sol:359:13:
    |
359 |             address budgetBook,
    |             ^^^^^^^^^^^^^^^^^^

Warning (5667): Unused function parameter. Remove or comment out the variable name to silence this warning.
   --> src/AcquisitionVaultCore.sol:360:13:
    |
360 |             address intentExecution,
    |             ^^^^^^^^^^^^^^^^^^^^^^^

Warning (5667): Unused function parameter. Remove or comment out the variable name to silence this warning.
   --> src/AcquisitionVaultCore.sol:361:13:
    |
361 |             address reconciliation,
    |             ^^^^^^^^^^^^^^^^^^^^^^

Warning (5667): Unused function parameter. Remove or comment out the variable name to silence this warning.
   --> src/AcquisitionVaultCore.sol:362:13:
    |
362 |             bool finalized,
    |             ^^^^^^^^^^^^^^

Warning (5667): Unused function parameter. Remove or comment out the variable name to silence this warning.
   --> src/AcquisitionVaultCore.sol:363:13:
    |
363 |             uint256 globalLifetimeCanonicalDepositCapWei,
    |             ^^^^^^^^^^^^^^^^^^^^^^^^^^^^^^^^^^^^^^^^^^^^

Warning (5667): Unused function parameter. Remove or comment out the variable name to silence this warning.
   --> src/AcquisitionVaultCore.sol:364:13:
    |
364 |             uint256 availableWei,
    |             ^^^^^^^^^^^^^^^^^^^^

Warning (5667): Unused function parameter. Remove or comment out the variable name to silence this warning.
   --> src/AcquisitionVaultCore.sol:365:13:
    |
365 |             uint256 unattributedWei,
    |             ^^^^^^^^^^^^^^^^^^^^^^^

Warning (5667): Unused function parameter. Remove or comment out the variable name to silence this warning.
   --> src/AcquisitionVaultCore.sol:366:13:
    |
366 |             uint256 ordinaryReservedWei,
    |             ^^^^^^^^^^^^^^^^^^^^^^^^^^^

Warning (5667): Unused function parameter. Remove or comment out the variable name to silence this warning.
   --> src/AcquisitionVaultCore.sol:367:13:
    |
367 |             uint256 reconciliationLiabilityWei,
    |             ^^^^^^^^^^^^^^^^^^^^^^^^^^^^^^^^^^

Warning (5667): Unused function parameter. Remove or comment out the variable name to silence this warning.
   --> src/AcquisitionVaultCore.sol:368:13:
    |
368 |             uint256 reconciliationBackingWei,
    |             ^^^^^^^^^^^^^^^^^^^^^^^^^^^^^^^^

Warning (5667): Unused function parameter. Remove or comment out the variable name to silence this warning.
   --> src/AcquisitionVaultCore.sol:369:13:
    |
369 |             uint256 accountingSequence,
    |             ^^^^^^^^^^^^^^^^^^^^^^^^^^

Warning (5667): Unused function parameter. Remove or comment out the variable name to silence this warning.
   --> src/AcquisitionVaultCore.sol:370:13:
    |
370 |             uint256 lastObservedBalanceDeficitWei,
    |             ^^^^^^^^^^^^^^^^^^^^^^^^^^^^^^^^^^^^^

Warning (5667): Unused function parameter. Remove or comment out the variable name to silence this warning.
   --> src/AcquisitionVaultCore.sol:371:13:
    |
371 |             uint256 globalLifetimeCanonicalDepositedWei
    |             ^^^^^^^^^^^^^^^^^^^^^^^^^^^^^^^^^^^^^^^^^^^

Warning (2018): Function state mutability can be restricted to view
   --> src/ProtocolLiquidityVault.sol:608:5:
    |
608 |     function renounceOwnership() public override onlyOwner { revert InvalidConfiguration(); }
    |     ^^^^^^^^^^^^^^^^^^^^^^^^^^^^^^^^^^^^^^^^^^^^^^^^^^^^^^^^^^^^^^^^^^^^^^^^^^^^^^^^^^^^^^^^^

Warning (2018): Function state mutability can be restricted to view
   --> src/market-v2/OmertaHookV2.sol:174:5:
    |
174 |     function beforeInitialize(address sender, PoolKey calldata key, uint160)
    |     ^ (Relevant source part starts here and spans across multiple lines).

Warning (2018): Function state mutability can be restricted to view
   --> test/AcquisitionAuthorityTask2.t.sol:171:5:
    |
171 |     function test_task2AuthorityHardSizeAndExactAbiCensus() public {
    |     ^ (Relevant source part starts here and spans across multiple lines).

Warning (2018): Function state mutability can be restricted to view
    --> test/AcquisitionAuthorityTask2.t.sol:1664:5:
     |
1664 |     function _signedConsent(AcquisitionAuthority authority, address operator, uint256 successorKey)
     |     ^ (Relevant source part starts here and spans across multiple lines).

Warning (2018): Function state mutability can be restricted to view
    --> test/AcquisitionConstellationTask3B.t.sol:2857:5:
     |
2857 |     function _coreArtifactAbi() private returns (bytes memory json, uint256 opening, uint256 closing) {
     |     ^ (Relevant source part starts here and spans across multiple lines).

Warning (2018): Function state mutability can be restricted to view
   --> test/AcquisitionConstellationTask4BudgetBook.t.sol:315:5:
    |
315 |     function test_task4_01a_exactFunctionConstructorAbiAndEveryName() public {
    |     ^ (Relevant source part starts here and spans across multiple lines).

Warning (2018): Function state mutability can be restricted to view
   --> test/AcquisitionConstellationTask4BudgetBook.t.sol:365:5:
    |
365 |     function test_task4_01b_exactTwentyNineErrorsAndEveryParameterName() public {
    |     ^ (Relevant source part starts here and spans across multiple lines).

Warning (2018): Function state mutability can be restricted to view
   --> test/AcquisitionConstellationTask4BudgetBook.t.sol:441:5:
    |
441 |     function test_task4_01d_exactTwoRowStorageAndEightMemberMappingValue() public {
    |     ^ (Relevant source part starts here and spans across multiple lines).

Warning (2018): Function state mutability can be restricted to pure
    --> test/AcquisitionConstellationTask4BudgetBook.t.sol:1687:5:
     |
1687 |     function _budgetIdFor(
     |     ^ (Relevant source part starts here and spans across multiple lines).

Warning (2018): Function state mutability can be restricted to pure
    --> test/AcquisitionConstellationTask4BudgetBook.t.sol:2011:5:
     |
2011 |     function _assertStorageTypeMetadata(
     |     ^ (Relevant source part starts here and spans across multiple lines).

Warning (2018): Function state mutability can be restricted to pure
    --> test/AcquisitionConstellationTask4BudgetBook.t.sol:2028:5:
     |
2028 |     function _abiPath(uint256 index) private view returns (string memory) {
     |     ^ (Relevant source part starts here and spans across multiple lines).

Warning (2018): Function state mutability can be restricted to pure
    --> test/AcquisitionConstellationTask4BudgetBook.t.sol:2032:5:
     |
2032 |     function _parameterPath(string memory parent, string memory field, uint256 index)
     |     ^ (Relevant source part starts here and spans across multiple lines).

Warning (2018): Function state mutability can be restricted to view
   --> test/AcquisitionConstellationTask5IntentIdentity.t.sol:248:5:
    |
248 |     function test_03_RED_typeOnlyProductionInterfaceSchema() external {
    |     ^ (Relevant source part starts here and spans across multiple lines).

Warning (2018): Function state mutability can be restricted to pure
   --> test/AcquisitionConstellationTask5IntentIdentity.t.sol:603:5:
    |
603 |     function _abiPath(uint256 i) private view returns (string memory) {
    |     ^ (Relevant source part starts here and spans across multiple lines).


Ran 2 tests for test/audit/ComprehensiveAcquisitionAudit.t.sol:ComprehensiveRwaGenerationAuditTest
[PASS] test_clearedHistoryStaysImmutableButCannotAuthorizeReactivatedGeneration() (gas: 236491)
[PASS] test_pendingClearanceCannotCrossSameKeyRegistryReactivation() (gas: 192372)
Suite result: ok. 2 passed; 0 failed; 0 skipped; finished in 23.17ms (3.65ms CPU time)

Ran 2 tests for test/audit/ComprehensiveAcquisitionAudit.t.sol:ComprehensiveSettlementCallbackAuditTest
[PASS] test_callbackDonationDoesNotRestoreWithdrawnLiabilityOrPermitDoubleWithdraw() (gas: 99139)
[PASS] test_failedRecipientThenCallbackDonationRecoversExactOriginalCredit() (gas: 145025)
Suite result: ok. 2 passed; 0 failed; 0 skipped; finished in 22.67ms (2.15ms CPU time)

Ran 2 tests for test/audit/OmertaHookObserverDoS.t.sol:OmertaHookObserverDoSTest
[PASS] test_negative_control_noop_observer_is_poked_outside_swap_settlement() (gas: 413575)
Logs:
  observer gas at entry: 149761

[PASS] test_regression_unsettled_observer_cannot_poison_a_swap_unlock() (gas: 489917)
Suite result: ok. 2 passed; 0 failed; 0 skipped; finished in 26.50ms (4.10ms CPU time)

Ran 6 tests for test/audit/AlchemistRedTeam.t.sol:AlchemistRedTeamTest
[PASS] test_control_fee_free_harvest_at_ltv_fee_boundary_remains_healthy() (gas: 6600120)
[PASS] test_control_fresh_unmanipulated_vault_mints_expected_shares_and_collateral() (gas: 6257026)
[PASS] test_control_mint_within_prospective_buffer_headroom_remains_healthy() (gas: 6474028)
[PASS] test_regression_deposit_enforces_the_callers_minimum_share_return() (gas: 12498399)
[PASS] test_regression_exit_fee_vault_does_not_report_unrealizable_yield() (gas: 6629827)
[PASS] test_regression_mint_cannot_break_the_post_issuance_buffer_floor() (gas: 6497003)
Suite result: ok. 6 passed; 0 failed; 0 skipped; finished in 27.93ms (8.40ms CPU time)

Ran 18 tests for test/DynastyNFT.t.sol:DynastyNFTTest
[PASS] test_bad_signature_reverts() (gas: 30541)
[PASS] test_claim_mints_a_sequential_identity() (gas: 137220)
[PASS] test_ctor_rejects_zero_signer_and_zero_royalty_recipient() (gas: 315507)
[PASS] test_daily_cap_enforced_and_resets() (gas: 343410)
[PASS] test_deadline_too_far_reverts() (gas: 23299)
[PASS] test_expired_reverts() (gas: 23214)
[PASS] test_ids_are_sequential_and_uncapped() (gas: 380617)
[PASS] test_only_owner_admin() (gas: 24067)
[PASS] test_only_owner_rotates_the_royalty() (gas: 30519)
[PASS] test_pause_blocks_mints_but_transfers_still_work() (gas: 181633)
[PASS] test_replay_reverts() (gas: 136916)
[PASS] test_royalty_is_five_percent_to_the_treasury() (gas: 19756)
[PASS] test_the_cap_is_constructor_bound_and_holds_with_no_setter_call() (gas: 2366494)
[PASS] test_the_token_is_a_freely_transferable_trophy() (gas: 148641)
[PASS] test_there_is_NO_owner_mint_path() (gas: 13094)
[PASS] test_tokenURI_is_the_offchain_pointer() (gas: 142560)
[PASS] test_tokenURI_reverts_for_a_nonexistent_token() (gas: 12711)
[PASS] test_zero_recipient_reverts() (gas: 21596)
Suite result: ok. 18 passed; 0 failed; 0 skipped; finished in 61.63ms (42.02ms CPU time)

Ran 7 tests for test/AcquisitionAuthoritySnapshotTask2.t.sol:AcquisitionAuthoritySnapshotTask2Test
[PASS] test_compiledProductionSnapshotColdPathFitsCapAndFactoryCapIsBuildBound() (gas: 12526404)
[PASS] test_snapshotCallOogAndReturnLengthMatrixIsAtomic() (gas: 9475518)
[PASS] test_snapshotCanonicalAddressBoolAndTypedZeroValidation() (gas: 10059191)
[PASS] test_snapshotEmptyHashesAreIndependentAndColdSuccessFitsCap() (gas: 9065419)
[PASS] test_snapshotEveryAdjacentOrdinalPrecedenceEdgeIsExactAndAtomic() (gas: 10116083)
[PASS] test_snapshotEveryOrdinalAndMultipleMutationPrecedenceIsExact() (gas: 10690097)
[PASS] test_snapshotRealPathForcedEtherIsInert() (gas: 9252429)
Suite result: ok. 7 passed; 0 failed; 0 skipped; finished in 93.41ms (73.81ms CPU time)

Ran 16 tests for test/FlashGuard.t.sol:FlashGuardTest
[PASS] testFuzz_block_counter_equals_the_sum_metered(uint96,uint96,uint96) (runs: 512, μ: 90282, ~: 90282)
[PASS] testFuzz_the_cap_is_exactly_the_boundary(uint96,uint96) (runs: 512, μ: 102855, ~: 104374)
[PASS] test_an_EOA_is_always_allowed() (gas: 10558)
[PASS] test_an_account_that_never_entered_may_exit() (gas: 14485)
[PASS] test_an_allowlisted_contract_passes() (gas: 157427)
[PASS] test_an_unlisted_contract_is_refused() (gas: 139225)
[PASS] test_both_caps_apply_together() (gas: 125723)
[PASS] test_exit_in_a_later_block_is_allowed() (gas: 34396)
[PASS] test_exit_in_the_same_block_as_entry_reverts() (gas: 34237)
[PASS] test_per_block_cap_bounds_a_single_block() (gas: 108246)
[PASS] test_per_day_cap_bounds_the_patient_version() (gas: 114310)
[PASS] test_the_atomic_round_trip_is_impossible() (gas: 182744)
[PASS] test_the_block_counter_resets_next_block() (gas: 106446)
[PASS] test_the_day_window_resets_after_24h() (gas: 126317)
[PASS] test_the_guard_is_per_account_not_global() (gas: 35835)
[PASS] test_zero_disables_a_cap() (gas: 81860)
Suite result: ok. 16 passed; 0 failed; 0 skipped; finished in 163.80ms (163.50ms CPU time)

Ran 3 tests for test/fizz/FoundryTester.sol:FoundryTester
[PASS] test_properties_at_setup() (gas: 219239)
[PASS] test_sequence() (gas: 211)
[PASS] test_targeted_buffer_handler_rejects_the_first_unhealthy_supply_boundary() (gas: 937730)
Suite result: ok. 3 passed; 0 failed; 0 skipped; finished in 4.74ms (1.62ms CPU time)

Ran 3 tests for test/market-v2/FundingIntegrationV2.t.sol:FundingIntegrationV2Test
[PASS] testActualHookBasePOLAndSeparateSurgeFundOnlyTheirOwnCompartment() (gas: 853205)
[PASS] testExactOutputSellOMRFeesRemainOMRWhenFundingCoreAndReserve() (gas: 1036269)
[PASS] testSolverProfitClaimForAndFlushFundReserveWithoutTreasuryCollateral() (gas: 2295613)
Suite result: ok. 3 passed; 0 failed; 0 skipped; finished in 10.57ms (5.62ms CPU time)

Ran 15 tests for test/GearVault.t.sol:GearVaultTest
[PASS] test_batch_class_names() (gas: 71036)
[PASS] test_boat_epic() (gas: 79866)
[PASS] test_car_derives_class_and_rarity_from_tokenId() (gas: 80289)
[PASS] test_class_name_override_is_used_and_shared_across_rarities() (gas: 173919)
[PASS] test_encoding_constants_mirror_rules() (gas: 11715)
[PASS] test_every_rarity_index_decodes() (gas: 285933)
[PASS] test_gear_has_no_rarity_trait() (gas: 68672)
[PASS] test_gear_redeems_one_at_a_time() (gas: 155843)
[PASS] test_image_base_flows_into_metadata() (gas: 78685)
[PASS] test_only_owner_sets_names_and_base() (gas: 14513)
[PASS] test_redeem_burns_the_token_emits_and_does_NOT_decrement_minted() (gas: 137909)
[PASS] test_redeem_credit_lets_EXACTLY_one_re_extraction_bypass_the_cap() (gas: 163291)
[PASS] test_redeem_reverts_without_the_token() (gas: 74541)
[PASS] test_redeem_zero_reverts() (gas: 11247)
[PASS] test_setGearCap_floor_is_LIVE_supply_not_lifetime_minted() (gas: 155913)
Suite result: ok. 15 passed; 0 failed; 0 skipped; finished in 9.87ms (8.95ms CPU time)

Ran 17 tests for test/RwaHealthOverlay.t.sol:RwaHealthOverlayUnitTest
[PASS] test_activationGenerationAcceptsUint256Maximum() (gas: 1975588)
[PASS] test_closedRuntimeRejectsEthAndUnknownSelectorsAndFitsEip170() (gas: 17002)
[PASS] test_constructorPinsClosedImmutableAuthority() (gas: 24154)
[PASS] test_constructorRejectsWrongChainZeroEoaAndWrongRegistryChain() (gas: 1016540)
[PASS] test_eachBrokenRegistryHeadActiveFlagChainAndGenerationRejects() (gas: 2134472)
[PASS] test_exactClosedAbiAndRuntimeCensus() (gas: 4869445)
[PASS] test_exactSevenDayTtlAndHalfOpenExecutionWindow() (gas: 102854)
[PASS] test_hashesBindSafeRegistryOverlayChainAndEveryPayloadField() (gas: 3027936)
[PASS] test_onlySafeCanRecordAndEveryUnauthorizedRevertIsAtomic() (gas: 42402)
[PASS] test_overlayGenerationAcceptsUint256MaxOnceThenRejectsTerminalState() (gas: 135810)
[PASS] test_overlayGenerationRejectsZeroFutureStaleAndIndependentReplay() (gas: 267836)
[PASS] test_recordClearanceEmitsExactCanonicalEventAndAdvancesExactlyOnce() (gas: 155359)
[PASS] test_recordRejectsWhenPinnedRegistryRuntimeCodeDisappears() (gas: 1903918)
[PASS] test_registryGenerationDeactivationAndReactivationInvalidatePreparedPackage() (gas: 217498)
[PASS] test_rejectsEveryZeroHashAndClosedIntegerDomainWithoutWrites() (gas: 295393)
[PASS] test_safeCallIntentCommitsExactSelectorCalldataAndClosedCallTuple() (gas: 27271)
[PASS] test_uint64TtlOverflowAndCrossedTimesRejectAtomically() (gas: 64736)
Suite result: ok. 17 passed; 0 failed; 0 skipped; finished in 404.56ms (384.03ms CPU time)

Ran 26 tests for test/GenesisLifecycleController.t.sol:GenesisLifecycleControllerTest
[PASS] testFuzz_permissionlessUnsoldConservation(uint96) (runs: 512, μ: 283108, ~: 283496)
Logs:
  Bound result 27972138252058591

[PASS] test_bindingOnlyOwnerBeforeStartAndExactlyOnce() (gas: 173006)
[PASS] test_bindingRejectsMisroutedResidualRecipient() (gas: 120303)
[PASS] test_bindingRejectsStartedForeignTokenCurrencyAndRecipients() (gas: 151603)
[PASS] test_bindingRejectsWrongLpRecipientAndOverriddenPositionPlan() (gas: 180121)
[PASS] test_bindingRejectsWrongMigrationClockAndAllocation() (gas: 183916)
[PASS] test_bindingRejectsWrongTokenReserveAndPoolTuple() (gas: 182729)
[PASS] test_chainAndDependencyDriftFailClosed() (gas: 183045)
[PASS] test_checkpointPermissionlessOnlyOnceAuctionStarted() (gas: 235999)
[PASS] test_constructorRejectsDifferentTreasuryAndFoundationManager() (gas: 476874)
[PASS] test_externalMigrationIsObservedAndCanProceedOrRecoverWithoutControllerReceipt() (gas: 329886)
[PASS] test_healthOracleWarmupAndEmergencyMustAllAgreeBeforeLive() (gas: 372128)
[PASS] test_namedRobinhoodNetworksUseArbSysRatherThanParentBlockNumber() (gas: 4562223)
[PASS] test_orbitClockMatchesPinnedArbSysDetectionOutsideNamedMainnet() (gas: 2348861)
[PASS] test_outerFailureRollsBackAndCanBeRetried() (gas: 295023)
[PASS] test_realPolCustodyAdoptionAndWarmupGrantsNoNftOrMintAuthority() (gas: 12804665)
[PASS] test_registrationMustClearOrSuccessAndPoolInitializationRollBack() (gas: 286385)
[PASS] test_renunciationCannotDestroyStoppedRecoveryAuthority() (gas: 294781)
[PASS] test_stopBlocksProgressAndRecoveryUntilGovernanceResumes() (gas: 286025)
[PASS] test_successReceiptAfterInnerFailureMarksFailedAndAllowsExactRecovery() (gas: 509973)
[PASS] test_successUsesActualPoolSignalAndFixedResidualSplit() (gas: 453106)
[PASS] test_sweepFailureIsAtomicAndResumable() (gas: 290839)
[PASS] test_tokenAndPoolManagerRuntimeDriftAlsoStopProgress() (gas: 187450)
[PASS] test_uint256CcaSweepGetterDoesNotTruncateCompletedUpperRangeBlock() (gas: 242196)
[PASS] test_unsoldOneShotSweepReentryAndLateDonationsGoOnlyToTreasury() (gas: 314143)
[PASS] test_zeroStaleFutureAndBrokenOracleCannotKeepLive() (gas: 395320)
Suite result: ok. 26 passed; 0 failed; 0 skipped; finished in 421.56ms (400.53ms CPU time)

Ran 8 tests for test/GenesisOracle.t.sol:GenesisOracleTest
[PASS] test_a_window_in_the_past_is_refused() (gas: 72872)
[PASS] test_bonding_works_for_the_whole_window_not_one_max_age() (gas: 518895)
[PASS] test_deploying_closed_is_legal() (gas: 275158)
[PASS] test_only_the_safe_sets_the_price() (gas: 13133)
[PASS] test_past_the_window_the_feed_goes_dark_and_bonding_refuses() (gas: 79785)
[PASS] test_setting_the_price_to_zero_stops_the_window_immediately() (gas: 416844)
[PASS] test_the_last_second_of_the_window_still_bonds() (gas: 369938)
[PASS] test_the_safe_can_swap_this_feed_out_for_the_twap() (gas: 349056)
Suite result: ok. 8 passed; 0 failed; 0 skipped; finished in 38.73ms (3.00ms CPU time)

Ran 4 tests for test/audit/GenesisOracleBootstrap.t.sol:GenesisOracleBootstrapIntegrationTest
[PASS] test_deploy_script_accepts_unopened_canonical_pool_and_preserves_identity() (gas: 3008928)
Logs:
  0xbfe42da6b420836d2b29ab5ce45e5cc271db7eb70f5ca86e8bbfbbce3ad3ab7d
  Observation source: 0xB0070000000000000000000000000000000030CC
  PoolManager:        0x5615dEB798BB3E4dFa0139dFa1b3D433Cc23b72f
  Period:             600
  Pool initialized:   false
  OmrV4TwapOracle: 0x34A1D3fff3958843C43aD80F30b94c510645C316
  Baseline initialized: false
  Next: Safe setObserver(oracle); after pool initialization, call update() to seed if needed.
  Wait one full period after the baseline, then call update() and verify consult().
  Keep OmertaBond paused/unset until the separate setOracle activation batch is approved.

[PASS] test_deploy_script_refuses_wrong_manager_before_oracle_deployment() (gas: 6375735)
[PASS] test_deploy_script_retains_seed_for_initialized_canonical_pool() (gas: 3134070)
Logs:
  0xbfe42da6b420836d2b29ab5ce45e5cc271db7eb70f5ca86e8bbfbbce3ad3ab7d
  Observation source: 0xB0070000000000000000000000000000000030CC
  PoolManager:        0x5615dEB798BB3E4dFa0139dFa1b3D433Cc23b72f
  Period:             600
  Pool initialized:   true
  OmrV4TwapOracle: 0x34A1D3fff3958843C43aD80F30b94c510645C316
  Baseline initialized: true
  Next: Safe setObserver(oracle); after pool initialization, call update() to seed if needed.
  Wait one full period after the baseline, then call update() and verify consult().
  Keep OmertaBond paused/unset until the separate setOracle activation batch is approved.

[PASS] test_real_hook_can_bind_oracle_before_pool_opens_then_seed_and_warm_up() (gas: 1056792)
Suite result: ok. 4 passed; 0 failed; 0 skipped; finished in 6.32ms (3.78ms CPU time)

Ran 8 tests for test/market-v2/ArbitrageV2.t.sol:ArbitrageV2Test
[PASS] testCanonicalSellStillPaysExistingFundingTax() (gas: 649572)
[PASS] testCopiedCommitmentCannotClaimAnotherSolversCycle() (gas: 136272)
[PASS] testForgedCallbackRejected() (gas: 18648)
[PASS] testFuzzProfitCreditsConserveNative(uint96) (runs: 512, μ: 285060, ~: 285157)
Logs:
  Bound result 27972138252058591

[PASS] testPermissionlessClaimForCannotRedirectAnotherBeneficiary() (gas: 299508)
[PASS] testRealTwoPoolCycleSharesOnlyRealizedProfitAndReturnsCollateral() (gas: 312827)
[PASS] testSameBlockRevealRejected() (gas: 84125)
[PASS] testUnprofitableOrBelowMinimumCycleRevertsBothSwapsAndKeepsCommitment() (gas: 229677)
Suite result: ok. 8 passed; 0 failed; 0 skipped; finished in 521.80ms (519.14ms CPU time)

Ran 18 tests for test/AcquisitionConstellationTask5IntentIdentity.t.sol:AcquisitionConstellationTask5IntentIdentityTest
[PASS] test_01_selectorsEventAndLiteralVectorsAreFrozen() (gas: 8528)
[PASS] test_01b_bytecodeScannerFailsClosedAndSkipsPushData() (gas: 44027)
[PASS] test_01c_sourceNormalizerIgnoresCommentsAndFailsClosed() (gas: 71243)
[PASS] test_02_RED_exactProductionAbiArtifact() (gas: 4623036)
[PASS] test_03_RED_typeOnlyProductionInterfaceSchema() (gas: 691346)
[PASS] test_04a_RED_constructorRejectsCodeBearingWrongCore() (gas: 773777)
[PASS] test_04b_RED_constructorRejectsPredictedCoreWithoutCode() (gas: 718950)
[PASS] test_04c_RED_constructorRejectsNonceShiftedSelf() (gas: 774390)
[PASS] test_04d_RED_constructorRejectsZeroCoreFirst() (gas: 729748)
[PASS] test_04e_constructorZeroFactoryWinsCompoundInvalid() (gas: 729367)
[PASS] test_04f_constructorZeroManifestWinsZeroCore() (gas: 730160)
[PASS] test_04g_RED_zeroCoreWinsNonceShiftedSelf() (gas: 773528)
[PASS] test_04h_RED_wrongSelfWinsWrongCore() (gas: 817771)
[PASS] test_04i_RED_peerMismatchWinsWrongCoreWithoutCode() (gas: 722370)
[PASS] test_04j_topologyGetterAndFinalizationTransition() (gas: 930294)
[PASS] test_05_RED_realProductionHelpersAndFinalizationStability() (gas: 937869)
[PASS] test_06_RED_zeroMaxAndDimensionSeparation() (gas: 951332)
[PASS] test_07_RED_opcodesAndForbiddenBusinessSurface() (gas: 5513177)
Suite result: ok. 18 passed; 0 failed; 0 skipped; finished in 612.47ms (595.47ms CPU time)

Ran 8 tests for test/market-v2/MarketStateV2.t.sol:MarketStateV2Test
[PASS] testFuzz_idleCheckpointsCannotChangeObservedPrice(uint32,uint8) (runs: 512, μ: 315858, ~: 306263)
Logs:
  Bound result 9705

[PASS] test_dustSellCannotDeclareFullMarketStress() (gas: 511434)
[PASS] test_negativeFractionalMeanRoundsTowardNegativeInfinity() (gas: 427391)
[PASS] test_requiresCompleteEpochAndCannotRefreshSpamNewEpochs() (gas: 432794)
[PASS] test_snapshotFailsClosedWhenStaleWithoutNeedingRefresh() (gas: 273121)
[PASS] test_swapAtBoundaryCannotRewritePriorEpochPriceOrVolume() (gas: 601855)
[PASS] test_timeWeightedVarianceUsesElapsedPriceNotSwapCount() (gas: 585686)
[PASS] test_zeroLiquidityIntervalInvalidatesAndRecoveryNeedsFullHealthyEpoch() (gas: 450103)
Suite result: ok. 8 passed; 0 failed; 0 skipped; finished in 790.12ms (767.55ms CPU time)

Ran 9 tests for test/BondLiquidityHealth.t.sol:BondLiquidityHealthTest
[PASS] testFuzz_futureOracleTimestampIsRejectedWithOrWithoutGuard(uint64,bool) (runs: 512, μ: 2598055, ~: 2583713)
Logs:
  Bound result 551

[PASS] test_firstGuardInstallationIsExplicitAndLegacyModeDoesNotClaimHealthy() (gas: 2539985)
[PASS] test_guardRevertAndMissingHealthySelectorFailClosed() (gas: 137421)
[PASS] test_guardianCanOnlyPauseAndRotationRevokesOldGuardian() (gas: 65523)
[PASS] test_installedGuardCannotBeZeroedAndReplacementRequiresPause() (gas: 181184)
[PASS] test_oracleAgeBoundaryIsInclusiveAndMaximumFutureValueIsRejected() (gas: 47726)
[PASS] test_preSignedQuoteCannotExecuteAfterEmergencyPause() (gas: 83324)
[PASS] test_preSignedQuoteCannotExecuteAfterLiquidityBecomesUnhealthy() (gas: 458289)
[PASS] test_vestedClaimsRemainAvailableWhilePausedGuardBrokenAndOracleStale() (gas: 449487)
Suite result: ok. 9 passed; 0 failed; 0 skipped; finished in 839.18ms (819.58ms CPU time)

Ran 12 tests for test/OMRTax.t.sol:OMRTaxTest
[PASS] testFuzz_conservation(uint256,uint256,uint256,uint256,uint256) (runs: 512, μ: 266955, ~: 286586)
Logs:
  Bound result 753
  Bound result 469
  Bound result 185
  Bound result 45
  Bound result 9999999999999999999999

[PASS] test_buy_and_wallet_transfers_untaxed() (gas: 286886)
[PASS] test_default_off_sell_moves_1to1() (gas: 52132)
[PASS] test_exempt_sender_untaxed() (gas: 163060)
[PASS] test_hard_cap_and_recipients_required() (gas: 1628576)
[PASS] test_mint_is_off_by_default_and_owner_cannot_print() (gas: 19016)
[PASS] test_only_owner_configures() (gas: 30159)
[PASS] test_only_the_named_minter_mints_and_the_safe_can_revoke() (gas: 65682)
[PASS] test_ownership_transfer_is_two_step() (gas: 39830)
[PASS] test_renounce_is_still_one_step() (gas: 16531)
[PASS] test_sell_to_registered_pair_taxed_and_split() (gas: 229813)
[PASS] test_the_flip_shape_pays_the_community_wallet_its_own_slice() (gas: 273592)
Suite result: ok. 12 passed; 0 failed; 0 skipped; finished in 350.18ms (347.37ms CPU time)

Ran 4 tests for test/audit/ComprehensiveAcquisitionAudit.t.sol:ComprehensiveAcquisitionAuditTest
[PASS] testFuzz_conservationAcrossDonationReclassificationAndIngressRotation(uint96,uint96,uint96,uint96) (runs: 512, μ: 1212514, ~: 1213333)
Logs:
  Bound result 8444722964369244160
  Bound result 946413023514780496
  Bound result 1627
  Bound result 944

[PASS] testFuzz_injectedBalanceDeficitRepairNeverDoubleCredits(uint96) (runs: 512, μ: 746205, ~: 745904)
Logs:
  Bound result 27972138252058591

[PASS] test_globalCapCannotBeResetByGovernanceIngressRotation() (gas: 820959)
[PASS] test_realAuthorityKeepsBudgetUnreachableWhileStageIsDormant() (gas: 493737)
Suite result: ok. 4 passed; 0 failed; 0 skipped; finished in 1.57s (1.54s CPU time)

Ran 9 tests for test/audit/ComprehensiveCoreAudit.t.sol:ComprehensiveCoreAuditTest
[PASS] testFuzz_repeatedBondClaimsConserveMintedCommitment(uint96,uint16,uint32[8]) (runs: 512, μ: 3284916, ~: 3287291)
Logs:
  Bound result 3449259654379845046
  Bound result 37
  Bound result 15784
  Bound result 79
  Bound result 10509
  Bound result 8197
  Bound result 24288
  Bound result 1418
  Bound result 114030
  Bound result 17059

[PASS] testFuzz_stakingRateHistoryAndCheckpointsCannotOverpay(uint96,uint32[8],uint16[8]) (runs: 512, μ: 1159272, ~: 1160259)
Logs:
  Bound result 1000000000000000001
  Bound result 1950
  Bound result 212
  Bound result 519
  Bound result 5
  Bound result 106
  Bound result 1370073
  Bound result 4134
  Bound result 31905
  Bound result 2
  Bound result 679031
  Bound result 31
  Bound result 2012268
  Bound result 0
  Bound result 1
  Bound result 1
  Bound result 1480849

[PASS] test_deedBurnDuringMintClearsOwnershipAndPreservesReplayWall() (gas: 3067137)
[PASS] test_failedStockTransferRestoresIdAndDailyCapacity() (gas: 1731901)
[PASS] test_gearBurnDuringMintConservesSupplyAndExposesActualLogOrder() (gas: 4180770)
[PASS] test_genesisFinalRecipientRejectionRevertsEarlierShares() (gas: 4988982)
[PASS] test_lastBondRecipientFailureRollsBackEarlierPaymentsAndMint() (gas: 3181641)
[PASS] test_realBridgeReplacementCannotReuseAnotherBridgesLiveSupply() (gas: 5485325)
[PASS] test_stockAuthorizationBindsDeploymentChainAndDestination() (gas: 3425119)
Suite result: ok. 9 passed; 0 failed; 0 skipped; finished in 1.88s (1.86s CPU time)

Ran 2 tests for test/audit/ComprehensiveMarketAudit.t.sol:ComprehensiveMarketAuditTest
[PASS] test_regression_eachSelfRecipientRejectedAndAccruedFeesRemainRecoverable() (gas: 608787)
[PASS] test_risk_emptyLiquidityProducesZeroCostFreshTwap() (gas: 980764)
Suite result: ok. 2 passed; 0 failed; 0 skipped; finished in 3.50ms (1.81ms CPU time)

Ran 7 tests for test/RwaHealthOverlayFuzz.t.sol:RwaHealthOverlayFuzzTest
[PASS] testFuzz_allIntegerBoundaryCombinationsRecord(uint8) (runs: 512, μ: 138705, ~: 138675)
[PASS] testFuzz_anyNonzeroTtlMutationRejects(uint32,bool) (runs: 512, μ: 47506, ~: 47484)
Logs:
  Bound result 7

[PASS] testFuzz_everySingleFieldMutationChangesAllThreeCanonicalIdentities(uint8,bytes32) (runs: 512, μ: 43715, ~: 43771)
Logs:
  Bound result 1

[PASS] testFuzz_halfOpenWindowAcceptsBeforeAndRejectsAtDeadline(uint32) (runs: 512, μ: 137677, ~: 137731)
Logs:
  Bound result 475103

[PASS] testFuzz_stateSequenceOutsideSignedBigintDomainAlwaysRejects(uint64) (runs: 512, μ: 47291, ~: 47318)
Logs:
  Bound result 9223372049540399071

[PASS] testFuzz_validClosedIntegerDomainRecordsExactlyOne(uint256,uint64,uint8,uint64) (runs: 512, μ: 144297, ~: 144314)
Logs:
  Bound result 11357
  Bound result 4400000000000000000
  Bound result 2
  Bound result 11000000000000000000

[PASS] testFuzz_wrongCallerNeverChangesStorage(address) (runs: 512, μ: 37025, ~: 37025)
Suite result: ok. 7 passed; 0 failed; 0 skipped; finished in 1.58s (1.57s CPU time)

Ran 76 tests for test/AcquisitionAuthorityTask2.t.sol:AcquisitionAuthorityTask2Test
[PASS] test_absentAndExistingEmptyCodeHashesAreDistinct() (gas: 52641)
[PASS] test_absentChildFinalizationReportsZeroExtcodehash() (gas: 14862119)
[PASS] test_actualFinalizerCallCheckpointAndFailurePrecedence() (gas: 2075928)
[PASS] test_actualFinalizerNonzeroReturnLengthsAndRollback() (gas: 6428658)
[PASS] test_childConstructorCallbacksCaughtHaveExactPhaseErrors() (gas: 2102246)
[PASS] test_childConstructorPrecedenceAndNoFallbackReceive() (gas: 11743542)
[PASS] test_childConstructorUncaughtCallbackIsCreateFailureAndRollsBack() (gas: 1764084)
[PASS] test_constructorLiteralValidationLadder() (gas: 345806)
[PASS] test_constructorWrongChainWins() (gas: 42369)
[PASS] test_deployWrongInitcodeRollsBackPhaseAndIndex() (gas: 8251975)
[PASS] test_dirtyTopologyBoolIsSemanticMismatch() (gas: 14862379)
[PASS] test_exactLifecycleCommitmentsPredictionsAndFinalizerOrder() (gas: 15153156)
[PASS] test_failureAtEveryFinalizerPositionRollsBackAllFlagsAndPhase() (gas: 75298290)
[PASS] test_finalAllFlagsRecheckFailureRollsBackPoisonAndFlags() (gas: 3260626)
[PASS] test_finalizationMissingCodeNormalizesBeforeTopologyAndRollsBack() (gas: 14856885)
[PASS] test_finalizerFailureAtomicallyRollsBackEveryFlag() (gas: 14977687)
[PASS] test_finalizerPrecedenceUnauthorizedThenHashThenAlready() (gas: 11763290)
[PASS] test_gasThresholdPredicatesExact() (gas: 1652323)
[PASS] test_invariantValidationHelpersUseExactProductionErrors() (gas: 1648025)
[PASS] test_permissionlessDeployAndForcedEtherAreInert() (gas: 15509132)
[PASS] test_postFinalizerTopologyFailureAtEveryPositionRollsBack() (gas: 48463072)
[PASS] test_preflightFailureAtEveryChildIndexRollsBackPhaseAndFlags() (gas: 74506107)
[PASS] test_readyCountCorruptionUsesExactChildIndexPrecedence() (gas: 14851245)
[PASS] test_registryCallReturnAndSemanticMatrix() (gas: 897788)
[PASS] test_registryCallbackDuringFactoryConstructionCaughtAndUncaught() (gas: 1902671)
[PASS] test_registryFinalizationRecheckOrderingAndRollback() (gas: 14888467)
[PASS] test_task2ActiveIngressAndDistinctPendingRotationCoexist() (gas: 15649274)
[PASS] test_task2ArtifactSchemaDomainAndLiteralVersion() (gas: 28087263)
[PASS] test_task2AuthorityConstructorAddressAndPeerMismatchPayloads() (gas: 20176377)
[PASS] test_task2AuthorityConstructorOverlappingFirstFailureTable() (gas: 1041675919)
[PASS] test_task2AuthorityConstructorRoleCollisionPrecedenceAndSafeProxyException() (gas: 51677140)
[PASS] test_task2AuthorityConstructorZeroAndCodeValidationLadder() (gas: 36109275)
[PASS] test_task2AuthorityHardSizeAndExactAbiCensus() (gas: 16965151)
[PASS] test_task2ConstructorLeavesExactPausedZeroPrefinalStateWithoutPeerCodeRequirement() (gas: 11683649)
[PASS] test_task2EnumDerivedReasonCodesMatchRawEventData() (gas: 15497272)
[PASS] test_task2EoaInvalidLengthHighSInvalidVRecoveryAndWrongSignerCollapse() (gas: 15238609)
[PASS] test_task2EoaSuccessorConsentAndHashEncoding() (gas: 15183583)
[PASS] test_task2Erc1271CallbackCoversAllGuardedMutatorsAndFinalizerException() (gas: 304642015)
[PASS] test_task2Erc1271Exact32DirtyLowBytesAreAcceptedByFrozenBytes4Comparison() (gas: 15778979)
[PASS] test_task2Erc1271ExactPayloadAndSignatureLengthSuccessMatrix() (gas: 95906151)
[PASS] test_task2Erc1271GasBoundariesAndActualCallTracePrecedence() (gas: 76820428)
[PASS] test_task2Erc1271RejectsZeroAndOverMaximumBeforeWalletCall() (gas: 31222077)
[PASS] test_task2Erc1271ReturnRevertBombAndOogMatrixIsAtomic() (gas: 174765429)
[PASS] test_task2EveryMutationFamilyRejectsPrefinalBeforeAuthorization() (gas: 11685157)
[PASS] test_task2FinalizerCallerManifestAlreadyPrecedenceAndRollback() (gas: 11764315)
[PASS] test_task2FinalizerStateOrdinalsNineThroughTwentySixHaveExactPayloads() (gas: 201530044)
[PASS] test_task2ForcedEtherIsInertAndNoReceiveOrFallbackExists() (gas: 15138840)
[PASS] test_task2FreshFactoriesCannotReuseTask1AddressesOrCommitments() (gas: 16511534)
[PASS] test_task2IngressActivationCodeAbsenceAndDriftPreservePendingState() (gas: 30835717)
[PASS] test_task2IngressActivationUsesHalfOpenWindow() (gas: 30792292)
[PASS] test_task2IngressCancellationAndExpiryIgnoreCodeDrift() (gas: 15250386)
[PASS] test_task2IngressCapEqualityAndPlusMinusOneSeams() (gas: 15192971)
[PASS] test_task2IngressLastProposalTimestampAndIndependentHashPreimages() (gas: 30583627)
[PASS] test_task2IngressLifecycleAndFailClosedUnpause() (gas: 15372403)
[PASS] test_task2IngressLocalCapInequalitiesRejectWithoutGlobalCapState() (gas: 15142037)
[PASS] test_task2IngressProposalAndActivationRecheckRoleCollisions() (gas: 15404071)
[PASS] test_task2IngressProposalAndSyntheticActivationCollisionUniverse() (gas: 15930495)
[PASS] test_task2IngressProposalIdAndConfigHashBindEveryFieldAndFailuresDoNotConsumeNonce() (gas: 77179289)
[PASS] test_task2InitialStateEncoderHasNoViaIrDoubleShiftPattern() (gas: 115929648)
[PASS] test_task2InitialStateOrdinalTwentyIsStrictlyShadowedByNineteen() (gas: 23438426)
[PASS] test_task2OperatorAndIngressCounterAndTimestampExhaustionAreAtomic() (gas: 15214602)
[PASS] test_task2OperatorCancelAndPermissionlessExpiryPreserveMonotonicCounter() (gas: 15157586)
[PASS] test_task2OperatorDelayAndHalfOpenAcceptanceWindow() (gas: 15252651)
[PASS] test_task2OwnershipAcceptanceAndOperatorLifecycle() (gas: 15240577)
[PASS] test_task2OwnershipAcceptanceCancelsOnlyPendingNominationAndPreservesAuthorityState() (gas: 15200927)
[PASS] test_task2PauseAuthorizationOrderingAndFailClosedUnpauseAreAtomic() (gas: 15131747)
[PASS] test_task2PendingIngressBlocksReachableOwnershipAndOperatorTransitions() (gas: 15421742)
[PASS] test_task2PrefinalMutationFailsClosed() (gas: 11664219)
[PASS] test_task2SharedNonceRequiresExactOneStepAndNeverChangesGeneration() (gas: 15184576)
[PASS] test_task2SizeBoundaryClassificationsAreExact() (gas: 6088)
[PASS] test_task2SnapshotIsFixed864BytesAndColdBelowCap() (gas: 15121382)
[PASS] test_task2StaticGettersReturnCanonicalZeroAndMaxWidthWords() (gas: 15135338)
[PASS] test_task2SuccessorConsentReplayFailsAfterGenerationTransition() (gas: 15178366)
[PASS] test_task2SuccessorHashBindsEveryAuthorityDomainAndActionField() (gas: 15097815)
[PASS] test_task2VersionCanonicalRawDynamicString() (gas: 15128328)
[PASS] test_topologyReturnLengthAndCallFailureMatrix() (gas: 74445130)
Suite result: ok. 76 passed; 0 failed; 0 skipped; finished in 2.11s (2.11s CPU time)

Ran 9 tests for test/LiquidityRevenueAutomation.t.sol:KeeperGasVaultTest
[PASS] testFuzz_refillIsMinimumOfFourIndependentBounds(uint96,uint96,uint96) (runs: 512, μ: 225169, ~: 222826)
Logs:
  Bound result 44024079551982515
  Bound result 9066924629875777
  Bound result 377308473859929427

[PASS] test_allowlistAndPauseChangesCannotResetCooldownOrBudget() (gas: 166584)
[PASS] test_anyCallerCanFundOnlyAllowlistedKeeperUpToDeficit() (gas: 186312)
[PASS] test_invalidLimitsAndKeeperAddressesReject() (gas: 342452)
[PASS] test_keeperCannotReenterItsOwnOrAnotherRefill() (gas: 270196)
[PASS] test_rejectingKeeperRollsBackBudgetCooldownAndFunds() (gas: 241527)
[PASS] test_sharedBudgetCannotBeBypassedWithDifferentKeepers() (gas: 304314)
[PASS] test_strangerCannotAllowPauseResumeOrRecover() (gas: 25600)
[PASS] test_vaultBalanceCapsRefillAndPauseAllowsOwnerOnlyRecovery() (gas: 197498)
Suite result: ok. 9 passed; 0 failed; 0 skipped; finished in 245.91ms (245.39ms CPU time)

Ran 45 tests for test/Bank.t.sol:BankTest
[PASS] testFuzz_supply_never_exceeds_collateral_times_ltv(uint96,uint96,uint96,uint96,uint16) (runs: 512, μ: 1663509, ~: 1663558)
Logs:
  Bound result 1534
  Bound result 6796360737
  Bound result 2027149
  Bound result 2469
  Bound result 9

[PASS] testFuzz_the_fee_never_exceeds_the_yield_it_came_from(uint96,uint16) (runs: 512, μ: 1059795, ~: 1067724)
Logs:
  Bound result 2882
  Bound result 1

[PASS] testFuzz_transmuter_never_pays_more_than_it_holds(uint96,uint96,uint96) (runs: 512, μ: 1021749, ~: 998258)
Logs:
  Bound result 49999044024079551982516
  Bound result 47987519593
  Bound result 6843804957377308480703734384

[PASS] test_a_broken_fee_recipient_cannot_brick_the_harvest() (gas: 1055843)
[PASS] test_a_debt_free_user_can_always_exit() (gas: 669157)
[PASS] test_a_donation_cannot_fake_buffer_health() (gas: 6604452)
[PASS] test_a_malicious_vault_cannot_reenter_the_alchemist() (gas: 6304492)
[PASS] test_a_mismatched_vault_cannot_be_deployed() (gas: 1703104)
[PASS] test_a_stolen_key_cannot_take_the_whole_yield() (gas: 28139)
[PASS] test_a_stranger_cannot_harvest_a_borrower_into_unhealth() (gas: 1051887)
[PASS] test_a_stranger_cannot_mint_or_burn() (gas: 17404)
[PASS] test_a_thin_buffer_halts_issuance_but_never_redemption() (gas: 6688097)
[PASS] test_a_vault_loss_impairs_collateral_but_preserves_funded_reserves() (gas: 6621119)
[PASS] test_an_unseeded_market_refuses_the_first_borrow() (gas: 6492496)
[PASS] test_an_unset_recipient_fails_SAFE_rather_than_burning_the_yield() (gas: 1001982)
[PASS] test_anyone_may_harvest_anyone() (gas: 985658)
[PASS] test_borrowing_past_ltv_reverts() (gas: 840136)
[PASS] test_deposit_and_borrow_in_the_same_block_reverts() (gas: 717143)
[PASS] test_deposit_and_withdraw_in_the_same_block_reverts() (gas: 717239)
[PASS] test_disarming_the_minter_halts_issuance_only() (gas: 1109535)
[PASS] test_dust_below_one_asset_unit_reverts_rather_than_burning_for_zero() (gas: 960748)
[PASS] test_each_user_gets_their_own_escrow() (gas: 1370157)
[PASS] test_harvest_never_clears_more_debt_than_assets_moved() (gas: 968071)
[PASS] test_harvest_reduces_debt_and_backs_the_transmuter() (gas: 987805)
[PASS] test_ltv_has_a_compile_time_ceiling() (gas: 14152)
[PASS] test_nobody_but_the_alchemist_can_move_escrow_funds() (gas: 723888)
[PASS] test_one_users_yield_does_not_touch_another() (gas: 1395630)
[PASS] test_only_a_funder_may_fund() (gas: 48716)
[PASS] test_only_the_safe_sets_parameters() (gas: 22453)
[PASS] test_redeem_is_one_to_one_across_the_decimal_mismatch() (gas: 1076029)
[PASS] test_redemption_is_deliberately_not_same_block_guarded() (gas: 1086324)
[PASS] test_repay_in_underlying_clears_debt_and_funds_the_buffer() (gas: 957578)
[PASS] test_repay_never_takes_more_than_is_owed() (gas: 932995)
[PASS] test_sweeping_refuses_an_unset_recipient_rather_than_burning_the_fee() (gas: 1049112)
[PASS] test_the_buffer_floor_has_a_compile_time_minimum() (gas: 14121)
[PASS] test_the_daily_mint_cap_bounds_worst_case_issuance() (gas: 937092)
[PASS] test_the_dust_clamp_is_reachable() (gas: 1063054)
[PASS] test_the_fee_cannot_be_pointed_at_an_address_that_swallows_it() (gas: 28976)
[PASS] test_the_fee_is_charged_on_what_services_debt_and_the_rest_still_repays() (gas: 1047695)
[PASS] test_the_ltv_and_the_harvest_fee_cannot_be_set_into_a_breach() (gas: 40414)
[PASS] test_the_owner_cannot_mint() (gas: 13346)
[PASS] test_the_peg_redemption_is_NEVER_taxed() (gas: 1077725)
[PASS] test_the_redeem_cap_bounds_a_drain() (gas: 1102907)
[PASS] test_withdrawing_below_the_debt_reverts() (gas: 927747)
[PASS] test_yield_left_compounding_is_never_billed() (gas: 1043565)
Suite result: ok. 45 passed; 0 failed; 0 skipped; finished in 2.06s (2.06s CPU time)

Ran 33 tests for test/CharacterLaunchAudit.t.sol:CharacterLaunchAuditTest
[PASS] testFuzz_mintAlwaysPaysAllDevAcrossAllVigBps(uint96,uint16) (runs: 512, μ: 1469881, ~: 1469578)
Logs:
  Bound result 8400
  Bound result 9730

[PASS] testFuzz_nonMintFeeConservesValueAndBoundsRoundingAcrossAllBps(uint96,uint16,uint8) (runs: 512, μ: 1513091, ~: 1520426)
Logs:
  Bound result 44024079551982515
  Bound result 65

[PASS] testFuzz_rejectingMintReceiverRollsBackNonceSupplyAndTransfers(uint8) (runs: 512, μ: 1217974, ~: 1211079)
[PASS] testFuzz_signedRecipientNonceAndDeadlineCannotBeAltered(uint128,uint32,uint8) (runs: 512, μ: 48111, ~: 48438)
Logs:
  Bound result 318529

[PASS] test_allCustomAdministrativeSelectorsRejectUnprivilegedActor() (gas: 111530)
[PASS] test_allFeePaymentEntryPointsBlockCrossFunctionReentry() (gas: 1137826)
[PASS] test_approvalCannotEscalateAndOldApprovalDoesNotTravel() (gas: 163208)
[PASS] test_blanketApprovalRevokeSelfTransferAndWrongFromRemainAtomic() (gas: 204848)
[PASS] test_bothFeeLegsAndNonceRevertIfSecondRecipientRejects() (gas: 295239)
[PASS] test_callbackMayTransferBeforeCustomMintedEventWithoutCreatingExtraToken() (gas: 1009640)
[PASS] test_crossContractAndChangedChainReplayRejected() (gas: 2377963)
[PASS] test_dailyBoundaryAllowsTwoDailyBudgetsButNeverMoreWithinEitherDay() (gas: 287464)
[PASS] test_deadlineInclusiveAndMaximumTtlBoundaries() (gas: 213565)
[PASS] test_domainIsIndependentOracleAndIERC5267Matches() (gas: 20576)
[PASS] test_interfacesMetadataAndRoyaltyBoundaries() (gas: 194489)
[PASS] test_loweredCapDoesNotEraseDailyUsageAndZeroMeansUnlimited() (gas: 292594)
[PASS] test_mintOddWeiAllDevEvenWhenAllNonMintFeesGoToVig() (gas: 1572683)
[PASS] test_mintRejectingDevRevertsAtomicallyEvenAtFullVigBps() (gas: 1480069)
[PASS] test_nativeTransfersCannotForgeFeeEventsAndForcedBalanceSweepsOnlyToOwner() (gas: 209726)
[PASS] test_nftAndFeeOwnershipRequireAcceptanceAndCancelledNomineeHasNoPower() (gas: 121557)
[PASS] test_nonCanonicalAndMalformedSignaturesRejectWithoutConsumingNonce() (gas: 242642)
[PASS] test_ownerRenunciationIsIrreversibleAndClearsPendingOwner() (gas: 255406)
[PASS] test_pauseStopsOnlyMintAndUnpauseReusesUntouchedVoucher() (gas: 234074)
[PASS] test_receiverReentryCannotConsumeFreshVoucherOrExceedCap() (gas: 1245557)
[PASS] test_rejectingSafeTransferRestoresOwnerBalancesAndApproval() (gas: 1018443)
[PASS] test_relayerCannotRedirectAndNonceSurvivesRotationAndTransfer() (gas: 168744)
[PASS] test_retiredSkuWrongPaymentsAndUnconfiguredSelectorsDoNotMoveFunds() (gas: 233967)
[PASS] test_sameRecipientReceivesExactlyOneGrossPayment() (gas: 1424322)
[PASS] test_signerRotationInvalidatesUnspentSignatures() (gas: 163868)
[PASS] test_ttlIsMeasuredAtClaimNotAtSigning() (gas: 140954)
[PASS] test_wrongDomainNameVersionAndTypeRejected() (gas: 84871)
[PASS] test_zeroAndMaximumNoncesAreIndependentReplayKeys() (gas: 218905)
[PASS] test_zeroFeeShareDoesNotCallRejectingRecipient() (gas: 2866279)
Suite result: ok. 33 passed; 0 failed; 0 skipped; finished in 1.85s (1.89s CPU time)

Ran 27 tests for test/AcquisitionConstellationTask1.t.sol:AcquisitionConstellationTask1Test
[PASS] test_absentAndExistingEmptyCodeHashesAreDistinct() (gas: 51871)
[PASS] test_absentChildFinalizationReportsZeroExtcodehash() (gas: 14861169)
[PASS] test_actualFinalizerCallCheckpointAndFailurePrecedence() (gas: 2075440)
[PASS] test_actualFinalizerNonzeroReturnLengthsAndRollback() (gas: 6427894)
[PASS] test_childConstructorCallbacksCaughtHaveExactPhaseErrors() (gas: 2101856)
[PASS] test_childConstructorPrecedenceAndNoFallbackReceive() (gas: 11743076)
[PASS] test_childConstructorUncaughtCallbackIsCreateFailureAndRollsBack() (gas: 1763693)
[PASS] test_constructorLiteralValidationLadder() (gas: 345170)
[PASS] test_constructorWrongChainWins() (gas: 41907)
[PASS] test_deployWrongInitcodeRollsBackPhaseAndIndex() (gas: 8251615)
[PASS] test_dirtyTopologyBoolIsSemanticMismatch() (gas: 14861220)
[PASS] test_exactLifecycleCommitmentsPredictionsAndFinalizerOrder() (gas: 15152420)
[PASS] test_failureAtEveryFinalizerPositionRollsBackAllFlagsAndPhase() (gas: 75297714)
[PASS] test_finalAllFlagsRecheckFailureRollsBackPoisonAndFlags() (gas: 3260354)
[PASS] test_finalizationMissingCodeNormalizesBeforeTopologyAndRollsBack() (gas: 14856199)
[PASS] test_finalizerFailureAtomicallyRollsBackEveryFlag() (gas: 14976991)
[PASS] test_finalizerPrecedenceUnauthorizedThenHashThenAlready() (gas: 11762287)
[PASS] test_gasThresholdPredicatesExact() (gas: 1652169)
[PASS] test_invariantValidationHelpersUseExactProductionErrors() (gas: 1647811)
[PASS] test_permissionlessDeployAndForcedEtherAreInert() (gas: 15508765)
[PASS] test_postFinalizerTopologyFailureAtEveryPositionRollsBack() (gas: 48461041)
[PASS] test_preflightFailureAtEveryChildIndexRollsBackPhaseAndFlags() (gas: 74504787)
[PASS] test_readyCountCorruptionUsesExactChildIndexPrecedence() (gas: 14851010)
[PASS] test_registryCallReturnAndSemanticMatrix() (gas: 897057)
[PASS] test_registryCallbackDuringFactoryConstructionCaughtAndUncaught() (gas: 1902531)
[PASS] test_registryFinalizationRecheckOrderingAndRollback() (gas: 14888057)
[PASS] test_topologyReturnLengthAndCallFailureMatrix() (gas: 74444098)
Suite result: ok. 27 passed; 0 failed; 0 skipped; finished in 126.87ms (125.47ms CPU time)

Ran 16 tests for test/AcquisitionConstellationTask3A.t.sol:AcquisitionConstellationTask3ATest
[PASS] test_task3A_01_freshGraphCommitsCapConfigurationManifestAndCreateOrder() (gas: 15127632)
[PASS] test_task3A_02_factoryConstructorPrecedenceIncludesCapAfterRegistryAttestation() (gas: 118625)
[PASS] test_task3A_03_coreConstructorExactPrecedenceAndZeroBusinessState() (gas: 6879220)
[PASS] test_task3A_04_coreSnapshotExact576AndIgnoresPhysicalBalance() (gas: 30827997)
[PASS] test_task3A_05_factoryCoreSnapshotCallLengthOogBombAtomic() (gas: 3783048)
[PASS] test_task3A_06_coreSnapshotEveryOrdinalAdjacentDirtyEncoding() (gas: 5013030)
[PASS] test_task3A_07_authoritySnapshotFailurePrecedesCoreSnapshotAndRetry() (gas: 3502356)
[PASS] test_task3A_08_coreFinalizerCallerManifestAlreadyInitialFields() (gas: 2413875)
[PASS] test_task3A_09_proposalCapMinusOneExactPlusOne() (gas: 11085994)
[PASS] test_task3A_10_activationCapMinusOneExactPlusOne() (gas: 11759688)
[PASS] test_task3A_11_proposalCapReadFailureLengthZeroOogAtomic() (gas: 26001892)
[PASS] test_task3A_12_activationCapReadFailurePreservesProposal() (gas: 4096514)
[PASS] test_task3A_13_proposalLocalValidationPrecedesCoreAndCapPrecedesIngressChecks() (gas: 3678629)
[PASS] test_task3A_14_activationEarlyPrecedenceDoesNotReachCore() (gas: 11843448)
[PASS] test_task3A_15_cancelExpireDisableLiveThroughCoreFailure() (gas: 4077250)
[PASS] test_task3A_16_authorityHasNoCapGetterAndUnpauseOrdinal11() (gas: 3652603)
Suite result: ok. 16 passed; 0 failed; 0 skipped; finished in 70.79ms (68.93ms CPU time)

Ran 17 tests for test/LiquidityRevenueAutomation.t.sol:LiquidityRevenueAutomationTest
[PASS] testFuzz_nonMintDistributionConservesEveryWei(uint96,uint8) (runs: 512, μ: 377999, ~: 384537)
Logs:
  Bound result 4363

[PASS] testFuzz_policyDriftIsRejectedAtConfigurationAndBeforePayment(uint8) (runs: 512, μ: 665789, ~: 672862)
[PASS] testFuzz_rejectingAnyRecipientRevertsBothNoncesAndAllPriorPayments(uint8) (runs: 512, μ: 538209, ~: 516161)
[PASS] test_activeRouterRequiresExplicitDisableBeforeRecipientRotationAndFreshBinding() (gas: 844123)
[PASS] test_badFeeBpsAndEoaRoutersCannotBeConfigured() (gas: 1866900)
[PASS] test_duplicateRecipientsAggregateWithoutLeavingDust() (gas: 712642)
[PASS] test_eachRecipientCannotReenterAnyPaymentOrRouterRecovery() (gas: 1961768)
[PASS] test_legacyModeStillSplitsDevVigOnly() (gas: 204853)
[PASS] test_mintAndDisabledIntervalsDoNotBreakRouterNonceSequence() (gas: 478565)
[PASS] test_mintBypassesRouterAndRejectingNonDevRecipients() (gas: 216078)
[PASS] test_oneWeiSkipsEveryZeroShareAndPaysDev() (gas: 260928)
[PASS] test_onlyBoundRailMayRouteAndNoncesCannotReplay() (gas: 394427)
[PASS] test_routerAndRecipientAdministrationCannotBeCalledByStranger() (gas: 22013)
[PASS] test_routerForcedBalanceIsNotMixedIntoFeesAndReturnsOnlyToTreasury() (gas: 398311)
[PASS] test_routerRejectsMissingSourceAndInvalidDestinations() (gas: 192772)
[PASS] test_threeNonMintKindsEmitTruthfulFourWayDistributionAndGrossEntitlements() (gas: 524935)
[PASS] test_wrongFeeCannotReachRouter() (gas: 68226)
Suite result: ok. 17 passed; 0 failed; 0 skipped; finished in 925.49ms (924.73ms CPU time)

Ran 18 tests for test/LiquidityBuybackExecutor.t.sol:LiquidityBuybackExecutorTest
[PASS] testFuzz_directTokenRevenueSplitsOddWeiWithoutSpendingEth(uint96) (runs: 512, μ: 173788, ~: 174522)
Logs:
  Bound result 27972138252058591

[PASS] testFuzz_realV4SwapConservesNativeAndTokenBalancesToFixedRecipients(uint96) (runs: 512, μ: 316278, ~: 316401)
Logs:
  Bound result 27972138252058591

[PASS] test_callbackRequiresActualManagerAndActiveUnlock() (gas: 317299)
[PASS] test_constructorRejectsAbsentDependenciesAndInvalidStreamDestinations() (gas: 488263)
[PASS] test_directRevenueRequiresKeeperUnpausedAndNonzeroTokens() (gas: 139429)
[PASS] test_directRevenueUsesSharedSequenceAndSwapLeavesPriorTokenRevenueUntouched() (gas: 329637)
[PASS] test_globalCooldownAndDailyBudgetApplyAcrossKeepersAndUtcDays() (gas: 517719)
[PASS] test_healthyFalseRevertAndMissingAbiAllStopExecution() (gas: 2141444)
[PASS] test_keeperCannotWeakenOracleSlippageFloor() (gas: 83863)
[PASS] test_pauseAndGovernanceRecoveryDoNotGrantKeeperWithdrawalAuthority() (gas: 334008)
[PASS] test_realCanonicalTwapFeedsActualSwap() (gas: 3115900)
[PASS] test_singleRecipientDirectRevenueAndSharedVigCustodyRemainExact() (gas: 8247277)
[PASS] test_staleZeroFutureAndRevertingOracleAreUnavailable() (gas: 203943)
[PASS] test_threeSingleRecipientStreamsNeverPaySecondary() (gas: 6570440)
[PASS] test_unachievableMinOutRevertsPoolPriceTransfersAndBudgetAtomically() (gas: 265496)
[PASS] test_unknownKeeperCannotExecuteOrChangeRecipientsViaAnyPublicMethod() (gas: 65797)
[PASS] test_vigMayUseSameCustodyAddressForBothOutputShares() (gas: 2258053)
[PASS] test_zeroOverCapUnderfundedAndInvalidDeadlinesRevertBeforeSwap() (gas: 116800)
Suite result: ok. 18 passed; 0 failed; 0 skipped; finished in 3.51s (3.49s CPU time)

Ran 17 tests for test/BankBufferVault.t.sol:BankBufferVaultTest
[PASS] testFuzz_fundingIsMinimumOfDeficitActionDayAndBalance(uint64,uint64) (runs: 512, μ: 3570326, ~: 3583265)
Logs:
  Bound result 2435
  Bound result 2633

[PASS] test_actualRedemptionReopensOnlyTheNewConservedDeficit() (gas: 437342)
[PASS] test_availablePrefundingBoundsActualFunding() (gas: 207227)
[PASS] test_constructorPinsAssetDestinationRuntimeAndImmutableLimits() (gas: 27412)
[PASS] test_constructorRejectsAbsentOrMismatchedAssetAndInvalidLimits() (gas: 1085648)
[PASS] test_dailyBudgetIsSharedAcrossCallersAndResetsOnlyAtUtcDayBoundary() (gas: 383632)
[PASS] test_directDonationDoesNotSubstituteForTrackedReserveFunding() (gas: 178250)
[PASS] test_extraSenderDebitCannotConsumeUnmeteredBacking() (gas: 216604)
[PASS] test_feeOnTransferIsRefusedAtomicallyByActualTransmuter() (gas: 212508)
[PASS] test_healthyOrZeroSupplyBufferIsNeverOverfundedOrSeeded() (gas: 3491249)
[PASS] test_onlyGovernanceCanPauseResumeAndRecoverToItsCurrentOwner() (gas: 241759)
[PASS] test_pauseResumeDoesNotResetConsumedBudget() (gas: 263204)
[PASS] test_permissionlessFundingCannotMintOrPayCallerAndUsesExactApproval() (gas: 193607)
[PASS] test_revokedFunderRollsBackAllowanceAndBudget() (gas: 290348)
[PASS] test_runtimeChangesToEitherDependencyStopFundingBeforeApproval() (gas: 43629)
[PASS] test_tokenCannotRetainSpendingApprovalByIgnoringReset() (gas: 228729)
[PASS] test_underlyingCallbackCannotReenterPermissionlessFunding() (gas: 193349)
Suite result: ok. 17 passed; 0 failed; 0 skipped; finished in 672.06ms (671.16ms CPU time)

Ran 8 tests for test/market-v2/IntegrationV2.t.sol:TurfIntegrationV2Test
[PASS] testAdjudicatorCannotBeBypassedOrWithdrawPrincipal() (gas: 346245)
[PASS] testEarlyPermissionlessClaimAndTokenDonationsCannotChangeFeeAuthority() (gas: 1037208)
[PASS] testExpiredSiegeCannotRedirectFrozenEarningsToReplacementWallet() (gas: 1878481)
[PASS] testRejectedSettlementRevertsFeeCheckpointAsWell() (gas: 1284914)
[PASS] testSeasonExpirySettlesFeesAndPrincipalEvenWithBrokenOracleAndPause() (gas: 1212754)
[PASS] testSiegeEscrowsOnlyFeesEarnedAfterAtomicStart() (gas: 1511178)
[PASS] testTakeoverAtomicallyPaysPreviousFamilyThenFutureOwner() (gas: 1243684)
[PASS] testWalletRotationCheckpointsAccruedFeesBeforeChangingTreasury() (gas: 1186442)
Suite result: ok. 8 passed; 0 failed; 0 skipped; finished in 65.64ms (60.35ms CPU time)

Ran 12 tests for test/market-v2/InventoryBondV2.t.sol:InventoryBondV2Test
[PASS] testBondAggregateEpochAndLifetimeCapsAcrossAccounts() (gas: 442291)
[PASS] testBondClaimsCannotBeRetiredOrRedirected() (gas: 341536)
[PASS] testBondDuplicateNonceCannotReserveTwice() (gas: 297041)
[PASS] testBondEpochNumberCannotRefreshBudgetAtSameObservationTime() (gas: 380514)
[PASS] testBondLinearVestingSurvivesPauseAndOracleOutage() (gas: 386512)
[PASS] testBondMinimumOutAndExpectedEpochAreBinding() (gas: 108054)
[PASS] testBondNativeProceedsFixedRecipientAndIndependentClaims() (gas: 297740)
[PASS] testBondPauseOnlyStopsNewPurchases() (gas: 352810)
[PASS] testBondRefusesUnfundedPurchaseAndExcessOracleRate() (gas: 167140)
[PASS] testBondRejectsStaleDataAndCurrentSpotManipulation() (gas: 544101)
[PASS] testBondReservesFundedInventoryWithoutMinting() (gas: 288391)
[PASS] testFuzzBondVestingNeverExceedsFundedClaims(uint32,uint96) (runs: 512, μ: 339023, ~: 343756)
Logs:
  Bound result 1900000000294085013
  Bound result 10287

Suite result: ok. 12 passed; 0 failed; 0 skipped; finished in 386.51ms (382.29ms CPU time)

Ran 5 tests for test/LiquidityBuybackExecutor.t.sol:LiquidityBuybackBoundaryTest
[PASS] test_directTokenDistributionFailureRollsBackRecipientAndSharedSequence() (gas: 212448)
[PASS] test_feeOnDistributionCannotUnderfundFixedRecipient() (gas: 327488)
[PASS] test_feeOnManagerOutputCannotForgeBoughtAmountOrSpendBudget() (gas: 298423)
[PASS] test_recipientCallbackCannotReenterSwapDirectDistributionOrUnlock() (gas: 2839869)
[PASS] test_secondRecipientFailureRollsBackFirstDeliverySwapAndBudget() (gas: 324054)
Suite result: ok. 5 passed; 0 failed; 0 skipped; finished in 5.34ms (3.20ms CPU time)

Ran 54 tests for test/Omerta.t.sol:OmertaTest
[PASS] testFuzz_claims_bounded_by_tranche(uint96[8]) (runs: 512, μ: 394938, ~: 403063)
[PASS] test_apy_ceiling() (gas: 13226)
[PASS] test_bad_bps_and_missing_vig_recipient_rejected() (gas: 172134)
[PASS] test_bad_kind_reverts() (gas: 54944)
[PASS] test_claim_gear_mints_1155() (gas: 142148)
[PASS] test_claim_omr() (gas: 102181)
[PASS] test_constructor_and_setSigner_reject_zero() (gas: 119243)
[PASS] test_daily_cap_enforced_and_resets() (gas: 199499)
[PASS] test_deadline_too_far_reverts() (gas: 24686)
[PASS] test_expired_reverts() (gas: 25294)
[PASS] test_forward_failure_reverts_the_fee() (gas: 1428920)
[PASS] test_gear_cap_enforced() (gas: 234006)
[PASS] test_gear_cap_survives_minter_swap() (gas: 112890)
[PASS] test_gear_redeem_frees_a_slot_the_bridge_can_re_extract() (gas: 270212)
[PASS] test_gear_redeem_is_one_at_a_time() (gas: 242069)
[PASS] test_gear_transfers_are_open() (gas: 156389)
[PASS] test_gear_uncapped_class_reverts() (gas: 59469)
[PASS] test_gearvault_setcap_gates() (gas: 108614)
[PASS] test_gearvault_uncapped_class_blocked() (gas: 27555)
[PASS] test_mint_fee_forwards_to_dev_and_emits() (gas: 1402479)
[PASS] test_mint_fee_is_all_dev_despite_nonzero_vig_bps() (gas: 1410201)
[PASS] test_only_minter_can_mint_gear() (gas: 12930)
[PASS] test_only_owner_sets_fees_and_recipient() (gas: 1412658)
[PASS] test_only_owner_sets_reroll_fee_and_zero_reverts() (gas: 1334781)
[PASS] test_ownership_is_safe_from_deploy() (gas: 32280)
[PASS] test_package_exact_value_forwards_and_emits() (gas: 1431634)
[PASS] test_package_price_owner_only_and_retire() (gas: 1346540)
[PASS] test_package_splits_dev_and_vig() (gas: 1462925)
[PASS] test_package_wrong_value_reverts() (gas: 1362107)
[PASS] test_pause_blocks_claims() (gas: 51457)
[PASS] test_principal_withdrawable_when_pool_dry() (gas: 251209)
[PASS] test_reentrant_recipient_is_blocked() (gas: 1501774)
[PASS] test_reimport_frees_a_slot_the_bridge_can_re_extract() (gas: 353092)
[PASS] test_replay_reverts() (gas: 103327)
[PASS] test_reroll_fee_defaults_to_mint_forwards_and_repeats() (gas: 1433798)
[PASS] test_respawn_fee_forwards_and_nonce_monotonic() (gas: 1423020)
[PASS] test_respawn_fee_split_dev_and_vig() (gas: 1439566)
[PASS] test_setMinter_rejects_zero_and_only_owner() (gas: 18880)
[PASS] test_set_gear_cap_only_owner() (gas: 41192)
[PASS] test_signer_rotation_revokes_the_old_key() (gas: 132863)
[PASS] test_stake_accrue_claim() (gas: 187690)
[PASS] test_staking_apy_change_is_not_retroactive() (gas: 177160)
[PASS] test_staking_rejects_zero_and_bad_amounts() (gas: 157271)
[PASS] test_supply_minted_to_safe_once() (gas: 16450)
[PASS] test_sweep_only_owner() (gas: 37937)
[PASS] test_sweep_routes_to_owner_not_recipient() (gas: 1366972)
[PASS] test_tampered_amount_reverts() (gas: 34493)
[PASS] test_unpriced_package_fails_closed() (gas: 1338690)
[PASS] test_vig_recipient_cannot_zero_while_active_but_rotates() (gas: 1338564)
[PASS] test_wrong_fee_reverts() (gas: 1339248)
[PASS] test_wrong_signer_reverts() (gas: 32369)
[PASS] test_zero_fee_and_zero_address_rejected() (gas: 1497778)
[PASS] test_zero_gearId_reverts() (gas: 54992)
[PASS] test_zero_recipient_reverts() (gas: 25050)
Suite result: ok. 54 passed; 0 failed; 0 skipped; finished in 3.32s (3.31s CPU time)

Ran 20 tests for test/market-v2/StabilityV2.t.sol:StabilityV2Test
[PASS] testAcceptedLargeRecoveryIntervalDoesNotOverflowOnSecondObservation() (gas: 4785785)
[PASS] testCannotFinalizeUnconvertedOrCorePosition() (gas: 723496)
[PASS] testCannotReuseObservationOrBypassCooldown() (gas: 492884)
[PASS] testCorrectDownsideAndUpsideRawTickOrientation() (gas: 1047197)
[PASS] testFeeBeneficiaryCannotDrainPrincipalOrOtherCompartment() (gas: 1158498)
[PASS] testFeeRecipientFailureCannotBlockLiquidityExit() (gas: 5483344)
[PASS] testFundingNeverResurrectsEpisodeCapacity() (gas: 837385)
[PASS] testFuzzPrincipalConservationAcrossRealPricePaths(uint96,bool) (runs: 512, μ: 1316388, ~: 1250671)
Logs:
  Bound result 1999999990000006696

[PASS] testHysteresisUsesSeparateActivationAndRecoveryThresholds() (gas: 1134357)
[PASS] testInventoryReversesBeforeActualSettlement() (gas: 1185828)
[PASS] testNoArbitraryUnlockCallbackOrNativeTransfer() (gas: 39890)
[PASS] testPauseAndBrokenOracleDoNotLockExitCollectClaimOrRetire() (gas: 1217795)
[PASS] testPermissionlessFinalizeActuallySettlesConvertedPrincipalAndEarnedFees() (gas: 1047254)
[PASS] testRealPoolManagerCorePositionAndExactCustodyConservation() (gas: 742658)
[PASS] testRecoveryGapResetsWindowAndEmptyWarChestCannotRegenerate() (gas: 575844)
[PASS] testRecoveryRequiresThreeDistinctSpacedObservationsThenFundedPartialRefill() (gas: 767966)
[PASS] testRejectsShallowObservationAndManipulatedSpot() (gas: 396654)
[PASS] testRejectsStaleFutureWrongEpochAndInvalidObservation() (gas: 111535)
[PASS] testTurfExpiryIsPermissionlessAndIndependentOfPausedBrokenOracle() (gas: 849242)
[PASS] testTurfRangeIsFixedGeographyAndSeasonOnlyStopsNewPlacement() (gas: 874788)
Suite result: ok. 20 passed; 0 failed; 0 skipped; finished in 2.77s (2.76s CPU time)

Ran 41 tests for test/OmertaBond.t.sol:OmertaBondTest
[PASS] testFuzz_committed_never_exceeds_balance(uint256,uint256) (runs: 512, μ: 357469, ~: 360332)
Logs:
  Bound result 23698
  Bound result 405

[PASS] testFuzz_mint_rate_never_exceeds_either_ceiling(uint256,uint256,uint256) (runs: 512, μ: 143762, ~: 104534)
Logs:
  Bound result 6923614858998824146533902740
  Bound result 8473383009824133595173816018
  Bound result 176

[PASS] test_an_exact_ten_thousand_split_still_needs_a_vig_recipient() (gas: 124910)
[PASS] test_bond_cannot_mint_without_the_minter_role() (gas: 193388)
[PASS] test_bond_pays_discounted_omr_and_splits_eth() (gas: 377920)
[PASS] test_bond_reverts_bad_signature() (gas: 38620)
[PASS] test_bond_reverts_deadline_too_far() (gas: 372482)
[PASS] test_bond_reverts_discount_over_max() (gas: 31451)
[PASS] test_bond_reverts_expired() (gas: 31811)
[PASS] test_bond_reverts_if_eth_forward_fails() (gas: 297508)
[PASS] test_bond_reverts_not_payer() (gas: 32964)
[PASS] test_bond_reverts_replay() (gas: 363219)
[PASS] test_bond_reverts_vest_too_long_or_zero() (gas: 52709)
[PASS] test_bond_reverts_wrong_value() (gas: 31323)
[PASS] test_claim_reverts_not_owner() (gas: 356925)
[PASS] test_claim_vests_linearly() (gas: 408187)
[PASS] test_daily_cap_blocks_over_budget() (gas: 3052974)
[PASS] test_four_way_split_leaves_no_dust() (gas: 361477)
[PASS] test_only_owner_admin() (gas: 20750)
[PASS] test_oracle_CANNOT_LOOSEN_the_static_ceiling() (gas: 98003)
[PASS] test_oracle_FAILS_CLOSED_when_unset() (gas: 2455683)
[PASS] test_oracle_manipulated_DOWN_only_halts_bonding() (gas: 418276)
[PASS] test_oracle_refuses_a_quote_priced_above_the_market() (gas: 419872)
[PASS] test_oracle_reverting_feed_is_a_clean_refusal() (gas: 95547)
[PASS] test_oracle_revocation_is_a_kill_switch() (gas: 75296)
[PASS] test_oracle_stale_reading_refuses() (gas: 420650)
[PASS] test_oracle_tolerance_is_hard_capped_and_owner_only() (gas: 21825)
[PASS] test_oracle_tolerance_tracks_a_falling_market() (gas: 86372)
[PASS] test_oracle_unset_maxAge_also_fails_closed() (gas: 77565)
[PASS] test_oracle_zero_reading_is_unavailable_not_free() (gas: 78151)
[PASS] test_oracle_zero_tolerance_is_the_literal_accretive_rule() (gas: 92295)
[PASS] test_ownership_is_safe_from_deploy() (gas: 25377)
[PASS] test_pause_blocks_bonding() (gas: 57808)
[PASS] test_rate_ceiling_FAILS_CLOSED_when_unset() (gas: 2884789)
[PASS] test_rate_ceiling_binds_on_the_POST_discount_rate() (gas: 428812)
[PASS] test_reentrant_recipient_is_blocked() (gas: 394094)
[PASS] test_sweepETH_only_owner() (gas: 10414)
[PASS] test_sweepETH_rescues_stray_eth() (gas: 49647)
[PASS] test_sweep_cannot_touch_committed() (gas: 401818)
[PASS] test_the_float_gets_its_own_wallet_not_the_vigs() (gas: 356907)
[PASS] test_zero_daily_cap_allows_two_large_customers_in_the_same_day() (gas: 628910)
Suite result: ok. 41 passed; 0 failed; 0 skipped; finished in 1.10s (1.09s CPU time)

Ran 51 tests for test/OmertaHook.t.sol:OmertaHookTest
[PASS] test_a_bond_flipped_straight_back_through_the_pool_must_lose_money() (gas: 5186)
[PASS] test_a_broken_observer_cannot_stop_a_swap() (gas: 673411)
[PASS] test_a_buy_over_the_cap_is_refused_inside_the_window() (gas: 466519)
[PASS] test_a_buy_under_the_cap_clears_inside_the_window() (gas: 545792)
[PASS] test_a_fee_cannot_be_armed_into_unset_wallets_and_a_sweep_cannot_burn() (gas: 87280)
[PASS] test_a_fee_window_with_the_sell_tax_still_disarmed_does_not_brick_buys() (gas: 626829)
[PASS] test_a_pool_against_an_unapproved_quote_cannot_use_this_hook() (gas: 644740)
[PASS] test_a_pool_shoving_sell_pays_more_than_the_base_and_at_most_the_ceiling() (gas: 311251)
[PASS] test_a_pool_without_omr_cannot_use_this_hook() (gas: 978298)
[PASS] test_a_recipient_that_reverts_cannot_brick_the_pool() (gas: 361388)
[PASS] test_a_small_sell_pays_the_base_rate_even_with_the_surge_armed() (gas: 307765)
[PASS] test_a_surge_armed_before_the_sell_tax_does_not_brick_sells() (gas: 262017)
[PASS] test_a_working_observer_is_poked_after_each_swap_and_pool_opening() (gas: 599690)
[PASS] test_an_exact_input_buy_still_clears_a_fee_only_window() (gas: 666518)
[PASS] test_an_exact_input_sell_pays_in_the_quote_currency() (gas: 268525)
[PASS] test_an_exact_output_buy_is_refused_outright_because_it_dodges_the_cap() (gas: 474721)
[PASS] test_an_exact_output_sell_is_taxed_at_the_same_rate_in_omr() (gas: 287906)
[PASS] test_an_observer_poke_only_accepts_a_pool_this_hook_opened() (gas: 19308)
[PASS] test_arming_a_community_slice_needs_a_community_wallet() (gas: 64057)
[PASS] test_arming_the_window_late_cannot_rearm_an_already_open_pool() (gas: 240880)
[PASS] test_buys_are_free() (gas: 187794)
[PASS] test_changing_global_duration_cannot_extend_a_pool_opening_deadline() (gas: 571624)
[PASS] test_liquidity_launcher_initializer_interface_is_pinned() (gas: 15862)
[PASS] test_only_the_committed_lbp_strategy_can_initialize_an_allowed_pool() (gas: 133629)
[PASS] test_only_the_pool_manager_may_call_the_hooks() (gas: 26621)
[PASS] test_only_the_safe_can_tune_it() (gas: 23654)
[PASS] test_real_hook_and_oracle_close_a_window_without_a_poke_after_every_swap() (gas: 1157309)
[PASS] test_routing_review_flags_are_limited_to_swap_return_deltas() (gas: 3497)
[PASS] test_sells_are_NEVER_refused_by_the_window() (gas: 631006)
[PASS] test_standard_router_swap_requires_no_custom_hook_data() (gas: 337822)
[PASS] test_sweep_pays_the_four_wallets_and_nobody_else() (gas: 324300)
[PASS] test_the_callbacks_it_does_not_implement_refuse_loudly() (gas: 35292)
[PASS] test_the_community_bps_count_against_the_total() (gas: 13421)
[PASS] test_the_deployed_address_carries_exactly_the_permissions_it_implements() (gas: 9749)
[PASS] test_the_fee_is_off_until_the_safe_arms_it() (gas: 172738)
[PASS] test_the_flip_shape_splits_four_ways_and_the_community_eth_reaches_its_own_wallet() (gas: 380589)
[PASS] test_the_four_way_split_leaves_no_dust() (gas: 384919)
[PASS] test_the_hook_does_not_bypass_the_amm_protocol_fee() (gas: 306351)
[PASS] test_the_hook_refuses_to_exist_at_an_address_that_does_not_carry_its_flags() (gas: 71771)
[PASS] test_the_remainder_rule_leaves_no_dust(uint96) (runs: 512, μ: 254148, ~: 254607)
Logs:
  Bound result 27972138252058591

[PASS] test_the_safe_can_never_set_a_confiscatory_rate() (gas: 43406)
[PASS] test_the_surge_ceiling_cannot_exceed_the_anti_rug_cap() (gas: 17018)
[PASS] test_the_surge_never_touches_buys() (gas: 246484)
[PASS] test_the_surge_off_is_byte_for_byte_the_flat_tax() (gas: 249752)
[PASS] test_the_window_expires_by_block_count_with_nobody_acting() (gas: 586254)
[PASS] test_the_window_fee_lives_under_the_anti_rug_cap() (gas: 13222)
[PASS] test_the_window_fee_taxes_buys_and_lands_in_the_book() (gas: 670411)
[PASS] test_the_window_length_is_capped_at_compile_time() (gas: 14044)
[PASS] test_there_is_no_pause_only_an_off_switch() (gas: 163798)
[PASS] test_tick_accumulator_preserves_the_price_path_between_keeper_pokes() (gas: 358713)
[PASS] test_tick_accumulator_refuses_to_invent_an_unopened_pool() (gas: 12159)
Suite result: ok. 51 passed; 0 failed; 0 skipped; finished in 731.94ms (729.10ms CPU time)

Ran 38 tests for test/AcquisitionVaultAccounting.t.sol:AcquisitionVaultAccountingTest
[PASS] test_accountingTotalsUsesExactAUR_LPS_BVDFFieldOrderAndDerivedEquations() (gas: 660964)
[PASS] test_constructorAllowsPredictedAddressForcedPrefundingEvenAboveGlobalCap() (gas: 9941337)
[PASS] test_constructorInitializesExactTask4ScalarsAndRejectsOnlyZeroCap() (gas: 298103)
[PASS] test_exactTask5EnumsAbiCountsMembersConstructorAndStorageAppend() (gas: 589428036)
[PASS] test_noReceiveFallbackOrTask6SurfaceLeaksIntoTask5() (gas: 16148025)
[PASS] test_reclassificationValidationAndDeficitShortfallGatesAreAtomic() (gas: 451372)
[PASS] test_safeReclassificationIsPauseIndependentAndEmitsExactOrderedEvidence() (gas: 372596)
[PASS] test_sourceSequenceExhaustionChecksPrecedeWritesAndFutureCallSurfacesAreAbsent() (gas: 116166875)
[PASS] test_syncAndReclassificationArePauseIndependentAndO1MutationsRemainNonfinancial() (gas: 538427)
[PASS] test_syncAndReclassificationSequenceExhaustionFailBeforeWritesOrLogs() (gas: 389791)
[PASS] test_syncClassifiesForcedSurplusToUnattributedWithExactEvidenceAndNoSpam() (gas: 205579)
[PASS] test_syncCombinedSurplusAndDeficitClearingUsesContiguousDeterministicComponentOrder() (gas: 289861)
[PASS] test_syncCreditsOnlyForcedSurplusAboveExistingBacking() (gas: 324103)
[PASS] test_syncObservationOnlySequenceExhaustionFailsBeforeObservationWrite() (gas: 341926)
[PASS] test_syncObservedDeficitProgressesFourToTwoToZeroThenRejectsDuplicate() (gas: 272127)
[PASS] test_syncRecordsDeficitAndClearingWithoutRewritingBuckets() (gas: 283691)
[PASS] test_task4CapAndAccountingSurfaceExists() (gas: 26997)
[PASS] test_task4UnpauseFailsExactlyActiveIngressMissingAfterAccountingPredicates() (gas: 408167)
[PASS] test_task5ActivePendingRotationDisablePreservesPending() (gas: 1001280)
[PASS] test_task5CanonicalDepositExactFinalLogAndGlobalOrder() (gas: 822742)
[PASS] test_task5CanonicalDepositRepairsLiveDeficitBeforeCrediting() (gas: 1079104)
[PASS] test_task5CodeChecksAreLiveWhileCancelExpireAndDisableIgnoreDrift() (gas: 591672)
[PASS] test_task5ConfigProposalAndDepositIdsBindEveryFieldAndGeneration() (gas: 1402223)
[PASS] test_task5DanglingActivePointerDisablesAsNoActiveIngress() (gas: 154312)
[PASS] test_task5DepositReplayCapsGettersAndPayableRollback() (gas: 861944)
[PASS] test_task5EveryCapBoundaryUtcRolloverGenerationResetAndGlobalPersistence() (gas: 3402024)
[PASS] test_task5GlobalCapMinusOneExactAndPlusOneWithRollback() (gas: 1536370)
[PASS] test_task5IngressAndDepositMissingGettersAreExact() (gas: 50468)
[PASS] test_task5IngressLifecycleSurfaceExists() (gas: 444117)
[PASS] test_task5InjectedPriorAboveCapPanicsAndFullValueCapsEvenWhenRepairing() (gas: 1250869)
[PASS] test_task5LifecycleDelayHalfOpenExpiryAndDriftLiveness() (gas: 691128)
[PASS] test_task5NonzeroSourceWithZeroValueUsesInvalidAmount() (gas: 525448)
[PASS] test_task5OwnershipHandoffPreservesCompleteIngressAccountingAndCancelsOnlyOperatorNomination() (gas: 1698215)
[PASS] test_task5ProposalGenerationAndDepositSequenceExhaustionAreAtomic() (gas: 1086408)
[PASS] test_task5ReadinessRoleCollisionPrecedesSimultaneousBalanceDeficit() (gas: 818845)
[PASS] test_task5ReciprocalRolesAreRecheckedAtProposeActivateAndDeposit() (gas: 602500)
[PASS] test_task5TimestampSeamProposalActivationDisableAndDepositBoundaries() (gas: 10526235)
[PASS] test_task5ZeroRuntimeHashUsesInvalidConfigPartition() (gas: 162445)
Suite result: ok. 38 passed; 0 failed; 0 skipped; finished in 6.31s (6.29s CPU time)

Ran 6 tests for test/GenesisProceedsSplitter.t.sol:GenesisProceedsSplitterTest
[PASS] test_failed_migration_recovery_returns_all_eth_to_treasury() (gas: 62841)
[PASS] test_failure_recovery_closes_permanently_after_pool_initialization() (gas: 54158)
[PASS] test_no_empty_distribution_or_recovery_call_succeeds() (gas: 82026)
[PASS] test_omr_dust_and_failed_lp_reserves_return_only_to_treasury() (gas: 63399)
[PASS] test_residual_cannot_be_paid_as_revenue_before_the_pool_exists() (gas: 17706)
[PASS] test_successful_residual_reproduces_the_original_non_lp_split_without_dust() (gas: 166240)
Suite result: ok. 6 passed; 0 failed; 0 skipped; finished in 7.32ms (2.39ms CPU time)

Ran 16 tests for test/SettlementGasPoolConfig.t.sol:SettlementGasPoolConfigTest
[PASS] test_config_cannot_execute_before_exact_48_hour_boundary() (gas: 203892)
[PASS] test_config_changes_do_not_mutate_existing_credits_or_liabilities() (gas: 349084)
[PASS] test_config_executes_at_48_hours_and_expires_after_7_day_window() (gas: 363725)
[PASS] test_config_proposal_binds_current_and_next_config_reason_and_times() (gas: 218205)
[PASS] test_config_proposal_can_be_cancelled_only_by_owner() (gas: 196512)
[PASS] test_data_fee_is_capped_inside_per_settlement_cap_at_boundary() (gas: 516686)
[PASS] test_data_source_cannot_reenter_credit_or_withdraw_through_staticcall() (gas: 11164763)
[PASS] test_data_source_entry_gas_budget_preserves_canonical_preview_and_record() (gas: 520292)
[PASS] test_execute_rechecks_source_code_hash() (gas: 331712)
[PASS] test_immediate_cap_reduction_cancels_live_config_proposal() (gas: 202092)
[PASS] test_noop_or_decrease_only_proposal_is_rejected() (gas: 56717)
[PASS] test_only_one_live_config_proposal_exists() (gas: 340153)
[PASS] test_reverting_malformed_or_drifted_source_returns_zero_fee_without_reverting_credit() (gas: 7501996)
[PASS] test_reviewed_source_fee_is_capped_and_added_to_verified_cost() (gas: 507985)
[PASS] test_runtime_code_hash_drift_alone_forces_valid_nonzero_source_fee_to_zero() (gas: 405016)
[PASS] test_source_requires_contract_exact_runtime_hash_and_positive_data_cap() (gas: 481527)
Suite result: ok. 16 passed; 0 failed; 0 skipped; finished in 11.21ms (8.62ms CPU time)

Ran 27 tests for test/SettlementGasPoolCore.t.sol:SettlementGasPoolCoreTest
[PASS] testFuzz_record_never_exceeds_cap_or_unreserved(uint256,uint256) (runs: 512, μ: 155068, ~: 156328)
Logs:
  Bound result 597879718

[PASS] test_constructor_starts_paused_and_pins_authority() (gas: 501521)
[PASS] test_contribution_creates_no_sponsor_balance_or_refund_right() (gas: 43635)
[PASS] test_credit_formula_caps_priority_fee_and_adds_fixed_overhead() (gas: 166366)
[PASS] test_credit_formula_uses_lower_actual_transaction_gas_price() (gas: 157867)
[PASS] test_distinct_victim_nonce_has_a_distinct_key() (gas: 99542)
[PASS] test_empty_pool_processes_zero_credit_without_reverting() (gas: 74722)
[PASS] test_forced_eth_creates_unreserved_balance_but_no_sponsor_or_executor_right() (gas: 67846)
[PASS] test_insufficient_unreserved_balance_records_partial_credit() (gas: 151428)
[PASS] test_max_measured_gas_and_max_fee_caps_saturate_without_overflow() (gas: 3146970)
[PASS] test_only_immutable_vault_can_record_and_executor_must_be_nonzero() (gas: 24278)
[PASS] test_owner_cannot_sweep_redirect_or_manually_create_credit() (gas: 173515)
[PASS] test_pause_requires_reason_and_reduction_cannot_increase_any_cap() (gas: 71097)
[PASS] test_paused_pool_processes_zero_credit_and_cannot_backfill_after_unpause() (gas: 85854)
[PASS] test_per_settlement_cap_limits_verified_cost() (gas: 148491)
[PASS] test_receive_and_contribute_reject_zero_and_fallback_rejects_calldata() (gas: 40244)
[PASS] test_reentrant_executor_cannot_double_withdraw() (gas: 434019)
[PASS] test_renounce_ownership_is_disabled_and_transfer_is_two_step() (gas: 38150)
[PASS] test_reverting_executor_keeps_exact_credit() (gas: 396477)
[PASS] test_same_event_victim_nonce_key_cannot_be_processed_twice() (gas: 147912)
[PASS] test_settlement_key_binds_supported_chain_vault_event_victim_and_nonce() (gas: 11327)
[PASS] test_two_distinct_victims_with_same_nonce_do_not_collide() (gas: 190210)
[PASS] test_unpause_requires_reason_and_solvency() (gas: 160248)
[PASS] test_withdraw_pays_only_callers_full_credit_and_updates_exact_totals() (gas: 230511)
[PASS] test_withdraw_remains_live_while_paused() (gas: 175325)
[PASS] test_zero_cap_processes_terminal_zero_and_cannot_backfill() (gas: 109258)
[PASS] test_zero_credit_key_is_terminal_across_pause_fund_and_unpause() (gas: 96337)
Suite result: ok. 27 passed; 0 failed; 0 skipped; finished in 295.47ms (294.08ms CPU time)

Ran 19 tests for test/RwaStockMachine.t.sol:RwaStockMachineTest
[PASS] test_a_published_ballot_cannot_silently_follow_a_later_token_rotation() (gas: 621670)
[PASS] test_adapter_and_quote_oracle_must_have_bytecode() (gas: 1367508)
[PASS] test_ballot_refuses_strangers_future_days_and_inactive_assets() (gas: 33136)
[PASS] test_buy_is_one_shot_and_fails_closed_if_asset_is_later_disabled() (gas: 366085)
[PASS] test_buyer_is_paused_at_birth() (gas: 1402628)
[PASS] test_buyer_registry_and_stock_vault_must_have_bytecode() (gas: 190798)
[PASS] test_buyer_resolves_the_ballot_token_and_delivers_it_to_stock_vault() (gas: 349799)
[PASS] test_constructor_rejects_an_unbounded_daily_budget() (gas: 102152)
[PASS] test_incomplete_configuration_cannot_be_unpaused() (gas: 1357171)
[PASS] test_keeper_cannot_choose_an_older_closed_ballot() (gas: 148080)
[PASS] test_keeper_cannot_weaken_the_independent_quote_floor() (gas: 377029)
[PASS] test_keeper_is_bounded_by_pause_balance_and_daily_cap() (gas: 418984)
[PASS] test_live_dependencies_cannot_be_rotated() (gas: 393961)
[PASS] test_only_safe_can_configure_and_disabling_the_oracle_blocks_reactivation() (gas: 55128)
[PASS] test_only_safe_can_curate_and_registry_rejects_ambiguous_identity() (gas: 33512)
[PASS] test_publisher_commits_one_active_family_result_per_day() (gas: 121533)
[PASS] test_registry_rejects_a_token_address_without_bytecode() (gas: 18201)
[PASS] test_safe_curates_an_enumerable_canonical_catalog() (gas: 35201)
[PASS] test_slippage_failure_rolls_back_latch_and_spend() (gas: 348806)
Suite result: ok. 19 passed; 0 failed; 0 skipped; finished in 25.39ms (13.68ms CPU time)

Ran 2 tests for test/audit/RwaStockMachineRedTeam.t.sol:RwaStockMachineRedTeamTest
[PASS] test_control_fair_min_units_reverts_the_same_manipulated_fill() (gas: 185513)
[PASS] test_regression_keeper_cannot_weaken_min_units_and_lose_the_daily_eth_cap() (gas: 185484)
Suite result: ok. 2 passed; 0 failed; 0 skipped; finished in 18.38ms (13.29ms CPU time)

Ran 26 tests for test/StreetDeed.t.sol:StreetDeedTest
[PASS] test_a_fresh_deed_is_locked_by_default_and_cannot_transfer() (gas: 207820)
[PASS] test_a_name_can_be_minted_at_most_once() (gas: 243612)
[PASS] test_an_approved_operator_cannot_unlock() (gas: 231367)
[PASS] test_bad_signature_reverts() (gas: 33589)
[PASS] test_claim_mints_the_named_deed_to_the_recipient() (gas: 210959)
[PASS] test_daily_cap_bounds_mints_per_day() (gas: 451761)
[PASS] test_deadline_too_far_reverts() (gas: 25726)
[PASS] test_empty_name_reverts() (gas: 25983)
[PASS] test_expired_voucher_reverts() (gas: 25587)
[PASS] test_only_owner_admin() (gas: 23451)
[PASS] test_pause_blocks_claim_but_not_redeem() (gas: 198291)
[PASS] test_redeem_burns_the_deed_for_its_holder_and_emits() (gas: 169056)
[PASS] test_redeem_is_never_blocked_by_the_lock() (gas: 168765)
[PASS] test_redeem_of_a_nonexistent_token_reverts() (gas: 13204)
[PASS] test_redeem_reverts_for_a_non_holder() (gas: 205232)
[PASS] test_replay_is_rejected() (gas: 206178)
[PASS] test_setSigner_zero_reverts() (gas: 13523)
[PASS] test_the_cap_is_constructor_bound_and_holds_with_no_setter_call() (gas: 2993861)
[PASS] test_the_owner_unlocks_then_the_transfer_works_and_it_relocks_on_arrival() (gas: 225878)
[PASS] test_the_same_street_re_extracts_to_the_same_id_after_a_burn() (gas: 265052)
[PASS] test_there_is_no_owner_mint_path() (gas: 200783)
[PASS] test_tokenId_is_the_keccak_of_the_name() (gas: 9250)
[PASS] test_tokenURI_assembles_the_identity_on_chain() (gas: 322710)
[PASS] test_tokenURI_escapes_a_quote_in_the_name() (gas: 314820)
[PASS] test_tokenURI_of_a_nonexistent_token_reverts() (gas: 12624)
[PASS] test_zero_recipient_reverts() (gas: 23658)
Suite result: ok. 26 passed; 0 failed; 0 skipped; finished in 39.81ms (38.60ms CPU time)

Ran 4 tests for test/TestnetBankDependencies.t.sol:TestnetBankDependenciesTest
[PASS] test_asset_has_no_post_deployment_mint_surface() (gas: 496020)
[PASS] test_dependencies_refuse_non_robinhood_testnet_chains() (gas: 664869)
[PASS] test_deploys_fixed_supply_six_decimal_asset_to_safe() (gas: 502361)
[PASS] test_vault_is_a_working_erc4626_for_the_test_asset() (gas: 1584204)
Suite result: ok. 4 passed; 0 failed; 0 skipped; finished in 1.33ms (981.40µs CPU time)

Ran 5 tests for test/TestnetTwapDependencies.t.sol:TestnetTwapDependenciesTest
[PASS] test_dependencies_refuse_non_robinhood_testnet_chains() (gas: 131425)
[PASS] test_pair_has_no_reserve_mutation_surface() (gas: 142638)
[PASS] test_pair_sorts_tokens_and_encodes_exactly_5000_omr_per_eth() (gas: 140654)
[PASS] test_virtual_pair_drives_a_real_oracle_after_one_full_window() (gas: 1984137)
[PASS] test_virtual_weth_is_fixed_supply_to_the_safe_and_has_no_mint_surface() (gas: 506149)
Suite result: ok. 5 passed; 0 failed; 0 skipped; finished in 2.36ms (2.04ms CPU time)

Ran 3 tests for test/audit/TransmuterFundingRedTeam.t.sol:TransmuterFundingRedTeamTest
[PASS] test_deposit_requires_a_nonzero_caller_share_floor() (gas: 5892027)
[PASS] test_regression_deposit_cannot_record_more_than_the_escrow_received() (gas: 6546980)
[PASS] test_regression_funding_cannot_overstate_fee_on_transfer_reserves() (gas: 2625980)
Suite result: ok. 3 passed; 0 failed; 0 skipped; finished in 1.87ms (1.38ms CPU time)

Ran 37 tests for test/AcquisitionConstellationTask3B.t.sol:AcquisitionConstellationTask3BTest
[PASS] test_task3B_01a_optimizedIrHasNoDynamicReturndataCopy() (gas: 364687688)
[PASS] test_task3B_01b_exactFunctionAbiAndTupleNames() (gas: 687923785)
[PASS] test_task3B_01c_exactErrorAbiAndNames() (gas: 693852704)
[PASS] test_task3B_01d_exactEventAbiIndexingAndNames() (gas: 133053517)
[PASS] test_task3B_01e_exactConstructorAbiAndNames() (gas: 28508628)
[PASS] test_task3B_01f_runtimeConstantsRegistryAndForbiddenSurface() (gas: 109146)
[PASS] test_task3B_02_exactLinearStorageAndMappingRootsNineThroughEleven() (gas: 104205299)
[PASS] test_task3B_03_finalizedStatePrecedesOneSharedReentrancyGuardForAllMutators() (gas: 822611)
[PASS] test_task3B_04_syncExactEquationsV2IdsComponentsAndDeficitProgression() (gas: 235051)
[PASS] test_task3B_05_reclassificationLiveSafeGatesEquationsAndExactEvidence() (gas: 352180)
[PASS] test_task3B_06_reclassificationDeficitShortfallAndSequenceGatesAreAtomic() (gas: 469169)
[PASS] test_task3B_07_authoritySnapshotBoundedFailuresSemanticsAndAtomicity() (gas: 7474211)
[PASS] test_task3B_07a_activeIngressConsistencyPrecedesDirtyPendingIngress() (gas: 279795)
[PASS] test_task3B_07b_activeConfigConsistencyPrecedesDirtyPendingIngress() (gas: 279139)
[PASS] test_task3B_08_ingressReadBoundedFailuresEverySemanticOrdinalAndAtomicity() (gas: 3003851)
[PASS] test_task3B_09_depositAuthorizationConfigCodeAndLocalPrecedence() (gas: 624628)
[PASS] test_task3B_10_depositEveryCapBoundaryUtcGenerationResetAndGlobalPersistence() (gas: 3140519)
[PASS] test_task3B_11_depositDeficitRepairFullValueCapsRecordV2IdsAndEventOrder() (gas: 1349593)
[PASS] test_task3B_12_replayDomainSeparationMissingRecordAndFullRollback() (gas: 1193356)
[PASS] test_task3B_13_timestampAndAllSequenceExhaustionEdgesPrecedeWrites() (gas: 651623)
[PASS] test_task3B_14_priorAboveCapPanicsAndIncomingValueFullyRollsBack() (gas: 515818)
[PASS] test_task3B_15_passiveKnownUnknownTokenPrefundingNeverCallsOrCreatesStockState() (gas: 18983981)
[PASS] test_task3B_16_liveIngressRotationDisableAndCodeIdentityHaveNoCoreMirrors() (gas: 935293)
[PASS] test_task3B_17_combinedSurplusAndObservationUsesExactContiguousEvidence() (gas: 166238)
[PASS] test_task3B_18_arbitraryAccountingEquationsAndCheckedArithmeticPanics() (gas: 34108)
[PASS] test_task3B_19_deficitObservationProgressesFourToTwoToZeroWithZeroComponent() (gas: 130554)
[PASS] test_task3B_20_pauseTrueReclassificationMovesNoEthAndNoDeltaPrecedesExhaustion() (gas: 234386)
[PASS] test_task3B_21_exactDeficitRepairClearsWithoutAvailableInflation() (gas: 486308)
[PASS] test_task3B_22_allTwelveProhibitedIngressIdentitiesAndCodeBeforeCollision() (gas: 1661185)
[PASS] test_task3B_23_postMutationCoreSnapshotIsExactEighteenWordState() (gas: 563909)
[PASS] test_task3B_24_realFactoryAuthorityLifecycleImmediatelyDrivesCoreWithoutMirrors() (gas: 18838682)
[PASS] test_task3B_25_depositReadAndLocalAdjacentPrecedenceUsesExactPayloads() (gas: 1314672)
[PASS] test_task3B_26_compoundCapOrderAndCounterPrecedenceAreExact() (gas: 513340)
[PASS] test_task3B_27_reclassificationAdjacentPrecedenceIsExact() (gas: 884235)
[PASS] test_task3B_28_attemptedTotalOverflowPanicsAndRollsBackEveryTouchedRoot() (gas: 3552042)
[PASS] test_task3B_29_successfulDepositUsesFrozenBusinessStorageWriteOrder() (gas: 509191)
[PASS] test_task3B_30_sequenceExhaustionPrecedesInvalidPreTotalsAndFullyRollsBack() (gas: 193598)
Suite result: ok. 37 passed; 0 failed; 0 skipped; finished in 15.51s (15.63s CPU time)

Ran 16 tests for test/SettlementGasPoolMigration.t.sol:SettlementGasPoolMigrationTest
[PASS] test_direct_contribution_reverts_after_retirement_but_forced_eth_can_be_migrated() (gas: 3472122)
[PASS] test_execute_rechecks_successor_codehash_and_identity() (gas: 3883357)
[PASS] test_execution_moves_exact_unreserved_amount_and_preserves_old_liability() (gas: 6427300)
[PASS] test_first_execution_latches_successor_retires_and_pauses_old_pool() (gas: 6503025)
[PASS] test_later_partial_migration_can_only_target_latched_successor() (gas: 6488464)
[PASS] test_migration_can_be_cancelled_only_by_owner() (gas: 3244470)
[PASS] test_migration_cannot_execute_before_48_hours_and_expires_after_window() (gas: 3259797)
[PASS] test_migration_never_reduces_old_balance_below_old_outstanding() (gas: 6422028)
[PASS] test_migration_proposal_binds_successor_codehash_amount_reason_and_times() (gas: 3245704)
[PASS] test_migration_reentrancy_or_failed_successor_receipt_reverts_atomically() (gas: 740012)
[PASS] test_migration_rejects_eoa_wrong_chain_wrong_vault_wrong_predecessor_wrong_owner_or_version() (gas: 2960676)
[PASS] test_migration_rejects_zero_amount_or_amount_above_unreserved() (gas: 3372437)
[PASS] test_old_executor_withdraws_full_credit_after_retirement() (gas: 6444646)
[PASS] test_retired_pool_processes_new_key_as_zero_retired_and_never_backfills() (gas: 3333225)
[PASS] test_successor_accepts_migration_only_from_exact_predecessor() (gas: 3085933)
[PASS] test_successor_receipt_callback_cannot_reenter_and_migration_is_atomic() (gas: 3945115)
Suite result: ok. 16 passed; 0 failed; 0 skipped; finished in 24.10ms (18.06ms CPU time)

Ran 1 test for test/market-v2/SolverHashV2.t.sol:SolverHashV2Test
[PASS] test_javascript_reveal_hash_matches_actual_solidity_plan_domain() (gas: 1190583)
Suite result: ok. 1 passed; 0 failed; 0 skipped; finished in 3.70ms (369.50µs CPU time)

Ran 3 tests for test/market-v2/ReserveFundingV2.t.sol:ReserveFundingV2Test
[PASS] testFundingBindingIsOwnerOnlyOneTimeAndChecksSafe() (gas: 5176212)
[PASS] testFundingCanAccumulateBeforeBindingAndFlushWhileStrategyPaused() (gas: 925561)
[PASS] testReserveFlushConservesActualAssetsAndCannotResetCapacity() (gas: 456299)
Suite result: ok. 3 passed; 0 failed; 0 skipped; finished in 8.71ms (3.07ms CPU time)

Ran 2 tests for test/RwaHealthIdentityVectors.t.sol:RwaHealthIdentityVectorsTest
[PASS] test_endToEndHealthyFrozenVector() (gas: 11552)
[PASS] test_lowLevelFrozenVector() (gas: 14179)
Suite result: ok. 2 passed; 0 failed; 0 skipped; finished in 488.50µs (263.50µs CPU time)

Ran 1 test for test/RwaHealthOverlay.t.sol:RwaHealthOverlayCrossLanguageVectorTest
[PASS] test_frozenJavascriptSolidityVector() (gas: 875621)
Suite result: ok. 1 passed; 0 failed; 0 skipped; finished in 3.00ms (334.80µs CPU time)

Ran 16 tests for test/market-v2/OmertaHookV2.t.sol:OmertaHookV2Test
[PASS] testFuzz_allFeesAreCoveredAndNeverExceedTenPercent(uint96,bool) (runs: 512, μ: 367752, ~: 363477)
Logs:
  Bound result 49999999999000006696

[PASS] test_buyCannotEraseRecentSellPressure() (gas: 681283)
[PASS] test_callbacksRequireManager() (gas: 16592)
[PASS] test_exactOutputSellPaysOMRBasedOnActualInput() (gas: 403405)
[PASS] test_idleGapSynthesizesNewestFullEpochWithoutRepeatingOldVolume() (gas: 463312)
[PASS] test_liquidityChangesAccrueOldDepthBeforeAdoptingNewDepth() (gas: 244231)
[PASS] test_onlyRecipientCanRedirectOwnClaim() (gas: 385864)
[PASS] test_openingCapUsesFilledQuoteNotRequestedInput() (gas: 286625)
[PASS] test_openingExpiresWithoutAnAdminCall() (gas: 365401)
[PASS] test_openingSupportsExactOutputAndCapsActualQuoteIncludingFee() (gas: 508892)
[PASS] test_partialFillTaxUsesActualAmountsForBothSellModes() (gas: 642785)
[PASS] test_permissionsContainOnlyImplementedCallbacks() (gas: 12564)
[PASS] test_poolIdentityIsPinned() (gas: 22306)
[PASS] test_postOpeningBuysAreFreeInBothModes() (gas: 300142)
[PASS] test_recipientFailureCannotBlockSwapsOrOtherPayments() (gas: 483652)
[PASS] test_sellsKeepBaseAllocationAndIsolateSurge() (gas: 370139)
Suite result: ok. 16 passed; 0 failed; 0 skipped; finished in 862.89ms (859.87ms CPU time)

Ran 18 tests for test/GenesisWalletCap.t.sol:GenesisWalletCapTest
[PASS] testCannotBidForAnotherWalletOrRotateRecipient() (gas: 82433)
[PASS] testChangedAuctionRuntimeRejected() (gas: 22242)
[PASS] testChangedControllerRuntimeRejected() (gas: 17831)
[PASS] testChangedPriceAndHookDataDoNotResetAllowance() (gas: 75931)
[PASS] testConstructorRejectsEOAOrAlreadyBoundController() (gas: 81702)
[PASS] testDirectCallerCannotBurnVictimAllowance() (gas: 20016)
[PASS] testDownstreamRevertRollsBackCommitment() (gas: 134763)
[PASS] testExitDoesNotResetAllowance() (gas: 74496)
[PASS] testForeignAuctionCannotBurnAllowance() (gas: 244526)
[PASS] testFuzzSplitCommitment(uint128,uint128) (runs: 512, μ: 85571, ~: 85515)
Logs:
  Bound result 469
  Bound result 3858

[PASS] testInterfaceDiscovery() (gas: 11178)
[PASS] testOversizedFirstBidLeavesAllowanceIntact() (gas: 37693)
[PASS] testSmartWalletCanBidForItself() (gas: 179776)
[PASS] testSplitBidsExactlyPoint28EthThenOneWeiRejected() (gas: 89906)
[PASS] testUnboundAuctionFailsClosed() (gas: 725601)
[PASS] testVictimCannotBeGriefedThroughAuction() (gas: 33548)
[PASS] testWalletsAreIndependent() (gas: 104439)
[PASS] testZeroAmountAndRecipientRejected() (gas: 37619)
Suite result: ok. 18 passed; 0 failed; 0 skipped; finished in 257.60ms (256.86ms CPU time)

Ran 2 tests for test/market-v2/IntegrationV2.t.sol:MarketIntegrationV2Test
[PASS] testRealFinalizedHookObservationFundsControllerAndStaleReadStopsNewRisk() (gas: 6443322)
[PASS] testRealV2CanonicalSellArbitragePaysTaxAndOnlySharesRealizedProfit() (gas: 1882228)
Suite result: ok. 2 passed; 0 failed; 0 skipped; finished in 9.29ms (2.95ms CPU time)

Ran 22 tests for test/StockTokenRegistryV2.t.sol:StockTokenRegistryV2Test
[PASS] test_activationAtomicallyDeactivatesDistinctTickerTokenAndProviderConflicts() (gas: 1950156)
[PASS] test_activationUsesExactSevenDayTtlAndStrictExpiryBoundary() (gas: 386184)
[PASS] test_adversarialDecimalsResponsesRevertWithoutAnyRegistryWrite() (gas: 339277)
[PASS] test_assetVersionKeyBindsChainTickerTokenAndProvider() (gas: 20476)
[PASS] test_authorizationBoundaries() (gas: 364460)
[PASS] test_ballotSnapshotsExactVersionAndNeverRedirects() (gas: 776367)
[PASS] test_constructorPinsChainOwnerPublisherAndEmptyCatalog() (gas: 26037)
[PASS] test_deactivationRequiresReasonClearsHeadsAndPreservesHistory() (gas: 315452)
[PASS] test_eachSingleIdentityChangeCreatesLiteralDistinctHistoryAndCorrectHeads() (gas: 1078936)
[PASS] test_emptyCatalogIsRepresentableAndCannotPublishBallot() (gas: 43045)
[PASS] test_firstActivationRegistersOneImmutableEnumerableVersion() (gas: 373236)
[PASS] test_postPublicationSameKeyReactivationNeverRevivesBallot() (gas: 553463)
[PASS] test_prePublicationSameKeyReactivationAfterCloseIsIneligible() (gas: 399515)
[PASS] test_privilegedRolesRemainSeparatedAcrossTwoStepOwnership() (gas: 396024)
[PASS] test_publisherCanPublishOnlyPriorDayOnceAndOnlyActiveVersion() (gas: 526027)
[PASS] test_reactivationReusesHistoryAndRejectsImmutableFieldChanges() (gas: 375372)
[PASS] test_rejectsInvalidIdentityEvidenceNameAndDecimals() (gas: 100592)
[PASS] test_rejectsMalformedTickers() (gas: 77710)
[PASS] test_setPublisherEmitsCompleteEvent() (gas: 23527)
[PASS] test_tokenDecimalsAreReadOnFirstRegistrationOnly() (gas: 855404)
[PASS] test_twoStepOwnershipAndZeroPublisherDisablePublication() (gas: 48647)
[PASS] test_versionActivatedAtExactDayCloseCannotPublish() (gas: 358423)
Suite result: ok. 22 passed; 0 failed; 0 skipped; finished in 27.57ms (26.25ms CPU time)

Ran 21 tests for test/OmrTwapOracle.t.sol:OmrTwapOracleTest
[PASS] testFuzz_price_decode_survives_extremes(uint112) (runs: 512, μ: 1082637, ~: 1082905)
Logs:
  Bound result 19627637716568457183

[PASS] test_F2_a_past_spike_can_no_longer_contaminate_a_long_window() (gas: 109883)
[PASS] test_F2_recovery_is_one_honest_window() (gas: 81606)
[PASS] test_F2_the_boundary_is_inclusive_so_a_normal_late_poke_still_works() (gas: 80999)
[PASS] test_F2_the_very_first_poke_is_bounded_too() (gas: 58456)
[PASS] test_a_spike_inside_the_window_is_averaged_not_adopted() (gas: 128921)
[PASS] test_a_sustained_move_IS_adopted() (gas: 141170)
[PASS] test_closes_a_window_and_reports_the_average() (gas: 74162)
[PASS] test_constructor_rejects_OMR_as_its_own_counterasset() (gas: 936518)
[PASS] test_constructor_rejects_a_pair_that_is_not_an_OMR_pair() (gas: 358896)
[PASS] test_constructor_rejects_a_pair_the_expected_factory_did_not_create() (gas: 1359277)
[PASS] test_constructor_rejects_an_OMR_pair_against_the_wrong_counterasset() (gas: 1842724)
[PASS] test_constructor_rejects_non_18_decimal_market_assets() (gas: 1404043)
[PASS] test_counterfactual_accrual_covers_an_idle_pool() (gas: 73497)
[PASS] test_empty_reserves_revert_rather_than_divide_by_zero() (gas: 385590)
[PASS] test_period_floor_is_enforced_at_construction() (gas: 74523)
[PASS] test_reads_the_right_side_of_the_pair() (gas: 8617)
[PASS] test_reversed_pair_ordering_is_detected_not_trusted() (gas: 1079496)
[PASS] test_unavailable_before_the_first_closed_window() (gas: 13120)
[PASS] test_update_is_permissionless() (gas: 74865)
[PASS] test_update_refuses_before_the_period_elapses() (gas: 22232)
Suite result: ok. 21 passed; 0 failed; 0 skipped; finished in 336.22ms (335.39ms CPU time)

Ran 25 tests for test/OmrV4TwapOracle.t.sol:OmrV4TwapOracleTest
[PASS] testFuzz_no_prepool_or_prebaseline_time_qualifies(uint64,uint32,int24,bool) (runs: 512, μ: 1185788, ~: 1185762)
Logs:
  Bound result 11603181
  Bound result 241
  Bound result 21457

[PASS] testFuzz_tick_conversion_matches_the_independent_fixed_point_price(int24) (runs: 512, μ: 83387, ~: 83358)
Logs:
  Bound result 0

[PASS] test_a_short_spike_is_averaged_not_adopted() (gas: 78907)
[PASS] test_an_extreme_sub_wei_price_invalidates_instead_of_republishing_old_data() (gas: 63165)
[PASS] test_bootstrap_deploys_before_pool_initialization_and_has_no_quote() (gas: 1048169)
[PASS] test_bootstrap_discards_checkpointed_history_at_source_elapsed_wrap_observe() (gas: 1186029)
Logs:
  Bound result 4294967295
  Bound result 960
  Bound result 25

[PASS] test_bootstrap_discards_checkpointed_history_at_source_elapsed_wrap_update() (gas: 1184555)
Logs:
  Bound result 4294967295
  Bound result 960
  Bound result 25

[PASS] test_constructor_rejects_short_period_unsupported_source_and_bad_decimals() (gas: 660293)
[PASS] test_deferred_baseline_at_uint32_zero_remains_initialized() (gas: 1163346)
[PASS] test_deferred_baseline_window_crosses_timestamp_wrap() (gas: 1158794)
[PASS] test_deferred_bootstrap_retains_overlong_reset_and_honest_recovery() (gas: 1170654)
[PASS] test_direct_update_refuses_to_close_a_short_window() (gas: 19741)
[PASS] test_first_initialized_observe_seeds_without_quote() (gas: 1168183)
[PASS] test_first_initialized_update_discards_all_prebaseline_time() (gas: 1171606)
[PASS] test_initialized_constructor_at_timestamp_zero_does_not_reseed() (gas: 1155848)
[PASS] test_negative_fractional_mean_tick_rounds_toward_negative_infinity() (gas: 81150)
[PASS] test_observer_notifications_noop_early_then_close_the_window() (gas: 84499)
[PASS] test_only_the_exact_source_and_pool_may_use_the_observer_entry() (gas: 21967)
[PASS] test_overlong_window_is_discarded_and_recovers_after_one_honest_window() (gas: 103205)
[PASS] test_pins_the_native_pool_and_starts_unavailable() (gas: 37341)
[PASS] test_sustained_tick_is_converted_to_omr_per_eth() (gas: 77816)
[PASS] test_tick_zero_closes_at_one_omr_per_eth() (gas: 72756)
[PASS] test_timestamp_wrap_preserves_the_elapsed_window() (gas: 1154059)
[PASS] test_uninitialized_identity_cannot_adopt_another_open_pool() (gas: 825080)
[PASS] test_uninitialized_update_reverts_observe_noops_and_identity_is_still_enforced() (gas: 1054323)
Suite result: ok. 25 passed; 0 failed; 0 skipped; finished in 814.22ms (813.18ms CPU time)

Ran 14 tests for test/market-v2/TurfV2.t.sol:TurfV2Test
[PASS] testFuzz_syndicate_and_siege_rounding_conserve_all_assets(uint96,uint96,uint16) (runs: 512, μ: 791732, ~: 798203)
Logs:
  Bound result 44024079551982515
  Bound result 9066924629875777
  Bound result 1588

[PASS] test_adapter_expiry_ignores_failed_oracle_and_direct_bypass_is_rejected() (gas: 561952)
[PASS] test_conquest_preserves_historical_earned_fees() (gas: 422787)
[PASS] test_corridors_require_touching_matching_ownership_and_status_is_bounded() (gas: 169341)
[PASS] test_duplicate_source_and_post_start_binding_are_rejected() (gas: 535659)
[PASS] test_expired_siege_final_batch_uses_frozen_treasury_then_future_batch_uses_rotation() (gas: 563088)
[PASS] test_failed_recipient_reverts_claim_without_losing_entitlement() (gas: 343796)
[PASS] test_late_deposit_expires_siege_without_stranding_escrow() (gas: 490844)
[PASS] test_owner_cannot_override_season_ranges_after_start() (gas: 43913)
[PASS] test_replayed_settlement_rejected_even_with_fresh_revision() (gas: 96223)
[PASS] test_siege_freezes_recipient_and_victory_split_then_assigns_future_fees() (gas: 603345)
[PASS] test_source_lane_cannot_relabel_other_turf_or_season() (gas: 72035)
[PASS] test_treasury_change_is_prospective_and_nonce_checked() (gas: 348799)
[PASS] test_wrong_epoch_future_time_and_stale_observation_rejected() (gas: 99025)
Suite result: ok. 14 passed; 0 failed; 0 skipped; finished in 1.89s (1.89s CPU time)

Ran 19 tests for test/StockVault.t.sol:StockVaultTest
[PASS] testFuzz_delivery_conserves_units_never_mints(uint256,uint256) (runs: 512, μ: 150572, ~: 150676)
Logs:
  Bound result 23313
  Bound result 415696214317599868059647

[PASS] test_an_explicit_zero_still_means_unlimited() (gas: 2191596)
[PASS] test_an_unconfigured_ticker_inherits_the_default_cap() (gas: 2211347)
[PASS] test_authorization_binds_units_signer_and_deadline() (gas: 108313)
[PASS] test_default_cap_is_safe_settable_and_evented() (gas: 46706)
[PASS] test_deliverBatch_length_mismatch_reverts() (gas: 25405)
[PASS] test_deliverBatch_one_bad_item_reverts_the_whole_batch() (gas: 103695)
[PASS] test_deliverBatch_pushes_to_many_accounts() (gas: 146391)
[PASS] test_delivery_is_idempotent_on_deliveryId() (gas: 99779)
[PASS] test_enabling_allocation_signer_disables_the_gateless_push() (gas: 56098)
[PASS] test_it_can_never_deliver_more_than_it_holds() (gas: 59778)
[PASS] test_keeper_delivers_a_preheld_transfer() (gas: 94456)
[PASS] test_keeper_delivers_only_a_valid_activity_allocation_authorization() (gas: 131338)
[PASS] test_keeper_zero_disables_deliveries() (gas: 20584)
[PASS] test_only_keeper_can_deliver() (gas: 23422)
[PASS] test_pause_stops_deliveries_but_traps_nothing() (gas: 107390)
[PASS] test_per_token_daily_cap_bounds_a_leaked_keeper() (gas: 273731)
[PASS] test_sweep_is_owner_only_and_routes_to_a_chosen_recipient() (gas: 61084)
[PASS] test_zero_recipient_token_units_revert() (gas: 54506)
Suite result: ok. 19 passed; 0 failed; 0 skipped; finished in 270.12ms (268.80ms CPU time)

Ran 38 tests for test/ProtocolLiquidityVault.t.sol:ProtocolLiquidityVaultTest
[PASS] testFuzz_collected_fee_conservation(uint96,uint96) (runs: 512, μ: 1166013, ~: 1164472)
Logs:
  Bound result 499999999999015465
  Bound result 499999999999011415

[PASS] test_actual_inventory_executor_buys_into_locked_vault_then_pairs_assets() (gas: 2981590)
[PASS] test_adoption_validates_real_custody_pool_and_range() (gas: 1464467)
[PASS] test_amount_and_deadline_and_inventory_limits_fail_closed() (gas: 905627)
[PASS] test_donated_vault_assets_are_not_collected_as_fees() (gas: 725601)
[PASS] test_emergency_latch_is_permanent_and_keeper_cannot_recover() (gas: 724076)
[PASS] test_emergency_recipient_remains_original_safe_after_owner_rotation() (gas: 705480)
[PASS] test_failed_deposit_rolls_back_spend_and_native_funding_counter() (gas: 1129940)
[PASS] test_fee_callback_observes_unhealthy_and_cannot_reenter() (gas: 6188276)
[PASS] test_foundation_mints_real_fullrange_position_and_waits_entire_warmup() (gas: 682020)
[PASS] test_foundation_only_owner_and_once() (gas: 637626)
[PASS] test_genesis_adoption_validates_custody_and_rolls_back_both_contracts_on_failure() (gas: 1220040)
[PASS] test_genesis_binding_requires_owner_and_exact_vault_token_pool_and_is_once() (gas: 854387)
[PASS] test_genesis_controller_cannot_be_added_after_foundation_exists() (gas: 788857)
[PASS] test_genesis_controller_code_change_and_emergency_prevent_adoption() (gas: 655068)
[PASS] test_hooked_pool_add_and_collect_keep_sell_tax_separate_from_lp_fees() (gas: 6725565)
[PASS] test_increase_cannot_run_before_warmup_or_by_untrusted_caller() (gas: 641910)
[PASS] test_increase_routes_preexisting_fees_without_compounding_them() (gas: 1326384)
[PASS] test_increase_uses_actual_refunds_and_never_restarts_custody_warmup() (gas: 900596)
[PASS] test_inventory_binding_is_once_fixed_to_token_pool_and_destination() (gas: 574024)
[PASS] test_inventory_binding_rejects_split_stream_and_foreign_oracle_or_health_guard() (gas: 5015906)
[PASS] test_inventory_funding_uses_shared_native_cap_and_deposit_only() (gas: 1120245)
[PASS] test_inventory_runtime_change_fails_before_spend() (gas: 969173)
[PASS] test_keeper_cannot_transfer_or_approve_position() (gas: 664304)
[PASS] test_liquidity_callback_hook_is_rejected_at_configuration() (gas: 129680)
[PASS] test_oracle_spot_deviation_fails_before_spend() (gas: 682479)
[PASS] test_original_safe_observes_emergency_latch_before_any_asset_callback() (gas: 5748508)
[PASS] test_pause_before_bootstrap_can_resume_without_starting_warmup() (gas: 646456)
[PASS] test_pause_resume_restarts_warmup_and_rotation_requires_pause() (gas: 711955)
[PASS] test_position_manager_native_dust_cannot_offset_accounted_spending() (gas: 865850)
[PASS] test_real_swap_fees_route_75_25_in_each_currency_without_principal() (gas: 1229193)
[PASS] test_rejecting_fee_recipient_reverts_without_losing_fees_or_principal() (gas: 5943923)
[PASS] test_runtime_or_chain_change_fails_health_and_live_actions() (gas: 687298)
[PASS] test_safe_transfer_receiver_rejects_untrusted_operator_and_accepts_safe() (gas: 499700)
[PASS] test_spend_ring_is_bounded_and_expires() (gas: 6165966)
[PASS] test_stale_future_zero_or_reverting_oracle_fails_closed() (gas: 683960)
[PASS] test_trailing_window_does_not_reset_at_calendar_boundary() (gas: 1141908)
[PASS] test_zero_address_native_donation_cannot_change_zero_hook_health() (gas: 660898)
Suite result: ok. 38 passed; 0 failed; 0 skipped; finished in 1.91s (1.90s CPU time)

Ran 1 test for test/audit/GenesisOracleBootstrap.t.sol:GenesisOracleBootstrapInvariantTest
[PASS] invariant_only_initialized_complete_bounded_windows_publish() (runs: 512, calls: 256000, reverts: 0)

╭-------------------------------+------------+-------+---------+----------╮
| Contract                      | Selector   | Calls | Reverts | Discards |
+=========================================================================+
| GenesisOracleBootstrapHandler | changeTick | 63940 | 0       | 0        |
|-------------------------------+------------+-------+---------+----------|
| GenesisOracleBootstrapHandler | elapse     | 63699 | 0       | 0        |
|-------------------------------+------------+-------+---------+----------|
| GenesisOracleBootstrapHandler | initialize | 64286 | 0       | 0        |
|-------------------------------+------------+-------+---------+----------|
| GenesisOracleBootstrapHandler | poke       | 64075 | 0       | 0        |
╰-------------------------------+------------+-------+---------+----------╯

Logs:
  Bound result 0
  Bound result 600
  Bound result 2401
  Bound result 236
  Bound result 19918
  Bound result 1140
  Bound result 108
  Bound result 1
  Bound result 1674
  Bound result 2671
  Bound result -5
  Bound result -2307
  Bound result 2964
  Bound result 2476
  Bound result 448
  Bound result 446
  Bound result 11435
  Bound result -67997
  Bound result 38
  Bound result 4631
  Bound result 1501
  Bound result 0
  Bound result -3687
  Bound result -2
  Bound result 244
  Bound result 10600
  Bound result 507
  Bound result -3
  Bound result 2017
  Bound result 1415
  Bound result 1
  Bound result -3
  Bound result 10832
  Bound result 7013
  Bound result 350
  Bound result 907
  Bound result 727
  Bound result 0
  Bound result -79872
  Bound result 8404
  Bound result 1435
  Bound result 1375
  Bound result 5992
  Bound result 2156
  Bound result 1182
  Bound result 1058
  Bound result 0
  Bound result 257
  Bound result -123
  Bound result 609
  Bound result 511
  Bound result 2239
  Bound result 1936
  Bound result 7984
  Bound result 3
  Bound result 1763
  Bound result 2117
  Bound result -60735
  Bound result 1601
  Bound result 2
  Bound result -3223
  Bound result -417
  Bound result 255
  Bound result 1734
  Bound result 12771
  Bound result 589
  Bound result 747
  Bound result -83052
  Bound result 513
  Bound result 678
  Bound result 1778
  Bound result 1
  Bound result 1735
  Bound result 1
  Bound result 0
  Bound result 1650
  Bound result 446
  Bound result -5216
  Bound result 1372
  Bound result 20
  Bound result 394
  Bound result 1985
  Bound result -7859
  Bound result -2
  Bound result 1830
  Bound result 8
  Bound result 1281
  Bound result 167
  Bound result -31
  Bound result -220
  Bound result 1854
  Bound result 18539
  Bound result -40608
  Bound result 1397
  Bound result 970
  Bound result -18849
  Bound result 0
  Bound result 0
  Bound result 6
  Bound result 796
  Bound result -24770
  Bound result 167
  Bound result 863
  Bound result 1266
  Bound result 1192
  Bound result 1477
  Bound result 1119
  Bound result 45
  Bound result 4435
  Bound result 19275
  Bound result 0
  Bound result 231
  Bound result 2
  Bound result -2
  Bound result -14287
  Bound result 1168
  Bound result -11435
  Bound result 575
  Bound result 12425
  Bound result 0
  Bound result 2095
  Bound result 2497
  Bound result 1624
  Bound result -319
  Bound result -29412
  Bound result 2114
  Bound result 4
  Bound result 19460
  Bound result 1077
  Bound result 279
  Bound result 484
  Bound result 2319
  Bound result 1518
  Bound result 2209
  Bound result 5336
  Bound result 1548
  Bound result 1128
  Bound result 9
  Bound result -1349
  Bound result 85226
  Bound result -77479
  Bound result 1171
  Bound result 0
  Bound result -11438
  Bound result 2749
  Bound result -72319
  Bound result 16142
  Bound result 7830
  Bound result 2253
  Bound result 0
  Bound result 384
  Bound result -502
  Bound result -96
  Bound result 1
  Bound result -98295
  Bound result 0
  Bound result 1
  Bound result 2116
  Bound result 2295
  Bound result 1298
  Bound result 628
  Bound result 2870
  Bound result 1557
  Bound result 1975
  Bound result 37
  Bound result 1042
  Bound result 0
  Bound result -7638
  Bound result 17812
  Bound result 3
  Bound result -2
  Bound result 1956
  Bound result 779
  Bound result 2330
  Bound result -16
  Bound result 848
  Bound result 2607
  Bound result 193
  Bound result 27
  Bound result 2941
  Bound result -2990
  Bound result 2724
  Bound result 0
  Bound result 8
  Bound result 7869
  Bound result 2114
  Bound result -29
  Bound result 87
  Bound result 2032
  Bound result 1008
  Bound result -1
  Bound result 217
  Bound result 5976
  Bound result 2398
  Bound result -11437
  Bound result 5472
  Bound result 2120
  Bound result 1023
  Bound result 2816
  Bound result 3000
  Bound result 34945
  Bound result 23128
  Bound result 1380
  Bound result -14998
  Bound result 2364
  Bound result 245
  Bound result -11437
  Bound result -15
  Bound result 2432
  Bound result 54
  Bound result 6
  Bound result 2982
  Bound result 1449
  Bound result 0
  Bound result 3023
  Bound result -11436
  Bound result -9417
  Bound result 31
  Bound result 1020
  Bound result 2475
  Bound result 17476
  Bound result 2698
  Bound result 1168
  Bound result 286
  Bound result 1098
  Bound result -57075
  Bound result 1
  Bound result 2474
  Bound result 0
  Bound result 1
  Bound result 153
  Bound result 78695
  Bound result -69070
  Bound result 1514
  Bound result 2117
  Bound result 461
  Bound result 3
  Bound result 2900
  Bound result 349
  Bound result 0
  Bound result 85495
  Bound result 0
  Bound result 61150
  Bound result -69
  Bound result 106
  Bound result 39
  Bound result 1280
  Bound result 2116
  Bound result 3
  Bound result 730
  Bound result 385
  Bound result -25
  Bound result 1400
  Bound result 78179
  Bound result 5442
  Bound result 180
  Bound result 1
  Bound result 1745
  Bound result -50177
  Bound result 71597
  Bound result 18643

Suite result: ok. 1 passed; 0 failed; 0 skipped; finished in 238.96s (238.96s CPU time)

Ran 1 test for test/RwaHealthOverlayInvariant.t.sol:RwaHealthOverlayInvariantTest
[PASS] invariant_generationLatestAndUsedIdsAreMonotone() (runs: 512, calls: 256000, reverts: 0)

╭-------------------------+--------------+-------+---------+----------╮
| Contract                | Selector     | Calls | Reverts | Discards |
+=====================================================================+
| RwaHealthOverlayHandler | record       | 85287 | 0       | 0        |
|-------------------------+--------------+-------+---------+----------|
| RwaHealthOverlayHandler | replay       | 85459 | 0       | 0        |
|-------------------------+--------------+-------+---------+----------|
| RwaHealthOverlayHandler | unauthorized | 85254 | 0       | 0        |
╰-------------------------+--------------+-------+---------+----------╯

Suite result: ok. 1 passed; 0 failed; 0 skipped; finished in 264.65s (264.65s CPU time)

Ran 15 tests for test/market-v2/CommitmentV2.t.sol:CommitmentV2Test
[PASS] testFuzz_budget_conservation_and_repeat_epoch_no_double_credit(uint128,uint16) (runs: 512, μ: 726379, ~: 726285)
Logs:
  Bound result 99000000000000009962
  Bound result 3205

[PASS] test_budget_exhaustion_is_funded_cap_not_unbacked_entitlement() (gas: 812974)
[PASS] test_depth_disappearing_at_next_epoch_zeroes_interval_reward() (gas: 758539)
[PASS] test_future_timestamp_low_depth_and_invalid_snapshot_do_not_pay() (gas: 569050)
[PASS] test_maturity_withdrawal_succeeds_while_paused_and_oracle_reverts() (gas: 661355)
[PASS] test_max_reward_is_per_position_across_repeated_samples() (gas: 832394)
[PASS] test_no_admin_nft_recovery_or_old_owner_approval_can_steal_custody() (gas: 589599)
[PASS] test_noncanonical_pool_rejected_and_unsolicited_safe_transfer_rejected() (gas: 796290)
[PASS] test_one_sided_and_tiny_range_positions_earn_no_bounty_despite_large_L() (gas: 871129)
[PASS] test_oracle_gap_is_not_backfilled() (gas: 729028)
[PASS] test_paused_interval_is_never_retroactively_rewarded() (gas: 756879)
[PASS] test_real_nft_custody_and_single_sample_never_pays() (gas: 595792)
[PASS] test_reverting_and_stale_oracle_break_anchor_without_grant() (gas: 772345)
[PASS] test_two_epochs_credit_original_depositor_by_depth_time_and_claim_once() (gas: 730370)
[PASS] test_unused_budget_recovery_excludes_earned_claims_and_NFT() (gas: 776039)
Suite result: ok. 15 passed; 0 failed; 0 skipped; finished in 1.29s (1.29s CPU time)

Ran 1 test for test/BankBufferVault.t.sol:BankBufferVaultInvariantTest
[PASS] invariant_backingConservationNoUnmeteredSpendOrStandingApproval() (runs: 512, calls: 256000, reverts: 0)

╭-------------------+---------------+-------+---------+----------╮
| Contract          | Selector      | Calls | Reverts | Discards |
+================================================================+
| BankBufferHandler | advance       | 51129 | 0       | 0        |
|-------------------+---------------+-------+---------+----------|
| BankBufferHandler | fund          | 51531 | 0       | 0        |
|-------------------+---------------+-------+---------+----------|
| BankBufferHandler | issueTestDebt | 50819 | 0       | 0        |
|-------------------+---------------+-------+---------+----------|
| BankBufferHandler | prefund       | 51041 | 0       | 0        |
|-------------------+---------------+-------+---------+----------|
| BankBufferHandler | redeem        | 51480 | 0       | 0        |
╰-------------------+---------------+-------+---------+----------╯

Logs:
  Bound result 59
  Bound result 1
  Bound result 2867
  Bound result 631687644
  Bound result 17
  Bound result 904
  Bound result 26
  Bound result 332618261
  Bound result 69673
  Bound result 262807559
  Bound result 17275194214334466946
  Bound result 3778
  Bound result 1
  Bound result 979000
  Bound result 23294
  Bound result 71914
  Bound result 30603
  Bound result 9589612
  Bound result 210928389
  Bound result 3
  Bound result 540
  Bound result 66263
  Bound result 88051
  Bound result 57005
  Bound result 4313210
  Bound result 171240
  Bound result 0
  Bound result 1586
  Bound result 457927
  Bound result 3875820019684212738
  Bound result 710221914
  Bound result 271151845
  Bound result 3143
  Bound result 201686466
  Bound result 0
  Bound result 601
  Bound result 161840
  Bound result 6
  Bound result 86400
  Bound result 1422401019
  Bound result 200000000
  Bound result 0
  Bound result 580967237
  Bound result 30571496461
  Bound result 222
  Bound result 3895
  Bound result 28223
  Bound result 17
  Bound result 666
  Bound result 112368
  Bound result 250
  Bound result 347934884
  Bound result 3236731
  Bound result 1942611
  Bound result 168045
  Bound result 3026
  Bound result 4981
  Bound result 922376132718022958
  Bound result 22
  Bound result 233737
  Bound result 786711
  Bound result 117930
  Bound result 38787
  Bound result 5
  Bound result 108869
  Bound result 920
  Bound result 5
  Bound result 639701814
  Bound result 3631
  Bound result 722503
  Bound result 797
  Bound result 1
  Bound result 91
  Bound result 56833
  Bound result 18446744073709551613
  Bound result 121
  Bound result 7
  Bound result 284
  Bound result 10000000000
  Bound result 3984
  Bound result 18727878
  Bound result 90
  Bound result 4353
  Bound result 1804
  Bound result 1553
  Bound result 3
  Bound result 31987
  Bound result 161840
  Bound result 20471
  Bound result 220696
  Bound result 280665
  Bound result 80908
  Bound result 498609138
  Bound result 300739129
  Bound result 10785
  Bound result 4616
  Bound result 153
  Bound result 14362
  Bound result 6000000000000000000
  Bound result 500
  Bound result 4205
  Bound result 8
  Bound result 18000
  Bound result 878562355
  Bound result 1
  Bound result 171238
  Bound result 6978
  Bound result 168482
  Bound result 2639
  Bound result 56853
  Bound result 563244791
  Bound result 2
  Bound result 1345739
  Bound result 391540914
  Bound result 19279
  Bound result 0
  Bound result 3632416
  Bound result 4782
  Bound result 2772
  Bound result 854553068
  Bound result 2380
  Bound result 314122251
  Bound result 67870446
  Bound result 24
  Bound result 178386
  Bound result 17280000
  Bound result 153296
  Bound result 3
  Bound result 2563
  Bound result 1159696
  Bound result 300
  Bound result 50864122
  Bound result 1486
  Bound result 3103
  Bound result 6237
  Bound result 156283
  Bound result 500000000
  Bound result 482455509
  Bound result 169536
  Bound result 5927
  Bound result 389
  Bound result 1585944901
  Bound result 293
  Bound result 5010
  Bound result 149211
  Bound result 76563
  Bound result 18446744073709551615
  Bound result 1488
  Bound result 14749858
  Bound result 369
  Bound result 90158
  Bound result 33421919
  Bound result 80961
  Bound result 1
  Bound result 20745
  Bound result 169925
  Bound result 2983
  Bound result 2970
  Bound result 3001
  Bound result 3670747
  Bound result 1
  Bound result 979000
  Bound result 176861
  Bound result 857330486229067568
  Bound result 100
  Bound result 3
  Bound result 401952
  Bound result 70604
  Bound result 135995
  Bound result 904
  Bound result 154917
  Bound result 262807559
  Bound result 63251
  Bound result 20
  Bound result 432000
  Bound result 273389
  Bound result 960000001
  Bound result 2000000000000000
  Bound result 176949
  Bound result 77843714989389475
  Bound result 547241679614
  Bound result 1303512
  Bound result 22543968877546080
  Bound result 15071
  Bound result 30583
  Bound result 3267059266970
  Bound result 5596
  Bound result 836481004
  Bound result 4097
  Bound result 3001
  Bound result 377
  Bound result 1320374
  Bound result 125595
  Bound result 50647
  Bound result 874
  Bound result 3193
  Bound result 736973138
  Bound result 221353181601139236
  Bound result 13303298
  Bound result 47
  Bound result 420413383
  Bound result 2772
  Bound result 1
  Bound result 28672
  Bound result 95823
  Bound result 3474865191172781525
  Bound result 2310066
  Bound result 3940645
  Bound result 31336
  Bound result 114763
  Bound result 3
  Bound result 846227
  Bound result 98884
  Bound result 29
  Bound result 14473309
  Bound result 168
  Bound result 133421
  Bound result 4834
  Bound result 572624400
  Bound result 10757
  Bound result 155023
  Bound result 128
  Bound result 132485
  Bound result 50146480
  Bound result 39118
  Bound result 3
  Bound result 102
  Bound result 2571735
  Bound result 23033
  Bound result 5557818725751
  Bound result 30000
  Bound result 2302
  Bound result 22
  Bound result 45253738075
  Bound result 130236142599268
  Bound result 28
  Bound result 2158778573
  Bound result 103441184
  Bound result 74
  Bound result 49225085918
  Bound result 1
  Bound result 2
  Bound result 29
  Bound result 43200
  Bound result 6162
  Bound result 3702
  Bound result 3
  Bound result 3104
  Bound result 250000000000000000
  Bound result 325578
  Bound result 149542
  Bound result 101935
  Bound result 1
  Bound result 2604
  Bound result 144233
  Bound result 905
  Bound result 76705773
  Bound result 171241
  Bound result 823545624
  Bound result 398
  Bound result 3987
  Bound result 745
  Bound result 0
  Bound result 93333368639
  Bound result 38989
  Bound result 9762
  Bound result 262807560
  Bound result 613870720
  Bound result 245
  Bound result 404545478
  Bound result 122329460
  Bound result 127386
  Bound result 9804
  Bound result 262807560
  Bound result 14431001727
  Bound result 12002
  Bound result 699030581
  Bound result 537231422467160651
  Bound result 1165
  Bound result 291402
  Bound result 92820
  Bound result 167
  Bound result 62960
  Bound result 6766655274
  Bound result 4818571
  Bound result 221452
  Bound result 171239
  Bound result 1308434768388
  Bound result 444
  Bound result 563
  Bound result 218749
  Bound result 1512788746001529399
  Bound result 48879
  Bound result 12
  Bound result 170927
  Bound result 860306
  Bound result 9
  Bound result 1472032
  Bound result 0
  Bound result 66
  Bound result 199
  Bound result 19515
  Bound result 72195422070572467
  Bound result 444
  Bound result 5780
  Bound result 2108789418
  Bound result 3
  Bound result 9594958097377972174
  Bound result 3932053
  Bound result 151652
  Bound result 4619611
  Bound result 556776258942
  Bound result 152096516156845629
  Bound result 49999
  Bound result 148997
  Bound result 13070580348
  Bound result 14
  Bound result 0
  Bound result 48866
  Bound result 1209600
  Bound result 3
  Bound result 18446744073709551614
  Bound result 5525012
  Bound result 82275
  Bound result 112274
  Bound result 475329856
  Bound result 16751194
  Bound result 100000000000000
  Bound result 2263584
  Bound result 1540
  Bound result 1
  Bound result 6805803777
  Bound result 4870
  Bound result 287470
  Bound result 244664027394
  Bound result 106
  Bound result 50371
  Bound result 98
  Bound result 881410744
  Bound result 262807560
  Bound result 2163
  Bound result 2485
  Bound result 5001
  Bound result 1
  Bound result 120
  Bound result 97021
  Bound result 7200
  Bound result 162761
  Bound result 4307993544313
  Bound result 167051
  Bound result 119748
  Bound result 10903
  Bound result 3
  Bound result 5694248507
  Bound result 159855
  Bound result 25956
  Bound result 1271079006797861267
  Bound result 940049
  Bound result 12288
  Bound result 426
  Bound result 3
  Bound result 8000000000000000000
  Bound result 653
  Bound result 533569292
  Bound result 1
  Bound result 26852
  Bound result 409
  Bound result 128300
  Bound result 2
  Bound result 12820
  Bound result 0
  Bound result 222
  Bound result 154398
  Bound result 262807559
  Bound result 627493
  Bound result 7100337
  Bound result 211588
  Bound result 131734
  Bound result 9500
  Bound result 16407766209239734239
  Bound result 12798
  Bound result 52748
  Bound result 3639837
  Bound result 10071084
  Bound result 524
  Bound result 85
  Bound result 34136
  Bound result 161
  Bound result 15668278029074184
  Bound result 4375
  Bound result 0
  Bound result 542179
  Bound result 4698
  Bound result 4633749

Suite result: ok. 1 passed; 0 failed; 0 skipped; finished in 278.30s (278.30s CPU time)

Ran 1 test for test/CharacterLaunchAudit.t.sol:CharacterLaunchFeesInvariantTest
[PASS] invariant_feeReceiptsConserveGrossAndForcedFundsNeverBecomePayments() (runs: 512, calls: 256000, reverts: 0)

╭---------------------------+--------------------+-------+---------+----------╮
| Contract                  | Selector           | Calls | Reverts | Discards |
+=============================================================================+
| CharacterAuditFeesHandler | changePrices       | 51067 | 0       | 0        |
|---------------------------+--------------------+-------+---------+----------|
| CharacterAuditFeesHandler | forceAndMaybeSweep | 51047 | 0       | 0        |
|---------------------------+--------------------+-------+---------+----------|
| CharacterAuditFeesHandler | payment            | 51214 | 0       | 0        |
|---------------------------+--------------------+-------+---------+----------|
| CharacterAuditFeesHandler | rejectRecipient    | 51249 | 0       | 0        |
|---------------------------+--------------------+-------+---------+----------|
| CharacterAuditFeesHandler | rotateRecipients   | 51423 | 0       | 0        |
╰---------------------------+--------------------+-------+---------+----------╯

Logs:
  Bound result 4794
  Bound result 1
  Bound result 285189210249648575
  Bound result 1
  Bound result 25
  Bound result 12
  Bound result 1
  Bound result 222521680171964498
  Bound result 265855491535793
  Bound result 489
  Bound result 743482662839505920
  Bound result 5750992440
  Bound result 73627011107389305
  Bound result 743595435198989201
  Bound result 1531
  Bound result 52
  Bound result 264337593543950334
  Bound result 9280
  Bound result 9206
  Bound result 705112623199148391
  Bound result 2927
  Bound result 105699460128959821
  Bound result 744542
  Bound result 4120
  Bound result 871
  Bound result 3503
  Bound result 4295911571934634
  Bound result 250950487494
  Bound result 8500
  Bound result 454217297739051259
  Bound result 602099
  Bound result 1899
  Bound result 708
  Bound result 1
  Bound result 490735289317750781
  Bound result 26410920559810
  Bound result 95606905804586404
  Bound result 2657762420
  Bound result 64
  Bound result 6462
  Bound result 47
  Bound result 4594637
  Bound result 12
  Bound result 1
  Bound result 113643697
  Bound result 42027429150
  Bound result 253
  Bound result 9271627
  Bound result 30074967231
  Bound result 947119422615156649
  Bound result 3890
  Bound result 31836077690697
  Bound result 431027059908317613
  Bound result 3697641371
  Bound result 421
  Bound result 530811179219
  Bound result 811321175160315259
  Bound result 3442
  Bound result 5540
  Bound result 6932
  Bound result 3974953790
  Bound result 103396506871
  Bound result 148881671984175
  Bound result 5426
  Bound result 530811500791
  Bound result 35948921090894356
  Bound result 461998467949727202
  Bound result 1865396471
  Bound result 592997451274837661
  Bound result 7421695017
  Bound result 1687
  Bound result 99720360664705653
  Bound result 1346987899757899
  Bound result 4054
  Bound result 70074816998083845
  Bound result 4592
  Bound result 829184301824016638
  Bound result 559
  Bound result 2543
  Bound result 9710
  Bound result 508542456
  Bound result 188831
  Bound result 3
  Bound result 2639127521878
  Bound result 3001
  Bound result 47253520049303
  Bound result 53704512134243759
  Bound result 13420846128870
  Bound result 803
  Bound result 101
  Bound result 7473411951570609
  Bound result 34
  Bound result 5429
  Bound result 4076725131
  Bound result 489
  Bound result 3
  Bound result 294536645140026531
  Bound result 102808065354945933
  Bound result 27968
  Bound result 2043705739439
  Bound result 17694367278960
  Bound result 1
  Bound result 35033623
  Bound result 557696576399251183
  Bound result 3553543
  Bound result 682209532
  Bound result 1
  Bound result 4929
  Bound result 294122
  Bound result 1105
  Bound result 3783
  Bound result 25725388
  Bound result 1848
  Bound result 5310
  Bound result 960931270
  Bound result 6095805
  Bound result 1303486078
  Bound result 742823485772781759
  Bound result 148483747469155174
  Bound result 1012837361380
  Bound result 1353
  Bound result 7180
  Bound result 44666567185746151
  Bound result 1
  Bound result 13260671
  Bound result 329846431492711277
  Bound result 652629286799440460
  Bound result 4257450765575
  Bound result 8080
  Bound result 95295646223288398
  Bound result 285189210249648575
  Bound result 194
  Bound result 461998467949727202
  Bound result 9459
  Bound result 687
  Bound result 8068
  Bound result 1
  Bound result 1
  Bound result 645471383364803886
  Bound result 1
  Bound result 4442
  Bound result 8417
  Bound result 2791
  Bound result 892220569978494905
  Bound result 3022823807
  Bound result 480727141
  Bound result 662283884446223010
  Bound result 8439
  Bound result 846078949756970557
  Bound result 2377743582
  Bound result 248427429063594254
  Bound result 31588191880098209
  Bound result 65834324
  Bound result 66724320554579775
  Bound result 633
  Bound result 33542650254348741
  Bound result 128868043
  Bound result 112142999957938678
  Bound result 8846184246
  Bound result 6217547387
  Bound result 745505586400296248
  Bound result 234073801207734596
  Bound result 297581604320323034
  Bound result 7568
  Bound result 1705
  Bound result 139424144099812796
  Bound result 60574133711
  Bound result 40796176502
  Bound result 3947817926
  Bound result 540389497854249865
  Bound result 1
  Bound result 408126256846418202
  Bound result 1516
  Bound result 264337593543950332
  Bound result 3459
  Bound result 5119
  Bound result 119507692376628370
  Bound result 301375145912350799
  Bound result 324579014936563430
  Bound result 40096
  Bound result 235786272667
  Bound result 592997451274837662
  Bound result 1056
  Bound result 166786736645926489
  Bound result 1805
  Bound result 88
  Bound result 226008110316
  Bound result 5008
  Bound result 3280
  Bound result 1073
  Bound result 2295280487
  Bound result 105699460128959824
  Bound result 479
  Bound result 7930818745155
  Bound result 4776
  Bound result 1033530500498722
  Bound result 899016226719363816
  Bound result 1055239861
  Bound result 844
  Bound result 108762334946789973
  Bound result 40105618906
  Bound result 616253235584782486
  Bound result 459610502145750134
  Bound result 22917495
  Bound result 7400
  Bound result 949115821667129926
  Bound result 100427686
  Bound result 264337593543950334
  Bound result 394653831934651867
  Bound result 264337593543950334
  Bound result 151933108307785426
  Bound result 2529
  Bound result 30278
  Bound result 24785057
  Bound result 46906303367698001

Suite result: ok. 1 passed; 0 failed; 0 skipped; finished in 312.19s (312.19s CPU time)

Ran 1 test for test/GenesisWalletCap.t.sol:GenesisWalletCapInvariantTest
[PASS] invariantEveryWalletBoundedAndAggregateConserved() (runs: 512, calls: 256000, reverts: 0)

╭------------+----------+--------+---------+----------╮
| Contract   | Selector | Calls  | Reverts | Discards |
+=====================================================+
| CapHandler | attempt  | 256000 | 0       | 0        |
╰------------+----------+--------+---------+----------╯

Logs:
  Bound result 376563
  Bound result 114427639236
  Bound result 989385535028994114
  Bound result 550308288486087665
  Bound result 1534297582
  Bound result 96
  Bound result 1
  Bound result 128304857658468052
  Bound result 400000000000000000
  Bound result 167
  Bound result 126
  Bound result 458
  Bound result 3456
  Bound result 2702232190
  Bound result 3
  Bound result 61440
  Bound result 1224763080938756351
  Bound result 1930615
  Bound result 1500259495109349928
  Bound result 570
  Bound result 2000000000000000000
  Bound result 32
  Bound result 1203610418559198716
  Bound result 1828000849653985370
  Bound result 753517963837280798
  Bound result 770387604
  Bound result 982502941088571552
  Bound result 546079377984327622
  Bound result 4021
  Bound result 983908430006324547
  Bound result 687058126382308285
  Bound result 1392534889358573846
  Bound result 915412949679896993
  Bound result 104
  Bound result 1374607431768211455
  Bound result 38313
  Bound result 174530954104693404
  Bound result 1481
  Bound result 112
  Bound result 45063
  Bound result 1
  Bound result 19
  Bound result 3600
  Bound result 1817268309907604058
  Bound result 3000
  Bound result 88166979
  Bound result 840
  Bound result 3398
  Bound result 4636
  Bound result 2000000000000000000
  Bound result 12
  Bound result 1657365865140953021
  Bound result 1106
  Bound result 402211023122726852
  Bound result 219
  Bound result 93575063531
  Bound result 4313
  Bound result 1544
  Bound result 31
  Bound result 4649
  Bound result 92
  Bound result 1765653682836406363
  Bound result 2661344892
  Bound result 211588
  Bound result 2000000000000000000
  Bound result 112953641971499
  Bound result 874983472597938635
  Bound result 1011185792894
  Bound result 3735928559
  Bound result 491327777
  Bound result 719450216499977183
  Bound result 1
  Bound result 1
  Bound result 999804811760644053
  Bound result 128304972856498877
  Bound result 128304974790712403
  Bound result 215440165436
  Bound result 2241
  Bound result 729765761731267738
  Bound result 741
  Bound result 1336
  Bound result 34226343116605905
  Bound result 375548
  Bound result 333
  Bound result 999
  Bound result 1110448358959130542
  Bound result 1893456000
  Bound result 241
  Bound result 1276308107622336047
  Bound result 1947713371882576632
  Bound result 516559558562941647
  Bound result 162645376355151895
  Bound result 335282635194956
  Bound result 2702232190
  Bound result 7290649117
  Bound result 1040
  Bound result 1874464239652523667
  Bound result 1374607431768211454
  Bound result 3
  Bound result 2457
  Bound result 3373
  Bound result 2
  Bound result 24276
  Bound result 1000000000000000000
  Bound result 85326361103569579
  Bound result 1
  Bound result 1418
  Bound result 46184601794906733
  Bound result 32546554890135
  Bound result 1879084128995199088
  Bound result 4369
  Bound result 43200
  Bound result 18868
  Bound result 106
  Bound result 354677
  Bound result 896308226599367288
  Bound result 215667214243349793
  Bound result 162
  Bound result 302948981166966639
  Bound result 1698026358600970399
  Bound result 3864579391455
  Bound result 1202064483068604155
  Bound result 32554675
  Bound result 1131694984481211616
  Bound result 1618505029558504037
  Bound result 2000000000
  Bound result 1374196023
  Bound result 11188982472774
  Bound result 49153
  Bound result 4
  Bound result 1112049429337607833
  Bound result 112485
  Bound result 62382255323959472
  Bound result 147534507
  Bound result 719206528
  Bound result 312497167209649648
  Bound result 1157145425988467094
  Bound result 1002977146348987326
  Bound result 20293
  Bound result 459722868380554377
  Bound result 77
  Bound result 99042962443
  Bound result 4097
  Bound result 1374607431768211454
  Bound result 3927166
  Bound result 507425207778590
  Bound result 525333512751870241
  Bound result 302835927051823946
  Bound result 622276400586012368
  Bound result 3798
  Bound result 58
  Bound result 400000000000000000
  Bound result 4096
  Bound result 136321493086881793
  Bound result 302835931200180690
  Bound result 479188045311172643
  Bound result 3916
  Bound result 37
  Bound result 71847912621093641
  Bound result 1473980709052709811
  Bound result 465481306020956091
  Bound result 506466895614974989
  Bound result 3717746488
  Bound result 1056039790201
  Bound result 20000000000
  Bound result 128304857658556132
  Bound result 62297615806887849
  Bound result 1004368600950212808
  Bound result 3
  Bound result 1687629132494754003
  Bound result 973814617045002332
  Bound result 1483585191258815965
  Bound result 3600
  Bound result 302836020626893782
  Bound result 1374607431768211454
  Bound result 128417811388616165
  Bound result 2827
  Bound result 914813479002229577
  Bound result 1711446159671131929
  Bound result 1174185191395040331
  Bound result 93434
  Bound result 837602319891402763
  Bound result 1070
  Bound result 109542574174921
  Bound result 560000000000000000
  Bound result 5529
  Bound result 236764337534378076
  Bound result 537228843
  Bound result 366
  Bound result 842093530528128734
  Bound result 566477258457493535
  Bound result 721277
  Bound result 2693
  Bound result 1856365843896058832
  Bound result 1631775889285103951
  Bound result 1375053200237928050
  Bound result 1018483447177899744
  Bound result 124206667
  Bound result 3634277111248772
  Bound result 1000000000000000000
  Bound result 748369968232031981
  Bound result 1064860286614
  Bound result 43690
  Bound result 38120159003506434
  Bound result 730
  Bound result 1921604567675526417
  Bound result 92
  Bound result 18874
  Bound result 601
  Bound result 6134
  Bound result 172800
  Bound result 573
  Bound result 975308734123583532
  Bound result 1182438653723978040
  Bound result 830824648110562297
  Bound result 1023875123964670927
  Bound result 90
  Bound result 520918027589480970
  Bound result 997646142865801901
  Bound result 12417412801
  Bound result 381343798410710898
  Bound result 44
  Bound result 550308288486087665
  Bound result 255
  Bound result 2702232190
  Bound result 1658450918777898242
  Bound result 3804
  Bound result 32325
  Bound result 1374607431768211452
  Bound result 618778376991091519
  Bound result 2213441136
  Bound result 5272
  Bound result 628126692860693225
  Bound result 1024959684295730050
  Bound result 500
  Bound result 7362247980663
  Bound result 1992607739831
  Bound result 6017896013
  Bound result 653448710580614353
  Bound result 431254962904344895
  Bound result 1735905280272418447
  Bound result 121021127395578
  Bound result 49608425453556
  Bound result 673950061301
  Bound result 183648645687558153
  Bound result 122355000886611287
  Bound result 76850442452093152
  Bound result 66169705457
  Bound result 29
  Bound result 1374607431768211455
  Bound result 1614730739120951652
  Bound result 172623466716295926
  Bound result 42838647902284680
  Bound result 102386
  Bound result 10988
  Bound result 1724551665870357293
  Bound result 1961965962738022600
  Bound result 138545828304392
  Bound result 27491
  Bound result 38092893658457492
  Bound result 1400
  Bound result 1941857746857922026
  Bound result 117620
  Bound result 1461
  Bound result 2
  Bound result 1374607431768211453
  Bound result 711660876064195985
  Bound result 1800000000
  Bound result 2000000000000000000
  Bound result 1448
  Bound result 153
  Bound result 1038232239512146612
  Bound result 1752175993507979
  Bound result 1494383675928920
  Bound result 240
  Bound result 30000000
  Bound result 138241217376229711
  Bound result 2000000000000000000
  Bound result 322638860353901794
  Bound result 1035133895289554176
  Bound result 1853447290868906899
  Bound result 8002245856024611
  Bound result 91
  Bound result 670
  Bound result 246
  Bound result 256946
  Bound result 1
  Bound result 785101558930994634
  Bound result 2118098085
  Bound result 113019483401800026
  Bound result 84061603940606926
  Bound result 597483279044819637
  Bound result 1121183801258662271
  Bound result 1192444308
  Bound result 201000000
  Bound result 14205145
  Bound result 1000000000000
  Bound result 226233035730458824
  Bound result 1264712516226756379
  Bound result 2151522
  Bound result 639
  Bound result 404742443966
  Bound result 354007127
  Bound result 4338
  Bound result 9491881
  Bound result 1140233529844111775
  Bound result 6035549467
  Bound result 3012626057
  Bound result 250288108173633781
  Bound result 516305036046632356
  Bound result 1209083743367889459
  Bound result 42
  Bound result 1802795131788641315
  Bound result 101
  Bound result 2505600
  Bound result 58
  Bound result 247313353869759877
  Bound result 1614730739120951652
  Bound result 826479879179035734
  Bound result 1334579411401222430
  Bound result 54678075028614079
  Bound result 2000000000000000000
  Bound result 237979937079576960
  Bound result 462235614392978452
  Bound result 517440284
  Bound result 510334736271946081
  Bound result 400000000000000000
  Bound result 4096
  Bound result 2451184299
  Bound result 161
  Bound result 1281
  Bound result 435811569514287539
  Bound result 1374607431768211452
  Bound result 62
  Bound result 1949810653950959941
  Bound result 1910405271031204968
  Bound result 35250205166961670
  Bound result 1910405283448618157
  Bound result 1111217014867385879
  Bound result 23256901044
  Bound result 2061681
  Bound result 7608846154492575
  Bound result 800
  Bound result 316240375385
  Bound result 2234142653353922
  Bound result 17369053782595
  Bound result 878741131375412400
  Bound result 954875391479102732
  Bound result 1612055407909683087
  Bound result 2000000000000000000
  Bound result 490389205314781325
  Bound result 1841897346279575696
  Bound result 7017913994002572
  Bound result 692
  Bound result 10304462904
  Bound result 914939562016025283
  Bound result 6288735740
  Bound result 1910405288364327611
  Bound result 70578186792332441
  Bound result 579265946870848549
  Bound result 1606823963416993943
  Bound result 491328143
  Bound result 13820362143
  Bound result 2989
  Bound result 110928309964705219
  Bound result 1500623617068739077
  Bound result 1017970583454279961
  Bound result 1501
  Bound result 1166882731238108176
  Bound result 1
  Bound result 1927408703151493464
  Bound result 517440284
  Bound result 1374607431768211455
  Bound result 1577341558343720873
  Bound result 63272278597
  Bound result 877067146641008178
  Bound result 67575483141044
  Bound result 7500
  Bound result 256332809
  Bound result 17525280
  Bound result 1003028
  Bound result 645757987609885310
  Bound result 1303205304082530611
  Bound result 1073126374109490772
  Bound result 2000000000000000000
  Bound result 256
  Bound result 1
  Bound result 2566
  Bound result 1374607431768211455
  Bound result 956613184219589353
  Bound result 1765310024586225181
  Bound result 72836277890208353
  Bound result 1814
  Bound result 533286150421498707
  Bound result 1925943615724780678
  Bound result 56253443997
  Bound result 1396217186698397720
  Bound result 28410723044731
  Bound result 183716
  Bound result 1374607431768211455
  Bound result 341783387245
  Bound result 1018658857548358826
  Bound result 5184000
  Bound result 3216288052328
  Bound result 1893173640
  Bound result 2
  Bound result 918793424135255179
  Bound result 41
  Bound result 1
  Bound result 210740815385715045
  Bound result 880
  Bound result 311
  Bound result 1755948060637466708
  Bound result 2000000000000000000
  Bound result 1374607431768211455
  Bound result 1534089109987019
  Bound result 758762254030877506
  Bound result 1618782723287350133
  Bound result 863
  Bound result 7
  Bound result 1800
  Bound result 105
  Bound result 65536
  Bound result 1374607431768211454
  Bound result 865
  Bound result 799074157303903607
  Bound result 26174946373
  Bound result 54858856319484694
  Bound result 756767173661065130
  Bound result 1757822797519430188
  Bound result 204647002033390
  Bound result 5870441961480
  Bound result 302835929665838044
  Bound result 1
  Bound result 4276
  Bound result 12573010888
  Bound result 1
  Bound result 2176
  Bound result 18268887326
  Bound result 409496465517743458
  Bound result 237045855574089734
  Bound result 2336
  Bound result 801286261928138305
  Bound result 1778427362
  Bound result 302949992343479785
  Bound result 1461507192186908773
  Bound result 29
  Bound result 300
  Bound result 99999
  Bound result 123
  Bound result 4097
  Bound result 1351919971239615229
  Bound result 1496952524205213598
  Bound result 1978485700968310754
  Bound result 1839411197931115668
  Bound result 1061508316447881026
  Bound result 426058732011850042
  Bound result 1374607431768211454
  Bound result 70
  Bound result 65261
  Bound result 8022283805803
  Bound result 307147492780343210
  Bound result 128418822574409058
  Bound result 4660
  Bound result 107
  Bound result 49702690
  Bound result 1679982580283655075
  Bound result 1483732081005937950
  Bound result 1430714009754080688
  Bound result 79309228138636296
  Bound result 64
  Bound result 941556815240532596
  Bound result 1584823713390099342
  Bound result 10000000
  Bound result 18000
  Bound result 573
  Bound result 242348142631731146
  Bound result 1
  Bound result 2234148509705266
  Bound result 1000000000000000000
  Bound result 70417048454862495
  Bound result 1374607431768211455
  Bound result 1577638430889374723
  Bound result 1792096101517769446
  Bound result 206955840994008011
  Bound result 1866712635675257649
  Bound result 1636384159094109885
  Bound result 253964335775608126
  Bound result 4777
  Bound result 690769325281020295
  Bound result 148278759762703760
  Bound result 1966044411017657176
  Bound result 263443696
  Bound result 360
  Bound result 22
  Bound result 16
  Bound result 72440648
  Bound result 1
  Bound result 847944023507171185
  Bound result 3585

Suite result: ok. 1 passed; 0 failed; 0 skipped; finished in 314.56s (314.56s CPU time)

Ran 27 tests for test/AcquisitionConstellationTask4BudgetBook.t.sol:AcquisitionConstellationTask4BudgetBookTest
[PASS] invariant_task4_oneImmutableRecordPerDayAndNoCoreOrFundMovement() (runs: 512, calls: 256000, reverts: 0)

╭-----------------------+-----------+--------+---------+----------╮
| Contract              | Selector  | Calls  | Reverts | Discards |
+=================================================================+
| Task4InvariantHandler | authorize | 256000 | 0       | 0        |
╰-----------------------+-----------+--------+---------+----------╯

[PASS] test_task4_01a_exactFunctionConstructorAbiAndEveryName() (gas: 10828056)
[PASS] test_task4_01b_exactTwentyNineErrorsAndEveryParameterName() (gas: 40173813)
[PASS] test_task4_01c_exactEventsIndexingNamesAndForbiddenSurface() (gas: 4261014)
[PASS] test_task4_01d_exactTwoRowStorageAndEightMemberMappingValue() (gas: 2539065)
[PASS] test_task4_01e_optimizedIrHasOnlyTwoFixedOutputStaticCalls() (gas: 191439953)
[PASS] test_task4_01f_runtimeOpcodeInventoryIsClosed() (gas: 3912922)
[PASS] test_task4_02_constructorRejectsZeroAuthorityBeforePrediction() (gas: 1536551)
[PASS] test_task4_02b_constructorCodeAddressAndPeerPrecedenceIsExact() (gas: 2502032)
[PASS] test_task4_03_constructorAcceptsForcedPrefundingAndNeverCallsPeers() (gas: 1307965)
[PASS] test_task4_04_finalizerIsOneShotAndMakesNoPeerCall() (gas: 1273130)
[PASS] test_task4_04b_finalizerCallerManifestAlreadyPrecedenceIsExact() (gas: 1228072)
[PASS] test_task4_05_prefinalMutatorAndUngatedGetterUseTask4Errors() (gas: 1219627)
[PASS] test_task4_06_successReadsExactPeersAndCreatesExactEvidence() (gas: 307739)
[PASS] test_task4_07_authorityTransportIsBoundedNormalizedAndAtomic() (gas: 1054915)
[PASS] test_task4_08_authoritySnapshotEveryFailingOrdinalAndAcceptedOpaqueFields() (gas: 3673742)
[PASS] test_task4_09_liveSafePauseReplayAndLocalPrecedenceAreExact() (gas: 445395)
[PASS] test_task4_10_calendarDeadlineAndTimestampBoundaries() (gas: 1264335)
[PASS] test_task4_11_coreTransportIsBoundedNormalizedAndAfterLocalChecks() (gas: 1167634)
[PASS] test_task4_12_coreEveryEquationAndFinancialGatePrecedence() (gas: 1199720)
[PASS] test_task4_13_successRecordEventStorageAndAccountingAreExact() (gas: 323849)
[PASS] test_task4_14_recordsAreOnePerDayImmutableAndResultIndependent() (gas: 353891)
[PASS] test_task4_15_everyAdjacentAuthorizationStageHasExactFirstErrorAndCallBoundary() (gas: 4585964)
[PASS] test_task4_16_forcedEthRegistryAndTokenCustodyRemainInert() (gas: 431816)
[PASS] test_task4_17_amountSequenceSurplusAndV2DomainEdges() (gas: 1152832)
[PASS] test_task4_18_realFactoryAuthorityCoreRegistryLifecycleAuthorizes() (gas: 16956895)
[PASS] test_task4_19_twoDayFixtureDomainsAndForbiddenFieldsAreIndependent() (gas: 2515975)
Suite result: ok. 27 passed; 0 failed; 0 skipped; finished in 327.68s (333.75s CPU time)

Ran 1 test for test/LiquidityRevenueAutomation.t.sol:LiquidityRevenueInvariantTest
[PASS] invariant_eachDestinationMatchesFeeKindAndModeWithAtomicNonceAccounting() (runs: 512, calls: 256000, reverts: 0)

╭-------------------------+-----------------+-------+---------+----------╮
| Contract                | Selector        | Calls | Reverts | Discards |
+========================================================================+
| LiquidityRevenueHandler | configureRouter | 85289 | 0       | 0        |
|-------------------------+-----------------+-------+---------+----------|
| LiquidityRevenueHandler | pay             | 85405 | 0       | 0        |
|-------------------------+-----------------+-------+---------+----------|
| LiquidityRevenueHandler | reject          | 85306 | 0       | 0        |
╰-------------------------+-----------------+-------+---------+----------╯

Logs:
  Bound result 101
  Bound result 101
  Bound result 101
  Bound result 101
  Bound result 9557156907734998005
  Bound result 4495593940967
  Bound result 240
  Bound result 284320711872152318
  Bound result 1767
  Bound result 364396049
  Bound result 148765998288
  Bound result 356
  Bound result 469596985
  Bound result 227555054811215
  Bound result 631
  Bound result 54659407
  Bound result 1131
  Bound result 3694119697313529873
  Bound result 64
  Bound result 7154
  Bound result 401981975
  Bound result 37
  Bound result 4088
  Bound result 3063
  Bound result 1185971945659005187
  Bound result 26
  Bound result 3421863
  Bound result 14470397124308529
  Bound result 484
  Bound result 7480
  Bound result 1443
  Bound result 4264337593543950335
  Bound result 120
  Bound result 308
  Bound result 9223384337854195990
  Bound result 3500890881
  Bound result 2856704578035
  Bound result 5600
  Bound result 3199496901189970508
  Bound result 1133
  Bound result 3699402277188
  Bound result 1688
  Bound result 17
  Bound result 266116605419962967
  Bound result 2245
  Bound result 90819261685133758
  Bound result 722798835784944507
  Bound result 2
  Bound result 3
  Bound result 1
  Bound result 3
  Bound result 5425285041392398230
  Bound result 2815930899060466536
  Bound result 662
  Bound result 334926623894
  Bound result 469596985
  Bound result 135
  Bound result 3
  Bound result 7112
  Bound result 5050
  Bound result 1254336844779933
  Bound result 521
  Bound result 1918450822942482
  Bound result 8559244787543890027
  Bound result 7167871052496704725
  Bound result 6822
  Bound result 6804963874954196
  Bound result 2341052353656420
  Bound result 5217763
  Bound result 53357754
  Bound result 3676912521144877167
  Bound result 7344793802504634988
  Bound result 3
  Bound result 48925114158116708
  Bound result 4264337593543950334
  Bound result 146
  Bound result 5465127108643449806
  Bound result 9095994959075422054
  Bound result 2652
  Bound result 4264337593543950333
  Bound result 381
  Bound result 4
  Bound result 4314
  Bound result 675205
  Bound result 29411256
  Bound result 1
  Bound result 4264337593543950334
  Bound result 4264337593543950335
  Bound result 71149797301
  Bound result 3271
  Bound result 49651140117
  Bound result 8876206424762633803
  Bound result 581473776839
  Bound result 8
  Bound result 381
  Bound result 6199026947130
  Bound result 2024980858
  Bound result 7691652058127885762
  Bound result 1378
  Bound result 2
  Bound result 3480406882
  Bound result 1354405317
  Bound result 6649802322477649905
  Bound result 665672255957931
  Bound result 2678562140725811958
  Bound result 5331920076476651766
  Bound result 8259725896261
  Bound result 1317
  Bound result 16982
  Bound result 34
  Bound result 12114194723622626
  Bound result 2372573368
  Bound result 3500890880
  Bound result 156170727982814
  Bound result 7414
  Bound result 2903712994
  Bound result 58461561948488606
  Bound result 385164374
  Bound result 1064838089508798
  Bound result 3478227856853548
  Bound result 192032812555293
  Bound result 2389290350832234818
  Bound result 2480
  Bound result 2
  Bound result 4915303925156
  Bound result 2511
  Bound result 366
  Bound result 6281
  Bound result 580
  Bound result 121
  Bound result 595
  Bound result 2
  Bound result 31507865322190010
  Bound result 28608434379695
  Bound result 2132168796771975168
  Bound result 9281203759945411543
  Bound result 4264337593543950332
  Bound result 31488035487547703
  Bound result 2166869304924287904
  Bound result 1147
  Bound result 3621
  Bound result 2830873397552491670
  Bound result 3897
  Bound result 1
  Bound result 7044069
  Bound result 203999455883809257
  Bound result 4264337593543950334
  Bound result 8493960
  Bound result 1849003384170165918
  Bound result 777403326
  Bound result 178
  Bound result 4264337593543950334
  Bound result 5145046621972028632
  Bound result 5338
  Bound result 818
  Bound result 1293222156617143548
  Bound result 326101276
  Bound result 1
  Bound result 417
  Bound result 7
  Bound result 838
  Bound result 7809232682675712016
  Bound result 418
  Bound result 760
  Bound result 79510578686
  Bound result 1699364462521534822
  Bound result 4264337593543950335
  Bound result 4676748801874558531
  Bound result 9938460825481852128
  Bound result 3544
  Bound result 5142
  Bound result 2615625109
  Bound result 1091
  Bound result 732
  Bound result 6006198339005376994
  Bound result 24234276797871036
  Bound result 506
  Bound result 531308241801134521

Suite result: ok. 1 passed; 0 failed; 0 skipped; finished in 351.67s (351.67s CPU time)

Ran 1 test for test/LiquidityRevenueAutomation.t.sol:KeeperGasInvariantTest
[PASS] invariant_refillsRespectGlobalBudgetCooldownAndConserveOperationsFunding() (runs: 512, calls: 256000, reverts: 0)

╭------------------+-----------+-------+---------+----------╮
| Contract         | Selector  | Calls | Reverts | Discards |
+===========================================================+
| KeeperGasHandler | advance   | 36523 | 0       | 0        |
|------------------+-----------+-------+---------+----------|
| KeeperGasHandler | configure | 36622 | 0       | 0        |
|------------------+-----------+-------+---------+----------|
| KeeperGasHandler | fund      | 36673 | 0       | 0        |
|------------------+-----------+-------+---------+----------|
| KeeperGasHandler | pause     | 36492 | 0       | 0        |
|------------------+-----------+-------+---------+----------|
| KeeperGasHandler | recover   | 36650 | 0       | 0        |
|------------------+-----------+-------+---------+----------|
| KeeperGasHandler | refill    | 36348 | 0       | 0        |
|------------------+-----------+-------+---------+----------|
| KeeperGasHandler | spend     | 36692 | 0       | 0        |
╰------------------+-----------+-------+---------+----------╯

Logs:
  Bound result 7883
  Bound result 3037
  Bound result 64336801262325191
  Bound result 455884736523
  Bound result 39
  Bound result 7767
  Bound result 7203
  Bound result 0
  Bound result 2978463013
  Bound result 771
  Bound result 16567
  Bound result 51
  Bound result 9159522714603135174
  Bound result 145149398105940007
  Bound result 42
  Bound result 7662
  Bound result 21364202849196438
  Bound result 308328050651653551
  Bound result 3805
  Bound result 264337593543950335
  Bound result 639
  Bound result 167241
  Bound result 1636
  Bound result 8971406110
  Bound result 152332
  Bound result 1517
  Bound result 1000
  Bound result 3033651092
  Bound result 28
  Bound result 81
  Bound result 101093535608356934
  Bound result 232
  Bound result 5667
  Bound result 7644868997
  Bound result 1
  Bound result 4650
  Bound result 146204
  Bound result 2522
  Bound result 8453
  Bound result 11751843750717
  Bound result 2
  Bound result 264337593543950332
  Bound result 118305
  Bound result 7748
  Bound result 62
  Bound result 2311
  Bound result 24
  Bound result 25922
  Bound result 593
  Bound result 1
  Bound result 264337593543950334
  Bound result 85213
  Bound result 2972037268621612
  Bound result 524
  Bound result 49740
  Bound result 0
  Bound result 26409
  Bound result 89959218614
  Bound result 1061
  Bound result 667
  Bound result 7595
  Bound result 4
  Bound result 2810
  Bound result 103
  Bound result 1314201722
  Bound result 887
  Bound result 35337358437
  Bound result 488
  Bound result 2
  Bound result 18
  Bound result 157687
  Bound result 106490
  Bound result 78
  Bound result 75443
  Bound result 35541415
  Bound result 70
  Bound result 30755
  Bound result 559
  Bound result 2044
  Bound result 43185360160801200
  Bound result 1132
  Bound result 124
  Bound result 1476
  Bound result 8214
  Bound result 63
  Bound result 6898
  Bound result 290672084264932
  Bound result 0
  Bound result 708613269059927250
  Bound result 4100
  Bound result 208215507246997954
  Bound result 1409
  Bound result 211046047441
  Bound result 9201
  Bound result 1
  Bound result 7263441871912623
  Bound result 2019
  Bound result 3040
  Bound result 0
  Bound result 399952195605149
  Bound result 635
  Bound result 68
  Bound result 9429
  Bound result 63378362435237
  Bound result 129791013
  Bound result 3
  Bound result 24
  Bound result 1285
  Bound result 1212
  Bound result 23215
  Bound result 380
  Bound result 293
  Bound result 6921
  Bound result 136953500374468707
  Bound result 528686946576555837
  Bound result 169034
  Bound result 14165639415
  Bound result 2907
  Bound result 104004080181832
  Bound result 8519
  Bound result 471334807697138224
  Bound result 42658
  Bound result 3406
  Bound result 273
  Bound result 138101
  Bound result 46279717781536440
  Bound result 700092544
  Bound result 1757806488670782705
  Bound result 1047
  Bound result 451
  Bound result 35849222
  Bound result 806
  Bound result 205
  Bound result 6494
  Bound result 892642768184016896
  Bound result 1046
  Bound result 6970740580620127
  Bound result 845
  Bound result 122606
  Bound result 6043
  Bound result 820
  Bound result 6935
  Bound result 4566
  Bound result 691300902509194572
  Bound result 539691578181893343
  Bound result 171239
  Bound result 698
  Bound result 53251
  Bound result 39
  Bound result 115967040329957
  Bound result 128494130028601364
  Bound result 8038
  Bound result 10
  Bound result 287808793607774273
  Bound result 3883131048
  Bound result 155226038733990
  Bound result 330677912
  Bound result 558012135
  Bound result 0
  Bound result 10821643006
  Bound result 91365432008253915
  Bound result 1629
  Bound result 22577831
  Bound result 515
  Bound result 1544
  Bound result 1997392780353582
  Bound result 725
  Bound result 149782
  Bound result 776381027422376169
  Bound result 804512812330001074
  Bound result 805
  Bound result 2783
  Bound result 148026
  Bound result 50674746033307792
  Bound result 3
  Bound result 1032984
  Bound result 4312
  Bound result 754
  Bound result 443
  Bound result 2767548
  Bound result 64083
  Bound result 45232
  Bound result 1985395682295221
  Bound result 5471
  Bound result 19
  Bound result 234775353394862484
  Bound result 155615
  Bound result 590726123993
  Bound result 36298106113143132
  Bound result 252806
  Bound result 135995
  Bound result 57182112615
  Bound result 20
  Bound result 766
  Bound result 2948
  Bound result 5770
  Bound result 87960
  Bound result 88
  Bound result 3395723174
  Bound result 4103557658
  Bound result 3171
  Bound result 180
  Bound result 122112
  Bound result 97318489911567444
  Bound result 8698
  Bound result 6844
  Bound result 742207110
  Bound result 8584
  Bound result 2808
  Bound result 353088148872555763
  Bound result 1440227343410424
  Bound result 8491
  Bound result 2164
  Bound result 102477
  Bound result 2676
  Bound result 5
  Bound result 2613716
  Bound result 1175
  Bound result 577
  Bound result 707
  Bound result 29785816085836439
  Bound result 128
  Bound result 1162563281577013
  Bound result 59
  Bound result 825

Suite result: ok. 1 passed; 0 failed; 0 skipped; finished in 359.12s (359.12s CPU time)

Ran 1 test for test/market-v2/TurfV2.t.sol:TurfV2InvariantTest
[PASS] invariant_all_funded_fees_are_paid_or_back_exact_historical_credits_and_escrow() (runs: 512, calls: 256000, reverts: 0)

╭---------------------------+----------------+-------+---------+----------╮
| Contract                  | Selector       | Calls | Reverts | Discards |
+=========================================================================+
| TurfConservationHandlerV2 | advance        | 42413 | 0       | 0        |
|---------------------------+----------------+-------+---------+----------|
| TurfConservationHandlerV2 | claim          | 42697 | 0       | 0        |
|---------------------------+----------------+-------+---------+----------|
| TurfConservationHandlerV2 | conquer        | 43015 | 0       | 0        |
|---------------------------+----------------+-------+---------+----------|
| TurfConservationHandlerV2 | fund           | 42530 | 0       | 0        |
|---------------------------+----------------+-------+---------+----------|
| TurfConservationHandlerV2 | rotateTreasury | 42929 | 0       | 0        |
|---------------------------+----------------+-------+---------+----------|
| TurfConservationHandlerV2 | siegeStep      | 42416 | 0       | 0        |
╰---------------------------+----------------+-------+---------+----------╯

Logs:
  Bound result 4035
  Bound result 1730
  Bound result 12148
  Bound result 2991
  Bound result 12030
  Bound result 1115
  Bound result 3
  Bound result 2472101
  Bound result 3600
  Bound result 10800
  Bound result 3536887
  Bound result 1
  Bound result 18334
  Bound result 26193
  Bound result 12482
  Bound result 5574
  Bound result 1
  Bound result 424335637069219
  Bound result 474432342900223
  Bound result 2952760681171
  Bound result 648111654769575
  Bound result 91200
  Bound result 237934272
  Bound result 218382391207444
  Bound result 24394
  Bound result 1
  Bound result 4296
  Bound result 13747
  Bound result 3
  Bound result 1
  Bound result 48323
  Bound result 164
  Bound result 707
  Bound result 13
  Bound result 142076
  Bound result 23294
  Bound result 9999
  Bound result 424187542546069
  Bound result 337593543950334
  Bound result 27774
  Bound result 158891
  Bound result 1787559222784
  Bound result 2
  Bound result 236949615442291
  Bound result 25756933916
  Bound result 740578969114126
  Bound result 3780333322
  Bound result 517440285
  Bound result 1558
  Bound result 7
  Bound result 3291
  Bound result 12354
  Bound result 164161
  Bound result 7587
  Bound result 819
  Bound result 14482
  Bound result 7566
  Bound result 1343
  Bound result 4441
  Bound result 425975101768852
  Bound result 12402
  Bound result 14057
  Bound result 96250833680509
  Bound result 799166512346589
  Bound result 337593543950332
  Bound result 20825636945
  Bound result 34030
  Bound result 590701324915067
  Bound result 6
  Bound result 125
  Bound result 262655
  Bound result 568604726187524
  Bound result 3301
  Bound result 6614351638
  Bound result 804374212788794
  Bound result 85
  Bound result 10002577416
  Bound result 472395558
  Bound result 337593543950337
  Bound result 142
  Bound result 676049228690708
  Bound result 36308516
  Bound result 8134
  Bound result 533924821747451
  Bound result 23293
  Bound result 307050499538801
  Bound result 408538096408842
  Bound result 6632
  Bound result 5429
  Bound result 46
  Bound result 148176
  Bound result 103386924692
  Bound result 1099
  Bound result 87200
  Bound result 2000
  Bound result 419
  Bound result 1585
  Bound result 3141388447751
  Bound result 5078208147363
  Bound result 735960568781816
  Bound result 496221911076064
  Bound result 1
  Bound result 124960
  Bound result 18868
  Bound result 134994
  Bound result 105442
  Bound result 5649
  Bound result 1281
  Bound result 5788
  Bound result 8699
  Bound result 3
  Bound result 6204
  Bound result 4594636
  Bound result 1057
  Bound result 768
  Bound result 114290
  Bound result 49364
  Bound result 146687421872
  Bound result 25579
  Bound result 1
  Bound result 307050499538801
  Bound result 792012080
  Bound result 699956871907135
  Bound result 1068250429
  Bound result 215531635637052
  Bound result 386
  Bound result 65249
  Bound result 5705
  Bound result 91618938993817
  Bound result 4894
  Bound result 485614890827492
  Bound result 846041561987040
  Bound result 1
  Bound result 150293019894667
  Bound result 10
  Bound result 524
  Bound result 577368612338513
  Bound result 23294
  Bound result 9059798
  Bound result 10340899545
  Bound result 178981798049
  Bound result 2062
  Bound result 9249
  Bound result 566
  Bound result 369525368388402
  Bound result 5538
  Bound result 50
  Bound result 3387
  Bound result 112723663773288
  Bound result 141665
  Bound result 8114
  Bound result 165
  Bound result 1
  Bound result 5028
  Bound result 5181
  Bound result 44005
  Bound result 3
  Bound result 9500
  Bound result 544553745879532
  Bound result 518879074329855
  Bound result 96870283085678
  Bound result 1
  Bound result 4533
  Bound result 510852764513898
  Bound result 83471
  Bound result 289535642
  Bound result 478325708125
  Bound result 24
  Bound result 14350
  Bound result 603903046728638
  Bound result 72444846
  Bound result 7122
  Bound result 96
  Bound result 147091951222663
  Bound result 1179
  Bound result 107477463
  Bound result 4841
  Bound result 16
  Bound result 34071373586863
  Bound result 1431100040
  Bound result 900481721
  Bound result 897636766424284
  Bound result 6448
  Bound result 337593543950335
  Bound result 93946
  Bound result 278398062044738
  Bound result 2123
  Bound result 23270
  Bound result 3955
  Bound result 206753514306579
  Bound result 108482247724468
  Bound result 169168435751654
  Bound result 947869078125391
  Bound result 112723663773289
  Bound result 3313051514715
  Bound result 620739991462378
  Bound result 7136
  Bound result 3830
  Bound result 1267251372
  Bound result 2274
  Bound result 165646
  Bound result 542099548905776
  Bound result 493084676759356
  Bound result 68503
  Bound result 728893011242422
  Bound result 508542454
  Bound result 2
  Bound result 337593543950332
  Bound result 337593543950334
  Bound result 8
  Bound result 59
  Bound result 1
  Bound result 12671
  Bound result 35968
  Bound result 788965396204526
  Bound result 712899850170806
  Bound result 5799
  Bound result 372979411371876
  Bound result 348044706937680
  Bound result 577233829821310
  Bound result 3012
  Bound result 337593543950333
  Bound result 702147312133609
  Bound result 785
  Bound result 109957
  Bound result 25783
  Bound result 53841
  Bound result 1965
  Bound result 151488838029739
  Bound result 410
  Bound result 1
  Bound result 244719184386832
  Bound result 11451
  Bound result 108482247728423
  Bound result 55143
  Bound result 2514228745
  Bound result 1610
  Bound result 22031
  Bound result 779848564881997
  Bound result 66799970560998
  Bound result 97087
  Bound result 3

Suite result: ok. 1 passed; 0 failed; 0 skipped; finished in 421.47s (421.46s CPU time)

Ran 1 test for test/market-v2/OmertaHookV2.t.sol:OmertaHookV2InvariantTest
[PASS] invariant_liabilitiesRemainExactlyFundedInBothCurrencies() (runs: 512, calls: 256000, reverts: 0)

╭------------------------------+------------+-------+---------+----------╮
| Contract                     | Selector   | Calls | Reverts | Discards |
+========================================================================+
| OmertaHookV2InvariantHandler | checkpoint | 85310 | 0       | 0        |
|------------------------------+------------+-------+---------+----------|
| OmertaHookV2InvariantHandler | sweep      | 85449 | 0       | 0        |
|------------------------------+------------+-------+---------+----------|
| OmertaHookV2InvariantHandler | trade      | 85241 | 0       | 0        |
╰------------------------------+------------+-------+---------+----------╯

Logs:
  Bound result 248
  Bound result 4
  Bound result 0
  Bound result 46744257709551430
  Bound result 2
  Bound result 6
  Bound result 4
  Bound result 1
  Bound result 29
  Bound result 99999999000000201
  Bound result 99999999000005099
  Bound result 2
  Bound result 105
  Bound result 3
  Bound result 5902
  Bound result 4
  Bound result 1
  Bound result 99999999000000066
  Bound result 8983031080900275
  Bound result 4
  Bound result 1634
  Bound result 3642
  Bound result 99999999000000199
  Bound result 99999999000004111
  Bound result 86677589806272850
  Bound result 3999999996
  Bound result 2
  Bound result 2270393172114013
  Bound result 4836
  Bound result 6274
  Bound result 99999999122386661
  Bound result 2897
  Bound result 7334
  Bound result 71
  Bound result 14769965817168794
  Bound result 99999999000010002
  Bound result 1
  Bound result 99999999000003757
  Bound result 1
  Bound result 3
  Bound result 76370586712346777
  Bound result 6
  Bound result 2319
  Bound result 1
  Bound result 10464
  Bound result 3
  Bound result 1
  Bound result 8776950227867002
  Bound result 8
  Bound result 3
  Bound result 3
  Bound result 33539
  Bound result 1000000000
  Bound result 4
  Bound result 99999999000020243
  Bound result 1000000000
  Bound result 5
  Bound result 1
  Bound result 2
  Bound result 99999999000000116
  Bound result 3276
  Bound result 1
  Bound result 3
  Bound result 99999999003715265
  Bound result 3434430627850
  Bound result 71692
  Bound result 99999999007707436
  Bound result 1601
  Bound result 4
  Bound result 99999999034873879
  Bound result 99999999000000012
  Bound result 30000000000000000
  Bound result 85968
  Bound result 4921
  Bound result 3
  Bound result 2
  Bound result 16
  Bound result 2
  Bound result 32767
  Bound result 11936
  Bound result 3
  Bound result 1
  Bound result 1
  Bound result 85283
  Bound result 1
  Bound result 4
  Bound result 1000000000000000
  Bound result 580
  Bound result 1000000000
  Bound result 99999999000000092
  Bound result 0
  Bound result 2
  Bound result 1
  Bound result 1
  Bound result 10
  Bound result 99999999000004098
  Bound result 2
  Bound result 1
  Bound result 2
  Bound result 59983
  Bound result 4
  Bound result 20
  Bound result 99999999000000924
  Bound result 59985
  Bound result 7377507176385526
  Bound result 10016
  Bound result 4
  Bound result 3
  Bound result 8
  Bound result 99999999000123457
  Bound result 1
  Bound result 8372
  Bound result 2
  Bound result 56588
  Bound result 1081
  Bound result 1000000002
  Bound result 1
  Bound result 8
  Bound result 61
  Bound result 512
  Bound result 99999999000040963
  Bound result 3012626057
  Bound result 5
  Bound result 3
  Bound result 35023
  Bound result 3
  Bound result 4077918180
  Bound result 84483
  Bound result 4171965956546
  Bound result 11136064832259753
  Bound result 69859595420359970
  Bound result 9999999990
  Bound result 1
  Bound result 2
  Bound result 801
  Bound result 18853
  Bound result 2
  Bound result 3
  Bound result 4078
  Bound result 636
  Bound result 1
  Bound result 99999999000000012
  Bound result 99999999118256613
  Bound result 99999999866765178
  Bound result 41948
  Bound result 27449
  Bound result 99999999000012289
  Bound result 1
  Bound result 84264
  Bound result 1
  Bound result 99999999000024590
  Bound result 2
  Bound result 4896
  Bound result 99999999000200001
  Bound result 99999999000000162
  Bound result 708568910739
  Bound result 1
  Bound result 4
  Bound result 18908
  Bound result 99999999000173952
  Bound result 3
  Bound result 1
  Bound result 23806
  Bound result 243167606094
  Bound result 1
  Bound result 99999999000000116
  Bound result 99999999000001198
  Bound result 34673750319380792
  Bound result 2
  Bound result 99999999000000181
  Bound result 99999999000082116
  Bound result 1
  Bound result 2
  Bound result 1145283938246360
  Bound result 1
  Bound result 99999999000030001
  Bound result 99999999398923688
  Bound result 4
  Bound result 99999999000001282
  Bound result 2
  Bound result 26
  Bound result 432
  Bound result 3
  Bound result 1000000002
  Bound result 14322
  Bound result 1
  Bound result 22
  Bound result 1
  Bound result 57
  Bound result 51313240053346
  Bound result 99999999000008175
  Bound result 53389
  Bound result 10322
  Bound result 0
  Bound result 55188
  Bound result 3
  Bound result 2
  Bound result 12662
  Bound result 42
  Bound result 3
  Bound result 99999999000007973
  Bound result 11
  Bound result 61324
  Bound result 2
  Bound result 99999999000003632
  Bound result 2447
  Bound result 4
  Bound result 62
  Bound result 16
  Bound result 1
  Bound result 3
  Bound result 467
  Bound result 99999999000045064
  Bound result 99999999000029623
  Bound result 38277
  Bound result 22821
  Bound result 27341
  Bound result 4
  Bound result 1
  Bound result 99999999000000504
  Bound result 99999999000002402
  Bound result 88
  Bound result 2159
  Bound result 1
  Bound result 1
  Bound result 1714186181
  Bound result 99999999000173731
  Bound result 900
  Bound result 1
  Bound result 99999999284616441
  Bound result 99999999000000081
  Bound result 99999999000042293
  Bound result 2680
  Bound result 70
  Bound result 59983
  Bound result 803
  Bound result 63859
  Bound result 4
  Bound result 1
  Bound result 8736
  Bound result 4
  Bound result 45567825916
  Bound result 75820057684212697
  Bound result 1
  Bound result 0
  Bound result 27233
  Bound result 1
  Bound result 185102819345543
  Bound result 6993
  Bound result 59986
  Bound result 2
  Bound result 30959
  Bound result 81766
  Bound result 7234344923809740
  Bound result 1000000000
  Bound result 4
  Bound result 3
  Bound result 4
  Bound result 60621
  Bound result 7710
  Bound result 2
  Bound result 183406374227196
  Bound result 1000000002
  Bound result 59986
  Bound result 3
  Bound result 1
  Bound result 23060703875
  Bound result 46744257709551430
  Bound result 57889
  Bound result 4
  Bound result 13916427140026071
  Bound result 2080
  Bound result 4
  Bound result 6961
  Bound result 99999999000003599
  Bound result 38472
  Bound result 17012390030323757
  Bound result 192420322516
  Bound result 53752
  Bound result 2
  Bound result 1
  Bound result 4
  Bound result 5219808113227994
  Bound result 99999999000012611
  Bound result 39980
  Bound result 2
  Bound result 2
  Bound result 99999999408034633
  Bound result 8145
  Bound result 1
  Bound result 4
  Bound result 1
  Bound result 52023
  Bound result 22861
  Bound result 2
  Bound result 71671
  Bound result 255
  Bound result 4
  Bound result 3
  Bound result 99999999000277902
  Bound result 2001
  Bound result 1
  Bound result 3
  Bound result 1
  Bound result 4
  Bound result 1
  Bound result 39055
  Bound result 9655
  Bound result 1
  Bound result 68086
  Bound result 62124
  Bound result 2
  Bound result 1000000001
  Bound result 61609
  Bound result 59986
  Bound result 17875625982999148
  Bound result 1800000000
  Bound result 754
  Bound result 3001
  Bound result 4
  Bound result 57344
  Bound result 106
  Bound result 7
  Bound result 49809
  Bound result 291
  Bound result 4
  Bound result 186
  Bound result 4
  Bound result 59986
  Bound result 3
  Bound result 49152
  Bound result 46744257709551429
  Bound result 1
  Bound result 99999999000003631
  Bound result 99999999000002572
  Bound result 222
  Bound result 99999999256824341
  Bound result 70839
  Bound result 2156425645937784
  Bound result 20000
  Bound result 4
  Bound result 7967
  Bound result 121
  Bound result 1
  Bound result 3
  Bound result 99999999002505601
  Bound result 41123
  Bound result 5466
  Bound result 1201
  Bound result 3646
  Bound result 15501086773238691
  Bound result 95658935304165498
  Bound result 99999999000000151
  Bound result 99999999161497773
  Bound result 87151360999666720
  Bound result 99999999000065262
  Bound result 1
  Bound result 1
  Bound result 38148998657814
  Bound result 7336546606959827
  Bound result 81802
  Bound result 99999999000001789
  Bound result 1
  Bound result 3348908690981240
  Bound result 4
  Bound result 3
  Bound result 2
  Bound result 79478278067928021
  Bound result 1
  Bound result 99999999000002401
  Bound result 60222
  Bound result 26126
  Bound result 2
  Bound result 4
  Bound result 8
  Bound result 119946439462
  Bound result 3
  Bound result 2
  Bound result 8244800329051
  Bound result 38
  Bound result 31488
  Bound result 99999999000000401
  Bound result 99999999032499944
  Bound result 2751
  Bound result 28996
  Bound result 4869
  Bound result 99999999000401992
  Bound result 64116
  Bound result 35579
  Bound result 7019538460574069
  Bound result 11314121505131298
  Bound result 2
  Bound result 28873
  Bound result 848415894982969
  Bound result 31305447866
  Bound result 54140
  Bound result 169999999830
  Bound result 1
  Bound result 2857828936267
  Bound result 99999999001316428
  Bound result 17160
  Bound result 3
  Bound result 46744257709551431
  Bound result 99999999000023225
  Bound result 1
  Bound result 99999999000000169
  Bound result 411548204096
  Bound result 8424
  Bound result 99999999000133653
  Bound result 1
  Bound result 38216
  Bound result 2
  Bound result 9455
  Bound result 1
  Bound result 157045101441727
  Bound result 46744257709551430
  Bound result 63841
  Bound result 4174903184
  Bound result 1
  Bound result 4
  Bound result 10999
  Bound result 99999999000004053
  Bound result 99999999000000082
  Bound result 46744257709551431
  Bound result 44691
  Bound result 95728359962741817
  Bound result 99999999000910278
  Bound result 34796
  Bound result 1000000000
  Bound result 99999999000002191
  Bound result 9
  Bound result 10172629036
  Bound result 2
  Bound result 75820057684212698
  Bound result 69815
  Bound result 12668
  Bound result 128
  Bound result 169775779682
  Bound result 99999999000002388
  Bound result 1800000180
  Bound result 3
  Bound result 1
  Bound result 4
  Bound result 99999999000002511
  Bound result 99999999000014781
  Bound result 2
  Bound result 511
  Bound result 46744257709551430
  Bound result 3000
  Bound result 24968
  Bound result 49999
  Bound result 45518
  Bound result 99999999007034784
  Bound result 16612
  Bound result 3
  Bound result 1
  Bound result 1
  Bound result 57577
  Bound result 1
  Bound result 19085
  Bound result 54993
  Bound result 99999999005937849
  Bound result 18517
  Bound result 99999999000206232
  Bound result 324
  Bound result 1513
  Bound result 265
  Bound result 3
  Bound result 3
  Bound result 79949831500283278
  Bound result 3
  Bound result 1
  Bound result 2
  Bound result 3
  Bound result 25264
  Bound result 299
  Bound result 99999999000032653
  Bound result 3
  Bound result 965
  Bound result 81063
  Bound result 4
  Bound result 2
  Bound result 1000000003
  Bound result 6624745392719432
  Bound result 2
  Bound result 1
  Bound result 23210
  Bound result 13230
  Bound result 10800
  Bound result 61443
  Bound result 164
  Bound result 10
  Bound result 99999999000000312
  Bound result 3
  Bound result 19885
  Bound result 65075
  Bound result 4100
  Bound result 4456
  Bound result 99999999000012017
  Bound result 75820057684212699

Suite result: ok. 1 passed; 0 failed; 0 skipped; finished in 455.82s (455.82s CPU time)

Ran 6 tests for test/SettlementGasPoolInvariant.t.sol:SettlementGasPoolInvariantTest
[PASS] invariant_balance_always_backs_outstanding_credits() (runs: 512, calls: 256000, reverts: 0)

╭--------------------------+------------------+-------+---------+----------╮
| Contract                 | Selector         | Calls | Reverts | Discards |
+==========================================================================+
| SettlementGasPoolHandler | contribute       | 42638 | 0       | 0        |
|--------------------------+------------------+-------+---------+----------|
| SettlementGasPoolHandler | pause            | 42816 | 0       | 0        |
|--------------------------+------------------+-------+---------+----------|
| SettlementGasPoolHandler | recordSettlement | 42691 | 0       | 0        |
|--------------------------+------------------+-------+---------+----------|
| SettlementGasPoolHandler | reduceCaps       | 42676 | 0       | 0        |
|--------------------------+------------------+-------+---------+----------|
| SettlementGasPoolHandler | unpause          | 42330 | 0       | 0        |
|--------------------------+------------------+-------+---------+----------|
| SettlementGasPoolHandler | withdraw         | 42849 | 0       | 0        |
╰--------------------------+------------------+-------+---------+----------╯

[PASS] invariant_known_credit_sum_equals_outstanding() (runs: 512, calls: 256000, reverts: 0)

╭--------------------------+------------------+-------+---------+----------╮
| Contract                 | Selector         | Calls | Reverts | Discards |
+==========================================================================+
| SettlementGasPoolHandler | contribute       | 42638 | 0       | 0        |
|--------------------------+------------------+-------+---------+----------|
| SettlementGasPoolHandler | pause            | 42816 | 0       | 0        |
|--------------------------+------------------+-------+---------+----------|
| SettlementGasPoolHandler | recordSettlement | 42691 | 0       | 0        |
|--------------------------+------------------+-------+---------+----------|
| SettlementGasPoolHandler | reduceCaps       | 42676 | 0       | 0        |
|--------------------------+------------------+-------+---------+----------|
| SettlementGasPoolHandler | unpause          | 42330 | 0       | 0        |
|--------------------------+------------------+-------+---------+----------|
| SettlementGasPoolHandler | withdraw         | 42849 | 0       | 0        |
╰--------------------------+------------------+-------+---------+----------╯

[PASS] invariant_outstanding_equals_recorded_minus_withdrawn() (runs: 512, calls: 256000, reverts: 0)

╭--------------------------+------------------+-------+---------+----------╮
| Contract                 | Selector         | Calls | Reverts | Discards |
+==========================================================================+
| SettlementGasPoolHandler | contribute       | 42638 | 0       | 0        |
|--------------------------+------------------+-------+---------+----------|
| SettlementGasPoolHandler | pause            | 42816 | 0       | 0        |
|--------------------------+------------------+-------+---------+----------|
| SettlementGasPoolHandler | recordSettlement | 42691 | 0       | 0        |
|--------------------------+------------------+-------+---------+----------|
| SettlementGasPoolHandler | reduceCaps       | 42676 | 0       | 0        |
|--------------------------+------------------+-------+---------+----------|
| SettlementGasPoolHandler | unpause          | 42330 | 0       | 0        |
|--------------------------+------------------+-------+---------+----------|
| SettlementGasPoolHandler | withdraw         | 42849 | 0       | 0        |
╰--------------------------+------------------+-------+---------+----------╯

[PASS] invariant_recorded_ghost_conserves_live_and_withdrawn_credits() (runs: 512, calls: 256000, reverts: 0)

╭--------------------------+------------------+-------+---------+----------╮
| Contract                 | Selector         | Calls | Reverts | Discards |
+==========================================================================+
| SettlementGasPoolHandler | contribute       | 42638 | 0       | 0        |
|--------------------------+------------------+-------+---------+----------|
| SettlementGasPoolHandler | pause            | 42816 | 0       | 0        |
|--------------------------+------------------+-------+---------+----------|
| SettlementGasPoolHandler | recordSettlement | 42691 | 0       | 0        |
|--------------------------+------------------+-------+---------+----------|
| SettlementGasPoolHandler | reduceCaps       | 42676 | 0       | 0        |
|--------------------------+------------------+-------+---------+----------|
| SettlementGasPoolHandler | unpause          | 42330 | 0       | 0        |
|--------------------------+------------------+-------+---------+----------|
| SettlementGasPoolHandler | withdraw         | 42849 | 0       | 0        |
╰--------------------------+------------------+-------+---------+----------╯

[PASS] invariant_unreserved_is_exact_balance_minus_liability() (runs: 512, calls: 256000, reverts: 0)

╭--------------------------+------------------+-------+---------+----------╮
| Contract                 | Selector         | Calls | Reverts | Discards |
+==========================================================================+
| SettlementGasPoolHandler | contribute       | 42638 | 0       | 0        |
|--------------------------+------------------+-------+---------+----------|
| SettlementGasPoolHandler | pause            | 42816 | 0       | 0        |
|--------------------------+------------------+-------+---------+----------|
| SettlementGasPoolHandler | recordSettlement | 42691 | 0       | 0        |
|--------------------------+------------------+-------+---------+----------|
| SettlementGasPoolHandler | reduceCaps       | 42676 | 0       | 0        |
|--------------------------+------------------+-------+---------+----------|
| SettlementGasPoolHandler | unpause          | 42330 | 0       | 0        |
|--------------------------+------------------+-------+---------+----------|
| SettlementGasPoolHandler | withdraw         | 42849 | 0       | 0        |
╰--------------------------+------------------+-------+---------+----------╯

[PASS] invariant_withdrawal_ghost_matches_cumulative_withdrawals() (runs: 512, calls: 256000, reverts: 0)

╭--------------------------+------------------+-------+---------+----------╮
| Contract                 | Selector         | Calls | Reverts | Discards |
+==========================================================================+
| SettlementGasPoolHandler | contribute       | 42638 | 0       | 0        |
|--------------------------+------------------+-------+---------+----------|
| SettlementGasPoolHandler | pause            | 42816 | 0       | 0        |
|--------------------------+------------------+-------+---------+----------|
| SettlementGasPoolHandler | recordSettlement | 42691 | 0       | 0        |
|--------------------------+------------------+-------+---------+----------|
| SettlementGasPoolHandler | reduceCaps       | 42676 | 0       | 0        |
|--------------------------+------------------+-------+---------+----------|
| SettlementGasPoolHandler | unpause          | 42330 | 0       | 0        |
|--------------------------+------------------+-------+---------+----------|
| SettlementGasPoolHandler | withdraw         | 42849 | 0       | 0        |
╰--------------------------+------------------+-------+---------+----------╯

Suite result: ok. 6 passed; 0 failed; 0 skipped; finished in 488.21s (1173.93s CPU time)

Ran 84 tests for test/AcquisitionVaultOperator.t.sol:AcquisitionVaultOperatorTest
[PASS] testFuzz_boundedTraceNonceGrowthNeverExceedsSuccessfulOneStepInvalidations(uint8,uint256) (runs: 512, μ: 296819, ~: 289413)
Logs:
  Bound result 6

[PASS] test_O1CompiledAbiDescriptorMembershipPreservesTuplesMutabilityErrorsAndEvents() (gas: 161211570)
[PASS] test_acceptanceAtExpiryIsRejectedAndPermissionlessExpiryClearsWithoutAppointment() (gas: 171348)
[PASS] test_acceptanceRechecksReciprocalPendingOwnerCollision() (gas: 215335)
[PASS] test_acceptanceUsesHalfOpenExpiryBoundary() (gas: 195600)
[PASS] test_activeOperatorSurvivesOwnershipAcceptanceAndNewSafeCanDisableImmediately() (gas: 380968)
[PASS] test_artifactMetadataBindsCompilerConfigSourceHashAndReviewedExternalCallVocabulary() (gas: 485791208)
[PASS] test_authorizationWindowInclusiveEndpointsAndExactErrors() (gas: 244828)
[PASS] test_authorizationWindowRejectsZeroReversedFutureExpiredAndOverLifetime() (gas: 404800)
[PASS] test_cancelAndAcceptMissingProposalUseExactErrorsWithoutNonceStateOrLogs() (gas: 118655)
[PASS] test_constructorPinsImmutableAuthorityAndStartsPausedAndEmpty() (gas: 35040)
[PASS] test_constructorRegistryReturndataBombIsBoundedAndMapsWithoutBubbling() (gas: 2660036)
[PASS] test_constructorRegistrySentinelMapsMalformedAndWalletControlledFailuresToZero() (gas: 680812)
[PASS] test_constructorRegistrySentinelReportsWellFormedWrongChain() (gas: 293126)
[PASS] test_constructorRejectsEoaSafeOnSupportedChain() (gas: 99271)
[PASS] test_constructorRejectsItsOwnAddressAsRegistry() (gas: 234359)
[PASS] test_constructorRejectsWrongChainBeforeBodyPredicates() (gas: 97793)
[PASS] test_constructorRejectsZeroEoaAndCollidingRegistry() (gas: 280705)
[PASS] test_constructorRejectsZeroSafeThroughOwnableBase() (gas: 46977)
[PASS] test_contractSafeCompletesTwoStepOwnershipWithExactEventsAndNoOtherStateChange() (gas: 406260)
[PASS] test_directEoaReplacementIsAtomicIncrementsOnceAndPreservesNonce() (gas: 246606)
[PASS] test_directRenounceRequiresActiveExactCallerAndPreservesNonce() (gas: 231860)
[PASS] test_eip712DomainAndIndependentOutflowHashAreLiteral() (gas: 24345)
[PASS] test_emptyCalldataAndUnknownSelectorsRevert() (gas: 9024)
[PASS] test_eoaAndErc1271ContractsMayAcceptOnlyTheirExactReadyNomination() (gas: 1150538)
[PASS] test_eoaBadLengthHighSInvalidVZeroRecoverAndWrongSignerCollapseToInvalidSignature() (gas: 423997)
[PASS] test_eoaPathUsesEcrecoverPrecompileAndAcceptsCanonical65ByteSignature() (gas: 219736)
[PASS] test_erc1271DeliberateOver100kConsumptionAndMalformedSignatureFailClosed() (gas: 1367872)
[PASS] test_erc1271LargeReturndataIsBoundedAndMapsToInvalidSignatureWithoutBubbling() (gas: 1234549)
[PASS] test_erc1271PathRequestsExactGasAndAcceptsOnlyExact32ByteLeftAlignedMagic() (gas: 1138311)
[PASS] test_erc1271PostcallReserveGuardUsesTheSharedProductionSeam() (gas: 4810442)
[PASS] test_erc1271PrecallGasGuardHasExclusiveInsufficientGasError() (gas: 1147018)
[PASS] test_erc1271StaticReentrancyHitsGuardAndOuterTransitionOccursExactlyOnce() (gas: 1413361)
[PASS] test_erc1271WitnessReadsEveryPretransitionFieldBeforeApplicationStateChanges() (gas: 1212790)
[PASS] test_erc1271WrongMagicAndEveryNon32ReturnLengthFailWithoutWalletDataBubbling() (gas: 1596901)
[PASS] test_exactO1MethodIdentifierAllowlist() (gas: 16141670)
[PASS] test_expiryValidatesMissingIdAndExactTimeBeforeMutation() (gas: 218324)
[PASS] test_failedOwnershipAcceptancePreservesPendingNominationAndEmitsNothing() (gas: 380977)
[PASS] test_literalClosedO1ErrorSelectors() (gas: 9876)
[PASS] test_literalConstantsEnumsAndInitialTupleOrder() (gas: 60758)
[PASS] test_literalConstructorAbiParserIgnoresNestedInputNames() (gas: 550717)
[PASS] test_nominationAndGenerationCountersUseExactExhaustionLabels() (gas: 522500)
[PASS] test_nominationFreezesExactCounterIdTupleAndEvent() (gas: 205345)
[PASS] test_nominationRequiresSafeZeroOperatorNoPendingNonzeroDetailsAndDisjointNominee() (gas: 398655)
[PASS] test_nominationTimestampLastValidAndFirstInvalidAreCheckedWithoutCounterConsumption() (gas: 171030)
[PASS] test_nomineeOnlyAcceptanceAndDisableCallerMatrixAreClosed() (gas: 357567)
[PASS] test_nonceInvalidationRequiresActiveDirectOperatorOneStepAndDetails() (gas: 384191)
[PASS] test_nonceNeverResetsAcrossOwnershipPauseDisableRenounceReappointmentAndReplacement() (gas: 639805)
[PASS] test_nonceTheoreticalUint256BoundaryFailsClosedWithoutWrap() (gas: 364985)
[PASS] test_operatorGenerationMaximumFailsAcceptancePendingDisableActiveDisableRenounceAndReplaceAtomically() (gas: 1055687)
[PASS] test_operatorOnlyAuthorityRejectsSafePendingNomineeRelayAndStrangerWithExactPartition() (gas: 1161739)
[PASS] test_outflowAuthorizationDigestBindsEveryFieldDomainVaultAndLiteralOrder() (gas: 50682)
[PASS] test_ownershipTwoStepRechecksCodeAndCurrentOwnerAtAcceptance() (gas: 209960)
[PASS] test_pauseEmitsExactInheritedThenRiskEvidenceForSafeAndOperatorActors() (gas: 229905)
[PASS] test_pauseRejectsEmptyDetailsAndAlreadyPausedWithoutChangingAuthority() (gas: 93803)
[PASS] test_renounceOwnershipIsUnauthorizedForNonOwnerAndDisabledForOwner() (gas: 28313)
[PASS] test_replacementExactEightStageFirstFailureLadder() (gas: 519239)
[PASS] test_replacementMismatchedConsentIdentityGenerationAndNonceAreStageFour() (gas: 365570)
[PASS] test_replacementReasonAndDetailsHaveClosedStageFiveAndSixErrors() (gas: 277812)
[PASS] test_replacementRejectsZeroSameAndEveryO1RoleCollisionAtStageThree() (gas: 572098)
[PASS] test_replacementRequiresActiveDirectCallerAndRejectsRelay() (gas: 390616)
[PASS] test_runtimeDisassemblerSkipsPushDataAndBansValueAndDelegationOpcodes() (gas: 132525591)
[PASS] test_safeAndActiveOperatorMayPauseButPendingNomineeAndStrangerMayNot() (gas: 448242)
[PASS] test_safeCancellationUsesExactIdDetailsAndNeverAppoints() (gas: 179421)
[PASS] test_safeDisableActiveIsImmediateOneGenerationAndPreservesNonce() (gas: 224924)
[PASS] test_safeDisablePendingEmitsCancellationThenMandatoryZeroToZeroChange() (gas: 192945)
[PASS] test_safeDisableRejectsNoStateAndEmptyDetails() (gas: 221826)
[PASS] test_safeOnlyAuthorityRejectsActiveOperatorPendingNomineeAndStrangersAcrossSurface() (gas: 1639084)
[PASS] test_signatureLengthRejectsEmptyAndOver4096BeforeWalletStorageReadsAndAcceptsExactMaximum() (gas: 1225795)
[PASS] test_successfulOwnershipAcceptanceAtomicallyCancelsPendingNominationAndCannotRevive() (gas: 521382)
[PASS] test_successorHashBindsEveryFieldAndLiteralOrder() (gas: 47699)
[PASS] test_task5ActiveAndPendingIngressAreReciprocalOwnerOperatorCollisions() (gas: 838871)
[PASS] test_task5PendingIngressSurvivesOwnershipHandoffAndAuthorityMovesImmediately() (gas: 488175)
[PASS] test_task5ProductionActivationThenSafeUnpauseSucceedsWithActiveOperator() (gas: 718404)
[PASS] test_task5ReciprocalIngressCollisionIsRecheckedAtOwnerOperatorAcceptanceAndReplacement() (gas: 342298)
[PASS] test_threeProposalNumbersRemainMonotonicAcrossCancelExpireAndAcceptWithExactIds() (gas: 428890)
[PASS] test_transferOwnershipRejectsActiveAndPendingOperator() (gas: 1221622)
[PASS] test_transferOwnershipRejectsUnauthorizedEoaSelfAndRoleCollisionsWithoutLogs() (gas: 203845)
[PASS] test_unpauseIsSafeOnlyAndUsesExactO1LocalReadinessPredicates() (gas: 59670)
[PASS] test_unpauseRejectsEveryO1OwnerOperatorPendingAndImmutableRoleCollisionShape() (gas: 2559215)
[PASS] test_unpauseRejectsRoleCollisionAndDoesNotRequeryRegistryChain() (gas: 117284)
[PASS] test_validatorSeamFreezesExactImmediatePrecallAndPostcallGasBoundaries() (gas: 4806746)
[PASS] test_wrongDomainVaultFieldOrderAndWrongKeySignaturesFailClosed() (gas: 389720)
[PASS] test_zeroOwnershipCandidateOnlyCancelsExistingProposalAndNeverBecomesOwner() (gas: 197172)
Suite result: ok. 84 passed; 0 failed; 0 skipped; finished in 495.26s (8.99s CPU time)

Ran 3 tests for test/ProtocolLiquidityVault.t.sol:ProtocolLiquidityVaultInvariantTest
[PASS] invariant_balances_and_fee_routes_conserve_each_currency() (runs: 512, calls: 256000, reverts: 0)

╭-------------------------------+---------------------+-------+---------+----------╮
| Contract                      | Selector            | Calls | Reverts | Discards |
+==================================================================================+
| ProtocolLiquidityVaultHandler | add                 | 32006 | 0       | 0        |
|-------------------------------+---------------------+-------+---------+----------|
| ProtocolLiquidityVaultHandler | attemptUnauthorized | 31749 | 0       | 0        |
|-------------------------------+---------------------+-------+---------+----------|
| ProtocolLiquidityVaultHandler | collect             | 32093 | 0       | 0        |
|-------------------------------+---------------------+-------+---------+----------|
| ProtocolLiquidityVaultHandler | donate              | 31577 | 0       | 0        |
|-------------------------------+---------------------+-------+---------+----------|
| ProtocolLiquidityVaultHandler | elapse              | 32156 | 0       | 0        |
|-------------------------------+---------------------+-------+---------+----------|
| ProtocolLiquidityVaultHandler | fund                | 31754 | 0       | 0        |
|-------------------------------+---------------------+-------+---------+----------|
| ProtocolLiquidityVaultHandler | pauseResume         | 32173 | 0       | 0        |
|-------------------------------+---------------------+-------+---------+----------|
| ProtocolLiquidityVaultHandler | swap                | 32492 | 0       | 0        |
╰-------------------------------+---------------------+-------+---------+----------╯

Logs:
  Bound result 1000000000000000000
  Bound result 1000000000000000000
  Bound result 1000000000000000000
  Bound result 1000000000000000
  Bound result 412162215483646
  Bound result 2970527303112
  Bound result 14684
  Bound result 5000
  Bound result 75706385317
  Bound result 58
  Bound result 1752405328224326
  Bound result 11354
  Bound result 17081
  Bound result 2322
  Bound result 3775088713940893112
  Bound result 7575738821807613
  Bound result 19614629162616914
  Bound result 345100115939216
  Bound result 2601559962
  Bound result 1838712211707266564
  Bound result 5602683037396293
  Bound result 12735
  Bound result 80112
  Bound result 265032717193
  Bound result 19841495647945980
  Bound result 1098
  Bound result 11249
  Bound result 2480
  Bound result 197322725274319
  Bound result 27248182128471300
  Bound result 103148913190
  Bound result 117129
  Bound result 44325997
  Bound result 38528151073381952
  Bound result 2713530421926127532
  Bound result 2441
  Bound result 93470272434334304
  Bound result 68482743059
  Bound result 12
  Bound result 6
  Bound result 4999999000000000021
  Bound result 2413972018428616017
  Bound result 9
  Bound result 3307903954
  Bound result 4338
  Bound result 159
  Bound result 666497762565
  Bound result 123608910497263
  Bound result 40091532830083447
  Bound result 1671
  Bound result 2524095899945899662
  Bound result 4999999000000049553
  Bound result 4999999000004436367
  Bound result 9999999900006423
  Bound result 9999999900010735
  Bound result 1000000000000
  Bound result 4999999000000000317
  Bound result 22707
  Bound result 4611
  Bound result 35177
  Bound result 84518815323594530
  Bound result 4475714076700779
  Bound result 8058806245025237
  Bound result 9999999900014082
  Bound result 19614629162616915
  Bound result 28411151
  Bound result 7551
  Bound result 1000000000002
  Bound result 2738555267966303918
  Bound result 4999999000000004532
  Bound result 4999999000000011899
  Bound result 99999999999910001
  Bound result 18566
  Bound result 17823
  Bound result 262145
  Bound result 492720784
  Bound result 6153
  Bound result 17
  Bound result 19614629162616915
  Bound result 5269
  Bound result 268
  Bound result 42606050703121034
  Bound result 83997516031985676
  Bound result 1703887353813592
  Bound result 4
  Bound result 533052279891
  Bound result 0
  Bound result 147930
  Bound result 443660848185
  Bound result 3088
  Bound result 2261
  Bound result 983
  Bound result 38583195555602
  Bound result 4999999000000380648
  Bound result 11679359
  Bound result 1330949
  Bound result 8402
  Bound result 1275545515737429784
  Bound result 4999999000000001202
  Bound result 91509
  Bound result 68097041035681043
  Bound result 5627
  Bound result 9999999900000513
  Bound result 4999999000731013600
  Bound result 4999999000000003893
  Bound result 4999999036832515561
  Bound result 355786593720540165
  Bound result 17021
  Bound result 2327
  Bound result 22140
  Bound result 5963
  Bound result 4999999000000000758
  Bound result 50996059247928191
  Bound result 4999999043705433141
  Bound result 126611875522452
  Bound result 100000003
  Bound result 9999999900012560
  Bound result 1406943143778097308
  Bound result 1000000000000
  Bound result 79000
  Bound result 8707727171655859
  Bound result 3488309302037
  Bound result 20014664846490005
  Bound result 3274119913137217949
  Bound result 4999999000000014417
  Bound result 4228111476598242572
  Bound result 13469684
  Bound result 218226
  Bound result 4388
  Bound result 40660411069
  Bound result 116692
  Bound result 100000001
  Bound result 19074
  Bound result 1080
  Bound result 9999999900000754
  Bound result 4637190273503752
  Bound result 2576057398918412
  Bound result 759884644
  Bound result 26950487536669967
  Bound result 3637832843542
  Bound result 11504392026
  Bound result 4999999999999999999
  Bound result 100000000
  Bound result 2997032967955284453
  Bound result 1000000000000
  Bound result 4999999000000006208
  Bound result 4999999000000005421
  Bound result 3
  Bound result 499301209194318
  Bound result 1000229372159
  Bound result 4124
  Bound result 9999999900006728
  Bound result 6479635380561753
  Bound result 8677
  Bound result 4999999000591554265
  Bound result 4999999000000002812
  Bound result 9999999900000695
  Bound result 4999999000000004636
  Bound result 4999999000000004133
  Bound result 7364
  Bound result 5058037622445711
  Bound result 160
  Bound result 14240
  Bound result 5488
  Bound result 4078
  Bound result 820306061428
  Bound result 47611305334573048
  Bound result 0
  Bound result 524
  Bound result 6164631777652638
  Bound result 275082599510385172
  Bound result 4999999000000001345
  Bound result 4999999000359541240
  Bound result 4999999000000005558
  Bound result 4999999000000018502
  Bound result 4999999000000000569
  Bound result 3370697030599914
  Bound result 1015999812
  Bound result 76071793017488722
  Bound result 4999999000000007930
  Bound result 4999999000000001130
  Bound result 96968283034681400
  Bound result 2892301158866962
  Bound result 4999999000000001503
  Bound result 4999999000000016907
  Bound result 2564126496627132259
  Bound result 17585057506445591
  Bound result 106
  Bound result 0
  Bound result 3976
  Bound result 7135
  Bound result 1013
  Bound result 4999999000000014927
  Bound result 4999999000000002459
  Bound result 2060655942745202912
  Bound result 46503552969465
  Bound result 1028210816708035850
  Bound result 11828
  Bound result 7863274039707170
  Bound result 76106
  Bound result 4666
  Bound result 58619206952699755
  Bound result 529456679
  Bound result 4999999000000006373
  Bound result 4943139936648422486
  Bound result 39600
  Bound result 5
  Bound result 89065102130610
  Bound result 4999999000000001763
  Bound result 704483714076701178
  Bound result 6078
  Bound result 1997927741732369215
  Bound result 4999999004257039114
  Bound result 4999999000000004828
  Bound result 4999999000000000856
  Bound result 1000000000001
  Bound result 1000000000001
  Bound result 9999999900003371
  Bound result 29
  Bound result 9025
  Bound result 7082718354059
  Bound result 1
  Bound result 517938095618
  Bound result 60839393060052420
  Bound result 25445183547855914
  Bound result 1664687258971
  Bound result 7166
  Bound result 4422
  Bound result 31489497
  Bound result 3
  Bound result 992
  Bound result 4900008577698314661
  Bound result 1000000000000
  Bound result 4999999000000012657
  Bound result 4999999000000005352
  Bound result 10417
  Bound result 870038791519552
  Bound result 1000000000002
  Bound result 4438997342695796394
  Bound result 1097639349886321508
  Bound result 100000001
  Bound result 9579
  Bound result 4647
  Bound result 112328
  Bound result 0
  Bound result 38004070121467882
  Bound result 40320215340840312
  Bound result 18576
  Bound result 52921504606846964
  Bound result 2422625067131655670
  Bound result 4999999000000012362
  Bound result 1132440027355505219
  Bound result 3300942216960689
  Bound result 25
  Bound result 9999999900000768
  Bound result 4999999000223916508
  Bound result 4999999000000021288
  Bound result 185
  Bound result 3588
  Bound result 171241
  Bound result 19614629162616914
  Bound result 773093
  Bound result 84051
  Bound result 4999999000000002645
  Bound result 39259273044904675
  Bound result 10557
  Bound result 19571308756037042
  Bound result 4999999002439649224
  Bound result 4999999000000002068
  Bound result 20
  Bound result 9999999900011981
  Bound result 9999999900009499
  Bound result 13563651388450
  Bound result 9999999900015117
  Bound result 4999999000000000097
  Bound result 3850464714930622074
  Bound result 4283818818
  Bound result 2
  Bound result 6856700230057
  Bound result 1049767377560439520
  Bound result 10295457470603
  Bound result 37385716629038452
  Bound result 89723800726
  Bound result 8953524783150426
  Bound result 4999999000177362149
  Bound result 4999999000000020610
  Bound result 9999999900221894
  Bound result 6164
  Bound result 4999999000000011679
  Bound result 4999999000000004419
  Bound result 4999999000000007122
  Bound result 4999999000000002625
  Bound result 66438
  Bound result 657651
  Bound result 93342103709947283
  Bound result 4353
  Bound result 7863274039707170
  Bound result 10098
  Bound result 864
  Bound result 3010256989640725
  Bound result 222139217141460476
  Bound result 97436
  Bound result 4999999000000013769
  Bound result 2617997348660891442
  Bound result 4611573200899414609
  Bound result 9999999900004733
  Bound result 4900008577698314662
  Bound result 1000000000000
  Bound result 35195
  Bound result 3
  Bound result 4757
  Bound result 5274
  Bound result 5786
  Bound result 705
  Bound result 1159
  Bound result 19614625854712964
  Bound result 16319509002
  Bound result 2293281818472739435
  Bound result 1000000000002
  Bound result 8769
  Bound result 80303066763973362
  Bound result 4006501111308481345
  Bound result 1000000000003
  Bound result 4999999000000002291
  Bound result 4999999000000006882
  Bound result 2874847360980838492
  Bound result 35760036164898853
  Bound result 95017762500749
  Bound result 7039
  Bound result 0
  Bound result 333201733
  Bound result 4999999000000013574
  Bound result 4999999000000004628
  Bound result 634437450335274050
  Bound result 4999999000000000621
  Bound result 15464
  Bound result 19197
  Bound result 27638026387099934
  Bound result 51511794604982354
  Bound result 129264
  Bound result 3335344743944354939
  Bound result 3370697030599914
  Bound result 1771843048431976394
  Bound result 550342955
  Bound result 133414
  Bound result 34893
  Bound result 56624
  Bound result 0
  Bound result 9999999957323281
  Bound result 9999999900090002
  Bound result 1659545764273129047
  Bound result 4750024711057237317
  Bound result 76674718264652738
  Bound result 19614629162616914
  Bound result 4900008577698314662
  Bound result 1000000000001
  Bound result 806898635507740
  Bound result 1000000000001
  Bound result 94654002266746914
  Bound result 28595247463395132
  Bound result 459246844815930507
  Bound result 2616691051
  Bound result 29743
  Bound result 22782367458
  Bound result 52135785013518
  Bound result 188726262
  Bound result 33599187349284590
  Bound result 9999999900013106
  Bound result 1514560194802184521
  Bound result 1609871065545786629
  Bound result 3606541845173030
  Bound result 1111419080287828
  Bound result 88701631653231127
  Bound result 4999999002076946027
  Bound result 4999999000000006807
  Bound result 1048834705830596
  Bound result 60121822
  Bound result 4999999000000018210
  Bound result 3870065747986649458
  Bound result 53088394539776007
  Bound result 9999999900008775
  Bound result 9290611701416698
  Bound result 3
  Bound result 9
  Bound result 5894832174789112
  Bound result 8611
  Bound result 244000101017736239
  Bound result 4999999000000006735
  Bound result 1767
  Bound result 7126
  Bound result 9999999900000253
  Bound result 25
  Bound result 567550
  Bound result 160
  Bound result 9999999900022441
  Bound result 254789343134794
  Bound result 48412709475438801
  Bound result 288149634
  Bound result 2956
  Bound result 100000000
  Bound result 1701640694
  Bound result 200650771919017265
  Bound result 4900008577698314662
  Bound result 1
  Bound result 163840
  Bound result 4999999000000012996
  Bound result 4999999001877468909
  Bound result 9999999900000852
  Bound result 4999999000000010083
  Bound result 4999999000000002123
  Bound result 8716381591860218
  Bound result 42
  Bound result 6575
  Bound result 32675
  Bound result 7625466
  Bound result 53927318693916487
  Bound result 957625572
  Bound result 46834991830
  Bound result 9999999900014144
  Bound result 224748000415
  Bound result 4999999000000000025
  Bound result 2594826628422154623
  Bound result 4254337593643936192
  Bound result 6275
  Bound result 8709649864871
  Bound result 4999999000000051455
  Bound result 61359759946
  Bound result 2
  Bound result 4845624342262164909
  Bound result 4999999000000349537
  Bound result 4360541312438899210
  Bound result 3712372878
  Bound result 40786
  Bound result 2
  Bound result 1
  Bound result 4999999000000018301
  Bound result 4999999000000000986
  Bound result 4999999000000002324
  Bound result 4999999000000008569
  Bound result 100000002
  Bound result 4999999000000021852
  Bound result 4999999000000011477
  Bound result 658982032950180780
  Bound result 599
  Bound result 25445183547855914
  Bound result 6658
  Bound result 99975
  Bound result 4
  Bound result 1709483302584149
  Bound result 4487179835682947661
  Bound result 4999999000000013567
  Bound result 4999999000000013753
  Bound result 4744486034644477897
  Bound result 4934043041465995500
  Bound result 4999999000826074473
  Bound result 9999999900026627
  Bound result 16195
  Bound result 4012472417915603554
  Bound result 4999999000000000014
  Bound result 95532062370584
  Bound result 4842255092728672048
  Bound result 86763
  Bound result 70393358564343058
  Bound result 70393358564343059
  Bound result 1595347713256641
  Bound result 4264337593543950332
  Bound result 586118292826603506
  Bound result 3194613918055899636
  Bound result 4999999000000008554

[PASS] invariant_paused_and_warming_custody_cannot_report_healthy() (runs: 512, calls: 256000, reverts: 0)

╭-------------------------------+---------------------+-------+---------+----------╮
| Contract                      | Selector            | Calls | Reverts | Discards |
+==================================================================================+
| ProtocolLiquidityVaultHandler | add                 | 32006 | 0       | 0        |
|-------------------------------+---------------------+-------+---------+----------|
| ProtocolLiquidityVaultHandler | attemptUnauthorized | 31749 | 0       | 0        |
|-------------------------------+---------------------+-------+---------+----------|
| ProtocolLiquidityVaultHandler | collect             | 32093 | 0       | 0        |
|-------------------------------+---------------------+-------+---------+----------|
| ProtocolLiquidityVaultHandler | donate              | 31577 | 0       | 0        |
|-------------------------------+---------------------+-------+---------+----------|
| ProtocolLiquidityVaultHandler | elapse              | 32156 | 0       | 0        |
|-------------------------------+---------------------+-------+---------+----------|
| ProtocolLiquidityVaultHandler | fund                | 31754 | 0       | 0        |
|-------------------------------+---------------------+-------+---------+----------|
| ProtocolLiquidityVaultHandler | pauseResume         | 32173 | 0       | 0        |
|-------------------------------+---------------------+-------+---------+----------|
| ProtocolLiquidityVaultHandler | swap                | 32492 | 0       | 0        |
╰-------------------------------+---------------------+-------+---------+----------╯

Logs:
  Bound result 1000000000000000000
  Bound result 1000000000000000000
  Bound result 1000000000000000000
  Bound result 1000000000000000
  Bound result 412162215483646
  Bound result 2970527303112
  Bound result 14684
  Bound result 5000
  Bound result 75706385317
  Bound result 58
  Bound result 1752405328224326
  Bound result 8721
  Bound result 17196
  Bound result 9692
  Bound result 3775088713940893112
  Bound result 7575738821807613
  Bound result 19614629162616914
  Bound result 345100115939216
  Bound result 2601559962
  Bound result 1838712211707266564
  Bound result 5602683037396293
  Bound result 51471
  Bound result 80112
  Bound result 265032717193
  Bound result 19841495647945980
  Bound result 1097
  Bound result 11283
  Bound result 2042253464
  Bound result 197322725274319
  Bound result 27248182128471300
  Bound result 103148913190
  Bound result 117129
  Bound result 44325997
  Bound result 38528151073381952
  Bound result 2713530421926127532
  Bound result 2441
  Bound result 93470272434334304
  Bound result 68482743059
  Bound result 12
  Bound result 6
  Bound result 4999999000000000021
  Bound result 2413972018428616017
  Bound result 9
  Bound result 9999999900006237
  Bound result 1768424985
  Bound result 159
  Bound result 666497762565
  Bound result 123608910497263
  Bound result 40091532830083447
  Bound result 18641
  Bound result 2524095899945899662
  Bound result 4999999000000049553
  Bound result 4999999000004436367
  Bound result 9999999900002236
  Bound result 9999999900010879
  Bound result 1000000000000
  Bound result 4999999000000000317
  Bound result 12876
  Bound result 4551
  Bound result 46692
  Bound result 84518815323594530
  Bound result 4475714076700779
  Bound result 8058806245025237
  Bound result 9999999900013526
  Bound result 19614629162616915
  Bound result 28411151
  Bound result 7393
  Bound result 1000000000002
  Bound result 2738555267966303918
  Bound result 4999999000000004474
  Bound result 4999999000614283753
  Bound result 91600407665522740
  Bound result 17442
  Bound result 18184
  Bound result 12274
  Bound result 13365
  Bound result 6088
  Bound result 17
  Bound result 19614629162616915
  Bound result 1640
  Bound result 10814
  Bound result 42606050703121034
  Bound result 83997516031985676
  Bound result 1703887353813591
  Bound result 4
  Bound result 533052279891
  Bound result 0
  Bound result 147930
  Bound result 443660848185
  Bound result 8578
  Bound result 2199
  Bound result 1177
  Bound result 38583195555602
  Bound result 4999999000000380648
  Bound result 11679359
  Bound result 1330949
  Bound result 8411
  Bound result 4999999000000001131
  Bound result 4999999000000001230
  Bound result 91509
  Bound result 2514
  Bound result 6100
  Bound result 9999999900000513
  Bound result 4999999000000010639
  Bound result 4999999000120772533
  Bound result 4999999036832515561
  Bound result 355786593720540165
  Bound result 15367
  Bound result 67
  Bound result 22660
  Bound result 5787
  Bound result 4999999000000000758
  Bound result 50996059247928191
  Bound result 4999999043705433141
  Bound result 126611875522452
  Bound result 100000003
  Bound result 9999999900012432
  Bound result 1406943143778097308
  Bound result 1000000000000
  Bound result 79000
  Bound result 8707727171655859
  Bound result 3488309302037
  Bound result 20014664846490005
  Bound result 3274119913137217949
  Bound result 4999999000000020504
  Bound result 1702487867092376
  Bound result 13469684
  Bound result 218226
  Bound result 292
  Bound result 40660411069
  Bound result 116692
  Bound result 100000001
  Bound result 18239
  Bound result 1244
  Bound result 9999999900000754
  Bound result 4637190273503752
  Bound result 2576057398918412
  Bound result 759884644
  Bound result 26950487536669967
  Bound result 3637832843542
  Bound result 11504392026
  Bound result 5528
  Bound result 100000000
  Bound result 2997032967955284453
  Bound result 1000000000000
  Bound result 4999999000000012523
  Bound result 4999999000000004444
  Bound result 3
  Bound result 499301209194318
  Bound result 9999999900225001
  Bound result 2902
  Bound result 9999999900006588
  Bound result 1313373040
  Bound result 7986
  Bound result 4999999000000000458
  Bound result 4900008577698314664
  Bound result 2260123261
  Bound result 1000000000001
  Bound result 4999999000000003107
  Bound result 6622
  Bound result 5058037622445711
  Bound result 160
  Bound result 53456257818775982
  Bound result 4970
  Bound result 4078
  Bound result 820306061428
  Bound result 47611305334573048
  Bound result 0
  Bound result 524
  Bound result 6164631777652638
  Bound result 4757333422788290396
  Bound result 4999999000000001539
  Bound result 4999999000000000866
  Bound result 4999999000000002564
  Bound result 4999999000000018300
  Bound result 4999999000000000559
  Bound result 3370697030599914
  Bound result 1015999812
  Bound result 76071793017488722
  Bound result 4999999000000011325
  Bound result 4999999000000000670
  Bound result 96968283034681400
  Bound result 2892301158866962
  Bound result 4999999000000018485
  Bound result 4999999000000015491
  Bound result 2564126496627132259
  Bound result 17585057506445591
  Bound result 106
  Bound result 0
  Bound result 3976
  Bound result 126672
  Bound result 1013
  Bound result 4999999000000014634
  Bound result 4999999000000002372
  Bound result 2060655942745202912
  Bound result 46503552969465
  Bound result 1028210816708035850
  Bound result 11613
  Bound result 7863274039707170
  Bound result 76106
  Bound result 1121
  Bound result 51126641650753645
  Bound result 529456679
  Bound result 4999999000000006373
  Bound result 4943139936648422486
  Bound result 140841
  Bound result 5
  Bound result 89065102130610
  Bound result 4999999000000000589
  Bound result 4931418221248964997
  Bound result 2461
  Bound result 1997927741732369215
  Bound result 4999999004257039114
  Bound result 4999999000000004942
  Bound result 4900008577698314664
  Bound result 1000000000001
  Bound result 1000000000001
  Bound result 9999999900003935
  Bound result 29
  Bound result 8577
  Bound result 7082718354059
  Bound result 1
  Bound result 517938095618
  Bound result 60839393060052420
  Bound result 25445183547855914
  Bound result 1664687258971
  Bound result 5522
  Bound result 2938
  Bound result 31489497
  Bound result 3
  Bound result 992
  Bound result 4900008577698314661
  Bound result 1000000000000
  Bound result 4999999000000015275
  Bound result 4999999000000005351
  Bound result 9248
  Bound result 870038791519552
  Bound result 1000000000002
  Bound result 4438997342695796394
  Bound result 1097639349886321508
  Bound result 100000001
  Bound result 7566
  Bound result 2056570212
  Bound result 130282
  Bound result 0
  Bound result 38004070121467882
  Bound result 40320215340840312
  Bound result 16431
  Bound result 12584
  Bound result 2084877285015972075
  Bound result 3882259100982708809
  Bound result 1132440027355505219
  Bound result 3300942216960689
  Bound result 25
  Bound result 8163215433027529
  Bound result 4999999000223916508
  Bound result 4999999000000012943
  Bound result 185
  Bound result 7004
  Bound result 171241
  Bound result 19614629162616914
  Bound result 773093
  Bound result 84051
  Bound result 4999999000000002405
  Bound result 244000101017736238
  Bound result 10557
  Bound result 19571308756037042
  Bound result 1747697783349281563
  Bound result 4999999000000001703
  Bound result 20
  Bound result 9999999900009433
  Bound result 9999999900007695
  Bound result 13563651388450
  Bound result 9999999900014991
  Bound result 770286341992919305
  Bound result 3008115057198270600
  Bound result 9999999900003220
  Bound result 2
  Bound result 6856700230057
  Bound result 1049767377560439520
  Bound result 10295457470603
  Bound result 37385716629038452
  Bound result 89723800726
  Bound result 8953524783150426
  Bound result 4999999000000004463
  Bound result 4999999000000020545
  Bound result 9999999900221894
  Bound result 10464
  Bound result 4999999000000010628
  Bound result 4999999000000003971
  Bound result 4999999000000004932
  Bound result 4999999000000002113
  Bound result 97987
  Bound result 657651
  Bound result 93342103709947283
  Bound result 1570
  Bound result 39619420596481156
  Bound result 8075
  Bound result 864
  Bound result 3010256989640725
  Bound result 222139217141460476
  Bound result 97436
  Bound result 4999999000000013028
  Bound result 253849692413350416
  Bound result 4611573200899414609
  Bound result 9999999900004526
  Bound result 4900008577698314662
  Bound result 1000000000000
  Bound result 35195
  Bound result 3
  Bound result 5670
  Bound result 4826
  Bound result 5482
  Bound result 705
  Bound result 1031
  Bound result 7400
  Bound result 16319509002
  Bound result 2293281818472739435
  Bound result 1000000000002
  Bound result 8223
  Bound result 17887
  Bound result 4006501111308481345
  Bound result 1000000000003
  Bound result 4999999000000000638
  Bound result 4604259276747370764
  Bound result 2874847360980838492
  Bound result 35760036164898853
  Bound result 95017762500749
  Bound result 7039
  Bound result 0
  Bound result 333201733
  Bound result 4999999000000012787
  Bound result 4999999000000002461
  Bound result 725698178114999647
  Bound result 4999999000000000620
  Bound result 13883
  Bound result 17088
  Bound result 27638026387099934
  Bound result 51511794604982354
  Bound result 129264
  Bound result 4027425350999326903
  Bound result 4542081363298290662
  Bound result 1771843048431976394
  Bound result 550342955
  Bound result 133414
  Bound result 34893
  Bound result 56624
  Bound result 0
  Bound result 9999999957323281
  Bound result 9999999900090002
  Bound result 4999999001313373043
  Bound result 4195299982455628064
  Bound result 76674718264652738
  Bound result 19614629162616914
  Bound result 4900008577698314662
  Bound result 1000000000001
  Bound result 806898635507740
  Bound result 1000000000001
  Bound result 94654002266746914
  Bound result 28595247463395132
  Bound result 459246844815930507
  Bound result 648
  Bound result 29743
  Bound result 22782367458
  Bound result 52135785013518
  Bound result 188726262
  Bound result 33599187349284590
  Bound result 9999999900002429
  Bound result 1514560194802184521
  Bound result 1609871065545786629
  Bound result 5871567324791667
  Bound result 1111419080287828
  Bound result 88701631653231127
  Bound result 4999999002076946027
  Bound result 4999999000000006807
  Bound result 1048834705830596
  Bound result 60121822
  Bound result 4999999000000016999
  Bound result 4999999000000000613
  Bound result 53088394539776007
  Bound result 9999999900011333
  Bound result 9290611701416698
  Bound result 3
  Bound result 9
  Bound result 5894832174789112
  Bound result 46383
  Bound result 3268098677333438717
  Bound result 4999999000000006271
  Bound result 2509
  Bound result 6235
  Bound result 9999999900000253
  Bound result 25
  Bound result 567550
  Bound result 160
  Bound result 9999999900022441
  Bound result 254789343134794
  Bound result 48412709475438801
  Bound result 288149634
  Bound result 2340
  Bound result 100000000
  Bound result 5072157455654771
  Bound result 200650771919017265
  Bound result 4900008577698314662
  Bound result 8309
  Bound result 163840
  Bound result 4999999001700000001
  Bound result 4999999000000008716
  Bound result 9999999900000599
  Bound result 4999999000000009709
  Bound result 4999999000000005691
  Bound result 9999999900408905
  Bound result 42
  Bound result 6575
  Bound result 32675
  Bound result 7625466
  Bound result 53927318693916487
  Bound result 4242970870
  Bound result 46834991830
  Bound result 9999999900016544
  Bound result 224748000415
  Bound result 4999999000000000025
  Bound result 2594826628422154623
  Bound result 4254337593643933792
  Bound result 5830
  Bound result 8709649864871
  Bound result 4999999000000051455
  Bound result 61359759946
  Bound result 2
  Bound result 4845624342262164909
  Bound result 4999999000000349537
  Bound result 1740320215340840429
  Bound result 9999999900002702
  Bound result 40786
  Bound result 2
  Bound result 1
  Bound result 4999999000000017814
  Bound result 4999999000000017980
  Bound result 4999999002895532250
  Bound result 4999999000000006800
  Bound result 100000002
  Bound result 4999999000000020824
  Bound result 4999999000000010597
  Bound result 658982032950180780
  Bound result 599
  Bound result 1701003768
  Bound result 6909
  Bound result 99975
  Bound result 4
  Bound result 1709483302584149
  Bound result 4487179835682947661
  Bound result 4803597064036611343
  Bound result 4999999000000012255
  Bound result 4793113618432218682
  Bound result 2284495940356055370
  Bound result 4999999000000003794
  Bound result 9999999900026627
  Bound result 15885
  Bound result 4012472417915603554
  Bound result 4999999000000000014
  Bound result 95532062370584
  Bound result 4842255092728672048
  Bound result 86763
  Bound result 29217412144677941
  Bound result 29217412144677942
  Bound result 1595347713256641
  Bound result 4264337593543950332
  Bound result 586118292826603506
  Bound result 955787236154229829
  Bound result 4999999000000013083

[PASS] invariant_principal_custody_and_liquidity_are_monotonic() (runs: 512, calls: 256000, reverts: 0)

╭-------------------------------+---------------------+-------+---------+----------╮
| Contract                      | Selector            | Calls | Reverts | Discards |
+==================================================================================+
| ProtocolLiquidityVaultHandler | add                 | 32006 | 0       | 0        |
|-------------------------------+---------------------+-------+---------+----------|
| ProtocolLiquidityVaultHandler | attemptUnauthorized | 31749 | 0       | 0        |
|-------------------------------+---------------------+-------+---------+----------|
| ProtocolLiquidityVaultHandler | collect             | 32093 | 0       | 0        |
|-------------------------------+---------------------+-------+---------+----------|
| ProtocolLiquidityVaultHandler | donate              | 31577 | 0       | 0        |
|-------------------------------+---------------------+-------+---------+----------|
| ProtocolLiquidityVaultHandler | elapse              | 32156 | 0       | 0        |
|-------------------------------+---------------------+-------+---------+----------|
| ProtocolLiquidityVaultHandler | fund                | 31754 | 0       | 0        |
|-------------------------------+---------------------+-------+---------+----------|
| ProtocolLiquidityVaultHandler | pauseResume         | 32173 | 0       | 0        |
|-------------------------------+---------------------+-------+---------+----------|
| ProtocolLiquidityVaultHandler | swap                | 32492 | 0       | 0        |
╰-------------------------------+---------------------+-------+---------+----------╯

Logs:
  Bound result 1000000000000000000
  Bound result 1000000000000000000
  Bound result 1000000000000000000
  Bound result 1000000000000000
  Bound result 412162215483646
  Bound result 2970527303112
  Bound result 14684
  Bound result 5000
  Bound result 75706385317
  Bound result 58
  Bound result 1752405328224326
  Bound result 8721
  Bound result 17196
  Bound result 9692
  Bound result 3775088713940893112
  Bound result 7575738821807613
  Bound result 19614629162616914
  Bound result 345100115939216
  Bound result 2601559962
  Bound result 1838712211707266564
  Bound result 5602683037396293
  Bound result 51471
  Bound result 80112
  Bound result 265032717193
  Bound result 19841495647945980
  Bound result 1097
  Bound result 11283
  Bound result 2042253464
  Bound result 197322725274319
  Bound result 27248182128471300
  Bound result 103148913190
  Bound result 117129
  Bound result 44325997
  Bound result 38528151073381952
  Bound result 2713530421926127532
  Bound result 2441
  Bound result 93470272434334304
  Bound result 68482743059
  Bound result 12
  Bound result 6
  Bound result 4999999000000000021
  Bound result 2413972018428616017
  Bound result 9
  Bound result 9999999900006237
  Bound result 1768424985
  Bound result 159
  Bound result 666497762565
  Bound result 123608910497263
  Bound result 40091532830083447
  Bound result 18641
  Bound result 2524095899945899662
  Bound result 4999999000000049553
  Bound result 4999999000004436367
  Bound result 9999999900002236
  Bound result 9999999900010879
  Bound result 1000000000000
  Bound result 4999999000000000317
  Bound result 12876
  Bound result 4551
  Bound result 46692
  Bound result 84518815323594530
  Bound result 4475714076700779
  Bound result 8058806245025237
  Bound result 9999999900013526
  Bound result 19614629162616915
  Bound result 28411151
  Bound result 7393
  Bound result 1000000000002
  Bound result 2738555267966303918
  Bound result 4999999000000004474
  Bound result 4999999000614283753
  Bound result 91600407665522740
  Bound result 17442
  Bound result 18184
  Bound result 12274
  Bound result 13365
  Bound result 6088
  Bound result 17
  Bound result 19614629162616915
  Bound result 1640
  Bound result 10814
  Bound result 42606050703121034
  Bound result 83997516031985676
  Bound result 1703887353813591
  Bound result 4
  Bound result 533052279891
  Bound result 0
  Bound result 147930
  Bound result 443660848185
  Bound result 8578
  Bound result 2199
  Bound result 1177
  Bound result 38583195555602
  Bound result 4999999000000380648
  Bound result 11679359
  Bound result 1330949
  Bound result 8411
  Bound result 4999999000000001131
  Bound result 4999999000000001230
  Bound result 91509
  Bound result 2514
  Bound result 6100
  Bound result 9999999900000513
  Bound result 4999999000000010639
  Bound result 4999999000120772533
  Bound result 4999999036832515561
  Bound result 355786593720540165
  Bound result 15367
  Bound result 67
  Bound result 22660
  Bound result 5787
  Bound result 4999999000000000758
  Bound result 50996059247928191
  Bound result 4999999043705433141
  Bound result 126611875522452
  Bound result 100000003
  Bound result 9999999900012432
  Bound result 1406943143778097308
  Bound result 1000000000000
  Bound result 79000
  Bound result 8707727171655859
  Bound result 3488309302037
  Bound result 20014664846490005
  Bound result 3274119913137217949
  Bound result 4999999000000020504
  Bound result 1702487867092376
  Bound result 13469684
  Bound result 218226
  Bound result 292
  Bound result 40660411069
  Bound result 116692
  Bound result 100000001
  Bound result 18239
  Bound result 1244
  Bound result 9999999900000754
  Bound result 4637190273503752
  Bound result 2576057398918412
  Bound result 759884644
  Bound result 26950487536669967
  Bound result 3637832843542
  Bound result 11504392026
  Bound result 5528
  Bound result 100000000
  Bound result 2997032967955284453
  Bound result 1000000000000
  Bound result 4999999000000012523
  Bound result 4999999000000004444
  Bound result 3
  Bound result 499301209194318
  Bound result 9999999900225001
  Bound result 2902
  Bound result 9999999900006588
  Bound result 1313373040
  Bound result 7986
  Bound result 4999999000000000458
  Bound result 4900008577698314664
  Bound result 2260123261
  Bound result 1000000000001
  Bound result 4999999000000003107
  Bound result 6622
  Bound result 5058037622445711
  Bound result 160
  Bound result 53456257818775982
  Bound result 4970
  Bound result 4078
  Bound result 820306061428
  Bound result 47611305334573048
  Bound result 0
  Bound result 524
  Bound result 6164631777652638
  Bound result 4757333422788290396
  Bound result 4999999000000001539
  Bound result 4999999000000000866
  Bound result 4999999000000002564
  Bound result 4999999000000018300
  Bound result 4999999000000000559
  Bound result 3370697030599914
  Bound result 1015999812
  Bound result 76071793017488722
  Bound result 4999999000000011325
  Bound result 4999999000000000670
  Bound result 96968283034681400
  Bound result 2892301158866962
  Bound result 4999999000000018485
  Bound result 4999999000000015491
  Bound result 2564126496627132259
  Bound result 17585057506445591
  Bound result 106
  Bound result 0
  Bound result 3976
  Bound result 126672
  Bound result 1013
  Bound result 4999999000000014634
  Bound result 4999999000000002372
  Bound result 2060655942745202912
  Bound result 46503552969465
  Bound result 1028210816708035850
  Bound result 11613
  Bound result 7863274039707170
  Bound result 76106
  Bound result 1121
  Bound result 42045228680953700
  Bound result 529456679
  Bound result 4999999000000006373
  Bound result 4943139936648422486
  Bound result 140841
  Bound result 5
  Bound result 89065102130610
  Bound result 4999999000000000589
  Bound result 1230252109917171532
  Bound result 15005
  Bound result 1997927741732369215
  Bound result 4999999004257039114
  Bound result 4999999000000004942
  Bound result 4900008577698314664
  Bound result 1000000000001
  Bound result 1000000000001
  Bound result 9999999900003935
  Bound result 29
  Bound result 8140
  Bound result 7082718354059
  Bound result 1
  Bound result 517938095618
  Bound result 60839393060052420
  Bound result 25445183547855914
  Bound result 1664687258971
  Bound result 5497
  Bound result 17814
  Bound result 31489497
  Bound result 3
  Bound result 992
  Bound result 4900008577698314661
  Bound result 1000000000000
  Bound result 4999999000000012064
  Bound result 4999999000000005351
  Bound result 9249
  Bound result 870038791519552
  Bound result 1000000000002
  Bound result 4438997342695796394
  Bound result 1097639349886321508
  Bound result 100000001
  Bound result 7637
  Bound result 2056570214
  Bound result 130284
  Bound result 0
  Bound result 38004070121467882
  Bound result 40320215340840312
  Bound result 16425
  Bound result 12584
  Bound result 4999999000000008257
  Bound result 360026856464759293
  Bound result 1132440027355505219
  Bound result 3300942216960689
  Bound result 25
  Bound result 8163215433027529
  Bound result 4999999000223916508
  Bound result 4999999000000012944
  Bound result 185
  Bound result 7004
  Bound result 171241
  Bound result 19614629162616914
  Bound result 773093
  Bound result 84051
  Bound result 4999999000000002407
  Bound result 244000101017736240
  Bound result 10557
  Bound result 19571308756037042
  Bound result 4999999000000000026
  Bound result 4999999000000001703
  Bound result 20
  Bound result 9999999900009434
  Bound result 9999999900007677
  Bound result 13563651388450
  Bound result 9999999900014991
  Bound result 770286341992919305
  Bound result 27248182128471300
  Bound result 9999999900003222
  Bound result 2
  Bound result 6856700230057
  Bound result 1049767377560439520
  Bound result 10295457470603
  Bound result 37385716629038452
  Bound result 89723800726
  Bound result 8953524783150426
  Bound result 4999999000000004494
  Bound result 4999999000000020544
  Bound result 9999999900221894
  Bound result 10464
  Bound result 4999999000000010627
  Bound result 4999999000000003629
  Bound result 4999999000000005522
  Bound result 4999999000000002112
  Bound result 107461
  Bound result 657651
  Bound result 93342103709947283
  Bound result 1570
  Bound result 39619420596481154
  Bound result 1058905255
  Bound result 864
  Bound result 3010256989640725
  Bound result 222139217141460476
  Bound result 97436
  Bound result 4999999000000012405
  Bound result 253849692413350418
  Bound result 4611573200899414609
  Bound result 9999999900004526
  Bound result 4900008577698314662
  Bound result 1000000000000
  Bound result 35195
  Bound result 3
  Bound result 5660
  Bound result 4826
  Bound result 5482
  Bound result 705
  Bound result 1031
  Bound result 76931744583455709
  Bound result 16319509002
  Bound result 2293281818472739435
  Bound result 1000000000002
  Bound result 3206253901990218
  Bound result 17877
  Bound result 4006501111308481345
  Bound result 1000000000003
  Bound result 4999999000257372402
  Bound result 4604259276747370765
  Bound result 2874847360980838492
  Bound result 35760036164898853
  Bound result 95017762500749
  Bound result 7039
  Bound result 0
  Bound result 333201733
  Bound result 4999999000000012818
  Bound result 4999999000000002918
  Bound result 4563147722950905117
  Bound result 4999999000000000620
  Bound result 14391
  Bound result 17213
  Bound result 27638026387099934
  Bound result 51511794604982354
  Bound result 129264
  Bound result 4999999000000001538
  Bound result 810362937481214113
  Bound result 1771843048431976394
  Bound result 550342955
  Bound result 133414
  Bound result 34893
  Bound result 56624
  Bound result 0
  Bound result 9999999957323281
  Bound result 9999999900090002
  Bound result 4999999001313373043
  Bound result 4900008577598314664
  Bound result 76674718264652738
  Bound result 19614629162616914
  Bound result 4900008577698314662
  Bound result 1000000000001
  Bound result 806898635507740
  Bound result 1000000000001
  Bound result 94654002266746914
  Bound result 28595247463395132
  Bound result 459246844815930507
  Bound result 648
  Bound result 29743
  Bound result 22782367458
  Bound result 52135785013518
  Bound result 188726262
  Bound result 33599187349284590
  Bound result 9999999900002588
  Bound result 1514560194802184521
  Bound result 1609871065545786629
  Bound result 8858636651680003
  Bound result 1111419080287828
  Bound result 88701631653231127
  Bound result 4999999002076946027
  Bound result 4999999000000006807
  Bound result 1048834705830596
  Bound result 60121822
  Bound result 4999999000000016592
  Bound result 4999999000000000503
  Bound result 53088394539776007
  Bound result 9999999900011383
  Bound result 9290611701416698
  Bound result 3
  Bound result 9
  Bound result 5894832174789112
  Bound result 5732
  Bound result 4999999000000002017
  Bound result 4999999000000006377
  Bound result 2508
  Bound result 16410
  Bound result 9999999900000253
  Bound result 25
  Bound result 567550
  Bound result 160
  Bound result 9999999900022441
  Bound result 254789343134794
  Bound result 48412709475438801
  Bound result 288149634
  Bound result 2342
  Bound result 100000000
  Bound result 6169462655514702
  Bound result 200650771919017265
  Bound result 4900008577698314662
  Bound result 8294
  Bound result 163840
  Bound result 4999999001700000002
  Bound result 4999999000000008715
  Bound result 9999999900000599
  Bound result 4999999000000020110
  Bound result 4999999000000005690
  Bound result 100000000
  Bound result 42
  Bound result 6575
  Bound result 32675
  Bound result 7625466
  Bound result 53927318693916487
  Bound result 4242970872
  Bound result 46834991830
  Bound result 9999999900011476
  Bound result 224748000415
  Bound result 4999999000000000025
  Bound result 2594826628422154623
  Bound result 9932268497131339
  Bound result 5830
  Bound result 8709649864871
  Bound result 4999999000000051455
  Bound result 61359759946
  Bound result 2
  Bound result 4845624342262164909
  Bound result 4999999000000349537
  Bound result 1701158217
  Bound result 9999999900002702
  Bound result 40786
  Bound result 2
  Bound result 1
  Bound result 4999999000000017814
  Bound result 4999999000000017980
  Bound result 4999999002895532250
  Bound result 4999999000000006800
  Bound result 100000002
  Bound result 4999999000000020824
  Bound result 4999999000000010597
  Bound result 658982032950180780
  Bound result 599
  Bound result 1701003764
  Bound result 6909
  Bound result 99975
  Bound result 4
  Bound result 1709483302584149
  Bound result 4487179835682947661
  Bound result 4803597064036611341
  Bound result 4999999000000012262
  Bound result 4793113618432218683
  Bound result 2284495940356055371
  Bound result 4999999000000003794
  Bound result 9999999900026627
  Bound result 15883
  Bound result 4012472417915603554
  Bound result 4999999000000000014
  Bound result 95532062370584
  Bound result 4842255092728672048
  Bound result 86763
  Bound result 62561504133959570
  Bound result 40154873924488602
  Bound result 1595347713256641
  Bound result 4264337593543950332
  Bound result 586118292826603506
  Bound result 238247450887544
  Bound result 4999999000000013083

Suite result: ok. 3 passed; 0 failed; 0 skipped; finished in 554.81s (1055.91s CPU time)

Ran 2 tests for test/market-v2/StabilityV2Invariant.t.sol:StabilityV2InvariantTest
[PASS] invariantCompartmentAndFeeLiabilitiesEqualHeldAssets() (runs: 512, calls: 256000, reverts: 0)

╭--------------------+-----------------+-------+---------+----------╮
| Contract           | Selector        | Calls | Reverts | Discards |
+===================================================================+
| StabilityV2Handler | claim           | 32123 | 0       | 0        |
|--------------------+-----------------+-------+---------+----------|
| StabilityV2Handler | collect         | 31802 | 0       | 0        |
|--------------------+-----------------+-------+---------+----------|
| StabilityV2Handler | nextObservation | 32130 | 0       | 0        |
|--------------------+-----------------+-------+---------+----------|
| StabilityV2Handler | pause           | 31734 | 0       | 0        |
|--------------------+-----------------+-------+---------+----------|
| StabilityV2Handler | place           | 32001 | 0       | 0        |
|--------------------+-----------------+-------+---------+----------|
| StabilityV2Handler | recovery        | 32080 | 0       | 0        |
|--------------------+-----------------+-------+---------+----------|
| StabilityV2Handler | remove          | 32138 | 0       | 0        |
|--------------------+-----------------+-------+---------+----------|
| StabilityV2Handler | trade           | 31992 | 0       | 0        |
╰--------------------+-----------------+-------+---------+----------╯

Logs:
  Bound result 249999000000005816
  Bound result 229270081771904242
  Bound result 249999000832052855
  Bound result 182049276630032622
  Bound result 249999000000004683
  Bound result 249999000000002447
  Bound result 249999003093778989
  Bound result 249999000000003314
  Bound result 249999000002119730
  Bound result 249999000000000218
  Bound result 249999000000001091
  Bound result 151633181754157176
  Bound result 46442647408431
  Bound result 249999114061624534
  Bound result 249999000000020432
  Bound result 249999000000000007
  Bound result 195708297628899040
  Bound result 218299757655727287
  Bound result 32418709934810897
  Bound result 249999000000017719
  Bound result 1000000000002
  Bound result 84140569455099287
  Bound result 249999000000005281
  Bound result 249999000000048353
  Bound result 227635582959317331
  Bound result 249999008589934597
  Bound result 249999000000003516
  Bound result 249999000003987684
  Bound result 249999000000017297
  Bound result 249999000000000202
  Bound result 19630359604172751
  Bound result 249999000000000569
  Bound result 249999000000003710
  Bound result 249999212412312786
  Bound result 249999433640362967
  Bound result 55697238540997064
  Bound result 249999002908335328
  Bound result 249999013447759236
  Bound result 195878675899551677
  Bound result 249999000000002815
  Bound result 249999000107287318
  Bound result 51334739706379258
  Bound result 192305334807996572
  Bound result 14951068787874065
  Bound result 249999004606321867
  Bound result 182049276630032621
  Bound result 159483476725233042
  Bound result 109370083996837568
  Bound result 249999000000001695
  Bound result 108943118527125127
  Bound result 74863198586003934
  Bound result 182049276630032622
  Bound result 178246495707216468
  Bound result 249999000000000057
  Bound result 249999558465549844
  Bound result 33675693316632242
  Bound result 15000262428805915
  Bound result 174957571786528458
  Bound result 249999000000010482
  Bound result 249999000000000006
  Bound result 31179459703792186
  Bound result 249999000000011795
  Bound result 182049276630032620
  Bound result 249999000000012684
  Bound result 182049276630032622
  Bound result 2563416276283408
  Bound result 249999000000006357
  Bound result 44106294608943
  Bound result 249999000000009938
  Bound result 155552259158034470
  Bound result 232230227388113440
  Bound result 182049276630032623
  Bound result 249999000000169242
  Bound result 249999000000000789

[PASS] invariantOwnedLiquidityMatchesRealManagerPositions() (runs: 512, calls: 256000, reverts: 0)

╭--------------------+-----------------+-------+---------+----------╮
| Contract           | Selector        | Calls | Reverts | Discards |
+===================================================================+
| StabilityV2Handler | claim           | 32123 | 0       | 0        |
|--------------------+-----------------+-------+---------+----------|
| StabilityV2Handler | collect         | 31802 | 0       | 0        |
|--------------------+-----------------+-------+---------+----------|
| StabilityV2Handler | nextObservation | 32130 | 0       | 0        |
|--------------------+-----------------+-------+---------+----------|
| StabilityV2Handler | pause           | 31734 | 0       | 0        |
|--------------------+-----------------+-------+---------+----------|
| StabilityV2Handler | place           | 32001 | 0       | 0        |
|--------------------+-----------------+-------+---------+----------|
| StabilityV2Handler | recovery        | 32080 | 0       | 0        |
|--------------------+-----------------+-------+---------+----------|
| StabilityV2Handler | remove          | 32138 | 0       | 0        |
|--------------------+-----------------+-------+---------+----------|
| StabilityV2Handler | trade           | 31992 | 0       | 0        |
╰--------------------+-----------------+-------+---------+----------╯

Logs:
  Bound result 249999000000006667
  Bound result 229270081771904242
  Bound result 249999000146170738
  Bound result 182049276630032622
  Bound result 249999000000004632
  Bound result 249999000000007739
  Bound result 249999000000010044
  Bound result 249999000000003313
  Bound result 249999000002119730
  Bound result 249999000000000218
  Bound result 249999000000003086
  Bound result 249999000000004344
  Bound result 46442647408431
  Bound result 249999114061624534
  Bound result 249999000000019565
  Bound result 249999000000000007
  Bound result 195708297628899040
  Bound result 218299757655727287
  Bound result 249999000000000253
  Bound result 249999000000017766
  Bound result 1000000000002
  Bound result 84140569455099287
  Bound result 249999000000005282
  Bound result 249999000000048353
  Bound result 227635582959317331
  Bound result 171323826566527
  Bound result 249999000000003516
  Bound result 249999000003987684
  Bound result 249999000000017399
  Bound result 249999000000000202
  Bound result 19630359604172751
  Bound result 249999000000017321
  Bound result 249999000000004319
  Bound result 249999212412312786
  Bound result 249999433640362967
  Bound result 55697238540997064
  Bound result 249999004174903185
  Bound result 249999013447759236
  Bound result 195878675899551677
  Bound result 249999000000002815
  Bound result 249999000107287318
  Bound result 51334739706379258
  Bound result 192305334807996572
  Bound result 60696264765126
  Bound result 249999004606321867
  Bound result 182049276630032621
  Bound result 114639665831381595
  Bound result 109370083996837568
  Bound result 249999000000001695
  Bound result 108943118527125127
  Bound result 74863198586003934
  Bound result 182049276630032622
  Bound result 178246495707216468
  Bound result 249999000000000057
  Bound result 249999558465549844
  Bound result 33675693316632242
  Bound result 1000000000000
  Bound result 174957571786528458
  Bound result 249999000000008633
  Bound result 249999000000000006
  Bound result 31179459703792186
  Bound result 1095216660479
  Bound result 182049276630032620
  Bound result 249999000000013158
  Bound result 182049276630032622
  Bound result 2563416276283408
  Bound result 249999000000006387
  Bound result 44106294608943
  Bound result 249999000000005089
  Bound result 155552259158034470
  Bound result 232230227388113440
  Bound result 182049276630032623
  Bound result 249999000000169242
  Bound result 249999000000000864

Suite result: ok. 2 passed; 0 failed; 0 skipped; finished in 556.47s (821.65s CPU time)

Ran 1 test for test/CharacterLaunchAudit.t.sol:CharacterLaunchNftInvariantTest
[PASS] invariant_nftOwnershipNoncesSupplyAndDailyAccountingMatchModel() (runs: 512, calls: 256000, reverts: 0)

╭--------------------------+--------------+-------+---------+----------╮
| Contract                 | Selector     | Calls | Reverts | Discards |
+======================================================================+
| CharacterAuditNftHandler | changeCap    | 42687 | 0       | 0        |
|--------------------------+--------------+-------+---------+----------|
| CharacterAuditNftHandler | changeTime   | 42747 | 0       | 0        |
|--------------------------+--------------+-------+---------+----------|
| CharacterAuditNftHandler | claim        | 42851 | 0       | 0        |
|--------------------------+--------------+-------+---------+----------|
| CharacterAuditNftHandler | rotateSigner | 42705 | 0       | 0        |
|--------------------------+--------------+-------+---------+----------|
| CharacterAuditNftHandler | togglePause  | 42598 | 0       | 0        |
|--------------------------+--------------+-------+---------+----------|
| CharacterAuditNftHandler | transfer     | 42412 | 0       | 0        |
╰--------------------------+--------------+-------+---------+----------╯

Logs:
  Bound result 73428
  Bound result 153182
  Bound result 2
  Bound result 3
  Bound result 171241
  Bound result 26381
  Bound result 6577
  Bound result 109152
  Bound result 9
  Bound result 4603
  Bound result 18436
  Bound result 7
  Bound result 920
  Bound result 1664
  Bound result 887
  Bound result 105084
  Bound result 0
  Bound result 25
  Bound result 139967
  Bound result 132930
  Bound result 0
  Bound result 48245
  Bound result 155593
  Bound result 88228
  Bound result 1144
  Bound result 4487
  Bound result 28672
  Bound result 6
  Bound result 8
  Bound result 3
  Bound result 2
  Bound result 3628
  Bound result 1034
  Bound result 109407
  Bound result 86397
  Bound result 0
  Bound result 112778
  Bound result 29
  Bound result 65249
  Bound result 948
  Bound result 28261
  Bound result 5001
  Bound result 64344
  Bound result 24
  Bound result 19396
  Bound result 501
  Bound result 69593
  Bound result 29645
  Bound result 9090
  Bound result 130
  Bound result 110672
  Bound result 24577
  Bound result 14
  Bound result 3
  Bound result 44
  Bound result 95
  Bound result 38912
  Bound result 48864
  Bound result 144460
  Bound result 4145
  Bound result 98429
  Bound result 114995
  Bound result 3600
  Bound result 2818
  Bound result 1252
  Bound result 48012
  Bound result 51906
  Bound result 865
  Bound result 4
  Bound result 2525
  Bound result 8313
  Bound result 8
  Bound result 29485
  Bound result 333
  Bound result 519
  Bound result 13
  Bound result 2703
  Bound result 351
  Bound result 113024
  Bound result 30755
  Bound result 60728
  Bound result 0
  Bound result 4078

Suite result: ok. 1 passed; 0 failed; 0 skipped; finished in 859.49s (859.49s CPU time)

Ran 63 tests for test/AcquisitionConstellationCrosswalk.t.sol:AcquisitionConstellationCrosswalkTest
[PASS] test_combinedCategoryAwareCollisionUniverse() (gas: 10450507)
[PASS] test_frozenCountsAndLimits() (gas: 231059)
[PASS] test_initcodeLimitBoundary() (gas: 3632)
[PASS] test_literalErrorCensus_uniqueAndOwned() (gas: 2879707)
[PASS] test_literalEventCensus_uniqueAndOwned() (gas: 220807)
[PASS] test_literalFunctionCensus_uniqueAndOwned() (gas: 4323624)
[PASS] test_mutation01_missingSelector_rejected() (gas: 264824)
[PASS] test_mutation02_duplicateAssignment_rejected() (gas: 288632)
[PASS] test_mutation03_unknownSelector_rejected() (gas: 289251)
[PASS] test_mutation04_bytes4Collision_rejected() (gas: 266473)
[PASS] test_mutation05_duplicateCustomError_rejected() (gas: 1182067)
[PASS] test_mutation06_duplicateEventTopic_rejected() (gas: 1750613)
[PASS] test_mutation07_hiddenPayable_rejected() (gas: 289367)
[PASS] test_mutation08_payableConstructor_rejected() (gas: 1150490)
[PASS] test_mutation09_receive_rejected() (gas: 265657)
[PASS] test_mutation10_fallback_rejected() (gas: 265960)
[PASS] test_mutation11_operatorRoleCopy_rejected() (gas: 1851903)
[PASS] test_mutation12_ownerAliasCopy_rejected() (gas: 1844488)
[PASS] test_mutation13_accountingMirror_rejected() (gas: 1860257)
[PASS] test_mutation14_unapprovedCall_rejected() (gas: 1911565)
[PASS] test_mutation15_delegatecall_rejected() (gas: 1909594)
[PASS] test_mutation16_executableForbiddenOpcode_rejected() (gas: 1938903)
[PASS] test_mutation17_truncatedPush_rejected() (gas: 1937356)
[PASS] test_mutation18_arbitraryTargetCalldata_rejected() (gas: 1911768)
[PASS] test_mutation19_runtimeOversize_rejected() (gas: 1938481)
[PASS] test_mutation20_initcodeOversize_rejected() (gas: 1938500)
[PASS] test_mutation21_futureSelectorEarly_rejected() (gas: 289650)
[PASS] test_mutation22_factoryBusinessSelector_rejected() (gas: 1149805)
[PASS] test_mutation23_nonzeroCreateValue_rejected() (gas: 1938456)
[PASS] test_mutation24_blockContextImmutable_rejected() (gas: 1938779)
[PASS] test_mutation25_unboundProxyDependency_rejected() (gas: 1945329)
[PASS] test_mutation26_sameOwnerFunctionRowSwap_rejected() (gas: 289159)
[PASS] test_mutation27_storageRangeBoundary_rejected() (gas: 1859639)
[PASS] test_mutation28_storageRowSwap_rejected() (gas: 1860709)
[PASS] test_mutation29_topologyGasCap_rejected() (gas: 1916365)
[PASS] test_mutation30_finalizerReturnPolicy_rejected() (gas: 1926260)
[PASS] test_mutation31_finalizerPostReserve_rejected() (gas: 1926650)
[PASS] test_mutation32_createValuePolicy_rejected() (gas: 1935831)
[PASS] test_mutation33_dependencyOrder_rejected() (gas: 1944557)
[PASS] test_mutation34_nonGuardRepeatedInheritedError_rejected() (gas: 4910)
[PASS] test_mutation35_sameOwnerTopologyRowSwap_rejected() (gas: 210276)
[PASS] test_mutation36_topologyOwner_rejected() (gas: 201861)
[PASS] test_mutation37_futureCategory_rejected() (gas: 20020)
[PASS] test_mutation38_pauseSemanticKind_rejected() (gas: 1851215)
[PASS] test_mutation39_ingressSemanticKind_rejected() (gas: 1873710)
[PASS] test_pushAwareScanner_detectsRealForbiddenOpcode() (gas: 4707)
[PASS] test_pushAwareScanner_skipsOpcodeBytesInPushData() (gas: 5525)
[PASS] test_pushAwareScanner_truncatedPushFailsClosed() (gas: 3640)
[PASS] test_runtimeLimitBoundary() (gas: 3612)
[PASS] test_storageOwnershipManifest() (gas: 1951665)
[PASS] test_task1Green_exactSixFinalArtifactsArePresent() (gas: 60040)
[PASS] test_task4_abiKindClassificationFailsClosed() (gas: 18118)
[PASS] test_task4_budgetRowsTransitionedFromHistoricalFutureToCompiledOwnership() (gas: 4979797)
[PASS] test_task4_eventTopicCollisionMutationRejected() (gas: 4529)
[PASS] test_task4_frozenAggregateConstantsRemainHistorical() (gas: 5943)
[PASS] test_task4_guardOwnershipMutationRejected() (gas: 5597)
[PASS] test_task5_exactAggregateAndCollisionUniverse() (gas: 178035565)
[PASS] test_task5_exactDescriptorPartitionAcceptsSetReordering() (gas: 69830043)
[PASS] test_task5_newV2MutationProofsRejectIdCategoryOwnerDescriptorAndCardinality() (gas: 46124)
[PASS] test_task5_newV2RowsExactTransitionOwnerCategoryAndCardinality() (gas: 767563)
[PASS] test_task5_nonIntentArtifactsHaveExactFrozenDescriptorPartitions() (gas: 298824717)
[PASS] test_task5_sameKindSameCountDescriptorSubstitutionRejectedByExactPartition() (gas: 8133107)
[PASS] test_validManifest_isAccepted() (gas: 1951267)
Suite result: ok. 63 passed; 0 failed; 0 skipped; finished in 876.58s (45.48s CPU time)

Ran 1 test for test/StockTokenRegistryV2Invariant.t.sol:StockTokenRegistryV2InvariantTest
[PASS] invariant_reverseHeadsHistoryCatalogAndBallotsRemainHonest() (runs: 512, calls: 256000, reverts: 0)

╭-----------------------------+------------+-------+---------+----------╮
| Contract                    | Selector   | Calls | Reverts | Discards |
+=======================================================================+
| StockTokenRegistryV2Handler | activate   | 64152 | 0       | 0        |
|-----------------------------+------------+-------+---------+----------|
| StockTokenRegistryV2Handler | deactivate | 63693 | 0       | 0        |
|-----------------------------+------------+-------+---------+----------|
| StockTokenRegistryV2Handler | publish    | 64213 | 0       | 0        |
|-----------------------------+------------+-------+---------+----------|
| StockTokenRegistryV2Handler | reactivate | 63942 | 0       | 0        |
╰-----------------------------+------------+-------+---------+----------╯

Suite result: ok. 1 passed; 0 failed; 0 skipped; finished in 1908.06s (1908.05s CPU time)

Ran 82 test suites in 1924.00s (9122.63s CPU time): 1247 tests passed, 0 failed, 0 skipped (1247 total tests)
